Time,Fs_L1,Fs_R1,Fs_L2,Fs_R2,Roll,Pitch,Yaw,Xo,Yo,Vz_SM,Az_SM,Ay_SM,Vx,Jnc_L1,Jnc_L2,Jnc_R1,Jnc_R2,JncR_L1,JncR_L2,JncR_R1,JncR_R2,Zgnd_L1,Zgnd_L2,Zgnd_R1,Zgnd_R2
            0, 0.00430131983012, 3118.51464844, 7654.67529297, 7654.67529297, 0.252120494843,             0,             0,             0,             0,            50, 6.7648517188e-07,             0,             0,             0,             0,             0,             0, 3118.51464844,             0,             0,             0,             0,             0,             0,             0
        0.025, 0.00365701783448, 3118.13574219,   7652.484375, 7653.44189453, 0.251943081617, 0.00508875725791, 0.347195476294, 0.00369589659385, -4.86144153911e-06,  49.991065979, -3.53559480573e-05, 0.0250000003725, 6.73912509228e-05, 0.445723623037, -0.0229893568903, -0.00885918550193, -0.0129385413602,  3118.6953125, -1.67835867405, -0.63375467062, -0.674630701542, 7.43357759347e-07, -5.55111512313e-17,             0, 5.55111512313e-17
         0.05, 0.00228493800387, 3117.33911133, 7647.97558594, 7651.49560547, 0.25151386857, 0.0146251730621, 0.694324553013, 0.00641484512016, -2.03889685508e-05, 49.9804229736, -0.000143347395351, 0.0500000007451, 0.000498512235936, 0.225028768182, -0.070324473083, -0.0273247417063, -0.0333655625582, 3119.02172852, -2.0877661705, -0.820733368397, -1.11968421936, 5.59803129363e-06, -5.55111512313e-17,             0,             0
        0.075, 0.000291834207019, 3116.29223633, 7642.62255859, 7648.06982422, 0.250899255276, 0.0150378458202, 1.04137682915, 0.00754563091323, -5.02254188177e-05, 49.9682350159, -0.000265807349933, 0.0750000029802, 0.00152139179409, -0.173916220665, -0.12658290565, -0.0499752126634, -0.0693348646164, 3118.89892578, -2.39692473412, -1.00505781174, -1.70432460308, 1.67146372405e-05,             0,             0,             0
          0.1, -0.00123801513109, 3114.95361328, 7636.69921875, 7643.75537109, 0.250240951777, 0.00756926089525, 1.38833880424, 0.00707157282159, -0.000104527105577, 49.9542312622, -0.000281409331365, 0.10000000149, 0.00294145336375, -0.390621423721, -0.18890760839, -0.0778871402144, -0.114672064781, 3118.37744141, -2.54586529732, -1.21990168095, -1.83751225471, 3.07472764689e-05, -5.55111512313e-17,             0,             0
        0.125, -0.00194568396546,    3113.40625, 7630.81591797, 7639.66796875, 0.249736085534, -0.00350901787169, 1.73519551754, 0.00560667784885, -0.000188336518477, 49.9384155273, -0.000179072187166,         0.125, 0.00424257246777, -0.490790396929, -0.250878155231, -0.109851546586, -0.157663598657, 3117.66333008, -2.33959746361, -1.30452024937, -1.54958987236, 4.10162720073e-05,             0, 5.55111512313e-17,             0
         0.15, -0.00199047476053, 3111.86083984, 7625.92919922, 7636.53857422, 0.249558538198, -0.017291745171, 2.08193278313, 0.00383289996535, -0.000296444573905, 49.9209709167, -3.34209944413e-05, 0.15000000596, 0.00502593582496, -0.624628782272, -0.302407562733, -0.141455754638, -0.190599054098, 3116.82641602, -1.72308409214, -1.1952586174, -1.07164597511, 4.32038286817e-05, 5.55111512313e-17,             0,             0
        0.175, -0.00170602428261, 3110.49121094, 7622.83105469, 7634.58691406, 0.249781891704, -0.0353041514754, 2.42853927612, 0.00218831864186, -0.000416383787524, 49.9022254944, 7.84931908129e-05, 0.17499999702, 0.00522465351969, -0.822365164757, -0.335098296404, -0.168711185455, -0.211146444082,  3115.8215332, -0.876610279083, -0.978000640869, -0.577879607677, 3.75783856725e-05,             0,             0, -5.55111512313e-17
          0.2, -0.00132788531482, 3109.34643555, 7621.74169922, 7633.74902344, 0.250349193811, -0.0582842901349,  2.7750082016, 0.000847099814564, -0.000534908671398, 49.8825874329, 0.000128442508867, 0.20000000298, 0.00500918226317, -1.00480604172, -0.346601158381, -0.190447181463, -0.219975247979, 3114.62231445, -0.0705995708704, -0.768846511841, -0.141079217196, 2.72271754511e-05,             0,             0,             0
        0.225, -0.000929293513764, 3108.39160156, 7622.31884766, 7633.84667969, 0.251105815172, -0.0846506133676, 3.12133693695, -0.000150462728925, -0.000642473751213, 49.8624954224, 0.000128181272885, 0.22499999404, 0.00459266919643, -1.08171153069, -0.340583890676, -0.207620367408, -0.21895980835, 3113.29614258, 0.504817724228, -0.613318145275, 0.203874006867, 1.53378277901e-05,             0,             0, 5.55111512313e-17
         0.25, -0.0005043540732, 3107.59448242, 7623.93457031, 7634.62255859, 0.25187087059, -0.111183479428, 3.46752548218, -0.000785275886301, -0.000734357978217, 49.8423805237, 0.000101732344774,          0.25, 0.00411846255884,   -1.01783216, -0.323737233877, -0.22135707736, -0.210852652788, 3111.98510742, 0.797126173973, -0.486865580082, 0.420140892267, 3.82035295843e-06, -5.55111512313e-17,             0,             0
        0.275, -6.73724935041e-05, 3106.96459961, 7625.94873047, 7635.73388672, 0.252501577139, -0.134565740824, 3.81357693672, -0.00103659834713, -0.000809749937616, 49.8226242065, 6.67303611408e-05, 0.27500000596, 0.00365636264905, -0.837326407433, -0.302729487419, -0.231889471412, -0.199241429567, 3110.84057617, 0.849016368389, -0.352661281824, 0.482369959354, -6.58454700897e-06,             0,             0,             0
          0.3, 0.000316015328281, 3106.53271484, 7627.86914062, 7636.81347656, 0.252919584513, -0.152531325817, 4.15949583054, -0.000919761892874, -0.000870249175932, 49.8035545349, 3.01057370962e-05, 0.300000011921, 0.00324200605974, -0.594269454479, -0.282691419125, -0.238855347037, -0.187955886126,    3109.96875, 0.731218993664, -0.203188300133, 0.398519963026, -1.56736405188e-05,             0,             0,             0
        0.325, 0.00056770676747, 3106.31201172, 7629.36669922,  7637.5546875, 0.253098905087, -0.164204403758, 4.50528860092, -0.000517871172633, -0.000918890058529,   49.78540802, -4.95888480145e-06, 0.324999988079, 0.00290136737749, -0.340754330158, -0.267060369253, -0.242082059383, -0.180207356811, 3109.41088867, 0.505408227444, -0.0584539063275, 0.207563892007, -2.34057388298e-05,             0,             0,             0
         0.35, 0.000638844154309, 3106.28271484,  7630.2421875, 7637.76025391, 0.253038585186, -0.169791132212, 4.85096120834, 3.2082607504e-05, -0.000959351658821, 49.7683410645, -3.08184826281e-05, 0.34999999404, 0.00265128165483, -0.153173685074, -0.257922142744, -0.241968989372, -0.178059890866, 3109.15429688, 0.220787256956, 0.104656323791, -0.0434610284865, -2.985375977e-05,             0,             0,             0
        0.375, 0.00202696886845, 3106.49853516,    7630.40625, 7637.33886719, 0.252743989229, -0.171604454517, 5.19652223587, 0.000612510659266, -0.000994174857624, 49.7524452209, -0.00123004312627,         0.375, 0.00248860055581, 5.44272327423, -0.256213158369, -0.237254321575, -0.182493016124, 3109.10620117, -0.326836138964, -5.35826635361, -0.0669578462839, -3.52940114681e-05,             0,             0, -5.55111512313e-17
          0.4, -0.00539898872375, 3090.99536133, 7626.68505859, 7639.18115234, 0.251507103443, 0.575532793999, 5.54198646545, -0.00510733481497, -0.00137230579276, 49.7375526428, -0.16369690001, 0.40000000596, 0.00391905661672, -87.6895523071, -0.29603895545, -0.685772418976, -0.163768365979, 3141.39306641, 10.6570072174,  123.76234436, -11.4150304794, -2.3840848371e-05,             0, 5.55111512313e-17,             0
        0.425, -0.080716021359, 3131.85888672, 7627.55273438, 7634.71923828, 0.245582610369, 0.88017642498, 5.88740062714, -0.0199920255691, -0.00123235560022, 49.7237205505, -0.156659856439, 0.425000011921, 0.002972132992, -305.848907471, -0.289624392986, 0.206037968397, -0.212508365512, 3157.83642578, 25.5566692352, 351.481323242, -24.8370056152, -3.81506033591e-05,             0,             0,             0
         0.45, -0.0806196406484, 3173.68457031, 7627.95654297, 7628.60595703, 0.232369720936, 1.07391548157, 6.23280858994, -0.044171076268, -0.00109826936387, 49.7110443115, 0.24503557384, 0.449999988079, 0.00264636729844, -518.175354004, -0.288094967604, 1.15855312347, -0.278707295656,  3168.5534668, 17.7931652069, 583.748718262, -19.4321460724, -4.53954271507e-05, -5.55111512313e-17,             0,             0
        0.475, 0.0658322125673, 3228.93554688, 7624.42236328, 7623.71679688, 0.212221547961, 1.05036866665, 6.57821130753, -0.0620357990265, -0.000919529120438, 49.6992340088, 0.200741007924, 0.47499999404, 0.00368931074627,  140.00579834, -0.327953934669, 2.44551825523, -0.332161098719, 3171.48535156, -23.2465877533, -38.8572463989, 16.3248767853, -3.8100661186e-05, -5.55111512313e-17,             0, 5.55111512313e-17
          0.5, -0.0841852203012, 3233.40185547, 7613.58886719, 7625.49121094, 0.191284403205, 2.36049032211, 6.92354393005, -0.0485378280282, -0.00159335136414, 49.6883773804, 0.183409661055,           0.5, 0.00956351961941, 376.049041748, -0.44485989213, 2.45544743538, -0.315785974264, 3227.86523438, -34.7378425598, -341.241668701, 27.5117015839, 1.79813087016e-05,             0, 5.55111512313e-17, -5.55111512313e-17
        0.525, -0.0948505103588, 3245.69287109, 7602.75683594, 7630.39501953, 0.174739032984, 3.72526454926, 7.26875209808, -0.0407625958323, -0.00238738348708, 49.6783294678, -0.263474166393, 0.524999976158, 0.0167818721384, 586.322937012, -0.562149405479, 2.62924599648, -0.266195595264, 3286.81884766, -21.6523532867, -522.980651855, 18.9856319427, 8.30462377053e-05,             0,             0, 5.55111512313e-17
         0.55, -0.0793382078409, 3275.27758789, 7596.76269531, 7636.13720703, 0.164426028728, 4.47254705429, 7.61382007599, -0.0295202154666, -0.00300865573809, 49.6687545776, -0.258616745472, 0.550000011921, 0.0230703484267, 579.451965332, -0.628606021404, 3.26469779015, -0.20694001019,  3320.5534668, -20.1663532257, -513.488830566, 20.5239830017, 0.000130061933305,             0,             0,             0
        0.575, -0.0644586607814, 3277.50952148, 7591.51074219, 7645.94384766, 0.157997459173,  5.7515873909, 7.95877838135, -0.00162046344485, -0.00404948787764, 49.6592063904, -0.243609890342, 0.574999988079, 0.0299586839974, 57.6314201355, -0.687490642071, 3.21019816399, -0.103982947767, 3374.66918945,  16.159160614, -145.849563599, -7.74264669418, 0.000174204367795, 5.55111512313e-17,             0,             0
          0.6, -0.0621394999325, 3285.75317383, 7591.98925781, 7653.12304688, 0.154621258378, 5.86211395264,  8.3036403656, -0.00768234906718, -0.00484252627939,   49.65026474, -0.189664110541, 0.600000023842, 0.0351430997252, -338.15020752, -0.686049342155, 3.40538406372, -0.0274742096663,          3378, 30.7512931824, 303.248504639, -22.8930397034, 0.00019277035608,             0,             0,             0
        0.625, -0.182654753327, 3316.09399414, 7592.97021484, 7658.42431641, 0.151021659374,  5.5181517601,  8.6484413147, -0.00671738898382, -0.00550036458299, 49.6412506104, 0.127110883594,         0.625, 0.039657022804, -551.092651367, -0.679018974304, 4.12700557709, 0.0302578248084, 3364.75097656, 18.4846153259, 525.201293945, -16.3969345093, 0.000197476780158,             0,             0,             0
         0.65, 0.0130852218717, 3350.86669922, 7591.28417969, 7663.69335938, 0.148351252079, 4.75184774399, 8.99317359924, -0.00991578865796, -0.00604347232729, 49.6330490112, 0.189988225698, 0.649999976158, 0.0424596741796, 133.918670654, -0.69967931509, 4.99700593948, 0.0882241874933, 3334.20019531, -23.725944519, -113.524925232, 21.2369174957, 0.000175886700163, 5.55111512313e-17,             0,             0
        0.675, -0.0413737110794, 3335.13525391, 7584.27294922, 7672.27490234, 0.146287575364,  5.4937415123, 9.33784294128, -0.00359508092515, -0.00734930532053, 49.6254119873, 0.171279892325, 0.675000011921, 0.0465971753001, 355.584259033, -0.776163458824, 4.56916952133, 0.18130223453, 3365.11914062, -33.1693878174, -349.779571533, 29.7324371338, 0.000161732212291, 5.55111512313e-17,             0,             0
          0.7, 0.105207063258, 3318.03564453, 7578.77978516, 7678.33349609, 0.145736709237, 6.02796602249,  9.6824464798, -0.00807106960565, -0.00863457284868, 49.6188011169, -0.220159947872, 0.699999988079, 0.0496799945831, 586.472290039, -0.836502254009,  4.1294798851, 0.247848883271, 3386.50732422, -21.4621124268, -532.897338867, 20.5879173279, 0.000133336114231,             0,             0,             0
        0.725, -0.0924955233932, 3306.37646484, 7576.38671875, 7681.16650391, 0.145465120673, 6.51894617081, 10.0270023346, 0.0192811526358, -0.00988473184407, 49.6130485535, -0.251432985067, 0.725000023842, 0.0523829385638, 185.899871826, -0.863995492458, 3.81838798523, 0.280343651772, 3406.26879883, 5.88684606552, -312.312316895, -1.06012618542, 9.99088661047e-05,             0, -5.55111512313e-17,             0
         0.75, -0.0649546608329, 3302.48095703, 7574.85546875, 7682.04296875, 0.144870817661, 6.84358739853, 10.3715267181, 0.0129011981189, -0.0109885912389, 49.6080856323, -0.2239343822,          0.75, 0.0537010841072, -14.9575834274, -0.881991565228, 3.69788861275, 0.291754871607, 3420.56005859, 18.7593078613, -70.0491409302, -14.1312513351, 4.98329645779e-05,             0,             0,             0
        0.775, -0.0606285594404, 3313.05737305, 7577.70605469,  7677.5859375, 0.144385442138, 6.35929632187, 10.7160205841, -0.005470325239, -0.0116949966177, 49.6041755676, -0.182959571481, 0.774999976158, 0.0518678724766, -367.380615234, -0.85407435894, 3.97396612167, 0.247123047709, 3399.49365234, 32.1222915649, 401.803131104, -29.3732337952, -3.55874617526e-05, 5.55111512313e-17,             0, -5.55111512313e-17
          0.8, -0.0268456097692, 3313.90917969, 7576.77832031, 7674.99560547, 0.143066883087,  6.3967256546, 11.0604982376, -0.00519754830748, -0.0125832622871, 49.6010360718, -0.177516281605, 0.800000011921, 0.0510188005865, -367.411102295, -0.865396261215, 3.98372340202, 0.221346735954, 3401.30908203, 31.6613483429, 406.086547852, -29.585401535, -0.000109271102701, 5.55111512313e-17,             0,             0
        0.825, -0.067588545382, 3327.28051758, 7578.55908203, 7669.52734375, 0.14208856225, 6.06109666824, 11.4049539566, 0.00403168378398, -0.0132484808564, 49.5989494324, 0.169613435864, 0.824999988079, 0.0499556027353, -563.402282715, -0.848250687122,  4.3318772316, 0.164846003056, 3387.31420898, 19.6811676025,  544.22467041, -21.109380722, -0.000183595198905,             0,             0,             0
         0.85, 0.0137182734907, 3353.15527344, 7578.16650391, 7665.20458984, 0.141365453601,  5.4104642868, 11.7493934631, 0.00492301722988, -0.0137001331896, 49.5974769592, 0.222488954663, 0.850000023842, 0.0488468669355, -71.4199905396, -0.853788793087,  4.9865026474, 0.119842156768, 3361.72167969, -16.020778656, 56.9062690735,  10.463514328, -0.000258646003203, 5.55111512313e-17,             0, 5.55111512313e-17
        0.875, -0.0375650934875, 3353.02099609, 7573.98876953, 7664.49902344, 0.140981301665, 5.45945596695, 12.0938215256, -0.00672040646896, -0.0144424727187, 49.5966072083, 0.181985035539,         0.875, 0.0489365905523, 297.600463867, -0.899003505707, 4.96990203857, 0.112423807383, 3364.09399414,  -30.56391716, -224.582214355, 24.0077571869, -0.000323308049701,             0, -5.55111512313e-17,             0
          0.9, -0.0796820819378, 3344.93530273, 7571.16601562, 7663.58349609,  0.1408482939, 5.65079498291,  12.438243866, 0.00734017789364, -0.0152163272724, 49.5966186523, 0.176257282495, 0.899999976158, 0.0487928949296, 316.702819824, -0.929944097996, 4.78416585922, 0.102555431426, 3371.62451172, -31.8355617523, -345.133148193, 26.3536376953, -0.00039292202564,             0,             0,             0
        0.925, -0.0637629553676, 3321.77124023, 7565.67626953, 7664.62060547,  0.1399987638, 6.26758527756, 12.7826738358, -0.000757006113417, -0.0162042453885,  49.596862793, -0.251000702381, 0.925000011921, 0.049743540585, 564.404968262, -0.988960921764, 4.20153188705, 0.112897798419, 3396.44116211, -19.4575138092, -555.374328613, 16.2075004578, -0.000452629145002, -5.55111512313e-17,             0,             0
         0.95, -0.00154677091632, 3295.68017578, 7562.74755859, 7663.53808594, 0.138638496399,  6.8941693306, 13.1271152496, -0.00662878341973, -0.0172112677246, 49.5977592468, -0.195576995611, 0.949999988079, 0.0518921874464, -120.426841736, -1.02098822594,  3.5386235714, 0.100839674473, 3421.27490234, 21.5508556366, 159.394760132, -20.4976005554, -0.000500624009874,             0,             0,             0
        0.975, -0.0680453330278,  3306.9140625, 7564.32861328, 7659.24755859, 0.137570559978,  6.6118812561, 13.4715604782, 0.00663474109024, -0.0176491569728, 49.5992431641, -0.185812681913, 0.975000023842, 0.051848359406, -357.204437256, -1.00576841831, 3.83117961884, 0.0549798458815, 3409.88916016,  30.459646225, 310.974243164, -27.0436534882, -0.000575888145249,             0, -5.55111512313e-17, 5.55111512313e-17
            1, -0.068041741848, 3338.48754883, 7566.62402344, 7654.11523438, 0.137167021632, 5.90289402008, 13.8160095215, -0.00294735096395, -0.0177765320987,  49.600769043, 0.25160753727,             1, 0.0498277842999, -593.283752441, -0.983045518398, 4.60052680969, 0.000248616997851, 3381.58056641, 18.4772548676, 624.244995117, -18.6457881927, -0.000677378207911,             0,             0,             0
        1.025, 0.0164759233594, 3355.54492188, 7566.67480469,    7651.96875, 0.137356236577, 5.47699975967, 14.1604642868, 0.00424609566107, -0.0180205088109, 49.6029472351, 0.222738534212, 1.02499997616, 0.0477569922805, -70.8684539795, -0.983756005764,   5.035343647, -0.0231304205954, 3364.75341797, -15.332025528,  62.444683075, 10.5354890823, -0.000783218478318,             0,             0,             0
         1.05, 0.0379716493189, 3365.37475586, 7566.08203125, 7650.37744141, 0.137635141611, 5.22386455536, 14.5049343109, -0.00776028959081, -0.0183518659323, 49.6053543091, 0.197509512305, 1.04999995232, 0.046449072659, 143.987869263, -0.990991055965, 5.27921152115, -0.0406687520444, 3354.74853516, -24.7171211243, -75.4491882324, 19.3415298462, -0.000882369058672,             0,             0,             0
        1.075, -0.073743827641,  3349.5546875, 7562.81982422, 7651.89501953, 0.137089475989, 5.76078271866, 14.8494310379, -0.00217009685002, -0.0190805885941, 49.6080245972, 0.176992505789, 1.07500004768, 0.0473795160651, 361.622711182, -1.02605330944, 4.87790584564, -0.0257447510958, 3377.43261719, -31.8678188324, -341.414794922, 26.9995937347, -0.000959137978498,             0,             0,             0
          1.1, 0.103687807918, 3325.55981445,  7558.9296875, 7653.74755859, 0.136521160603,  6.2223982811, 15.1939496994, -0.00682427315041, -0.0198350660503, 49.6111106873, -0.220381617546, 1.10000002384, 0.0488403365016, 599.524414062, -1.06759476662,  4.2953619957, -0.00730278901756, 3395.32299805, -19.0701675415, -557.468566895,  16.687078476, -0.0010327140335,             0,             0,             0
        1.125, -0.0991770923138, 3312.13305664, 7557.15722656, 7653.80273438, 0.135503903031, 6.63510990143, 15.5384941101, 0.0167823564261, -0.0205208063126, 49.6145553589, -0.253949314356,         1.125, 0.050408732146, 227.063400269, -1.08686959743, 3.94452404976, -0.00761371478438, 3411.48852539, 4.22973155975, -348.600311279, -0.427737891674, -0.00110808387399, 5.55111512313e-17,             0,             0
         1.15, -0.0414092801511, 3305.45288086, 7555.33203125, 7653.99414062, 0.134551182389, 6.94566202164, 15.8830633163, 0.00761056831107, -0.0211325529963,  49.618434906, -0.211233720183, 1.14999997616, 0.0516902394593, -53.0138130188, -1.10669648647,   3.759516716, -0.00633528223261, 3424.46459961, 17.5784721375, -5.91276502609, -13.6716661453, -0.00119073723909,             0,             0,             0
        1.175, 0.0263884719461, 3321.70385742, 7557.78857422, 7650.57763672, 0.13377392292, 6.58877944946, 16.2276611328, -0.00801504589617, -0.0214158575982, 49.6229705811, -0.1664686203, 1.17499995232, 0.0512985065579, -367.74987793, -1.08178448677, 4.15065860748, -0.0428551286459, 3409.86914062, 32.1630516052, 412.990142822, -28.7457370758, -0.00129577354528,             0,             0,             0
          1.2, -0.069894567132, 3340.29638672, 7559.98486328, 7647.71289062, 0.133263230324, 6.02716255188, 16.5722904205, -0.00367269269191, -0.0216212179512, 49.6285018921, 0.250634670258, 1.20000004768, 0.0506357289851, -592.256652832, -1.05960023403, 4.63289642334, -0.0734668448567, 3386.72436523, 18.5519142151, 613.835144043, -18.0236949921, -0.00140774960164,             0, -5.55111512313e-17, -5.55111512313e-17
        1.225, 0.0581344850361, 3371.78955078, 7560.21777344, 7646.06591797, 0.132750228047, 5.34687995911, 16.9169597626, -0.00776661094278, -0.021692443639, 49.6347770691, 0.196932315826, 1.22500002384, 0.0489601939917, 126.574005127, -1.05799353123, 5.41236972809, -0.0912140309811,  3360.6484375, -23.7512130737, -59.4798316956, 19.3862533569, -0.0015349794412,             0,             0, 5.55111512313e-17
         1.25, 0.104441314936, 3358.15087891, 7559.20166016,   7645.578125, 0.133115798235, 5.55073833466, 17.2616672516, -0.0085380487144, -0.0222948584706, 49.6421470642, 0.205175817013,          1.25, 0.0492519252002, 45.1799163818, -1.06939065456, 5.09020614624, -0.096755117178, 3367.79052734, -15.6310081482, 30.0168972015, 11.8296890259, -0.00164418388158,             0,             0, -5.55111512313e-17
        1.275, -0.0810706838965, 3352.23339844, 7554.91845703, 7647.31591797, 0.132587090135, 5.82621431351, 17.6064376831, 0.00502488482744, -0.022938830778, 49.6502914429, 0.175002977252, 1.27499997616, 0.0506315901875, 313.110595703, -1.11510109901,  4.9352350235, -0.0790476277471,  3379.1784668, -31.8357334137, -338.056793213, 26.9359207153, -0.00174347613938,             0,             0,             0
          1.3, 0.486718684435, 3336.33740234, 7549.15380859, 7649.92578125, 0.131642058492, 6.27666568756, 17.9512710571, -0.0071561075747, -0.0236690342426, 49.6588058472, -0.146860450506, 1.29999995232, 0.0524378605187,  600.20715332,  -1.176420331, 4.53616189957, -0.0522224567831, 3398.53955078, -19.0048732758, -547.546447754, 16.1073799133, -0.00184173346497, 5.55111512313e-17, -5.55111512313e-17,             0
        1.325, -0.0896074771881, 3313.79492188, 7546.78466797, 7649.36572266, 0.130994781852, 6.81965684891,  18.296163559, 0.0181416291744, -0.0244063194841, 49.6682815552, -0.248941063881, 1.32500004768, 0.0531404651701, 143.412994385, -1.20213508606, 3.96476626396, -0.0586676299572, 3419.48730469, 7.78311157227, -260.067810059, -4.42499637604, -0.00195611827075, -5.55111512313e-17,             0,             0
         1.35, -0.068738438189, 3321.54516602, 7549.14257812, 7644.38037109, 0.13054189086, 6.67179203033,  18.641122818, 0.000257441686699, -0.024762602523, 49.6781539917, -0.18258613348, 1.35000002384, 0.0520616844296, -370.151855469, -1.17835485935, 4.14341306686, -0.111646063626, 3413.15087891, 31.2484855652, 374.574249268, -28.4789085388, -0.00209150905721,             0,             0,             0
        1.375, -0.0745178386569, 3346.63964844, 7551.79394531, 7639.01123047, 0.12999753654,   6.052298069, 18.9861507416, 0.0011500819819, -0.0248908754438, 49.6880836487, 0.250134140253,         1.375, 0.0505542904139, -572.566162109, -1.15144884586, 4.77091360092, -0.168812200427, 3388.60253906, 15.8971014023, 570.567199707, -15.8056106567, -0.00223283609375,             0,             0,             0
          1.4, 0.0411365292966, 3373.03076172, 7551.90673828, 7636.15966797, 0.129507750273, 5.40630292892, 19.3312492371, -0.00592202693224, -0.0249572452158, 49.6983680725, 0.194847658277, 1.39999997616, 0.0485149808228, 124.639343262, -1.15110242367, 5.43969154358, -0.199634745717,  3363.2878418, -23.6756820679, -73.6535186768,  18.581697464, -0.00238271616399, 5.55111512313e-17,             0,             0
        1.425, -0.0834240317345, 3352.62890625, 7547.56738281,   7637.640625, 0.129184097052, 5.90669727325, 19.6764163971, 0.00300304428674, -0.0256437864155, 49.7087020874, 0.174443393946, 1.42499995232, 0.0492575503886, 327.143615723, -1.19739997387, 4.93693304062, -0.185083448887, 3383.16918945, -31.2549228668, -338.948547363, 26.3619651794, -0.00250464864075,             0,             0,             0
         1.45, 0.192416682839, 3332.22631836, 7543.59521484, 7639.58789062, 0.128961578012, 6.32861328125, 20.0216522217, -0.00120414677076, -0.0263162814081, 49.7187728882, -0.20052947104, 1.45000004768, 0.0504939630628, 538.526184082, -1.23981010914, 4.44241714478, -0.165661200881, 3399.65527344, -20.9404163361, -528.427429199, 18.6969299316, -0.00262266583741,             0, 5.55111512313e-17,             0
        1.475, -0.0969751700759, 3313.08447266, 7541.55957031, 7640.16064453, 0.128177732229, 7.13412570953, 20.3669643402, 0.017257694155, -0.027072802186, 49.7284622192, -0.237183600664, 1.47500002384, 0.0519999936223, 24.4346351624, -1.26181161404, 3.91933870316, -0.160589620471, 3433.50927734, 17.6968040466, -142.644638062, -12.3769693375, -0.00274039222859,             0, 5.55111512313e-17,             0
          1.5, -0.0620613545179, 3304.05957031, 7543.09765625, 7638.87304688, 0.128933355212,  6.9546995163, 20.7123279572, 0.00746155530214, -0.0274724848568, 49.7384910583, -0.187268331647,           1.5, 0.0520332679152, -270.749572754, -1.24626338482, 3.74155664444, -0.174899950624, 3423.79345703, 28.5438632965, 213.042648315, -24.0184135437, -0.00287645729259,             0,             0, 5.55111512313e-17
        1.525, -0.0403775461018, 3327.01953125, 7545.02929688, 7636.38916016, 0.128129765391, 6.62829637527, 21.0577735901, -0.00487458286807, -0.0276527646929, 49.7474708557, -0.175374239683, 1.52499997616, 0.0510711856186, -383.602661133, -1.2265162468, 4.27933645248, -0.201639279723, 3411.65771484, 32.1253929138,  402.66192627, -28.3517627716, -0.00302615761757,             0,             0, -5.55111512313e-17
         1.55, 0.185582116246, 3331.43920898, 7546.28076172, 7635.88330078, 0.127698346972, 6.56421470642, 21.4032783508, -0.00292543624528, -0.0280111692846, 49.7563171387, -0.132892161608, 1.54999995232, 0.0504595823586, -413.369384766, -1.21378755569, 4.38248872757, -0.207474291325,   3409.609375, 27.6197776794, 423.369354248, -25.9184379578, -0.00317532313056,             0,             0,             0
        1.575, -0.076759070158,  3341.9621582, 7549.17236328, 7633.83447266, 0.127909556031, 6.17483234406, 21.7488365173, 0.000234023144003, -0.0282296612859, 49.7650299072, 0.24830751121, 1.57500004768, 0.0484806448221, -579.642822266, -1.18372261524, 4.67279291153, -0.229455888271, 3393.00268555,  21.647605896, 568.352661133, -20.3370265961, -0.00334187597036, 5.55111512313e-17,             0, 5.55111512313e-17
          1.6, -0.083140194416,  3352.8371582, 7550.73291016, 7633.18457031, 0.127344369888, 6.18454170227, 22.0944595337, 0.00365566276014, -0.0286152567714, 49.7730522156, 0.249898701906, 1.60000002384, 0.0479073114693, -575.918395996, -1.16742277145, 4.90555047989, -0.23669116199, 3394.75146484, 13.7466783524, 542.261962891, -13.8384428024, -0.00349399703555, -5.55111512313e-17,             0, -5.55111512313e-17
        1.625, -0.00218608998694, 3369.74438477,   7552.796875,  7632.4609375, 0.127548396587, 5.52501153946, 22.4401321411, -0.00245845736936, -0.0287777483463, 49.7811698914, 0.183824703097,         1.625, 0.0469473488629, 133.262878418, -1.14568376541,  5.3726811409, -0.244631662965,  3367.4453125, -21.2384796143, -127.764221191, 18.3187217712, -0.00365191837773, -5.55111512313e-17,             0,             0
         1.65, 0.0645964741707,     3363.5625, 7548.86181641, 7637.20849609, 0.126680463552, 6.06823587418, 22.7858695984, -0.00663785869256, -0.029464315623,  49.788433075, 0.152128562331, 1.64999997616, 0.048994153738, 373.582702637, -1.18678224087, 5.16798782349, -0.195056691766, 3391.63330078, -32.2023468018, -331.335235596, 28.5148696899, -0.00378039106727, 5.55111512313e-17,             0,             0
        1.675, 0.344951808453, 3341.31542969, 7546.14306641, 7641.33154297, 0.127607762814, 6.36128664017, 23.1316394806, -0.00320051447488, -0.0301369484514, 49.7958831787, -0.123436465859, 1.67499995232, 0.0508108995855, 522.112426758, -1.21517801285, 4.64847993851, -0.151775598526, 3401.87451172, -21.3938159943, -498.761230469, 20.9712352753, -0.00391568103805,             0,             0, -5.55111512313e-17
          1.7, -0.0202077142894, 3312.53833008,  7544.3203125, 7644.89746094, 0.128239229321, 7.17468500137, 23.4774608612, 0.00614858558401, -0.0309771504253, 49.8028068542, -0.210883617401, 1.70000004768, 0.0527243092656, -41.9827041626, -1.23420476913, 3.90549898148, -0.114121347666,  3434.7277832, 18.3660812378, 3.52220487595, -13.2897748947, -0.00405438896269,             0,             0,             0
        1.725, -0.072187922895,  3312.8918457, 7547.60400391, 7644.17089844, 0.129742994905, 6.83765172958, 23.8233203888, 0.0068463771604, -0.0312971621752, 49.8098526001, -0.182962328196, 1.72500002384, 0.0521721616387, -345.076751709, -1.19964575768, 3.96003746986, -0.121347561479, 3419.35620117, 31.2521381378, 298.763397217, -26.1138210297, -0.00422260770574, -5.55111512313e-17,             0,             0
         1.75, -0.387822061777, 3323.78979492, 7551.36816406, 7642.52783203, 0.130832403898,  6.4434428215, 24.1692314148, 0.00845295283943, -0.0315297804773, 49.8161582947, -0.122801892459,          1.75, 0.051204174757, -452.871032715, -1.15996301174, 4.23044347763, -0.138148188591, 3403.10742188, 25.6741924286, 404.586151123, -24.2418518066, -0.00439799576998, 5.55111512313e-17,             0,             0
        1.775, -0.0717824921012, 3341.14355469, 7554.24316406, 7640.84277344, 0.131420254707, 6.16638422012, 24.5151901245, 0.000693891546689, -0.0317484252155, 49.8222198486, 0.248650029302, 1.77499997616, 0.0495691560209, -579.880737305, -1.12952077389, 4.64514350891, -0.155394524336, 3393.01074219,   19.29778862, 584.358398438, -18.2706165314, -0.00458348868415,             0, 5.55111512313e-17,             0
          1.8, 0.0382003262639, 3357.49194336, 7556.28466797, 7639.70068359, 0.132100880146, 5.59753465652, 24.8611927032, -0.0108697023243, -0.0319147519767, 49.8283653259, 0.225998297334, 1.79999995232, 0.047847148031, -90.2007522583, -1.10771071911, 5.08107471466, -0.167025730014, 3369.62841797, -12.768196106, 164.200622559, 7.58189201355, -0.00477138301358,             0,             0,             0
        1.825, -0.0682942643762, 3356.83374023, 7553.19677734, 7642.57519531, 0.131556153297, 5.84879875183, 25.2072467804, -0.00547097017989, -0.0324309207499, 49.8339576721, 0.178069382906, 1.82500004768, 0.0483453422785, 362.723266602, -1.1396291256, 5.03412628174, -0.136609807611, 3381.65112305, -32.0126152039, -326.072052002, 28.0366230011, -0.00493674119934,             0, -5.55111512313e-17, -5.55111512313e-17
         1.85, -0.08047349751,  3351.2980957, 7554.02294922, 7642.32275391, 0.131715416908, 5.83086109161, 25.5533351898, 0.00296040996909, -0.0328795798123, 49.8398551941, 0.175265058875, 1.85000002384, 0.0485536716878, 323.558013916, -1.13057291508,  4.9220457077, -0.139057889581, 3379.83959961, -30.8938541412, -346.801849365, 27.3744812012, -0.0051075075753,             0,             0,             0
        1.875, 0.188312366605, 3331.94262695, 7550.48339844, 7645.67333984, 0.131519779563, 6.33978796005, 25.8994674683, -0.00378785305656, -0.0335556045175, 49.8451538086, -0.202914685011,         1.875, 0.0493451505899, 570.132751465, -1.1673027277,  4.4334897995, -0.10371221602, 3400.65014648, -18.7919826508, -546.46862793, 17.2960529327, -0.00527540920302, -5.55111512313e-17,             0,             0
          1.9, -0.119576066732, 3311.77636719, 7549.54248047, 7646.86962891, 0.131435498595, 6.94623851776, 26.2456321716, 0.0205758064985, -0.0342967994511, 49.8504371643, -0.231352597475, 1.89999997616, 0.0505963154137, -0.222776517272, -1.17684209347, 3.90232849121, -0.0909943282604, 3424.96459961, 14.2504968643, -140.961486816, -8.36969852448, -0.00544021371752,             0,             0,             0
        1.925, -0.0622568242252, 3322.35717773, 7553.70410156, 7643.87890625, 0.132184654474,  6.5538225174, 26.5918273926, -0.00480124400929, -0.0345541723073, 49.8555793762, -0.182962372899, 1.92499995232, 0.0502969697118, -362.682006836, -1.13288795948, 4.17548704147, -0.122166126966, 3408.46826172, 32.7035331726, 398.368774414, -28.2741832733, -0.00562372989953,             0,             0, 5.55111512313e-17
         1.95, -0.0575323030353, 3335.06787109, 7556.87548828, 7642.23681641, 0.132852330804, 6.18147468567, 26.9380569458, 0.00332676433027, -0.0347725003958, 49.8606491089, 0.189940676093, 1.95000004768, 0.0496366433799, -566.117919922, -1.09934556484, 4.50801944733, -0.139183148742, 3393.00878906, 20.2747707367, 547.815307617, -19.3229179382, -0.00581497419626,             0, -5.55111512313e-17,             0
        1.975, 0.0286025460809, 3365.68310547, 7558.40673828, 7641.27099609, 0.133381664753, 5.37530422211, 27.2843227386, -0.00268852477893, -0.0347511507571, 49.8654136658, 0.19153252244, 1.97500002384, 0.0477681569755, 114.987609863, -1.08305454254, 5.27691268921, -0.149040624499, 3361.38989258, -22.0974845886, -86.1994171143, 18.7438564301, -0.00602274341509, -5.55111512313e-17, -5.55111512313e-17,             0
            2, -0.0725705474615, 3353.37011719, 7554.67529297, 7645.03173828, 0.133709773421, 5.70676612854, 27.6306228638, -0.00201635528356, -0.0353373326361, 49.8700523376, 0.178800493479,             2, 0.0484250076115, 357.210784912, -1.12196290493, 4.97332000732, -0.109312586486, 3375.15600586, -31.9235591888, -336.925170898, 27.8575668335, -0.00620624562725,             0,             0, 5.55111512313e-17
        2.025, 0.296968102455,  3329.3359375, 7552.31933594, 7647.48535156, 0.134340032935, 6.16803979874, 27.9769515991, -0.00212797475979, -0.036011300981,  49.874622345, -0.173548147082, 2.02500009537, 0.0493382848799, 532.472961426, -1.14645493031, 4.38557338715, -0.083324238658, 3392.80444336, -20.6180114746, -513.547485352, 19.6663341522, -0.00638927752152,             0,             0,             0
         2.05, -0.1236371696, 3309.48876953, 7551.33349609, 7648.73193359, 0.134430021048, 6.82347679138, 28.3233165741, 0.0220776423812, -0.03670835495,  49.878868103, -0.232357785106, 2.04999995232, 0.0504167824984, 5.02638816833, -1.15654420853, 3.85902571678, -0.0700591877103, 3419.79467773, 13.9761657715, -152.964111328, -8.08106517792, -0.00657248171046, 5.55111512313e-17, -5.55111512313e-17, 5.55111512313e-17
        2.075, -0.0635526701808, 3319.75805664, 7555.81689453, 7645.15136719, 0.134911000729, 6.41391515732,  28.669708252, -0.00514564057812, -0.0368881598115, 49.8830947876, -0.182507440448, 2.07500004768, 0.0492459610105, -363.007843018, -1.10923790932, 4.13089513779, -0.107462994754, 3402.42089844, 32.6970977783, 391.767364502, -28.4712123871, -0.00678180810064,             0,             0,             0
          2.1, 0.249359160662, 3328.23681641, 7557.78662109, 7643.99121094, 0.134549751878, 6.29372262955, 29.0161361694, -0.00222284300253, -0.0371465533972, 49.8871002197, -0.0531242489815, 2.09999990463, 0.0481691285968, -434.968963623, -1.08828628063, 4.33060598373, -0.119568280876, 3398.05810547, 26.8668231964,  442.93572998, -25.7656764984, -0.00699267257005,             0,             0,             0
        2.125, -0.0751504898071, 3336.10961914, 7559.93945312,    7642.09375, 0.134523823857, 5.97229576111, 29.3625888824, -0.000956452684477, -0.0374213345349, 49.8911895752, 0.249473035336,         2.125, 0.0474907942116, -592.369812012, -1.06540226936, 4.54520273209, -0.139432311058, 3383.93432617,  20.160949707, 587.617004395, -19.2879543304, -0.00720054656267,             0, 5.55111512313e-17,             0
         2.15, -0.0266030151397, 3355.75878906, 7560.84619141, 7641.30908203, 0.133747950196, 5.59304904938, 29.7090778351, -0.00374163640663, -0.0376525036991, 49.8949813843, 0.237175002694, 2.15000009537, 0.0474382117391, -186.546615601, -1.05561816692,  5.0351934433, -0.147630125284, 3369.54882812, -10.6822252274, 200.177627563, 6.34303760529, -0.00740377791226, 5.55111512313e-17,             0,             0
        2.175, 0.0411952547729, 3371.52246094, 7560.56689453, 7641.71679688, 0.132838875055, 5.38621520996, 30.0555915833, -0.010093498975, -0.0379492416978, 49.8985290527, 0.193030804396, 2.17499995232, 0.0474691130221, 141.593826294, -1.05840158463, 5.40591144562, -0.143253877759, 3362.58789062, -23.353351593, -82.1963043213, 19.7392368317, -0.00761018041521,             0,             0,             0
          2.2, 0.035397849977, 3370.77319336, 7559.19677734, 7643.01367188, 0.132241532207, 5.40957117081,  30.402130127, -0.0148961599916, -0.0384201034904, 49.9021720886, 0.196085855365, 2.20000004768, 0.0474301502109, 176.317382812, -1.07269465923,  5.3881688118, -0.129482582211, 3363.07397461, -25.8581562042, -86.6426010132, 21.0135765076, -0.00782174337655,             0,             0,             0
        2.225, -0.0800534784794,  3351.3840332, 7556.56787109, 7646.28369141, 0.131770819426, 5.89202642441, 30.7486915588, 0.00185425300151, -0.0392006859183, 49.9058303833, 0.174843743443, 2.22499990463, 0.04886771366, 323.744110107, -1.10022437572,  4.9144744873, -0.0949451178312, 3382.33398438, -31.1677474976, -343.189910889, 27.5250740051, -0.00801996421069, -5.55111512313e-17,             0,             0
         2.25, -0.0260737407953, 3329.37036133, 7553.17773438, 7650.13671875, 0.132061183453, 6.33758687973, 31.0952682495, -1.69829290826e-05, -0.0399877652526, 49.9092216492, -0.242200657725,          2.25, 0.0505373552442, 551.826660156, -1.13574981689, 4.37882852554, -0.0542368590832, 3399.93969727, -19.652765274, -547.571594238, 18.3772010803, -0.00821848865598, 5.55111512313e-17,             0, -5.55111512313e-17
        2.275, -0.12791390717, 3314.53076172, 7552.42919922, 7651.74267578, 0.132381260395, 7.02470827103,  31.441865921, 0.0262439474463, -0.0407556556165, 49.9123725891, -0.237913534045, 2.27500009537, 0.0516218803823, 16.9839057922, -1.14352369308, 3.96195578575, -0.0370952896774, 3429.13208008, 17.9036254883, -180.953140259, -10.7489595413, -0.00842671934515, 5.55111512313e-17, -5.55111512313e-17,             0
          2.3, -0.0726504102349,  3310.3203125, 7555.88671875, 7650.20654297, 0.134652167559, 6.66891527176, 31.7884674072, 0.00814181286842, -0.041116245091, 49.9160995483, -0.182784587145, 2.29999995232, 0.0506260208786, -360.432403564, -1.10712230206, 3.91206526756, -0.0528874136508, 3412.13623047, 31.7440128326, 319.725616455, -26.9301242828, -0.00865988153964,             0,             0, -5.55111512313e-17
        2.325, 0.0504592098296, 3335.03222656, 7560.88671875, 7646.46435547, 0.135360941291, 6.09301280975, 32.1351089478, 0.00095290428726, -0.0412478335202, 49.9190559387, 0.224531665444, 2.32500004768, 0.0490384697914, -562.023193359, -1.05444610119, 4.51500511169, -0.0918333232403, 3389.32299805, 19.8710613251, 562.312438965, -18.9494037628, -0.00890092086047,             0,             0,             0
         2.35, 0.0574693530798, 3333.95581055, 7561.17431641, 7646.33740234, 0.135581716895, 6.03517532349, 32.4817771912, -0.00243728980422, -0.0416758395731, 49.9221878052, 0.224376574159, 2.34999990463, 0.0490076132119, -556.832824707, -1.05120432377, 4.48902750015, -0.0929326713085,   3386.890625, 18.7232913971, 574.249084473, -18.6116924286, -0.00912765040994,             0,             0,             0
        2.375, 0.0499391630292, 3368.22119141, 7562.60888672, 7644.48144531, 0.135067969561, 5.32287693024, 32.8284759521, -0.0085835615173, -0.0417000092566, 49.9252853394, 0.194486960769,         2.375, 0.0471621342003, 127.907341003, -1.03593504429, 5.33256387711, -0.11222140491, 3359.44970703, -22.8614749908, -68.8274230957, 18.8321151733, -0.00937660783529,             0,             0,             0
          2.4, 0.0109415911138, 3348.70043945, 7558.13964844, 7647.85986328, 0.134847417474, 5.79216194153, 33.1751937866, -0.00358583778143, -0.0424042716622, 49.9283905029, 0.161321654916, 2.40000009537, 0.0484543256462, 369.019836426, -1.08264029026, 4.85445785522, -0.0766719356179, 3378.63745117, -32.1728401184, -341.581512451, 27.6982135773, -0.00959462858737,             0,             0,             0
        2.425, -0.0737334564328, 3346.45507812, 7557.37548828, 7647.93505859, 0.135152503848, 5.68226099014, 33.5219268799, -0.00490550417453, -0.0428260490298, 49.9315414429, 0.177918434143, 2.42499995232, 0.0483969412744, 381.756713867, -1.0905803442, 4.81544685364, -0.0758183971047, 3373.46264648, -28.0647335052, -344.06362915, 26.0056972504, -0.00982975028455, 5.55111512313e-17,             0,             0
         2.45, 0.230618014932,  3328.9609375, 7554.51513672, 7650.63232422, 0.135162442923, 6.29120492935, 33.8686828613, -0.00318176299334, -0.0435656607151,  49.934513092, -0.195241972804, 2.45000004768, 0.049542568624, 568.172851562, -1.12052261829, 4.36251306534, -0.0474742799997, 3398.67724609, -17.3962345123, -539.486694336, 16.3113098145, -0.0100549561903,             0,             0,             0
        2.475, 0.0105200167745,  3296.3527832, 7553.32275391, 7652.00292969, 0.135619401932, 6.96850252151, 34.2154579163, -0.00874109566212, -0.044442743063, 49.9376945496, -0.197510495782, 2.47499990463, 0.0514456555247, -106.900299072, -1.13298153877, 3.55411076546, -0.0330562777817, 3424.51831055, 22.6739177704, 163.588790894, -20.1621074677, -0.0102743506432,             0,             0, 5.55111512313e-17
          2.5, -0.0152212968096, 3301.36743164, 7553.57373047, 7652.08056641, 0.13549695909, 6.80313301086, 34.5622596741, 0.00257834070362, -0.0448361188173,  49.940776825, -0.198076412082,           2.5, 0.0515276379883, -93.3948364258, -1.1303191185, 3.68904995918, -0.0321929231286, 3417.51708984, 18.5426578522, 69.0078277588, -16.6216487885, -0.0105160931125, 5.55111512313e-17,             0,             0
        2.525, -0.0738688334823, 3311.28491211,   7556.734375, 7649.45996094, 0.135423362255, 6.47486686707, 34.9090805054, 0.00391521118581, -0.0451416634023, 49.9438476562, -0.182155355811, 2.52500009537, 0.0504449270666, -374.198669434, -1.09716653824, 3.94754362106, -0.0595947988331, 3403.82910156, 31.6939544678, 338.497406006, -27.4007549286, -0.0107742166147,             0,             0, 5.55111512313e-17
         2.55, -0.0216274280101, 3336.89355469, 7560.69482422, 7645.75830078, 0.134958222508, 6.05439424515, 35.2559242249, -0.00502848997712, -0.0453351140022, 49.9464263916, 0.240622386336, 2.54999995232, 0.0488046966493, -577.723632812, -1.05560576916, 4.54479169846, -0.0983659029007, 3387.94628906, 19.7887744904, 610.044799805, -18.8682975769, -0.0110408784822,             0,             0,             0
        2.575, -0.0362305305898, 3342.59057617, 7561.54101562, 7645.07617188, 0.135579898953, 5.61600828171, 35.6027793884, -0.0233282018453, -0.045646134764, 49.9495353699, 0.248120680451, 2.57500004768, 0.0483881384134, -348.589813232, -1.04670894146, 4.73018074036, -0.10549134016, 3369.11132812, 1.57633686066, 508.958679199, -7.25554847717, -0.0112963123247, 5.55111512313e-17,             0,             0
          2.6, 0.0324093922973, 3355.07739258, 7562.16455078, 7644.54296875, 0.135095760226, 5.48115444183, 35.9496650696, -0.010359483771, -0.0459715686738, 49.9523239136, 0.22770665586, 2.59999990463, 0.0474544614553, -98.2598419189, -1.04012477398, 5.03622770309, -0.111067414284, 3364.81762695, -12.7375183105, 166.701004028, 7.45653915405, -0.0115608517081,             0,             0,             0
        2.625, -0.0673590600491, 3355.44921875, 7558.79931641, 7647.28515625, 0.134388074279, 5.75292730331, 36.2965736389, -0.00527597311884, -0.0464842021465, 49.9548721313, 0.178947687149,         2.625, 0.0471870824695,   362.6434021, -1.07530653477, 5.01021194458, -0.0823377966881, 3377.60986328, -32.0369644165, -325.661193848, 27.8931732178, -0.0118207735941,             0,             0,             0
         2.65, -0.0694341361523, 3354.26318359, 7559.38574219, 7646.89648438, 0.134575948119, 5.71263790131, 36.6434898376, -0.00351830921136, -0.0469233617187, 49.9576454163,  0.1786211133, 2.65000009537, 0.0468479283154, 366.921661377, -1.06901597977, 4.98919630051, -0.0864776223898, 3375.84545898, -31.7875919342, -335.603485107, 27.5675678253, -0.0120827285573,             0,             0,             0
        2.675, 0.312398046255, 3332.05224609, 7556.38671875, 7649.58691406, 0.134872362018, 6.27866983414, 36.9904251099, -0.00402016239241, -0.047658700496, 49.9603424072, -0.179735735059, 2.67499995232, 0.0480499491096,  569.04473877,  -1.100274086, 4.43563365936, -0.0583596713841, 3398.48217773, -17.4304332733, -535.485595703, 16.2307720184, -0.0123304286972, -5.55111512313e-17, -5.55111512313e-17,             0
          2.7, -0.104299888015, 3325.73999023, 7556.19726562, 7649.79541016, 0.135012298822, 6.49068498611, 37.3373794556, 0.0165496896952, -0.0481804087758, 49.9629173279, -0.253271460533, 2.70000004768, 0.0484462343156, 343.670501709, -1.10206127167, 4.26715087891, -0.0562803819776, 3407.31958008, -1.89827501774, -453.353088379, 7.26177883148, -0.012589215301, -5.55111512313e-17,             0, -5.55111512313e-17
        2.725, -0.121777094901, 3312.31420898, 7555.86816406, 7650.23632812, 0.134877845645, 6.93814611435, 37.6843566895, 0.0253879446536, -0.0488050505519, 49.9655342102, -0.245613887906, 2.72499990463, 0.0488115884364, 56.0553398132, -1.10531651974, 3.91903686523, -0.0517693497241, 3425.36108398, 16.1498432159, -233.810012817, -9.4112071991, -0.012851446867,             0,             0,             0
         2.75, -0.0153002766892, 3303.08862305, 7556.01416016, 7650.08105469, 0.134898126125, 6.91999292374, 38.0313491821, -0.00263971486129, -0.0492950491607, 49.9683113098, -0.193800359964,          2.75, 0.0488936565816, -124.650245667, -1.10360515118, 3.72046136856, -0.0535132735968, 3423.10864258, 21.4604969025, 126.809104919, -18.9310741425, -0.0131188631058, 5.55111512313e-17,             0, -5.55111512313e-17
        2.775, -0.068313203752, 3308.11791992, 7559.28417969, 7647.32177734, 0.134254872799, 6.73612070084, 38.3783683777, 0.00717856315896, -0.0496346056461, 49.9709472656, -0.186950668693, 2.77500009537, 0.0481309145689, -344.349334717, -1.06914103031, 3.85617280006, -0.0826124474406, 3415.43774414, 31.4720077515,  278.69052124, -26.346944809, -0.013398100622,             0, -5.55111512313e-17,             0
          2.8, -0.0665202513337, 3320.62963867, 7559.94287109,  7646.0390625, 0.133431017399, 6.62729930878,  38.725402832, -0.000139131851029, -0.0499746017158, 49.9731864929, -0.184463858604, 2.79999995232, 0.0476788058877, -362.121429443, -1.06209909916, 4.13818788528, -0.0962258055806, 3411.64013672, 31.4489421844, 350.292633057, -27.1438865662, -0.0136765083298,             0,             0,             0
        2.825, -0.0674853250384, 3342.91064453, 7563.09130859, 7643.18359375, 0.132871091366, 6.12735700607, 39.0724525452, -0.00564821856096, -0.0502035059035, 49.9754600525, 0.248766645789, 2.82500004768, 0.0472880750895, -588.080871582, -1.02897262573, 4.68540430069, -0.126337856054, 3391.40820312,  18.458366394, 612.945983887, -17.5693130493, -0.0139566073194,             0, 5.55111512313e-17,             0
         2.85, 0.00354637973942, 3364.14331055,  7563.5546875, 7643.11279297, 0.133120983839, 5.30922698975, 39.4195137024, -0.00125491607469, -0.0503520034254, 49.9779930115, 0.185759067535, 2.84999990463, 0.047093398869, 135.156311035, -1.02412188053, 5.26049757004, -0.127115532756, 3358.10864258, -22.2735118866, -122.452041626, 18.7725200653, -0.0142385708168, 5.55111512313e-17,             0,             0
        2.875, -0.0738213136792, 3350.34814453, 7559.27148438, 7647.42138672, 0.133620902896, 5.78775215149,  39.766582489, 0.000420835072873, -0.051055662334, 49.9801254272, 0.17500628531,         2.875, 0.0487577840686, 353.006530762, -1.06914627552, 4.88977813721, -0.0817945078015, 3378.25830078, -32.1873397827, -331.373199463, 28.1022357941, -0.0145060149953,             0, -5.55111512313e-17,             0
          2.9, 0.342813104391, 3337.77026367, 7555.98974609,  7651.4609375, 0.135020747781, 6.09869146347,  40.113658905, 0.000451018713647, -0.0516933649778, 49.9824104309, -0.0147053012624, 2.90000009537, 0.0499049387872, 485.612030029, -1.10374736786, 4.58560609818, -0.03911466524, 3390.27001953, -22.4066925049, -468.852233887, 21.3282146454, -0.0147829512134, -5.55111512313e-17,             0, 5.55111512313e-17
        2.925, 0.222851231694, 3329.92114258, 7555.47070312, 7652.71484375, 0.135875493288, 6.28146743774, 40.4607543945, -0.00544669385999, -0.0522567145526,  49.984539032, -0.19679787755, 2.92499995232, 0.0501616410911, 565.711608887, -1.10932540894, 4.39070749283, -0.0256183166057, 3397.84301758, -20.0504493713, -524.485168457, 19.3647212982, -0.0150729324669,             0, -5.55111512313e-17, 5.55111512313e-17
         2.95, -0.12537997961, 3311.30078125, 7554.38427734,  7654.0859375, 0.135163202882, 6.93071985245, 40.8078842163, 0.0247419532388, -0.0530409924686, 49.9864807129, -0.245337352157, 2.95000004768, 0.051295440644, 55.7331428528, -1.1207934618, 3.89827799797, -0.010890096426, 3424.70263672, 16.0973758698, -239.696411133, -9.30431461334, -0.0153559884056,             0,             0,             0
        2.975, -0.00774009246379, 3299.39160156,  7554.7421875, 7653.73681641, 0.134934946895, 6.95482492447, 41.1550254822, -0.00720801809803, -0.0535840801895, 49.9887199402, -0.194048881531, 2.97499990463, 0.0512095764279, -128.173461914, -1.1170501709, 3.62933969498, -0.0143271731213, 3424.27246094, 22.7805194855, 161.164367676, -20.6505908966, -0.015654521063,             0,             0,             0
            3, -0.0150877414271, 3303.91259766, 7555.26171875, 7652.86279297, 0.134098291397, 6.96169900894, 41.5021858215, 0.00163181032985, -0.0540233142674, 49.9906845093, -0.19727319479,             3, 0.0503660514951, -104.773384094, -1.11155879498,  3.7311501503, -0.0233792178333,  3424.9765625, 20.9405612946, 82.0225219727, -18.1942386627, -0.0159633941948,             0,             0, -5.55111512313e-17
        3.025, -0.070721924305, 3307.21679688, 7558.27636719, 7650.29492188, 0.134294837713, 6.67862462997, 41.8493461609, 0.00657239649445, -0.0544043667614, 49.9928817749, -0.183964818716, 3.02500009537, 0.049372497946, -343.637573242, -1.07985889912, 3.84188890457, -0.0502972193062, 3412.39453125, 31.1854953766, 291.096923828, -26.4984512329, -0.0162752903998, -5.55111512313e-17,             0, 5.55111512313e-17
         3.05, -0.0752683281898, 3336.45825195, 7563.28857422, 7645.90917969, 0.134665250778, 5.95986127853, 42.1965179443, 0.00304695428349, -0.0544887967408, 49.9945716858, 0.248903363943, 3.04999995232, 0.0476428717375, -580.379821777, -1.02712976933, 4.56424665451, -0.096351750195, 3383.50805664, 21.2663784027,  567.13659668, -20.1269874573, -0.0165966339409, 5.55111512313e-17,             0,             0
        3.075, 0.0619458854198, 3372.02416992, 7565.20019531, 7644.41357422, 0.135084152222, 5.26924848557, 42.5437049866, -0.00832720473409, -0.0545188076794, 49.9961853027, 0.196896746755, 3.07500004768, 0.0458920374513, 135.573043823, -1.00688815117, 5.43004560471, -0.112080454826, 3357.70214844, -23.3052768707, -60.1097145081, 19.7190761566, -0.0169211551547,             0, 5.55111512313e-17,             0
          3.1, 0.0090605635196, 3344.51196289, 7561.46582031, 7648.35791016, 0.136249512434, 5.79657077789, 42.8908920288, 0.00216913758777, -0.0552487932146, 49.9980621338, 0.159068793058, 3.09999990463, 0.0469734184444, 359.379333496, -1.04584765434, 4.76394939423, -0.0707098394632, 3378.27270508, -31.9665050507, -354.124267578, 28.0754299164, -0.0172185208648, -5.55111512313e-17, 5.55111512313e-17, 5.55111512313e-17
        3.125, 0.578031361103, 3335.52319336, 7558.26904297, 7651.23583984, 0.13636957109, 6.20687103271, 43.2381057739, -0.00731327896938, -0.0558184199035, 49.9995384216, -0.130424559116,         3.125, 0.0473917648196,  586.21862793, -1.07917869091, 4.52141094208, -0.0404925271869, 3396.13745117, -17.4222373962, -529.47454834, 16.1560268402, -0.0175253935158,             0,             0, -5.55111512313e-17
         3.15, -0.0601489171386, 3327.61352539, 7558.86474609, 7650.69970703, 0.13692496717,  6.1354804039, 43.5853271484, -0.00147973804269, -0.0562191866338, 50.0013809204, -0.25041526556, 3.15000009537, 0.0468480251729, 595.073242188, -1.07271790504, 4.35661697388, -0.0461500585079, 3391.94091797, -15.9095163345, -585.713867188, 15.0510520935, -0.0178447030485,             0,             0,             0
        3.175, -0.071074180305, 3305.49511719, 7558.35791016, 7650.50292969, 0.136183023453, 6.78545379639, 43.9325714111, 0.0108896763995, -0.0569334849715, 50.0029640198, -0.213741600513, 3.17499995232, 0.0473747886717, -53.8697738647, -1.07778346539, 3.78468441963, -0.0483501963317, 3417.87792969, 17.7552242279, -33.2950973511, -13.3444671631, -0.0181547999382,             0, 5.55111512313e-17,             0
          3.2, -0.0657170042396, 3313.24560547, 7562.00537109, 7646.82958984, 0.135653316975, 6.53287172318, 44.2798271179, -0.00101349363104, -0.0572055839002, 50.0046043396, -0.184211239219, 3.20000004768, 0.0463809259236, -358.57711792, -1.0392665863, 3.97658634186, -0.0871230810881, 3406.96948242, 32.2147941589, 350.741943359, -27.8921604156, -0.018482575193, 5.55111512313e-17, -5.55111512313e-17,             0
        3.225, 0.0236599948257, 3334.18920898, 7565.48583984, 7643.52050781, 0.135147333145, 6.07515525818, 44.6270904541, 0.00130718445871, -0.0573823489249, 50.0059509277, 0.195629909635, 3.22499990463, 0.0461295470595, -567.291381836, -1.00252759457, 4.49798965454, -0.122128218412, 3388.71411133, 19.3394794464, 552.509521484, -19.1991977692, -0.0188039056957, 5.55111512313e-17,             0, -5.55111512313e-17
         3.25, 0.0313686802983, 3365.61694336, 7566.30371094, 7642.57177734, 0.13524800539, 5.30850124359,  44.974357605, 0.00127060280647, -0.0573825277388, 50.0073242188, 0.196237653494,          3.25, 0.045277249068, 61.7196388245, -0.993832230568, 5.27937793732, -0.13227070868, 3358.83740234, -20.5472812653, -58.5344772339, 17.6901950836, -0.0191360209137,             0,             0, -5.55111512313e-17
        3.275, 0.0291844271123,  3364.1237793, 7564.91503906, 7644.18554688, 0.136499613523, 5.16088581085, 45.3216209412, -0.00488115055487, -0.0577504597604, 50.0087966919, 0.19651427865, 3.27500009537, 0.0455392338336, 136.960784912, -1.00840163231, 5.26121997833, -0.115368530154, 3351.93823242, -24.7918643951, -82.794418335, 20.5533847809, -0.019460875541,             0,             0,             0
          3.3, -0.0779128596187,  3342.8215332, 7561.50683594, 7648.30029297, 0.137690514326, 5.63033294678, 45.6688957214, 0.00275349663571, -0.0584366321564,   50.01014328, 0.176492452621, 3.29999995232, 0.0467725396156, 361.126434326, -1.04419219494, 4.74811792374, -0.0720973387361, 3371.05224609, -32.0916023254, -358.278900146, 28.1508388519, -0.0197792034596, -5.55111512313e-17, 5.55111512313e-17,             0
        3.325, 0.600405097008, 3333.60620117, 7558.29296875, 7651.44482422, 0.137553825974, 6.23170995712, 46.0161933899, -0.00325084081851, -0.0590805076063, 50.0111083984, -0.124469317496, 3.32500004768, 0.0473644211888, 534.648986816, -1.07793521881, 4.46889352798, -0.03894033283,  3396.9987793, -16.0704574585, -508.902191162, 15.3217964172, -0.0201075021178,             0,             0, 5.55111512313e-17
         3.35, -0.106292136014, 3313.13354492, 7558.22265625, 7651.75732422, 0.137768015265, 6.50478219986, 46.3634986877, 0.0189747214317, -0.0596944317222, 50.0125083923, -0.255207240582, 3.34999990463, 0.0480733402073, 270.979522705, -1.07862973213, 3.98220801353, -0.0355475731194, 3406.33081055, 2.97449541092, -411.850219727,  2.1359140873, -0.0204360429198,             0,             0,             0
        3.375, -0.0112296119332, 3300.72216797, 7558.07128906, 7651.62988281, 0.137025654316, 6.77437210083, 46.7108192444, 0.00091117573902, -0.06026051566, 50.0136947632, -0.199594065547,         3.375, 0.0485088787973, -87.0205001831, -1.08013546467, 3.67653489113, -0.036849822849, 3417.03881836, 20.0650367737, 62.4912528992, -16.6626358032, -0.020769815892,             0,             0,             0
          3.4, -0.0106114987284,  3318.1027832, 7562.33642578, 7647.43457031, 0.136302798986, 6.38183259964, 47.0581474304, -0.00537142530084, -0.0604527257383, 50.0146903992, -0.172685906291, 3.40000009537, 0.0469148792326, -376.972137451, -1.03531074524, 4.09259176254, -0.0808832943439, 3400.97509766,   32.12342453, 400.696289062, -28.3572311401, -0.0211276933551, 5.55111512313e-17,             0,             0
        3.425, -0.0668212622404, 3340.02124023, 7565.96484375, 7644.17285156, 0.136210650206, 5.86187314987, 47.4054756165, -0.00421339506283, -0.0606070831418, 50.0157165527, 0.250846207142, 3.42499995232, 0.045806247741, -588.14440918, -0.997143268585, 4.63286685944, -0.115188643336, 3380.15600586, 17.7442893982, 618.322814941, -16.4501609802, -0.02148177661,             0,             0, 5.55111512313e-17
         3.45, -0.0262119788677, 3345.10913086, 7566.56005859, 7644.27539062, 0.137394219637, 5.45887708664, 47.7527999878, -0.0156188355759, -0.0608765110373, 50.0169715881, 0.242301568389, 3.45000004768, 0.0456949956715, -258.227661133, -0.990812599659, 4.80165815353, -0.114163145423, 3363.10302734, -2.21585583687, 380.690734863, -3.19003200531, -0.0218277592212,             0,             0,             0
        3.475, 0.0410463549197,   3366.859375, 7567.24951172, 7644.12890625, 0.137647226453, 5.21660137177, 48.1001396179, -0.00650853756815, -0.0610880888999, 50.0177230835, 0.192962706089, 3.47499990463, 0.044379580766, 143.623916626, -0.983501434326, 5.31854867935, -0.115670353174, 3355.19311523, -23.0592803955, -84.9258270264, 19.4461994171, -0.0221908073872,             0,             0,             0
          3.5, 0.0213763080537, 3365.11767578, 7566.19042969, 7645.00244141, 0.137649312615, 5.29052782059, 48.4474868774, -0.0157924946398, -0.0615711733699, 50.0186080933, 0.193661391735,           3.5, 0.0439003519714, 216.566436768, -0.994489550591, 5.26846408844, -0.106454826891,  3357.8996582, -26.8792076111, -112.586975098, 21.6222248077, -0.0225473213941,             0,             0,             0
        3.525, -0.079974539578, 3344.72045898, 7563.79541016, 7647.45849609, 0.136448636651, 5.80616998672, 48.7948570251, -0.00148533680476, -0.0623595975339, 50.0195426941, 0.174752086401, 3.52500009537, 0.0453953482211, 337.732696533, -1.01944816113, 4.77252292633, -0.0806865468621, 3378.49291992, -31.3822841644, -352.519866943, 27.2847938538, -0.0228837747127,             0, 5.55111512313e-17,             0
         3.55, 0.941895902157, 3336.23144531, 7560.69873047, 7649.33349609, 0.134718924761, 6.03330898285, 49.1422348022, -0.0176294632256, -0.0630231946707, 50.0201873779, -0.0621755942702, 3.54999995232, 0.0473433062434, 538.774475098, -1.05184328556, 4.54623317719, -0.0610112994909, 3388.00415039, -23.3686199188, -442.662811279, 22.1088752747, -0.0232174396515,             0,             0, -5.55111512313e-17
        3.575, -0.0942388549447, 3309.32421875, 7557.75488281, 7652.38427734, 0.134468391538,  6.8676109314,   49.48960495, 0.0200424920768, -0.0639184042811, 50.0209236145, -0.240553766489, 3.57500004768, 0.049965441227, 42.5141830444, -1.08275961876,  3.8553314209, -0.0289518032223, 3422.39038086,       17.0625, -167.276473999, -10.9046363831, -0.0235487036407,             0,             0,             0
          3.6, -0.0646532848477, 3319.93383789, 7561.62207031, 7649.81201172, 0.136667355895, 6.41300630569, 49.8369522095, 0.000401367171435, -0.0641502887011, 50.0217857361, -0.18220281601, 3.59999990463, 0.0483999662101, -376.312805176, -1.04232680798, 4.13059568405, -0.0557477846742, 3402.45239258, 32.5213432312, 402.098266602, -28.1867465973, -0.0239298474044, -5.55111512313e-17,             0, 5.55111512313e-17
        3.625, -0.0720390677452, 3322.07983398, 7562.47509766, 7650.15966797, 0.138282224536, 6.36030244827, 50.1843070984, 0.00259075430222, -0.0645440891385, 50.0225486755, -0.180887266994,         3.625, 0.0471837259829, -387.513336182,  -1.033421278,  4.1964263916, -0.0519018694758, 3400.12207031, 32.0074653625,  380.69342041, -28.0402698517, -0.0243098437786,             0,             0,             0
         3.65, 0.00969651341438, 3333.97363281, 7567.17480469, 7646.78369141, 0.13838404417, 6.01625585556, 50.5316886902, 0.000247504649451, -0.0647830367088, 50.0231056213, 0.231742858887, 3.65000009537, 0.0448740385473, -575.333129883, -0.983963191509, 4.50020742416, -0.0871716812253, 3386.20556641, 20.0345745087, 561.080078125, -19.5061073303, -0.0247028116137, -5.55111512313e-17,             0,             0
        3.675, -0.0754217877984, 3339.10205078, 7568.31103516, 7645.28955078, 0.137031331658, 5.89551448822, 50.8790893555, -0.00459799589589, -0.0651706755161, 50.0235977173, 0.25144174695, 3.67499995232, 0.044397059828, -591.606506348, -0.971769690514, 4.62004518509, -0.102859720588, 3381.67504883, 15.8732709885, 600.252197266, -17.5038776398, -0.0250758491457,             0, 5.55111512313e-17,             0
          3.7, 0.127517029643, 3353.94287109, 7569.59472656, 7643.14599609, 0.136234357953, 5.23636817932, 51.2264862061, -0.0202316939831, -0.0653330683708, 50.0243606567, 0.206649035215, 3.70000004768, 0.0433574654162, 69.7462387085, -0.957990825176, 5.03500175476, -0.125505238771,  3354.3293457, -16.8472728729, 55.9327583313, 10.7796087265, -0.025456847623,             0, -5.55111512313e-17, 5.55111512313e-17
        3.725, -0.0787512734532, 3349.76123047, 7565.75146484, 7645.73535156, 0.135584637523, 5.58800888062, 51.5738830566, 0.00484280334786, -0.065916441381, 50.0248374939, 0.176337376237, 3.72499990463, 0.0444688647985, 315.574523926, -0.998074769974, 4.90520620346, -0.0985584929585, 3369.44140625, -31.3521003723, -339.448730469, 27.4105377197, -0.0258178543299, -5.55111512313e-17, 5.55111512313e-17,             0
         3.75, 0.601925492287, 3336.48388672, 7561.08935547, 7649.88671875, 0.13606595993, 6.17084932327, 51.9212722778, -0.00649040192366, -0.0666134506464,  50.024974823, -0.126774206758,          3.75, 0.0459723956883, 600.797546387, -1.04687809944, 4.54884004593, -0.055152643472, 3394.65087891, -18.3415641785, -538.288269043, 17.0302848816, -0.026178330183,             0,             0,             0
        3.775, -0.0809756293893, 3326.82104492, 7561.27832031, 7650.63330078, 0.137443721294, 6.21794891357, 52.2686576843, 0.000245888659265, -0.0671228095889,  50.025604248, -0.253437310457, 3.77500009537, 0.0463493093848, 561.570983887, -1.0448474884, 4.33390712738, -0.0473407283425, 3395.09228516, -19.2406635284, -553.423095703,  18.123374939, -0.0265542957932,             0, 5.55111512313e-17, 5.55111512313e-17
          3.8, -0.12734952569,  3311.8359375, 7560.15185547, 7652.14404297, 0.136838361621, 6.88498401642, 52.6160621643, 0.0255870744586, -0.0678565353155, 50.0257415771, -0.244398027658, 3.79999995232, 0.047650013119, 46.9928359985, -1.0566214323, 3.91430473328, -0.0314306430519,  3423.2409668, 16.5344276428, -229.607162476, -9.40824699402, -0.0269235521555, 5.55111512313e-17,             0,             0
        3.825, -0.135342612863, 3309.51635742, 7560.18798828, 7652.29492188, 0.136423364282, 6.83567810059,  52.963470459, 0.0216142404824, -0.0683056861162, 50.0261573792, -0.232997432351, 3.82500004768, 0.047858916223, -6.80006933212, -1.05620455742, 3.86617660522, -0.0297622047365,  3420.4987793, 16.2719516754, -155.227661133, -10.9531507492, -0.0273073464632,             0,             0,             0
         3.85, -0.0656853467226, 3310.36401367,  7562.9140625, 7649.95458984, 0.135887488723, 6.66187620163, 53.3108825684, 0.0016327467747, -0.0687301978469, 50.0266914368, -0.186761200428, 3.84999990463, 0.0481302216649, -348.396514893, -1.02763080597, 3.90983295441, -0.0542160458863, 3412.32446289, 31.4781894684, 315.406433105, -26.8637924194, -0.0276933312416,             0,             0,             0
        3.875, -0.425209999084, 3327.02587891, 7565.22167969, 7647.77294922, 0.13585986197,  6.0555100441,  53.658290863, 0.00306176324375, -0.068942502141, 50.0268974304, 0.0943307727575,         3.875, 0.0477540977299, -523.736572266, -1.00351560116,  4.3386888504, -0.0769946053624,  3387.1081543, 23.2132911682,  499.56048584, -22.2937259674, -0.0280898399651, 5.55111512313e-17, 5.55111512313e-17,             0
          3.9, -0.0218209736049, 3356.03979492,    7566.53125, 7646.76074219, 0.136132478714, 5.51267194748,  54.005695343, 0.00369917205535, -0.0690718367696, 50.0270729065, 0.235327214003, 3.90000009537, 0.0468529388309, -163.257598877, -0.9899482131, 5.04776525497, -0.0874362662435, 3366.37060547,  -11.90209198, 154.141479492, 8.26818752289, -0.0284961778671,             0,             0,             0
        3.925, -0.0510340407491, 3358.34008789, 7564.00097656, 7649.46484375, 0.137253522873, 5.44817781448, 54.3530960083, -0.00318312039599, -0.0695024877787, 50.0272445679, 0.182745486498, 3.92499995232, 0.0471190921962, 280.601074219, -1.01666891575, 5.10529756546, -0.0587972551584,  3364.0144043, -29.7107181549, -238.33241272, 25.2239837646, -0.0288938004524,             0,             0, 5.55111512313e-17
         3.95, -0.0777679756284, 3347.45166016,    7563.21875, 7651.39550781, 0.13795273006, 5.73880004883, 54.7004966736, 0.00352884782478, -0.070092394948, 50.0274238586, 0.176723822951, 3.95000004768, 0.0471280068159, 328.996002197, -1.02498817444,  4.8402838707, -0.038225568831, 3375.93994141, -30.9118785858, -346.292724609, 27.3507232666, -0.0292976889759, -5.55111512313e-17,             0, 5.55111512313e-17
        3.975, 0.0166998896748, 3324.48706055, 7560.41650391, 7654.21923828, 0.137832894921, 6.18504428864, 55.0479125977, -0.00121891044546, -0.0708448067307, 50.0275268555, -0.234404206276, 3.97499990463, 0.0478277802467, 548.056274414, -1.05442154408, 4.27838373184, -0.00829796213657,  3393.1105957, -19.1041564941, -551.006164551, 17.4135379791, -0.0296958032995, -5.55111512313e-17,             0, 5.55111512313e-17
            4, -0.0862058848143, 3307.28930664, 7559.82519531, 7654.54394531, 0.137199029326, 6.59544944763, 55.3953323364, 0.0165521334857, -0.0715637505054, 50.0275917053, -0.24653378129,             4, 0.0488526858389, 104.095710754, -1.06057560444,  3.8406085968, -0.00470188492909, 3409.60205078, 10.0849876404, -225.392410278, -5.53506612778, -0.0300915706903,             0, -5.55111512313e-17,             0
        4.025, -0.0625122189522, 3298.67993164,  7561.8203125, 7653.05810547, 0.137837395072, 6.60110187531, 55.7427406311, 0.00698618823662, -0.0720703601837, 50.0279045105, -0.186789467931, 4.02500009537, 0.0491040460765, -290.252746582, -1.03957426548, 3.64896917343, -0.0201961975545, 3408.75610352, 29.4326267242,  247.99105835, -25.036611557, -0.0304979514331, 5.55111512313e-17,             0,             0
         4.05, -0.071682818234, 3310.23413086, 7563.13525391, 7651.84814453, 0.138343095779,   6.418592453, 56.0901489258, 0.00670149549842, -0.0723729655147, 50.0279464722, -0.18227083981, 4.05000019073, 0.0480947345495, -374.273254395, -1.02572095394, 3.93131828308, -0.0328254513443, 3401.52685547, 31.7702636719,  332.54385376, -27.2111682892, -0.0309210438281, -5.55111512313e-17,             0,             0
        4.075, -0.410455584526, 3328.35351562, 7566.97705078, 7648.70703125, 0.138777345419, 5.92890691757, 56.4375572205, 0.00622927723452, -0.0725477337837, 50.0277671814, 0.185055762529, 4.07499980927, 0.046401951462, -565.781799316, -0.985322415829, 4.37757587433, -0.0657348632812, 3381.67553711, 22.8025493622, 525.698242188, -22.0334129333, -0.0313536562026,             0,             0,             0
          4.1, 0.00840915180743, 3356.06591797, 7568.75439453,  7646.8203125, 0.13822671771,   5.402115345, 56.7849769592, 0.00140203267802, -0.0726662501693, 50.0276527405, 0.225547119975, 4.09999990463, 0.0451961494982, -87.2542266846, -0.966548740864, 5.05937051773, -0.0855161100626, 3361.72387695, -14.5882043839, 73.2930221558, 10.8412084579, -0.0317826196551, -5.55111512313e-17,             0,             0
        4.125, -0.0684602633119, 3342.31152344, 7565.18457031, 7649.62158203,  0.1379262954, 5.64192390442, 57.1323928833, -0.0023664641194, -0.0732494965196, 50.0275611877, 0.173726484179,         4.125, 0.0461656823754, 366.204223633, -1.0038588047, 4.72925281525, -0.0561490505934, 3371.61645508, -32.2577133179, -350.484100342, 27.8891677856, -0.0321912355721,             0, -5.55111512313e-17,             0
         4.15, 0.0841363593936, 3323.09082031, 7561.38183594, 7652.72998047, 0.137716084719, 6.12632369995, 57.4798088074, -0.00699280295521, -0.0739147290587, 50.0274734497, -0.223946005106, 4.15000009537, 0.0473868474364,  584.91595459, -1.04368400574, 4.24385976791, -0.0235458537936, 3391.00097656, -20.701631546, -535.504150391, 19.3905715942, -0.0326002240181,             0,             0, -5.55111512313e-17
        4.175, -0.0134278293699, 3297.85742188, 7559.99414062, 7654.17822266, 0.138113692403, 6.73912477493, 57.8272171021, 0.00190349062905, -0.0746508836746, 50.0274505615, -0.194952353835, 4.17500019073, 0.0489207319915, -115.461540222, -1.05822718143, 3.61385798454, -0.00834871549159, 3415.09277344, 21.0354347229, 109.640617371, -18.0889816284, -0.0330084934831, -5.55111512313e-17,             0,             0
          4.2, -0.0673810467124, 3311.52490234, 7564.24853516, 7650.88232422, 0.139029309154, 6.38863945007, 58.1746177673, 0.00546336453408, -0.0748295262456, 50.0273246765, -0.184351667762, 4.19999980927, 0.0473403334618, -367.518066406, -1.01357293129, 3.95328211784, -0.0429101884365, 3400.98657227, 31.3848438263, 343.106750488, -26.7873096466, -0.0334534309804, -5.55111512313e-17,             0,             0
        4.225, -0.0979207754135, 3328.56591797, 7567.89111328, 7647.99853516, 0.139857977629,  5.8895816803, 58.5220222473, 0.0026880716905, -0.074970073998, 50.0271492004, 0.242609962821, 4.22499990463, 0.0457043237984, -571.900634766, -0.97526460886, 4.38138866425, -0.0731798633933, 3380.16333008, 21.8908042908, 560.244506836, -21.0120391846, -0.033900808543,             0,             0,             0
         4.25, 0.319381386042, 3331.63623047, 7568.29003906, 7647.61816406, 0.139609724283,  5.9742603302,  58.869430542, -0.00348892365582, -0.0753868892789,  50.026802063, 0.175672292709,          4.25, 0.0459880977869, -550.102844238, -0.970952749252, 4.43727970123, -0.0772015303373, 3384.69799805, 17.9999866486, 572.712646484, -18.4636325836, -0.0343291535974,             0, 5.55111512313e-17,             0
        4.275, 0.0600411556661, 3366.44628906, 7569.94824219,  7645.5859375, 0.139187842607, 5.12424707413, 59.2168464661, -0.0103791598231, -0.0753373280168, 50.0266036987, 0.197915285826, 4.27500009537, 0.0437849201262, 120.547592163, -0.9534085989, 5.31169557571, -0.0985854417086, 3351.13061523, -23.3740596771, -55.8209762573, 19.3732776642, -0.0347873829305,             0, 5.55111512313e-17, 5.55111512313e-17
          4.3, 0.0428756512702, 3363.12524414, 7569.53369141,     7645.4375, 0.138338521123, 5.21635723114, 59.5642623901, -0.00938821863383, -0.0758214816451, 50.0263786316, 0.193983525038, 4.30000019073, 0.0438088960946, 126.019538879, -0.957671880722, 5.22580051422, -0.100214757025, 3354.71142578, -22.9058799744, -74.9627075195, 19.0239162445, -0.0352241955698, -5.55111512313e-17,             0, -5.55111512313e-17
        4.325, -0.0646251738071, 3349.71826172, 7566.11572266, 7647.68896484, 0.13708922267, 5.61362552643, 59.9116821289, -0.00729866372421, -0.0764993205667, 50.0261573792, 0.17668697238, 4.32499980927, 0.0450826250017, 331.438781738, -0.993457257748, 4.88812494278, -0.0767309069633, 3370.83056641, -31.2514514923, -298.006530762, 26.6294364929, -0.0356497839093,             0, -5.55111512313e-17,             0
         4.35, -0.0709642991424, 3349.55517578, 7564.11279297, 7649.18017578, 0.136439591646, 5.59735059738, 60.2590904236, -0.00751810567454, -0.0769720450044, 50.0258750916, 0.178849205375, 4.34999990463, 0.0459764972329, 389.054779053, -1.01449239254, 4.89618635178, -0.0611859709024, 3370.58178711, -28.2158298492, -343.228424072, 26.3300819397, -0.0360820703208,             0,             0,             0
        4.375, 0.149283751845, 3328.45239258, 7560.99853516, 7652.57128906, 0.13649970293, 6.26359796524, 60.6064910889, -0.000566188769881, -0.0777563378215,  50.025592804, -0.209574714303,         4.375, 0.0473607480526, 544.164245605, -1.04723143578, 4.35673236847, -0.0256358906627, 3397.67944336, -16.8636074066, -531.859313965, 16.1743965149, -0.0365136414766,             0,             0,             0
          4.4, -0.102399602532, 3308.30810547, 7559.87744141, 7654.35986328, 0.136595934629, 6.96731710434, 60.9538879395, 0.0181067213416, -0.078600667417, 50.0252952576, -0.235280051827, 4.40000009537, 0.0490446873009, 11.5621938705, -1.05906438828, 3.82657456398, -0.00681253476068,  3426.0378418, 17.8119525909, -137.725234985, -11.7190237045, -0.0369445309043,             0,             0, 5.55111512313e-17
        4.425, -0.0474155694246, 3294.84472656, 7561.35546875, 7654.46191406, 0.137749701738, 6.79820299149, 61.3012733459, 0.00572955096141, -0.0791583359241,  50.025352478, -0.19187758863, 4.42500019073, 0.04996535182, -218.462371826, -1.04363453388, 3.54504394531, -0.00559631269425, 3416.76318359, 27.1481266022, 175.705978394, -22.5474224091, -0.0373862870038,             0,             0,             0
         4.45, -0.0716181844473,  3304.4699707, 7562.48876953, 7654.04296875, 0.138188257813, 6.49882364273, 61.6486663818, 0.00812217406929, -0.0795095488429,  50.025100708, -0.183351650834, 4.44999980927, 0.04965897277, -356.848297119, -1.03183293343, 3.79376411438, -0.00975420419127, 3404.64160156, 31.2829093933, 304.827453613, -26.3658504486, -0.0378453992307,             0,             0, -5.55111512313e-17
        4.475, -0.206258937716, 3327.57739258, 7566.40917969, 7650.96972656, 0.138348534703, 6.10970544815,  61.996055603, 0.00703333504498, -0.0797399505973, 50.0245018005, 0.0997686386108, 4.47499990463, 0.0483692511916, -554.210876465, -0.990796148777, 4.34301376343, -0.0417048446834, 3389.58154297, 20.1180000305, 512.354614258, -20.0001983643, -0.0383186228573,             0,             0,             0
          4.5, -0.0187692567706, 3353.34423828, 7567.75976562, 7649.50097656, 0.138653203845, 5.42853116989, 62.3434410095, 0.00292833405547, -0.0798684582114, 50.0241737366, 0.234410300851,           4.5, 0.0469668917358, -150.833114624, -0.976712346077, 4.99269533157, -0.0568423084915, 3362.52246094, -12.2957582474, 136.015136719,  8.5085401535, -0.0387956015766,             0,             0,             0
        4.525, -0.0679543018341, 3350.67993164, 7563.98046875, 7652.58398438, 0.138456255198, 5.59901809692, 62.6908340454, -0.00437054364011, -0.0804091468453, 50.0236320496, 0.179804757237, 4.52500009537, 0.0474791973829, 362.275177002, -1.01640844345, 4.91576242447, -0.0242739878595, 3370.73168945, -32.2171287537, -328.713470459, 28.0240154266, -0.0392548367381, -5.55111512313e-17, -5.55111512313e-17, 5.55111512313e-17
         4.55, -0.0797792971134, 3342.71337891, 7564.58544922, 7652.16210938, 0.138728544116, 5.64637374878, 63.0382156372, 0.00425897492096, -0.0809024423361, 50.0234985352, 0.17639747262, 4.55000019073, 0.0470288656652,  324.27822876, -1.01009500027, 4.74106884003, -0.0285401977599,  3371.5480957, -30.7476062775, -351.685516357, 27.0988101959, -0.0397274009883,             0,             0, -5.55111512313e-17
        4.575, 0.569146215916, 3331.41552734,  7561.4609375, 7654.39013672, 0.138159260154, 6.13461208344, 63.3856048584, -0.00879066251218, -0.0815337449312, 50.0228004456, -0.132336199284, 4.57499980927, 0.046737510711, 584.459899902, -1.04283106327, 4.42973232269, -0.00510017294437, 3392.75683594, -17.3078708649, -524.842895508, 15.9119462967, -0.0402005463839,             0,             0,             0
          4.6, -0.121605761349, 3307.79418945, 7561.49169922, 7654.22314453, 0.138048961759, 6.82255935669, 63.7329864502, 0.022337211296, -0.082295358181, 50.0224647522, -0.237402424216, 4.59999990463, 0.0473778396845, 14.1904087067, -1.04235899448, 3.82216334343, -0.00692355679348, 3420.16503906, 18.1023406982, -167.122909546, -11.7873907089, -0.04066388309, -5.55111512313e-17,             0,             0
        4.625, -0.0731811821461,    3311.71875, 7565.71923828, 7650.61083984, 0.139056071639, 6.28423118591, 64.0803527832, 0.00476740067825, -0.0825199782848, 50.0224189758, -0.182241603732,         4.625, 0.0464411377907, -377.214050293, -0.997785270214,  3.9735956192, -0.0449948944151, 3395.97558594, 31.8159790039, 343.151885986, -27.6387233734, -0.0411448851228,             0,             0,             0
         4.65, -0.342780202627, 3320.91430664, 7568.10888672, 7648.59179688, 0.139082327485, 6.10950756073, 64.4277267456, 0.00574822211638, -0.082791030407, 50.0218353271, -0.0672857910395, 4.65000009537, 0.0456711128354, -465.325469971, -0.972463607788, 4.18885421753, -0.0664015933871, 3389.40112305, 25.8997192383, 428.889892578, -24.8317241669, -0.0416269265115,             0, 5.55111512313e-17, 5.55111512313e-17
        4.675, -0.189649492502, 3331.23242188, 7569.61132812, 7646.84326172, 0.138532698154,  5.9404335022, 64.7751083374, 0.000714240828529, -0.0830640867352,  50.021396637, 0.197036206722, 4.67500019073, 0.0445948690176, -556.01776123, -0.956480026245,  4.4494805336, -0.0849686488509, 3382.89477539, 20.0707778931, 540.614379883, -19.7391147614, -0.042115136981, 5.55111512313e-17,             0, 5.55111512313e-17
          4.7, 0.0619276277721, 3368.60327148, 7571.09033203, 7644.59423828, 0.137403428555, 5.15430212021, 65.1224899292, -0.0121907005087, -0.0830268934369,  50.020816803, 0.196893885732, 4.69999980927, 0.0425932072103, 133.900741577, -0.940772652626, 5.36143493652, -0.108809620142, 3352.63330078, -23.4376926422, -59.5165061951, 19.3258018494, -0.04261527583,             0,             0,             0
        4.725, 0.040509108454, 3368.61035156, 7570.88037109, 7644.41210938, 0.137016072869, 5.09403848648, 65.4698562622, -0.00632690126076, -0.0834439247847, 50.0205078125, 0.195180460811, 4.72499990463, 0.0429979301989, 116.640022278, -0.942851305008, 5.37371397018, -0.110940285027, 3349.73364258, -22.9043693542, -75.6701202393, 19.2470436096, -0.0430919826031,             0,             0,             0
         4.75, -0.0723228603601, 3349.40234375, 7566.23730469, 7648.32373047, 0.136838361621, 5.67615890503, 65.8172225952, -0.00180153164547, -0.0841825529933, 50.0199775696, 0.177427843213,          4.75, 0.0448856651783, 361.374328613, -0.991470754147, 4.88806962967, -0.070130713284, 3373.83251953, -32.2608795166, -342.165710449, 28.0235767365, -0.0435564704239,             0,             0, 5.55111512313e-17
        4.775, -0.0950798839331, 3321.16430664, 7562.29199219, 7652.21435547, 0.137780815363, 6.12248182297, 66.1645736694, -0.00225928728469, -0.0849436894059, 50.0196800232, -0.257491141558, 4.77500009537, 0.046879272908, 595.455322266, -1.03288733959, 4.21411800385, -0.0294031649828, 3390.59814453, -19.5847702026, -567.93536377,  18.155828476, -0.0440235286951,             0,             0,             0
          4.8, -0.0824771896005, 3304.88647461, 7560.85449219, 7654.12255859, 0.137865588069, 6.86192846298, 66.5119247437, 0.0157889872789, -0.0857069715858, 50.0190963745, -0.222667112947, 4.80000019073, 0.0487084724009, -30.9580726624, -1.04804444313, 3.75683927536, -0.00935851875693, 3421.30834961, 18.8622322083, -68.0136032104, -13.5336484909, -0.044496037066,             0,             0,             0
        4.825, -0.0389832295477, 3306.12084961, 7561.17041016, 7654.60888672, 0.138320788741,  6.8167552948, 66.8592758179, 0.00989347882569, -0.0861334651709, 50.0186195374, -0.219789594412, 4.82499980927, 0.0491207279265, -32.9416923523, -1.04483473301,  3.7889547348, -0.00413157930598, 3419.66503906, 20.6772594452, -33.8179512024, -15.0185251236, -0.044987205416,             0,             0,             0
         4.85, -0.0663650855422, 3305.97583008, 7563.71630859, 7652.74853516,  0.1387398839, 6.55589485168, 67.2066192627, 0.00490948930383, -0.0864838510752, 50.0184631348, -0.186450913548, 4.84999990463, 0.0482400357723, -342.739746094, -1.01826155186, 3.82523179054, -0.0234520118684, 3407.63842773, 32.0008773804, 298.303619385, -26.974155426, -0.0454963035882,             0,             0,             0
        4.875, -0.0674809291959, 3335.78955078, 7568.19677734, 7648.23779297, 0.138445019722, 5.80940771103, 67.5539703369, -0.00530791003257, -0.0865188241005, 50.0177574158, 0.251426011324,         4.875, 0.0457786992192, -596.049621582, -0.97133988142, 4.54755449295, -0.0706361085176, 3377.36303711, 19.3160877228, 626.108215332, -18.358839035, -0.0460245162249,             0,             0,             0
          4.9, 0.0480038002133, 3351.63525391, 7569.47802734, 7646.84130859, 0.138683065772, 5.30547142029, 67.9013137817, -0.00635221228004, -0.0867070779204, 50.0174407959, 0.222877725959, 4.90000009537, 0.0445335172117, -62.0465011597, -0.957910835743,  4.9692029953, -0.0852598920465, 3357.21337891, -14.5234174728, 113.191650391, 9.02929496765, -0.0465411171317,             0,             0,             0
        4.925, -0.0765467137098, 3342.29516602, 7566.05859375, 7649.65917969, 0.13929925859, 5.51479816437, 68.2486495972, 0.00179477815982, -0.0872455462813, 50.0169029236, 0.177586853504, 4.92500019073, 0.0451617836952, 359.422332764, -0.993711948395, 4.74465179443, -0.0557500943542, 3366.24633789, -31.966758728, -353.771575928, 27.7982540131, -0.0470396317542,             0,             0,             0
         4.95, 0.313485056162, 3328.62719727, 7563.63134766, 7651.86767578, 0.139663115144, 5.98058080673, 68.5959777832, -0.00166407041252, -0.0878688469529, 50.0164260864, -0.115943357348, 4.94999980927, 0.0457947291434, 516.821899414, -1.01909899712, 4.38962268829, -0.032632805407, 3384.98950195, -21.4136123657, -499.929443359, 20.0876274109, -0.0475407317281, -5.55111512313e-17,             0,             0
        4.975, -0.122480563819, 3304.93603516, 7561.96630859, 7653.52539062, 0.139394506812, 6.66242980957, 68.9433135986, 0.0208946634084, -0.088632568717,  50.015838623, -0.232491612434, 4.97499990463, 0.0474027730525, 3.33231401443, -1.03647565842, 3.77057600021, -0.0152830407023, 3412.67749023, 13.8957471848, -151.165710449, -8.01529979706, -0.048033028841, 5.55111512313e-17,             0,             0
            5, -0.0621210448444, 3314.73291016, 7565.75097656, 7650.15039062, 0.139427483082, 6.23638153076, 69.2906494141, -0.00576244061813, -0.0888490974903,   50.01537323, -0.183330655098,             5, 0.04690079391, -362.089416504, -0.996724903584, 4.03085899353, -0.0507058016956, 3394.70996094, 32.4154434204, 394.681213379, -28.467628479, -0.0485503263772, -5.55111512313e-17,             0,             0
        5.025, -0.0667690336704, 3337.05029297, 7569.07617188, 7646.95068359, 0.139170989394,   5.759141922, 69.6379776001, -0.00412366213277, -0.0889419615269, 50.0148696899, 0.251224845648, 5.02500009537, 0.0453868471086, -583.012268066, -0.961812674999, 4.57545852661, -0.0843072161078, 3375.75341797, 17.7848033905, 611.449951172, -16.5635547638, -0.0490821413696,             0,             0,             0
         5.05, 0.0646489560604, 3366.70166016, 7570.10644531, 7645.63330078, 0.139277085662, 5.03438425064, 69.9852981567, -0.00850120466202, -0.0889187902212, 50.0144348145, 0.199919134378, 5.05000019073, 0.0434211157262, 114.038742065, -0.951010882854, 5.32508087158, -0.0981703028083, 3347.32495117, -23.3932628632, -48.3676223755, 19.4127044678, -0.0496214032173,             0,             0,             0
        5.075, 0.01180006098, 3355.71557617, 7570.30322266, 7645.56982422, 0.140033066273,  5.0761089325,  70.332611084, -0.00132407341152, -0.0893677100539, 50.0141906738, 0.188043802977, 5.07499980927, 0.0433362349868, 127.560165405, -0.948942840099, 5.08509922028, -0.0988968238235, 3347.69824219, -20.9973392487, -111.120010376, 17.6644515991, -0.0501426458359,             0,             0,             0
          5.1, -0.0117611736059, 3349.12939453, 7566.51220703, 7648.68164062, 0.139294698834, 5.63840103149,   70.67993927, -0.00423598568887, -0.0900021865964, 50.0134124756, 0.167477533221, 5.09999990463, 0.0444117709994, 361.856689453, -0.988637447357, 4.87444400787, -0.0663644298911, 3372.51269531, -32.1341247559, -331.800933838, 27.9693717957, -0.0506532974541,             0,             0,             0
        5.125, 0.329275816679, 3331.72143555, 7564.07958984, 7650.79589844, 0.139353528619, 5.84290313721, 71.0272521973, -0.00383819662966, -0.0905927494168, 50.0131034851, -0.0154906036332,         5.125, 0.045575670898, 488.664001465, -1.01410198212, 4.47077512741, -0.0442703329027, 3379.40234375, -22.4224472046, -469.757629395, 20.9270248413, -0.0511652715504, -5.55111512313e-17,             0, 5.55111512313e-17
         5.15, 0.370531082153, 3327.59838867, 7563.24169922, 7651.30859375, 0.138570874929, 6.06647825241, 71.3745727539, -0.00939037837088, -0.0910941362381, 50.0125961304, -0.169281899929, 5.15000009537, 0.0458636321127, 557.962158203, -1.02286410332, 4.35366678238, -0.03895464167, 3388.89526367, -20.6622810364, -506.646942139, 19.6297550201, -0.0516899451613,             0,             0,             0
        5.175, 0.311496496201, 3328.16357422, 7562.61914062, 7651.80566406, 0.137984797359, 5.96794033051, 71.7218856812, -0.00710841827095, -0.0914998650551, 50.0121421814, -0.17610783875, 5.17500019073, 0.0459233485162, 575.846923828, -1.02940607071,  4.3811545372, -0.0337988100946, 3384.69140625, -16.5914783478, -540.897888184, 16.2592983246, -0.0522194504738, 5.55111512313e-17,             0,             0
          5.2, 0.335309028625, 3329.73461914, 7562.44628906, 7651.86132812, 0.137620195746, 5.97071504593, 72.0691986084, -0.00538494531065, -0.0919421389699, 50.0116729736, -0.167716443539, 5.19999980927, 0.0461516901851, 573.065551758, -1.03126001358, 4.41695833206, -0.0332640595734, 3385.09399414, -16.9631309509, -538.76348877, 16.4997615814, -0.0527498498559,             0,             0,             0
        5.225, -0.134279593825, 3310.68652344, 7561.28613281, 7653.04296875, 0.137381032109, 6.71350574493, 72.4164962769, 0.0260076951236, -0.0927195623517, 50.0111579895, -0.236256167293, 5.22499990463, 0.0474978797138,  20.790813446, -1.04348552227, 3.89930415154, -0.020874986425,  3415.5234375, 12.6648550034, -194.984664917, -6.25049495697, -0.0532714314759,             0,             0,             0
         5.25, -0.066473968327, 3306.78442383, 7564.51318359,  7651.2265625, 0.138242140412, 6.57070159912, 72.7637863159, 0.0067266584374, -0.0931365266442,  50.011051178, -0.186696365476,          5.25, 0.0474026612937, -343.026397705, -1.00969207287, 3.84184670448, -0.0398951806128, 3408.26367188, 31.9230117798, 294.413665771, -26.6360435486, -0.0538107082248, -5.55111512313e-17,             0,             0
        5.275, -0.160826593637, 3327.30200195, 7568.32666016, 7648.30273438, 0.138460829854, 6.07037496567, 73.1110839844, 0.00569247407839, -0.0932894945145, 50.0104103088, 0.0567775443196, 5.27500009537, 0.0462018251419, -540.800537109, -0.96969628334, 4.34335279465, -0.0705063790083, 3388.14672852, 20.5995235443, 504.632446289, -20.2057781219, -0.0543645955622,             0, 5.55111512313e-17,             0
          5.3, 0.0122708380222, 3338.06811523, 7569.08056641, 7647.33007812, 0.138304099441,  5.9165725708, 73.4583740234, -0.00944346282631, -0.0936025977135, 50.0098152161, 0.236840337515, 5.30000019073, 0.0454681478441, -577.577392578, -0.961784243584, 4.58589172363, -0.0806367173791, 3382.61083984,  18.928899765, 640.212768555, -17.6153240204, -0.0549164190888,             0,             0,             0
        5.325, -0.0583912469447, 3339.28466797, 7569.15673828, 7647.17919922, 0.138346999884, 5.73231458664, 73.8056640625, -0.0109841814265, -0.0939925014973,  50.009563446, 0.250234097242, 5.32499980927, 0.0451128222048, -524.88104248, -0.960968434811, 4.64242458344, -0.0821647569537, 3374.26416016, 16.8879756927, 591.013549805, -16.5483665466, -0.0554663427174,             0,             0,             0
         5.35, 0.0329085923731, 3358.28027344, 7570.03417969, 7646.03613281, 0.137612864375, 5.35189914703,  74.152961731, -0.000955492898356, -0.09424572438,    50.0091362, 0.199749648571, 5.34999990463, 0.0440911091864, 35.4302406311, -0.951743364334, 5.11730480194, -0.0941508933902, 3359.85205078, -19.0145015717, -34.7145080566, 14.6739301682, -0.0560258552432,             0,             0,             0
        5.375, -0.0649827718735, 3347.64428711, 7566.08642578, 7649.10449219, 0.137008741498, 5.69365310669,   74.50025177, -0.00146820105147, -0.094901651144,  50.008605957, 0.175477802753,         5.375, 0.0452073961496, 348.602111816, -0.993128478527, 4.84132909775, -0.0620044991374,      3374.375, -31.9456996918, -338.002502441, 27.8189983368, -0.0565648786724,             0,             0, -5.55111512313e-17
          5.4, 0.578193426132, 3342.69360352, 7563.81640625, 7650.74755859, 0.137043565512, 5.85161495209, 74.8475341797, -0.0126092862338, -0.0954675897956, 50.0081214905, 0.0531683452427, 5.40000009537, 0.0462651848793, 485.509918213, -1.01698184013, 4.71114063263, -0.0447631180286, 3380.90283203, -25.4873256683, -393.470428467, 23.8655014038, -0.0571070536971,             0,             0, -5.55111512313e-17
        5.425, 0.371344417334, 3331.72900391, 7561.78759766,    7653.15625, 0.137435182929, 6.16288423538, 75.1948013306, -0.00623533828184, -0.0961009934545, 50.0077438354, -0.169547617435, 5.42500019073, 0.047237355262, 596.986022949, -1.0383399725, 4.44246006012, -0.0194387696683, 3393.57421875, -18.6801319122, -548.420837402, 17.2403182983, -0.0576539561152,             0,             0, -5.55111512313e-17
         5.45, -0.119508348405, 3309.85522461, 7560.49804688, 7654.70556641, 0.137425526977, 6.86184692383, 75.5420761108, 0.0267611145973, -0.0969235152006, 50.0072593689, -0.247017517686, 5.44999980927, 0.0488113425672, 64.0994567871, -1.05197370052, 3.86981582642, -0.00306406617165, 3422.04321289, 15.8000402451, -245.377609253, -8.81476688385, -0.0581976734102, 5.55111512313e-17,             0,             0
        5.475, -0.0165375992656, 3300.42211914, 7560.34033203, 7655.20605469, 0.138178646564, 6.82162952423, 75.8893432617, 0.00543556222692, -0.0974601954222, 50.0070075989, -0.21099498868, 5.47499990463, 0.0491694249213, -47.1601791382, -1.05372476578,   3.661236763, 0.00232713669538, 3419.07397461, 20.4824409485, 11.6837501526, -16.3254985809, -0.0587572492659,             0, 5.55111512313e-17,             0
          5.5, -0.0624100677669, 3313.58544922, 7564.20898438, 7651.86474609, 0.138461515307, 6.42159461975, 76.2366104126, -0.0049286801368, -0.0977722927928, 50.0065803528, -0.184698671103,           5.5, 0.0484759621322, -365.021057129, -1.01326549053, 3.98362064362, -0.0325356461108, 3402.14086914, 32.5762557983, 396.569030762, -28.4597682953, -0.0593309365213,             0, -5.55111512313e-17,             0
        5.525, -0.0936330780387, 3327.09033203, 7566.83544922, 7650.04443359, 0.138597920537, 6.05689191818, 76.5838775635, 0.00440868362784, -0.0980934202671, 50.0062446594, 0.102109350264, 5.52500009537, 0.0482239574194, -548.499572754, -0.985828340054,  4.3344540596, -0.0514665618539, 3387.51538086, 19.9987831116, 521.159667969, -19.8897075653, -0.0599028542638,             0,             0,             0
         5.55, 0.0160458404571, 3361.19262695, 7567.91796875, 7648.66650391, 0.138699397445, 5.23360538483,  76.931137085, -0.00276159285568, -0.0981294885278, 50.0058708191, 0.189334332943, 5.55000019073, 0.046622171998, 128.937835693, -0.974623203278, 5.18543338776, -0.0657363608479, 3354.98461914, -23.1202087402,  -105.0415802, 19.0225486755, -0.0604929961264,             0,             0,             0
        5.575, -0.054056212306, 3355.80029297, 7565.13232422, 7650.83544922, 0.138420730829, 5.38698482513, 77.2784042358, -0.00367941404693, -0.0987068414688, 50.0055427551, 0.182810917497, 5.57499980927, 0.0472914427519, 257.872161865, -1.00402021408, 5.05182981491, -0.0427775979042, 3360.94311523,  -29.63697052, -237.750061035,  24.924074173, -0.0610620938241,             0,             0, -5.55111512313e-17
          5.6, -0.0752787441015, 3346.91870117, 7564.20556641, 7651.77490234, 0.138278543949,  5.5262799263, 77.6256637573, 0.000632395967841, -0.0992829725146, 50.0051727295, 0.177581787109, 5.59999990463, 0.0475266501307, 323.434020996, -1.01392126083,  4.8398938179, -0.0327301174402, 3366.73461914, -31.0439586639, -325.341400146, 26.8974018097, -0.0616389773786, 5.55111512313e-17,             0, -5.55111512313e-17
        5.625, 0.0552986524999, 3321.78955078, 7560.60009766, 7654.99365234, 0.138532549143, 6.14784479141, 77.9729156494, -0.00688808131963, -0.100066579878, 50.0047531128, -0.229843348265,         5.625, 0.0481572747231, 593.286560059, -1.0518693924, 4.21272611618, 0.0011881935643, 3391.86157227, -20.2913017273, -539.386413574, 18.8774299622, -0.0622145533562,             0,             0, -5.55111512313e-17
         5.65, -0.104918479919, 3305.76757812, 7560.06787109, 7655.54931641, 0.138419359922, 6.82336378098, 78.3201675415, 0.0213747210801, -0.100811645389,  50.004234314, -0.241519585252, 5.65000009537, 0.0489263497293, 40.0802192688, -1.05747234821, 3.77508330345, 0.00707860011607,  3420.0769043, 17.5314388275, -179.788314819, -11.1207780838, -0.062789529562, 5.55111512313e-17,             0,             0
        5.675, -0.0684518143535, 3305.48608398, 7564.20410156, 7652.63671875, 0.139515504241,  6.5426864624, 78.6674041748, 0.00807196926326, -0.101148277521, 50.0042762756, -0.186228871346, 5.67500019073, 0.0482191257179, -356.96762085, -1.01400876045, 3.80727481842, -0.0234921835363, 3406.95556641,  31.661611557, 303.281616211, -26.6674861908, -0.0633817464113,             0, 5.55111512313e-17,             0
          5.7, -0.0726128518581, 3333.18896484, 7568.54150391, 7648.50976562, 0.139909908175, 5.73818492889, 79.0146560669, -0.000475607637782, -0.101147919893, 50.0037727356, 0.251358091831, 5.69999980927, 0.0463047139347, -593.54901123, -0.968352615833, 4.50126314163, -0.0668493434787, 3374.09936523, 19.6943435669, 597.524475098, -18.6978588104, -0.0639891624451,             0, -5.55111512313e-17, -5.55111512313e-17
        5.725, -0.00116226787213, 3355.28808594, 7569.96679688,      7646.875, 0.139937087893, 5.08664417267, 79.3619003296, -0.000836403807625, -0.101194240153, 50.0035324097, 0.185468226671, 5.72499990463, 0.0442681610584, 136.884567261, -0.953247249126, 5.07503509521, -0.0840980261564, 3348.10131836, -21.4552097321, -129.392593384, 17.8775901794, -0.0646010041237,             0, -5.55111512313e-17,             0
         5.75, -0.00177197658923, 3340.25927734, 7565.90820312, 7649.85742188, 0.139384612441, 5.62406921387, 79.7091522217, -0.000632463896181, -0.101841360331, 50.0030212402, 0.162274301052,          5.75, 0.0451424792409, 358.765106201, -0.99566411972, 4.68120336533, -0.0529631972313, 3370.84423828, -31.6415557861, -350.538208008, 27.2667789459, -0.0651835352182,             0,             0,             0
        5.775, 0.521191120148, 3329.34179688,    7562.59375,  7652.1640625, 0.138811782002, 6.08921957016, 80.0563964844, -0.00705653661862, -0.102437838912, 50.0025863647, -0.141484424472, 5.77500009537, 0.0460831709206, 580.267028809, -1.03031349182, 4.38683700562, -0.028955148533, 3390.41259766, -18.729221344, -533.508666992,  16.912405014, -0.0657672733068,             0,             0,             0
          5.8, -0.106746584177, 3304.56420898, 7561.48486328, 7653.00537109, 0.138995885849, 6.58933877945, 80.4036331177, 0.0185312386602, -0.103129208088, 50.0024414062, -0.230514705181, 5.80000019073, 0.0477993786335, 2.54434204102, -1.04186415672, 3.77559304237, -0.0203147232533, 3409.39770508, 13.9728755951, -130.501037598, -8.80929660797, -0.0663449540734, -5.55111512313e-17,             0, -5.55111512313e-17
        5.825, -0.0635039806366, 3312.69433594, 7564.67480469, 7650.21630859, 0.139105409384,  6.3789229393,  80.750869751, -0.00160275015514, -0.103370927274, 50.0021209717, -0.18406483531, 5.82499980927, 0.0472301580012, -354.192443848, -1.0083796978, 3.97103524208, -0.0497232824564, 3400.66821289,  32.161605835, 362.589385986, -27.7564067841, -0.06695073843,             0,             0,             0
         5.85, -0.466444969177,  3317.4387207, 7566.70166016, 7648.76074219, 0.139543130994, 6.05203819275, 81.0981063843, 0.00404167221859, -0.103604368865, 50.0019454956, -0.0585323311388, 5.84999990463, 0.046536937356, -477.005065918, -0.987116217613, 4.11676311493, -0.0651018470526, 3386.28564453, 24.5960578918,  448.47769165, -23.4520606995, -0.0675609260798,             0,             0, 5.55111512313e-17
        5.875, 0.0167669337243, 3330.32202148, 7568.15380859, 7647.22363281, 0.138944238424, 5.88750982285, 81.4453430176, -0.00108022254426, -0.103842228651, 50.0015563965, 0.223240509629,         5.875, 0.0454513765872, -557.325073242, -0.971889078617, 4.42785358429, -0.0813166722655, 3380.65649414, 19.8341655731, 557.611450195, -19.2599334717, -0.0681782960892,             0,             0,             0
          5.9, -0.0285341721028, 3329.88525391, 7568.42626953, 7646.69580078, 0.138656973839, 5.85934925079, 81.7925796509, -0.00164918182418, -0.104226097465, 50.0012664795, 0.240103378892, 5.90000009537, 0.0449313595891, -557.799621582, -0.969009518623, 4.41551113129, -0.0869756639004, 3379.32958984, 19.1246967316, 564.863342285, -19.1362438202, -0.0687916204333, -5.55111512313e-17,             0, 5.55111512313e-17
        5.925, -0.061166305095,  3344.3581543, 7569.71191406, 7645.23681641, 0.13858781755, 5.53539133072, 82.1398086548, -0.00433151144534, -0.104453720152,  50.001033783, 0.247378230095, 5.92500019073, 0.0439665056765, -382.260650635, -0.955443799496, 4.77294588089, -0.102450236678, 3366.69580078, 3.37781119347, 416.832183838, -6.53491258621, -0.0694113299251, 5.55111512313e-17, 5.55111512313e-17,             0
         5.95, 0.0623912625015, 3367.09863281, 7570.72802734, 7644.01660156, 0.13828215003, 5.16445398331, 82.4870376587, -0.0102196140215, -0.104631915689, 50.0006561279, 0.196941256523, 5.94999980927, 0.0426026806235, 131.707336426, -0.944669306278, 5.32433176041, -0.115452453494, 3352.96972656, -23.330532074, -58.3019638062, 19.4561157227, -0.0700377225876,             0,             0, 5.55111512313e-17
        5.975, -0.0758481919765, 3350.62963867, 7567.32226562, 7646.87353516, 0.13807593286, 5.56200265884, 82.8342666626, 0.000394430971937, -0.105315484107, 50.0005722046, 0.177046015859, 5.97499990463, 0.0440382733941, 312.050170898, -0.980262100697, 4.92294311523, -0.0856948718429, 3368.50415039, -31.0019054413, -318.660064697, 26.8262729645, -0.0706358999014, -5.55111512313e-17,             0,             0
            6, -0.0920320674777, 3321.77099609, 7562.64013672, 7651.20361328, 0.137938544154, 6.13095712662, 83.1814956665, -0.00647889310494, -0.106124185026, 50.0002861023, -0.257318049669,             6, 0.04643092677, 596.845092773, -1.02931773663, 4.22250175476, -0.0404053628445, 3391.18359375, -20.1271190643, -556.169372559, 18.4113121033, -0.0712266415358,             0,             0,             0
        6.025, -0.0950492396951, 3324.44165039, 7561.76513672, 7652.05322266, 0.137435093522, 6.17981433868, 83.5287246704, -0.00395923666656, -0.106564998627, 50.0000038147, -0.260140240192, 6.02500009537, 0.0469333454967, 624.178833008, -1.03853487968, 4.27768421173, -0.0315289720893, 3393.72290039, -14.7507076263, -600.82434082, 14.6146688461, -0.0718414336443,             0,             0, -5.55111512313e-17
         6.05, -0.0914969816804, 3308.25708008, 7560.50830078, 7653.20947266, 0.136887475848, 6.72865772247, 83.8759460449, 0.014919272624, -0.10728097707, 49.9998435974, -0.231823042035, 6.05000019073, 0.0481081977487, 15.3505401611, -1.05183279514, 3.85161662102, -0.0193613413721, 3415.40185547, 13.5445976257, -127.382591248, -8.88385295868, -0.0724528208375,             0,             0,             0
        6.075, -0.0613586492836, 3319.22241211,  7563.8671875,  7650.3046875, 0.136579960585, 6.45550394058, 84.2231750488, -0.00601543532684, -0.107596114278, 49.9995155334, -0.183297753334, 6.07499980927, 0.0476924106479, -362.653717041, -1.01677441597,  4.1122879982, -0.0497379489243, 3404.26806641, 32.4803733826, 393.317382812, -28.3301105499, -0.0730838999152, -5.55111512313e-17,             0,             0
          6.1, 0.0225390791893, 3336.71435547, 7567.19628906, 7647.74462891, 0.136672392488,  5.9605255127, 84.5703887939, -0.00484690256417, -0.107783325016, 49.9993209839, 0.232949227095, 6.09999990463, 0.0468734279275, -572.723449707, -0.981996774673, 4.55286693573, -0.0764932334423, 3384.13427734, 19.7951278687, 607.783447266, -18.6678161621, -0.0737222284079, -5.55111512313e-17, 5.55111512313e-17,             0
        6.125, 0.07985663414, 3355.72119141, 7568.44873047, 7647.01611328, 0.137838810682,  5.1985168457, 84.9175949097, -0.00831409357488, -0.10786665231, 49.9993858337, 0.198819428682,         6.125, 0.0455517582595, 100.204055786, -0.968986570835, 5.07859802246, -0.0840045511723, 3352.81689453, -18.8174934387, -25.955904007, 14.3889808655, -0.0743692591786,             0,             0, 5.55111512313e-17
         6.15, -0.0432883799076, 3353.92602539, 7566.07226562, 7649.02148438, 0.138410776854, 5.45491838455, 85.2648010254, -0.00771693373099, -0.108355976641, 49.9989242554, 0.182095691562, 6.15000009537, 0.0455517843366, 305.416168213, -0.993988215923, 4.99494791031, -0.0628165081143, 3364.35229492, -30.0625133514, -228.83442688, 24.8908824921, -0.0750052332878,             0,             0, 5.55111512313e-17
        6.175, 0.543997108936, 3327.03857422, 7562.67675781, 7652.71044922, 0.140239849687, 5.90208387375, 85.6119995117, -0.00586393568665, -0.109029695392, 49.9988327026, -0.13598164916, 6.17500019073, 0.0461733415723, 554.672546387, -1.02959990501, 4.34715890884, -0.0239922516048, 3381.95288086, -21.4561290741, -485.298034668,  20.700668335, -0.0756364241242, 5.55111512313e-17,             0,             0
          6.2, 0.00665361341089, 3295.38891602, 7561.95507812, 7653.79003906, 0.141571372747, 6.69379138947,  85.959197998, -0.0027096089907, -0.109820812941, 49.9987373352, -0.196612820029, 6.19999980927, 0.0467539280653, -103.912269592, -1.03704178333, 3.55849051476, -0.0126080708578, 3413.40112305, 22.4101028442, 138.801528931, -19.5579872131, -0.0762696191669,             0, 5.55111512313e-17, 5.55111512313e-17
        6.225, -0.0687801167369, 3307.86914062, 7566.94921875,   7649.140625, 0.141747504473, 6.30534934998, 86.3064041138, 0.00339652970433, -0.109984226525, 49.9986419678, -0.184698015451, 6.22499990463, 0.0444228984416, -366.751831055, -0.984395325184, 3.88311672211, -0.061485838145,  3397.2824707, 31.6916847229, 333.787414551, -27.5064239502, -0.0769346803427,             0,             0,             0
         6.25, 0.274694561958, 3320.10400391, 7568.99414062, 7646.11083984, 0.140397801995, 6.09100389481, 86.6536331177, -0.00416548829526, -0.110222287476, 49.9982261658, -0.115292266011,          6.25, 0.0430177487433, -414.600769043, -0.962616980076, 4.16580724716, -0.0935473367572, 3389.14575195, 27.3455848694, 421.694793701, -26.414855957, -0.0775900259614, 5.55111512313e-17,             0, -5.55111512313e-17
        6.275, -0.259059339762, 3325.62207031, 7571.19091797, 7642.75878906, 0.13935765624, 5.78853368759, 87.0008544922, 0.00044144075946, -0.110460549593, 49.9981803894, 0.161647215486, 6.27500009537, 0.0417167283595, -548.331970215, -0.939242959023, 4.33566141129, -0.129190847278, 3376.26708984, 20.3075771332, 528.622924805, -20.5392589569, -0.0782455280423, -5.55111512313e-17,             0, 5.55111512313e-17
          6.3, 0.00506300898269, 3355.45239258, 7572.58496094, 7639.97265625, 0.138650894165, 5.05252027512, 87.3480682373, -0.00213202973828, -0.110443979502, 49.9981231689, 0.185889780521, 6.30000019073, 0.0399804189801, 132.848342896, -0.924328744411, 5.08209228516, -0.15898899734, 3346.79077148, -21.5186157227,  -119.6147995, 17.5578384399, -0.0789071321487,             0,             0,             0
        6.325, 0.0314837545156, 3353.37304688, 7567.75878906, 7643.58740234, 0.137772575021, 5.60191774368, 87.6952819824, -0.00620563048869, -0.111051425338, 49.9976119995, 0.161173716187, 6.32499980927, 0.0422779023647, 374.543243408, -0.974765062332, 4.97331380844, -0.121628910303, 3371.69848633, -32.8670043945, -322.79510498, 28.5881843567, -0.0795274674892,             0,             0,             0
         6.35, -0.0186254754663, 3347.96069336, 7566.64160156, 7645.04003906, 0.138086736202, 5.69400978088, 88.0424880981, -0.00188911322039, -0.111520364881, 49.9976234436, 0.165828809142, 6.34999990463, 0.0438052713871, 365.967895508, -0.986465454102, 4.85690498352, -0.10668387264, 3374.81713867, -32.0410842896, -352.207397461, 28.2468414307, -0.0801607295871,             0,             0,             0
        6.375, -0.0989141613245, 3324.23339844, 7562.15185547, 7649.65039062, 0.137528911233,  6.1857790947, 88.3897018433, -0.00286053167656, -0.112272329628, 49.9975967407, -0.256792992353,         6.375, 0.0461218096316,  557.60748291, -1.03372144699, 4.27793550491, -0.058409422636, 3393.36376953, -19.5174293518, -559.313171387, 18.1041412354, -0.0807908624411,             0, -5.55111512313e-17,             0
          6.4, -0.00372958858497, 3296.41943359,  7559.7109375,    7652.21875, 0.136550009251, 6.81813573837, 88.7369155884, -0.00884903501719, -0.11311070621, 49.9974784851, -0.194518446922, 6.40000009537, 0.0486344136298, -126.917747498, -1.05962073803, 3.57165622711, -0.0313494391739, 3418.36181641, 22.2619953156, 170.283355713, -19.7560024261, -0.0814231708646, 5.55111512313e-17,             0,             0
        6.425, 0.0435274317861, 3319.82568359, 7563.22753906, 7649.36279297, 0.136323437095, 6.34895944595, 89.0841217041, -0.00489076832309, -0.113283134997, 49.9972343445, -0.162238493562, 6.42500019073, 0.0478022582829, -378.668640137, -1.02312445641, 4.13249921799, -0.0610550604761, 3399.81030273, 32.2034759521, 414.635742188, -28.2257270813, -0.0820956230164, 5.55111512313e-17,             0,             0
         6.45, -0.172081887722, 3329.20800781, 7565.96582031, 7648.00537109, 0.137381598353, 6.09410619736,  89.431312561, 0.00708290887997, -0.113588951528,  49.997253418, 0.105421341956, 6.44999980927, 0.0471681505442, -551.878540039, -0.994743168354,  4.3815779686, -0.0750105604529, 3389.17871094, 20.6079216003, 519.418579102, -19.979839325, -0.0827695652843,             0,             0,             0
        6.475, 0.0556230209768, 3369.50292969, 7567.97753906,    7646.59375, 0.138251245022, 5.17816257477,  89.778503418, -0.0064001288265, -0.113531269133, 49.9970817566, 0.197629466653, 6.47499990463, 0.0452048107982, 117.093864441, -0.973894417286, 5.37823200226, -0.0895020961761, 3353.43676758, -23.3526973724, -60.0427398682,  19.946390152, -0.0834600999951, 5.55111512313e-17,             0,             0
          6.5, 0.0386437736452,   3364.015625, 7568.28515625, 7647.15039062, 0.138732269406, 5.23039722443, 90.1257019043, -0.00572652136907, -0.114015899599, 49.9969749451, 0.194135949016,           6.5, 0.045249465853, 118.695343018, -0.97081387043, 5.24875020981, -0.083356000483, 3355.35375977, -22.3854694366, -77.2679519653, 19.1401901245, -0.0841318443418,             0, -5.55111512313e-17,             0
        6.525, -0.0758166909218, 3342.20263672, 7565.00830078, 7650.19287109, 0.138328254223, 5.67103052139,   90.47290802, -0.00292919622734, -0.114726066589, 49.9969596863, 0.174885526299, 6.52500009537, 0.0459450185299, 361.652862549, -1.00522828102, 4.72553539276, -0.0511578060687, 3372.68115234, -32.0701446533, -350.765594482, 27.7389259338, -0.0847989991307,             0, -5.55111512313e-17, -5.55111512313e-17
         6.55, 0.547727882862, 3331.91845703, 7561.38183594, 7652.95996094, 0.136949107051, 6.15314865112, 90.8201217651, -0.00812652148306, -0.115393817425, 49.9966888428, -0.135853469372, 6.55000019073, 0.0469870567322, 570.358459473, -1.0432959795, 4.44035005569, -0.0219204667956, 3393.29882812, -18.2902698517, -527.238708496, 16.5962543488, -0.0854634866118,             0,             0,             0
        6.575, -0.0951861143112, 3310.40014648, 7560.44628906, 7653.48339844, 0.136923491955, 6.57696056366, 91.1673202515, 0.0208821874112, -0.116091646254, 49.9967689514, -0.249564364552, 6.57499980927, 0.0484073795378, 135.741073608, -1.05313515663, 3.91154932976, -0.0163169186562, 3409.26464844, 8.37251377106, -278.063232422, -3.08429288864, -0.0861256942153,             0,             0,             0
          6.6, -0.0647373273969, 3306.48803711, 7563.27441406, 7651.48974609, 0.137891948223, 6.59655618668, 91.5145111084, 0.00717792846262, -0.116518318653, 49.9969100952, -0.186733335257, 6.59999990463, 0.0484002158046, -341.399108887, -1.02352237701, 3.82643198967, -0.0371345728636,  3409.5090332, 32.0542297363, 304.543426514, -26.8819293976, -0.0868060663342,             0,             0,             0
        6.625, -0.0654578953981, 3338.34448242, 7567.81591797, 7647.56054688, 0.139072239399, 5.82538604736, 91.8616943359, -0.00249035726301, -0.11648722738, 49.9965896606, 0.251543223858,         6.625, 0.0461410358548, -589.937438965, -0.975896716118, 4.60119247437, -0.0782575905323, 3378.61621094, 18.6249809265, 625.705200195, -17.3365097046, -0.0875133424997, -5.55111512313e-17,             0, -5.55111512313e-17
         6.65, 0.0315691269934, 3361.56298828, 7569.40087891,  7646.4296875, 0.139885410666, 5.18469381332, 92.2088851929, -0.00143784761894, -0.116527013481, 49.9965744019, 0.192877650261, 6.65000009537, 0.0440847724676,  102.12412262, -0.959232568741, 5.19532680511, -0.0900316312909, 3353.17456055, -21.2811431885, -79.2502059937, 17.9162406921, -0.0882207602262, -5.55111512313e-17,             0,             0
        6.675, -0.062860198319, 3347.72363281, 7566.75927734, 7648.36572266, 0.139826416969, 5.47008180618, 92.5560836792, -0.00535108009353, -0.117087103426, 49.9965133667, 0.177959874272, 6.67500019073, 0.0446391738951, 326.676696777, -0.986829340458, 4.85631465912, -0.0696933940053, 3364.53979492, -30.7844753265, -291.053527832, 26.1669197083, -0.0889015495777, -5.55111512313e-17,             0, -5.55111512313e-17
          6.7, -0.0948912575841, 3317.41235352, 7562.32958984, 7651.89501953, 0.139567092061, 6.04270267487, 92.9032821655, -0.00555507466197, -0.117818400264, 49.9965248108, -0.257810026407, 6.69999980927, 0.0462250895798, 598.639831543, -1.03317666054, 4.13034534454, -0.0327151231468, 3387.06640625, -19.5126132965, -565.515930176, 17.3466510773, -0.0895731076598,             0,             0,             0
        6.725, -0.0967950373888,  3321.7277832, 7561.85253906, 7651.45507812, 0.138650581241, 6.16960191727, 93.2504882812, 0.00125012255739, -0.118205413222, 49.9963264465, -0.257619231939, 6.72499990463, 0.0462304353714, 533.361450195, -1.03811275959, 4.20800495148, -0.0374358221889,  3393.3269043, -10.461977005, -546.21661377, 11.9448671341, -0.0902638286352,             0,             0,             0
         6.75, 0.104100830853,    3328.46875, 7562.13769531, 7650.55761719, 0.13775703311, 6.19119215012,  93.597694397, -0.00570900505409, -0.118555642664, 49.9963035583, -0.220060393214,          6.75, 0.045529063791, 579.429748535, -1.03506839275, 4.36659431458, -0.0470231324434, 3394.61694336, -17.757352829, -554.41418457, 16.6868534088, -0.090964987874,             0, 5.55111512313e-17, 5.55111512313e-17
        6.775, -0.040810380131, 3304.43725586, 7560.63574219, 7651.43554688, 0.136256486177, 6.92814207077, 93.9449081421, 0.00415684189647, -0.11939060688, 49.9962501526, -0.217780902982, 6.77500009537, 0.0473655126989, -33.3015327454, -1.05082035065, 3.74427080154, -0.0380100756884, 3423.95043945, 19.7167682648, -25.821844101, -15.3005371094, -0.0916403755546,             0,             0,             0
          6.8, -0.0620648115873,  3315.6550293, 7564.22314453, 7648.23535156, 0.135646447539, 6.39226913452, 94.2921142578, -0.00683780852705, -0.119667857885, 49.9962348938, -0.184349283576, 6.80000019073, 0.0473998524249, -363.169494629, -1.01325595379,  4.0396399498, -0.0717317312956, 3401.16162109,  32.349571228, 394.824798584, -28.2695598602, -0.0923374295235,             0, -5.55111512313e-17,             0
        6.825, -0.0709453076124, 3336.22094727, 7566.89794922, 7646.60009766, 0.135876625776, 5.96064662933, 94.6393051147, 0.00193744222634, -0.119890108705, 49.9962425232, 0.248894572258, 6.82499980927, 0.0470368564129, -578.885925293, -0.985307693481, 4.55102491379, -0.0889367982745, 3384.22631836, 18.3279399872, 580.599914551, -17.8013019562, -0.0930431932211,             0, -5.55111512313e-17,             0
         6.85, 0.0556285828352, 3369.77587891, 7567.71191406, 7646.33789062, 0.136685743928, 5.32160806656, 94.9864883423, -0.00583299994469, -0.119974419475, 49.9961700439, 0.195256635547, 6.84999990463, 0.0456744022667,  123.44278717, -0.976940095425, 5.36984395981, -0.0915799736977, 3359.65478516, -22.8729553223, -63.1064987183, 19.4924278259, -0.0937640294433,             0, 5.55111512313e-17,             0
        6.875, -0.0703225135803, 3353.31616211, 7564.70019531, 7649.88671875, 0.138078287244, 5.49644708633, 95.3336715698, 0.00333764101379, -0.120608963072, 49.9963912964, 0.179019153118,         6.875, 0.0468292348087, 289.144989014, -1.00870800018, 4.98855876923, -0.0541235134006, 3365.47460938, -30.4874591827, -296.17880249, 26.6611099243, -0.0944609940052,             0,             0,             0
          6.9, 0.139654830098, 3325.69726562, 7560.54931641, 7654.38134766, 0.138731598854, 6.09300422668, 95.6808624268, 0.000716300215572, -0.121409676969, 49.9963226318, -0.210316285491, 6.90000009537, 0.048610765487, 534.852416992, -1.05240035057, 4.31302642822, -0.00665869098157, 3389.35083008, -20.421043396, -534.44708252, 19.1834049225, -0.0951543301344, -5.55111512313e-17,             0,             0
        6.925, -0.0077904635109, 3298.54638672, 7559.24267578, 7655.70410156, 0.138589814305, 6.85515928268, 96.0280532837, 0.00166809931397, -0.122230745852, 49.9962348938, -0.199716150761, 6.92500019073, 0.0497835688293, -93.6255493164, -1.06620872021,   3.615432024, 0.00750383269042, 3420.26147461,  21.795589447, 76.8631439209, -18.3014736176, -0.0958573147655,             0,             0,             0
         6.95, -0.0676392838359, 3298.37719727, 7561.63525391, 7653.63769531, 0.138623267412, 6.58156251907,   96.37525177, 0.00574246793985, -0.122603781521, 49.9965286255, -0.185865059495, 6.94999980927, 0.0491145476699, -315.381072998, -1.04118227959, 3.64480471611, -0.013980967924, 3407.64819336, 30.1013507843, 261.368804932, -25.6837615967, -0.0965816304088, 5.55111512313e-17,             0,             0
        6.975, -0.0662411302328,  3311.6237793, 7563.14599609, 7651.52734375, 0.137837052345, 6.47962713242, 96.7224578857, 0.00102834939025, -0.122950270772, 49.9962654114, -0.18491949141, 6.97499990463, 0.0485001541674, -358.556488037, -1.02538239956, 3.93836522102, -0.0360234640539, 3404.69580078, 31.4392356873, 345.291442871, -27.2287864685, -0.097307279706, -5.55111512313e-17,             0,             0
            7, -0.205602884293, 3328.39941406, 7566.31738281, 7648.63134766, 0.137746781111,  6.0295882225, 97.0696487427, 0.00302508473396, -0.123205319047, 49.9962539673, 0.131437554955,             7, 0.0476154536009, -548.828308105, -0.992142915726, 4.37205839157, -0.066378235817, 3386.27075195,  20.152053833, 523.975830078, -19.884141922, -0.0980380177498, 5.55111512313e-17, 5.55111512313e-17,             0
        7.025, 0.0213502012193, 3362.61206055, 7567.91992188, 7646.83447266, 0.137979179621, 5.09817790985,  97.416847229, -0.00239829276688, -0.123189613223, 49.9963150024, 0.191397443414, 7.02500009537, 0.0456548109651,  122.17755127, -0.975361704826, 5.23580980301, -0.0852165073156, 3349.18530273, -22.4863452911, -97.9815063477, 18.8961715698, -0.0987832546234, -5.55111512313e-17, -5.55111512313e-17,             0
         7.05, -0.0775931328535, 3341.54858398, 7563.97119141, 7650.48583984, 0.138430789113, 5.59653377533, 97.7640380859, 0.00160842225887, -0.123905085027, 49.9962997437, 0.17675152421, 7.05000019073, 0.046498965472,  359.75100708, -1.01678657532, 4.72156000137, -0.0469019077718, 3369.51098633, -31.9961051941, -357.494689941, 27.8616256714, -0.0995016545057,             0,             0,             0
        7.075, 0.588399887085, 3331.39233398, 7560.86328125, 7653.17480469, 0.138177722692, 6.19558238983, 98.1112289429, -0.005117315799, -0.124571897089, 49.9960403442, -0.127985298634, 7.07499980927, 0.0469200350344, 552.608398438, -1.04936766624, 4.41954469681, -0.01867807284, 3395.21044922, -16.7391719818, -510.607879639, 15.7304401398, -0.100226715207, -5.55111512313e-17,             0,             0
          7.1, -0.0917731374502, 3307.36547852, 7560.51367188, 7653.69287109, 0.138665467501, 6.62260484695, 98.4584197998, 0.0180819574744, -0.125279664993, 49.9962806702, -0.240663677454, 7.09999990463, 0.0482189059258, 56.2738838196, -1.05295181274, 3.83680510521, -0.0132776768878, 3410.89892578, 11.9841909409, -182.122177124, -6.95296144485, -0.100943267345,             0, -5.55111512313e-17,             0
        7.125, -0.0654666870832, 3308.23339844, 7563.76025391, 7650.92382812, 0.138688459992, 6.45674657822, 98.8056182861, 0.00153705279808, -0.12563174963, 49.9964179993, -0.185809463263,         7.125, 0.0481960177422, -348.887023926, -1.0188177824,  3.8754029274, -0.0423738285899, 3403.47998047, 31.9747905731, 329.032562256, -27.3607807159, -0.101676501334,             0,             0,             0
         7.15, -0.0420737527311, 3335.54052734, 7567.56591797, 7647.05371094, 0.138549491763, 5.80898952484, 99.1528167725, -0.00826846249402, -0.125647842884, 49.9961929321, 0.24751791358, 7.15000009537, 0.0462538786232, -574.961486816, -0.978834629059, 4.53742790222, -0.0830397680402, 3377.88745117, 19.3085021973, 634.695068359, -18.3140544891, -0.102434083819,             0,             0,             0
        7.175, 0.0181156415492, 3350.87744141, 7568.62158203, 7645.93798828, 0.139100193977, 5.32988119125, 99.5000076294, -0.00119438604452, -0.125754326582, 49.9964332581, 0.227667763829, 7.17500019073, 0.0443752743304, -97.3347091675, -0.967717528343, 4.94629240036, -0.0948358029127, 3358.15112305, -13.5560569763,  117.12537384, 9.07248592377, -0.103193856776,             0, -5.55111512313e-17, -5.55111512313e-17
          7.2, -0.0396898165345, 3353.47412109, 7566.77587891, 7646.88720703, 0.139366537333, 5.35757780075, 99.8471984863, -0.00900644809008, -0.126116275787, 49.9963378906, 0.182300642133, 7.19999980927, 0.0442418307066,  298.25302124, -0.986991286278, 4.99382019043, -0.0850068554282, 3360.05615234, -29.5827388763, -225.211380005, 24.6458435059, -0.103935971856,             0,             0,             0
        7.225, 0.0302561409771, 3348.11865234, 7565.46826172, 7648.16894531, 0.139318943024,  5.6636557579, 100.194396973, -0.00470855133608, -0.126616835594, 49.9962158203, 0.159466192126, 7.22499990463, 0.0447869747877, 372.205932617, -1.00058495998,  4.8440694809, -0.0717229619622, 3373.57470703, -31.9374103546, -333.146240234, 27.8212509155, -0.104672700167,             0, -5.55111512313e-17,             0
         7.25, 0.484111070633, 3330.13671875, 7561.85253906, 7651.22412109, 0.139005124569, 6.07939195633, 100.541595459, -0.00930362101644, -0.127281248569, 49.9962768555, -0.148783877492,          7.25, 0.0464017726481, 598.805847168, -1.03840506077, 4.40918397903, -0.0398407019675, 3390.14257812, -18.2006492615, -545.846618652, 16.6407184601, -0.105400450528,             0, -5.55111512313e-17,             0
        7.275, -0.0971575155854, 3308.23999023, 7560.50097656, 7652.29785156, 0.138376504183, 6.52010011673, 100.888801575, 0.0179539639503, -0.127979889512, 49.9964561462, -0.251539319754, 7.27500009537, 0.0480728335679, 165.184402466, -1.05255937576, 3.86651968956, -0.0286823492497, 3406.57055664, 6.93335819244, -303.614929199, -1.92379128933, -0.106130823493, -5.55111512313e-17,             0,             0
          7.3, -0.0713142603636, 3302.07763672, 7559.78564453, 7652.84814453, 0.138239189982, 6.56221342087, 101.236000061, 0.0136287221685, -0.128459900618, 49.9964790344, -0.234289839864, 7.30000019073, 0.048600807786, 27.2914199829, -1.06011629105, 3.72346258163, -0.022962892428, 3408.44628906, 16.8308258057, -119.759490967, -12.0489959717, -0.106877051294, 5.55111512313e-17,             0,             0
        7.325, -0.0617763400078,  3315.3503418, 7563.53662109, 7649.40820312, 0.138681739569, 6.31338119507, 101.583190918, -0.00404610484838, -0.128729686141, 49.9964942932, -0.183448538184, 7.32499980927, 0.0469899438322, -362.805908203, -1.02090358734, 4.03573036194, -0.0590505450964, 3398.05151367, 32.7358093262, 397.050476074, -28.6019268036, -0.107650242746, 5.55111512313e-17,             0,             0
         7.35, 0.196798548102, 3321.97216797, 7565.11132812, 7648.57226562, 0.138921946287, 6.28988838196, 101.930381775, -0.000367933796952, -0.129127755761, 49.9965286255, -0.132985398173, 7.34999990463, 0.0461200363934, -403.709350586, -1.00442075729, 4.18695211411, -0.0678603425622, 3397.62451172,  27.552696228, 407.692749023, -25.7935733795, -0.108416974545,             0,             0,             0
        7.375, -0.012628229335, 3330.40405273, 7568.04589844, 7646.04296875, 0.138778284192, 5.98330831528, 102.277587891, -0.00130938447546, -0.129445895553, 49.9966392517, 0.176386162639,         7.375, 0.0449112169445, -550.879760742, -0.97357070446, 4.42124557495, -0.0944894328713, 3384.71459961, 20.2183933258, 545.571655273, -19.7330207825, -0.109188877046,             0,             0,             0
          7.4, -0.0155830923468, 3351.03100586, 7569.67236328, 7644.21337891, 0.137929424644, 5.41911125183, 102.624794006, -0.00618997169659, -0.129634618759, 49.9967422485, 0.23564568162, 7.40000009537, 0.0436066426337, -169.142776489, -0.956359624863,  4.9434466362, -0.113845340908, 3361.97753906, -10.9238233566, 197.727478027,  6.0955696106, -0.109963491559,             0,             0,             0
        7.425, 0.0378479734063, 3364.39135742, 7569.54052734, 7643.80615234, 0.137481018901,   5.008228302, 102.972000122, -0.00401230389252, -0.129924863577, 49.9967880249, 0.199472293258, 7.42500019073, 0.0434529669583, 88.8873977661, -0.957628130913, 5.27940940857, -0.118261940777, 3345.63916016, -23.4948959351, -59.9534454346, 19.3526229858, -0.110727757215,             0, -5.55111512313e-17,             0
         7.45, -0.0776919126511, 3339.54467773, 7565.24414062, 7647.74023438, 0.137824207544, 5.65040922165, 103.319190979, 0.00176100328099, -0.130755364895, 49.9968833923, 0.174759820104, 7.44999980927, 0.0453224033117, 367.928833008, -1.00261473656, 4.67199611664, -0.0771318823099, 3371.73266602, -32.4842758179, -364.460144043,  28.294260025, -0.111474469304,             0,             0,             0
        7.475, 0.173263370991, 3327.50830078, 7561.14599609, 7651.50537109, 0.137981668115, 6.21100854874, 103.666389465, 0.000721001939382, -0.131496101618, 49.9967384338, -0.204356089234, 7.47499990463, 0.0468177311122, 527.770080566, -1.04563975334, 4.33919525146, -0.0376501753926, 3395.46362305, -16.2019786835, -522.644470215, 15.6832532883, -0.112228535116,             0, 5.55111512313e-17, -5.55111512313e-17
          7.5, -0.115076899529, 3308.53369141, 7559.85693359, 7653.10058594, 0.137639641762, 6.89937496185, 104.013595581, 0.0215402767062, -0.132320955396, 49.9967460632, -0.243118017912,           7.5, 0.0486089959741, 42.6809616089, -1.05923295021, 3.83581089973, -0.0208539944142, 3423.38427734, 16.6389293671, -199.524414062, -10.137137413, -0.112982518971,             0,             0,             0
        7.525, -0.0252000112087, 3303.21655273, 7559.60546875, 7653.66015625, 0.137306019664, 6.86459350586, 104.360794067, 0.00425439001992, -0.132848188281,  49.996887207, -0.215278610587, 7.52500009537, 0.0493056327105, -36.7415466309, -1.0619584322, 3.72048354149, -0.0148677332327, 3421.36767578, 20.1638336182, -8.74261760712, -16.0346412659, -0.113751552999,             0,             0,             0
         7.55, -0.0672889277339, 3308.63183594,  7562.3671875, 7651.39013672, 0.136967420578, 6.49732160568, 104.708000183, 0.00102830771357, -0.13318708539, 49.9972229004, -0.183554559946, 7.55000019073, 0.048397924751, -361.404510498, -1.03314578533, 3.88110685349, -0.0385201573372, 3404.97973633, 31.9331417084, 337.542358398, -27.3480587006, -0.114542007446, 5.55111512313e-17,             0,             0
        7.575, -0.0638705715537, 3310.13061523, 7562.65234375, 7650.97949219, 0.136680021882, 6.49563932419, 105.055206299, 0.00238946289755, -0.133654773235, 49.9972305298, -0.185365393758, 7.57499980927, 0.0481416508555, -343.457214355, -1.03029251099, 3.91834211349, -0.0427139811218, 3405.37963867, 30.6250171661,  324.62109375, -26.9805545807, -0.115328297019,             0, 5.55111512313e-17, -5.55111512313e-17
          7.6, -0.0132246883586,  3333.1953125, 7566.87548828, 7647.18261719, 0.137281671166, 5.93084621429, 105.402397156, 0.000666905427352, -0.133804187179, 49.9971466064, 0.237468913198, 7.59999990463, 0.0459886044264, -558.725830078, -0.986079633236, 4.48870801926, -0.0824759975076, 3382.68408203, 19.8590145111, 566.469726562, -18.9905223846, -0.116137571633, -5.55111512313e-17,             0,             0
        7.625, 0.0186035502702, 3362.10351562, 7569.12744141,       7645.25, 0.13799123466, 5.31136226654, 105.749595642, 0.00393767235801, -0.133891090751, 49.9971961975, 0.193198725581,         7.625, 0.043689224869, 64.1230392456, -0.962411046028,  5.1980547905, -0.102750085294, 3358.51367188, -19.6421699524, -73.2236175537,  16.827047348, -0.116950176656, -5.55111512313e-17,             0,             0
         7.65, -0.06917244941, 3352.40209961, 7565.55175781, 7648.60888672, 0.138145089149, 5.67852115631, 106.096794128, -0.00355109083466, -0.134542584419, 49.9971237183, 0.178356021643, 7.65000009537, 0.0450319163501, 361.298431396, -0.999758780003, 4.94994068146, -0.0675677210093, 3374.28344727, -32.0140151978, -331.927856445, 27.9677238464, -0.117724515498, -5.55111512313e-17, -5.55111512313e-17,             0
        7.675, -0.0504971034825, 3353.81176758, 7565.25390625, 7648.87158203, 0.137728720903, 5.66182374954, 106.444000244, -0.00608621863648, -0.13499777019,  49.997127533,  0.1756311059, 7.67500019073, 0.0457765609026, 368.938140869, -1.00276482105, 4.98173713684, -0.064821690321,   3374.046875, -31.1031665802, -331.969116211, 27.6822433472, -0.118508115411,             0, 5.55111512313e-17,             0
          7.7, 0.0544810704887, 3347.12573242, 7564.60400391, 7649.20166016, 0.137002050877, 5.76312065125, 106.791213989, -0.00530834728852, -0.135517150164, 49.9972648621, 0.152373760939, 7.69999980927, 0.045974444598, 376.232177734, -1.00954031944, 4.82702112198, -0.0613391622901, 3377.56103516, -31.8783798218, -351.981323242, 27.5524101257, -0.119302257895,             0,             0,             0
        7.725, 0.466071009636, 3330.71118164, 7561.36279297, 7651.27832031, 0.136071205139, 6.09810256958, 107.138427734, -0.00841614697129, -0.136193782091, 49.9974136353, -0.150372222066, 7.72499990463, 0.0465342216194, 539.536071777, -1.04359936714, 4.42581701279, -0.0395375192165, 3390.23852539, -21.1461925507, -498.830718994, 19.6956977844, -0.120095856488,             0,             0,             0
         7.75, -0.147994279861, 3313.36206055, 7559.75537109, 7652.37841797, 0.135455429554, 6.71516609192,  107.48563385, 0.0326371118426, -0.136961564422, 49.9973754883, -0.241665437818,          7.75, 0.0478558540344, 46.7235908508, -1.06054615974, 3.95807766914, -0.0280177108943, 3415.66943359, 10.5459890366, -267.182037354, -3.68595409393, -0.120883241296,             0,             0,             0
        7.775, -0.0437290519476, 3297.33203125, 7561.14453125, 7652.13720703, 0.137008190155, 6.79915380478, 107.832824707, 0.00824076868594, -0.137536466122, 49.9978103638, -0.191815748811, 7.77500009537, 0.0487888343632, -209.156997681, -1.04603934288, 3.60190582275, -0.030587926507, 3417.24682617, 27.0334320068, 165.406799316, -22.3038482666, -0.121677167714, 5.55111512313e-17,             0,             0
          7.8, -0.0632697194815, 3300.64892578, 7562.13183594, 7652.03027344, 0.138351306319, 6.64027881622, 108.180015564, 0.0120900683105, -0.137896180153, 49.9979629517, -0.186391979456, 7.80000019073, 0.0482267737389, -289.876098633, -1.03571164608,  3.6983268261, -0.0317034423351, 3410.80249023, 29.5183486938, 220.280654907, -24.1564979553, -0.122491210699,             0,             0,             0
        7.825, -0.124426104128, 3320.40185547, 7564.84033203, 7649.51318359, 0.138425379992, 6.31785583496,  108.52721405, 0.000517165579367, -0.138081282377, 49.9977684021, -0.171497911215, 7.82499980927, 0.0457160323858, -389.925262451, -1.00725865364,  4.1643447876, -0.0580631159246, 3398.16040039, 32.3180732727,  380.37991333, -28.3001308441, -0.12332957983,             0, -5.55111512313e-17,             0
         7.85, -0.00972071569413, 3332.05078125, 7569.02099609, 7645.83544922, 0.137795209885,  6.0091919899, 108.874427795, 0.000703478697687, -0.138340055943,  49.997756958, 0.208105564117, 7.84999990463, 0.0435543805361, -570.368835449, -0.963209807873, 4.45647525787, -0.0967200621963, 3385.87182617, 19.9077377319, 552.559692383, -19.9923763275, -0.124164916575,             0,             0,             0
        7.875, 0.0638671368361, 3365.93041992, 7571.17285156, 7642.61132812, 0.137022122741, 5.14171028137,  109.22164917, -0.0113179497421, -0.138328224421, 49.9977340698, 0.196825966239,         7.875, 0.0416801720858, 131.511657715, -0.94037091732, 5.30052185059, -0.130771353841,     3351.8125, -23.305557251, -56.2159843445, 19.0662841797, -0.124996975064, -5.55111512313e-17,             0,             0
          7.9, -0.0678836926818, 3353.36816406, 7567.84033203,   7644.734375, 0.13705201447, 5.47341346741, 109.568855286, 0.00038396436139, -0.138953119516, 49.9979667664, 0.178627982736, 7.90000009537, 0.0435685403645, 298.930419922, -0.975071668625,  4.9881439209, -0.108820311725, 3364.86865234, -30.8880310059, -289.216918945, 26.2970066071, -0.125790774822,             0,             0,             0
        7.925, 0.188354730606, 3329.15795898, 7562.04345703, 7649.97167969, 0.137388586998,  6.2075548172, 109.916053772, 0.000187069905223, -0.139759019017, 49.9978561401, -0.202036336064, 7.92500019073, 0.046652007848, 541.077148438, -1.03579735756,  4.3793182373, -0.0541007593274, 3395.38134766, -17.0945472717, -531.708007812, 16.4021167755, -0.126575887203, 5.55111512313e-17, -5.55111512313e-17, 5.55111512313e-17
         7.95, 0.0120786754414, 3299.33349609, 7559.70117188,      7652.625, 0.137844547629, 6.84630537033, 110.263259888, -0.00244562001899, -0.140565276146, 49.9980316162, -0.200001224875, 7.94999980927, 0.0490413606167, -81.9136428833, -1.06046760082, 3.63628292084, -0.0262667778879, 3419.97949219, 20.3294410706, 96.3385925293, -16.9059581757, -0.127373799682,             0,             0, -5.55111512313e-17
        7.975, -0.0665803998709,   3304.453125, 7562.37402344, 7651.19091797, 0.138147115707, 6.56214570999, 110.610458374, 0.00658453209326, -0.140864551067, 49.9982872009, -0.186676099896, 7.97499990463, 0.048581816256, -347.242736816, -1.03267729282, 3.78481721878, -0.0411386564374, 3407.81469727, 31.4264450073, 299.334503174, -26.2957000732, -0.128206849098,             0,             0,             0
            8, -0.0678964406252, 3336.69067383, 7566.43066406, 7647.37792969, 0.138337343931,  5.8374505043,  110.95766449, -0.00284851947799, -0.140878722072, 49.9980697632, 0.251133143902,             8, 0.0467024706304, -590.62890625, -0.99036192894, 4.56181764603, -0.0809155106544, 3378.86694336, 17.7815113068, 615.933166504, -16.9901008606, -0.129058271646, -5.55111512313e-17,             0,             0
        8.025, 0.0622060336173, 3351.92675781, 7567.34619141,  7646.5859375, 0.139010861516, 5.30354785919, 111.304870605, -0.00613907119259, -0.14105245471,  49.998336792, 0.219001963735, 8.02499961853, 0.0456988699734, -35.1512870789, -0.980950832367, 4.97571372986, -0.0890406444669, 3357.04492188, -15.6565628052, 84.6792907715,  10.352273941, -0.129902929068,             0,             0,             0
         8.05, -0.0632610023022, 3342.34838867, 7564.17871094, 7649.12988281, 0.139108940959, 5.59423208237, 111.652076721, -0.00171671772841, -0.141603469849,  49.998260498, 0.173205554485, 8.05000019073, 0.0462354458869, 363.756072998, -1.01429069042, 4.72931957245, -0.0622243769467, 3369.64868164, -31.9678516388, -345.252380371, 27.7594947815, -0.13073387742,             0,             0,             0
        8.075, 0.544850945473, 3329.59155273, 7560.53759766, 7652.44726562, 0.138802021742, 6.07654285431, 111.999290466, -0.00712638441473, -0.142220258713, 49.9981384277, -0.136299535632, 8.07499980927, 0.0469538494945, 576.139587402, -1.05256533623, 4.39417362213, -0.027314228937, 3390.17285156, -17.1371097565, -526.53302002, 16.0302963257, -0.131565034389,             0,             0, 5.55111512313e-17
          8.1, -0.015849545598, 3292.10766602, 7559.93261719, 7653.35351562, 0.139454856515, 6.75503253937, 112.346496582, -0.00370499421842, -0.143039241433, 49.9984970093,  -0.193572402, 8.10000038147, 0.0483638122678, -138.568786621, -1.05891668797, 3.47720241547, -0.0177571754903, 3415.12329102, 22.8220500946, 163.194396973, -20.4662284851, -0.132390409708, 5.55111512313e-17,             0,             0
        8.125, -0.0174043755978, 3297.26245117, 7560.41210938,  7652.9140625, 0.139369234443, 6.70823144913, 112.693702698, 0.00206797383726, -0.143392324448, 49.9985198975, -0.195189923048,         8.125, 0.0480900518596, -117.475990295, -1.05384135246, 3.60214352608, -0.0223671253771, 3413.87280273,  21.116147995, 101.959144592, -18.5672702789, -0.13323546946,             0,             0,             0
         8.15, -0.0685413330793,    3299.46875, 7563.06396484, 7650.73681641, 0.139570534229, 6.48246717453, 113.040916443, 0.00627365428954, -0.143698439002, 49.9988021851, -0.185007184744, 8.14999961853, 0.0470181964338, -324.03213501, -1.0259540081, 3.68115115166, -0.0452471040189, 3403.85400391, 30.5588283539, 271.986480713, -25.9794940948, -0.134091705084,             0, 5.55111512313e-17,             0
        8.175, -0.0444184541702, 3332.60498047, 7568.39257812, 7645.49462891, 0.13927680254, 5.78989505768, 113.388130188, -0.00481665367261, -0.14367441833,  49.998500824, 0.246162310243, 8.17500019073, 0.04454087466, -575.835083008, -0.969931781292, 4.47089672089, -0.100338630378, 3376.71630859, 19.9593849182, 611.609130859, -19.0061302185, -0.134964555502,             0,             0,             0
          8.2, -0.0313727594912, 3341.11743164, 7569.47509766, 7644.35205078, 0.139808982611, 5.39802837372, 113.735336304, -0.020190211013, -0.143907099962, 49.9987602234, 0.245939686894, 8.19999980927, 0.0437064617872, -302.645965576, -0.958428502083, 4.71703004837, -0.112477734685, 3360.18530273, -0.366830408573, 444.225921631, -4.75109624863, -0.135821267962,             0,             0,             0
        8.225, 0.0500677041709, 3368.82226562, 7570.36669922, 7643.02539062, 0.138748973608, 5.13217735291, 114.082557678, -0.00915047805756, -0.144051536918, 49.9985809326, 0.196349397302, 8.22500038147, 0.0421409867704, 123.596572876, -0.948922812939, 5.36953639984, -0.12657430768, 3351.84277344, -23.2063999176, -67.4118652344,  19.214925766, -0.136688455939,             0, -5.55111512313e-17,             0
         8.25, -0.0159004442394, 3348.08056641, 7566.36279297, 7646.17041016, 0.137855917215, 5.64658498764, 114.429779053, -0.00516241183504, -0.144743710756, 49.9986076355, 0.167195647955,          8.25, 0.0433096624911, 358.724456787, -0.990730881691, 4.85227251053, -0.0938240811229,  3372.6340332, -32.1471214294, -334.967102051, 27.8286342621, -0.137528121471,             0, 5.55111512313e-17,             0
        8.275, 0.199002832174, 3324.30834961, 7562.89941406, 7648.83837891, 0.137505590916, 6.05070877075, 114.776992798, -0.0102309277281, -0.145429268479, 49.9987564087, -0.202909618616, 8.27499961853, 0.0450968034565, 589.236450195, -1.02694416046, 4.28187894821, -0.066049054265, 3388.14916992, -21.0883522034, -524.990905762,  19.707660675, -0.138363048434, 5.55111512313e-17,             0,             0
          8.3, -0.107030674815, 3313.36450195, 7561.51855469, 7650.19091797, 0.137444615364, 6.45377731323, 115.124206543, 0.0230624862015, -0.146022617817, 49.9988136292, -0.254985362291, 8.30000019073, 0.0464795939624, 258.506195068, -1.04138696194, 3.99352288246, -0.0520228631794, 3404.45996094, 3.09842848778, -408.44744873, 2.31443071365, -0.139205604792,             0,             0, 5.55111512313e-17
        8.325, -0.00597912911326, 3301.66235352, 7560.67382812, 7651.29296875, 0.137778639793, 6.87950229645, 115.471420288, 0.00270592211746, -0.14663605392, 49.9989013672, -0.200843662024, 8.32499980927, 0.0474612861872, -87.2964630127, -1.05026078224, 3.68726968765, -0.0405297763646, 3421.68505859, 21.2462787628, 69.6968841553, -17.5782260895, -0.140056356788,             0, 5.55111512313e-17,             0
         8.35, -0.0734730735421, 3308.13842773, 7563.41162109, 7649.56933594, 0.138067126274, 6.44631528854, 115.818626404, 0.00380701501854, -0.146937027574, 49.9992485046, -0.183029338717, 8.35000038147, 0.047192838043, -371.007232666, -1.02163147926,  3.8861284256, -0.0585759021342,  3402.4921875, 31.4398822784, 328.567657471, -26.9651355743, -0.140923321247, 5.55111512313e-17,             0,             0
        8.375, -0.0622284524143, 3339.83813477, 7567.35253906, 7645.96142578, 0.137001246214, 5.87383174896, 116.165855408, -0.00817483756691, -0.14705298841, 49.9988708496, 0.249799028039,         8.375, 0.0463459827006, -566.13482666, -0.98041087389, 4.62943887711, -0.0963158681989, 3380.89038086, 18.1712799072, 610.942077637, -16.6040763855, -0.14179970324,             0,             0,             0
          8.4, 0.0274348072708, 3363.73339844,   7567.953125,  7645.5390625, 0.137005418539, 5.15261554718, 116.513069153, -0.00442963093519, -0.14713345468, 49.9990959167, 0.191790297627, 8.39999961853, 0.0450734458864, 127.639541626, -0.974269032478, 5.25554513931, -0.1005917117, 3351.78344727, -22.9541282654, -93.4502258301, 19.2148361206, -0.142684817314,             0,             0,             0
        8.425, -0.0701670870185, 3350.52172852, 7563.68164062, 7649.36816406, 0.137346357107, 5.55948352814, 116.860282898, -0.0013939946657, -0.147787854075, 49.9990539551, 0.179627895355, 8.42500019073, 0.0460381768644, 360.523651123, -1.01924538612, 4.92136240005, -0.060240585357, 3369.00488281, -32.1903800964, -334.712402344, 28.0663814545, -0.143549129367,             0,             0,             0
         8.45, 0.346366614103,  3328.2824707, 7561.32128906, 7651.84960938, 0.138676896691, 6.00253534317, 117.207481384, -0.000799517147243, -0.148468703032, 49.9992408752, -0.133271977305, 8.44999980927, 0.0466823317111, 524.758178711, -1.04414010048, 4.37705230713, -0.0340262502432, 3385.94018555, -20.9500179291, -500.759552002, 20.0672225952, -0.144419565797,             0,             0, 5.55111512313e-17
        8.475, -0.123812265694, 3314.30493164, 7560.54150391, 7653.02880859, 0.139157533646,  6.5498585701,   117.5546875, 0.0368357561529, -0.149123907089, 49.9991264343, -0.253621518612, 8.47500038147, 0.0474040731788, 179.992584229, -1.05234634876, 3.99551081657, -0.0215110592544, 3408.78491211,  4.9991645813, -421.313049316, 2.51113677025, -0.145290508866, -5.55111512313e-17,             0,             0
          8.5, -0.0268323365599, 3300.59863281,    7560.84375, 7653.08398438, 0.139396652579,  6.8317732811, 117.901901245, 0.00566571531817, -0.149705678225, 49.9992446899, -0.210934147239,           8.5, 0.0477743297815, -54.4055633545, -1.0491039753, 3.66138482094, -0.0208493899554, 3419.74121094, 20.8084373474, 8.47290420532, -16.4781780243, -0.146166935563, 5.55111512313e-17, -5.55111512313e-17,             0
        8.525, -0.0681280344725, 3303.60302734, 7564.05810547, 7650.32666016, 0.139044433832, 6.44547891617,  118.24912262, 0.00351913529448, -0.150039434433, 49.9995880127, -0.18636803329, 8.52499961853, 0.0473807305098, -345.620819092, -1.01530814171, 3.78222179413, -0.0497325137258, 3402.52148438, 31.7780036926, 297.288879395, -27.031211853, -0.147053197026,             0,             0, -5.55111512313e-17
         8.55, -0.367292642593,   3326.140625,   7567.109375, 7646.90283203, 0.138233825564,  5.8377790451, 118.596351624, 0.00187897868454, -0.150172933936,   49.99949646, 0.19318331778, 8.55000019073, 0.046232573688, -555.899475098, -0.983256876469, 4.33622169495, -0.0856595188379, 3377.77294922, 22.3236503601, 533.603759766, -21.821855545, -0.147950470448, -5.55111512313e-17,             0,             0
        8.575, 0.0120033342391, 3358.29150391, 7568.14160156, 7645.21630859, 0.137730300426, 5.23307132721, 118.943572998, 0.00313450512476, -0.150243997574, 49.9994239807, 0.192499399185, 8.57499980927, 0.0450456924736, 69.6655807495, -0.972478449345,  5.1200261116, -0.103366054595, 3354.93920898, -20.8154506683, -82.3848495483, 17.5104560852, -0.148851186037,             0,             0, 5.55111512313e-17
          8.6, -0.0410653352737, 3349.31201172, 7563.81933594, 7648.97705078, 0.13798956573, 5.64848089218, 119.290786743, -0.0027977542486, -0.150871023536, 49.9993286133, 0.174145326018, 8.60000038147, 0.046244725585, 358.322418213, -1.01792013645, 4.87424278259, -0.0639002993703, 3372.82373047, -32.2357444763, -322.21295166, 28.2228851318, -0.149729639292,             0,             0,             0
        8.625, 0.497325152159,  3331.1081543, 7560.10009766, 7652.86035156, 0.138782665133, 6.10964441299, 119.637992859, -0.00689458567649, -0.151563182473, 49.9993743896, -0.146221786737,         8.625, 0.0478732287884, 601.731140137, -1.0570744276,  4.4252705574, -0.0230467095971, 3391.46142578, -18.1471977234, -544.41217041, 16.8752212524, -0.150606364012,             0,             0,             0
         8.65, -0.0986651927233, 3304.61889648, 7559.17724609, 7654.40234375, 0.139076948166, 6.79093599319, 119.985214233, 0.0171250328422, -0.152336299419, 49.9994506836, -0.232113465667, 8.64999961853, 0.0494886599481,  1.6106313467, -1.06686401367,  3.7545375824, -0.00670317700133, 3418.52319336, 18.6572151184, -120.133964539, -12.7087049484, -0.151486515999,             0,             0,             0
        8.675, -0.0341041572392, 3315.93164062, 7563.55664062, 7650.72998047, 0.139341145754, 6.29980707169, 120.332427979, -0.00467732688412, -0.152491882443, 49.9995307922, -0.176634609699, 8.67500019073, 0.0475458204746, -375.487213135, -1.02101171017, 4.05082559586, -0.0450330227613, 3397.41870117, 32.2992744446, 398.262939453, -28.5523681641, -0.152408182621,             0,             0,             0
          8.7, 0.0922846645117,    3319.46875, 7564.75927734, 7649.45361328, 0.138583540916, 6.31380081177, 120.679656982, -0.00547539489344, -0.152851551771, 49.9995117188, -0.153893277049, 8.69999980927, 0.0463901683688, -384.440032959, -1.00838446617, 4.12450933456, -0.0583617091179, 3398.47167969, 29.0042877197, 409.130767822, -27.091085434, -0.153322905302,             0,             0, -5.55111512313e-17
        8.725, -0.184047758579,  3329.9152832,   7567.859375, 7646.19580078, 0.138247519732, 5.82579231262, 121.026878357, 0.00153781229164, -0.153038352728, 49.9997596741, 0.228383675218, 8.72500038147, 0.0446369796991, -572.448974609, -0.975758552551, 4.42761659622, -0.092629134655, 3377.68286133, 21.7797603607, 549.118469238, -21.6466274261, -0.154244750738,             0,             0,             0
         8.75, 0.145366564393, 3332.40258789, 7568.46630859, 7644.96191406, 0.137334018946, 5.96982717514, 121.374107361, -0.00394224468619, -0.153472483158, 49.9996414185, 0.207585543394,          8.75, 0.0444904044271, -551.91204834, -0.96922981739, 4.45850896835, -0.105792783201, 3384.37231445, 18.9146747589, 572.321716309, -19.0046367645, -0.155150339007,             0,             0, 5.55111512313e-17
        8.775, 0.0634472444654, 3366.55639648, 7570.21191406, 7643.04248047, 0.137249454856, 5.16545152664, 121.721328735, -0.00988965388387, -0.153458192945, 49.9996604919, 0.196789950132, 8.77499961853, 0.0429208129644, 133.629165649, -0.950719058514, 5.31195640564, -0.126196339726, 3352.93359375, -23.4455413818, -57.8271179199, 19.6320400238, -0.156072944403,             0,             0,             0
          8.8, -0.0651061236858, 3355.37084961, 7567.16162109, 7645.88476562, 0.137729674578, 5.44594526291,  122.06854248, 0.000415586517192, -0.154041171074, 49.9998703003, 0.179879233241, 8.80000019073, 0.0441074259579, 286.491210938, -0.982542932034, 5.03952884674, -0.0965897142887, 3363.81640625, -30.3399295807, -277.013916016, 26.0726451874, -0.156969100237,             0,             0,             0
        8.825, -0.073264695704,  3342.6159668, 7565.29980469, 7648.07763672, 0.138213917613, 5.72311830521, 122.415756226, -0.00113951892126, -0.154631495476, 49.9997901917, 0.176230117679, 8.82499980927, 0.0451472327113, 356.604248047, -1.00198698044, 4.72074174881, -0.0736685618758, 3375.07250977, -31.0349197388, -339.443664551, 27.5623703003, -0.15787011385,             0,             0,             0
         8.85, 0.353979170322, 3330.44140625, 7561.22167969,  7651.8203125, 0.137624427676, 6.20149612427,   122.7629776, -0.00689760502428, -0.15534812212, 49.9997177124, -0.172524556518, 8.85000038147, 0.047204837203, 574.739624023, -1.04478216171, 4.40597581863, -0.0343738570809, 3395.27099609, -17.7519454956, -535.167297363,  16.560136795, -0.158763259649,             0,             0,             0
        8.875, 0.011094708927, 3294.38916016, 7559.31201172, 7653.70556641, 0.137615472078, 6.82792949677, 123.110198975, -0.00900117587298, -0.156232267618,  49.999961853, -0.197661474347,         8.875, 0.0495827272534, -105.072624207, -1.06492447853, 3.52722930908, -0.0144801996648, 3418.70043945, 22.4838752747, 156.787002563, -20.0140171051, -0.159657269716, -5.55111512313e-17,             0,             0
          8.9, -0.0694070532918, 3310.74438477, 7562.48339844, 7651.01464844, 0.137333750725, 6.48189020157, 123.457427979, 0.00308190868236, -0.156473532319, 50.0000839233, -0.184700608253, 8.89999961853, 0.0485623627901, -363.249938965, -1.03186154366, 3.92577123642, -0.04253609851, 3404.47973633, 31.6571426392, 336.948059082, -27.1454277039, -0.160591766238,             0, -5.55111512313e-17, 5.55111512313e-17
        8.925, -0.792384028435, 3318.61206055, 7564.78466797, 7649.49414062, 0.138084083796, 6.04497146606, 123.804641724, 0.0121384654194, -0.156757473946, 50.0001602173, -0.0262263119221, 8.92500019073, 0.0479208938777, -509.709014893, -1.00792121887, 4.14499092102, -0.0583205893636,  3385.8371582, 24.6823596954, 434.693756104, -23.9451370239, -0.161524772644, 5.55111512313e-17, -5.55111512313e-17, -5.55111512313e-17
         8.95, 0.0496723242104, 3334.15161133, 7566.24609375, 7648.01708984, 0.137997820973, 6.00508451462, 124.151855469, -0.00280372705311, -0.157111078501, 49.9999389648, 0.226658001542, 8.94999980927, 0.0471597760916, -568.056518555, -0.992746412754, 4.48916721344, -0.0736558064818, 3385.81738281, 19.1666297913, 594.137634277, -18.0799102783, -0.162461996078,             0,             0, 5.55111512313e-17
        8.975, 0.0020421827212, 3358.89819336, 7567.74169922, 7646.96240234, 0.13860617578, 5.16293811798, 124.499076843, -0.000623829604592, -0.157223179936, 50.0002059937, 0.186516657472, 8.97500038147, 0.0458538383245, 127.071876526, -0.977148592472, 5.14904499054, -0.0845688432455, 3351.34643555, -21.8092918396, -121.766151428, 18.4171772003, -0.163406983018,             0, -5.55111512313e-17,             0
            9, 0.0106558408588, 3339.86254883, 7563.69970703, 7650.67089844, 0.138246253133, 5.70377492905, 124.846298218, -0.000899792590644, -0.158000051975, 50.0000915527, 0.158301606774,             9, 0.0476191081107, 363.327392578, -1.01960468292, 4.66329622269, -0.0455069541931, 3373.90454102, -32.4075012207, -354.898956299, 28.1783027649, -0.164322018623,             0,             0,             0
        9.025, -0.0998380556703, 3319.77954102, 7559.78515625, 7654.30322266, 0.138178512454,  6.1765203476, 125.193519592, 0.00115960312542, -0.158722758293, 50.0001335144, -0.256049931049, 9.02499961853, 0.0489640571177, 541.799438477, -1.06076180935, 4.16728115082, -0.00720990076661, 3392.77978516, -18.1843147278, -547.061096191, 16.9004631042, -0.165244922042,             0,             0,             0
         9.05, -0.0198066756129,  3325.6550293, 7560.20458984, 7653.92773438, 0.138131454587, 6.11161613464, 125.540740967, 0.000487484183395, -0.159085541964, 50.0001716614, -0.24117988348, 9.05000019073, 0.0480787232518, 555.090637207, -1.05643701553, 4.31273698807, -0.0109939398244, 3390.57275391, -18.5946979523, -556.084899902, 17.4005489349, -0.166194811463, -5.55111512313e-17,             0,             0
        9.075, -0.0183485485613, 3296.60620117, 7559.61181641,       7654.25, 0.13820438087, 6.80413913727, 125.887962341, -0.00388195528649, -0.159866735339, 50.0002593994, -0.192165970802, 9.07499980927, 0.0481059513986, -142.34715271, -1.06267309189, 3.58167481422, -0.00753687229007,  3417.6640625,   22.96991539, 163.607620239, -20.7904262543, -0.167137250304,             0,             0, -5.55111512313e-17
          9.1, -0.0655687451363, 3316.70019531, 7565.03857422,   7649.078125, 0.138123884797, 6.32910680771, 126.235191345, -0.00385402841493, -0.159993007779, 50.0001335144, -0.182807043195, 9.10000038147, 0.0454623885453, -380.360626221, -1.0056142807, 4.06430435181, -0.0618736594915, 3398.55517578, 32.9397888184, 404.521270752, -29.1063899994, -0.16810837388,             0,             0, 5.55111512313e-17
        9.125, -0.0653649568558, 3318.10620117, 7566.13671875, 7647.85351562, 0.138260766864, 6.30762767792,  126.58241272, -0.00235217995942, -0.160377636552, 50.0001487732, -0.182473376393,         9.125, 0.0450323522091, -374.658355713, -0.993823766708, 4.10149383545, -0.074960231781, 3397.94726562, 32.2808380127, 393.603302002, -28.5872516632, -0.1690556705,             0,             0,             0
         9.15, -0.0606980882585, 3317.85107422, 7566.77148438,  7647.1171875, 0.138166844845, 6.43669605255, 126.929634094, -0.00376097136177, -0.160810574889, 50.0001220703, -0.185412317514, 9.14999961853, 0.0450064986944, -349.745910645, -0.986845672131, 4.08301353455, -0.0829858705401, 3403.73388672, 30.8291435242, 373.801940918, -27.6665287018, -0.170000553131,             0, 5.55111512313e-17, 5.55111512313e-17
        9.175, -0.0755089744925, 3333.55786133, 7569.69042969, 7644.38037109, 0.138132870197, 5.82370471954, 127.276855469, 4.94088926644e-05, -0.160947471857, 50.0003471375, 0.249240323901, 9.17500019073, 0.0438439287245, -586.905456543, -0.95589619875, 4.51078510284, -0.112038016319, 3377.60400391,  20.585308075, 574.639770508, -19.6789283752, -0.170960053802,             0,             0,             0
          9.2, 0.354883402586, 3331.43139648, 7568.72607422, 7644.83935547, 0.136850908399, 6.14214706421, 127.624092102, -0.00380330835469, -0.161493808031, 50.0001487732, 0.0983661040664, 9.19999980927, 0.0449299328029, -533.63684082, -0.965834736824, 4.42183971405, -0.107484430075, 3391.81005859, 18.8049945831, 549.108215332, -19.3622455597, -0.171898469329,             0,             0,             0
        9.225, 0.0637968480587, 3356.66796875, 7569.14453125, 7644.01123047, 0.13676212728, 5.38034772873, 127.971313477, -0.00542578147724, -0.161588996649, 50.0003662109, 0.214872553945, 9.22500038147, 0.0445101596415, -17.1823692322, -0.961394190788, 5.07728290558, -0.116351671517, 3360.79052734, -17.1273193359, 54.6053085327, 11.9380273819, -0.172856524587,             0, -5.55111512313e-17,             0
         9.25, -0.0676466450095, 3355.36157227, 7564.05126953, 7648.21777344, 0.136185050011, 5.69197559357,  128.31854248, -0.00470912922174, -0.162169337273, 50.0001411438, 0.179158464074,          9.25, 0.0463040918112, 363.612609863, -1.01493120193, 5.01726770401, -0.072285912931, 3375.26025391, -32.5686225891, -328.599395752,  28.474817276, -0.173795685172,             0,             0,             0
        9.275, -0.0750755220652, 3345.54516602, 7563.22509766,  7649.5234375, 0.136929616332,  5.6338224411, 128.665756226, -0.000302132539218, -0.162681236863, 50.0003547668, 0.177139356732, 9.27499961853, 0.0470105484128, 363.398895264, -1.02383196354, 4.80824184418, -0.0584839619696, 3371.38208008, -32.2464027405, -353.769073486, 28.1807594299, -0.174751386046,             0,             0,             0
          9.3, -0.00853574089706, 3325.01196289, 7559.28173828, 7653.49121094, 0.136966839433, 6.28766727448, 129.012985229, -0.00265094987117, -0.163503244519, 50.0003051758, -0.240638166666, 9.30000019073, 0.0485567376018, 572.170410156, -1.0654989481, 4.27737855911, -0.0166318081319, 3397.94873047, -17.9678573608, -551.852600098,  16.890619278, -0.175702273846,             0, -5.55111512313e-17,             0
        9.325, -0.0480452813208, 3303.36621094, 7558.21728516, 7655.04199219, 0.136860325933, 6.88089609146, 129.360214233, 0.00911632645875, -0.164352297783, 50.0003013611, -0.213104605675, 9.32499980927, 0.0505428463221, -55.3613586426, -1.07693123817, 3.72145533562, -8.70697986102e-05, 3421.84228516, 20.6577358246, -11.5366458893, -15.5704545975, -0.176650822163, 5.55111512313e-17,             0,             0
         9.35, -0.0663450285792,  3310.8293457, 7561.31982422, 7652.98046875, 0.137232527137, 6.52145528793, 129.707427979, 0.000792918901425, -0.16473056376, 50.0004844666, -0.184112533927, 9.35000038147, 0.0503909401596, -359.718048096, -1.04464650154, 3.92012882233, -0.0213940124959, 3406.04003906, 32.0064659119, 349.720123291, -27.247838974, -0.177625611424,             0,             0,             0
        9.375, -0.018198557198, 3329.01074219, 7564.44775391, 7650.83642578, 0.137324377894, 6.11930942535, 130.054656982, 0.00298740458675, -0.165035143495, 50.0003852844, 0.116926766932,         9.375, 0.0500098839402, -549.619567871, -1.01207995415, 4.37324523926, -0.0435342863202, 3390.11499023, 19.8691482544, 530.261108398, -19.4188308716, -0.178606271744,             0,             0,             0
          9.4, 0.0361800603569,  3365.2487793, 7565.82861328, 7649.55273438, 0.137639626861, 5.19606637955, 130.401870728, -0.00537801394239, -0.165040850639, 50.0004043579, 0.193481788039, 9.39999961853, 0.0479477718472, 126.930221558, -0.997829079628, 5.28201341629, -0.0566274225712, 3353.67260742, -22.7663249969,  -83.66771698, 19.1627483368, -0.179608911276, -5.55111512313e-17,             0,             0
        9.425, -0.0457474887371, 3349.93066406, 7562.01123047, 7653.10546875, 0.137834236026, 5.67081928253, 130.749084473, -0.00362012791447, -0.165730193257, 50.0002593994, 0.174758538604, 9.42500019073, 0.0481594949961, 372.723114014, -1.0380589962, 4.89087247849, -0.0190053153783,  3373.8659668, -31.8895835876, -335.739746094, 27.7339344025, -0.180590450764,             0, -5.55111512313e-17, -5.55111512313e-17
         9.45, 0.157281205058, 3323.72143555, 7559.61523438, 7655.43554688, 0.138722628355, 6.17408800125, 131.096298218, -0.000576779711992, -0.166460886598, 50.0003700256, -0.208386585116, 9.44999980927, 0.0483183600008, 551.732727051, -1.06325495243, 4.24968338013, 0.00567668676376, 3393.16625977, -17.3934803009, -534.960510254, 16.2177829742, -0.181573748589,             0, 5.55111512313e-17,             0
        9.475, -0.114964559674, 3304.71191406, 7559.61621094, 7655.41992188, 0.139008656144, 6.70464849472, 131.443527222, 0.0218895338476, -0.167174935341, 50.0003585815, -0.238614976406, 9.47500038147, 0.0491544678807, 27.3511772156, -1.06314563751, 3.77045321465, 0.00560331437737, 3414.65454102, 17.6409015656, -173.933029175, -11.6272678375, -0.182549625635,             0,             0,             0
          9.5, -0.0728324949741, 3305.52636719, 7563.64160156, 7652.10498047, 0.139933049679,   6.329641819, 131.790740967, 0.00551370764151, -0.167447432876, 50.0007209778, -0.182619303465,           9.5, 0.0479983128607, -371.712432861, -1.02072417736, 3.82813978195, -0.029201708734,    3397.40625, 31.8354530334, 334.481628418, -27.5819320679, -0.183548763394,             0,             0, -5.55111512313e-17
        9.525, -0.0616493038833, 3332.72558594, 7568.18505859, 7647.43408203, 0.139710724354, 5.80364608765, 132.137969971, -0.00779574364424, -0.167508736253, 50.0003623962, 0.250513464212, 9.52499961853, 0.0461217164993, -579.911682129, -0.972808837891,  4.4729385376, -0.0783351063728, 3377.20507812,   18.83061409, 634.911376953, -17.8428192139, -0.184557542205,             0,             0, -5.55111512313e-17
         9.55, 0.05198276788,  3365.9465332, 7569.41992188, 7645.66259766, 0.139382660389, 5.07195997238, 132.485198975, -0.00830388534814, -0.167450889945, 50.0003662109, 0.197067737579, 9.55000019073, 0.043859962374, 125.541648865, -0.959639787674, 5.30572795868, -0.097097299993, 3348.92480469, -23.4730911255, -66.4952468872, 19.4772872925, -0.185572817922,             0, -5.55111512313e-17,             0
        9.575, -0.0401845835149, 3358.79174805, 7568.62597656, 7645.77832031, 0.139385953546, 5.10375928879,  132.83241272, 0.00343331741169, -0.167844608426, 50.0005493164, 0.184270113707, 9.57499980927, 0.0433614440262, 170.583953857, -0.967791438103, 5.14552783966, -0.0960887074471, 3349.46166992, -25.7274799347, -193.582382202, 22.2384586334, -0.186571374536,             0,             0,             0
          9.6, -0.0568282268941, 3341.06665039, 7565.65234375, 7647.76025391, 0.138725727797, 5.69964838028, 133.179641724, -0.000127493098262, -0.168534353375, 50.0004310608, 0.17141699791, 9.60000038147, 0.0445904023945, 347.040130615, -0.998781859875, 4.69044828415, -0.0756145343184, 3373.86987305, -31.6626777649, -348.947296143, 27.3412456512, -0.187552765012,             0,             0,             0
        9.625, -0.0686101987958, 3321.53222656, 7561.68994141, 7650.87890625, 0.138117417693, 6.14349937439, 133.526885986, -0.00276528508402, -0.169247955084, 50.0004463196, -0.251232594252,         9.625, 0.047091010958, 556.965026855, -1.04022455215, 4.20936870575, -0.0431913994253, 3391.51171875, -18.9886398315, -547.537963867, 17.3571147919, -0.188522443175,             0, -5.55111512313e-17,             0
         9.65, 0.0103740384802, 3297.61083984, 7559.42041016, 7652.95458984, 0.137570977211, 6.79256629944,  133.87411499, -0.00339549966156, -0.170023679733, 50.0004463196, -0.199054539204, 9.64999961853, 0.0497978404164, -87.7649688721, -1.06404721737,  3.5949716568, -0.0215858500451, 3417.56738281, 20.5125102997, 105.385856628, -17.1417732239, -0.189494505525,             0, 5.55111512313e-17,             0
        9.675, -0.0674697235227, 3312.36987305, 7562.44189453, 7650.80810547, 0.137853905559, 6.41231155396, 134.221328735, 0.00278158346191, -0.170215323567, 50.0005073547, -0.184275314212, 9.67500019073, 0.048942130059, -361.431854248, -1.03252792358, 3.96687865257, -0.0440964661539, 3401.90161133, 31.2705116272, 345.616210938, -26.698884964, -0.190510258079,             0,             0,             0
          9.7, -0.0989325121045, 3327.98583984, 7565.56201172, 7648.66845703, 0.138640090823, 5.93016719818,  134.56854248, 0.0026194753591, -0.170390084386,   50.00050354, 0.187772408128, 9.69999980927, 0.047409452498, -552.713256836, -0.999996960163, 4.37023973465, -0.0664402842522, 3382.07104492, 20.0974082947, 543.644287109, -19.4072437286, -0.191536903381,             0,             0,             0
        9.725, 0.00981669686735, 3354.66967773, 7567.58642578, 7646.99902344, 0.139473065734, 5.18699169159, 134.915756226, 0.000279624247923, -0.170420989394, 50.0005378723, 0.187534734607, 9.72500038147, 0.0451837182045, 125.234931946, -0.978881657124, 5.04629278183, -0.0838416367769, 3352.52758789, -21.5233821869, -111.030166626, 17.8404483795, -0.192573219538,             0,             0,             0
         9.75, 0.00545142497867,  3360.4296875, 7568.30322266, 7646.43066406, 0.139712691307,  5.2552075386, 135.262985229, 0.00523089291528, -0.17081362009, 50.0004119873, 0.197916597128,          9.75, 0.0444764979184, 40.8619651794, -0.971349000931, 5.16093587875, -0.0897628068924, 3356.24804688, -19.2489376068, -64.0633087158, 16.5089931488, -0.193594887853,             0,             0,             0
        9.775, -0.0753741934896, 3342.00976562, 7565.58007812, 7648.73730469, 0.139767304063, 5.61385774612, 135.610198975, -0.00274402624927, -0.171476393938, 50.0004653931, 0.174892887473, 9.77499961853, 0.0453286543489, 359.537445068, -0.999763786793, 4.71920633316, -0.0656162798405,  3370.3293457, -31.945350647, -344.94720459, 27.6081676483, -0.194601088762,             0,             0,             0
          9.8, 0.510800540447, 3328.87548828, 7561.53710938,  7651.9453125, 0.138591662049, 6.06836652756, 135.957443237, -0.00914386473596, -0.172151476145, 50.0002822876, -0.142913132906, 9.80000019073, 0.0468753650784, 577.358398438, -1.04204237461,  4.3790807724, -0.0320477634668, 3389.71777344, -17.4793224335, -528.31640625, 16.1073150635, -0.195601552725,             0, -5.55111512313e-17,             0
        9.825, -0.0971584096551, 3308.45141602,   7560.453125, 7652.65722656, 0.138153538108, 6.52359294891, 136.304672241, 0.0203073751181, -0.172837942839, 50.0004425049, -0.25071388483, 9.82499980927, 0.0480899773538, 148.397964478, -1.05334496498, 3.86904168129, -0.0246612336487, 3406.94335938, 7.73106861115, -293.692626953, -2.33386969566, -0.196608811617,             0,             0,             0
         9.85, -0.0658583119512, 3314.09350586, 7564.13085938, 7649.37011719, 0.138825595379, 6.23259449005, 136.651885986, -0.00156199687626, -0.173114255071,  50.000453949, -0.182462379336, 9.85000038147, 0.0472549721599, -386.893859863, -1.0147806406, 4.01080608368, -0.0591989457607, 3394.33569336, 31.9147357941, 407.492523193, -28.1349964142, -0.197640970349,             0,             0,             0
        9.875, -0.0634491220117, 3313.73242188, 7564.39501953, 7649.29248047, 0.139571502805,  6.3586359024, 136.999099731, -0.000139079173096, -0.173521474004,  50.000453949, -0.185182869434,         9.875, 0.0465110018849, -350.861602783, -1.01200711727, 3.99661898613, -0.0600641444325, 3400.03564453,  31.068901062, 363.008911133, -27.5774936676, -0.198675274849,             0,             0,             0
          9.9, -0.127954527736, 3330.06665039, 7568.12304688, 7646.24707031, 0.13992652297, 5.84291505814, 137.346328735, 0.0010957744671, -0.17366565764, 50.0006103516, 0.238559037447, 9.89999961853, 0.0443204604089, -574.303161621, -0.972794771194, 4.42881631851, -0.092128880322, 3378.17749023, 22.1551513672, 556.571166992, -21.0760421753, -0.199726477265,             0, -5.55111512313e-17, -5.55111512313e-17
        9.925, 0.00373220490292, 3356.89624023, 7570.21289062, 7643.93115234, 0.138811782002, 5.19156169891, 137.693557739, -0.00246514007449, -0.173753455281, 50.0005455017, 0.186015099287, 9.92500019073, 0.0431182645261, 115.101211548, -0.95068281889, 5.09479284286, -0.116606779397, 3352.80712891, -20.8604030609, -114.383346558, 17.2400608063, -0.200767442584, 5.55111512313e-17,             0,             0
         9.95, -0.012076985091, 3362.09716797, 7569.65673828, 7643.77880859, 0.137434497476,  5.2380695343, 138.040802002, 0.00477323494852, -0.17415343225, 50.0004386902, 0.197687342763, 9.94999980927, 0.0436487346888,  32.727558136, -0.956360399723, 5.20919847488, -0.118395075202, 3355.83642578, -19.3514862061, -72.7891845703, 16.3296146393, -0.201792597771,             0, 5.55111512313e-17, -5.55111512313e-17
        9.975, -0.069182433188, 3352.75854492, 7566.65283203, 7645.87548828, 0.137086123228, 5.45611810684, 138.388031006, -0.00137450767215, -0.174665689468, 50.0005455017, 0.179014787078, 9.97500038147, 0.0436755269766,  310.20703125, -0.98776781559, 4.98316907883, -0.0966121852398, 3364.37573242, -30.7959842682, -299.232971191, 26.2579917908, -0.202827587724,             0,             0,             0
           10, -0.0959524437785, 3321.27880859, 7562.28710938, 7649.80371094, 0.137670457363, 6.08796072006, 138.735244751, -0.00232277833857, -0.17543014884, 50.0005607605, -0.257495522499,            10, 0.0445712283254, 595.072021484, -1.03349983692, 4.22014808655, -0.0556063242257, 3389.21606445, -18.8949432373, -569.919555664, 17.2443637848, -0.203855529428,             0,             0,             0
       10.025, -0.019163697958, 3295.94848633, 7561.83789062,  7650.5859375, 0.138225331903, 6.79620504379, 139.082458496, -0.00198464863934, -0.176206558943, 50.0006027222, -0.193037301302, 10.0249996185, 0.0462200753391, -147.986526489, -1.03811490536, 3.56483650208, -0.0475903712213,  3417.3815918, 24.0238037109,  170.72756958, -21.0142974854, -0.204876035452,             0, 5.55111512313e-17, -5.55111512313e-17
        10.05, 0.00877204723656, 3301.59155273, 7562.32324219, 7650.58642578, 0.138614833355, 6.75351047516,   139.4296875, 0.000308202201268, -0.17655082047, 50.0005111694, -0.200947120786, 10.0500001907, 0.0464454218745, -81.755645752, -1.03288066387, 3.70391917229, -0.0477425120771, 3416.64306641, 22.1181221008, 84.0681533813, -18.8929290771, -0.205914273858, 5.55111512313e-17,             0,             0
       10.075, -0.0666127353907, 3316.86694336, 7566.11035156, 7647.34423828, 0.138129860163, 6.47221660614, 139.776916504, -0.00128520873841, -0.17676153779, 50.0004730225, -0.184790417552, 10.0749998093, 0.0450464077294, -364.065795898, -0.993015527725, 4.06717157364, -0.0818761736155, 3404.87280273, 31.4659004211, 354.188232422, -27.2566814423, -0.206973910332, -5.55111512313e-17,             0,             0
         10.1, -0.180126860738, 3330.47509766, 7568.62207031, 7644.91455078, 0.137276440859, 5.85929965973, 140.124145508, -0.000288458162686, -0.176970034838, 50.0005874634, 0.22861674428, 10.1000003815, 0.0445149019361, -573.194702148, -0.966584801674, 4.44087839127, -0.107468180358, 3378.83642578, 21.5263137817, 550.585327148, -20.9641933441, -0.208025872707,             0,             0,             0
       10.125, 0.13318015635, 3348.79174805, 7569.19482422, 7643.81640625, 0.136706158519, 5.23542022705, 140.471374512, -0.0266887936741, -0.177145704627, 50.0006790161, 0.210607305169,        10.125, 0.0444912388921, 20.3196430206, -0.960606813431, 4.91346168518, -0.1190495193, 3353.62231445, -14.5469474792, 159.671539307, 7.22733879089, -0.209075495601,             0,             0,             0
        10.15, -0.0103220380843, 3345.17626953, 7564.68701172, 7647.47119141, 0.136773049831, 5.63953828812, 140.818603516, 9.16410426726e-05, -0.177726462483, 50.0004692078, 0.163573220372, 10.1499996185, 0.0459623001516,  371.71585083, -1.00804269314, 4.79273462296, -0.0806924700737, 3371.97216797, -32.5370063782, -345.919830322, 28.3202667236, -0.210113972425,             0,             0,             0
       10.175, 0.139997556806, 3326.90942383, 7560.53173828, 7651.90820312, 0.138164669275, 6.17438936234, 141.165802002, 0.00154886674136, -0.178414016962, 50.0004310608, -0.211336523294, 10.1750001907, 0.0470162034035, 552.948608398, -1.05186593533, 4.33260011673, -0.033993087709, 3393.70141602, -17.4299793243, -538.658813477, 16.6501598358, -0.211161330342, -5.55111512313e-17, 5.55111512313e-17,             0
         10.2, -0.107758037746, 3306.19702148, 7559.73681641, 7653.49560547, 0.13868033886, 6.89269447327, 141.513031006, 0.0199228804559, -0.179202213883, 50.0003623962, -0.237497404218, 10.1999998093, 0.0482565797865, 19.4525909424, -1.06037676334, 3.78351807594, -0.0171246733516, 3422.80981445, 17.7536869049, -154.087905884, -11.4916229248, -0.212208852172,             0, -5.55111512313e-17,             0
       10.225, -0.0611415281892, 3294.83178711, 7561.94189453, 7652.71142578, 0.139492481947, 6.62044477463, 141.860244751, 0.00683635193855, -0.179666340351, 50.0007705688, -0.188147231936, 10.2250003815, 0.0487703494728, -274.629302979, -1.03734815121,  3.5606815815, -0.0251290202141, 3409.08520508, 28.7206287384, 213.677383423, -23.9412193298, -0.213265657425,             0,             0,             0
        10.25, -0.0676378682256, 3315.32617188, 7563.63378906, 7650.54833984, 0.137957781553, 6.40949678421, 142.207489014, -0.00196125102229, -0.179958805442, 50.0004425049, -0.18388029933,         10.25, 0.0483705736697, -369.107727051, -1.01968872547, 4.03256607056, -0.0476041808724, 3401.93823242, 31.1438541412,  360.26272583, -27.1763153076, -0.214335680008,             0,             0, 5.55111512313e-17
       10.275, -0.469471544027, 3325.70385742, 7565.67578125, 7648.50439453, 0.137458667159, 5.89322090149, 142.554718018, 0.002950290218, -0.18023340404, 50.0005722046, 0.16539798677, 10.2749996185, 0.0475459434092, -549.78515625, -0.998417854309, 4.32456302643, -0.0688564777374, 3379.98657227, 22.6256923676, 516.599182129, -22.1263427734, -0.215413659811,             0,             0,             0
         10.3, 0.023012669757, 3361.39697266, 7567.14697266, 7646.53955078, 0.137037068605, 5.20512056351, 142.901947021, -0.00337828649208, -0.180297777057, 50.0004577637, 0.19013684988, 10.3000001907, 0.0457338057458, 131.174911499, -0.983182251453, 5.19313383102, -0.0893060266972, 3353.73413086, -22.7804527283, -99.3289794922, 18.9631099701, -0.216505080462,             0, -5.55111512313e-17, 5.55111512313e-17
       10.325, -0.0668807327747, 3352.95678711, 7564.35253906, 7649.13476562, 0.13769325614, 5.46838283539, 143.249160767, 0.00192673294805, -0.180936142802, 50.0005531311, 0.179572999477, 10.3249998093, 0.046727988869, 286.269927979, -1.01267135143, 4.97952032089, -0.061924058944, 3364.19604492, -30.3068943024, -284.137329102,  26.250371933, -0.217568665743,             0,             0,             0
        10.35, 0.226650178432, 3325.97900391, 7559.80175781, 7654.09130859, 0.138755738735, 6.11750173569, 143.596374512, -0.00353677594103, -0.181761905551, 50.0003623962, -0.196529448032, 10.3500003815, 0.0486663505435, 592.620483398, -1.06054353714,  4.3098077774, -0.00972223374993, 3391.15112305, -18.3067131042, -549.182006836, 17.1832065582, -0.218624934554,             0,             0,             0
       10.375, -0.0756273567677, 3301.61303711, 7559.18457031, 7655.50146484, 0.139640167356, 6.75412845612, 143.943588257, 0.0152275534347, -0.182531252503, 50.0003547668, -0.229115247726,        10.375, 0.0496142543852, 1.81353569031, -1.06707763672, 3.69374084473, 0.00531073939055, 3416.63183594, 18.8734798431, -94.2681121826, -13.4188022614, -0.219695150852,             0,             0,             0
         10.4, -0.0665478184819, 3302.40258789, 7563.37988281, 7652.48828125, 0.140649273992, 6.48339271545, 144.290802002, 0.00593178113922, -0.182838052511,  50.000617981, -0.186676293612, 10.3999996185, 0.0477337613702, -345.49407959, -1.02304661274, 3.74336504936, -0.0260931923985, 3404.28759766, 32.1997489929, 306.293365479, -27.3128356934, -0.220798179507,             0, 5.55111512313e-17, 5.55111512313e-17
       10.425, -0.513069331646, 3317.62695312, 7567.11523438, 7648.73974609, 0.140888556838, 5.94955873489, 144.638015747, 0.00489319954067, -0.182985797524, 50.0005226135, 0.0191295742989, 10.4250001907, 0.0455944947898, -506.804870605, -0.983707666397, 4.12815189362, -0.0653751790524, 3381.93505859, 24.3376903534, 470.170227051, -23.8576602936, -0.221904426813,             0,             0,             0
        10.45, -0.0714111030102, 3333.30883789, 7568.96337891, 7645.85107422, 0.139843285084, 5.73846721649, 144.985244751, -0.00380838126875, -0.183231189847, 50.0003929138, 0.251001566648, 10.4499998093, 0.0444356650114, -589.657409668, -0.9641045928, 4.50210189819, -0.0958163589239, 3374.34863281, 19.7640628815, 600.417907715, -19.1461696625, -0.223000824451,             0,             0,             0
       10.475, -0.00705637317151, 3343.62768555, 7569.90820312, 7643.96923828, 0.138924077153, 5.39286422729, 145.332489014, -0.0216062366962, -0.183478310704, 50.0004768372, 0.23809696734, 10.4750003815, 0.0434594228864, -207.540115356, -0.953949451447, 4.77425479889, -0.115841269493, 3360.11450195, -4.64998435974, 337.586120605, -0.565808713436, -0.224097147584,             0,             0,             0
         10.5, 0.0402524508536, 3366.70898438, 7570.05078125,  7642.9296875, 0.137116745114, 5.21153020859, 145.679733276, -0.00930423289537, -0.183727174997, 50.0002670288, 0.193007349968,          10.5, 0.0428564473987, 129.401367188, -0.95229357481, 5.31259822845, -0.127049475908, 3354.81176758, -23.0910873413, -80.3502578735, 19.0434093475, -0.225191652775,             0,             0,             0
       10.525, -0.067723274231, 3352.88037109, 7565.35644531, 7646.63427734, 0.136086285114, 5.66406536102,  146.02696228, -0.00635215407237, -0.184424012899, 50.0001678467, 0.178348258138, 10.5249996185, 0.0445920936763, 368.899810791, -1.00142621994, 4.96307897568, -0.0885124951601, 3373.91137695, -32.5112419128, -332.136474609, 28.2250499725, -0.226264134049,             0, 5.55111512313e-17,             0
        10.55, -0.0653503388166, 3356.47875977, 7564.64306641, 7647.36083984, 0.135639250278, 5.74551916122, 146.374191284, -0.00565197318792, -0.184897959232, 50.0001182556, 0.178264781833, 10.5500001907, 0.0452362373471, 369.230041504, -1.00891697407, 5.03349733353, -0.0810596272349, 3377.85107422, -31.1548595428, -328.574188232, 27.9357738495, -0.227352023125,             0,             0,             0
       10.575, -0.0534920617938,  3343.3137207, 7564.28808594, 7648.51318359, 0.136205390096, 5.81545591354, 146.721405029, -0.00135422940366, -0.185503855348, 50.0003662109, 0.169994473457, 10.5749998093, 0.0463304445148, 372.636199951, -1.01272261143, 4.74043989182, -0.0690151676536, 3378.86010742, -32.5853919983, -361.172546387,   28.55884552, -0.228438958526,             0,             0,             0
         10.6, 0.152707725763, 3328.01220703, 7560.22021484,  7652.5546875, 0.136004418135, 6.24493932724, 147.068634033, -0.00819026120007, -0.186285749078, 50.0003166199, -0.211103826761, 10.6000003815, 0.0487775616348, 580.821228027, -1.05556237698, 4.34574604034, -0.0265105105937, 3396.26538086, -21.1446342468, -528.484863281, 20.2692680359, -0.22951503098,             0,             0,             0
       10.625, -0.0935131385922, 3313.99926758, 7558.32373047, 7655.15869141, 0.135854542255, 6.63806772232, 147.415863037, 0.0153880501166, -0.187034234405, 50.0003700256, -0.252280622721,        10.625, 0.0509626194835, 217.009002686, -1.07571601868, 3.99358534813, 0.00108432024717, 3411.76977539,  4.9115395546, -326.746520996, -0.535158991814, -0.230598658323,             0,             0,             0
        10.65, -0.0151754189283, 3304.13256836,      7557.375, 7656.64306641, 0.135810241103, 6.92985057831, 147.763076782, 0.00156621867791, -0.187694504857, 50.0003929138, -0.194936096668, 10.6499996185, 0.0516090355814, -112.633247375, -1.08595454693, 3.74201655388, 0.0170167591423, 3423.60253906, 20.5070476532, 95.2478179932, -17.2033939362, -0.231704324484,             0,             0,             0
       10.675, -0.0720051005483, 3311.10473633, 7560.90234375,  7654.1484375, 0.136309877038, 6.48563718796, 148.110290527, 0.00518841296434, -0.18801023066,  50.000629425, -0.182175442576, 10.6750001907, 0.0496609285474, -374.246185303, -1.04927182198, 3.94868040085, -0.00872989464551, 3404.26464844, 32.0121383667, 333.208068848, -27.4239616394, -0.232841417193,             0,             0,             0
         10.7, 0.0312108509243, 3336.54785156, 7565.79931641, 7649.81445312, 0.136397302151, 6.05249547958, 148.457519531, -0.00284169754013, -0.188225224614, 50.0002746582,  0.2303468436, 10.6999998093, 0.0475045070052, -573.85723877, -0.998043119907, 4.53990745544, -0.0538876838982, 3387.87109375,  20.515663147, 601.995788574, -19.3697719574, -0.233981564641,             0,             0,             0
       10.725, -0.0633252188563, 3336.70654297, 7567.19091797, 7648.88476562, 0.137741908431, 5.72804927826, 148.804733276, -0.0082576200366, -0.18863452971, 50.0004768372, 0.25167670846, 10.7250003815, 0.047358199954, -509.577941895, -0.983423411846, 4.58487987518, -0.0634869486094,  3373.3581543, 8.52481365204, 579.781677246, -12.3202981949, -0.235100537539,             0,             0, 5.55111512313e-17
        10.75, 0.00876429583877, 3361.65258789, 7568.26074219, 7648.03076172, 0.13798122108, 5.31159067154, 149.151947021, 0.00104435754474, -0.188850700855, 50.0003547668, 0.187877327204,         10.75, 0.0463607087731, 117.326057434, -0.972111821175, 5.19294834137, -0.072335831821, 3358.33105469, -22.2040729523, -109.370658875, 18.4767913818, -0.236231535673,             0,             0,             0
       10.775, 0.0521173886955, 3352.46435547, 7564.03808594, 7651.66357422, 0.137700870633, 5.74585008621, 149.499176025, -0.0052722338587, -0.1895288378,  50.000125885, 0.156379669905, 10.7749996185, 0.0473061688244, 371.894561768,  -1.016294837, 4.93931770325, -0.0341304540634, 3377.25463867, -32.3907661438, -330.93447876, 28.0141048431, -0.237344965339,             0,             0,             0
         10.8, 0.493454992771, 3334.75708008, 7561.54394531, 7653.45849609, 0.137907594442, 5.93758583069, 149.846389771, -0.00621098931879, -0.190144762397, 50.0002861023, -0.00415661977604, 10.8000001907, 0.0478304885328, 494.200622559, -1.04242241383, 4.52886390686, -0.0151953110471,  3383.5246582, -22.3617191315, -455.669677734, 21.0657539368, -0.23846578598, -5.55111512313e-17, 5.55111512313e-17,             0
       10.825, -0.0504800826311, 3325.49682617, 7560.65527344, 7653.82128906, 0.137439459562, 6.21317052841, 150.193618774, -0.00312171317637, -0.190697640181, 50.0002670288, -0.247923061252, 10.8249998093, 0.0474930927157, 573.937988281, -1.0517128706, 4.29942417145, -0.0113652748987, 3395.04370117, -18.1700077057, -558.461486816,  16.546087265, -0.239598751068, 5.55111512313e-17,             0, 5.55111512313e-17
        10.85, -0.107939988375, 3321.37792969, 7560.36132812, 7653.10595703, 0.136357396841, 6.54773950577, 150.540847778, 0.0218512620777, -0.191256299615, 50.0000839233, -0.253140181303, 10.8500003815, 0.0472486689687, 264.091918945, -1.05473744869, 4.15511322021, -0.0189609657973, 3409.24023438, 1.63854265213, -422.599822998, 4.80928277969, -0.240732103586, 5.55111512313e-17,             0,             0
       10.875, -0.111724659801, 3309.09179688, 7560.57861328, 7652.64697266, 0.136370301247, 6.86404561996, 150.888076782, 0.0216018520296, -0.191880613565, 50.0001182556, -0.238604798913,        10.875, 0.0476817302406, 24.9461116791, -1.05232739449, 3.85187721252, -0.0239960998297, 3422.20605469, 17.6245689392, -168.062149048, -11.5092821121, -0.241859555244,             0, 5.55111512313e-17, -5.55111512313e-17
         10.9, -0.0640790909529, 3301.38037109, 7563.10742188, 7651.02001953, 0.137742877007, 6.65241479874, 151.235290527, 0.00875706784427, -0.192319229245, 50.0005722046, -0.18646967411, 10.8999996185, 0.047500345856, -301.387329102, -1.02564644814, 3.70935726166, -0.0413130633533, 3411.18188477, 29.6620903015, 245.632537842, -24.9309997559, -0.242995843291,             0, -5.55111512313e-17, -5.55111512313e-17
       10.925, -0.0697419643402, 3306.46948242, 7563.51953125, 7650.63720703, 0.137765705585, 6.61036109924, 151.582504272, 0.00548049341887, -0.192738115788, 50.0005455017, -0.184498786926, 10.9250001907, 0.0473709739745, -337.233764648, -1.02117776871, 3.83069491386, -0.0455367825925, 3409.72094727,  30.708442688, 293.322357178, -26.2840194702, -0.244134530425,             0,             0, -5.55111512313e-17
        10.95, -0.0755508840084, 3336.13037109, 7567.97753906, 7646.56591797, 0.137375533581, 5.83511209488, 151.929733276, 0.000156664085807, -0.192803710699, 50.0003471375, 0.250312924385, 10.9499998093, 0.0458310171962, -594.700561523, -0.974291920662, 4.56700372696, -0.0884141400456, 3378.23022461, 19.9068126678, 582.591796875, -19.0394992828, -0.245291277766, 5.55111512313e-17, -5.55111512313e-17,             0
       10.975, 0.0264866165817, 3352.39306641, 7568.72119141, 7645.55273438, 0.136977761984, 5.37525606155,  152.27696228, -0.0115499189124, -0.193014934659, 50.0003471375, 0.229549646378, 10.9750003815, 0.044752266258, -113.230018616, -0.966435372829, 4.98643112183, -0.0991656705737, 3360.27441406, -12.2659397125, 191.404800415, 6.56771421432, -0.246447086334, -5.55111512313e-17,             0,             0
           11, -0.0657364055514, 3355.33764648, 7566.21191406, 7647.15820312, 0.136907085776, 5.44233322144, 152.624176025, 0.00140522699803, -0.193430751562, 50.0003509521, 0.180030494928,            11, 0.0444121286273, 281.577331543, -0.99272865057, 5.03928184509, -0.0824446156621,  3363.4609375, -30.2291984558, -279.202484131, 25.8074798584, -0.247598215938,             0,             0,             0
       11.025, 0.0214815475047, 3351.00683594, 7565.12060547, 7648.08886719, 0.137199282646, 5.73204421997, 152.971405029, -0.00254246871918, -0.193950772285, 50.0001068115, 0.159958124161, 11.0249996185, 0.0445093512535, 376.534606934, -1.00413525105, 4.91775989532, -0.0728120729327, 3376.75805664, -31.3880748749, -345.728790283,  27.400226593, -0.248746871948,             0,             0, 5.55111512313e-17
        11.05, 0.726612746716, 3341.85058594, 7563.72314453, 7649.04394531, 0.137145072222, 5.97945213318, 153.318618774, -0.0135167911649, -0.194508880377, 50.0001106262, 0.023000176996, 11.0500001907, 0.0447214692831, 499.295654297, -1.01870048046, 4.68405723572, -0.0629561692476, 3386.13623047, -24.4978752136, -415.349761963, 22.7181472778, -0.249896645546, -5.55111512313e-17, 5.55111512313e-17,             0
       11.075, 0.56754219532,  3336.9909668, 7562.44775391, 7650.28759766, 0.136182174087, 6.16596794128, 153.665847778, -0.0108155217022, -0.195059657097, 50.0000419617, -0.132839411497, 11.0749998093, 0.0453684218228, 597.685119629, -1.03195762634, 4.56331920624, -0.0500890277326, 3394.35229492, -18.2368831635, -541.634460449, 16.5453472137, -0.251043766737,             0, -5.55111512313e-17, 5.55111512313e-17
         11.1, -0.0070710578002, 3298.45043945, 7561.00146484, 7651.61376953, 0.135919824243,  6.8707318306, 154.013076782, -0.00664847530425, -0.195964798331, 50.0002593994, -0.19448235631, 11.1000003815, 0.0476873777807, -129.666030884, -1.04703986645, 3.61368894577, -0.0363350436091, 3420.75292969, 22.6261444092, 166.236557007, -20.3545093536, -0.252175956964,             0, 5.55111512313e-17,             0
       11.125, -0.0239810738713, 3301.20874023, 7560.57324219, 7651.95361328, 0.136062398553, 6.79337120056, 154.360305786, 0.00116540002637, -0.19638684392, 50.0003089905, -0.191667944193,        11.125, 0.0480881854892, -140.799209595, -1.05152726173, 3.68899440765, -0.0328790843487, 3417.56274414, 21.0686759949, 140.075057983, -19.0381946564, -0.253332227468,             0,             0,             0
        11.15, -0.0668943300843, 3309.61889648, 7563.69921875,  7649.8046875, 0.136978000402, 6.63775587082, 154.707504272, 0.0088792424649, -0.196712240577, 50.0004043579, -0.186104983091, 11.1499996185, 0.0471299216151, -354.067687988, -1.01879811287, 3.89749312401, -0.0554583221674, 3411.45263672, 31.5937786102, 306.802032471, -26.4536075592, -0.254507482052, 5.55111512313e-17,             0,             0
       11.175, -0.0752546489239, 3333.52075195, 7567.64941406,  7646.6171875, 0.138301029801, 5.88202619553, 155.054718018, 0.00391911156476, -0.19678811729, 50.0003204346, 0.248507082462, 11.1750001907, 0.0453270785511, -576.834411621, -0.977390110493, 4.50491666794, -0.0888798832893, 3380.14599609, 21.5927124023,  561.88671875, -20.3775177002, -0.255694061518, -5.55111512313e-17, 5.55111512313e-17,             0
         11.2, 0.0185682084411, 3362.31542969, 7569.28613281, 7645.27197266, 0.138442620635, 5.24132919312, 155.401931763, -0.00216868426651, -0.19688077271, 50.0001831055, 0.189381122589, 11.1999998093, 0.0442205742002, 120.374610901, -0.9602034688, 5.21624135971, -0.102960541844, 3355.59228516, -22.2313690186, -100.370315552, 18.6045360565, -0.256875455379,             0,             0,             0
       11.225, 0.0315757505596, 3348.98046875, 7565.03613281, 7648.80273438, 0.137905880809, 5.66668844223, 155.749160767, -0.0066040805541, -0.197528958321,            50, 0.160064801574, 11.2250003815, 0.0455260574818, 374.541381836, -1.00475549698, 4.86995172501, -0.0658790618181,  3373.6887207, -32.5596733093, -329.383392334, 28.1310863495, -0.258034408092,             0,             0, 5.55111512313e-17
        11.25, 0.175110325217, 3325.75463867, 7561.17431641, 7651.97558594, 0.137900561094, 6.12883806229, 156.096389771, -0.00590712204576, -0.19823692739, 50.0000762939, -0.206892639399,         11.25, 0.0469039231539, 596.989990234, -1.0453107357, 4.30905294418, -0.0325321145356, 3391.71484375, -18.3183612823, -556.375976562, 16.8678703308, -0.259195834398, 5.55111512313e-17,             0,             0
       11.275, -0.0345133729279, 3300.40039062, 7559.63330078, 7653.13378906, 0.137758821249, 6.86109638214, 156.443603516, 0.00753069855273, -0.199063226581, 50.0000801086, -0.216097548604, 11.2749996185, 0.048765424639, -37.7475166321, -1.06157147884, 3.65319561958, -0.0203241072595, 3420.81274414, 19.9450778961, -15.126534462, -15.5134496689, -0.2603546381,             0,             0,             0
         11.3, -0.0666374713182,  3303.4609375, 7562.54443359, 7651.07373047, 0.138534098864, 6.51530361176, 156.790817261, 0.0064388117753, -0.199408382177, 50.0003585815, -0.186781987548, 11.3000001907, 0.0487796887755, -342.999816895, -1.03119361401, 3.76834464073, -0.0418471880257, 3405.59057617, 31.8434314728, 299.042358398, -26.738325119, -0.261536061764,             0,             0,             0
       11.325, -0.0751437097788, 3329.73193359,  7566.3671875, 7647.86767578, 0.139366984367, 5.74509382248, 157.138031006, 0.00301943765953, -0.199456885457, 50.0002326965, 0.25054499507, 11.3249998093, 0.0472458228469, -590.670471191, -0.991245448589, 4.42314004898, -0.075354449451, 3373.88891602, 20.1615715027, 580.983276367, -19.0362167358, -0.262737870216, -5.55111512313e-17,             0,             0
        11.35, 0.00895260646939, 3355.15234375, 7567.66015625, 7646.92236328, 0.140015572309, 5.16795253754, 157.485244751, 0.00147944211494, -0.199545651674, 50.0001487732, 0.188296213746, 11.3500003815, 0.0455034971237, 116.521469116, -0.977809011936, 5.05629730225, -0.0851146653295, 3351.87573242, -21.7304000854, -108.743217468, 18.2464313507, -0.263945490122,             0,             0,             0
       11.375, -0.0754160806537, 3341.85400391, 7564.38037109, 7649.96044922, 0.140394672751, 5.57509326935, 157.832458496, 0.00248747970909, -0.20015527308, 50.0001144409, 0.177244186401,        11.375, 0.0458587855101, 331.762481689, -1.01226341724, 4.71555948257, -0.0531106777489, 3368.63867188, -31.3931903839, -338.252929688, 27.5347747803, -0.265132904053,             0,             0, -5.55111512313e-17
         11.4, -0.0202273037285, 3344.25366211, 7563.57910156,    7650.09375, 0.140181928873, 5.55252504349,   158.1796875, -0.0104871978983, -0.200561657548, 49.9999542236, 0.169303253293, 11.3999996185, 0.04587033391, 411.045471191, -1.02067494392, 4.77103614807, -0.0516292341053, 3368.23266602, -27.3923931122, -344.733917236, 25.4910316467, -0.266324937344,             0,             0,             0
       11.425, 0.433066278696, 3328.66308594, 7561.84716797, 7651.48583984, 0.139547735453, 5.90738487244, 158.526916504, -0.0072872932069, -0.201210007071, 50.0000534058, -0.0732963681221, 11.4250001907, 0.0470752343535,   511.9715271, -1.03881716728, 4.38839483261, -0.0370139405131, 3381.88989258, -21.8535442352, -477.186401367, 20.5753250122, -0.267506480217,             0,             0,             0
        11.45, -0.0786356031895, 3305.91040039, 7559.80419922, 7653.18408203, 0.138741001487, 6.49174928665, 158.874145508, 0.0113419787958, -0.201953977346, 50.0000953674, -0.248041972518, 11.4499998093, 0.0486572682858, 145.691665649, -1.0602657795, 3.81725311279, -0.0192017890513,  3405.1315918, 8.33241653442, -237.433654785, -4.66367530823, -0.268686980009,             0,             0,             0
       11.475, -0.072881706059,  3309.9362793, 7562.87597656, 7650.52539062, 0.138647317886, 6.26363706589, 159.221374512, 0.00338411121629, -0.20225828886, 50.0002593994, -0.182101324201, 11.4750003815, 0.0478555709124, -376.134796143, -1.02812802792, 3.93154120445, -0.0470828078687, 3394.91381836, 31.6638507843, 343.874633789, -27.4086341858, -0.269896149635,             0,             0,             0
         11.5, -0.62464928627, 3318.01708984, 7565.55566406, 7648.51171875, 0.138860464096, 6.04059505463, 159.568588257, 0.0092302672565, -0.2025180161, 50.0001678467, -0.0450276322663,          11.5, 0.0464340522885, -490.484222412, -1.00005400181, 4.12936639786, -0.06823489815, 3385.98144531, 25.4466743469, 432.016021729, -24.4842605591, -0.271114647388,             0, -5.55111512313e-17,             0
       11.525, -0.0656402409077, 3339.79394531, 7568.09521484, 7645.82226562, 0.138170108199, 5.92130231857, 159.915817261, -0.00631681550294, -0.202738553286, 49.9999198914, 0.250637561083, 11.5249996185, 0.0445336177945, -592.159423828, -0.9733492136, 4.62839889526, -0.0965300574899, 3382.86181641, 18.8726387024, 627.924499512, -17.9692974091, -0.272339850664,             0,             0,             0
        11.55, 0.0477460362017, 3368.34863281, 7569.96923828, 7644.01904297, 0.137499153614, 5.18933773041, 160.263046265, -0.00950776319951, -0.202790647745, 49.9999542236, 0.195184037089, 11.5500001907, 0.0428472273052,  122.78754425, -0.953512907028, 5.35064792633, -0.115612961352, 3353.83520508, -23.2917137146, -70.8365097046, 19.5615978241, -0.273563057184,             0,             0,             0
       11.575, 0.0333010330796, 3342.00756836, 7565.71240234, 7647.74365234, 0.13696141541, 5.70745611191, 160.610275269, -0.00201479392126, -0.20356541872, 50.0000038147, 0.154775634408, 11.5749998093, 0.0454154871404, 366.307983398, -0.997949838638, 4.71736288071, -0.0767368525267, 3374.37255859, -32.2924537659, -356.547576904, 27.9417552948, -0.274742275476,             0,             0,             0
         11.6, 0.584056317806, 3333.73046875, 7561.48095703, 7651.38183594, 0.136384785175, 6.17279148102, 160.957489014, -0.00433177966624, -0.204197540879, 49.9997940063, -0.127889722586, 11.6000003815, 0.0472053214908, 545.362731934, -1.04225730896, 4.48014259338, -0.0386648699641, 3394.65795898, -16.9523258209, -509.242095947, 16.0741443634, -0.27593421936, 5.55111512313e-17,             0,             0
       11.625, -0.0948981866241, 3307.54370117, 7560.02490234, 7653.25341797, 0.137515753508, 6.66786241531, 161.304702759, 0.0193106215447, -0.204911857843, 50.0000495911, -0.233488813043,        11.625, 0.0485040023923, 22.5994625092, -1.05756556988, 3.83870577812, -0.0189956370741, 3412.92895508, 13.2041454315, -140.775619507, -8.1047039032, -0.277135938406, -5.55111512313e-17,             0,             0
        11.65, -0.0635853037238, 3316.77392578, 7563.69287109, 7650.47021484, 0.13841702044, 6.40383672714, 161.651916504, -0.000914382282645, -0.205169200897,            50, -0.184032946825, 11.6499996185, 0.0474310591817, -357.223724365, -1.0191873312, 4.06651544571, -0.0480625145137, 3401.93823242,  32.318397522, 368.720611572, -27.8660736084, -0.27836611867,             0,             0,             0
       11.675, -0.44681507349, 3324.34838867, 7566.56640625, 7648.46630859, 0.138985291123, 5.97992801666, 161.999130249, 0.00394588755444, -0.205397292972, 50.0001487732, 0.0915208309889, 11.6750001907, 0.0463770106435, -526.930114746, -0.989076972008, 4.28479337692, -0.0689746364951, 3383.59350586, 23.7479076385, 496.643157959, -22.7189788818, -0.279598176479,             0,             0,             0
         11.7, -0.02676134184,  3351.4050293, 7568.73632812, 7646.16064453, 0.138624086976,  5.3754234314, 162.346359253, -0.00133048568387, -0.205448076129, 50.0000839233, 0.23839648068, 11.6999998093, 0.044989593327, -187.254058838, -0.966289758682, 4.95538187027, -0.0931088328362, 3360.26513672, -10.4872560501, 198.277191162, 6.03825569153, -0.280835688114,             0, 5.55111512313e-17, 5.55111512313e-17
       11.725, 0.0447968132794, 3367.43725586,  7569.1640625, 7645.21533203, 0.138261288404, 5.12862110138, 162.693572998, -0.00850864686072, -0.205647453666, 49.9999389648, 0.195220470428, 11.7250003815, 0.0437771044672, 139.890777588, -0.961766302586,  5.3382935524, -0.103020869195, 3351.66943359, -23.1002540588, -78.311958313, 19.2005958557, -0.282074332237, 5.55111512313e-17, 5.55111512313e-17,             0
        11.75, -0.0418302305043, 3349.57617188, 7565.60498047, 7647.77294922, 0.13787534833, 5.66103887558, 163.040802002, -0.00476301647723, -0.206283628941, 49.9998703003, 0.172692641616,         11.75, 0.0436376519501, 370.039276123, -0.998992621899, 4.88975524902, -0.0763055756688, 3373.57128906, -31.9500751495, -337.831207275, 27.5274810791, -0.283304154873,             0,             0,             0
       11.775, -0.0466158799827, 3322.61157227, 7563.12646484, 7649.68847656, 0.138142034411,  6.0876121521, 163.388015747, 0.000103540369309, -0.206980183721, 50.0000457764, -0.246774107218, 11.7749996185, 0.0442588403821, 551.995178223, -1.02484583855, 4.24595546722, -0.056415874511, 3389.19384766, -18.9471549988, -552.202697754, 17.1800403595, -0.284525901079,             0, -5.55111512313e-17,             0
         11.8, -0.120222076774, 3308.16796875, 7562.46289062, 7649.91943359, 0.137652516365,  6.7700214386, 163.735244751, 0.0246108081192, -0.207674965262, 49.9998321533, -0.242221593857, 11.8000001907, 0.0455957390368, 37.6555938721, -1.03158438206, 3.83948731422, -0.0542858950794, 3418.24267578,  17.102312088, -200.257415771, -10.5004310608, -0.28574064374,             0,             0,             0
       11.825, -0.0674255937338, 3303.34887695, 7565.52490234, 7647.92089844, 0.138933539391, 6.52777910233, 164.082443237, 0.00980020780116, -0.20801641047, 50.0002479553, -0.1874383986, 11.8249998093, 0.0458226390183, -338.591003418, -0.99925994873, 3.76569366455, -0.0755243375897,  3406.3527832, 31.5484237671,  277.56854248, -26.2629470825, -0.286969512701,             0, -5.55111512313e-17,             0
        11.85, -0.0659958571196, 3313.55859375, 7565.73632812, 7647.47607422, 0.139231950045, 6.31069278717, 164.429672241, 0.00164957973175, -0.208280175924, 50.0000572205, -0.184441313148, 11.8500003815, 0.0456506162882, -350.991516113, -0.996922850609, 4.01129722595, -0.0803617686033, 3397.88769531, 31.7000770569,  340.23638916, -27.1543102264, -0.288206398487,             0,             0,             0
       11.875, -0.0643903613091, 3334.77758789, 7569.05957031, 7644.39746094, 0.139050155878,  5.7827835083, 164.776885986, -0.00633918074891, -0.208390280604, 49.9999237061, 0.250211238861,        11.875, 0.043939050287, -573.918579102, -0.962001800537, 4.53241491318, -0.112772546709, 3376.61645508, 18.7142868042, 611.020324707, -17.8005123138, -0.289463728666, -5.55111512313e-17, 5.55111512313e-17,             0
         11.9, 0.0147567177191, 3358.56201172, 7570.14941406, 7642.94580078, 0.138806298375, 5.09188938141,  165.12411499, -0.00362380733714, -0.208450078964, 50.0000305176, 0.188505366445, 11.8999996185, 0.0421003773808, 133.081863403, -0.950553715229, 5.14512062073, -0.128099307418, 3348.86083984, -22.1911220551, -108.416679382, 18.2306060791, -0.29072484374,             0,             0,             0
       11.925, -0.0629929900169, 3350.10229492, 7565.89599609, 7646.08691406, 0.138127088547, 5.55922365189, 165.471343994, -0.00611809082329, -0.209081828594, 49.9997825623, 0.178241476417, 11.9250001907, 0.0435339957476, 377.528991699, -0.995148777962, 4.90634298325, -0.0952994823456, 3369.43457031, -32.3957328796, -330.671203613, 27.9679279327, -0.291952490807,             0,             0, 5.55111512313e-17
        11.95, -0.0688046962023, 3349.96191406, 7565.66259766, 7646.29003906, 0.138399139047, 5.55664110184, 165.818557739, -0.00338038918562, -0.209516778588, 49.9998207092, 0.178924739361, 11.9499998093, 0.0442436821759, 367.745300293, -0.997620761395, 4.90405750275, -0.093278221786, 3369.15673828, -32.3291358948, -334.65838623, 28.1447219849, -0.293190687895, 5.55111512313e-17,             0,             0
       11.975, 0.511123001575,  3331.6315918,    7561.59375,    7650.15625, 0.138565391302, 6.08580446243, 166.165771484, -0.00817826762795, -0.210219606757, 49.9997901917, -0.143727555871, 11.9750003815, 0.0461529791355, 601.506225586, -1.04038643837, 4.44120359421, -0.0527420081198, 3390.61401367, -18.3471088409, -543.669799805, 16.9384708405, -0.294419854879,             0, -5.55111512313e-17,             0
           12, -0.116076402366, 3306.63671875, 7560.07324219, 7652.05029297, 0.138384118676, 6.78193950653, 166.513000488, 0.0200543869287, -0.211000844836, 49.9998130798, -0.236369669437,            12, 0.0481413565576, 12.8930139542, -1.0564841032, 3.80195760727, -0.0327816158533,  3418.4074707, 17.6741485596, -156.766540527, -11.3407697678, -0.295651823282,             0,             0,             0
       12.025, -0.072983443737, 3311.26147461, 7563.41699219, 7649.66455078, 0.138970434666, 6.24783277512, 166.860214233, 0.00301373167895, -0.211216509342,  50.000125885, -0.182045951486, 12.0249996185, 0.0471749827266, -376.371673584, -1.02160406113, 3.96414232254, -0.057630803436,  3394.4453125, 31.5558681488, 346.101104736, -27.3199729919, -0.296918988228,             0,             0, 5.55111512313e-17
        12.05, -0.26345410943, 3325.48022461, 7566.85693359, 7646.83935547, 0.138687670231, 5.96721887589, 167.207427979, 0.00442156102508, -0.211434006691, 49.9999809265, 0.0931560322642, 12.0500001907, 0.0456732660532, -541.894104004, -0.985670208931, 4.31290960312, -0.087113596499, 3383.65673828, 20.6523323059,  508.63458252, -20.3911056519, -0.298194825649,             0,             0, 5.55111512313e-17
       12.075, 0.00537034124136, 3354.04321289, 7568.89648438, 7644.56396484, 0.138613939285, 5.33602714539, 167.554656982, 0.00211539003067, -0.211449727416, 49.9999809265, 0.227951705456, 12.0749998093, 0.0434659197927, -98.6314239502, -0.964330792427, 5.01750230789, -0.110917307436, 3358.90332031, -13.9260959625, 88.6258544922, 10.0311527252, -0.299479603767,             0,             0,             0
         12.1, -0.0774202421308,   3341.671875, 7565.69091797, 7647.33789062, 0.139021620154, 5.52862977982, 167.901870728, 0.000581002386753, -0.211978033185, 49.9999885559, 0.17695300281, 12.1000003815, 0.044165737927, 359.817169189, -0.997893810272, 4.73049068451, -0.0818426683545, 3366.77661133, -31.8994407654, -356.285797119, 27.7839393616, -0.300734102726,             0,             0,             0
       12.125, 0.0895994976163, 3324.14624023, 7562.51025391, 7650.18994141, 0.138846412301, 6.12451887131, 168.249084473, 0.000556051498279, -0.212635308504, 49.9998283386, -0.219790384173,        12.125, 0.0452568903565,  524.92199707, -1.0311576128, 4.27306222916, -0.0519739724696, 3391.63598633, -15.8172197342, -524.818969727, 15.2614736557, -0.301986694336, 5.55111512313e-17,             0, 5.55111512313e-17
        12.15, -0.111017741263, 3303.20117188, 7561.94287109, 7650.93261719, 0.138922289014, 6.61653375626, 168.596313477, 0.0181856378913, -0.21328663826, 49.9999351501, -0.220674902201, 12.1499996185, 0.0461141467094, -42.7344703674, -1.03698551655, 3.74579167366, -0.0442419312894, 3410.55053711, 16.2404594421, -82.9486465454, -11.0611047745, -0.303243845701,             0,             0,             0
       12.175, -0.0621812418103, 3314.22998047,   7565.859375, 7647.43457031, 0.139228135347,  6.2698431015, 168.943527222, -0.00477053457871, -0.213503345847, 49.9998512268, -0.18387144804, 12.1750001907, 0.045330259949, -364.061157227, -0.99579501152, 4.01413726807, -0.0809819027781, 3396.08691406, 32.5737113953, 398.091125488, -28.5345840454, -0.304520279169,             0,             0,             0
         12.2, -0.012370634824, 3330.91503906, 7568.77539062, 7645.03027344, 0.139444023371, 5.83366584778, 169.290740967, -0.00176241947338, -0.213659569621, 49.9999008179, 0.238052010536, 12.1999998093, 0.0447601638734, -568.048217773, -0.96511900425, 4.43374872208, -0.106258615851, 3378.36645508, 20.4653110504, 583.645629883, -19.7959156036, -0.305796653032,             0,             0, 5.55111512313e-17
       12.225, 0.0626889541745,  3365.4152832, 7569.70068359, 7643.75390625, 0.139176174998,  5.0953669548, 169.637954712, -0.0109304450452, -0.213627532125, 49.9998130798, 0.197306886315, 12.2250003815, 0.0435607694089, 135.920852661, -0.95539700985, 5.29057216644, -0.119660466909, 3349.97021484, -23.7241249084, -59.0327568054, 19.7793807983, -0.307083070278,             0,             0, -5.55111512313e-17
        12.25, -0.0607950910926, 3352.73974609, 7566.29150391, 7646.43457031, 0.139024198055,  5.3691034317, 169.985183716, -0.00404110923409, -0.214178517461, 49.9999427795, 0.181140348315,         12.25, 0.0445432364941,  286.04486084, -0.991218090057, 4.98251485825, -0.091503418982, 3360.37402344, -30.2092094421, -260.40447998, 25.4383010864, -0.308349847794,             0,             0, -5.55111512313e-17
       12.275, -0.0780893564224, 3347.72241211, 7565.36328125, 7647.31884766, 0.13849028945, 5.54150438309,  170.33241272, 0.00091348902788, -0.214655891061, 49.9999771118, 0.176947891712, 12.2749996185, 0.0447158031166, 323.996368408, -1.00106310844, 4.85974597931, -0.0821551680565,  3367.6796875, -30.9546318054, -337.307861328, 27.0866012573, -0.309628278017,             0,             0, -5.55111512313e-17
         12.3, 0.658553898335, 3334.59399414, 7561.31298828, 7650.56982422, 0.137250170112, 6.14510393143, 170.679641724, -0.0119933132082, -0.215340912342, 49.9996910095, -0.116319596767, 12.3000001907, 0.0454821996391, 598.594482422, -1.04366517067, 4.50378274918, -0.0480099208653, 3393.41625977, -18.1945075989, -533.276428223, 16.6017990112, -0.310902863741, 5.55111512313e-17,             0, -5.55111512313e-17
       12.325, 0.512710690498, 3333.16430664, 7561.40576172, 7650.36914062, 0.136645749211,  6.1357460022, 171.026870728, -0.0102816810831, -0.215822994709, 49.9997138977, -0.143697202206, 12.3249998093, 0.0458534546196, 601.692565918, -1.04275786877, 4.47225522995, -0.0501216053963, 3392.81323242, -17.9854927063, -542.789794922, 16.4269123077, -0.312182664871,             0, 5.55111512313e-17,             0
        12.35, -0.113442122936, 3310.13745117, 7560.19628906, 7651.70800781, 0.136204332113, 6.83919048309, 171.374084473, 0.0231466963887, -0.216656595469, 49.9997253418, -0.244589865208, 12.3500003815, 0.0481264181435, 53.6731643677, -1.05550384521, 3.87838935852, -0.03607429564, 3421.17163086, 16.3078994751, -215.301849365, -9.60637664795, -0.313444435596,             0,             0,             0
       12.375, -0.00634564040229, 3303.91699219, 7560.09130859, 7652.43017578, 0.136674210429, 6.87967061996, 171.721298218, 0.000372116453946, -0.217161267996, 49.9998893738, -0.197054773569,        12.375, 0.0484858117998, -105.503868103, -1.05668091774, 3.74117565155, -0.0284335073084, 3421.99243164, 22.2698745728, 100.231414795, -18.6431064606, -0.314730733633,             0,             0,             0
         12.4, -0.059531673789, 3319.53686523, 7564.24365234, 7649.31152344, 0.136808902025, 6.42950868607, 172.068527222, -0.00117250392213, -0.217390835285, 49.9998550415, -0.182050958276, 12.3999996185, 0.0467293336987, -377.205535889, -1.01322448254,  4.1284198761, -0.0609996542335, 3403.22021484, 31.4953117371, 378.935943604, -27.2400798798, -0.316043078899,             0,             0,             0
       12.425, -0.161300361156, 3328.38671875, 7567.36132812, 7647.23583984, 0.137026399374, 6.12008571625, 172.415740967, 0.00547772832215, -0.217729002237, 49.9999198914, 0.0977519750595, 12.4250001907, 0.0458415709436, -551.886901855, -0.980543911457,  4.3602347374, -0.0826479718089, 3390.18774414, 20.4493732452, 517.061828613, -20.2642040253, -0.317347556353,             0, 5.55111512313e-17,             0
        12.45, -0.0225139707327, 3349.19824219, 7568.77539062, 7645.92285156, 0.137755036354, 5.43563127518, 172.762954712, -0.0114443814382, -0.217897102237, 50.0000495911, 0.240884289145, 12.4499998093, 0.0453521236777, -221.068450928, -0.965697705746, 4.90297365189, -0.0963203459978, 3362.40087891, -8.14368915558, 311.492126465, 2.21510601044, -0.318649142981,             0,             0,             0
       12.475, 0.0160078592598, 3362.42456055, 7568.77929688, 7645.97314453, 0.137944757938, 5.29700708389, 173.110168457, 0.00375274661928, -0.218243524432, 49.9998817444, 0.193842083216, 12.4750003815, 0.0451941713691, 64.6824417114, -0.965666770935, 5.21066808701, -0.0956625565886, 3358.14233398, -20.5750617981, -75.8997955322, 17.5763301849, -0.319951206446,             0,             0, 5.55111512313e-17
         12.5, -0.0799749717116, 3341.83520508, 7564.59130859, 7649.83691406, 0.138335078955, 5.71643209457, 173.457382202, 0.00376218743622, -0.21898457408, 50.0000038147, 0.17536687851,          12.5, 0.0463014133275, 329.121765137, -1.00963401794, 4.71379566193, -0.0549637712538, 3374.34277344, -31.3744850159, -351.304229736, 27.5034751892, -0.321243405342,             0,             0,             0
       12.525, 0.344770342112, 3327.69482422, 7560.79736328, 7653.03369141, 0.137879654765,  6.1386961937, 173.804611206, -0.00560824107379, -0.219695612788,  49.999835968, -0.174295544624, 12.5249996185, 0.0475504547358, 576.626525879, -1.04952180386,  4.3476061821, -0.0212364755571, 3392.02001953, -19.1865539551, -541.766784668, 17.3989868164, -0.322536498308,             0, 5.55111512313e-17, 5.55111512313e-17
        12.55, 0.0176287982613, 3295.81665039, 7559.19482422, 7654.39550781, 0.138024240732, 6.80734634399, 174.151824951, -0.00563610577956, -0.220565930009, 49.9999313354, -0.199422523379, 12.5500001907, 0.0495910532773, -87.0653457642, -1.06644463539,  3.5554151535, -0.00677844136953, 3418.01245117, 21.3398780823, 125.783004761, -18.5073699951, -0.323823720217,             0,             0,             0
       12.575, 0.0163572579622, 3295.62841797, 7559.60009766, 7654.14697266, 0.138304531574, 6.85072946548, 174.499038696, -0.00514622032642, -0.221014723182, 49.9999465942, -0.200550854206, 12.5749998093, 0.0495239123702, -100.182373047, -1.06229484081, 3.54676103592, -0.00926167052239, 3419.93457031, 24.0291786194, 139.796600342, -20.9656600952, -0.325136870146,             0, -5.55111512313e-17,             0
         12.6, -0.0649136155844, 3304.41308594, 7562.55566406, 7651.78222656, 0.138532504439, 6.65438365936, 174.846252441, 0.00616600271314, -0.22133526206, 50.0001106262, -0.187584608793, 12.6000003815, 0.0483336932957, -336.790130615, -1.03139638901, 3.77386283875, -0.0339460447431, 3411.82055664,  32.112739563, 290.217376709, -26.8626823425, -0.326464980841, -5.55111512313e-17,             0, 5.55111512313e-17
       12.625, -0.0404380299151, 3300.29199219, 7561.00634766,  7653.0234375, 0.138268098235, 6.77869081497, 175.193481445, 0.000207775025046, -0.221866458654, 50.0000228882, -0.189969688654,        12.625, 0.0484439358115, -211.690933228, -1.04766643047, 3.66179895401, -0.0208879541606, 3416.85375977,  27.429807663, 196.692077637, -22.9252910614, -0.327780842781,             0,             0,             0
        12.65, -0.0669602751732, 3308.42211914, 7563.16210938, 7650.95410156, 0.137061342597, 6.70544528961, 175.540710449, 0.00260890391655, -0.222284883261, 50.0000762939, -0.187058910728, 12.6499996185, 0.048177793622, -350.408996582, -1.02506089211, 3.86234116554, -0.0425816401839,  3414.0324707, 31.6879005432, 303.423370361, -26.8849315643, -0.329102635384,             0, -5.55111512313e-17,             0
       12.675, -0.320963650942, 3329.89916992, 7566.22998047, 7647.86328125, 0.136163532734, 5.95658922195, 175.887939453, 0.000539994798601, -0.222452908754, 50.0000152588, 0.201426327229, 12.6750001907, 0.0475766770542, -562.351623535, -0.992895901203, 4.41440582275, -0.0750126615167, 3382.80639648,  22.106294632,  537.67175293, -21.4180335999, -0.330430299044,             0,             0,             0
         12.7, 0.0616175942123, 3368.82666016, 7567.09179688, 7646.64941406, 0.135122105479, 5.29577112198, 176.235168457, -0.00574460020289, -0.22252419591, 49.9997787476, 0.198710814118, 12.6999998093, 0.0468914806843, 86.2240066528, -0.983970224857, 5.34717941284, -0.0876930654049,  3358.5480957, -21.9398174286, -41.748374939, 18.6946411133, -0.331762880087,             0,             0,             0
       12.725, 0.0562918297946, 3372.40771484, 7566.25439453, 7647.84521484, 0.136014223099, 5.25069856644, 176.582382202, -0.0062155504711, -0.222945034504, 49.9998168945, 0.198687836528, 12.7250003815, 0.0469781197608, 123.537208557, -0.992941617966,  5.4355506897, -0.0749942436814, 3357.04980469, -23.3485813141, -57.9111862183, 19.7761459351, -0.333092093468,             0,             0, -5.55111512313e-17
        12.75, 0.027557823807, 3368.78515625, 7566.67626953, 7648.46533203, 0.137087926269, 5.35435390472, 176.929580688, -0.00323124788702, -0.223453015089, 49.9999198914, 0.191132768989,         12.75, 0.0462572984397, 126.232330322, -0.988695800304, 5.35155010223, -0.0682463124394, 3360.71240234, -22.402765274, -93.422744751, 19.1233272552, -0.334434002638, -5.55111512313e-17, -5.55111512313e-17,             0
       12.775, -0.0727678015828, 3350.86303711, 7563.37939453, 7651.79443359, 0.137030005455, 5.71422672272, 177.276809692, -0.00329169072211, -0.224189698696, 49.9998779297, 0.177944764495, 12.7749996185, 0.0469639077783, 356.440948486, -1.02335166931, 4.91931247711, -0.0330913327634, 3375.24829102, -31.7789993286, -341.780090332, 27.6889419556, -0.335761785507,             0,             0,             0
         12.8, -0.0961170718074, 3321.49951172, 7560.53955078, 7654.39160156, 0.137005895376, 6.10950517654, 177.624023438, -0.00415024720132, -0.224987119436, 49.9999885559, -0.256922394037, 12.8000001907, 0.0482096783817, 594.911132812, -1.05310869217, 4.22289991379, -0.00569754373282, 3389.93481445, -18.8020648956, -569.797241211, 17.0570297241, -0.337085545063, -5.55111512313e-17,             0, -5.55111512313e-17
       12.825, -0.106167070568, 3321.31030273, 7560.23388672, 7654.18798828, 0.136398911476, 6.51749229431, 177.971252441, 0.0230636503547, -0.225574702024, 49.9997329712, -0.252977967262, 12.8249998093, 0.0484405569732, 280.216125488, -1.05622947216, 4.15450716019, -0.00778117077425, 3408.05908203, 0.909983277321,  -425.4296875,  5.5172958374, -0.338422477245,             0, -5.55111512313e-17,             0
        12.85, -0.126911014318, 3311.12939453, 7560.16113281, 7654.29003906, 0.137356489897, 6.88296937943, 178.318466187, 0.0296030435711, -0.226211771369, 49.9997558594, -0.24392297864, 12.8500003815, 0.048690751195, 45.0025253296, -1.05688083172, 3.89141488075, -0.00673700775951, 3423.20239258, 16.6166267395, -226.254577637, -9.60167598724, -0.339761614799,             0, 5.55111512313e-17,             0
       12.875, -0.0261890031397, 3294.51977539, 7561.10302734, 7654.01074219, 0.139143481851, 6.85942792892, 178.665664673, 0.0031649088487, -0.226785138249, 50.0001220703, -0.195415839553,        12.875, 0.0488553643227, -157.916824341, -1.04688131809, 3.52541708946, -0.00969823077321, 3419.74316406, 25.7538604736, 142.041992188, -21.9368495941, -0.341103613377,             0,             0,             0
         12.9, -0.0626543164253, 3299.65014648, 7562.60449219, 7652.72851562, 0.139160498977, 6.66930341721, 179.012878418, 0.00495393760502, -0.227204307914,  50.000213623, -0.187234908342, 12.8999996185, 0.0483936630189, -289.904296875, -1.03100657463, 3.66543030739, -0.0232061892748, 3411.68676758, 29.3053684235, 243.311447144, -24.9618930817, -0.342454969883,             0,             0, 5.55111512313e-17
       12.925, -0.0660449638963, 3314.65209961, 7563.85253906, 7650.77978516, 0.137498512864, 6.49512481689, 179.360122681, -0.00319906231016, -0.227580323815, 49.9999847412, -0.184038415551, 12.9250001907, 0.0478251054883, -361.654998779, -1.01783072948, 4.01124572754, -0.0437079407275, 3405.37255859,  31.664598465, 353.014251709, -27.6326255798, -0.343810349703,             0,             0, 5.55111512313e-17
        12.95, 0.108234420419, 3332.42016602, 7566.62841797, 7647.52978516, 0.135835304856, 6.03927659988, 179.707351685, -0.00429736590013, -0.227882176638, 49.9998893738,  0.2134026438, 12.9499998093, 0.0472990833223, -560.31427002, -0.988698840141, 4.45729446411, -0.07790979743, 3386.97485352, 19.2719688416, 563.632751465, -19.0766830444, -0.345168173313,             0,             0,             0
       12.975, 0.134082198143, 3349.52563477, 7567.15185547, 7646.43457031, 0.135877519846, 5.29611682892, 180.054580688, -0.0253370888531, -0.228076294065, 50.0001373291, 0.210237503052, 12.9750003815, 0.0465311184525, 23.6503219604, -0.983307003975, 4.92272233963, -0.0894862487912, 3356.15917969, -14.5485992432, 154.317153931,  7.3458533287, -0.346532434225,             0,             0,             0
           13, -0.0214124433696, 3360.89257812, 7564.91308594, 7648.12011719, 0.136315986514, 5.40798425674, 180.401794434, -0.00826453138143, -0.228507086635, 49.9999198914, 0.185378834605,            13, 0.0464401207864, 277.208831787, -1.00694346428, 5.16052293777, -0.0718323066831,  3362.6862793, -28.9016895294, -189.622695923,  24.181722641, -0.347893923521,             0,             0,             0
       13.025, -0.0771976187825, 3344.04150391, 7563.62402344, 7650.52246094, 0.138023555279,  5.7577047348,  180.74899292, 0.0031836994458, -0.229150593281, 50.0000419617, 0.175077587366, 13.0249996185, 0.0463695861399, 363.685882568, -1.02054834366, 4.76722240448, -0.046606965363, 3376.49682617, -31.8181743622, -364.155059814, 28.0105018616, -0.349258750677, -5.55111512313e-17,             0,             0
        13.05, 0.599651873112, 3335.71044922, 7561.06005859, 7653.26220703, 0.137640163302, 6.25852775574, 181.096206665, -0.00678994040936, -0.22982531786, 49.9997749329, -0.126038655639, 13.0500001907, 0.0468138828874, 562.491333008, -1.04741179943, 4.51890611649, -0.0178258083761,  3398.0480957, -17.4823646545, -523.625976562, 16.3506183624, -0.35061955452,             0,             0,             0
       13.075, -0.121530205011, 3309.48120117, 7560.45947266, 7653.94189453, 0.136985257268, 6.79106664658, 181.443435669, 0.0238940268755, -0.230613410473, 49.9997940063, -0.245419964194, 13.0749998093, 0.0486383698881, 56.5136260986, -1.05358314514, 3.86908864975, -0.0107041681185, 3418.91552734, 16.0611095428, -234.744476318, -9.41272258759, -0.351966679096,             0,             0,             0
         13.1, -0.0271127745509, 3304.88330078, 7560.45166016, 7653.52294922, 0.136469349265, 6.84545373917, 181.790664673, 0.00542051251978, -0.231082156301,  49.999912262, -0.204219147563, 13.1000003815, 0.048736769706, -79.3833999634, -1.05354321003, 3.76433682442, -0.0151494033635, 3420.67919922, 21.3023319244, 32.3550605774, -17.2782402039, -0.35333609581,             0, -5.55111512313e-17, -5.55111512313e-17
       13.125, -0.065836943686,  3309.7578125, 7563.29492188,  7650.7265625, 0.136121228337, 6.67901802063, 182.137893677, 0.00365807954222, -0.231443092227, 50.0001335144, -0.186732649803,        13.125, 0.0477048940957, -346.480377197, -1.0236749649, 3.89910149574, -0.0445751771331, 3413.09130859, 31.7392539978, 306.933227539, -27.1032943726, -0.354721009731,             0,             0,             0
        13.15, -0.486603498459, 3326.51782227, 7566.36523438,   7647.734375, 0.136363968253, 6.05159330368, 182.485107422, 0.00519811362028, -0.231621280313, 50.0000839233, 0.0823982208967, 13.1499996185, 0.0464274510741, -527.139282227, -0.991441488266,    4.32903862, -0.0760827213526, 3386.76586914, 23.5984287262,  491.27444458, -22.8775062561, -0.356110334396,             0,             0,             0
       13.175, -0.0472716763616, 3360.08154297, 7568.53759766, 7645.64550781, 0.13672529161, 5.37922668457, 182.832321167, 0.0149561492726, -0.231657341123,  49.999961853, 0.208014920354, 13.1750001907, 0.0450523719192, -37.1553039551, -0.968619406223, 5.14879751205, -0.0981074050069, 3361.28881836, -17.224401474, -40.985004425, 15.1317129135, -0.357503265142,             0,             0,             0
         13.2, -0.00110244681127, 3352.88891602, 7564.90087891,   7649.203125, 0.137985467911, 5.64630079269, 183.179519653, -0.00235384586267, -0.232186883688, 49.9998016357, 0.167048841715, 13.1999998093, 0.0454015508294, 380.397857666, -1.00668764114, 4.96446418762, -0.060866151005, 3373.44262695, -32.180683136, -332.265380859, 28.1485843658, -0.358881741762,             0, 5.55111512313e-17,             0
       13.225, -0.0538960471749,  3321.3515625, 7562.26367188, 7652.15917969, 0.13988314569, 6.10766267776,  183.52671814, -0.000414398469729, -0.232890695333, 50.0000343323, -0.249056681991, 13.2250003815, 0.045945301652, 571.678955078, -1.03424668312, 4.20910310745, -0.0298855658621, 3389.96923828, -19.8513565063, -548.038269043, 18.5398597717, -0.36026096344, -5.55111512313e-17,             0,             0
        13.25, 0.00437082303688, 3323.44970703, 7562.10595703, 7652.02929688, 0.139643266797, 6.31107807159, 183.873947144, 0.0107884481549, -0.233334779739, 49.9997901917, -0.234579458833,         13.25, 0.0460041500628, 380.094085693, -1.03574562073, 4.22625398636, -0.0312966406345, 3399.61694336, -3.3034760952, -453.738372803, 8.34099578857, -0.361646384001, -5.55111512313e-17,             0, 5.55111512313e-17
       13.275, -0.108496561646, 3304.30810547, 7561.94384766, 7651.64160156, 0.13937202096, 6.62958812714, 184.221160889, 0.0178682710975, -0.233919680119, 49.9998970032, -0.236622735858, 13.2749996185, 0.0461590476334, 21.9489936829, -1.03725218773, 3.77303814888, -0.0355164296925, 3411.74560547, 17.6565742493, -156.301620483, -12.2486658096, -0.363033652306, -5.55111512313e-17,             0,             0
         13.3, -0.0726008340716, 3304.23803711, 7565.20117188, 7648.13525391, 0.139061197639, 6.36609077454, 184.568389893, 0.00361831206828, -0.23421241343, 50.0002593994, -0.183344751596, 13.3000001907, 0.0447165444493, -366.99520874, -1.00289273262, 3.80074453354, -0.0725691542029, 3399.08642578, 31.5224475861, 324.701568604, -27.5974903107, -0.364440202713,             0,             0,             0
       13.325, 0.0841065123677, 3333.43920898, 7569.36279297, 7643.20751953, 0.137893855572, 5.88260507584, 184.915618896, -0.00657472759485, -0.234300866723, 49.9998779297, 0.220857053995, 13.3249998093, 0.0434439182281, -569.337768555, -0.959052562714, 4.48448848724, -0.124646037817, 3380.74511719, 19.9337558746, 604.975708008, -19.2529296875, -0.365845620632, -5.55111512313e-17,             0,             0
        13.35, -0.0589959807694, 3336.34741211, 7569.38476562, 7642.85742188, 0.138223811984,  5.5835108757, 185.262832642, -0.0131178991869, -0.234615877271, 50.0000610352, 0.252534300089, 13.3500003815, 0.0441718436778,  -500.5753479, -0.958719551563, 4.58897590637, -0.128669887781, 3367.57592773, 7.67685890198, 592.907714844, -11.5357646942, -0.367231965065,             0, 5.55111512313e-17,             0
       13.375, 0.0261491052806, 3352.06542969, 7569.13232422, 7643.35986328, 0.138348594308,  5.3376531601, 185.610061646, -0.00677103223279, -0.23486341536, 50.0000724792, 0.22832031548,        13.375, 0.0442299507558, -102.010848999, -0.961388885975,   4.978495121, -0.123620666564, 3358.76000977, -13.3614177704, 159.572494507,  7.9840259552, -0.368630409241,             0,             0,             0
         13.4, -0.0772124901414, 3342.15209961, 7564.68554688, 7647.74560547, 0.13881893456, 5.56089496613, 185.957275391, 0.000942873535678, -0.235410436988, 50.0000190735, 0.176986813545, 13.3999996185, 0.04525462538, 357.964904785, -1.00812995434,  4.7377448082, -0.0776717215776, 3368.05712891, -32.3423614502, -354.428039551, 28.3166828156, -0.370022982359,             0,             0,             0
       13.425, 0.344253689051, 3330.54736328,  7561.8203125, 7650.62109375, 0.138774320483, 5.94592857361, 186.304489136, -0.00321076298133, -0.236027002335, 49.9999809265, -0.067741908133, 13.4250001907, 0.0462684296072, 503.842102051, -1.03834199905,  4.4340596199, -0.0474156178534, 3383.55566406, -21.9843273163, -484.140533447, 20.6704006195, -0.371419101954,             0, -5.55111512313e-17,             0
        13.45, -0.0969345122576, 3303.63623047, 7559.89453125, 7652.75097656,   0.138614133, 6.62007474899,  186.65171814, 0.0156586263329, -0.236821249127, 50.0000038147, -0.226020857692, 13.4499998093, 0.0482106804848, -12.5762310028, -1.05869448185, 3.75334715843, -0.024936677888, 3410.47387695, 14.7730693817, -100.889457703, -9.99110221863, -0.372807890177, 5.55111512313e-17, -5.55111512313e-17,             0
       13.475, -0.0627686530352, 3312.40161133, 7563.57568359, 7649.53710938, 0.138723626733, 6.31815290451, 186.998931885, -0.00499449577183, -0.237093821168,  49.999912262, -0.184217751026, 13.4750003815, 0.0476942881942, -362.575836182, -1.02023887634, 3.96799659729, -0.0584924183786, 3397.86010742, 32.5638961792, 392.896057129, -28.4841499329, -0.374226003885,             0,             0,             0
         13.5, -0.0729039311409, 3332.16503906, 7566.89697266, 7646.92236328, 0.139031112194, 5.74426031113,  187.34614563, 0.000268278672593, -0.237203061581, 50.0000228882, 0.250819414854,          13.5, 0.0462288409472, -585.668273926, -0.985519170761, 4.48034477234, -0.08579287678, 3374.38378906, 20.0637187958, 585.309143066, -19.018081665, -0.375657379627, 5.55111512313e-17,             0,             0
       13.525, -0.0218122154474, 3348.66430664, 7568.21435547, 7645.78808594, 0.139089331031, 5.39874505997, 187.693359375, -0.0070345508866, -0.237388446927, 50.0000457764, 0.238847479224, 13.5249996185, 0.0445929355919, -195.742385864, -0.971771001816, 4.89196491241, -0.0975903123617, 3360.91455078, -9.42065238953, 245.812286377, 4.29639673233, -0.377093285322,             0, -5.55111512313e-17,             0
        13.55, 0.0465966016054, 3367.59423828, 7569.24902344, 7644.67236328, 0.138469189405, 5.09246110916, 188.040588379, -0.00820085778832, -0.237594157457, 49.9999313354, 0.196199610829, 13.5500001907, 0.0431937836111, 117.896957397, -0.960909485817, 5.34775352478, -0.109255239367, 3349.68798828, -22.6140785217, -69.6826782227, 18.9484653473, -0.37852782011,             0,             0,             0
       13.575, -0.06909609586, 3351.58422852,   7566.890625, 7646.48046875, 0.138085514307, 5.41075992584, 188.387817383, -0.0002413172042, -0.238202273846, 50.0000534058, 0.179275661707, 13.5749998093, 0.0437182746828, 289.715301514, -0.985543966293, 4.95474481583, -0.0903390347958, 3361.92480469, -30.3099708557, -291.234527588, 26.0195922852, -0.379943221807,             0,             0, -5.55111512313e-17
         13.6, 0.111250795424, 3324.58325195, 7562.71142578, 7650.18261719, 0.137999489903, 6.06542539597, 188.735031128, -0.00152938824613, -0.238984793425, 50.0000076294, -0.216782838106, 13.6000003815, 0.0457116179168, 545.573486328, -1.02925205231, 4.28945541382, -0.0515946447849, 3388.31176758, -20.2602653503, -533.728393555, 18.9096889496, -0.381344079971, -5.55111512313e-17,             0,             0
       13.625, -0.0660282149911, 3305.47973633, 7561.22705078, 7651.66210938, 0.138140842319, 6.59112501144, 189.082244873, 0.0131816873327, -0.23968282342, 50.0000305176, -0.239872485399,        13.625, 0.0474656298757, 66.8637008667, -1.04474306107, 3.80359816551, -0.0361446961761, 3409.30126953, 11.6484794617, -154.198425293, -7.85046577454, -0.382750153542, 5.55111512313e-17, -5.55111512313e-17,             0
        13.65, -0.062750145793, 3315.25537109, 7564.55419922, 7648.94628906, 0.138585567474, 6.29003143311, 189.429458618, -0.00393130490556, -0.239955797791, 49.9999160767, -0.183470487595, 13.6499996185, 0.0471433214843, -364.270935059, -1.00984025002, 4.03950023651, -0.064616560936, 3396.90136719, 32.3233528137,  393.61932373, -28.1869029999, -0.384181976318,             0, -5.55111512313e-17,             0
       13.675, -0.0670166835189, 3337.98901367, 7567.82763672, 7646.37792969, 0.138859391212, 5.78666067123, 189.776687622, -0.00303477258421, -0.240071311593, 49.9998626709, 0.251209467649, 13.6750001907, 0.0458784252405, -584.834411621, -0.975536584854, 4.59363222122, -0.0914780795574, 3376.93115234, 17.6107292175, 612.436889648, -16.2590103149, -0.385627418756,             0,             0,             0
         13.7, 0.056287009269,  3366.3425293, 7568.77587891, 7645.52099609, 0.139008253813, 5.14457654953, 190.123901367, -0.00873403903097, -0.240097671747, 49.9998664856, 0.196268245578, 13.6999998093, 0.0442565195262, 130.894378662, -0.965651154518, 5.30441808701, -0.100355699658, 3352.04711914, -23.0355644226, -63.9477348328, 19.1815280914, -0.387079596519, -5.55111512313e-17,             0,             0
       13.725, -0.0809702575207, 3343.93139648,    7565.21875, 7648.52441406, 0.139325648546, 5.53157043457, 190.471115112, 0.00351206632331, -0.240733131766, 50.0000572205, 0.176642969251, 13.7250003815, 0.0452783815563, 322.636077881, -1.00299739838, 4.77482271194, -0.0687662288547, 3366.82788086, -31.0348739624, -343.527526855, 27.1101169586, -0.388505905867,             0,             0,             0
        13.75, 0.419314086437, 3333.17016602, 7562.65234375, 7650.39990234, 0.139047503471, 5.83901596069, 190.818328857, -0.00488682743162, -0.24126406014, 49.9999427795, 0.0113275246695,         13.75, 0.0455965325236, 485.424682617, -1.02993619442, 4.50313663483, -0.049048665911, 3379.36547852, -22.4220790863, -456.81427002, 20.8895206451, -0.38994204998,             0,             0, -5.55111512313e-17
       13.775, -0.0976633056998, 3321.84155273, 7561.95068359, 7650.88916016, 0.138600438833, 6.11137390137, 191.165557861, -0.00254804431461, -0.241802021861, 49.9999771118, -0.256751328707, 13.7749996185, 0.045713968575, 566.639587402, -1.03727030754, 4.22630977631, -0.0439572520554, 3390.23193359, -18.9207649231, -558.586120605, 17.1326141357, -0.391382157803,             0,             0,             0
         13.8, -0.0968343615532, 3322.50756836, 7561.90576172, 7650.51855469, 0.137758091092, 6.17397165298, 191.512786865, -0.0031366944313, -0.242222487926, 49.9999046326, -0.260085165501, 13.8000001907, 0.0454898141325, 601.186767578, -1.03768777847, 4.23208475113, -0.047945972532, 3393.34228516, -13.3563318253, -591.166564941, 13.4996528625, -0.392827361822,             0, 5.55111512313e-17,             0
       13.825, -0.0948701202869, 3311.96166992, 7561.39892578, 7650.69824219, 0.13678894937, 6.60084342957, 191.860015869, 0.0177856571972, -0.242856249213, 49.9999237061, -0.250964641571, 13.8249998093, 0.0464886315167, 157.679840088, -1.04292678833, 3.94736552238, -0.0462150946259,  3410.3815918, 7.59121704102, -292.751617432, -2.59692573547, -0.394261151552,             0,             0,             0
        13.85, -0.0670930370688, 3309.21240234, 7564.16162109, 7648.81542969, 0.137353911996, 6.37817907333, 192.207229614, 0.00373770832084, -0.243242114782,  50.000164032, -0.183037519455, 13.8500003815, 0.0468266941607, -362.633972168, -1.01391386986, 3.90198850632, -0.0660804361105, 3400.07299805, 31.8617725372, 340.669281006, -27.1718578339, -0.395704239607,             0,             0,             0
       13.875, 0.193078458309, 3324.95776367, 7565.77929688, 7647.83203125, 0.137875422835, 6.24418830872, 192.554443359, 0.00220817932859, -0.243519619107, 49.9998970032, -0.132703989744,        13.875, 0.0462597236037, -401.16506958, -0.996930420399, 4.26680183411, -0.0764419659972, 3396.22875977, 27.1035480499, 404.765075684, -25.2603702545, -0.397161126137,             0,             0,             0
         13.9, -0.279215365648, 3330.88012695, 7568.41845703, 7645.91308594, 0.138977259398, 5.92941665649, 192.901657104, 0.00440221931785, -0.243759781122, 50.0000457764, 0.170931994915, 13.8999996185, 0.043923843652, -551.440246582, -0.969209074974, 4.44870281219, -0.096575923264, 3382.53393555, 20.6291732788, 526.546142578, -20.0763893127, -0.398640930653,             0,             0,             0
       13.925, 0.0501577779651, 3368.03149414, 7570.98046875, 7643.06738281, 0.138354748487,  5.1764216423,  193.24887085, -0.00895754434168, -0.243735358119, 49.9998970032, 0.195724159479, 13.9250001907, 0.0408724956214, 119.718132019, -0.942180275917,  5.3458275795, -0.126519590616, 3353.27172852, -23.1536502838, -66.989151001, 19.3439865112, -0.400128543377,             0,             0,             0
        13.95, -0.0396428592503, 3342.05175781, 7567.46923828, 7645.71435547, 0.13789652288, 5.61120176315, 193.596099854, -0.000677087751683, -0.244489520788, 49.9999809265, 0.168768122792, 13.9499998093, 0.0431524291635, 348.922119141, -0.978756904602, 4.72376155853, -0.0989565700293, 3370.29785156,  -31.94140625, -347.936950684, 27.7015781403, -0.401558309793,             0,             0,             0
       13.975, 0.650879263878, 3333.74511719, 7563.19335938,   7648.921875, 0.137115418911, 6.08035373688, 193.943328857, -0.00789689738303, -0.24513065815, 49.9997749329, -0.116976417601, 13.9750003815, 0.0455575883389, 579.645507812, -1.0234490633, 4.48918581009, -0.06551861763, 3390.68896484, -18.734588623, -522.165283203, 17.0846767426, -0.402990072966,             0, 5.55111512313e-17, 5.55111512313e-17
           14, 0.317076474428, 3331.10131836, 7561.90869141, 7650.10205078, 0.137671217322, 6.06146097183, 194.290542603, -0.00567275518551, -0.245566621423, 49.9999008179, -0.179102152586,            14, 0.0462909378111,  598.90447998, -1.03693437576, 4.44215154648, -0.0532075017691, 3389.43701172, -18.9323368073, -552.726928711,  17.355342865, -0.404445052147,             0, -5.55111512313e-17, -5.55111512313e-17
       14.025, -0.00657377159223, 3301.64575195, 7560.03662109, 7652.07373047, 0.137933582067, 6.82883167267, 194.637756348, 0.00388351641595, -0.246389970183, 49.9999427795, -0.208876952529, 14.0249996185, 0.0475026778877, -46.4023666382, -1.05672991276, 3.68613600731, -0.0324585996568, 3419.64624023, 18.6261234283, 19.7624378204, -14.3749132156, -0.40589979291,             0,             0, -5.55111512313e-17
        14.05, -0.0666690692306, 3300.50244141, 7562.51611328, 7650.58349609, 0.138518333435, 6.57233905792, 194.984970093, 0.00528940139338, -0.246761769056, 50.0002746582, -0.185990065336, 14.0500001907, 0.0469967089593, -312.420593262, -1.03089499474, 3.69566631317, -0.0479769334197, 3407.60327148, 30.0910968781, 268.561981201, -25.6450328827, -0.407374709845,             0, 5.55111512313e-17, 5.55111512313e-17
       14.075, -0.0628756806254, 3311.49902344, 7564.08447266, 7649.05322266, 0.138042673469, 6.49366092682, 195.332199097, 0.000451778934803, -0.247120559216,  50.000038147, -0.185864970088, 14.0749998093, 0.0467295572162, -343.518981934, -1.01455295086, 3.94313287735, -0.0639428645372, 3405.73339844, 32.0055389404, 334.725158691, -27.4006748199, -0.408849269152,             0,             0,             0
         14.1, 0.13106636703, 3332.27270508, 7568.09130859, 7645.44873047, 0.13811725378, 5.97068691254, 195.679412842, -0.00271025672555, -0.247278362513, 49.9999198914, 0.210590928793, 14.1000003815, 0.0449246391654, -562.06048584, -0.972552001476, 4.45626544952, -0.101722858846, 3384.41821289,   19.45936203, 580.347045898, -18.6514320374, -0.410343527794,             0,             0, 5.55111512313e-17
       14.125, 0.0257708989084, 3362.61425781,   7569.390625, 7644.04296875, 0.13816203177, 5.22402858734, 196.026626587, -0.00431788666174, -0.247361421585, 49.9999542236, 0.190641656518,        14.125, 0.0434562377632, 124.974151611, -0.958917558193, 5.21849775314, -0.116471633315, 3354.74829102, -23.036895752, -93.0018005371, 18.9976043701, -0.411835730076,             0,             0, -5.55111512313e-17
        14.15, -0.0717339888215,     3349.1875, 7564.76025391, 7648.21484375, 0.137982919812, 5.54722976685, 196.373855591, -0.00294452160597, -0.248083353043, 49.9998970032, 0.179094225168, 14.1499996185, 0.0459614880383, 360.275543213, -1.0075173378, 4.89091110229, -0.0726782679558, 3368.25317383, -32.3731765747, -339.253051758, 28.0934410095, -0.413287341595,             0,             0,             0
       14.175, 0.0545445717871, 3322.32592773, 7560.81152344, 7652.11132812, 0.138472884893, 6.05567884445, 196.721069336, -0.000571049517021, -0.248880386353, 50.0000190735, -0.227479711175, 14.1750001907, 0.0482600033283, 551.297607422, -1.04908251762, 4.23838615417, -0.0316471122205, 3387.78588867, -20.3120517731, -539.529174805, 19.2792644501, -0.414746284485, -5.55111512313e-17, -5.55111512313e-17,             0
         14.2, -0.0906514599919, 3307.56201172, 7559.06787109, 7654.11328125, 0.138799101114, 6.55185508728, 197.068283081, 0.0202016513795, -0.24956022203, 49.9999771118, -0.248299449682, 14.1999998093, 0.0491219758987, 124.211700439, -1.06760191917, 3.84883022308, -0.0103805037215, 3407.99511719, 9.01090812683, -254.216751099, -3.89556241035, -0.416225343943,             0,             0,             0
       14.225, -0.0728387907147, 3303.83007812, 7561.91162109, 7652.32519531, 0.139797255397, 6.41254043579, 197.415481567, 0.00633477605879, -0.249948441982, 50.0002784729, -0.182968854904, 14.2250003815, 0.0482347309589, -365.149871826, -1.03799414635,  3.7840898037, -0.0288461856544, 3400.87744141, 31.6665458679, 321.692504883, -27.1561260223, -0.417725801468,             0,             0,             0
        14.25, 0.0445629991591, 3331.63769531, 7566.75927734, 7647.85302734, 0.139471694827, 5.87959623337, 197.762710571, -0.00460721785203, -0.250039607286, 49.9999237061, 0.228418171406,         14.25, 0.0464412644506, -572.904724121, -0.987255930901, 4.44297266006, -0.0755405426025, 3380.25537109, 20.2331752777, 599.068664551, -19.3055820465, -0.419237166643,             0, -5.55111512313e-17, 5.55111512313e-17
       14.275, -0.0683022215962, 3331.26708984, 7567.56347656, 7647.04931641, 0.13970439136, 5.60383415222, 198.109924316, -0.00833193864673, -0.250382870436, 50.0000839233, 0.253185927868, 14.2749996185, 0.046347450465, -543.722351074, -0.9788454175, 4.46797180176, -0.0838616490364, 3367.83959961, 9.79861927032, 596.734436035, -13.1211967468, -0.420731931925,             0,             0, -5.55111512313e-17
         14.3, -0.0165581777692,  3342.3190918, 7568.08105469, 7646.38818359, 0.139477550983, 5.38067150116,  198.45715332, -0.0190228372812, -0.250657975674, 50.0000839233, 0.241366505623, 14.3000001907, 0.0456161312759, -236.02911377, -0.973414778709, 4.74425649643, -0.0907370746136,  3359.5637207, -3.30464029312, 367.302703857, -1.4942445755, -0.422236561775,             0,             0,             0
       14.325, 0.00922792591155, 3361.04418945, 7568.80322266, 7645.46240234, 0.138955503702,  5.0951294899, 198.804367065, -0.00235795113258, -0.250865638256, 50.0000762939, 0.189123570919, 14.3249998093, 0.0439226739109, 123.636299133, -0.965818762779, 5.20414590836, -0.100427769125, 3348.98339844, -22.0296115875, -111.612060547, 18.3146877289, -0.423754364252,             0,             0,             0
        14.35, -0.00284506939352, 3351.36083984,   7565.078125, 7648.21484375, 0.137712985277, 5.67115068436, 199.151611328, -0.00814348738641, -0.251533716917, 49.9997406006, 0.167011886835, 14.3500003815, 0.04431078583, 374.970092773, -1.00480186939, 4.92169475555, -0.0716257765889, 3374.19897461, -32.1965751648, -326.578918457, 27.7760257721, -0.425251305103,             0,             0,             0
       14.375, -0.0845416411757, 3345.26977539, 7564.97314453, 7648.29003906, 0.137592643499, 5.60764455795, 199.498825073, 0.00235296157189, -0.252008020878, 49.9999580383, 0.176979660988,        14.375, 0.044578589499, 363.037628174, -1.00580012798,  4.8004360199, -0.0709479674697, 3370.55249023, -28.5931015015, -383.140411377, 25.2299556732, -0.426750034094,             0,             0,             0
         14.4, 0.362379819155, 3329.85864258, 7562.78417969, 7649.87597656, 0.137029275298, 6.07169246674, 199.846054077, -0.00542230065912, -0.252694070339, 49.9999580383, -0.169594526291, 14.3999996185, 0.0456748791039, 542.089538574, -1.02862513065, 4.41160011292, -0.0544779263437,  3389.2109375, -20.9480247498, -511.26776123, 19.6267604828, -0.428242832422,             0, -5.55111512313e-17, -5.55111512313e-17
       14.425, -0.0992906093597, 3307.23413086, 7561.00146484, 7651.60888672, 0.13668115437,  6.7969326973, 200.193267822, 0.0169850215316, -0.253502070904, 49.9998893738, -0.227014943957, 14.4250001907, 0.047267973423, -12.0970611572, -1.04722380638, 3.81254339218, -0.036434199661, 3418.63208008, 14.9690589905, -104.197517395, -9.69099903107, -0.42973318696,             0,             0, -5.55111512313e-17
        14.45, 0.01235205587, 3304.97485352, 7561.02197266, 7652.08740234, 0.136837601662, 6.90480804443, 200.540496826, 0.00253207073547, -0.254008293152, 49.9998588562, -0.21691866219, 14.4499998093, 0.0480742640793, -19.5037097931, -1.04696285725, 3.75448060036, -0.0314802415669, 3423.36132812,  20.507598877, 3.83779525757, -15.9453477859, -0.431234508753,             0,             0,             0
       14.475, -0.0624166205525,  3301.8605957, 7562.69726562, 7651.16894531, 0.137829393148, 6.64119815826, 200.887695312, 0.00552805885673, -0.254396170378, 50.0002365112, -0.186629101634, 14.4750003815, 0.0477118901908, -292.240081787, -1.02939069271,  3.7229244709, -0.0411048643291, 3410.91625977, 29.5316524506, 254.469238281, -25.1081371307, -0.432752400637, -5.55111512313e-17,             0,             0
         14.5, -0.0722234770656, 3319.60424805, 7564.40039062, 7649.43896484, 0.137340337038, 6.40814447403, 201.234924316, 0.000719473930076, -0.254687875509, 50.0000534058, -0.182109132409,          14.5, 0.0465321056545, -383.184936523, -1.0115429163, 4.13591575623, -0.0592030026019, 3401.83300781, 31.6656608582, 364.850585938, -27.6698932648, -0.434282302856,             0,             0,             0
       14.525, -0.551201403141, 3327.31665039, 7567.14746094, 7647.17382812, 0.13701364398, 6.00589895248, 201.582138062, 0.0045850253664, -0.255012899637, 50.0000991821, 0.117796257138, 14.5249996185, 0.0456980019808, -541.19152832, -0.982714533806,  4.3533000946, -0.0829533487558, 3384.95483398, 23.2339344025, 496.966186523, -22.7918796539, -0.435810655355,             0,             0, -5.55111512313e-17
        14.55, 0.0540880151093, 3370.49682617, 7569.08837891, 7644.63525391, 0.136048361659, 5.17959403992, 201.929367065, -0.00867567770183, -0.254996657372, 49.9999313354, 0.196661442518, 14.5500001907, 0.0441307760775, 122.375190735, -0.962349176407,  5.4029250145, -0.1096014902, 3353.60302734, -23.5193004608, -64.0598907471, 19.7943611145, -0.43734896183, -5.55111512313e-17,             0,             0
       14.575, -0.0303121879697, 3365.57202148, 7567.99707031, 7645.70166016, 0.136588945985, 5.16278934479, 202.276580811, 0.00538461189717, -0.255480855703, 50.0001068115, 0.186348870397, 14.5749998093, 0.0446554422379, 146.732070923, -0.97383248806, 5.29938268661, -0.0984122082591, 3352.50219727, -25.3044948578, -170.392715454, 22.3152732849, -0.438868433237, -5.55111512313e-17,             0,             0
         14.6, -0.0797578990459, 3346.35571289, 7564.85791016, 7648.76318359, 0.13695423305, 5.76908445358, 202.623794556, 0.00557766295969, -0.25623819232, 50.0001106262, 0.175389379263, 14.6000003815, 0.04556049034, 321.130126953, -1.00680279732, 4.81479406357, -0.0662660226226, 3376.92260742, -31.1418628693,  -349.9402771, 27.4997615814, -0.440387815237,             0,             0, 5.55111512313e-17
       14.625, 0.590980768204, 3334.93676758, 7561.18505859, 7652.05810547, 0.13673107326, 6.22759389877,  202.97102356, -0.00682024843991, -0.256928235292, 49.9997940063, -0.127763167024,        14.625, 0.04651356861, 564.943847656, -1.04537522793, 4.50358629227, -0.0316290743649,  3396.8815918, -17.1380348206, -517.465576172, 16.1224975586, -0.44190877676,             0,             0,             0
        14.65, -0.0133587392047, 3301.93798828, 7560.33740234, 7653.27392578, 0.13713259995,  6.8622508049, 203.318237305, 0.0034437852446, -0.257791250944, 50.0000038147, -0.199927300215, 14.6499996185, 0.0486183986068, -96.1227874756, -1.05428242683, 3.69276237488, -0.0188022684306, 3420.80322266, 22.0496101379, 70.0973587036, -18.0205974579, -0.443419337273,             0,             0,             0
       14.675, -0.0736825764179, 3309.61694336, 7563.18457031, 7651.06201172, 0.13761086762, 6.39489746094,  203.66545105, 0.00482602789998, -0.258081316948, 50.0002708435, -0.182546809316, 14.6750001907, 0.0484568662941, -372.440002441, -1.02446532249, 3.92108416557, -0.0419014804065, 3400.39941406,  31.457649231, 335.371398926, -27.1993427277, -0.444957315922,             0,             0,             0
         14.7, -0.0598986968398, 3334.88232422, 7566.79736328, 7647.69824219, 0.137729153037, 5.88727521896, 204.012664795, -0.00704264407977, -0.2582449615, 49.9999160767, 0.24996650219, 14.6999998093, 0.0475000664592, -578.887634277, -0.986667156219, 4.51477050781, -0.0770469978452, 3380.84350586, 18.5318088531, 636.750305176, -17.3298740387, -0.446507841349, -5.55111512313e-17,             0, -5.55111512313e-17
       14.725, 0.0556117370725, 3367.98510742, 7567.56591797, 7647.05029297, 0.138231158257, 5.16959190369,  204.35987854, -0.00694409152493, -0.258274078369, 49.9999275208, 0.196862816811, 14.7250003815, 0.0457637384534, 126.255020142, -0.978749811649, 5.34307527542, -0.0836602300406, 3353.11083984, -23.3114376068, -63.4643630981, 19.6225738525, -0.44807061553,             0,             0,             0
        14.75, 0.0267114713788, 3364.40991211, 7567.57324219, 7647.18945312, 0.138666749001, 5.22363328934, 204.707092285, -0.00572774605826, -0.25872901082,  49.999961853, 0.191091015935,         14.75, 0.0452477112412, 140.393737793, -0.978805422783, 5.26133203506, -0.0820230171084, 3355.10888672, -22.7769565582, -98.0082702637, 19.0307846069, -0.449623435736,             0,             0,             0
       14.775, -0.0730697512627, 3348.15405273, 7564.07275391, 7649.98730469, 0.137908026576, 5.66852760315, 205.054321289, -0.00440498068929, -0.259407281876,  49.999912262, 0.177830293775, 14.7749996185, 0.0457172840834, 355.979400635, -1.01556122303, 4.85798597336, -0.0525831505656, 3373.19458008, -31.8244152069, -340.349517822, 27.4552707672, -0.451167523861, -5.55111512313e-17,             0,             0
         14.8, -0.0598277337849, 3321.15161133, 7560.92773438, 7652.40722656, 0.137451022863, 6.06182956696, 205.401550293, -0.00587452156469, -0.260155379772,            50, -0.250355809927, 14.8000001907, 0.0471519231796, 595.847045898, -1.0485496521, 4.21550750732, -0.0271924436092, 3388.03417969, -18.8069210052, -564.553039551, 16.9861469269, -0.452702343464,             0,             0, -5.55111512313e-17
       14.825, -0.120983324945, 3307.35546875, 7560.08105469, 7652.87646484, 0.136683449149, 6.80864667892, 205.748779297, 0.0232480205595, -0.26089900732, 49.9998207092, -0.237038224936, 14.8249998093, 0.0485427603126, 12.5877075195, -1.05739295483, 3.81258749962, -0.0223413705826, 3419.57421875, 17.7837085724, -164.298416138, -11.2596359253, -0.454240173101,             0,             0,             0
        14.85, -0.0708301663399, 3315.88037109, 7563.83007812, 7649.96240234, 0.138273835182, 6.30902910233, 206.095977783, 0.00391388032585, -0.261119097471, 50.0000610352, -0.182089269161, 14.8500003815, 0.0475547090173, -378.432556152, -1.01806175709, 4.05767965317, -0.0529535859823, 3397.46264648, 31.7340545654, 365.698547363, -27.5424728394, -0.455806314945,             0,             0, -5.55111512313e-17
       14.875, -0.229720771313, 3313.76342773, 7565.44042969, 7649.38769531, 0.139413803816, 6.26136350632,  206.44317627, 0.00759039539844, -0.261522889137, 50.0000801086, -0.154054716229,        14.875, 0.0471433736384, -433.848632812, -1.00113153458, 4.01224660873, -0.0590020753443, 3394.87915039, 25.8663425446, 392.577209473, -24.6169128418, -0.457369297743,             0, -5.55111512313e-17,             0
         14.9, -0.417296200991, 3326.61499023, 7567.34326172, 7647.93115234, 0.139920160174, 5.83037996292, 206.790390015, 0.00589276803657, -0.261729359627, 50.0001029968, 0.184541925788, 14.8999996185, 0.0459211803973, -560.936828613, -0.981108725071, 4.35152721405, -0.0742730349302, 3377.51196289, 22.5475654602, 523.889282227, -21.973815918, -0.4589433074, 5.55111512313e-17,             0,             0
       14.925, -0.018848773092, 3351.53735352, 7569.07275391, 7645.85009766, 0.139257490635, 5.37942218781, 207.137619019, -0.000408533902373, -0.261854380369, 50.0000190735, 0.235152259469, 14.9250001907, 0.0444681122899, -158.307891846, -0.96286046505, 4.95743513107, -0.0961327627301, 3360.38305664, -11.8073949814, 156.123962402, 7.52624893188, -0.460521966219,             0, -5.55111512313e-17, 5.55111512313e-17
        14.95, -0.0549285449088, 3353.87280273, 7566.61376953, 7647.02929688, 0.138633549213, 5.30767345428, 207.484848022, -0.00530225690454, -0.262236833572, 49.9999961853, 0.18251657486, 14.9499998093, 0.0446731522679, 277.461212158, -0.988553106785, 5.01505184174, -0.0838444009423, 3357.75268555, -29.9024982452, -245.074295044, 24.8543186188, -0.462085008621, -5.55111512313e-17, -5.55111512313e-17,             0
       14.975, -0.0798916369677, 3342.96923828, 7565.30664062, 7647.93505859, 0.138170644641, 5.60592365265, 207.832061768, 0.00328138028271, -0.262782305479, 50.0000648499, 0.176356181502, 14.9750003815, 0.0450050644577, 325.640960693, -1.00221407413, 4.75191164017, -0.0744620263577, 3369.97265625, -31.1875648499, -350.598632812, 27.1461315155, -0.46364992857, -5.55111512313e-17, -5.55111512313e-17,             0
           15, 0.54812091589, 3332.79125977, 7561.65185547, 7650.49755859, 0.137386277318, 6.13504266739, 208.179290771, -0.00623111613095, -0.263385206461,   49.99974823, -0.135192424059,            15, 0.0451549105346, 562.587646484, -1.04051411152, 4.46322631836, -0.0477482266724, 3393.07324219, -16.603685379, -521.418640137, 15.3933668137, -0.465219646692,             0,             0, 5.55111512313e-17
