Time,Alpha_L1,Alpha_L2,Alpha_R1,Alpha_R2,AVz,Ay,Ay_SM,Az_SM,Bk_Stat,FsExt_L1,FsExt_L2,FsExt_R1,FsExt_R2,Fs_L1,Fs_L2,Fs_R1,Fs_R2,Fx_L1,Fx_L2,Fx_R1,Fx_R2,Fy_L1,Fy_L2,Fy_R1,Fy_R2,Fz_L1,Fz_L2,Fz_R1,Fz_R2,GearStat,JncR_L1,JncR_L2,JncR_R1,JncR_R2,Jnc_L1,Jnc_L2,Jnc_R1,Jnc_R2,Lat_Targ,Lat_Veh,Pitch,PitchGL1,PitchGL2,PitchGR1,PitchGR2,PitchO1,Pitch_A2,Roll,RollGL1,RollGL2,RollGR1,RollGR2,RollO_1,Roll_A2,Roll_E,Roll_L1,Roll_L2,Roll_R1,Roll_R2,Rot_L1,Rot_L2,Rot_R1,Rot_R2,Station,Steer_L1,Steer_R1,Steer_SW,VisO_1,Vx,VxTarget,Vxz_Fwd,Vz_SM,W1_L1,W1_L2,W1_R1,W1_R2,W2_L1,W2_L2,W2_R1,W2_R2,Xctc_L1,Xctc_L2,Xctc_R1,Xctc_R2,Xo,X_A2,X_L1,X_L2,X_Obj_1,X_R1,X_R2,Yaw,YawO_1,Yaw_L1,Yaw_L2,Yaw_R1,Yaw_R2,Yctc_L1,Yctc_L2,Yctc_R1,Yctc_R2,Yo,Y_A2,Y_L1,Y_L2,Y_Obj_1,Y_R1,Y_R2,Zgnd_L1,Zgnd_L2,Zgnd_R1,Zgnd_R2,Zo,Z_A2,Z_L1,Z_L2,Z_Obj_1,Z_R1,Z_R2
0, 0.199998063726, -0, -0.199998063726, -0, 0, 3.29313882107e-23, 8.490485023677e-19, 0.004299386807465, 0, 0.03189824803075, -0.04836808707356, 0.03189824803075, -0.04836808707356, 7654.675257732, 3118.5147, 7654.675257732, 3118.5147, 0.3883352848696, 5.901769907657e-12, 0.3883352848696, 5.901769907657e-12, 0.02406545669712, -0, -0.02406545669712, -0, 5455.378999288, 3958.898720687, 5455.378999288, 3958.898720687, 3, 0, -0, 0, 0, 0, 0, 0, -0, 0, 0, 0.2521204935192, -0, -0, -0, -0, -0, 0.2521204935192, 0, 0, 0, 0, -0, 0, 0, 0, -0.0008800619174435, 0, 0.0008800619174435, -0, 0.0007003304375138, 0.00070033470422, 0.0007003304375138, 0.00070033470422, 0, -0.2, 0.2, 0, 1, 50, 50, 50, 0, 0, 0, 0, 0, 0, 0, 0, 0, 0.001716103253121, -2.948299318688, 0.001716103253121, -2.948299318688, 0, -2.948299318688, 0.001716124224018, -2.948299318688, 0, 0.001716124224018, -2.948299318688, 0, 0, -0.199998063726, 0, 0.199998063726, 0, 0.7874939922467, 0.7875, -0.7874939922467, -0.7875, 0, -0, 0.7875, 0.7875, 0, -0.7875, -0.7875, -0, -0, -0, -0, 0.00113648687554, 0.3941137475684, 0.3911327111107, 0.3941137475684, 0, 0.3911327111107, 0.3941137475684
0.025, 0.1980151610321, 2.954888206424e-05, -0.1980156833414, 2.954888606462e-05, 6.402134320353e-06, -2.375760946314e-07, -1.024493505347e-06, 0.003690134698967, 0, -3.654380033637, -15.26692330017, -3.656112369721, -15.40013438155, 7652.478881869, 3118.69551466, 7652.478936958, 3118.693701459, -32.71533115396, -21.65076733115, -32.71575472701, -21.6472681371, -132.5899920376, -0.001974699404274, 132.5894717087, -0.001974711675057, 5457.968939595, 3953.99967386, 5457.970240695, 3954.023935303, 3, -1.681262832477, 0.4192025694659, -1.681630691916, 0.3948215206175, -0.02304451507646, 0.00343881759807, -0.02304393694777, 0.003393624734983, 0, 0, 0.2518948404745, -0, -0, -0, -0, -0, 0.2518948404745, 1.147020285712e-07, 0, 0, 0, 0, 0, 1.758163203879e-06, 1.147031370768e-07, -0.008266012584246, 1.758146212769e-06, 0.008266227050409, 1.758146212769e-06, 0.1412639049155, 0.1412569663342, 0.1412639046839, 0.1412569670184, 0.347195978261, -0.1988722180376, 0.1988717505958, 0, 1, 49.99106108669, 50, 49.99099019551, 0.003706199467111, 0, 0, 0, 0, 0, 0, 0, 0, 0.3489080882757, -2.601109959493, 0.3489080880938, -2.601109963163, 0.347195978261, -2.601109961328, 0.3489082841003, -2.601109959493, 0, 0.348908283923, -2.601109963163, 5.747308306656e-09, 0, -0.1988377935532, -1.335065804333e-07, 0.1988373366587, -1.335065804333e-07, 0.7874418160194, 0.787500015093, -0.787441813358, -0.787499984907, 1.377350894965e-09, 2.999111977097e-09, 0.7874982433133, 0.7875000029991, 0, -0.7874982421155, -0.7874999970009, -0, -0, 5.551115123126e-17, -0, 0.00115439476142, 0.394123482461, 0.3911275478428, 0.3941235066258, 0, 0.3911275452507, 0.3941234582962
0.05, 0.1973136774144, 8.753728836784e-05, -0.1973532984933, 8.753732770782e-05, 3.833187380202e-05, -2.205086084433e-06, -1.609008421253e-08, 0.002337791389661, 0, -9.229072311867, -23.71657266377, -9.2908049926, -24.61395345168, 7647.981079907, 3119.282340026, 7647.9762943, 3119.225252939, -40.21566908214, -28.08797190125, -40.21650799834, -28.08807827802, -192.2213230154, -0.02606247484614, 192.2319219329, -0.02606557523241, 5456.615316702, 3940.894093544, 5456.588148738, 3941.556055248, 3, -2.075969630831, 0.379769533936, -2.080838129071, 0.2927389540721, -0.07026793609739, 0.01474938459553, -0.07031820415902, 0.01332588286131, 0, 0, 0.2512125253778, -0, -0, -0, -0, -0, 0.2512125253813, -3.795706645384e-06, 0, 0, 0, 0, 0, 4.797062715597e-05, -3.795743129468e-06, -0.01264466115893, 4.797016606988e-05, 0.01263863613285, 4.797016606988e-05, 0.2817877924312, 0.2817597329699, 0.2817877972096, 0.2817597048179, 0.6943278297785, -0.1984033272266, 0.1984047914221, 0, 1, 49.98040984258, 50, 49.98027389693, 0.006450388469797, 0, 0, 0, 0, 0, 0, 0, 0, 0.6960339635682, -2.253982489162, 0.6960339781271, -2.25398259506, 0.6943278297785, -2.253982542111, 0.6960342623906, -2.253982489162, 0, 0.6960342768109, -2.25398259506, 5.007643779793e-07, 0, -0.1983492931298, -3.852364039284e-06, 0.1983517852794, -3.852364039284e-06, 0.7874125233348, 0.7875003723224, -0.787412600056, -0.7874996276782, -4.274422684128e-08, 4.232590143933e-08, 0.7874988417308, 0.7875000423256, 0, -0.7874988773343, -0.7874999576738, -0, -0, -0, -0, 0.001204356261217, 0.3941489540349, 0.3911302388482, 0.3941496133593, 0, 0.3911302929767, 0.3941482947105
0.075, 0.1970437913046, 0.0001001297428182, -0.1972030575546, 0.0001001298117758, 0.0001088540868196, -1.598142684626e-06, 5.193722740023e-06, 0.0003428503382351, 0, -18.4533878001, -26.44294321068, -18.75303725317, -27.93376767018, 7642.691209831, 3119.559034818, 7642.66019381, 3119.382179505, -50.06276341637, -36.61636053678, -50.0631052504, -36.62565928885, -217.9998173503, -0.04857534652637, 218.066785362, -0.04859335375122, 5447.413065154, 3931.549983845, 5447.179781434, 3933.366262326, 3, -2.353707750445, 0.06962162433189, -2.373217499908, -0.08166506820379, -0.1258622502047, 0.02036248391692, -0.1261883887345, 0.01595199051254, 0, 0, 0.2500293078137, -0, -0, -0, -0, -0, 0.2500293078432, -2.876892234763e-05, 0, 0, 0, 0, 0, 0.0001316209223754, -2.876919627386e-05, -0.01537668503614, 0.0001316196691453, 0.01532976099012, 0.0001316196691453, 0.4222677200536, 0.4222077748506, 0.4222677412202, 0.4222076827208, 1.041386468251, -0.1983450550522, 0.1983473944002, 0, 1, 49.9682041766, 50, 49.96801552371, 0.007629499589908, 0, 0, 0, 0, 0, 0, 0, 0, 1.043083344445, -1.906932598914, 1.043083407184, -1.906932905809, 1.041386468251, -1.906932752362, 1.043083707717, -1.906932598914, 0, 1.04308376936, -1.906932905809, 2.245872769716e-06, 0, -0.1982775964158, -1.116431011201e-05, 0.1982846322502, -1.116431011201e-05, 0.7873954286227, 0.7875009245319, -0.7873960164461, -0.7874990754722, -3.237389850176e-07, 1.905212135062e-08, 0.7875004020165, 0.78750001905, 0, -0.7875006696236, -0.7874999809458, -0, -0, -0, -0, 0.001278583224232, 0.3941664180805, 0.3911485654653, 0.3941682271228, 0, 0.3911490302598, 0.3941646090382
0.1, 0.1968720295279, 5.852794875671e-05, -0.1972210202593, 5.852799463874e-05, 0.0002288781008556, 4.689193421348e-06, 1.49679819658e-05, -0.00119397724311, 0, -28.00740380302, -25.79533237109, -28.83295548376, -27.79057820177, 7636.906398278, 3119.471647365, 7636.796154175, 3119.113205244, -60.45839681996, -45.8434829661, -60.45569658313, -45.86412581503, -228.6492663303, -0.0504065844176, 228.8380967085, -0.05044439569212, 5436.908735347, 3929.353623701, 5436.1181298, 3932.463533565, 3, -2.475493088887, -0.1309592559579, -2.525642113356, -0.3402800254968, -0.186725078969, 0.01924324759402, -0.1878856448545, 0.01030937272344, 0, 0, 0.2485475693702, -0, -0, -0, -0, -0, 0.2485475694725, -9.951825298383e-05, 0, 0, 0, 0, 0, 0.0002253669593648, -9.951918935909e-05, -0.01745118746899, 0.0002253648388889, 0.01728798019426, 0.0002253648388889, 0.5626961738651, 0.562591599279, 0.5626962327249, 0.5625914353458, 1.388357694852, -0.1983450533189, 0.198347392646, 0, 1, 49.95419188609, 50, 49.95399909248, 0.007196330894193, 0, 0, 0, 0, 0, 0, 0, 0, 1.390043211668, -1.559973035825, 1.390043385491, -1.559973602653, 1.388357694852, -1.559973319239, 1.390043623945, -1.559973035826, 0, 1.390043793947, -1.559973602653, 6.357572023054e-06, 0, -0.1982648592648, -2.062022033845e-05, 0.1982806215485, -2.062022033845e-05, 0.787383166997, 0.787501331432, -0.7873851633015, -0.78749866858, -1.09716974153e-06, -2.189839625495e-07, 0.7875023089554, 0.7874997810099, 0, -0.7875031914937, -0.7875002189778, -0, -0, -0, -0, 0.001361291083604, 0.3941695048204, 0.391169486367, 0.3941726023402, 0, 0.3911710616162, 0.3941664073006
0.125, 0.1969743220347, -9.843894220592e-06, -0.1975207049706, -9.843901350539e-06, 0.0004007569744681, 1.549785977665e-05, 2.637267319313e-05, -0.00191343633126, 0, -33.16179966137, -24.71008376393, -34.80147696497, -27.21336314783, 7631.195938919, 3119.20727953, 7630.9148525, 3118.613054858, -70.24551061047, -54.59419892617, -70.23690699427, -54.62471233905, -232.8758072649, -0.02961381877409, 233.2263033371, -0.02965540552843, 5431.738722228, 3929.953524243, 5430.002935714, 3934.162601388, 3, -2.268917124379, -0.2025985050564, -2.364933729077, -0.4619094302211, -0.2468731743758, 0.01492652189118, -0.2498355639835, 0.0001158486235263, 0, 0, 0.2472400673662, -0, -0, -0, -0, -0, 0.2472400675957, -0.0002335778585342, 0, 0, 0, 0, 0, 0.0003050206809527, -0.0002335800332248, -0.01921520276074, 0.0003050178411311, 0.01883350394516, 0.0003050178411311, 0.7030671061633, 0.702905164208, 0.7030672321017, 0.7029049572734, 1.73522328754, -0.1984655546948, 0.1984648482479, 0, 1, 49.93837447188, 50, 49.93824531691, 0.005767695704048, 0, 0, 0, 0, 0, 0, 0, 0, 1.736898691975, -1.213118258598, 1.736899070108, -1.213119091219, 1.73522328754, -1.21311867491, 1.73689914618, -1.213118258599, 0, 1.73689951536, -1.21311909122, 1.41302156204e-05, 0, -0.1983703559407, -3.028932946052e-05, 0.1983995564946, -3.028932946052e-05, 0.7873729278036, 0.7875013295497, -0.787377462453, -0.7874986704724, -2.498646697123e-06, -7.688363734431e-07, 0.7875041164201, 0.7874992311524, 0, -0.7875060462205, -0.7875007688251, -0, -0, 5.551115123126e-17, -0, 0.001433529553165, 0.3941672150087, 0.3911797813438, 0.3941714073166, 0, 0.3911832399509, 0.3941630227008
0.15, 0.1973613113019, -7.246268713519e-05, -0.1979912266004, -7.246272428085e-05, 0.0006151002905972, 2.680028891553e-05, 3.552702801338e-05, -0.002040285423814, 0, -32.65910581038, -25.07135592813, -35.28275151007, -28.03822164147, 7626.458030075, 3118.855682244, 7625.888195717, 3117.981106229, -78.58156077229, -61.99694479153, -78.56431070902, -62.0346554812, -234.7138263097, 0.002290763994138, 235.2129459112, 0.002269736917581, 5434.027603962, 3927.881157833, 5431.089044135, 3932.864798359, 3, -1.667913615503, -0.2752672361529, -1.815696319183, -0.5728799081086, -0.2968276344648, 0.009085857457236, -0.3028387592848, -0.01271780541806, 0, 0, 0.2465521416219, -0, -0, -0, -0, -0, 0.246552142022, -0.0004317513210571, 0, 0, 0, 0, 0, 0.0003611512205013, -0.0004317553184729, -0.02067130026503, 0.000361147876775, 0.01997436691562, 0.000361147876775, 0.8433763713228, 0.8431456974857, 0.8433765781071, 0.8431455056498, 2.081966051358, -0.1986495763103, 0.1985860915004, 0, 1, 49.92094058917, 50, 49.92091978155, 0.003993325219208, 0, 0, 0, 0, 0, 0, 0, 0, 2.083635728178, -0.8663821245935, 2.083636393335, -0.8663831760344, 2.081966051358, -0.8663826503156, 2.083636217204, -0.8663821245952, 0, 2.083636865864, -0.866383176036, 2.675943453732e-05, 0, -0.1985357049368, -3.824960235987e-05, 0.198528736398, -3.824960235987e-05, 0.7873643230158, 0.78750086433, -0.7873723266226, -0.787499135701, -4.446242891185e-06, -1.620229153541e-06, 0.7875054512502, 0.787498379755, 0, -0.7875086987564, -0.7875016202133, -0, -0, -0, -0, 0.001481614343498, 0.394170571749, 0.3911752183584, 0.3941755355343, 0, 0.3911810737506, 0.3941656079636
0.175, 0.1978537571889, -0.000113423923397, -0.1985372057914, -0.0001134239400637, 0.0008530954780022, 3.51451433065e-05, 4.019276243131e-05, -0.001915581294589, 0, -28.4598487066, -26.77694313168, -32.08055808941, -30.07262371911, 7623.48254689, 3118.352421394, 7622.507622218, 3117.168286963, -84.86572557923, -67.51397415624, -84.84021887775, -67.5565207211, -235.8105671526, 0.03222339325028, 236.4066571115, 0.03223715268788, 5441.486903146, 3921.843541217, 5437.290465108, 3927.300068498, 3, -0.8243531046202, -0.4288008605673, -1.016607841095, -0.7458503715194, -0.3282228455843, 0.0004512196656978, -0.3385133974479, -0.02908304348649, 0, 0, 0.246632306914, -0, -0, -0, -0, -0, 0.2466323075074, -0.000678609131024, 0, 0, 0, 0, 0, 0.0003954200726279, -0.0006786154180857, -0.02170614705138, 0.0003954164092416, 0.0206188301793, 0.0003954164092416, 0.9836222796162, 0.983313604122, 0.9836226329367, 0.9833135038899, 2.428574083782, -0.1987689961988, 0.198705838645, 0, 1, 49.90221156213, 50, 49.90229577942, 0.002237208436962, 0, 0, 0, 0, 0, 0, 0, 0, 2.43024347361, -0.5197755838897, 2.430244613855, -0.5197767541477, 2.428574083782, -0.5197761690207, 2.430243987348, -0.5197755838917, 0, 2.430245101946, -0.5197767541497, 4.508336898841e-05, 0, -0.1986323200555, -4.257196422305e-05, 0.1986640073923, -4.257196422305e-05, 0.7873579289606, 0.7875000443363, -0.7873698588649, -0.7874999557008, -6.673177497903e-06, -2.676058562765e-06, 0.7875061167272, 0.7874973239225, 0, -0.7875106265326, -0.7875026760396, -5.551115123126e-17, -0, 5.551115123126e-17, -0, 0.001501536326275, 0.3941821278694, 0.3911603565849, 0.3941875626575, 0, 0.3911687187645, 0.3941766930813
0.2, 0.1982710053719, -0.0001330693239134, -0.1989134849146, -0.0001330692759922, 0.001090816602952, 3.899875279354e-05, 4.001316309053e-05, -0.001661560592803, 0, -23.38523684563, -28.44721590154, -27.89301751903, -31.89205020318, 7622.534493065, 3117.612735479, 7621.068837452, 3116.11228062, -88.73507413143, -70.90732133446, -88.7021626267, -70.95270458442, -236.7389735132, 0.05325748290781, 237.3652830636, 0.05330534698231, 5450.263656587, 3915.03030015, 5444.932211996, 3920.721131181, 3, -0.0007327589574073, -0.6164529884555, -0.2195283143498, -0.9281396318758, -0.3382297442932, -0.01265729428497, -0.3537035359279, -0.05010606290989, 0, 0, 0.2472956017842, -0, -0, -0, -0, -0, 0.2472956025691, -0.000949442810323, 0, 0, 0, 0, 0, 0.0004123994651201, -0.0009494516539355, -0.02226349755328, 0.0004123956238491, 0.02075498481166, 0.0004123956238491, 1.123805567605, 1.123412147683, 1.123806110856, 1.123412226182, 2.775041920952, -0.1987689959939, 0.1987058382691, 0, 1, 49.88258936591, 50, 49.88273603157, 0.0006477331120801, 0, 0, 0, 0, 0, 0, 0, 0, 2.776715219026, -0.1733055075844, 2.776716988148, -0.1733066448074, 2.775041920952, -0.173306076198, 2.77671574586, -0.1733055075865, 0, 2.776717479502, -0.1733066448095, 6.939648806391e-05, 0, -0.1986053601283, -4.137020957992e-05, 0.1986875033449, -4.137020957992e-05, 0.7873541867581, 0.787499033019, -0.7873698314289, -0.7875009670214, -8.833901039628e-06, -3.804286716304e-06, 0.7875061727606, 0.7874961956927, 0, -0.787511523129, -0.7875038042661, -0, -0, -5.551115123126e-17, -0, 0.001497799151014, 0.3941954666916, 0.3911428715536, 0.39420113485, 0, 0.3911534958265, 0.3941897985333
0.225, 0.198620092942, -0.0001381050564122, -0.1991469864408, -0.0001381049231396, 0.001302884358379, 3.736036475026e-05, 3.469356016122e-05, -0.001215221111054, 0, -19.31132438569, -28.90475012397, -24.52583654863, -32.32885246846, 7623.303953383, 3116.669011932, 7621.305425839, 3114.871379346, -90.07649140054, -72.15715508936, -90.03762561555, -72.20335474676, -237.6055565274, 0.06475034546889, 238.1777715586, 0.06482222639008, 5457.477098871, 3911.571650849, 5451.239904133, 3917.302450087, 3, 0.5931175829994, -0.7259504307203, 0.3703680431135, -1.006512302007, -0.3302081314041, -0.029708402292, -0.3512492413772, -0.07461172117868, 0, 0, 0.2481952952847, -0, -0, -0, -0, -0, 0.2481952962325, -0.001217631784001, 0, 0, 0, 0, 0, 0.000415295883539, -0.001217643208343, -0.02239333794675, 0.0004152919870919, 0.02047374176285, 0.0004152919870919, 1.263928833249, 1.263446780357, 1.26392961003, 1.263447128605, 3.121368905077, -0.1987689962642, 0.198705838392, 0, 1, 49.86250960827, 50, 49.86266647633, -0.0006388222627031, 0, 0, 0, 0, 0, 0, 0, 0, 3.123047985957, 0.1730251439491, 3.123050533373, 0.1730242341888, 3.121368905077, 0.1730246890673, 3.123048515761, 0.1730251439474, 0, 3.123051018128, 0.1730242341872, 9.938511761603e-05, 0, -0.1985744735589, -3.309550639885e-05, 0.1987183976539, -3.309550639885e-05, 0.7873530278788, 0.7874979784714, -0.7873715864402, -0.7875020215697, -1.060233477376e-05, -4.878811362424e-06, 0.7875058946455, 0.7874951211678, 0, -0.7875113536388, -0.7875048787905, 5.551115123126e-17, -0, -0, -0, 0.001479120658095, 0.3942023166222, 0.3911285018023, 0.3942080245895, 0, 0.3911409313943, 0.3941966086548
0.25, 0.1987892712748, -0.0001345838956837, -0.1992138077848, -0.0001345836816432, 0.001461712727972, 3.130630245572e-05, 2.55901991356e-05, -0.0005580199285759, 0, -16.82332529535, -28.08220955698, -22.53918307308, -31.35068781676, 7625.132003488, 3115.683307883, 7622.616908106, 3113.631538354, -89.02556910155, -71.39322554052, -88.98238874952, -71.43816282588, -238.4238993004, 0.06898932213387, 238.8734618041, 0.06907269430447, 5462.040124118, 3913.004653989, 5455.171802991, 3918.605643511, 3, 0.8812133405638, -0.6877079614844, 0.6757720175017, -0.9153765723544, -0.3111452361592, -0.04769832424106, -0.3375791652331, -0.09899377974253, 0, 0, 0.2490358112435, -0, -0, -0, -0, -0, 0.2490358123019, -0.001459488477861, 0, 0, 0, 0, 0, 0.0004058889421002, -0.001459502264311, -0.02223904667464, 0.0004058851080757, 0.01995013370457, 0.0004058851080757, 1.403995642015, 1.403424191274, 1.403996714958, 1.403424895504, 3.467556785531, -0.1987104224124, 0.1987058388277, 0, 1, 49.84240090929, 50, 49.84253212267, -0.001433563140582, 0, 0, 0, 0, 0, 0, 0, 0, 3.469241373487, 0.5192164170588, 3.469244866863, 0.5192159500756, 3.467556785531, 0.5192161835663, 3.469241899383, 0.5192164170579, 0, 3.469245339298, 0.5192159500747, 0.0001340607624722, 0, -0.1984815785597, -1.698804185422e-05, 0.1987550616346, -1.698804185422e-05, 0.7873538316624, 0.7874969951165, -0.7873740960067, -0.787503004923, -1.173321464333e-05, -5.797425600654e-06, 0.787505641642, 0.7874942025546, 0, -0.7875102859858, -0.7875057974058, -0, -0, -0, -0, 0.001454320786963, 0.3941995913273, 0.3911194125215, 0.3942051700021, 0, 0.3911331001879, 0.3941940126524
0.275, 0.198842025976, -0.0001251168296514, -0.1990830926989, -0.0001251165568979, 0.001558142530091, 2.406244581182e-05, 1.598706816832e-05, 0.0001549936110224, 0, -15.76864093749, -26.80337785639, -21.76862388836, -29.81338541189, 7627.313988253, 3114.845577985, 7624.345572775, 3112.60085365, -85.91725823029, -68.86161192003, -85.87232134215, -68.90397477905, -239.1243573379, 0.06824349518002, 239.4387153568, 0.0683276062581, 5464.091289965, 3917.585427131, 5456.88792273, 3922.913263488, 3, 0.9016134480025, -0.5279852233069, 0.7303767049124, -0.6874927832681, -0.2883814203259, -0.06306671192847, -0.3195545432391, -0.1192266527745, 0, 0, 0.2496783513586, -0, -0, -0, -0, -0, 0.249678352461, -0.001656179418058, 0, 0, 0, 0, 0, 0.0003860942713404, -0.0016561951433, -0.02194594404177, 0.0003860906054525, 0.01936597522376, 0.0003860906054525, 1.544010057111, 1.543351349207, 1.544011436816, 1.543352481938, 3.813608332421, -0.1986499925953, 0.1986479209244, 0, 1, 49.82265137632, 50, 49.82274473702, -0.001606463931891, 0, 0, 0, 0, 0, 0, 0, 0, 3.815297142975, 0.8652705008512, 3.815301634403, 0.8652706877952, 3.813608332421, 0.8652705943235, 3.81529766168, 0.8652705008515, 0, 3.81530209296, 0.8652706877955, 0.0001719248634423, 0, -0.1983843218266, 6.800698821148e-06, 0.1987373386553, 6.800698821148e-06, 0.7873559195726, 0.7874961726675, -0.7873763650969, -0.7875038273682, -1.207384868116e-05, -6.483625270335e-06, 0.7875057271872, 0.7874935163568, 0, -0.7875085661514, -0.7875064836074, -5.551115123126e-17, -0, -0, -0, 0.001430197981124, 0.394190738347, 0.3911153273056, 0.3941960449569, 0, 0.3911296829911, 0.3941854317371
0.3, 0.1988102811046, -0.000112566917532, -0.198864013913, -0.0001125666159928, 0.001584548454992, 1.496421883767e-05, 5.409978125756e-06, 0.0006792524318366, 0, -15.92281513933, -25.90907365337, -21.97819416701, -28.58147821309, 7629.306770951, 3114.261647349, 7625.982777744, 3111.896541912, -81.20680965121, -64.90505488877, -81.16129722803, -64.94372128206, -239.7110864608, 0.06412330277535, 239.8620500189, 0.06420063439592, 5464.111427891, 3922.303984672, 5456.873056911, 3927.254362469, 3, 0.7388243093938, -0.3350915737166, 0.6139325191219, -0.4180040006281, -0.2675819302606, -0.07382691848074, -0.3024771960953, -0.1330280575745, 0, 0, 0.2501093878867, -0, -0, -0, -0, -0, 0.2501093889666, -0.001794125139754, 0, 0, 0, 0, 0, 0.0003587408551641, -0.001794142233644, -0.0216333538828, 0.0003587374372206, 0.01885504735177, 0.0003587374372206, 1.683976263497, 1.683234838232, 1.683977972558, 1.683236454409, 4.15952734756, -0.1985912469891, 0.1985899238961, 0, 1, 49.80358346177, 50, 49.8036409524, -0.001216357961481, 0, 0, 0, 0, 0, 0, 0, 0, 4.161218928339, 1.211191294366, 4.161224466008, 1.211192324709, 4.15952734756, 1.211191809539, 4.161219439405, 1.211191294367, 0, 4.16122491243, 1.211192324711, 0.0002113405523698, 0, -0.198287366044, 3.748211399133e-05, 0.198720847796, 3.748211399133e-05, 0.7873586851735, 0.7874955837065, -0.7873777045372, -0.787504416324, -1.154732667524e-05, -6.884339362382e-06, 0.7875063589679, 0.787493115645, 0, -0.7875064177731, -0.7875068843238, -0, -0, -0, -0, 0.001411271736643, 0.394181714786, 0.3911152880017, 0.3941866454411, 0, 0.3911297137676, 0.3941767841308
0.325, 0.1987181363099, -9.995512341631e-05, -0.1986618010477, -9.995481964525e-05, 0.00153631585647, 5.423881823849e-06, -4.642716020918e-06, 0.0008632323511035, 0, -17.20978828489, -25.59433924167, -23.1035317239, -27.87942430638, 7630.770355843, 3113.9207003, 7627.211233001, 3111.512781811, -75.38067445526, -59.92606487837, -75.33740406455, -59.96019541462, -240.1781320134, 0.058360323603, 240.160726784, 0.05842686839933, 5462.444235472, 3925.366141577, 5455.450668869, 3929.871748831, 3, 0.471513110464, -0.184717425124, 0.400066068885, -0.1892329305342, -0.2523001169073, -0.08019377974835, -0.2896593812809, -0.1404834791135, 0, 0, 0.2503467938691, -0, -0, -0, -0, -0, 0.2503467948702, -0.001865941153262, 0, 0, 0, 0, 0, 0.0003265095099326, -0.00186595896516, -0.02137704503429, 0.0003265063931683, 0.01849999038859, 0.0003265063931683, 1.823898457022, 1.823080578345, 1.823900529753, 1.823082712878, 4.505319251498, -0.1985312203071, 0.1985899243152, 0, 1, 49.78543944446, 50, 49.78546387803, -0.0005092645230746, 0, 0, 0, 0, 0, 0, 0, 0, 4.507012226916, 1.55698428921, 4.507018853896, 1.55698631259, 4.505319251498, 1.556985300903, 4.507012731682, 1.556984289213, 0, 4.507019292004, 1.556986312593, 0.0002504941925972, 0, -0.1981892190658, 7.360706944361e-05, 0.1987614786539, 7.360706944361e-05, 0.7873616938052, 0.7874952745121, -0.7873777394639, -0.7875047255122, -1.016241345375e-05, -6.971756331642e-06, 0.787507619222, 0.7874930282302, 0, -0.7875040298321, -0.7875069717429, -0, -0, -0, -0, 0.001400309404435, 0.3941760578717, 0.3911186097586, 0.3941805455283, 0, 0.3911325479999, 0.3941715702151
0.35, 0.1985880821648, -9.631441285295e-05, -0.1983941101815, -9.631409708851e-05, 0.001420489912815, -3.123393376369e-06, -1.460192906184e-05, 0.0007454003253839, 0, -19.60810139884, -25.47681506933, -25.14600755077, -27.27590773225, 7631.526584543, 3113.748824312, 7627.863533643, 3111.374805334, -68.89924989978, -54.3330378292, -68.85804772777, -54.36371601663, -240.5128007368, 0.05256152745272, 240.34570285, 0.05261627112215, 5459.302923059, 3927.095759362, 5452.79690536, 3931.119318931, 3, 0.1558018409098, -0.09586551034684, 0.1402700140482, -0.01988850419904, -0.2444021520707, -0.08356956778814, -0.2828518088031, -0.1430177483546, 0, 0, 0.2503772684258, -0, -0, -0, -0, -0, 0.2503772693074, -0.001870271443455, 0, 0, 0, 0, 0, 0.0002915767825121, -0.001870289301036, -0.02121851887898, 0.0002915739985278, 0.01835046820833, 0.0002915739985278, 1.963780741932, 1.96289377385, 1.963783152367, 1.962896440653, 4.850991230411, -0.198473083449, 0.1985323810691, 0, 1, 49.7683783174, 50, 49.76836741563, 0.0002175935856531, 0, 0, 0, 0, 0, 0, 0, 0, 4.852684121079, 1.902656399119, 4.852691751594, 1.90265951436, 4.850991230411, 1.902657956743, 4.85268462187, 1.902656399123, 0, 4.852692186125, 1.902659514364, 0.0002876126750707, 0, -0.1980946449924, 0.0001133270935692, 0.198741697373, 0.0001133270935692, 0.787364648843, 0.787495264673, -0.7873762909702, -0.7875047353443, -7.998253819696e-06, -6.741253441157e-06, 0.7875094944362, 0.7874932587348, 0, -0.787501562317, -0.7875067412417, -0, -0, -5.551115123126e-17, -0, 0.001398733016933, 0.3941730925464, 0.3911248677549, 0.3941771000758, 0, 0.3911378347094, 0.3941690850169
0.375, 0.1984440397324, 8.3676349949e-05, -0.1981888891453, 8.367614070173e-05, 0.001283653077553, -1.100004735068e-05, 0.0001663481188802, 0.0004955821550287, 0, -22.66661234267, -18.34135158714, -28.29239038252, -32.95400308328, 7631.513162956, 3113.696244837, 7627.875095007, 3111.409291973, -62.14623102591, -48.5027315913, -62.14090038961, -48.51309600951, -240.7192525453, 0.03486237126722, 240.4390910982, 0.03490547403779, 5454.981933483, 3928.866864344, 5449.150787372, 3932.609083998, 3, -0.1634398122661, 0.04449648853329, -0.1324392873816, 0.04052923165702, -0.2445516038467, -0.08483305470407, -0.2827390904685, -0.1421111385234, 0, 0, 0.2501632113149, -0, -0, -0, -0, -0, 0.2501632121049, -0.001811743850214, 0, 0, 0, 0, 0, 0.0002711888141523, -0.0018117611194, -0.02117819380407, 0.0002711862292585, 0.0184120802753, 0.0002711862292585, 2.103626963529, 2.102678879036, 2.103629713803, 2.102682073377, 5.196551580955, -0.19841541996, 0.1985323810803, 0, 1, 49.75248187977, 50, 49.75243173034, 0.0007680063265335, 0, 0, 0, 0, 0, 0, 0, 0, 5.198242652967, 2.24821553229, 5.198251238701, 2.24821974614, 5.196551580955, 2.24821763922, 5.198243152588, 2.248215532295, 0, 5.198251674771, 2.248219746145, 0.0003211724463696, 0, -0.1980036732125, 0.000153292584005, 0.1987750535266, 0.000153292584005, 0.7873673269937, 0.7874956771872, -0.7873734569946, -0.7875043228248, -5.197128723922e-06, -6.188461202881e-06, 0.7875119004951, 0.7874938115272, 0, -0.7874991512763, -0.7875061884496, -0, -0, -5.551115123126e-17, -0, 0.001406682028777, 0.3941698446686, 0.3911334754051, 0.394173571979, 0, 0.3911450977573, 0.3941661173581
0.4, 0.1999056174583, 0.1079689000224, -0.196448116031, 0.108023456522, 0.02772195469818, 0.0001687693513411, -0.005721894647337, -0.002189659433079, 0, -64.16025813316, -701.3870259218, 5.733259179192, 657.8771160837, 7630.603241826, 3112.272780784, 7627.428579382, 3113.142448758, -49.18671274833, -55.85826034075, -61.74522444025, -29.89064357938, -241.1184714915, 2.110015973925, 240.1191118136, 2.097861736076, 5450.10757673, 3949.969178777, 5444.810718942, 3917.196686608, 3, 1.565949425011, 46.09043713329, -2.401448129721, -45.83562461469, -0.2541471003996, -0.1216873691822, -0.2874713405098, -0.1005627887029, 0, 0, 0.2496902477229, -0, -0, -0, -0, -0, 0.2496902502713, -0.001606713121913, 0, 0, 0, 0, 0, -0.002374936210471, -0.001606728378931, -0.02096614946602, -0.002374913658777, 0.01896627341203, -0.002374913658777, 2.243442134999, 2.242439373882, 2.24344197501, 2.242443346848, 5.542008650315, -0.2024019987487, 0.1945337836506, 0, 1, 49.73776488582, 50, 49.7376780182, 0.001110997532642, 0, 0, 0, 0, 0, 0, 0, 0, 5.543699087459, 2.593667010658, 5.543702533263, 2.593678009804, 5.542008650315, 2.593672510117, 5.543699592034, 2.593667010544, 0, 5.543702973443, 2.59367800969, 0.000328301552104, 0, -0.2019842523084, 0.0004001299378736, 0.1947812771459, 0.0004001299378736, 0.7873719427026, 0.7874753161336, -0.7873670630999, -0.787524685181, -9.442309098644e-07, -8.346393822289e-06, 0.7875150721961, 0.7874916529105, 0, -0.7874965436006, -0.7875083456981, -0, -0, -0, -0, 0.001423009607491, 0.3941641770863, 0.3911431858108, 0.3941315351619, 0, 0.3911537420774, 0.3941968190107
0.425, 0.207753186957, 0.1828561225191, -0.1884083134886, 0.1830127617947, 0.04486024163278, -0.0001000137280451, 0.01187462789931, -0.003892533079127, 0, 37.07963426983, -164.8772495617, -106.5354791172, 214.5446195976, 7629.280469588, 3115.63970451, 7626.262203611, 3115.658211018, -28.85769663244, -55.43239888021, -69.05044107504, -17.0381138266, -241.8060556795, 0.7018654863804, 239.0193920474, 0.3373226111197, 5443.900636515, 3930.983963357, 5441.210647466, 3911.610112188, 3, 4.391457180234, 80.12385741098, -5.724658015576, -74.98822965338, -0.2685731736333, -0.06026011909919, -0.3003196795164, -0.05893271986126, 0, 0, 0.2487107327248, -0, -0, -0, -0, -0, 0.2487107328195, -0.001355687379865, 0, 0, 0, 0, 0, -0.001403971874816, -0.00135570015239, -0.02117224663457, -0.001403958647506, 0.01938818925827, -0.001403958647506, 2.383225965844, 2.382179803206, 2.383226397422, 2.382186526989, 5.887372795707, -0.2006871980547, 0.1962991364463, 0, 1, 49.72413505107, 50, 49.72386805829, -7.864352368125e-06, 0, 0, 0, 0, 0, 0, 0, 0, 5.889055204925, 2.939030775075, 5.889061221918, 2.939040723096, 5.887372795707, 2.939035749025, 5.889055710089, 2.939030775014, 0, 5.889061676028, 2.939040723035, 0.0003519343383048, 0, -0.2002452511352, 0.0003618918257191, 0.1965687579324, 0.0003618918257191, 0.7873741048488, 0.7874855809032, -0.78736168577, -0.7875144195382, 3.745574786998e-06, -4.760236640766e-06, 0.787518645889, 0.7874952395112, 0, -0.7874940490527, -0.7875047599845, -0, -5.551115123126e-17, -5.551115123126e-17, -0, 0.001446383899462, 0.3941886512008, 0.3911555497153, 0.3941693545363, 0, 0.39116091257, 0.3942079478653
0.45, 0.2074158902927, 0.1922276248408, -0.1886621623177, 0.1924005541575, 0.0461135125821, -0.0001972246469211, 0.01944656883004, -0.001354624009738, 0, 28.40877805403, 145.578153854, -107.6685843593, -24.25422842745, 7627.100899621, 3119.425048038, 7625.009428707, 3119.698324837, -22.5847167305, -50.81690309741, -63.87424204453, -10.90818843128, -241.9647084851, 0.06675519802271, 238.7478549226, -0.4213141201722, 5436.597430467, 3920.818536767, 5438.517646336, 3906.827269098, 3, 4.659362340268, 83.81656124611, -6.315472124948, -78.7588640443, -0.2921046981203, 0.01112357389018, -0.3141674936027, 0.02062328797109, 0, 0, 0.2469785293413, -0, -0, -0, -0, -0, 0.2469785298305, -0.0006684398928439, 0, 0, 0, 0, 0, -0.001013910118472, -0.0006684461030907, -0.02106243373437, -0.001013900698666, 0.02035671905452, -0.001013900698666, 2.52298339625, 2.521904180005, 2.522983987299, 2.521911431397, 6.232654757112, -0.2004180341543, 0.1966477448463, 0, 1, 49.71159615434, 50, 49.71121165628, -0.001902234137377, 0, 0, 0, 0, 0, 0, 0, 0, 6.234325119423, 3.284309464772, 6.23433134463, 3.284319735668, 6.232654757112, 3.284314600174, 6.234325621339, 3.284309464726, 0, 6.234331822243, 3.284319735622, 0.0003416200079877, 0, -0.1999874854613, 0.0003736374557867, 0.1969034415626, 0.0003736374557867, 0.787380307418, 0.7874928409716, -0.7873510898772, -0.7875071592416, 1.295009275031e-05, -1.833464205924e-07, 0.7875241041257, 0.7874998165135, 0, -0.7874900672215, -0.7875001832064, -0, -0, 5.551115123126e-17, -0, 0.001474976022527, 0.3942035399723, 0.3911700982099, 0.3941896044467, 0, 0.3911662748204, 0.3942174754978
0.475, 0.2078352900189, 0.2076527029297, -0.1882379938887, 0.2078547868076, 0.04903995804514, -0.0003095615468889, 0.02820441529366, -0.01639535523435, 0, 64.35079010649, 358.7792213018, -154.362670528, -444.4744127078, 7624.449908285, 3123.420047953, 7623.610008223, 3123.585882997, -15.8632664868, -47.93845106084, -60.73226926806, -5.855504024719, -242.0594997865, -0.695385441012, 238.4531163781, -1.369846201108, 5429.111449016, 3926.340785807, 5436.672748539, 3925.038482585, 3, 5.044512755835, 91.29731255792, -6.905764301064, -84.35511301749, -0.3206923891844, 0.09169744893199, -0.3296286201412, 0.1003112029094, 0, 0, 0.2443556388762, -0, -0, -0, -0, -0, 0.2443556389175, 0.0002188701411795, 0, 0, 0, 0, 0, -9.437444744578e-05, 0.0002188721316662, -0.02085851633312, -9.437358917716e-05, 0.02156626709126, -9.437358917716e-05, 2.662716571637, 2.661611752628, 2.662717035987, 2.661619263927, 6.577863331459, -0.2001287506762, 0.1970369515998, 0, 1, 49.70000296334, 50, 49.69945896378, -0.004398711845889, 0, 0, 0, 0, 0, 0, 0, 0, 6.579515795892, 3.629509639461, 6.579521701387, 3.629518906152, 6.577863331459, 3.629514272803, 6.579516292327, 3.629509639457, 0, 6.579522208296, 3.629518906149, 0.0003116352212721, 0, -0.1997299775984, 0.000337106216459, 0.197258402946, 0.000337106216459, 0.7873873396186, 0.7875055433353, -0.7873389228768, -0.7874944566395, 2.350037150789e-05, 6.19261338105e-06, 0.7875297495796, 0.7875061925987, 0, -0.7874861593055, -0.7874938073719, -0, -0, -0, -5.551115123126e-17, 0.001506213973181, 0.3941799011266, 0.3911850110318, 0.3941786040118, 0, 0.3911699468943, 0.3941811982413
0.5, 0.2084647266518, 0.217762796103, -0.1877063610141, 0.2179857600268, 0.05061502192479, -0.0002262936755633, 0.01995225059543, -0.01309878127419, 0, 122.5702086805, 65.79005575227, -223.2386126384, -86.90242451838, 7621.511089743, 3127.407677251, 7622.307748884, 3129.364215732, -10.32199859497, -46.01916196475, -57.89845938662, -1.107156313767, -241.8132673931, 0.001883857760698, 238.6202928402, -0.9033139078408, 5423.76090273, 3950.225011866, 5435.088518359, 3937.369958088, 3, 5.747225284972, 96.7992527887, -7.618627748582, -87.77695811977, -0.3524545285275, 0.168983948988, -0.3441741349801, 0.2253237036636, 0, 0, 0.2411076316663, -0, -0, -0, -0, -0, 0.2411076343332, 0.001117271785508, 0, 0, 0, 0, 0, -0.0009315712999694, 0.001117281678067, -0.02065596854683, -0.0009315630517135, 0.02282722145521, -0.0009315630517135, 2.802426564293, 2.801301951871, 2.802426111278, 2.801310210596, 6.923001365194, -0.2005321189639, 0.1967413508689, 0, 1, 49.68922142157, 50, 49.6885925285, -0.005922236329744, 0, 0, 0, 0, 0, 0, 0, 0, 6.924632548174, 3.974635578679, 6.924636341408, 3.974647012888, 6.923001365194, 3.974641295737, 6.924633040957, 3.974635578633, 0, 6.924636876971, 3.974647012842, 0.0002480717253123, 0, -0.2001988985668, 0.0004159567680569, 0.1968951062664, 0.0004159567680569, 0.7873932316304, 0.7875036857099, -0.7873276211018, -0.7874963144567, 3.287525497919e-05, 1.009394901528e-05, 0.7875342625501, 0.7875100938242, 0, -0.7874834675322, -0.7874899059261, -0, -0, -0, 5.551115123126e-17, 0.001536177429562, 0.3941438296591, 0.3911956699909, 0.3941310258207, 0, 0.3911730993959, 0.3941566334975
0.525, 0.2070015646732, 0.2040414135958, -0.1894174034379, 0.2042377947065, 0.04677581541114, -5.111360353301e-05, 0.004003799397833, 0.01951890896979, 0, 37.94259029408, -320.1638277185, -143.1107673679, 769.9904148893, 7618.48193918, 3132.249725108, 7621.393068003, 3136.267052982, -9.506594277084, -42.9777053616, -52.29090440437, 2.526953796053, -241.4623553403, 1.006023036911, 239.2820993558, 0.3581929904215, 5421.930912219, 3968.791039753, 5433.801654221, 3940.921074011, 3, 5.781106309211, 90.87112763278, -7.346268295521, -82.46264605002, -0.385253268375, 0.2652202623844, -0.3546976310931, 0.3747883429806, 0, 0, 0.2378138534984, -0, -0, -0, -0, -0, 0.2378138647422, 0.001964895816616, 0, 0, 0, 0, 0, -0.002019661249021, 0.001964912742123, -0.02050777357501, -0.002019643851915, 0.02397382341853, -0.002019643851915, 2.942112680115, 2.940973044254, 2.942110942756, 2.940981537094, 7.268067221385, -0.201377662814, 0.1959985545935, 0, 1, 49.67907840158, 50, 49.67850803021, -0.005950651834277, 0, 0, 0, 0, 0, 0, 0, 0, 7.269677377392, 4.319691115723, 7.269677923165, 4.319704457898, 7.268067221385, 4.319697786693, 7.269677868934, 4.319691115605, 0, 7.269678483245, 4.31970445778, 0.0001581078708429, 0, -0.2011361668513, 0.000485365271416, 0.1960588467944, 0.000485365271416, 0.7873973706251, 0.787499344512, -0.7873183597567, -0.78750065641, 4.04921386392e-05, 1.32366217805e-05, 0.787537391024, 0.7875132361043, 0, -0.7874820353697, -0.7874867628607, -5.551115123126e-17, -0, -0, -0, 0.001560845602987, 0.3941218004386, 0.3911993157535, 0.3940940415086, 0, 0.3911756596729, 0.3941495593687
0.55, 0.2016720734438, 0.1755283067887, -0.1950201018571, 0.1756747121445, 0.04069570185538, 0.0008610830996001, -0.03344959883287, -0.003582778566381, 0, -213.8084571679, -2000, 119.0848762374, 2000, 7615.680997117, 3133.264483792, 7621.081816309, 3145.712504531, -16.64199900907, -44.81039417962, -42.77744802609, 6.332758549942, -240.9710854078, 7.423710894962, 240.425189333, 9.408748731151, 5423.323556759, 4022.720950119, 5432.694143249, 3900.29002946, 3, 5.15619690238, 78.54000621897, -6.328948203502, -71.80732108495, -0.4156443716594, 0.2728481690879, -0.3588429550272, 0.5918403064522, 0, 0, 0.2350457825052, -0, -0, -0, -0, -0, 0.2350459262909, 0.002728314896158, 0, 0, 0, 0, 0, -0.00887223677491, 0.002728337853796, -0.02020777794766, -0.008872162119254, 0.0250803677879, -0.008872162119254, 3.081774404098, 3.080622077608, 3.081769404678, 3.080630183911, 7.613058301681, -0.2052253514819, 0.1922313482784, 0, 1, 49.66938696937, 50, 49.66894196677, -0.005075649941287, 0, 0, 0, 0, 0, 0, 0, 0, 7.614653580538, 4.664669062922, 7.614645827334, 4.664696093642, 7.613058301681, 4.664682577234, 7.614654074492, 4.664669061875, 0, 7.614646401582, 4.664696092594, 1.857574137346e-05, 0, -0.2051256003113, 0.0009833308852012, 0.1921486574486, 0.0009833308852012, 0.7874009517911, 0.7874468282894, -0.7873106168136, -0.7875531903614, 4.608566002088e-05, 7.846058933548e-06, 0.7875389229051, 0.7875078365016, 0, -0.7874818481016, -0.7874921443837, -0, -0, -0, 5.551115123126e-17, 0.001577749201083, 0.3941085500762, 0.3911965422892, 0.3939866069296, 0, 0.3911778626359, 0.3942304932228
0.575, 0.2037869098122, 0.1930160108862, -0.193272786253, 0.1931931139705, 0.04556121272292, 0.0003675266190892, -0.0299847747492, -0.008261701587204, 0, -91.8867924064, -1939.156486118, 4.631796361839, 1940.490199495, 7614.562631484, 3141.104304256, 7620.146493225, 3147.733869802, -11.06187226425, -41.45847042603, -47.43387624514, 5.593758360887, -240.6502205024, 3.360111853484, 240.9589846909, 3.367141150669, 5425.724179123, 3983.231151009, 5432.498550675, 3933.232710782, 3, 6.028408994407, 84.60800158031, -6.563665309622, -81.10045306275, -0.4284106649712, 0.4537503142048, -0.3695562605808, 0.6254640992735, 0, 0, 0.2329047602829, -0, -0, -0, -0, -0, 0.2329047918936, 0.002621347022607, 0, 0, 0, 0, 0, -0.003623250833538, 0.002621368680139, -0.02073039651689, -0.003623220898529, 0.02511236209256, -0.003623220898529, 3.221406761579, 3.220245555544, 3.221402584823, 3.220251101722, 7.957975291934, -0.2028260085875, 0.1946870424921, 0, 1, 49.65980995716, 50, 49.65952850673, -0.003880240250458, 0, 0, 0, 0, 0, 0, 0, 0, 7.959554665419, 5.009589353374, 7.959549292591, 5.009603314724, 7.957975291934, 5.009596333828, 7.959555166274, 5.009589353153, 0, 7.959549874847, 5.009603314503, -6.574735811918e-06, 0, -0.2027499875518, 0.0005078897777607, 0.1945799992237, 0.0005078897777607, 0.7873942603709, 0.7874896824804, -0.7873144340322, -0.7875103206069, 4.168769793599e-05, 1.460364471032e-05, 0.7875357980186, 0.7875146020392, 0, -0.7874858839013, -0.7874853947498, -0, -0, -0, -0, 0.001587231146347, 0.3941150750468, 0.3911917588984, 0.3940652758037, 0, 0.3911782521668, 0.39416487429
0.6, 0.1977031506176, 0.1472169074534, -0.1994237360951, 0.1473210026912, 0.03540427631309, 0.001506206103741, -0.03515113236988, 0.008519141498773, 0, -346.2759802882, -2000, 251.9424284009, 2000, 7613.635455546, 3141.23627715, 7620.060267359, 3156.483775217, -18.97471639375, -46.38059346001, -37.273370518, 4.933930094547, -240.0351986297, 11.35257381697, 242.3383291881, 14.74476221186, 5430.778543344, 4030.752157392, 5429.668715912, 3868.73468708, 3, 4.611294486431, 71.16831245997, -5.079171122423, -56.69128184927, -0.4391778820126, 0.4432792272838, -0.3713493793058, 0.8312332298218, 0, 0, 0.2312583572514, -0, -0, -0, -0, -0, 0.231258588659, 0.002367556813769, 0, 0, 0, 0, 0, -0.01174096343684, 0.002367576098916, -0.02099722933886, -0.01174086780035, 0.02514214476571, -0.01174086780035, 3.361014360073, 3.359842735725, 3.361007889523, 3.359846274575, 8.302820566393, -0.2061167762212, 0.1914217828906, 0, 1, 49.65041354548, 50, 49.64989186902, -0.005158605167182, 0, 0, 0, 0, 0, 0, 0, 0, 8.304392013208, 5.354426511514, 8.304379977039, 5.354455690771, 8.302820566393, 5.354441099646, 8.304392529001, 5.354426510018, 0, 8.304380549889, 5.354455689274, -0.0001149549954779, 0, -0.2061486576238, 0.001061490937373, 0.1912069111152, 0.001061490937373, 0.7873883545888, 0.7874215269298, -0.7873188006783, -0.7875785058677, 3.549442120259e-05, 2.274795750824e-06, 0.7875317103285, 0.7875022581267, 0, -0.7874904563904, -0.7874977085352, -0, -0, -0, 5.551115123126e-17, 0.001591249410953, 0.3941319769397, 0.3911816897811, 0.3939706049607, 0, 0.3911838891981, 0.3942933489187
0.625, 0.1880830005865, -0.1254940961954, -0.2092445696231, -0.1254214111589, -0.03138520363289, 0.0007964796395698, -0.06081796749152, 0.003718472660265, 0, -399.4510270685, -2000, 303.2601912298, 2000, 7614.161334631, 3148.250259445, 7619.260261954, 3156.397585872, -28.73811341012, -7.034596396079, -20.95085158812, -25.77772050272, -240.3571087667, 7.775856836346, 242.5551134457, 4.991053656715, 5432.750111864, 3988.159639559, 5428.243465232, 3905.399091421, 3, -2.013083275561, -51.25942453881, 1.958811519001, 54.25692941697, -0.4346637181503, 0.610158070738, -0.3806201440029, 0.8207317501472, 0, 0, 0.2298195603113, -0, -0, -0, -0, -0, 0.2298196244718, 0.001660405006304, 0, 0, 0, 0, 0, -0.005997430275217, 0.001660418363511, -0.02247276253226, -0.005997382028965, 0.02377519756673, -0.005997382028965, 3.500591934023, 3.499418641869, 3.500597618746, 3.499421062696, 8.647599584552, -0.190890650393, 0.2066462142583, 0, 1, 49.64142014079, 50, 49.64118613199, -0.003613142155393, 0, 0, 0, 0, 0, 0, 0, 0, 8.649150709132, 5.699211906552, 8.649159806614, 5.699226214866, 8.647599584552, 5.699219060334, 8.649151220381, 5.699211906177, 0, 8.649160391468, 5.699226214491, -0.0001163740011059, 0, -0.19091841717, 0.000520511748977, 0.2064361401476, 0.000520511748977, 0.7873732295883, 0.7874663164441, -0.7873333689064, -0.7875336921193, 2.555287239162e-05, 7.568176607229e-06, 0.7875266579315, 0.7875075638299, 0, -0.7874956929396, -0.7874924274767, -0, -0, 5.551115123126e-17, -0, 0.001593044321535, 0.394137887551, 0.3911777585325, 0.3940554567266, 0, 0.3911867323267, 0.3942203183753
0.65, 0.1897478565786, -0.02995236426884, -0.2075909122145, -0.02994837349051, -0.007169948793348, 0.0007981111254057, -0.05128340403087, 0.01360683749685, 0, -408.1518103517, -2000, 304.319953533, 2000, 7614.603243878, 3150.690528853, 7618.809379951, 3159.35017087, -17.88276982003, -16.34488322344, -24.41086132905, -13.65769112275, -240.7900704312, 7.137282436677, 242.3896151193, 6.307518425139, 5432.037397543, 3998.172707562, 5427.411155246, 3905.959890051, 3, 0.07776019641317, -8.464876302136, -0.08760918290857, 15.7706816584, -0.4309291795323, 0.6672080049688, -0.3861689541033, 0.8869127911906, 0, 0, 0.2283712591535, -0, -0, -0, -0, -0, 0.2283713337408, 0.001307512051322, 0, 0, 0, 0, 0, -0.006682409669377, 0.001307522437511, -0.02260967252763, -0.006682356588213, 0.02368005665862, -0.006682356588213, 3.640157340837, 3.638978731912, 3.640160654445, 3.638979383028, 8.992318433773, -0.1933147379112, 0.2042100600612, 0, 1, 49.63303311779, 50, 49.63267740477, -0.004271556459948, 0, 0, 0, 0, 0, 0, 0, 0, 8.993861995127, 6.043927853975, 8.993866639208, 6.043941852509, 8.992318433773, 6.043934852833, 8.993862516132, 6.043927853566, 0, 8.993867214739, 6.0439418521, -0.0001567959308217, 0, -0.1933829494003, 0.0005092424860686, 0.2039605034655, 0.0005092424860686, 0.7873695758013, 0.7874606359298, -0.7873368049963, -0.7875393747198, 2.062924476632e-05, 6.597333488611e-06, 0.7875239394084, 0.7875065919465, 0, -0.7874984801697, -0.7874933972795, -5.551115123126e-17, -0, -0, -0, 0.001595451495447, 0.39412735529, 0.3911791779143, 0.3940355098548, 0, 0.3911883905836, 0.3942192007251
0.675, 0.187638714837, -0.1014828135821, -0.2096486717746, -0.1014354934331, -0.02277854135023, 0.000833166359188, -0.05788928060782, 0.009111662149554, 0, -416.8242280431, -2000, 308.7990716961, 2000, 7615.128269046, 3154.659685601, 7618.191789352, 3160.919345446, -14.91772500614, -2.886071378063, -17.99988519812, -16.29368211638, -240.5513135539, 8.317264711386, 242.7340434299, 5.191887364093, 5432.296340255, 3991.344046754, 5424.045241378, 3922.657096093, 3, -0.7380695494449, -39.1783009356, 0.6510598632919, 44.94021804919, -0.4263022658675, 0.7617424882599, -0.393480362261, 0.9156854059174, 0, 0, 0.2268972394299, -0, -0, -0, -0, -0, 0.2268972783579, 0.0006208441867176, 0, 0, 0, 0, 0, -0.004977554201797, 0.0006208490549199, -0.02340571218705, -0.004977515171779, 0.0229438944131, -0.004977515171779, 3.779703681086, 3.778526649435, 3.779710037881, 3.77852662188, 9.336981834532, -0.1894208139341, 0.2080916080804, 0, 1, 49.62538476512, 50, 49.62507339993, -0.003619387756959, 0, 0, 0, 0, 0, 0, 0, 0, 9.338512671347, 6.388590883257, 9.338522858282, 6.38859969941, 9.336981834532, 6.388595291142, 9.338513199801, 6.388590883065, 0, 9.33852342658, 6.388599699219, -0.000147012854093, 0, -0.189476622218, 0.0003207164368015, 0.2078553676851, 0.0003207164368015, 0.7873607880353, 0.7874724760415, -0.7873452841532, -0.7875275298772, 1.272133753903e-05, 6.711659459944e-06, 0.7875205862901, 0.7875067086755, 0, -0.7875019358387, -0.7874932853565, -0, -0, 5.551115123126e-17, -0, 0.001599849115562, 0.394117527255, 0.3911786599098, 0.3940491139578, 0, 0.3911950976357, 0.3941859405522
0.7, 0.187568943379, -0.08995837958372, -0.2096961589041, -0.0899213222177, -0.01917026263447, 0.001044709944937, -0.05693020318271, 0.003025913815895, 0, -414.745311568, -2000, 303.6598322545, 2000, 7615.63184867, 3157.541029039, 7617.253235573, 3163.679320821, -9.29199540599, 4.19478586303, -12.71747249143, -9.594172515528, -240.1727264783, 9.51441564736, 243.063811285, 7.267416079108, 5433.616770468, 3998.410641705, 5418.908880601, 3919.102231336, 3, -0.5435860091726, -37.9751125143, 0.4166007633423, 36.01514514616, -0.4218277493917, 0.8271217114963, -0.404142732247, 0.9741671132207, 0, 0, 0.2254930556197, -0, -0, -0, -0, -0, 0.2254930985521, -0.0003996849652902, 0, 0, 0, 0, 0, -0.005747261582428, -0.000399688060654, -0.02427062809466, -0.005747217073037, 0.02221324129813, -0.005747217073037, 3.919238215724, 3.918065496754, 3.919244218585, 3.918067106838, 9.68159422922, -0.1901157859556, 0.207393785978, 0, 1, 49.61858293321, 50, 49.61848329783, -0.001813432275033, 0, 0, 0, 0, 0, 0, 0, 0, 9.683115812192, 6.733200845411, 9.683125518414, 6.733209746613, 9.68159422922, 6.733205295789, 9.683116362113, 6.733200845188, 0, 9.683126066844, 6.73320974639, -0.0001267524234824, 0, -0.1901484918954, 0.0003238103543106, 0.2071812169258, 0.0003238103543106, 0.787350810843, 0.7874625821644, -0.787354585193, -0.787537425734, 1.892847131693e-06, 2.110950502128e-06, 0.7875165130332, 0.7875021069761, 0, -0.7875062522463, -0.7874978850751, -0, -5.551115123126e-17, -0, -0, 0.001606706294178, 0.3941140290202, 0.3911760271141, 0.39403503658, 0, 0.3912053313952, 0.3941930214604
0.725, 0.1872901299176, -0.1493957308643, -0.2098287033665, -0.1492920589517, -0.0337488221623, 0.0008104221532236, -0.06250996704268, -0.0007553686305183, 0, -397.4908815242, -2000, 286.4203286582, 2000, 7616.24864732, 3160.554835858, 7615.7931822, 3165.27379449, -11.38416827467, 15.72906272777, -0.8029199147642, -12.77722607138, -240.2867308104, 6.779480206827, 242.7291157543, 5.992377612714, 5433.494900635, 3998.5736257, 5414.634233013, 3923.067514258, 3, -2.48264144873, -62.05576941064, 2.049719250618, 63.1602647568, -0.4161117741582, 0.8975588678887, -0.4202803743898, 1.006895831441, 0, 0, 0.2242255211543, -0, -0, -0, -0, -0, 0.2242255515456, -0.001495462939904, 0, 0, 0, 0, 0, -0.005471719001413, -0.001495474391691, -0.02526202339933, -0.005471677101012, 0.02145851961714, -0.005471677101012, 4.058761700909, 4.057599596676, 4.058768194368, 4.057602836372, 10.02616107271, -0.190026305563, 0.2074907274319, 0, 1, 49.61270562428, 50, 49.61253552044, -0.001644180184509, 0, 0, 0, 0, 0, 0, 0, 0, 10.02767359657, 7.077766243555, 10.02768424378, 7.077773204542, 10.02616107271, 7.077769723882, 10.02767416855, 7.077766243389, 0, 10.02768477395, 7.077773204375, -8.638633781958e-05, 0, -0.1900152868805, 0.0002532286640508, 0.2073219507247, 0.0002532286640508, 0.7873410141734, 0.7874616532124, -0.7873631701842, -0.7875383539543, -8.353258133568e-06, -7.133541297435e-07, 0.7875134849975, 0.7874992830472, 0, -0.7875096873544, -0.7875007097554, -0, -0, -5.551115123126e-17, -0, 0.001616262133107, 0.3941099173862, 0.3911762669569, 0.3940347120962, 0, 0.3912138485927, 0.3941851226761
0.75, 0.1895472842678, -0.1047265488243, -0.2074978060436, -0.1046753465921, -0.022832209329, 0.0008741594545655, -0.05864383516846, 0.006520168263528, 0, -410.0002199235, -2000, 290.2522601896, 2000, 7616.327457294, 3162.574720034, 7614.390316154, 3167.588742578, 0.9074991370574, 14.89877227947, -2.624384459432, -2.322328472921, -240.5681132619, 7.010393857695, 242.1826131106, 7.837794940792, 5431.157271992, 4004.979879135, 5411.893201758, 3918.336835243, 3, -0.7760636201205, -42.2442333125, 0.1432980805473, 45.67435511133, -0.4159686062752, 0.9429933736337, -0.4358118770465, 1.058082827405, 0, 0, 0.2230075118935, -0, -0, -0, -0, -0, 0.2230075486019, -0.00209331342973, 0, 0, 0, 0, 0, -0.006278781157733, -0.002093329285989, -0.02590769936835, -0.006278733598081, 0.02114568597154, -0.006278733598081, 4.198277226778, 4.197131576772, 4.198284526318, 4.197136690348, 10.37068974163, -0.1894195102812, 0.2081224438997, 0, 1, 49.60774598576, 50, 49.60751993315, -0.001469041861301, 0, 0, 0, 0, 0, 0, 0, 0, 10.37219319655, 7.422291617303, 10.37220540093, 7.422299919368, 10.37068974163, 7.422295768108, 10.37219378119, 7.422291617076, 0, 10.37220592504, 7.42229991914, -5.736653206946e-05, 0, -0.1893774762061, 0.0003020147568494, 0.2079843475452, 0.0003020147568494, 0.7873374784273, 0.7874550997779, -0.7873650379604, -0.7875449096571, -1.154087041751e-05, -1.716754928365e-06, 0.7875143595716, 0.7874982785057, 0, -0.787509421135, -0.7875017120155, -0, -0, -5.551115123126e-17, -0, 0.001628981642392, 0.3941082479181, 0.3911809216188, 0.3940219500661, 0, 0.3912193096081, 0.3941945457701
0.775, 0.1868843741118, -0.2318753353877, -0.2100218134016, -0.2316221654917, -0.05474102159428, 0.0001107993946703, -0.04815139549943, -0.02844619712998, 0, -361.4601955933, -1270.974085817, 245.9417482161, 1078.101284084, 7616.511874093, 3167.12261985, 7612.48177128, 3166.717713614, -13.99714659844, 33.81606004102, 22.62046353242, -13.33017665195, -241.4719933959, 1.824997235654, 240.4822086053, 1.119611083087, 5425.308306336, 3976.140113899, 5411.825454442, 3951.424550645, 3, -6.437722333965, -98.0112405478, 5.471386095936, 99.73251932079, -0.4146799024914, 1.051387309288, -0.4566542846598, 1.032369577748, 0, 0, 0.2218184683159, -0, -0, -0, -0, -0, 0.2218184665858, -0.002482667548468, 0, 0, 0, 0, 0, -0.001791068202993, -0.002482686153971, -0.02626261361954, -0.001791054780546, 0.02123995347158, -0.001791054780546, 4.337788162702, 4.3366648384, 4.337795186869, 4.336671365464, 10.71518693902, -0.1906578243275, 0.2069178211674, 0, 1, 49.60371621217, 50, 49.60352902092, -0.0008730677079543, 0, 0, 0, 0, 0, 0, 0, 0, 10.71668240091, 7.766790232655, 10.716694343, 7.766789356342, 10.71518693902, 7.766789794506, 10.71668299721, 7.766790232662, 0, 10.71669486659, 7.766789356349, 1.653418417523e-05, 0, -0.1905410477751, -3.187877230072e-05, 0.2068536730561, -3.187877230072e-05, 0.7873376636997, 0.7874924228935, -0.7873625436512, -0.7875075778757, -1.14766039385e-05, 4.742122909712e-06, 0.7875169732991, 0.787504741738, 0, -0.7875075705466, -0.7874952574922, -0, -0, 5.551115123126e-17, -0, 0.001644619071873, 0.3941040190659, 0.3911925718404, 0.394079401971, 0, 0.3912194443249, 0.3941286361607
0.8, 0.1876121438495, -0.2268053131245, -0.209273361914, -0.2265620888669, -0.05468810647105, -2.960658278697e-05, -0.04043827946468, -0.008751240531535, 0, -357.1041339116, -816.7955761401, 235.8424586423, 910.9873287367, 7615.513455193, 3168.563457645, 7611.304644106, 3168.941150539, -9.4653671576, 37.6151161824, 27.86513379169, -8.900478471268, -242.1719045605, 1.434769628312, 239.3211603216, 0.7248951584037, 5419.167119824, 3981.427275654, 5411.975801666, 3949.982406315, 3, -6.840278946308, -95.69162121543, 5.732851985141, 98.90467341082, -0.4257995006313, 1.080050076442, -0.4698207025603, 1.084926920955, 0, 0, 0.2206039604459, -0, -0, -0, -0, -0, 0.2206039610104, -0.002101350023581, 0, 0, 0, 0, 0, -0.002278722132396, -0.002101365599455, -0.02616695627388, -0.002278705241909, 0.02187221726993, -0.002278705241909, 4.477296027186, 4.476201830768, 4.477303279562, 4.476208501344, 11.05965956107, -0.1907676707479, 0.206859020604, 0, 1, 49.60057038126, 50, 49.60034352369, -0.0008649693665046, 0, 0, 0, 0, 0, 0, 0, 0, 11.06114651133, 8.111258168491, 11.06115881191, 8.111259832976, 11.05965956107, 8.111259000717, 11.06114710576, 8.111258168475, 0, 11.06115935099, 8.111259832959, 3.758440997943e-05, 0, -0.1906307536613, 6.05510729924e-05, 0.2068139216617, 6.05510729924e-05, 0.7873448484785, 0.7874926478015, -0.7873526455138, -0.7875073534432, -2.765915634718e-06, 8.32090197781e-06, 0.7875235105577, 0.7875083202787, 0, -0.7875019894069, -0.7874916784748, -0, -0, -0, -0, 0.001662695350844, 0.3941001892481, 0.3912048055772, 0.3940688696572, 0, 0.3912191432042, 0.3941315088391
0.825, 0.189818313672, -0.2118620323067, -0.2070864720291, -0.2116492912183, -0.05144511606763, -0.0004263208994642, -0.005695145879698, 0.03215448690581, 0, -258.5155210126, 837.3013361806, 115.8148367371, -162.0166139515, 7614.095415005, 3172.001955567, 7610.200540285, 3169.383631439, -10.11328389108, 40.10445732033, 37.73521737908, -5.077050213188, -242.6328032372, -1.282757318884, 238.1257865562, -2.402425671507, 5411.847626025, 3957.385816333, 5413.757477091, 3975.106394822, 3, -7.937570568136, -88.10528402917, 6.736781807446, 94.23580200707, -0.4413267040137, 1.160818694997, -0.4822351498594, 1.088589383846, 0, 0, 0.219384994637, -0, -0, -0, -0, -0, 0.2193849993498, -0.00134260197468, 0, 0, 0, 0, 0, 0.001284160881123, -0.001342611816796, -0.02547092919923, 0.001284151467485, 0.02319619702167, 0.001284151467485, 4.616805103822, 4.615743538718, 4.616808481401, 4.615750362222, 11.40411335979, -0.1961012765285, 0.2015870090216, 0, 1, 49.59825926625, 50, 49.59796137539, -0.001127641700794, 0, 0, 0, 0, 0, 0, 0, 0, 11.40559524002, 8.455711429441, 11.40560087985, 8.455707453246, 11.40411335979, 8.455709441321, 11.40559583476, 8.455711429419, 0, 11.40560143705, 8.455707453224, 7.047767511582e-05, 0, -0.1959347104593, -0.0001446471000168, 0.201570144633, -0.0001446471000168, 0.7873570750602, 0.7875268365954, -0.7873372217641, -0.7874731637952, 9.360746018174e-06, 1.800358632639e-05, 0.7875309912512, 0.787518003386, 0, -0.7874956044291, -0.7874819962134, -5.551115123126e-17, -5.551115123126e-17, -0, -0, 0.001682147779582, 0.3940991112445, 0.3912193883822, 0.3941167612231, 0, 0.3912155904948, 0.3940814612659
0.85, 0.189249670621, -0.2186580804866, -0.2076983375814, -0.2184327848704, -0.05206673364465, -0.0003080207354754, -0.02326281731541, 0.03884669738555, 0, -263.7516112179, 193.146243326, 118.5137404319, 600.9301180319, 7612.020241788, 3173.265138053, 7609.627474997, 3171.702250794, -6.147249437835, 43.69199693341, 42.00820876376, -1.393092466932, -242.2582229451, -0.3124411224253, 238.0765515042, -1.477692189518, 5408.444573663, 3959.398625996, 5412.157446621, 3974.626019335, 3, -8.012219012758, -90.1000668984, 6.760659413252, 96.77806163507, -0.4637883870635, 1.187833496868, -0.4890685078807, 1.13976691532, 0, 0, 0.2182150937978, -0, -0, -0, -0, -0, 0.2182150964926, -0.000644555143869, 0, 0, 0, 0, 0, 0.001103486623534, -0.0006445598186042, -0.02523970207075, 0.001103478620386, 0.02408099752319, 0.001103478620386, 4.756313196448, 4.755291252717, 4.756316439156, 4.755299019001, 11.74855334362, -0.1965892611769, 0.2011662199542, 0, 1, 49.59673553014, 50, 49.5964284781, -0.001139976529099, 0, 0, 0, 0, 0, 0, 0, 0, 11.75002721443, 8.800147040248, 11.75003272266, 8.800145370149, 11.74855334362, 8.80014620519, 11.75002780522, 8.80014704024, 0, 11.75003329995, 8.800145370141, 8.333475578017e-05, 0, -0.1964112260123, -6.075529369108e-05, 0.2011592986601, -6.075529369108e-05, 0.7873644403026, 0.7875285432428, -0.7873265388762, -0.7874714570484, 1.901688964736e-05, 2.095303968625e-05, 0.78753678065, 0.7875209528932, 0, -0.7874909642655, -0.7874790468138, -0, -5.551115123126e-17, -0, -0, 0.001701745565919, 0.3940975849415, 0.391226168069, 0.394112751668, 0, 0.3912187753137, 0.3940824182151
0.875, 0.1876729983014, -0.2159788468954, -0.209365372057, -0.2157600860107, -0.05045638428978, -0.0002135256562402, -0.003691223045742, 0.02663021033407, 0, -256.3858619584, 869.2578424052, 106.2934849769, -270.712405036, 7610.153972479, 3175.336440051, 7608.823436223, 3172.814101921, -2.077626735914, 46.92376202658, 45.31564176065, 2.050215372743, -241.2217357864, -0.3453161517414, 238.7807297754, -1.406622327825, 5408.818149405, 3954.73363024, 5407.538673914, 3983.141371125, 3, -7.807076811782, -88.84709894166, 6.59841622529, 94.63185391068, -0.4840995282671, 1.235640703842, -0.4983153147588, 1.162461704069, 0, 0, 0.2170871054961, -0, -0, -0, -0, -0, 0.2170871131496, -0.0006026849554271, 0, 0, 0, 0, 0, 0.002058629406868, -0.0006026892814194, -0.02563728506454, 0.002058614630405, 0.02434661993985, 0.002058614630405, 4.895823198409, 4.894845351273, 4.895827216676, 4.894853966305, 12.09298482072, -0.1961843000242, 0.2016406075885, 0, 1, 49.59593057076, 50, 49.59564881516, -0.001087168912637, 0, 0, 0, 0, 0, 0, 0, 0, 12.09444989871, 9.144575527452, 12.0944573896, 9.144572972371, 12.09298482072, 9.144574249888, 12.09445049743, 9.144575527429, 0, 12.09445797477, 9.144572972348, 0.000127822016043, 0, -0.1959607504473, -9.294945257195e-05, 0.201677629645, -9.294945257195e-05, 0.7873630888475, 0.7875348972124, -0.7873245147742, -0.7874651038022, 1.984323831716e-05, 2.073707298319e-05, 0.7875381436208, 0.7875207365636, 0, -0.7874907577413, -0.7874792624177, 5.551115123126e-17, -0, 5.551115123126e-17, -0, 0.001720721083057, 0.3940937497443, 0.391225422689, 0.3941220443069, 0, 0.3912279752888, 0.3940654551816
0.9, 0.1897690410421, -0.2118462269301, -0.2073836698148, -0.2116359860398, -0.04984123974662, -3.085657666239e-05, -0.02175247639725, 0.01998922807204, 0, -201.3640802059, 112.5901114703, 45.83624371874, 392.1454789016, 7608.804218325, 3175.938819317, 7607.612747945, 3174.929097685, 2.642183806098, 49.77819273594, 47.38823185004, 4.692168736138, -240.7478382743, 0.8389448584355, 239.025223754, 0.1377444760542, 5408.772187705, 3969.516762568, 5404.037748486, 3975.562811009, 3, -7.480211140237, -88.13345888517, 6.369608962168, 91.80654094975, -0.4989969484375, 1.246465876344, -0.5117974181368, 1.212322554511, 0, 0, 0.2160144800497, -0, -0, -0, -0, -0, 0.2160144808099, -0.0008035545702931, 0, 0, 0, 0, 0, 0.0004381401637063, -0.0008035602812438, -0.02610006364054, 0.000438137049818, 0.02452330897811, 0.000438137049818, 5.035337346975, 5.034406011606, 5.035341164719, 5.03441605936, 12.43741233032, -0.196947859693, 0.2009436175673, 0, 1, 49.59576203379, 50, 49.59554261785, -0.0008220414887721, 0, 0, 0, 0, 0, 0, 0, 0, 12.43887007848, 9.488997479755, 12.43887738428, 9.488999030177, 12.43741233032, 9.488998254969, 12.43887069029, 9.488997479758, 0, 12.43887797175, 9.48899903018, 0.0001574202577979, 0, -0.1966934389477, 5.640168944253e-05, 0.2010100079835, 5.640168944253e-05, 0.7873595084369, 0.7875191164011, -0.7873248336309, -0.7874808836441, 1.747450216903e-05, 1.610282443467e-05, 0.7875377231572, 0.787516102801, 0, -0.7874922860533, -0.7874838971522, -0, -0, -0, -0, 0.001738413516958, 0.3940865741184, 0.3912255128194, 0.394092596079, 0, 0.3912349487287, 0.3940805521578
0.925, 0.1899351133808, -0.2135405212005, -0.2073179972749, -0.2133267576014, -0.05017210139337, -5.316840734995e-05, -0.02428750999443, 0.01545252913201, 0, -228.6507126878, -26.39573513717, 68.1413621952, 468.8779997518, 7607.770998806, 3177.491226008, 7606.302345193, 3176.094534055, 5.198643749171, 52.4309881246, 50.83908894525, 7.242300304433, -240.6886892962, 0.7084224430366, 238.8145411416, -0.003741545668128, 5407.95181324, 3970.498587313, 5402.019034192, 3978.956543014, 3, -7.448784584408, -89.00292217639, 6.419121367985, 92.5064777731, -0.5105958556506, 1.281555536539, -0.5263487531001, 1.237245609032, 0, 0, 0.2150384406828, -0, -0, -0, -0, -0, 0.2150384420628, -0.0009985033378241, 0, 0, 0, 0, 0, 0.0006129242750261, -0.0009985103703123, -0.02654418249043, 0.0006129199582128, 0.02466850918952, 0.0006129199582128, 5.174855952871, 5.17397536061, 5.174860137931, 5.173985651962, 12.78183950046, -0.1972309644722, 0.2007222272266, 0, 1, 49.59615300017, 50, 49.59595521685, -0.0007177612226008, 0, 0, 0, 0, 0, 0, 0, 0, 12.78329012751, 9.83342148835, 12.78329816241, 9.8334232839, 12.78183950046, 9.833422386129, 12.78329075049, 9.833421488354, 0, 12.78329875284, 9.833423283905, 0.000196573789345, 0, -0.1969361576728, 6.531901262725e-05, 0.2008276292415, 6.531901262725e-05, 0.7873562649947, 0.7875182212193, -0.7873250702235, -0.7874817788698, 1.549129045665e-05, 1.400549152082e-05, 0.7875375129721, 0.7875140054459, 0, -0.7874935158491, -0.7874859944629, -0, -5.551115123126e-17, 5.551115123126e-17, -0, 0.001754289113389, 0.3940822159831, 0.3912271456382, 0.3940906402418, 0, 0.3912389696459, 0.3940737917244
0.95, 0.1881733282078, -0.2251889234473, -0.20917189707, -0.2249512370367, -0.05280655973023, -2.965512279192e-05, -0.02428187036067, 0.002585105970173, 0, -286.1867815263, -95.95101470773, 126.629142919, 366.909672769, 7606.845749531, 3178.532371897, 7605.166855449, 3177.16015533, 9.354161988586, 55.70112307596, 51.89013916922, 8.268806661891, -240.5156479547, 0.8145114317206, 238.8856002071, 0.09588142059474, 5407.17621235, 3973.927520951, 5400.604602501, 3980.143968714, 3, -7.07153775831, -93.73783005478, 6.125777353918, 97.65199791125, -0.5210416440529, 1.304940942884, -0.5390514600174, 1.2617561341, 0, 0, 0.2142170685491, -0, -0, -0, -0, -0, 0.2142170695378, -0.001120022561115, 0, 0, 0, 0, 0, 0.0004504884712842, -0.00112003038932, -0.02706015807766, 0.0004504853226945, 0.02467272881897, 0.0004504853226945, 5.314379153573, 5.313553712687, 5.314385904597, 5.313564248281, 13.1262694314, -0.1946762074473, 0.2033320468977, 0, 1, 49.59705543749, 50, 49.59686502337, -0.0006883546673432, 0, 0, 0, 0, 0, 0, 0, 0, 13.12771203014, 10.17784819666, 13.12772474407, 10.17785113743, 13.1262694314, 10.17784966705, 13.12771265687, 10.17784819667, 0, 13.12772534238, 10.17785113744, 0.000234344458348, 0, -0.1943420531172, 0.0001069802005641, 0.2034755647163, 0.0001069802005641, 0.7873532257093, 0.7875150239255, -0.7873254577545, -0.7874849761204, 1.470230760108e-05, 1.192548617303e-05, 0.7875379976095, 0.7875119254605, 0, -0.7874939333792, -0.7874880744881, -0, -0, 5.551115123126e-17, -0, 0.00176802166894, 0.394077618026, 0.3912286890116, 0.394083809707, 0, 0.3912417872262, 0.394071426345
0.975, 0.1883729735647, -0.215372453177, -0.2090977301479, -0.2151549004679, -0.05016694792482, -0.0001497285689937, -0.003168509142482, 0.03224176944944, 0, -261.8184024946, 934.507510356, 99.68814876326, -245.2951638468, 7606.254003046, 3180.806646969, 7603.974196088, 3177.844172805, 9.457766510763, 56.97233948014, 56.60441264513, 10.87321595547, -240.6080480028, -0.07300411634058, 238.5019205968, -0.8136072074681, 5405.765555035, 3961.914595704, 5400.210933504, 3986.605942835, 3, -7.378379621301, -88.72443054161, 6.589438829976, 94.34485674505, -0.5280072909368, 1.357393019853, -0.5523882580563, 1.272906553939, 0, 0, 0.2134749965692, -0, -0, -0, -0, -0, 0.2134750042497, -0.001283234347801, 0, 0, 0, 0, 0, 0.001789312338072, -0.001283243254715, -0.02726844957105, 0.001789299918562, 0.02492697921592, 0.001789299918562, 5.453910752043, 5.453142049099, 5.453916584238, 5.45315247775, 13.47070619138, -0.1966220773385, 0.2014333762563, 0, 1, 49.598399885, 50, 49.59817808317, -0.0009420188512217, 0, 0, 0, 0, 0, 0, 0, 0, 13.47214431851, 10.52228452777, 13.47215569386, 10.52228549326, 13.47070619138, 10.52228501052, 13.47214495622, 10.52228452778, 0, 13.47215629285, 10.52228549327, 0.0002876689022357, 0, -0.196234177365, 3.512278074678e-05, 0.2016295675026, 3.512278074678e-05, 0.7873522095663, 0.7875240451309, -0.7873241020994, -0.7874759556369, 1.376065468534e-05, 1.173785548056e-05, 0.7875384050367, 0.7875117374713, 0, -0.7874943142117, -0.7874882617604, 5.551115123126e-17, -0, -5.551115123126e-17, -0, 0.001779949374623, 0.3940831466818, 0.3912314984113, 0.394107739657, 0, 0.3912425706759, 0.3940585537066
1, 0.1906619844472, -0.20699405712, -0.2069298004535, -0.2067929130322, -0.04875296979429, -0.0001242120696606, -0.01374297090131, 0.01812471866675, 0, -189.4925403311, 416.9180838502, 26.61091409963, 62.41816913245, 7605.736207417, 3181.304626618, 7602.991158565, 3179.134753507, 13.75351347057, 58.95508385002, 56.88140489994, 14.25817839328, -240.7212073647, 0.2836890640612, 238.3359169963, -0.3962285803924, 5404.370318988, 3968.838558182, 5399.964802247, 3981.784018367, 3, -7.185363741409, -87.19739980237, 6.564759581012, 89.10783743419, -0.5341552789276, 1.367386862561, -0.5634856191258, 1.303634224132, 0, 0, 0.2128398351251, -0, -0, -0, -0, -0, 0.2128398381641, -0.001380391139022, 0, 0, 0, 0, 0, 0.0009381209764865, -0.00138040066337, -0.02748815107993, 0.0009381145037351, 0.02509796773154, 0.0009381145037351, 5.593449336513, 5.592740013071, 5.593455430194, 5.592751806045, 13.81515263332, -0.1967877287615, 0.2013068557085, 0, 1, 49.60015884224, 50, 49.60003596641, -0.0005065693600816, 0, 0, 0, 0, 0, 0, 0, 0, 13.81658602639, 10.86672770121, 13.81659808647, 10.86673143025, 13.81515263332, 10.86672956575, 13.81658666966, 10.86672770123, 0, 13.81659868931, 10.86673143027, 0.00032467898467, 0, -0.1963622980617, 0.0001356559526911, 0.201539688845, 0.0001356559526911, 0.7873516246319, 0.7875159785198, -0.7873226875551, -0.7874840216869, 1.377664050312e-05, 9.526053726981e-06, 0.7875393216084, 0.787509525946, 0, -0.787494067466, -0.7874904738385, -5.551115123126e-17, -0, -0, -0, 0.001790189312789, 0.3940810531578, 0.3912342770488, 0.3940939470424, 0, 0.3912430604674, 0.3940681592731
1.025, 0.1888716740879, -0.2166472599342, -0.2087533173672, -0.216427008125, -0.05061901645156, -0.0001549989525526, -0.01113035079541, 0.02114379771333, 0, -271.65297727, 539.3447098322, 100.8273687568, -9.234048279671, 7605.005254013, 3182.605013283, 7602.440590897, 3179.999265942, 13.50979541227, 60.89357159897, 60.83831782527, 14.5720713726, -240.7164392065, 0.1447798668105, 238.0811352037, -0.602755701138, 5404.077510267, 3965.51851838, 5398.659162798, 3984.743165274, 3, -7.379119601246, -89.78186004927, 6.754795972571, 94.57543284024, -0.5425590397173, 1.397454875371, -0.5700693339678, 1.320983834577, 0, 0, 0.212210068446, -0, -0, -0, -0, -0, 0.212210073859, -0.001387894713594, 0, 0, 0, 0, 0, 0.001393155864826, -0.001387904233129, -0.0276949082684, 0.00139314630927, 0.02522674187012, 0.00139314630927, 5.732996199435, 5.732350136319, 5.733002905817, 5.732361081932, 14.15961248218, -0.1969150637648, 0.2012147983821, 0, 1, 49.60228579215, 50, 49.60209003505, -0.001055059489039, 0, 0, 0, 0, 0, 0, 0, 0, 14.16104097304, 11.21118603783, 14.16105414291, 11.21118986271, 14.15961248218, 11.21118795029, 14.16104162143, 11.21118603785, 0, 14.16105474869, 11.21118986274, 0.000366854845607, 0, -0.1964469864446, 0.0001391426595888, 0.2014895974363, 0.0001391426595888, 0.7873518771614, 0.7875188111989, -0.7873207256826, -0.787481189262, 1.507065637392e-05, 9.22888281293e-06, 0.7875409862162, 0.7875092286477, 0, -0.7874929860653, -0.7874907708821, -0, -0, -0, -0, 0.0017992579124, 0.3940814125492, 0.3912348596532, 0.3941005606039, 0, 0.3912456609564, 0.3940622644945
1.05, 0.188237885356, -0.2173819507513, -0.2094364111698, -0.217160366603, -0.05051565154422, -0.0001442719145643, -0.004554171794871, 0.02809399115201, 0, -279.6279195384, 858.9165617314, 111.5292163859, -218.4676132337, 7604.493183816, 3183.857058664, 7601.860468692, 3180.985143617, 15.87998844587, 62.74228356156, 62.16628990486, 16.13533018557, -240.5570602058, 0.1548944930983, 238.1072342762, -0.5941707492164, 5403.762848797, 3964.738493486, 5397.370122051, 3986.285542287, 3, -7.280833632653, -90.07618954193, 6.698608808824, 94.71894367753, -0.5486506513372, 1.425435263688, -0.5769431642281, 1.341663582918, 0, 0, 0.2115660360109, -0, -0, -0, -0, -0, 0.2115660426569, -0.001485104985787, 0, 0, 0, 0, 0, 0.001561453706976, -0.001485115110349, -0.02796635811708, 0.001561443061985, 0.02524430715018, 0.001561443061985, 5.872552068349, 5.871971712932, 5.87255991256, 5.871982361018, 14.50408843415, -0.1962299260693, 0.201929719311, 0, 1, 49.60474779296, 50, 49.604552146, -0.001234399083876, 0, 0, 0, 0, 0, 0, 0, 0, 14.5055113482, 11.55566007512, 14.50552681002, 11.55566461339, 14.50408843415, 11.55566234428, 14.5055120005, 11.55566007515, 0, 14.50552741853, 11.55566461342, 0.0004146590825303, 0, -0.1957133407897, 0.0001650942043514, 0.2022525376543, 0.0001650942043514, 0.7873513404574, 0.7875190219362, -0.7873197918464, -0.7874809786422, 1.547619813621e-05, 8.282033931538e-06, 0.7875423033665, 0.7875082817382, 0, -0.7874921732965, -0.7874917176704, -0, -0, -5.551115123126e-17, -0, 0.001807320647432, 0.3940806532045, 0.3912354855685, 0.3941021144085, 0, 0.3912482287136, 0.3940591920005
1.075, 0.1884958734578, -0.223658499268, -0.2092336484068, -0.2234239268166, -0.05228270638638, -6.30722293643e-05, -0.02009541513925, 0.004233292093039, 0, -293.0042590625, 82.87728756629, 122.8025639465, 213.7465541644, 7603.992303813, 3183.950188091, 7601.40509362, 3182.32101626, 19.24992726269, 64.828594414, 62.17632509478, 17.43025471472, -240.4798850144, 0.8756859428014, 238.1179844772, 0.1342949713347, 5403.338545109, 3976.88003863, 5396.482812061, 3982.416331969, 3, -7.026076245976, -93.40608631515, 6.506189641452, 96.87105137279, -0.5545953680448, 1.426102424859, -0.5824782129716, 1.373809149894, 0, 0, 0.2109506385049, -0, -0, -0, -0, -0, 0.2109506395712, -0.00150056901489, 0, 0, 0, 0, 0, 0.0004011995098058, -0.00150057918545, -0.02818648870319, 0.0004011967905733, 0.02527725825091, 0.0004011967905733, 6.01211773093, 6.011604900386, 6.012127039794, 6.011616058764, 14.84858234426, -0.1950486282057, 0.2031371647712, 0, 1, 49.60752984516, 50, 49.60736696295, -0.001142358456923, 0, 0, 0, 0, 0, 0, 0, 0, 14.84999971079, 11.90014999924, 14.85001781594, 11.90015811933, 14.84858234426, 11.9001540593, 14.85000036414, 11.90014999925, 0, 14.85001842898, 11.90015811934, 0.00044906002431, 0, -0.1944971161378, 0.0002953947451117, 0.2034945340337, 0.0002953947451117, 0.7873517138385, 0.7875090808696, -0.7873181364893, -0.7874909191481, 1.699691090079e-05, 6.321484924207e-06, 0.7875441802966, 0.7875063214552, 0, -0.7874907437135, -0.7874936784853, -5.551115123126e-17, -0, -5.551115123126e-17, -0, 0.001814350537876, 0.3940724139638, 0.3912363300583, 0.3940779282002, 0, 0.391249996164, 0.3940668997275
1.1, 0.191247199406, -0.1991453803657, -0.2065940572057, -0.1989588710358, -0.0470229195534, -0.0003048237200057, 0.006454474575651, -5.046650039645e-05, 0, -175.5155632068, 1074.825186877, 11.19032522158, -876.7099706468, 7603.898248999, 3186.125157901, 7600.678445179, 3182.173435853, 22.15259275116, 65.81388859917, 62.87938621299, 21.42440795214, -240.8108214491, -1.025701844597, 237.6641390914, -1.717408296337, 5401.36681594, 3964.07762329, 5397.318655483, 3997.895425401, 3, -7.13328332407, -85.61030512733, 6.797554128389, 84.44282928384, -0.5562557627106, 1.476999273134, -0.5908404927059, 1.367166524679, 0, 0, 0.2103499641072, -0, -0, -0, -0, -0, 0.2103499777824, -0.001543661454628, 0, 0, 0, 0, 0, 0.002450680313971, -0.001543671857761, -0.02819456013936, 0.002450663798314, 0.02549204446653, 0.002450663798314, 6.151694941831, 6.151250735751, 6.15170384793, 6.151262548305, 15.19309633243, -0.1961010539646, 0.2021045227627, 0, 1, 49.61060083341, 50, 49.61056454549, -0.0004446082295429, 0, 0, 0, 0, 0, 0, 0, 0, 15.19450965604, 12.24466418717, 15.19452762641, 12.24466906969, 15.19309633243, 12.24466662848, 15.19451031293, 12.24466418722, 0, 15.19452824169, 12.24466906974, 0.0005062590965769, 0, -0.1954926083552, 0.0001776177267394, 0.2025185526836, 0.0001776177267394, 0.7873534889469, 0.7875256935541, -0.7873152279964, -0.7874743078791, 1.84840428933e-05, 8.837626282433e-06, 0.7875460124408, 0.7875088369021, 0, -0.7874893011704, -0.7874911616496, -0, -0, -0, -0, 0.00182047750345, 0.394069747599, 0.391240257778, 0.3941034306688, 0, 0.3912483304876, 0.3940360645292
1.125, 0.1888916290721, -0.2157174906298, -0.2089457332078, -0.2154988084804, -0.05113687479268, -0.0002572796731089, -0.003191342470319, 0.0215285791284, 0, -288.4974340221, 862.1262101035, 109.8520264995, -325.0745472242, 7603.186690766, 3186.360626299, 7600.654916164, 3183.640096632, 21.87059345124, 67.84876935112, 67.72839185721, 21.11184761583, -240.8154846922, -0.3729326449963, 237.2877402619, -1.114294288585, 5400.632957128, 3970.991885173, 5397.248869109, 3993.224859817, 3, -7.253017641438, -89.79708032115, 6.868699897592, 94.39409689933, -0.5643640792423, 1.479929310288, -0.5917903786152, 1.401664636216, 0, 0, 0.2098397212087, -0, -0, -0, -0, -0, 0.2098397276153, -0.001235130549608, 0, 0, 0, 0, 0, 0.001611160634964, -0.001235138833138, -0.02809310817387, 0.001611149829622, 0.02578880456146, 0.001611149829622, 6.291283435881, 6.290910868035, 6.29129291029, 6.290922438028, 15.53763175673, -0.1961163301514, 0.2021093640974, 0, 1, 49.6140139678, 50, 49.61384323585, -0.001090045698023, 0, 0, 0, 0, 0, 0, 0, 0, 15.53904123421, 12.58919672842, 15.53905990774, 12.58920474139, 15.53763175673, 12.58920073496, 15.53904188873, 12.58919672848, 0, 15.53906053026, 12.58920474144, 0.0005251706463344, 0, -0.1954895888461, 0.0002914977341353, 0.2025414396428, 0.0002914977341353, 0.7873578436186, 0.7875201242907, -0.787309893541, -0.7874798763116, 2.393786774031e-05, 9.042862627707e-06, 0.7875496750756, 0.7875090425411, 0, -0.7874859932121, -0.7874909568158, -0, 5.551115123126e-17, -0, -0, 0.001825793602812, 0.3940675130464, 0.3912417199883, 0.3940896574434, 0, 0.3912484685974, 0.3940453686494
1.15, 0.190662900607, -0.2163341454754, -0.2071899251059, -0.2161145345215, -0.05162192575497, -0.0001504205897463, -0.02880474039969, 0.02352303306627, 0, -252.2419716485, -132.9538747639, 68.64032911042, 710.7390154583, 7602.716523396, 3186.148412148, 7600.490168798, 3185.447718651, 25.64505891064, 70.71832425292, 71.14845079697, 24.9950304262, -240.8596296076, 0.8809260750732, 236.8137565152, 0.1627466350522, 5398.540403225, 3981.200096662, 5398.059176573, 3982.261007121, 3, -7.377747979948, -90.23602643243, 6.996304470268, 94.37485275152, -0.5699250344101, 1.471853375531, -0.5941909922199, 1.444629073976, 0, 0, 0.2094135454427, -0, -0, -0, -0, -0, 0.2094135455492, -0.0009131962129334, 0, 0, 0, 0, 0, 7.688117086609e-05, -0.0009132023125255, -0.02781178392425, 7.688065735033e-05, 0.02623372057408, 7.688065735033e-05, 6.430887167705, 6.430588638127, 6.430895830657, 6.430600541658, 15.88219161246, -0.1974123379396, 0.2008258398206, 0, 1, 49.61794305994, 50, 49.61779040275, -0.0007991654281723, 0, 0, 0, 0, 0, 0, 0, 0, 15.88359897268, 12.93375351101, 15.88361610648, 12.93376603395, 15.88219161246, 12.93375977248, 15.88359962492, 12.93375351102, 0, 15.88361673575, 12.93376603395, 0.0005350739798789, 0, -0.1967769333056, 0.0004555626087095, 0.2012663707976, 0.0004555626087095, 0.7873631475615, 0.7875093892269, -0.787303786288, -0.7874906107247, 2.931246883689e-05, 8.860482169866e-06, 0.7875530600282, 0.7875088604566, 0, -0.787482923357, -0.7874911394922, -5.551115123126e-17, -5.551115123126e-17, -0, -0, 0.001831040528031, 0.3940682658325, 0.391245889359, 0.3940693225163, 0, 0.39124685306, 0.3940672091488
1.175, 0.1889664838565, -0.2161108300944, -0.2088760388351, -0.2158919141752, -0.05168253917591, -0.0002177978953628, -0.01010131410304, 0.05472910214911, 0, -286.6265970619, 836.8030557116, 108.5203522488, 210.0199589287, 7602.078286249, 3187.439824606, 7600.470764698, 3185.825565923, 29.11008199629, 74.51443776542, 76.36486016701, 28.23351658773, -240.4764061798, 0.208763755319, 236.510241331, -0.5195560978545, 5397.758555008, 3973.287862292, 5396.318960566, 3987.796718279, 3, -7.374609272527, -89.11665213566, 6.948027419697, 95.18473225431, -0.5772380408176, 1.501014719222, -0.5950387158727, 1.451583667823, 0, 0, 0.2089809162462, -0, -0, -0, -0, -0, 0.2089809188868, -0.0007462709972877, 0, 0, 0, 0, 0, 0.00105141559873, -0.0007462759613471, -0.027823405091, 0.00105140860495, 0.02637544473772, 0.00105140860495, 6.570508055543, 6.570289326646, 6.570517382391, 6.570300851509, 16.22678119007, -0.1969788998359, 0.2012708617146, 0, 1, 49.62257274786, 50, 49.62236322767, -0.0009506101166888, 0, 0, 0, 0, 0, 0, 0, 0, 16.22818494429, 13.27834330309, 16.22820347358, 13.27835464114, 16.22678119007, 13.27834897216, 16.22818559528, 13.27834330314, 0, 16.22820410773, 13.27835464119, 0.0005601518444826, 0, -0.1963185763592, 0.0004124586560104, 0.2017361494046, 0.0004124586560104, 0.7873656129105, 0.7875183032788, -0.7873006000388, -0.7874816969456, 3.269551255778e-05, 1.107175690662e-05, 0.7875556054938, 0.7875110716039, 0, -0.7874807064624, -0.7874889280901, -0, -0, -0, -0, 0.001837621890808, 0.3940706328215, 0.3912474467869, 0.3940850838733, 0, 0.3912503191811, 0.3940561817698
1.2, 0.1897232686557, -0.2186324579185, -0.2080717780075, -0.2184086595666, -0.05252100756333, -0.0001293272328285, -0.02400692409869, 0.05647096933357, 0, -271.4426877293, 308.1082069906, 88.44686206246, 774.1966067643, 7601.449939304, 3187.560953679, 7600.222698095, 3187.304407265, 34.43646684434, 78.8951676961, 80.94298653551, 32.79902660587, -240.068627307, 1.067839235262, 236.0674269756, 0.3241594913566, 5395.657432652, 3980.929311366, 5394.460191863, 3980.654245211, 3, -7.460074499238, -89.96211486449, 6.900237202592, 96.41240357385, -0.5844558630513, 1.501337543382, -0.5982730183559, 1.485798167705, 0, 0, 0.208457912997, -0, -0, -0, -0, -0, 0.2084579129813, -0.0005850604994763, 0, 0, 0, 0, 0, -1.993326255323e-05, -0.0005850643717378, -0.02777101690387, -1.993313062449e-05, 0.02662372815327, -1.993313062449e-05, 6.710150729898, 6.710016744885, 6.710159794452, 6.710028234073, 16.57140681277, -0.1974677872849, 0.2007999031904, 0, 1, 49.62802947676, 50, 49.62779092301, -0.0009759998622857, 0, 0, 0, 0, 0, 0, 0, 0, 16.57280730182, 13.62296630222, 16.57282530383, 13.62298056532, 16.57140681277, 13.62297343377, 16.5728079532, 13.62296630222, 0, 16.57282594247, 13.62298056531, 0.0005640182840652, 0, -0.196804038382, 0.0005188668556324, 0.2012683851983, 0.0005188668556324, 0.7873683033028, 0.7875108378687, -0.7872969890241, -0.7874891620668, 3.584339715951e-05, 1.097499745342e-05, 0.7875579401756, 0.7875109749651, 0, -0.7874787925926, -0.7874890249702, -0, -0, -0, -0, 0.001846778640367, 0.3940701358998, 0.3912516324627, 0.3940698619295, 0, 0.3912540211231, 0.3940704098701
1.225, 0.1912965890931, -0.2007821997242, -0.2064891107302, -0.2005931465416, -0.04890245562537, -0.000294369506831, -0.001138102731637, 0.01818774628338, 0, -176.7703405523, 923.6191775327, -8.762829692477, -436.5092218759, 7600.89092565, 3188.868860934, 7599.540074175, 3186.866301734, 42.96576127452, 83.54550826059, 83.03509432135, 39.24952298698, -239.5946936772, -0.5309520187401, 235.6324980497, -1.199158222966, 5392.404307868, 3975.661139556, 5392.56087592, 3996.976010298, 3, -7.237233886535, -85.54497353434, 6.605257146978, 86.12657086705, -0.5909187007949, 1.532456941261, -0.6060315547342, 1.475379968568, 0, 0, 0.2078053756977, -0, -0, -0, -0, -0, 0.2078053801767, -0.0005311276754558, 0, 0, 0, 0, 0, 0.001544628048446, -0.0005311311687857, -0.02788571141625, 0.001544617889194, 0.02678318599592, 0.001544617889194, 6.8498173273, 6.849774196075, 6.849827194153, 6.849786525195, 16.91607501216, -0.1963896086669, 0.2019065393226, 0, 1, 49.63439140055, 50, 49.63428078518, -0.0001447283787784, 0, 0, 0, 0, 0, 0, 0, 0, 16.91747012326, 13.96763329423, 16.91749002612, 13.96764461182, 16.91607501216, 13.9676389531, 16.91747077369, 13.96763329431, 0, 16.91749067219, 13.9676446119, 0.0005834266804054, 0, -0.1957063363143, 0.0004117144728768, 0.2023941536649, 0.0004117144728768, 0.7873694442715, 0.7875249174676, -0.787294540116, -0.787475083064, 3.785211248037e-05, 1.429389268944e-05, 0.7875598675125, 0.7875142935862, 0, -0.7874774343189, -0.7874857058008, -0, -0, -0, -0, 0.001859004286329, 0.3940591262016, 0.3912581124097, 0.3940803561525, 0, 0.3912578041131, 0.3940378962506
1.25, 0.1902751278557, -0.2171806314635, -0.2074284040991, -0.2169596152481, -0.05316774822742, -0.0002016593778489, -0.02742328867125, 0.03326727579091, 0, -257.853517508, 2.139637622882, 64.59603335364, 728.3773737612, 7599.675681414, 3188.294741714, 7599.064254251, 3188.563594724, 44.9816189016, 87.95925681496, 90.51310484809, 41.83842889802, -239.3970789281, 0.767502850058, 234.6141883841, 0.04897444266085, 5389.002966633, 3993.633214629, 5390.407317625, 3990.951969889, 3, -7.524256206624, -90.02786605428, 6.634014955003, 95.6839376107, -0.604256286411, 1.515893397442, -0.6116027372466, 1.516808586076, 0, 0, 0.2070418130916, -0, -0, -0, -0, -0, 0.2070418131006, -0.0001610177612168, 0, 0, 0, 0, 0, -0.0001943021696718, -0.0001610188124934, -0.02775828336114, -0.0001943009010913, 0.02728743219538, -0.0001943009010913, 6.989511618204, 6.989564708553, 6.989520717655, 6.989577055308, 17.26079176546, -0.1974818633957, 0.200858683871, 0, 1, 49.64164309242, 50, 49.64139938451, -0.0006457096034209, 0, 0, 0, 0, 0, 0, 0, 0, 17.26218261558, 14.31234464857, 17.26220059264, 14.31236016066, 17.26079176546, 14.3123524046, 17.26218326675, 14.31234464855, 0, 17.26220124739, 14.31236016065, 0.0005609375752268, 0, -0.1968219093124, 0.000564303152432, 0.2013223279285, 0.000564303152432, 0.7873738562743, 0.7875135389229, -0.7872883011289, -0.7874864610098, 4.341580304834e-05, 1.487524573701e-05, 0.7875634126169, 0.787514875203, 0, -0.7874746407303, -0.7874851247115, -0, -0, -0, -5.551115123126e-17, 0.001873971190059, 0.3940472259096, 0.3912648884116, 0.3940445553471, 0, 0.3912620924446, 0.3940498964721
1.275, 0.1910558067324, -0.2006707853323, -0.2066613176938, -0.2004820659385, -0.04928715572899, -0.0004365044709465, 0.002891065946071, 0.01503713196096, 0, -199.5235506211, 1052.302609789, 0.9729887003127, -603.8324876188, 7598.610599612, 3190.610425543, 7598.06867307, 3187.823381963, 52.59171545676, 92.3307409106, 92.31066470222, 47.51681962222, -238.9107182173, -1.464943991734, 234.1400800289, -2.131359447678, 5385.441757605, 3976.010669814, 5388.731552622, 4013.757112309, 3, -7.536374314166, -85.54580629522, 6.568271794874, 86.16344131307, -0.6160321286041, 1.5706908284, -0.6226294633946, 1.495652258107, 0, 0, 0.2062922702954, -0, -0, -0, -0, -0, 0.2062922807227, 6.389714969333e-06, 0, 0, 0, 0, 0, 0.002735377048179, 6.389756385937e-06, -0.02789685874374, 0.002735359318233, 0.0276193640586, 0.002735359318233, 7.129233848527, 7.129389773371, 7.129243745451, 7.129401797582, 17.60556163095, -0.1962123177904, 0.2021829171087, 0, 1, 49.64973557739, 50, 49.64963145735, 0.0004583771725974, 0, 0, 0, 0, 0, 0, 0, 0, 17.60694631724, 14.65711481061, 17.60696630777, 14.65712429692, 17.60556163095, 14.65711955388, 17.60694696741, 14.65711481073, 0, 17.60696697489, 14.65712429703, 0.0005733273139592, 0, -0.195539820341, 0.0003450953649643, 0.2026581121558, 0.0003450953649643, 0.7873754622582, 0.7875398654324, -0.7872843763498, -0.7874601363339, 4.661762788211e-05, 2.105257675385e-05, 0.7875659683758, 0.787521051665, 0, -0.7874729842311, -0.7874789465115, -0, -0, -5.551115123126e-17, -0, 0.001890568311461, 0.394042063513, 0.3912719819931, 0.3940796595712, 0, 0.3912654295354, 0.3940044674548
1.3, 0.1881648054579, -0.2201798718436, -0.2095315936896, -0.2199534925077, -0.0534671434838, -0.0002642835362977, -0.01038861187852, 0.01436029300817, 0, -305.6619259305, 536.9788170547, 103.3010619766, -79.0593525005, 7597.009190214, 3190.721493904, 7597.370248549, 3189.511178617, 54.23739834728, 96.07812921127, 97.7455746916, 48.81558171299, -238.1950522415, -0.05355437680454, 233.8957934805, -0.7895844191177, 5384.442055035, 3983.954108317, 5385.125693186, 4004.538690029, 3, -7.562712468824, -91.51592050165, 6.422076865773, 96.11936659602, -0.6334680645111, 1.570619074173, -0.6305558421623, 1.534121406438, 0, 0, 0.2056088527843, -0, -0, -0, -0, -0, 0.2056088555501, 0.0001643638746657, 0, 0, 0, 0, 0, 0.001491705873579, 0.0001643649329858, -0.02814595236143, 0.001491696268717, 0.0279063309824, 0.001491696268717, 7.268986260287, 7.269250261906, 7.268996402843, 7.269260880674, 17.95038950898, -0.1959017642028, 0.2025585010093, 0, 1, 49.65855892101, 50, 49.6583613497, 0.0001003564115733, 0, 0, 0, 0, 0, 0, 0, 0, 17.95176938798, 15.00193927427, 17.9517895021, 15.00195136835, 17.95038950898, 15.00194532139, 17.95177004298, 15.00193927435, 0, 17.95179017734, 15.00195136843, 0.0005515334886743, 0, -0.1952504887737, 0.0004399619841104, 0.2030111958964, 0.0004399619841104, 0.7873761733244, 0.7875316680094, -0.7872809946243, -0.7874683324779, 4.942183816648e-05, 2.140884308431e-05, 0.7875683814701, 0.787521408553, 0, -0.7874715656475, -0.7874785908668, 5.551115123126e-17, -0, -5.551115123126e-17, -0, 0.001907817627425, 0.3940433337326, 0.3912739726003, 0.3940638363041, 0, 0.3912726115719, 0.3940228311612
1.325, 0.18818864025, -0.2249395961249, -0.2095791786653, -0.2247036271342, -0.05459292018893, -0.0001165846650025, -0.02255772275523, 0.01036935976934, 0, -311.0759149788, 43.7060529226, 105.9482070989, 372.3255718119, 7595.700822099, 3190.854018452, 7596.284983939, 3191.04335782, 58.35268882232, 99.01565192091, 99.37893153912, 51.4205687581, -237.5420110626, 1.006997742934, 233.8962504024, 0.2820167522568, 5383.61741994, 3992.886581097, 5381.896593833, 3994.410850322, 3, -7.294263248296, -93.64294088458, 6.164555525434, 97.86994577874, -0.6478343553399, 1.570990252244, -0.642544185602, 1.570119126109, 0, 0, 0.2049446169572, -0, -0, -0, -0, -0, 0.2049446169621, 7.877793514469e-05, 0, 0, 0, 0, 0, 0.0001104594348551, 7.877843911468e-05, -0.02858258427777, 0.000110458728212, 0.02803841502129, 0.000110458728212, 7.408769284334, 7.409145022888, 7.40877988599, 7.409155522464, 18.29528057681, -0.1951209358454, 0.2034074929028, 0, 1, 49.66797369842, 50, 49.6677818121, 1.705519740281e-05, 0, 0, 0, 0, 0, 0, 0, 0, 18.29665545973, 15.34682688174, 18.29667629751, 15.34684147977, 18.29528057681, 15.34683418076, 18.29665612229, 15.34682688175, 0, 18.29667697874, 15.34684147978, 0.000533981219135, 0, -0.1944859641776, 0.0005310508898329, 0.2038424834665, 0.0005310508898329, 0.7873744662842, 0.7875217031701, -0.7872798416601, -0.7874782967652, 4.953957301174e-05, 2.094353644621e-05, 0.7875696570085, 0.7875209435012, 0, -0.7874713178168, -0.7874790564283, 5.551115123126e-17, -0, 5.551115123126e-17, -0, 0.001925013805315, 0.39404452447, 0.3912756138234, 0.3940460426664, 0, 0.3912790435996, 0.3940430062735
1.35, 0.1892215212782, -0.2150298567211, -0.2086354904721, -0.2148138441886, -0.05249054064169, -0.0002129568328299, -0.009536521355382, 0.0377257302423, 0, -282.9920860564, 746.4602323839, 69.9841381424, 59.10557208504, 7594.683471922, 3192.312303253, 7594.934986233, 3191.877046247, 58.38603862093, 99.91961374181, 103.2359160651, 53.8374494266, -237.6043514279, 0.4574218589296, 233.2500231557, -0.2790065083236, 5381.866021176, 3988.648567339, 5380.181078125, 3996.261934225, 3, -7.552444128479, -88.86428758565, 6.463223488643, 94.66773188188, -0.6591775266931, 1.603008902291, -0.6573346694269, 1.586472965613, 0, 0, 0.2042003846337, -0, -0, -0, -0, -0, 0.2042003850972, -4.965806984798e-05, 0, 0, 0, 0, 0, 0.000551718915873, -4.965838522496e-05, -0.02883205337285, 0.0005517154119443, 0.02836783458031, 0.0005517154119443, 7.548584373904, 7.549073846399, 7.548593250585, 7.549084259377, 18.64023949603, -0.1972554497997, 0.2013411818089, 0, 1, 49.67781759822, 50, 49.67757585357, -0.0005951506821735, 0, 0, 0, 0, 0, 0, 0, 0, 18.64161075119, 15.69178420963, 18.64162844924, 15.69179737354, 18.64023949603, 15.69179079162, 18.64161142689, 15.69178420966, 0, 18.64162913147, 15.69179737357, 0.0005289709157535, 0, -0.1966249753411, 0.0004788804000276, 0.2017703294455, 0.0004788804000276, 0.7873741296651, 0.7875268307045, -0.787277233654, -0.7874731693135, 4.962901680401e-05, 2.303631917846e-05, 0.7875710257465, 0.7875230362552, 0, -0.7874709611548, -0.7874769636168, -0, -0, -0, -0, 0.001941513034594, 0.3940469018726, 0.3912791018115, 0.3940544849074, 0, 0.3912824598538, 0.3940393188379
1.375, 0.1900809246908, -0.2176633435619, -0.2078871524049, -0.2174417850885, -0.05327680598559, -0.000204626878939, -0.0221148296036, 0.06035853975917, 0, -287.9619644773, 420.6969108936, 75.54562374464, 737.9398946325, 7593.65000387, 3192.92518456, 7593.786571873, 3193.36060059, 59.34367490042, 100.9669629344, 104.4804240625, 54.77587546138, -237.7888569289, 0.8557184445356, 232.8036158838, 0.1104260413668, 5379.839104617, 3995.110249875, 5379.700369516, 3992.714308719, 3, -7.589524786679, -89.47536337352, 6.596916790785, 96.59296747193, -0.6706959262851, 1.614465198265, -0.6700234409955, 1.619753775925, 0, 0, 0.2034261533594, -0, -0, -0, -0, -0, 0.2034261534061, 1.870756427029e-05, 0, 0, 0, 0, 0, -0.0001736269923371, 1.870768218224e-05, -0.0290103133802, -0.0001736258979899, 0.02873247366041, -0.0001736258979899, 7.688429432737, 7.68903512434, 7.688437844507, 7.689045562864, 18.98526824248, -0.1977069691635, 0.2009537438541, 0, 1, 49.68794064697, 50, 49.6876651085, -0.001151247075769, 0, 0, 0, 0, 0, 0, 0, 0, 18.98663464461, 16.03680954375, 18.98665124408, 16.03682402814, 18.98526824248, 16.03681678593, 18.98663532612, 16.03680954374, 0, 18.98665193369, 16.03682402813, 0.0005109093884853, 0, -0.1970943061867, 0.0005269170848507, 0.2013639066583, 0.0005269170848507, 0.7873755839501, 0.787523730645, -0.7872730027682, -0.7874762692956, 5.233585513545e-05, 2.492476338177e-05, 0.7875736994201, 0.7875249247265, 0, -0.78746922092, -0.7874750751997, -0, -0, -0, -0, 0.00195609303315, 0.3940439994418, 0.3912831388789, 0.3940416130462, 0, 0.3912834161997, 0.3940463858374
1.4, 0.1922563151019, -0.1930012036876, -0.2059129273755, -0.1928264012252, -0.0479585533967, -0.000511480189249, 0.02279021382765, 0.01436296389821, 0, -141.1206569501, 1850.958241744, -64.51930669818, -1427.626027032, 7593.037541891, 3195.320705264, 7592.542691682, 3192.12043225, 64.63011789919, 101.4880584785, 100.2138326907, 57.14078107648, -237.7618568023, -2.17266038692, 233.0076247907, -2.835126620028, 5377.6854355, 3978.108435091, 5380.843730076, 4020.224780539, 3, -7.216041576051, -82.78281444232, 6.529261473542, 83.01237474349, -0.6777830834878, 1.672216202008, -0.6837008351867, 1.588959297083, 0, 0, 0.202739999226, -0, -0, -0, -0, -0, 0.2027400121347, 2.416560823588e-05, 0, 0, 0, 0, 0, 0.003052050777769, 2.416575952358e-05, -0.02927862579221, 0.00305203167066, 0.02894037139092, 0.00305203167066, 7.828303263872, 7.829026472955, 7.828313083399, 7.829038053661, 19.33036690636, -0.1954149786173, 0.2032997140057, 0, 1, 49.69820784444, 50, 49.69812275238, -0.0003763965086499, 0, 0, 0, 0, 0, 0, 0, 0, 19.33172688419, 16.3819087107, 19.33174675305, 16.38191614625, 19.33036690636, 16.38191242857, 19.33172756397, 16.3819087108, 0, 19.33174745577, 16.38191614635, 0.0005235930180851, 0, -0.1947890072496, 0.0002704925096826, 0.2037221750724, 0.0002704925096826, 0.7873762847555, 0.7875530339302, -0.7872698443306, -0.7874469682868, 5.458863003189e-05, 3.204344290097e-05, 0.787576234788, 0.7875320423169, 0, -0.7874674810663, -0.7874679554311, -0, -0, -5.551115123126e-17, -0, 0.001967462908074, 0.3940335320947, 0.3912874281238, 0.3940754806459, 0, 0.3912811378747, 0.3939915835435
1.425, 0.1961590086735, -0.1891253246235, -0.202162460295, -0.1889567750691, -0.04845523155152, -0.0007856534794754, 0.03090577368803, -0.01291183801313, 0, 0.4134698115228, 2000, -196.7388647702, -2000, 7592.27712933, 3196.739652874, 7591.911709539, 3191.764048823, 67.60358028774, 102.3606986607, 96.4461386054, 56.57691367201, -238.1068950144, -4.551968395502, 233.0261082657, -5.265435994113, 5374.93739988, 3969.188889576, 5384.098612038, 4036.609372348, 3, -6.544979300509, -82.73995255259, 6.082896034889, 80.88468493137, -0.6864243119737, 1.703089700012, -0.6909281957687, 1.582880489171, 0, 0, 0.202210591954, -0, -0, -0, -0, -0, 0.2022106217896, 0.0005139968948453, 0, 0, 0, 0, 0, 0.004885768878354, 0.0005140000959161, -0.02905022721713, 0.004885738450934, 0.0295437034159, 0.004885738450934, 7.968206181382, 7.969045327072, 7.96821615861, 7.969059683648, 19.67553502906, -0.1942227082142, 0.2045334861457, 0, 1, 49.70846304864, 50, 49.70846015507, -6.265787998075e-05, 0, 0, 0, 0, 0, 0, 0, 0, 19.67689091091, 16.72707658461, 19.67691155766, 16.72708024921, 19.67553502906, 16.72707841699, 19.67689158135, 16.72707658469, 0, 19.67691227928, 16.72708024929, 0.0005003974465949, 0, -0.1936209943814, 0.0001333119717407, 0.2049308916746, 0.0001333119717407, 0.7873825448222, 0.7875735713645, -0.7872616274106, -0.7874264343574, 6.22662094387e-05, 3.9969022608e-05, 0.7875809378611, 0.7875399661574, 0, -0.7874633810031, -0.7874600281122, -0, 5.551115123126e-17, -0, -0, 0.001974877956363, 0.3940260959161, 0.3912929030916, 0.3940932477912, 0, 0.3912746519442, 0.3939589440411
1.45, 0.1940883986984, -0.1841830030425, -0.2044076515314, -0.1840225864063, -0.04891525029799, -0.0008314799913641, 0.03148307886427, -0.01095441079469, 0, -97.47902125871, 2000, -102.69032385, -2000, 7591.021371315, 3196.230595139, 7592.305785197, 3194.099450459, 64.27044103946, 100.3643368871, 97.71233137639, 56.39924088413, -239.3011426442, -3.975427346592, 232.181530718, -4.681548346358, 5372.068578383, 3977.667660195, 5388.761549574, 4022.431244255, 3, -7.136721426478, -80.35737232144, 6.969588773308, 80.13558046273, -0.7002942832248, 1.683853018463, -0.6874073751231, 1.641194678894, 0, 0, 0.2018757120325, -0, -0, -0, -0, -0, 0.2018757190617, 0.001692478600132, 0, 0, 0, 0, 0, 0.003243888395289, 0.001692489105671, -0.02826997118767, 0.003243868259977, 0.03058569656529, 0.003243868259977, 8.108136703527, 8.10909042634, 8.10814587048, 8.109107893995, 20.02077160197, -0.1942794177238, 0.2045049159067, 0, 1, 49.71857844096, 50, 49.71856593269, -0.0002130058309309, 0, 0, 0, 0, 0, 0, 0, 0, 20.0221261589, 17.07231071986, 20.02214471443, 17.07231843851, 20.02077160197, 17.07231457929, 20.02212681182, 17.07231071997, 0, 20.02214546106, 17.07231843862, 0.0004163683349555, 0, -0.1937646463143, 0.0002807911480444, 0.2048147914054, 0.0002807911480444, 0.7873951448763, 0.7875687593761, -0.7872476283688, -0.7874312431292, 7.705111308919e-05, 4.644954894604e-05, 0.7875882121225, 0.7875464482774, 0, -0.7874564927623, -0.7874535491795, -0, -0, -0, -0, 0.001978256330142, 0.394031773368, 0.3912986205402, 0.3940763586111, 0, 0.3912653594914, 0.393987188125
1.475, 0.1952358855848, -0.1936200063903, -0.2033995386595, -0.1934433353679, -0.05203852240766, -0.0008238527613544, 0.01875707063523, -0.00219423953178, 0, -77.32093538242, 1613.301247032, -113.9334035551, -1438.325570147, 7589.726690035, 3195.605077404, 7593.352000364, 3195.589481577, 62.28643752657, 99.50432033611, 96.63644589851, 54.72763092611, -239.8961067464, -3.581655088585, 232.1295107308, -4.285199196364, 5368.634441503, 3979.171624798, 5394.46116516, 4016.72864556, 3, -6.916348973861, -85.04320551343, 7.005577534768, 83.38963703847, -0.7145684543694, 1.665527447686, -0.6769838455516, 1.680049983759, 0, 0, 0.2017640921292, -0, -0, -0, -0, -0, 0.2017640901217, 0.003249785224913, 0, 0, 0, 0, 0, 0.002721649429404, 0.00324980537465, -0.0269939340973, 0.002721632554387, 0.0319753867217, 0.002721632554387, 8.248093955929, 8.249161051014, 8.248100645421, 8.249180010027, 20.36607522387, -0.1955091647572, 0.2032850944438, 0, 1, 49.72848602419, 50, 49.72852821226, -6.625591564336e-05, 0, 0, 0, 0, 0, 0, 0, 0, 20.36743124616, 17.41761391669, 20.36744525496, 17.41762324268, 20.36607522387, 17.4176185798, 20.36743187395, 17.4176139168, 0, 20.36744603041, 17.41762324279, 0.0003065831353072, 0, -0.1951087308536, 0.0003392636532451, 0.2034803445458, 0.0003392636532451, 0.7874114554524, 0.7875745805222, -0.7872306818708, -0.7874254212271, 9.471680122235e-05, 5.586236862829e-05, 0.7875958113261, 0.7875558614664, 0, -0.7874490298972, -0.7874441367291, -0, 5.551115123126e-17, -0, -0, 0.001977922098637, 0.3940359554615, 0.3913054656523, 0.3940733628526, 0, 0.3912540004962, 0.3939985480703
1.5, 0.1948560156295, -0.1932212215257, -0.203888561458, -0.1930460498123, -0.05284550702143, -0.0008031756643004, 0.02053796062549, 0.01036534899553, 0, -82.57169020272, 1768.023183054, -109.07564074, -1410.863507746, 7588.438510914, 3195.542239899, 7594.875126196, 3196.657889522, 60.69347575183, 97.80015576116, 94.74110244556, 53.10384681996, -239.9474740892, -3.624360935568, 232.6690802231, -4.340504150922, 5367.374765285, 3974.058206522, 5398.077402823, 4014.730456558, 3, -6.981206127657, -84.18625215738, 7.290337970113, 83.56040423131, -0.7287985862137, 1.660089376642, -0.6614951551876, 1.707853448217, 0, 0, 0.201742348971, -0, -0, -0, -0, -0, 0.2017423418208, 0.004684457074738, 0, 0, 0, 0, 0, 0.002947401143496, 0.004684486113654, -0.02588941629605, 0.002947382872692, 0.03308381910344, 0.002947382872692, 8.388075719003, 8.389254552107, 8.388080392515, 8.389275131137, 20.71144558116, -0.1955016827799, 0.2032903686133, 0, 1, 49.73809290322, 50, 49.73811626576, -0.0003883828009885, 0, 0, 0, 0, 0, 0, 0, 0, 20.71280303347, 17.76298537461, 20.71281382119, 17.76299387006, 20.71144558116, 17.76298962244, 20.71280363595, 17.76298537472, 0, 20.71281462301, 17.76299387017, 0.0001804208697148, 0, -0.1952313078769, 0.000309049706232, 0.2033555682327, 0.000309049706232, 0.7874240378492, 0.7875853185756, -0.7872180135254, -0.7874146834854, 0.0001089629463058, 6.504736610637e-05, 0.7876008515189, 0.7875650463127, 0, -0.7874439264658, -0.7874349515805, -0, -0, 5.551115123126e-17, -0, 0.001974945236875, 0.3940430386588, 0.3913079784485, 0.394083548868, 0, 0.3912467925394, 0.3940025284497
1.525, 0.1937858343318, -0.1674616185982, -0.2049814328567, -0.1673301382688, -0.04771239422488, -0.001184149167277, 0.03314325801716, -0.007256129234472, 0, 7.923017582748, 2000, -194.9776492399, -2000, 7587.670291621, 3197.934467554, 7596.286758466, 3194.436257135, 62.64584768129, 95.96485915009, 88.69407922445, 52.57710736578, -239.6734609224, -7.694343652608, 233.6883533349, -8.713104023645, 5367.562306646, 3939.7076075, 5400.096405279, 4049.191471787, 3, -6.8592173711, -73.28894579108, 7.246928286045, 72.64662862587, -0.7375662208581, 1.718045164258, -0.6470824839411, 1.655815879082, 0, 0, 0.2017801893002, -0, -0, -0, -0, -0, 0.2017802143794, 0.005670789892794, 0, 0, 0, 0, 0, 0.007933981166142, 0.005670825059168, -0.02530201679199, 0.007933931965291, 0.03356721238377, 0.007933931965291, 8.528079855667, 8.529369525485, 8.52808510092, 8.529392090952, 21.05688092992, -0.1916844799642, 0.2070928014994, 0, 1, 49.74737861664, 50, 49.74740138408, -0.0006202338282031, 0, 0, 0, 0, 0, 0, 0, 0, 21.05823746074, 18.10842739486, 21.0582506154, 18.10842363848, 21.05688092992, 18.10842551654, 21.05823803837, 18.10842739473, 0, 21.0582514437, 18.10842363835, 7.239507701568e-05, 0, -0.1915241577679, -0.0001366508317175, 0.2070482772026, -0.0001366508317175, 0.7874291186559, 0.7876327786965, -0.7872134171274, -0.7873672363992, 0.000116326091231, 7.820674947544e-05, 0.7876019205106, 0.7875781991971, 0, -0.7874426285105, -0.7874217856982, -0, -0, -0, -0, 0.001969926591053, 0.394042925426, 0.3913076066523, 0.3941519730986, 0, 0.3912427687029, 0.3939338777535
1.55, 0.1934118732105, -0.1959500163524, -0.2053958955888, -0.1957719635519, -0.053540020166, -0.0006087100341577, 0.02488171383904, -0.00121708060015, 0, -61.08008524893, 1862.568923199, -126.582991391, -1672.982359917, 7586.849273688, 3194.746222972, 7598.01130362, 3196.962554713, 56.97336364477, 94.51561877193, 90.40357715939, 49.39582527075, -239.1387725315, -3.216372404761, 234.6643133314, -3.888555960088, 5370.169443068, 3973.596663914, 5399.904118056, 4022.363544418, 3, -6.381401793339, -85.30436322437, 6.881093193919, 83.01571525639, -0.7468616656282, 1.641200513774, -0.6292908834683, 1.721197050535, 0, 0, 0.2018841499798, -0, -0, -0, -0, -0, 0.2018841356217, 0.006443271304739, 0, 0, 0, 0, 0, 0.003533995794041, 0.0064433113027, -0.02450784846262, 0.003533973856159, 0.03419579264567, 0.003533973856159, 8.66810931445, 8.669506248066, 8.668109368513, 8.669526775223, 21.40237884005, -0.1954329679077, 0.2033235692219, 0, 1, 49.75630525614, 50, 49.75638269508, -0.0003351808713983, 0, 0, 0, 0, 0, 0, 0, 0, 21.40374100381, 18.45392166472, 21.40374433455, 18.45392464901, 21.40237884005, 18.45392315691, 21.4037415748, 18.45392166477, 0, 21.40374516224, 18.45392464906, -0.0001117967998825, 0, -0.1954596131956, 0.0001085633514423, 0.2030925565561, 0.0001085633514423, 0.787432936794, 0.7876015074164, -0.7872103933175, -0.7873984955767, 0.0001196707601292, 7.720199085738e-05, 0.7876003125617, 0.7875772004915, 0, -0.787443897203, -0.7874227965098, -0, -0, -0, -0, 0.001963276573093, 0.3940358954573, 0.3913024155115, 0.3940844680474, 0, 0.3912431492069, 0.3939873228673
1.575, 0.1951482009792, -0.187724440963, -0.2036554532259, -0.1875609557846, -0.05225277753442, -0.0007119475978339, 0.03097300048827, -0.01212975989496, 0, 6.445225431375, 2000, -193.3305555976, -2000, 7586.983827846, 3195.351199621, 7599.001678521, 3195.966370622, 57.42962114187, 93.31348682879, 85.99507359549, 47.74936703787, -238.7556778909, -4.840097056492, 235.6704141518, -5.578622648538, 5372.562419611, 3963.146951543, 5400.203272457, 4032.429234148, 3, -5.971760971458, -82.30296087588, 6.523115493876, 79.34081135197, -0.7461083652798, 1.655299821086, -0.6191468454148, 1.699725954499, 0, 0, 0.202121002775, -0, -0, -0, -0, -0, 0.202120991446, 0.006636336742676, 0, 0, 0, 0, 0, 0.005020688140195, 0.006636378035853, -0.02433331455391, 0.005020656900242, 0.03414759399064, 0.005020656900242, 8.808158295879, 8.809660066455, 8.808156654078, 8.809682067193, 21.74793590889, -0.194244111644, 0.2044850354157, 0, 1, 49.76486901433, 50, 49.76498742812, 7.556645614898e-05, 0, 0, 0, 0, 0, 0, 0, 0, 21.74930084531, 18.79948308339, 21.74930191254, 18.79947923804, 21.74793590889, 18.79948116063, 21.74930140919, 18.79948308331, 0, 21.74930274322, 18.79947923795, -0.00025146862755, 0, -0.1944109383737, -0.0001398874721344, 0.2041143901594, -0.0001398874721344, 0.7874292543509, 0.7876163251216, -0.787215169712, -0.7873836809205, 0.0001161049158494, 8.179388615739e-05, 0.7875954361295, 0.7875817908604, 0, -0.7874483441061, -0.7874182030881, -0, -0, -0, -0, 0.001955153200741, 0.3940362771867, 0.3912976491345, 0.394105283444, 0, 0.3912425534782, 0.3939672709294
1.6, 0.1940356471306, -0.173439437741, -0.2048019593715, -0.1732992171864, -0.04964484801863, -0.0009169414673297, 0.03236500271672, -0.01006233857276, 0, -9.675372529424, 2000, -165.6926552305, -2000, 7587.39215175, 3195.872424907, 7599.895310253, 3195.383821073, 55.61817214609, 91.13275509504, 83.63277180935, 47.09935635662, -239.3152634109, -6.389052641731, 235.6365055155, -7.2921162546, 5373.188014923, 3950.731430331, 5402.231551888, 4035.806279491, 3, -6.417300794582, -77.25105556179, 7.104813105449, 73.20995935114, -0.7424628015826, 1.666231520542, -0.6099798275553, 1.687609615894, 0, 0, 0.202483103335, -0, -0, -0, -0, -0, 0.2024830966406, 0.006942565191744, 0, 0, 0, 0, 0, 0.006165130234132, 0.006942608545282, -0.0240544057052, 0.006165091735607, 0.03415134865551, 0.006165091735607, 8.94822737371, 8.949831971903, 8.948224462961, 8.949855773092, 22.09354968956, -0.1928484123734, 0.2058469329677, 0, 1, 49.77307977887, 50, 49.77323686971, 0.0003871155080914, 0, 0, 0, 0, 0, 0, 0, 0, 22.09491824514, 19.14510246465, 22.09491711413, 19.14509245119, 22.09354968956, 19.14509745765, 22.09491879899, 19.14510246438, 0, 22.09491794981, 19.14509245092, -0.00040470133656, 0, -0.1931692989427, -0.0003642725985257, 0.2053228395954, -0.0003642725985257, 0.7874268129958, 0.7876293053291, -0.7872189937435, -0.7873707037568, 0.0001139708589664, 8.690106105808e-05, 0.787591089485, 0.7875868964863, 0, -0.7874521913502, -0.7874130943642, -0, -5.551115123126e-17, -0, -0, 0.001946113671521, 0.3940452788844, 0.3912964037331, 0.3941300147894, 0, 0.3912385130664, 0.3939605429793
1.625, 0.1940105511281, -0.1821808947513, -0.20480873124, -0.1820262678665, -0.05147218044936, -0.0008548178317483, 0.03160231290584, -0.01196261434612, 0, -37.10165462899, 2000, -138.0454962147, -2000, 7587.726835453, 3195.064362695, 7600.925782367, 3196.026397594, 52.47350754501, 89.67720282558, 83.04659935465, 45.11138141848, -239.7148158659, -5.62710065553, 235.6151420389, -6.468400026282, 5372.73381138, 3952.701707161, 5404.872328254, 4025.537508775, 3, -6.408481734976, -81.23095201973, 7.122121339934, 76.52042315392, -0.7395452170623, 1.645547181925, -0.5993333143422, 1.705139235544, 0, 0, 0.2028482865867, -0, -0, -0, -0, -0, 0.202848270611, 0.007445397010623, 0, 0, 0, 0, 0, 0.005278201697396, 0.007445443672001, -0.02345220217821, 0.005278168618357, 0.0344640909133, 0.005278168618357, 9.088317059446, 9.09002226988, 9.0883108954, 9.090045979179, 22.43921921145, -0.1938307121183, 0.2048307674801, 0, 1, 49.78093731224, 50, 49.78110122443, 0.0003506042915777, 0, 0, 0, 0, 0, 0, 0, 0, 22.44059332688, 19.4907748663, 22.44058614506, 19.49076322674, 22.43921921145, 19.49076904625, 22.4405938701, 19.49077486603, 0, 22.44058698349, 19.49076322647, -0.0005781700673268, 0, -0.1943270559359, -0.0004234272519411, 0.2041318796553, -0.0004234272519411, 0.7874274604474, 0.7876264815335, -0.787219796336, -0.7873735251065, 0.0001140651556978, 9.017744096193e-05, 0.7875876246243, 0.787590174078, 0, -0.7874551263115, -0.787409819196, -0, -0, -0, -5.551115123126e-17, 0.001937163902884, 0.3940535449256, 0.391297310226, 0.3941260905445, 0, 0.3912332512779, 0.3939809993068
1.65, 0.1934623870209, -0.1916493941261, -0.2053119327777, -0.1914788327814, -0.05306036467957, -0.0006469142913319, 0.02754786625351, -0.002959551811666, 0, -71.40889369196, 1938.535761813, -107.1272238563, -1791.051589477, 7587.979893739, 3193.807357192, 7602.007780085, 3197.128908582, 49.05869479331, 87.59655136302, 82.98311903228, 42.96059032788, -239.7476493263, -3.828687723556, 235.8566132515, -4.569834488045, 5373.196126589, 3963.723257555, 5405.87108281, 4011.679921241, 3, -6.335398889689, -84.0145262995, 7.014973922104, 81.09674162976, -0.7374454892733, 1.614029265834, -0.5881030554961, 1.73328945077, 0, 0, 0.2030935489056, -0, -0, -0, -0, -0, 0.2030935278572, 0.007812482144926, 0, 0, 0, 0, 0, 0.003475281967238, 0.007812531225351, -0.02296154061526, 0.003475260134586, 0.03466755048753, 0.003475260134586, 9.228426033734, 9.230229774882, 9.228416260928, 9.230252876054, 22.78494356399, -0.1952949781532, 0.2033342833222, 0, 1, 49.78846493053, 50, 49.78856308211, -0.0001901162980765, 0, 0, 0, 0, 0, 0, 0, 0, 22.78632272111, 19.83650018519, 22.78630888738, 19.8364887255, 22.78494356399, 19.83649445517, 22.78632325745, 19.83650018502, 0, 22.78630972385, 19.83648872533, -0.0007516457707667, 0, -0.195966448129, -0.0004168838632118, 0.2024610453588, -0.0004168838632118, 0.7874264785054, 0.7876151741157, -0.7872222211229, -0.7873848287398, 0.0001123395841136, 9.127130447772e-05, 0.7875832913801, 0.787591269835, 0, -0.787458939195, -0.7874087272261, -0, -0, -5.551115123126e-17, -0, 0.001929050859969, 0.394056370611, 0.3912963906367, 0.3941041362122, 0, 0.3912312608893, 0.3940086050098
1.675, 0.1963229850063, -0.1783180654161, -0.2023403163948, -0.1781703969863, -0.04962872559813, -0.0009369595891505, 0.03196878685232, -0.009093473126307, 0, 55.3509774833, 2000, -236.7074855189, -2000, 7588.664917658, 3195.719879677, 7602.573434154, 3194.446974554, 52.19683133711, 86.90811376354, 76.6769595482, 41.7645349484, -239.2505949585, -7.099995450719, 236.7869648107, -8.152666862385, 5374.520485499, 3939.338276678, 5405.669230753, 4042.742580518, 3, -5.774180075361, -77.71015814614, 6.303039277797, 76.01349277339, -0.7307537817851, 1.663358768464, -0.5822440923234, 1.668412074198, 0, 0, 0.2032587883043, -0, -0, -0, -0, -0, 0.2032587863809, 0.007677143625495, 0, 0, 0, 0, 0, 0.007493413571947, 0.007677191934195, -0.02301211737045, 0.007493366419673, 0.03434184161854, 0.007493366419673, 9.368552255176, 9.370453074635, 9.368541282808, 9.370476601287, 23.13072017421, -0.1932172308286, 0.2053818669603, 0, 1, 49.79569879016, 50, 49.79575721127, -0.0004404205047777, 0, 0, 0, 0, 0, 0, 0, 0, 23.13210081994, 20.18228308763, 23.13208634928, 20.18225894591, 23.13072017421, 20.18227101598, 23.13210135207, 20.18228308684, 0, 23.13208718581, 20.18225894512, -0.0008663575802423, 0, -0.1940031562263, -0.000878234136829, 0.2043949874117, -0.000878234136829, 0.7874193889496, 0.7876492125512, -0.7872307026693, -0.7873508007335, 0.0001048789004777, 9.767054348085e-05, 0.7875765461905, 0.7875976637161, 0, -0.787465196939, -0.7874023226291, -0, -0, -0, -0, 0.00192166261199, 0.3940497168918, 0.3912937523331, 0.3941527092254, 0, 0.3912316643243, 0.3939467245581
1.7, 0.1942963036371, -0.1916982860578, -0.2043605851219, -0.1915277563628, -0.05229500589923, -0.0005647396293063, 0.03063705531407, -0.01169776971372, 0, -45.96356059954, 2000, -133.2353715401, -1995.897288637, 7588.998544125, 3193.243064744, 7603.377503502, 3196.545896811, 46.79877490208, 85.03104237858, 79.19249395972, 40.02916260082, -239.4297149846, -3.649817133612, 236.7220316374, -4.375593858841, 5376.949369147, 3970.019616635, 5404.580374015, 4014.856132567, 3, -6.076110111686, -83.69147697013, 6.636536832918, 81.11798184845, -0.7277219390463, 1.6016943382, -0.5738585643781, 1.721641737477, 0, 0, 0.2034234465272, -0, -0, -0, -0, -0, 0.2034234267352, 0.007611365726339, 0, 0, 0, 0, 0, 0.003249173869052, 0.007611413698759, -0.02291916092806, 0.003249153390504, 0.03418432466145, 0.003249153390504, 9.508697299356, 9.510692358892, 9.508682807184, 9.51071572546, 23.47654603347, -0.1952676533388, 0.2033028346429, 0, 1, 49.80265783927, 50, 49.80275034284, -7.652605350293e-05, 0, 0, 0, 0, 0, 0, 0, 0, 23.4779314132, 20.52810695607, 23.47790981649, 20.52808778861, 23.47654603347, 20.52809737207, 23.47793194924, 20.5281069558, 0, 23.47791064004, 20.52808778834, -0.00103482392948, 0, -0.1962223239262, -0.0006972792639713, 0.2021479379547, -0.0006972792639713, 0.7874136124928, 0.7876154023378, -0.7872377463818, -0.7873846000781, 9.818561455708e-05, 9.305534888092e-05, 0.7875701329479, 0.7875930540243, 0, -0.7874711664148, -0.7874069433266, -0, -0, 5.551115123126e-17, -0, 0.001914624304996, 0.3940469358712, 0.3912889141744, 0.3940915937555, 0, 0.3912338340044, 0.3940022779869
1.725, 0.1990995784238, -0.1497026123383, -0.1993751702106, -0.149598330239, -0.04155187356615, -0.001238601855667, 0.03472855003645, 0.004195042801053, 0, 178.4270657806, 2000, -363.7780095566, -2000, 7590.208135068, 3197.647986535, 7603.224360075, 3191.846014093, 53.02527911283, 81.77050481442, 69.67467190777, 40.15344485427, -239.0840633782, -10.05394518559, 237.573864406, -11.79770516612, 5377.801852063, 3914.124102887, 5405.400695201, 4067.913829484, 3, -4.775250885202, -59.98010446205, 5.032976927423, 69.27338949578, -0.7154493591261, 1.7135911804, -0.5754935873945, 1.60266074305, 0, 0, 0.2036825679075, -0, -0, -0, -0, -0, 0.2036826307063, 0.007110346018041, 0, 0, 0, 0, 0, 0.01114470098469, 0.00711039094691, -0.02323525167163, 0.01114463056393, 0.03363027419516, 0.01114463056393, 9.648857719034, 9.650946798255, 9.648842746314, 9.650969891483, 23.8224182427, -0.192565580422, 0.2059817340938, 0, 1, 49.80935622976, 50, 49.80915915169, -0.001467486018638, 0, 0, 0, 0, 0, 0, 0, 0, 23.82380472168, 20.8739905304, 23.82378451557, 20.87395049294, 23.8224182427, 20.87397050972, 23.82380525779, 20.87399052845, 0, 23.82378533627, 20.87395049099, -0.001094036258902, 0, -0.1935782229544, -0.001456493486296, 0.204769459409, -0.001456493486296, 0.7874035124252, 0.7876793101811, -0.7872490628668, -0.7873207191045, 8.724268093896e-05, 0.0001026487234651, 0.7875621908759, 0.7876026335718, 0, -0.7874786986939, -0.7873973361248, -0, -0, -0, -0, 0.001907646418478, 0.3940497555613, 0.3912872151319, 0.3942029325769, 0, 0.3912322021376, 0.3938965785456
1.75, 0.1964989104691, -0.1598471610881, -0.2019206125346, -0.1597285540411, -0.04228587870885, -0.001124410456856, 0.03399928606244, -0.0016280464097, 0, 150.7578223933, 2000, -338.7305419939, -2000, 7591.113501023, 3197.422547019, 7603.356951544, 3191.170021642, 50.47052794333, 81.98267799862, 69.85755032581, 38.79624171799, -238.863612062, -9.360261229356, 237.9838097142, -10.98330396613, 5381.226577341, 3912.497819765, 5403.557656036, 4065.75029059, 3, -4.706346661944, -66.50483643129, 4.904525386603, 70.50309765032, -0.7063242616202, 1.712904726207, -0.5741280649392, 1.584826579912, 0, 0, 0.2040681368455, -0, -0, -0, -0, -0, 0.204068209099, 0.006447792811693, 0, 0, 0, 0, 0, 0.01110576786469, 0.006447833708416, -0.02372553921832, 0.01110569742401, 0.03291302879137, 0.01110569742401, 9.789034737689, 9.791217106799, 9.789018880488, 9.79123798882, 24.1683347872, -0.1919574212029, 0.2065627829742, 0, 1, 49.81583671055, 50, 49.81578430534, -0.0004067897064834, 0, 0, 0, 0, 0, 0, 0, 0, 24.16972465574, 21.21991054654, 24.16970301084, 21.21986678777, 24.1683347872, 21.21988866503, 24.16972520167, 21.21991054441, 0, 24.169703816, 21.21986678565, -0.00117957008776, 0, -0.1930536967031, -0.001591868293962, 0.2052673100036, -0.001591868293962, 0.7873917238283, 0.7876762411809, -0.7872619942279, -0.787323787798, 7.464040893966e-05, 9.984690630136e-05, 0.7875537477363, 0.787599831809, 0, -0.7874867346285, -0.7874001379964, -0, -0, 5.551115123126e-17, -0, 0.001900835925033, 0.3940535303363, 0.3912803915984, 0.3942061722367, 0, 0.3912358763738, 0.393900888436
1.775, 0.2048143988999, -0.009255862229654, -0.1936328726638, -0.009255524923566, -0.004598778500622, -0.0006184844932094, 0.04727340530209, 0.006335153202135, 0, 241.5403613292, 2000, -430.4014574135, -2000, 7592.35736049, 3195.522644909, 7603.07241861, 3192.613356213, 55.03995563532, 63.60214144891, 63.36735235634, 54.37772353959, -237.9638412426, -5.983456375113, 239.1263114945, -6.816777978146, 5384.708056036, 3935.696789522, 5401.145231973, 4034.586072041, 3, -0.8808859808694, -3.154460720589, 1.183724432032, 4.361138991604, -0.6935874277261, 1.667870385232, -0.5771404198367, 1.619825953621, 0, 0, 0.2044348246262, -0, -0, -0, -0, -0, 0.2044348421149, 0.00541891440765, 0, 0, 0, 0, 0, 0.007166223442456, 0.00541894890209, -0.02377783723979, 0.007166177825693, 0.03262978121456, 0.007166177825693, 9.929232409823, 9.931501300498, 9.929206421037, 9.931521484563, 24.51429568622, -0.2026723824343, 0.1958283498821, 0, 1, 49.82208399344, 50, 49.82209576647, -2.491368276256e-05, 0, 0, 0, 0, 0, 0, 0, 0, 24.5156967729, 21.56587074422, 24.51565776496, 21.56583167391, 24.51429568622, 21.56585120784, 24.5156973506, 21.565870743, 0, 24.51565852116, 21.56583167268, -0.001255918259503, 0, -0.2038447415843, -0.001421310492273, 0.194457262747, -0.001421310492273, 0.7873816542831, 0.7876393180879, -0.7872732725396, -0.7873606937466, 5.858136379941e-05, 9.002556361482e-05, 0.7875440323551, 0.7875900191617, 0, -0.7874960817213, -0.7874099680345, -0, 5.551115123126e-17, -0, -0, 0.001894918260035, 0.3940614681712, 0.3912734562344, 0.3941599634717, 0, 0.3912406831049, 0.3939629728707
1.8, 0.2076180647527, -0.006601317570504, -0.1909493038578, -0.006601132503323, -0.003730562557667, -0.000606417332802, 0.04701142512031, -0.00500004288014, 0, 258.2648039157, 2000, -443.9040319853, -2000, 7593.6661881, 3195.281623025, 7602.61675604, 3192.435129529, 55.31858727875, 64.53827063798, 62.11739893178, 56.20799576576, -238.1194159971, -5.740545101657, 239.025663647, -6.567415124121, 5386.857531508, 3940.53081162, 5399.47645638, 4024.70973901, 3, 0.3439845336851, -7.726810360765, 0.2406304710567, -1.879686630423, -0.6801025858505, 1.661249771858, -0.5819574383255, 1.616545539224, 0, 0, 0.204721952271, -0, -0, -0, -0, -0, 0.2047219661233, 0.004474379735712, 0, 0, 0, 0, 0, 0.006100206201516, 0.004474408297719, -0.02437360452182, 0.006100167261361, 0.03183482553974, 0.006100167261361, 10.06944145664, 10.07179899686, 10.06941400634, 10.07182006774, 24.86030020984, -0.2033851566676, 0.1950964081006, 0, 1, 49.82812076939, 50, 49.82840014339, 0.001454752158935, 0, 0, 0, 0, 0, 0, 0, 0, 24.86170448716, 21.91187688816, 24.86166307418, 21.91183703304, 24.86030020984, 21.91185695954, 24.86170508152, 21.91187688709, 0, 24.86166380903, 21.91183703198, -0.001297961881883, 0, -0.2045973211895, -0.001449860164802, 0.1936859513197, -0.001449860164802, 0.7873697668865, 0.7876265309698, -0.7872861882986, -0.7873734774526, 4.487520637791e-05, 8.457128586032e-05, 0.7875362116043, 0.7875845665704, 0, -0.7875035710628, -0.7874154239987, -0, -0, -0, -0, 0.001890113160193, 0.394066491242, 0.3912691727016, 0.3941503347947, 0, 0.3912440104123, 0.3939826476893
1.825, 0.2109484850096, 0.1209799101555, -0.1875940194422, 0.1210478590839, 0.02658468406221, -0.0005951455341207, 0.05994626911309, -0.009078564507314, 0, 261.3041944026, 2000, -446.8986719257, -2000, 7594.83219905, 3194.008748168, 7602.173987767, 3193.154698949, 57.18117288159, 49.82973465597, 58.35792346912, 69.69616006393, -238.9753968581, -4.857831496015, 238.2825565757, -5.603542312554, 5384.860259338, 3955.205309465, 5401.754229349, 4009.255164128, 3, 1.85362007718, 45.16693734023, -1.281946353426, -56.71269166916, -0.6680586768184, 1.629387426499, -0.5866563269049, 1.63599402801, 0, 0, 0.2049343214011, -0, -0, -0, -0, -0, 0.2049343200868, 0.004157079889204, 0, 0, 0, 0, 0, 0.003916838500193, 0.004157106480825, -0.02408489279302, 0.003916813445486, 0.03196053303495, 0.003916813445486, 10.20966807963, 10.21211000397, 10.20963459933, 10.21213343863, 25.20634691406, -0.2100978856288, 0.1883664273251, 0, 1, 49.83397053337, 50, 49.83428964415, 0.001621765999039, 0, 0, 0, 0, 0, 0, 0, 0, 25.20775810069, 22.25792277231, 25.2077058224, 22.25788583291, 25.20634691406, 22.25790430198, 25.20775870744, 22.25792277168, 0, 25.20770653431, 22.25788583227, -0.001349009054252, 0, -0.2113620857208, -0.001343791625611, 0.1869043145202, -0.001343791625611, 0.7873677809817, 0.7876077083751, -0.7872890033327, -0.7873922948719, 3.93668726826e-05, 8.076780439265e-05, 0.7875322557203, 0.7875807657477, 0, -0.78750724204, -0.7874192301389, -0, -0, -0, 5.551115123126e-17, 0.001886167047619, 0.3940672695238, 0.3912731521648, 0.3941211040403, 0, 0.3912394725388, 0.3940134350074
1.85, 0.2095584134944, 0.001422542063323, -0.1889229383507, 0.001422541131285, -0.002467724044775, -0.0008823132455759, 0.0473500578764, -0.005571631545277, 0, 259.546696769, 2000, -444.6106724595, -2000, 7595.501469029, 3194.630428493, 7602.109299187, 3191.755328377, 54.05055783017, 62.43614640927, 59.3312706849, 55.46664452794, -239.855754041, -6.686223780723, 237.5218477646, -7.568598381985, 5382.466736472, 3943.204633931, 5404.635084614, 4024.282225751, 3, -0.1303634438211, -5.522195061394, 0.6002657456802, -4.579086985157, -0.6611843077072, 1.646179059286, -0.5873955777742, 1.60233697209, 0, 0, 0.2051084716918, -0, -0, -0, -0, -0, 0.2051084847764, 0.00428099134565, 0, 0, 0, 0, 0, 0.005875461422787, 0.004281018776458, -0.02423612828771, 0.005875423775515, 0.03167309979493, 0.005875423775515, 10.34990409822, 10.3524351304, 10.34987532024, 10.35245963788, 25.55243407826, -0.203147662313, 0.1953027493046, 0, 1, 49.83963861644, 50, 49.83991787814, 0.001387090875612, 0, 0, 0, 0, 0, 0, 0, 0, 25.55384207721, 22.60401256201, 25.55379857902, 22.6039707678, 25.55243407826, 22.60399166383, 25.55384266776, 22.60401256093, 0, 25.55379931062, 22.60397076673, -0.001371775257514, 0, -0.2044339716876, -0.001520401066703, 0.1938188490248, -0.001520401066703, 0.7873654416937, 0.787624141345, -0.7872920372396, -0.7873758663815, 3.906391837167e-05, 8.372796962829e-05, 0.7875309513026, 0.7875837235519, 0, -0.7875083099842, -0.7874162676126, -0, 5.551115123126e-17, -0, -0, 0.001882618839309, 0.3940642540439, 0.3912779197027, 0.3941450086171, 0, 0.391233734874, 0.3939834994708
1.875, 0.210235079063, 0.1068488987871, -0.1881826370439, 0.1069014182283, 0.02253074491507, -0.0008568971821491, 0.0584490483618, -0.001149336203682, 0, 252.1963940975, 2000, -437.2239708761, -2000, 7595.582514276, 3193.418208609, 7602.559455917, 3192.234587259, 54.13518686993, 48.62986299676, 56.66143856979, 64.83523289045, -240.4265172709, -6.020338380586, 237.1366250638, -6.780711089503, 5380.159586419, 3951.43387531, 5407.786554287, 4018.305302336, 3, 0.8251785879419, 42.29886534838, -0.4551550246802, -46.60683077032, -0.6604624194104, 1.617005440614, -0.58272455352, 1.615896823666, 0, 0, 0.2052851877164, -0, -0, -0, -0, -0, 0.2052851879893, 0.004805632453812, 0, 0, 0, 0, 0, 0.004845981309237, 0.004805663299385, -0.02342320102063, 0.004845950204879, 0.03237236005203, 0.004845950204879, 10.49015927138, 10.49277284335, 10.49012533919, 10.49279927626, 25.89855994512, -0.2086139041328, 0.1898234275051, 0, 1, 49.84513259323, 50, 49.84526566144, 0.0005759362372087, 0, 0, 0, 0, 0, 0, 0, 0, 25.89997366607, 22.95013765318, 25.89992116809, 22.95009787123, 25.89855994512, 22.95011776136, 25.89997425223, 22.95013765233, 0, 25.89992189448, 22.95009787038, -0.001426609601496, 0, -0.2099579222276, -0.001447198628896, 0.1882820575603, -0.001447198628896, 0.7873705724815, 0.787617146541, -0.7872874717059, -0.7873828585899, 4.235077144954e-05, 8.38150827965e-05, 0.787530532397, 0.7875838120149, 0, -0.787508515718, -0.7874161818493, -0, -0, -0, -0, 0.00187908623943, 0.3940620113618, 0.3912825179277, 0.3941286163686, 0, 0.3912274543784, 0.3939954063551
1.9, 0.2096120878893, 0.05040914820129, -0.1888406122067, 0.05042077213297, 0.00890822669044, -0.0008815392767285, 0.05279709196634, -0.001800816775641, 0, 259.2022209357, 2000, -443.5762037681, -2000, 7595.362355578, 3193.459995402, 7603.294956864, 3191.7810434, 52.63080964944, 54.54139238293, 56.58558441786, 58.52844478486, -240.3337413244, -6.383982748202, 237.355974255, -7.205769754258, 5380.190745706, 3944.522756557, 5408.77761403, 4023.578143118, 3, 0.3124139107559, 17.07326887943, 0.1506043729076, -24.0875742199, -0.6628979476887, 1.618291563202, -0.5750346791672, 1.605153808652, 0, 0, 0.2054794681987, -0, -0, -0, -0, -0, 0.2054794720218, 0.00525109265302, 0, 0, 0, 0, 0, 0.005728918119416, 0.005251126421664, -0.02318186768488, 0.005728881278216, 0.03249642515039, 0.005728881278216, 10.63042501816, 10.63312371843, 10.63039220318, 10.63315078601, 26.24472310901, -0.2058122878221, 0.1926137863298, 0, 1, 49.85044930537, 50, 49.8506579391, 0.001064551876609, 0, 0, 0, 0, 0, 0, 0, 0, 26.24613683869, 23.29630265351, 26.24608699524, 23.29626059173, 26.24472310901, 23.29628162157, 26.24613741121, 23.29630265245, 0, 26.24608773504, 23.29626059068, -0.001471354622384, 0, -0.2072018209137, -0.00153013471037, 0.1910271377821, -0.00153013471037, 0.7873703360053, 0.7876242466891, -0.7872883063758, -0.7873757606223, 4.334704666849e-05, 8.484146052134e-05, 0.7875286478285, 0.7875848372432, 0, -0.7875101963707, -0.7874151543221, -0, -0, -0, -5.551115123126e-17, 0.001875446154981, 0.3940636425524, 0.3912824565277, 0.3941423829769, 0, 0.3912254796766, 0.3939849021279
1.925, 0.2094143940015, 0.06146519699745, -0.1890408206398, 0.06148267549061, 0.01124226302686, -0.0008216530814864, 0.05401805153694, -0.004479426613551, 0, 257.439447741, 2000, -439.4723205897, -2000, 7595.11679371, 3193.013699568, 7604.078468575, 3192.008189412, 51.89272977102, 52.96439865792, 55.71466616587, 59.46530683612, -240.1807537758, -6.051558947982, 237.6476989329, -6.855337285529, 5380.889760016, 3944.375132719, 5409.009883475, 4019.367503178, 3, 0.598296704892, 20.58142341405, -0.1029970476502, -30.27291728131, -0.6656031021173, 1.606510794205, -0.5668123631709, 1.611422172549, 0, 0, 0.2056888852731, -0, -0, -0, -0, -0, 0.2056888839174, 0.005613062995622, 0, 0, 0, 0, 0, 0.005434483017665, 0.005613099165632, -0.02284054673554, 0.005434447998632, 0.03271930335844, 0.005434447998632, 10.77070541371, 10.77348649213, 10.77067098002, 10.77351487833, 26.59092241693, -0.2064614255749, 0.1919516113248, 0, 1, 49.85559645909, 50, 49.85587431023, 0.001477926075352, 0, 0, 0, 0, 0, 0, 0, 0, 26.59233882629, 23.64250307857, 26.59228650935, 23.64246078989, 26.59092241693, 23.64248193323, 26.59233939231, 23.64250307757, 0, 26.59228725139, 23.64246078889, -0.00153317311212, 0, -0.2079139240939, -0.001538389094221, 0.1903022242467, -0.001538389094221, 0.787368927805, 0.7876205545114, -0.787290307767, -0.7873794520055, 4.197374827221e-05, 8.317429448501e-05, 0.7875249081435, 0.7875831704683, 0, -0.7875137193494, -0.7874168218793, -0, -0, -0, -0, 0.001871765655773, 0.3940679836498, 0.3912810650052, 0.3941426772456, 0, 0.3912250161224, 0.3939932900541
1.95, 0.2083138767074, -0.01341509494765, -0.1900846433423, -0.0134142277318, -0.007241651093484, -0.0008855309257914, 0.04587717922057, 0.0008007543703957, 0, 259.0771008664, 2000, -442.0109393517, -2000, 7595.011041494, 3193.150169261, 7604.725549946, 3191.374332964, 49.60306015599, 59.42067023337, 55.54511720173, 49.30569920635, -240.0981216747, -6.765398900563, 237.9125615997, -7.707757913781, 5381.428753146, 3937.25448076, 5409.245281996, 4024.969459459, 3, -0.4522638709354, -8.69488880711, 0.8568256950631, 4.433858845448, -0.6668429291515, 1.610018089336, -0.5599948044313, 1.597345987437, 0, 0, 0.2058899919382, -0, -0, -0, -0, -0, 0.2058899960297, 0.005895559473438, 0, 0, 0, 0, 0, 0.006356454192596, 0.005895597538153, -0.02281993387602, 0.006356413152375, 0.03261829351486, 0.006356413152375, 10.91099685669, 10.9138612175, 10.91096451805, 10.91389073096, 26.93715702336, -0.2022178186711, 0.1961822265197, 0, 1, 49.86058295336, 50, 49.86071433687, 0.0005760296484481, 0, 0, 0, 0, 0, 0, 0, 0, 26.93857271918, 23.98874002447, 26.93852459829, 23.98869452277, 26.93715702336, 23.98871727236, 26.93857327332, 23.98874002321, 0, 26.93852535425, 23.98869452151, -0.001595552335184, 0, -0.2037326651956, -0.001655273311546, 0.1944707387255, -0.001655273311546, 0.7873639075577, 0.7876258757986, -0.7872959416331, -0.7873741332365, 3.860849882014e-05, 8.215307778142e-05, 0.7875197467422, 0.787582147903, 0, -0.7875186631862, -0.7874178417474, -0, -0, -5.551115123126e-17, -5.551115123126e-17, 0.001868210954147, 0.3940694956425, 0.3912799913698, 0.3941568611585, 0, 0.3912245475944, 0.3939821301264
1.975, 0.2093562317059, 0.04224419521363, -0.1891097749501, 0.04225247929181, 0.005832015279121, -0.0008334262633509, 0.05196219142329, -0.01082082837706, 0, 261.7422668854, 2000, -443.630178659, -2000, 7594.983706368, 3192.783619147, 7605.275897343, 3191.840992034, 50.24102203673, 54.95132168852, 54.34823078681, 57.0046225614, -240.0368985762, -6.406183065483, 238.0261321887, -7.248431545687, 5380.884951009, 3938.685658392, 5410.318203712, 4020.11586406, 3, 0.2714434606, 9.428179631518, 0.2970703425908, -25.00783745159, -0.6672538209153, 1.599532334035, -0.5541723979917, 1.608595424909, 0, 0, 0.2060115719634, -0, -0, -0, -0, -0, 0.2060115692469, 0.006230579153134, 0, 0, 0, 0, 0, 0.005901014674355, 0.006230619428429, -0.02230418552849, 0.005900976529657, 0.03301432850617, 0.005900976529657, 11.05130387749, 11.05424734557, 11.05126755246, 11.05427807989, 27.28342653819, -0.2055474842179, 0.1928402442226, 0, 1, 49.86539548141, 50, 49.86581199935, 0.002142352799633, 0, 0, 0, 0, 0, 0, 0, 0, 27.28484650452, 24.33501050424, 27.28479153835, 24.33496449913, 27.28342653819, 24.3349875005, 27.28484705521, 24.33501050306, 0, 27.28479229, 24.33496449794, -0.001678745213218, 0, -0.2071473521556, -0.001673586601315, 0.1910440507153, -0.001673586601315, 0.7873613718175, 0.7876197677522, -0.7872990844115, -0.7873802399292, 3.487184371378e-05, 7.917776381355e-05, 0.7875136893039, 0.7875791732513, 0, -0.7875245089517, -0.7874208177236, -0, -0, 5.551115123126e-17, -0, 0.001864981667904, 0.3940729047601, 0.3912810760279, 0.3941540105422, 0, 0.3912224087516, 0.393991798978
2, 0.2104542711283, 0.2009788509595, -0.1878780181899, 0.201168332506, 0.04508457600271, -0.0005309502513523, 0.06690278208266, -0.01592360687689, 0, 236.1634512831, 2000, -410.7122656763, -2000, 7594.808170417, 3190.880746692, 7605.979452789, 3192.281705091, 58.83947833023, 33.69332031725, 42.57126645269, 71.61289502987, -239.0744069342, -4.65045943075, 239.1440472276, -5.313324006111, 5381.634645775, 3955.933439014, 5410.211019059, 4012.340287032, 3, 4.052755526533, 82.46920197006, -3.709177265675, -88.75451235448, -0.6692128212244, 1.556427425866, -0.5467272575688, 1.622731733549, 0, 0, 0.2061752822521, -0, -0, -0, -0, -0, 0.2061752684868, 0.00649894313228, 0, 0, 0, 0, 0, 0.004087643389758, 0.00649898520911, -0.02183971025216, 0.004087616924849, 0.03337009718035, 0.004087616924849, 11.19162334516, 11.19464484864, 11.1915822395, 11.1946756934, 27.62972863759, -0.2098819129276, 0.1884906101166, 0, 1, 49.87007146301, 50, 49.87024760558, 0.0007589628280294, 0, 0, 0, 0, 0, 0, 0, 0, 27.63115390496, 24.68131114308, 27.63109061527, 24.68126725219, 27.62972863759, 24.68128919686, 27.63115445572, 24.6813111423, 0, 27.63109135733, 24.68126725141, -0.001774929856348, 0, -0.2115796028743, -0.001596674809145, 0.1865968315123, -0.001596674809145, 0.7873573125757, 0.7876017957291, -0.7873036666353, -0.7873982076675, 2.9468444371e-05, 7.368060721625e-05, 0.7875064575033, 0.7875736782974, 0, -0.7875315205755, -0.7874263170829, -0, -0, -0, 5.551115123126e-17, 0.001861603246137, 0.3940634713816, 0.3912795838341, 0.394119653501, 0, 0.3912226208596, 0.3940072892622
2.025, 0.2092437205616, 0.25366749923, -0.188954207881, 0.2539707050133, 0.05966496622656, -0.0002993777798334, 0.07059983814454, -0.02184399026357, 0, 218.1547756069, 2000, -385.1109617963, -2000, 7595.015132853, 3190.481072005, 7606.291961014, 3191.895382724, 61.63801672824, 24.99741060778, 37.21195638765, 75.25371131845, -238.0364888913, -3.542336689796, 240.2721119793, -4.201295624398, 5385.087936976, 3958.496527015, 5407.554659639, 4012.798423954, 3, 5.62403458452, 109.4322825537, -5.519555899136, -108.5057947655, -0.6671463832356, 1.551569301515, -0.5433801299719, 1.611118023267, 0, 0, 0.2063447152217, -0, -0, -0, -0, -0, 0.2063447033201, 0.006100719574484, 0, 0, 0, 0, 0, 0.00393510363116, 0.006100759137998, -0.02212078252773, 0.003935078111957, 0.03297549239864, 0.003935078111957, 11.33195278387, 11.33505387205, 11.33191004723, 11.3350825392, 27.97606245059, -0.2106111159973, 0.1877480380175, 0, 1, 49.87458305722, 50, 49.87458213007, -0.0001392583535153, 0, 0, 0, 0, 0, 0, 0, 0, 27.97749007914, 25.0276461922, 27.97742440839, 25.02760025509, 27.97606245059, 25.02762322286, 27.97749063904, 25.02764619141, 0, 27.97742513855, 25.0276002543, -0.001830244245091, 0, -0.2123630510214, -0.001671112580275, 0.1858002638741, -0.001671112580275, 0.7873444557169, 0.787593217704, -0.787317085116, -0.7874067853407, 1.590433873668e-05, 6.615208169156e-05, 0.7874955174433, 0.7875661498894, 0, -0.7875422477162, -0.7874338457261, -0, -0, -0, -0, 0.001858107301466, 0.3940604622669, 0.3912727040321, 0.3941145478215, 0, 0.3912279139713, 0.3940063767123
2.05, 0.2077338338741, 0.237518799213, -0.1904590130166, 0.2377856271937, 0.05740886120843, 4.806777548226e-05, 0.06827206454476, -0.01277936535496, 0, 183.117846499, 1995.403837767, -353.3559001078, -1897.198664499, 7595.655937561, 3189.666733, 7606.154330473, 3192.129234086, 65.31133415258, 24.4089060584, 31.6437789347, 73.12177977961, -236.8157462461, -1.452286195257, 241.4820806342, -2.158517937644, 5390.917184959, 3970.233793261, 5402.804190378, 3999.36416606, 3, 6.487806088318, 103.002012068, -6.36668213772, -102.3125578786, -0.6605024950268, 1.534678913115, -0.5447611742949, 1.61556108771, 0, 0, 0.2065703584675, -0, -0, -0, -0, -0, 0.2065703497967, 0.005052467396613, 0, 0, 0, 0, 0, 0.002110995084844, 0.005052500233851, -0.02321846001486, 0.002110981365054, 0.0317699582805, 0.002110981365054, 11.47229126792, 11.47547274379, 11.47225095924, 11.47549979548, 28.32242634983, -0.2066646319204, 0.1916806634789, 0, 1, 49.87894282875, 50, 49.87895594246, 3.919549125969e-05, 0, 0, 0, 0, 0, 0, 0, 0, 28.32385318661, 25.3740104777, 28.32379219875, 25.37396552693, 28.32242634983, 25.3739880019, 28.32385376344, 25.37401047729, 0, 28.32379291702, 25.37396552651, -0.001863010625034, 0, -0.2084452676463, -0.001635231614089, 0.1897043659056, -0.001635231614089, 0.7873231394765, 0.7875675213478, -0.7873389308478, -0.7874324790797, -4.865777097923e-06, 5.300247543638e-05, 0.7874816925219, 0.7875530016202, 0, -0.7875558670435, -0.7874469966693, -0, -0, -0, -0, 0.001854407259116, 0.3940621531595, 0.3912610890194, 0.394091167475, 0, 0.391237381707, 0.394033138844
2.075, 0.2101308592596, 0.2241444979102, -0.1880431414484, 0.2243821333713, 0.05553353973803, 0.0002564232466324, 0.04213992502063, -0.01253065206731, 0, 214.6136062083, 967.7966427465, -380.266609031, -898.1215426782, 7597.004154427, 3189.299713887, 7605.347782635, 3192.133379425, 66.10190781879, 24.45327702836, 29.33767476358, 71.60628991741, -236.3415373262, 0.01561806926693, 242.013157292, -0.6997478625821, 5395.372625496, 3978.424335523, 5399.229813204, 3985.818338821, 3, 6.76347099263, 96.82562296286, -6.6552870273, -97.40573314592, -0.6463976442809, 1.528089682354, -0.5531794987337, 1.613714249039, 0, 0, 0.2068281071069, -0, -0, -0, -0, -0, 0.2068281047785, 0.00364977287372, 0, 0, 0, 0, 0, 0.0005358223523729, 0.003649796653731, -0.02424363477716, 0.0005358188612576, 0.03062193804018, 0.0005358188612576, 11.61264194205, 11.61590130635, 11.6126010845, 11.61592679291, 28.66881956922, -0.2071256983213, 0.1912063092795, 0, 1, 49.88314759684, 50, 49.88319564676, 0.0003021079867069, 0, 0, 0, 0, 0, 0, 0, 0, 28.6702485615, 25.72040465164, 28.67018680488, 25.72036025868, 28.66881956922, 25.72038245506, 28.6702491651, 25.72040465154, 0, 28.67018749549, 25.72036025857, -0.0018621968471, 0, -0.2089017235995, -0.001614939540573, 0.1892348242882, -0.001614939540573, 0.7873016031721, 0.78754229293, -0.7873610856295, -0.7874577065133, -2.839643887131e-05, 3.860796669611e-05, 0.7874671531184, 0.7875386076194, 0, -0.7875701865603, -0.7874613916861, -0, -0, -0, -5.551115123126e-17, 0.001850693068634, 0.3940674873589, 0.391252210741, 0.394074851904, 0, 0.3912445062474, 0.3940601228138
2.1, 0.2081945451021, 0.2152186913841, -0.1899953935762, 0.2154365412053, 0.05312742820572, 0.0003121066291503, 0.02774940426683, -0.0005943773791963, 0, 86.09986777857, 475.4506967803, -274.0850646157, -261.6939514971, 7598.222613205, 3188.312027332, 7604.617305968, 3192.158354858, 70.03926724087, 23.87835314538, 23.50748517121, 69.53975762755, -236.4119860608, 0.6825764811738, 241.835723712, -0.04697318853917, 5398.328344726, 3992.390159569, 5397.226770248, 3970.80567302, 3, 7.671699082654, 93.62938911661, -7.520753111737, -91.83485604928, -0.6335996133795, 1.504035756852, -0.5608345853343, 1.617510615409, 0, 0, 0.2071133673421, -0, -0, -0, -0, -0, 0.2071133763611, 0.002562642574355, 0, 0, 0, 0, 0, -0.001564166270569, 0.002562659317282, -0.02545113942875, -0.001564156051214, 0.02931071721539, -0.001564156051214, 11.75300026216, 11.75633724467, 11.75296427761, 11.75636477315, 29.01524122317, -0.2009826677489, 0.1973358413454, 0, 1, 49.88720533369, 50, 49.88719240693, -2.446522969098e-05, 0, 0, 0, 0, 0, 0, 0, 0, 29.01666782198, 26.06682567787, 29.01661475637, 26.06678392977, 29.01524122317, 26.06680480411, 29.01666843697, 26.06682567816, 0, 29.01661543887, 26.06678393006, -0.00185462153716, 0, -0.2027465974289, -0.001518723679275, 0.1953765607708, -0.001518723679275, 0.7872821528065, 0.7875149783673, -0.7873810434179, -0.7874850216663, -4.657919034379e-05, 2.573629254527e-05, 0.7874559457634, 0.7875257357224, 0, -0.7875811926889, -0.7874742631374, -0, -0, -0, -0, 0.001847180031118, 0.3940685299004, 0.3912463192788, 0.3940470314078, 0, 0.3912485010552, 0.3940900283929
2.125, 0.2108975563664, 0.2236020921233, -0.1872645593287, 0.2238354654316, 0.05420728834294, 0.0001092570344959, 0.0234215386617, 0.008071331119769, 0, 117.3410262255, 380.2529127239, -299.0999189987, -11.94154916596, 7599.517808139, 3187.892266995, 7603.842592253, 3192.056942898, 66.92350871716, 22.38134131732, 25.116819768, 69.76282303334, -238.0347280139, 0.2762267908815, 240.4467225082, -0.4577557550499, 5394.999427266, 3994.900394711, 5400.997532238, 3964.533343064, 3, 7.052830715604, 96.42672746045, -6.934719728847, -94.57213909567, -0.6199505923395, 1.493328788707, -0.5689832873633, 1.616459368556, 0, 0, 0.20736224293, -0, -0, -0, -0, -0, 0.2073622566973, 0.00227735221507, 0, 0, 0, 0, 0, -0.002200613785728, 0.002277367129844, -0.02533211711714, -0.00220059937362, 0.02930650256344, -0.00220059937362, 11.89337211099, 11.89678235758, 11.89333412478, 11.89681208784, 29.36169092324, -0.2035326656315, 0.194773329158, 0, 1, 49.89111535081, 50, 49.89109536016, -9.437629204804e-05, 0, 0, 0, 0, 0, 0, 0, 0, 29.36312110154, 26.41327586869, 29.36306430894, 26.41323511391, 29.36169092324, 26.41325549169, 29.36312172135, 26.41327586908, 0, 29.36306498241, 26.41323511431, -0.001848897313718, 0, -0.2052912116132, -0.001482588398708, 0.1928196465474, -0.001482588398708, 0.7872765986283, 0.7875038494486, -0.7873872277639, -0.7874961511858, -5.428829913093e-05, 1.898454300673e-05, 0.7874495817465, 0.7875189836985, 0, -0.7875873444433, -0.7874810146125, -0, -5.551115123126e-17, -0, -0, 0.00184399634789, 0.394072276863, 0.3912529509481, 0.3940420307956, 0, 0.3912409895928, 0.3941025229303
2.15, 0.2110210480377, 0.213534703505, -0.1871427394236, 0.213746903345, 0.0511183444632, 3.910446708164e-05, 0.00324822190348, 0.04168345223008, 0, 83.06911285047, -166.9233308561, -265.0621423733, 1010.874444177, 7599.870691391, 3187.174677012, 7603.93646898, 3192.696564554, 68.43390218835, 22.22882159422, 22.04879158655, 68.12435400747, -238.8477544052, 0.4499322686437, 239.605730963, -0.2877734489572, 5391.240177471, 3998.144913264, 5405.14398146, 3956.701404712, 3, 7.045991034825, 92.73988289483, -6.909055045085, -88.94454478037, -0.6161582685568, 1.474168344918, -0.5680328325839, 1.632449076182, 0, 0, 0.2075353017214, -0, -0, -0, -0, -0, 0.2075353258735, 0.002752999918677, 0, 0, 0, 0, 0, -0.003003293117485, 0.002753017978657, -0.02495967005314, -0.003003273415678, 0.02957725181859, -0.003003273415678, 12.03375199059, 12.03723642966, 12.03371549158, 12.0372682563, 29.70816815592, -0.201273075903, 0.1970218476658, 0, 1, 49.89488311891, 50, 49.89480417543, -0.000540144511789, 0, 0, 0, 0, 0, 0, 0, 0, 29.70959817215, 26.75975264663, 29.7095440841, 26.75971442512, 29.70816815592, 26.75973353638, 29.70959877617, 26.75975264713, 0, 29.70954477165, 26.75971442562, -0.00186195237854, 0, -0.2030459362024, -0.001390432559333, 0.1950540584967, -0.001390432559333, 0.7872766655537, 0.7874946315786, -0.7873876707177, -0.7875053701213, -5.339637363046e-05, 1.528705842917e-05, 0.7874471086628, 0.7875152857447, 0, -0.787589631892, -0.7874847116278, -0, -0, -0, -0, 0.001841243977361, 0.3940768457555, 0.391260440609, 0.3940355673605, 0, 0.3912327287849, 0.3941181241504
2.175, 0.2103035808764, 0.2151191485927, -0.1878304466251, 0.2153347105671, 0.05091884184014, -5.930735878306e-05, 0.01369808411407, 0.03309415813312, 0, 84.39133740864, 187.5572775218, -269.5023075826, 531.1723347086, 7599.661007836, 3186.908258525, 7604.554802374, 3192.32379981, 67.92016838935, 21.68431182559, 21.12663457325, 67.56695607636, -239.2155166478, -0.1406349810543, 239.3073946089, -0.8840226750081, 5388.697267403, 3993.863425339, 5408.14593092, 3962.975244685, 3, 6.844027932899, 93.24006559655, -6.746888042346, -89.75843404981, -0.6182683048393, 1.467966899472, -0.5615666876262, 1.624886085545, 0, 0, 0.2076815638982, -0, -0, -0, -0, -0, 0.2076815817458, 0.003468392268988, 0, 0, 0, 0, 0, -0.002238378566522, 0.003468415054103, -0.02434367916713, -0.002238363861903, 0.03009651793334, -0.002238363861903, 12.17414208841, 12.1776992582, 12.17410552918, 12.17773260976, 30.05467150996, -0.2007165244985, 0.1975684577014, 0, 1, 49.89852714826, 50, 49.89845139954, -0.000578683975582, 0, 0, 0, 0, 0, 0, 0, 0, 30.05610235234, 27.10625646082, 30.05604863261, 27.10621764223, 30.05467150996, 27.10623705191, 30.0561029399, 27.1062564612, 0, 30.05604933412, 27.10621764261, -0.001876945618023, 0, -0.2025065442652, -0.00141215320767, 0.1955837242392, -0.00141215320767, 0.7872784710074, 0.7874983167194, -0.787386356987, -0.7875016840041, -5.101643847204e-05, 1.371160903325e-05, 0.7874447098326, 0.7875137107689, 0, -0.7875918606975, -0.7874862875508, -0, -0, -0, -0, 0.00183861275505, 0.3940748615817, 0.3912655079762, 0.3940440964616, 0, 0.3912267469603, 0.3941056267019
2.2, 0.2083305562707, 0.2080090347019, -0.1898246733648, 0.2082112193201, 0.04906448877721, -8.396054686396e-05, 0.02100764340208, 0.02185427624174, 0, 21.33512042729, 381.0002394094, -201.5753738034, 164.0199763463, 7598.967663875, 3186.583459138, 7605.63850322, 3191.851302353, 65.92211077016, 22.44386669365, 22.06902403065, 66.83254619558, -239.1981185128, -0.4941613274373, 239.4694148211, -1.187006470176, 5388.446202936, 3989.823040997, 5408.9750658, 3971.410669524, 3, 6.627769238195, 89.15263050906, -6.462689737596, -88.26451984653, -0.6254734562546, 1.461686084556, -0.5501881548208, 1.614493930306, 0, 0, 0.2078101070376, -0, -0, -0, -0, -0, 0.2078101174002, 0.004222952573014, 0, 0, 0, 0, 0, -0.001334292183629, 0.004222980349458, -0.02376458969182, -0.001334283407387, 0.03058351718855, -0.001334283407387, 12.31454158032, 12.31817101362, 12.31450448525, 12.31820467523, 30.40119996313, -0.2006479737067, 0.1976266803363, 0, 1, 49.90205410491, 50, 49.90204415214, -0.0002337415816814, 0, 0, 0, 0, 0, 0, 0, 0, 30.40263198448, 27.4527854453, 30.40257769211, 27.45274532388, 30.40119996313, 27.45276538482, 30.40263255796, 27.45278544553, 0, 30.40257840505, 27.45274532411, -0.001909101118357, 0, -0.2024721947618, -0.001459547925792, 0.1956079607977, -0.001459547925792, 0.7872786024951, 0.7875022800844, -0.7873866915969, -0.7874977198317, -4.998789877526e-05, 1.145709735128e-05, 0.7874408870253, 0.7875114566283, 0, -0.7875955197319, -0.7874885424336, -0, -5.551115123126e-17, -0, -5.551115123126e-17, 0.001835953962607, 0.3940704842452, 0.3912660097648, 0.3940521452298, 0, 0.3912250935365, 0.3940888232606
2.225, 0.2091147495727, 0.2160840563429, -0.1889944942525, 0.2163028708078, 0.05012789400883, 3.820058451475e-07, 0.02232814917434, 0.03224112221175, 0, 81.40093523956, 523.6310010647, -265.2686852484, 184.9558229968, 7598.496432401, 3185.836263556, 7606.488024962, 3192.211136711, 66.8614935807, 20.57446417039, 19.99955508401, 66.6040032582, -238.8206753958, -0.04995053770897, 239.8451143375, -0.7867253060948, 5388.492159903, 3993.609445329, 5409.677925404, 3967.422300044, 3, 6.83045567893, 94.09868084089, -6.735565357632, -90.41881181431, -0.6303725229111, 1.441825358786, -0.5412299640477, 1.625301204495, 0, 0, 0.2079558096888, -0, -0, -0, -0, -0, 0.2079558273833, 0.004774856939092, 0, 0, 0, 0, 0, -0.001897707942306, 0.00477488838974, -0.0233023798467, -0.001897695442714, 0.0309553258586, -0.001897695442714, 12.4549502092, 12.45865008229, 12.45491213315, 12.45868570276, 30.74775231748, -0.2005944640347, 0.1976708688701, 0, 1, 49.90548175034, 50, 49.90540945956, -0.0004722533070654, 0, 0, 0, 0, 0, 0, 0, 0, 30.74918598946, 27.7993377558, 30.74913040908, 27.79929870089, 30.74775231748, 27.79931822867, 30.74918655179, 27.79933775612, 0, 30.74913113065, 27.79929870121, -0.001961604136431, 0, -0.2024728059752, -0.001420750128196, 0.1955982221225, -0.001420750128196, 0.7872751743565, 0.7874927273107, -0.7873905792107, -0.7875072730689, -5.302105940631e-05, 5.779149326886e-06, 0.7874343024935, 0.7875057784753, 0, -0.7876019453459, -0.7874942201766, -5.551115123126e-17, -0, -0, -0, 0.001833182596368, 0.3940706852964, 0.3912659195135, 0.3940446024824, 0, 0.3912236920546, 0.3940967681104
2.25, 0.2081120434306, 0.2050331836619, -0.1900129896209, 0.2052304943071, 0.04670420277996, 8.059255067077e-05, 0.009087260156843, 0.02037836173659, 0, 24.36702476418, -93.2081495218, -208.9524318589, 618.8778983337, 7597.902756481, 3184.910462472, 7607.474603803, 3192.935553081, 64.55351919614, 21.77149957296, 21.89650873354, 66.2966901333, -238.7917358506, 0.5647532375784, 240.0282765085, -0.1191007281939, 5388.5299688, 3997.930230953, 5410.3387926, 3958.911454654, 3, 6.831662413633, 87.51713907717, -6.679817918889, -87.52965928424, -0.6365753710443, 1.41759758707, -0.5308047456601, 1.644465355376, 0, 0, 0.2081405382406, -0, -0, -0, -0, -0, 0.2081405708378, 0.005423043502643, 0, 0, 0, 0, 0, -0.002827579780473, 0.005423079286205, -0.02276141224078, -0.002827561123009, 0.03140445038127, -0.002827561123009, 12.59536796987, 12.59913796921, 12.59532829861, 12.5991748165, 31.09432771034, -0.2013045162317, 0.1969499563139, 0, 1, 49.90882959147, 50, 49.90885416164, 0.0001358730437452, 0, 0, 0, 0, 0, 0, 0, 0, 31.09576415363, 28.14591331375, 31.09570558311, 28.14587558306, 31.09432771034, 28.14589444887, 31.09576470506, 28.14591331422, 0, 31.09570631214, 28.14587558353, -0.002043098206552, 0, -0.2032662483947, -0.001372577410258, 0.1947940827898, -0.001372577410258, 0.7872714284542, 0.7874801396768, -0.7873947868153, -0.7875198617891, -5.627950219584e-05, -4.133627995446e-07, 0.7874268623747, 0.7874995854523, 0, -0.7876092189071, -0.7875004121779, -0, -5.551115123126e-17, -0, 5.551115123126e-17, 0.001830380597843, 0.394074858399, 0.391265845682, 0.394035995076, 0, 0.3912223739174, 0.394113721722
2.275, 0.2089328112437, 0.2154679579047, -0.1891509265084, 0.2156862021775, 0.04883023661504, -1.052557201414e-05, 0.02205163017464, 0.03021777415766, 0, 77.78218099199, 490.958576601, -260.4870130408, 186.7295841224, 7597.696612572, 3185.235412379, 7608.06956325, 3192.158279501, 66.20753461817, 20.21549670129, 19.28009988441, 65.89262660257, -238.6203301692, -0.4024722755315, 240.1450901166, -1.139942775363, 5387.382254877, 3987.089203519, 5411.879387393, 3967.810444671, 3, 6.899262547687, 93.76193094225, -6.806874927952, -90.38152805178, -0.638729625937, 1.425435667738, -0.5244618485871, 1.62687191697, 0, 0, 0.2083210995923, -0, -0, -0, -0, -0, 0.2083211138977, 0.005928655298073, 0, 0, 0, 0, 0, -0.001397076857321, 0.00592869448578, -0.02232258033967, -0.001397067622869, 0.03174707426115, -0.001397067622869, 12.73579424633, 12.73963446489, 12.7357536283, 12.73967205678, 31.44092622312, -0.2007000823373, 0.1975441490743, 0, 1, 49.91212045796, 50, 49.91205275443, -0.0003973750780512, 0, 0, 0, 0, 0, 0, 0, 0, 31.4423645369, 28.4925147151, 31.44230472633, 28.49247275789, 31.44092622312, 28.49249373675, 31.4423650763, 28.49251471536, 0, 31.44230546527, 28.49247275814, -0.002117646813884, 0, -0.2027378845528, -0.001526331107239, 0.1953123893305, -0.001526331107239, 0.7872650902984, 0.7874861464611, -0.7874016203719, -0.7875138534482, -6.227591009417e-05, -4.244549673646e-06, 0.7874175284042, 0.7874957549368, 0, -0.7876183902196, -0.7875042440361, -0, -0, -0, -5.551115123126e-17, 0.00182789990838, 0.3940767930619, 0.3912681331436, 0.3940575911109, 0, 0.3912193037147, 0.394095995013
2.3, 0.2074219755508, 0.2028041271531, -0.1906640753677, 0.2029981014838, 0.04561039169403, 0.0001529622885602, 0.00600306884023, 0.02235378732401, 0, 16.32517733791, -205.2072009035, -202.0942768214, 759.9257980998, 7597.253015276, 3184.080114874, 7608.850370799, 3192.962103416, 63.83443096749, 21.42321755617, 21.60827002819, 65.77228836073, -238.3959483974, 0.8195481854572, 240.4798800558, 0.139159112494, 5387.503880746, 3996.154639957, 5411.820584487, 3958.083678123, 3, 6.880643387531, 86.80529327972, -6.763794085024, -86.93275672537, -0.6433850052211, 1.39653830512, -0.5161513439769, 1.647971541954, 0, 0, 0.2084462937431, -0, -0, -0, -0, -0, 0.2084463289945, 0.006385108102739, 0, 0, 0, 0, 0, -0.002758894414584, 0.006385150358288, -0.02192341529795, -0.00275887615681, 0.03206505471598, -0.00275887615681, 12.8762299708, 12.88013976769, 12.87618733226, 12.8801777278, 31.78754803897, -0.2015078558507, 0.1967270579627, 0, 1, 49.91536028272, 50, 49.91537408817, 2.600956620645e-05, 0, 0, 0, 0, 0, 0, 0, 0, 31.78898914215, 28.83913620101, 31.78892549262, 28.83909544332, 31.78754803897, 28.83911582266, 31.7889896743, 28.83913620151, 0, 31.78892623542, 28.83909544381, -0.002224472983415, 0, -0.2036538939381, -0.001482694548036, 0.1943872427634, -0.001482694548036, 0.7872572218627, 0.7874683985358, -0.7874098996728, -0.7875316027627, -6.993292263655e-05, -1.262670380627e-05, 0.7874069340194, 0.7874873721196, 0, -0.7876288407766, -0.7875126255272, -0, -0, -0, 5.551115123126e-17, 0.001826013324219, 0.3940774514176, 0.3912678919135, 0.3940395321329, 0, 0.3912194196429, 0.3941153707022
2.325, 0.208393668511, 0.2148397461897, -0.1896444106706, 0.215057607759, 0.04834685986822, 8.42407846357e-05, 0.02147831211083, 0.02844151418649, 0, 78.38101141731, 451.8919420921, -260.8847728208, 198.7317139503, 7597.213156843, 3184.424105005, 7609.167612972, 3191.985781586, 65.82246714861, 19.78468301759, 18.88004529088, 65.51329262916, -238.0442627148, -0.08673526764486, 240.7199908287, -0.822092844754, 5387.488761446, 3988.938995079, 5411.744794465, 3968.583440381, 3, 6.973143186195, 93.78940404685, -6.934982698202, -90.42196917555, -0.6438149627449, 1.405635620581, -0.5126891960407, 1.625590413792, 0, 0, 0.2085394137638, -0, -0, -0, -0, -0, 0.2085394302572, 0.006524093174036, 0, 0, 0, 0, 0, -0.001475109212382, 0.006524136387948, -0.02180492068447, -0.001475099441702, 0.03211061439326, -0.001475099441702, 13.01667410489, 13.02065355463, 13.0166303485, 13.02069198191, 32.13419264842, -0.2008449655742, 0.1973826196311, 0, 1, 49.91857080639, 50, 49.91849213461, -0.0004925118228941, 0, 0, 0, 0, 0, 0, 0, 0, 32.13563517763, 29.1857833979, 32.13556998057, 29.18573757949, 32.13419264842, 29.18576048899, 32.1356357054, 29.1857833982, 0, 32.1355707266, 29.18573757979, -0.002312293787437, 0, -0.203079216759, -0.001666794566782, 0.1949547714613, -0.001666794566782, 0.7872451988828, 0.7874709929844, -0.7874223043393, -0.7875290068711, -8.185724407134e-05, -1.886136880866e-05, 0.7873941018719, 0.787481138037, 0, -0.7876415566031, -0.7875188607746, -0, -0, -0, -0, 0.001824590413182, 0.3940741807106, 0.3912679223404, 0.3940539062537, 0, 0.3912195704448, 0.3940944551674
2.35, 0.2079100656935, 0.2176205021048, -0.1901051528292, 0.2178439964686, 0.04875753404545, 3.494498256342e-05, 0.03359722567748, 0.002794180376412, 0, 76.3523735015, 737.046639874, -260.2850844951, -471.9178020431, 7597.136104819, 3184.569069801, 7609.445666675, 3191.431989688, 65.62050562295, 19.9072112549, 18.77218838857, 65.47895020013, -237.8685557331, -0.7190409013902, 240.8936199351, -1.465715977678, 5388.058397176, 3985.285636029, 5411.185562541, 3973.783441107, 3, 7.04544247946, 94.42929564567, -7.04218991375, -92.06932834178, -0.6446386941458, 1.409214235029, -0.5096300419703, 1.613186982848, 0, 0, 0.2086170692954, -0, -0, -0, -0, -0, 0.2086170779424, 0.006584439840033, 0, 0, 0, 0, 0, -0.0008335313888307, 0.006584483486154, -0.02177624254764, -0.000833525863657, 0.03208735514578, -0.000833525863657, 13.15712712145, 13.16117595665, 13.15708206956, 13.16121498808, 32.48085957771, -0.2005048400256, 0.1977171409906, 0, 1, 49.92175259718, 50, 49.92169946242, -0.0003177431320247, 0, 0, 0, 0, 0, 0, 0, 0, 32.48230373947, 29.53245239835, 32.48223635902, 29.53240253354, 32.48085957771, 29.53242746613, 32.48230426592, 29.53245239853, 0, 32.48223710542, 29.53240253372, -0.002410648882535, 0, -0.2028375198312, -0.001813995919611, 0.1951909821853, -0.001813995919611, 0.7872318214785, 0.7874677799252, -0.7874359496203, -0.7875322194521, -9.505878922734e-05, -2.648688499592e-05, 0.7873805281993, 0.787473512637, 0, -0.78765504369, -0.787526486407, -0, -0, 5.551115123126e-17, -0, 0.001823464510102, 0.3940726403197, 0.3912667876824, 0.3940611839503, 0, 0.3912206845414, 0.3940840966892
2.375, 0.2088704943761, 0.2138670368811, -0.1891333228014, 0.2140829692109, 0.04774704095353, 0.0001151073055606, 0.01363812830223, -0.001569171629525, 0, 83.04287075455, -92.63227700484, -268.2353217676, 281.4923806805, 7597.126447407, 3183.877280437, 7609.59997351, 3192.044000309, 65.50692451531, 19.67875099175, 18.65353512377, 65.36604743784, -237.9297296289, 0.09937317058356, 240.8295923582, -0.6491577381598, 5387.800569215, 3992.484062235, 5411.526630182, 3965.584975834, 3, 7.045941774897, 92.63114895432, -7.056387136124, -90.66821349255, -0.6447562584277, 1.391321113599, -0.5078679971631, 1.629002093398, 0, 0, 0.2086741703402, -0, -0, -0, -0, -0, 0.2086741938887, 0.006694559485602, 0, 0, 0, 0, 0, -0.001949300379044, 0.006694603885967, -0.02163161130812, -0.001949287450771, 0.03219416658975, -0.001949287450771, 13.29758928393, 13.30170698481, 13.29754208679, 13.30174654928, 32.82754869693, -0.201127034284, 0.1970911479773, 0, 1, 49.92490734964, 50, 49.92486284649, -0.000267470063301, 0, 0, 0, 0, 0, 0, 0, 0, 32.82899527546, 29.87914199851, 32.82892385478, 29.87909174821, 32.82754869693, 29.87911687379, 32.82899580032, 29.87914199894, 0, 32.82892460081, 29.87909174864, -0.002526837203722, 0, -0.2035764121622, -0.001828019296604, 0.1944483765935, -0.001828019296604, 0.7872192162034, 0.7874505443697, -0.7874487494725, -0.7875494557401, -0.0001078946250836, -3.604871525618e-05, 0.7873669354462, 0.7874639504282, 0, -0.787668572484, -0.7875360478587, 5.551115123126e-17, -0, -5.551115123126e-17, -0, 0.001822560944458, 0.3940736361882, 0.391267301658, 0.3940468442695, 0, 0.3912200047147, 0.3941004281069
2.4, 0.2088798090949, 0.2118168563018, -0.1891305742456, 0.2120288594544, 0.04767296406692, 0.0001614651110607, 0.007757625025951, 0.03626696159815, 0, 74.10224439174, -40.03203975935, -253.9480600548, 799.9505937309, 7597.160794886, 3183.854024613, 7609.681007811, 3192.333644088, 65.27277729664, 19.37699163413, 18.64538780053, 65.05553954627, -237.8909777281, 0.4867737369961, 240.8728386389, -0.2463661806307, 5388.003123983, 3993.13514716, 5411.315146813, 3962.550924317, 3, 7.007350723354, 92.78669258663, -6.997817550038, -89.05163965318, -0.6444109701606, 1.390154022986, -0.5068821101535, 1.634976071921, 0, 0, 0.2086863550168, -0, -0, -0, -0, -0, 0.2086863825942, 0.006687212079353, 0, 0, 0, 0, 0, -0.002216351750019, 0.006687256436167, -0.02161469380031, -0.002216337048874, 0.03218036025916, -0.002216337048874, 13.43805995588, 13.44224701736, 13.4380109891, 13.44228626573, 33.17426011864, -0.2013654479303, 0.196849700126, 0, 1, 49.9280306766, 50, 49.9279361601, -0.0006077429158816, 0, 0, 0, 0, 0, 0, 0, 0, 33.17570838841, 30.22585485878, 33.17563376339, 30.22580231931, 33.17426011864, 30.22582858955, 33.17570891375, 30.22585485928, 0, 33.17563450777, 30.22580231982, -0.00263186865111, 0, -0.2039199160199, -0.001911295140402, 0.194101939254, -0.001911295140402, 0.7872050484005, 0.7874394448238, -0.7874630753219, -0.7875605554782, -0.0001222089974772, -4.531152967771e-05, 0.7873526519607, 0.787454687443, 0, -0.7876828043044, -0.7875453105023, -0, -0, -0, -0, 0.001821904675159, 0.3940760095941, 0.3912668982061, 0.3940455472208, 0, 0.3912204260492, 0.3941064719675
2.425, 0.2081939892028, 0.216374646507, -0.1897991295871, 0.2165956878434, 0.04885849299909, 0.0001092064623471, 0.0270146547041, 0.02676627170039, 0, 77.3917336225, 661.7959831472, -259.4394437888, -33.20534980886, 7597.293715168, 3184.069926491, 7609.650416256, 3191.587396679, 65.2872577857, 19.22116573567, 18.34026455217, 65.06296908959, -237.7395879054, -0.1527686374643, 241.024210536, -0.8905509834562, 5388.869974255, 3990.307305325, 5410.537125333, 3969.152248964, 3, 7.091071091837, 94.58561341406, -7.11224142025, -91.08466013559, -0.6430276623674, 1.396485809007, -0.5070721050659, 1.617710637908, 0, 0, 0.2087327975108, -0, -0, -0, -0, -0, 0.2087328147506, 0.006512341618349, 0, 0, 0, 0, 0, -0.001533046845089, 0.006512384834462, -0.02178689741255, -0.001533036671806, 0.03198072515591, -0.001533036671806, 13.57853883098, 13.58279499979, 13.57848882727, 13.58283454908, 33.52099287899, -0.2007702868278, 0.197441897614, 0, 1, 49.93113830808, 50, 49.93105383858, -0.0004883483037198, 0, 0, 0, 0, 0, 0, 0, 0, 33.52244229645, 30.57258954405, 33.52236601939, 30.57253258222, 33.52099287899, 30.57256106352, 33.52244282465, 30.57258954443, 0, 33.52236676108, 30.5725325826, -0.00272158458411, 0, -0.2034138228765, -0.002072173145248, 0.1946051262173, -0.002072173145248, 0.7871887465793, 0.7874350348162, -0.7874795182631, -0.7875649647175, -0.0001384806071623, -5.442094166361e-05, 0.7873375254406, 0.7874455782614, 0, -0.7876978849866, -0.7875544201447, -0, -0, -0, -5.551115123126e-17, 0.001821220780726, 0.3940722512989, 0.3912651709675, 0.3940511805256, 0, 0.3912219766558, 0.3940933220722
2.45, 0.2084894398969, 0.2162977356614, -0.1895007180857, 0.2165183647786, 0.04893166587826, 9.098650885958e-05, 0.0255311979972, 0.03144195829228, 0, 77.78963913419, 640.066446392, -259.6925854011, 59.32749196154, 7597.440207178, 3183.906221013, 7609.602476514, 3191.46288728, 65.14748038886, 19.06637252829, 18.18780713814, 64.90965111309, -237.8717116709, -0.2023870834453, 240.9098761558, -0.9363345597107, 5389.038207994, 3991.039474276, 5410.544744941, 3968.302377614, 3, 7.091702115906, 94.58929173754, -7.113991086288, -90.85331721445, -0.6414971594776, 1.392853875144, -0.5074528081653, 1.614995494611, 0, 0, 0.2088112543061, -0, -0, -0, -0, -0, 0.2088112729109, 0.006431036802912, 0, 0, 0, 0, 0, -0.001647692820159, 0.006431079511571, -0.02183661234313, -0.001647681877865, 0.03190572593401, -0.001647681877865, 13.71902636047, 13.72335126618, 13.71897484902, 13.72339105697, 33.86774672637, -0.2008170818578, 0.1973924160741, 0, 1, 49.93421797942, 50, 49.93413500426, -0.000385481430948, 0, 0, 0, 0, 0, 0, 0, 0, 33.86919803992, 30.91934483111, 33.86911904686, 30.91928532174, 33.86774672637, 30.91931507685, 33.86919856969, 30.91934483154, 0, 33.86911978626, 30.91928532217, -0.002817347635569, 0, -0.2035561713693, -0.002164848155999, 0.1944601116668, -0.002164848155999, 0.7871737228935, 0.787424482587, -0.7874946700455, -0.78757551694, -0.000153652657974, -6.418465069756e-05, 0.7873228411202, 0.7874358144616, 0, -0.7877125246623, -0.7875641837629, -0, -0, -0, -0, 0.001820472752481, 0.3940723685105, 0.3912648357113, 0.3940497219999, 0, 0.3912219617628, 0.3940950150211
2.475, 0.2080099086887, 0.2135736639764, -0.1899913737082, 0.2137885070565, 0.04825285358222, 5.031973233315e-05, 0.02869676918643, 0.01529915427668, 0, 58.53768026621, 645.8138941838, -238.4714560494, -189.588023968, 7597.524782574, 3183.768077629, 7609.628149235, 3191.283943892, 64.32157597533, 19.67106487367, 18.76152749104, 64.82777263489, -238.0846225443, -0.4096440738427, 240.757423258, -1.133340281084, 5388.892659183, 3989.639524243, 5410.904076545, 3967.445132308, 3, 7.061688537759, 92.22063789879, -7.056069693498, -90.66063892474, -0.6406106847312, 1.389738349157, -0.5070670218057, 1.611313904564, 0, 0, 0.2089373975026, -0, -0, -0, -0, -0, 0.2089374156174, 0.006449777035113, 0, 0, 0, 0, 0, -0.00160836456292, 0.006449819919994, -0.02181974341644, -0.001608353868895, 0.03189508048195, -0.001608353868895, 13.85952210251, 13.86391558847, 13.85946927663, 13.86395584576, 34.21452131067, -0.2006779584411, 0.1975280169401, 0, 1, 49.93727082036, 50, 49.93724733345, 1.124442406376e-05, 0, 0, 0, 0, 0, 0, 0, 0, 34.21597467897, 31.26612123517, 34.21589330641, 31.26605909333, 34.21452131067, 31.26609016468, 34.21597520822, 31.26612123561, 0, 34.21589404571, 31.26605909376, -0.002911325173811, 0, -0.2035110395973, -0.002260612882993, 0.1945017060878, -0.002260612882993, 0.7871595832758, 0.7874153122387, -0.7875089481629, -0.7875846871559, -0.0001677401175088, -7.362536226198e-05, 0.7873085864185, 0.7874263737145, 0, -0.7877267296928, -0.787573624439, -0, -0, -5.551115123126e-17, -0, 0.001819626947454, 0.3940746167207, 0.391265125693, 0.3940525107526, 0, 0.3912212460034, 0.3940967226887
2.5, 0.2099523602799, 0.2128071490165, -0.1880346876674, 0.2130203801377, 0.04781515305308, 0.0001441875039111, -0.0001884504962629, 0.04114541602555, 0, 91.02708697354, -305.6851123614, -272.5511444058, 1143.247281494, 7597.590745595, 3182.79854901, 7609.661408456, 3192.344301007, 64.78255146889, 18.54535631509, 17.85099085296, 64.61265576719, -238.3607021299, 0.7686949122697, 240.469276398, 0.0244644386762, 5387.689660664, 3998.642520479, 5412.221076401, 3953.012203621, 3, 7.026651781908, 93.02384616783, -7.043360364367, -89.05983082479, -0.6399164120056, 1.36454347051, -0.5066061068476, 1.637547101034, 0, 0, 0.2090457846171, -0, -0, -0, -0, -0, 0.2090458304907, 0.0066217581617, 0, 0, 0, 0, 0, -0.003306699516056, 0.006621802235784, -0.02159078684716, -0.00330667750697, 0.03209950765298, -0.00330667750697, 14.00002655003, 14.00448766775, 13.99997149894, 14.00452899073, 34.56131714232, -0.2014923065758, 0.1967118026328, 0, 1, 49.94028562643, 50, 49.94019709914, -0.0003894967210363, 0, 0, 0, 0, 0, 0, 0, 0, 34.56277332263, 31.61291717224, 34.56268780175, 31.61285633682, 34.56131714232, 31.6128867554, 34.56277384871, 31.61291717311, 0, 34.56268854225, 31.6128563377, -0.003019669344069, 0, -0.2044345325533, -0.002213087419234, 0.1935763376302, -0.002213087419234, 0.7871472758128, 0.7873924773581, -0.7875213782204, -0.7876075240899, -0.0001803953776235, -8.478005800128e-05, 0.7872947163464, 0.7874152180431, 0, -0.7877405541334, -0.7875847781591, -0, 5.551115123126e-17, -5.551115123126e-17, 5.551115123126e-17, 0.001818938571151, 0.3940800245189, 0.3912675226966, 0.3940345759962, 0, 0.3912186217186, 0.3941254730416
2.525, 0.2097191814563, 0.2234310653871, -0.1882531877408, 0.2236660480926, 0.05064423004366, 5.292100849226e-06, 0.02470076569434, 0.008000040019875, 0, 113.1325113488, 428.6653122936, -291.2593392107, -61.57184018833, 7597.678134168, 3183.156703563, 7609.691206998, 3190.915424448, 62.01088065718, 18.0187756574, 20.19506943384, 65.31968878134, -238.6197176945, -0.3736671496018, 240.3678793583, -1.100497421172, 5387.393941698, 3989.493250222, 5412.515445064, 3967.064067933, 3, 6.652117249897, 96.6715066063, -6.690725355643, -94.59888831655, -0.6389974052999, 1.376726133448, -0.5061863415428, 1.604037184961, 0, 0, 0.2091709621329, -0, -0, -0, -0, -0, 0.2091709809134, 0.006641344925696, 0, 0, 0, 0, 0, -0.001625379177298, 0.006641389183105, -0.02143715033229, -0.001625368345967, 0.03222093227083, -0.001625368345967, 14.14053949865, 14.1450683045, 14.14048160912, 14.14510935133, 34.90813372652, -0.2033687273612, 0.1948326451406, 0, 1, 49.94327414101, 50, 49.94322916766, -0.0001834018651145, 0, 0, 0, 0, 0, 0, 0, 0, 34.90959315306, 31.95973646227, 34.90950286001, 31.95966969943, 34.90813372652, 31.95970308133, 34.90959368039, 31.95973646275, 0, 34.9095035958, 31.95966969991, -0.003096189701388, 0, -0.2063880014694, -0.002428716822348, 0.1916201353692, -0.002428716822348, 0.7871333160639, 0.7873956794498, -0.7875355068701, -0.7876043197689, -0.0001952033040689, -9.314102442991e-05, 0.7872797076374, 0.7874068579512, 0, -0.7877555115675, -0.7875931400001, -0, -0, -5.551115123126e-17, -0, 0.001818273735398, 0.3940751419548, 0.3912681121721, 0.3940528021318, 0, 0.3912180348616, 0.3940974817778
2.55, 0.2077830035567, 0.2147972519988, -0.1901915631759, 0.2150145751612, 0.04880190128244, 2.133832664812e-06, 0.02883366476156, 0.02623471874262, 0, 56.92170307978, 730.7942429709, -244.2930447292, -107.7126157535, 7597.493166021, 3183.506164792, 7609.936569916, 3190.730877387, 63.75346679694, 18.96022459199, 18.11226542028, 64.15435264475, -238.2256401504, -0.7497358100143, 240.6693310401, -1.470267136659, 5388.450597281, 3984.647582353, 5411.489169335, 3969.145827474, 3, 7.037917011575, 93.55631379007, -7.073865932946, -90.49521989124, -0.6409360151413, 1.384333857128, -0.5035032411837, 1.598517423685, 0, 0, 0.2092119603682, -0, -0, -0, -0, -0, 0.2092119726019, 0.006665939538715, 0, 0, 0, 0, 0, -0.001123368178864, 0.006665983977435, -0.02162511457031, -0.00112336068994, 0.03202102936686, -0.00112336068994, 14.2810587129, 14.28565655787, 14.28100162368, 14.28569783175, 35.25497174841, -0.2005917799375, 0.1976083893905, 0, 1, 49.9462088149, 50, 49.94613486736, -0.0004095597285978, 0, 0, 0, 0, 0, 0, 0, 0, 35.25643063262, 32.30657633073, 35.25634196552, 32.30650611021, 35.25497174841, 32.30654122081, 35.25643115763, 32.30657633107, 0, 35.25634270701, 32.30650611055, -0.003181937545558, 0, -0.2036960822306, -0.002554501232917, 0.1943108577945, -0.002554501232917, 0.7871167024237, 0.7873888163458, -0.7875521704661, -0.7876111823915, -0.0002104842869287, -0.0001034565965813, 0.7872643768114, 0.7873965424694, 0, -0.7877708113336, -0.7876034556625, -5.551115123126e-17, -0, 5.551115123126e-17, -0, 0.001817872310065, 0.3940778949344, 0.3912660067983, 0.3940624549395, 0, 0.3912200800004, 0.3940933349293
2.575, 0.2081693232392, 0.2162847737743, -0.1898021754846, 0.2165052482288, 0.04942273360646, 2.052213003051e-05, 0.02798229235733, 0.03167694617404, 0, 77.59153344037, 737.2203907486, -258.8626054881, -33.85270869927, 7597.564182045, 3183.447360381, 7609.949975227, 3190.54913065, 64.08597140985, 18.34512731986, 17.15702616546, 63.91303603639, -238.1506676203, -0.6383893324507, 240.7417008902, -1.378351340471, 5388.792647323, 3984.845818365, 5411.212568886, 3970.005587517, 3, 7.080020260085, 94.6669752753, -7.116055351836, -90.86618190194, -0.6401907212744, 1.383216877189, -0.5032558583319, 1.59435476805, 0, 0, 0.2092536589328, -0, -0, -0, -0, -0, 0.2092536704783, 0.006603114202266, 0, 0, 0, 0, 0, -0.00107542941277, 0.006603158239709, -0.02166548498178, -0.00107542224057, 0.03195720569142, -0.00107542224057, 14.42158693132, 14.42625250006, 14.42152847624, 14.42629391314, 35.60183008784, -0.200543417096, 0.197654203532, 0, 1, 49.9491117255, 50, 49.94901795035, -0.0005615164400718, 0, 0, 0, 0, 0, 0, 0, 0, 35.60329039469, 32.65343607876, 35.60319946288, 32.65336329969, 35.60183008784, 32.65339968956, 35.60329092077, 32.6534360791, 0, 35.60320020275, 32.65336330003, -0.003265975031751, 0, -0.2037315939999, -0.002647576752699, 0.1942728449546, -0.002647576752699, 0.7871001119093, 0.7873774395656, -0.7875688829424, -0.7876225590303, -0.0002271995051788, -0.0001151630444275, 0.7872480617219, 0.7873848359761, 0, -0.7877870883271, -0.7876151620649, -0, -0, -0, -0, 0.001817311906678, 0.3940768411598, 0.3912653253196, 0.3940620600534, 0, 0.3912206312406, 0.3940916222662
2.6, 0.2056989421743, 0.1823850728609, -0.1923534784953, 0.1825429095292, 0.04284158310774, 0.000615953135344, -0.03220070300982, -0.009831125510404, 0, -124.626206861, -2000, -46.78252616483, 2000, 7597.227203228, 3179.83804104, 7610.389574493, 3193.359299233, 57.09906591232, 20.52201249569, 24.07520630059, 64.50839494082, -238.1999880906, 4.917115244594, 241.0417092861, 3.972256805227, 5390.983234907, 4026.46003986, 5409.290000791, 3933.65762704, 3, 6.909225886462, 78.08672539293, -6.780438216785, -79.75349281451, -0.6437209553474, 1.297682335618, -0.4985491716499, 1.663900576268, 0, 0, 0.2093235720208, -0, -0, -0, -0, -0, 0.2093236971549, 0.006593321903337, 0, 0, 0, 0, 0, -0.006725127482272, 0.00659336590486, -0.0215339850148, -0.006725082601371, 0.03206647365908, -0.006725082601371, 14.56212429311, 14.5668570181, 14.56206163382, 14.56689615915, 35.94870814778, -0.2047575715687, 0.1934355058818, 0, 1, 49.95197245302, 50, 49.95202249981, 0.000256458940991, 0, 0, 0, 0, 0, 0, 0, 0, 35.95017329284, 33.00030890913, 35.95007366045, 33.00024582487, 35.94870814778, 33.00027736886, 35.95017382684, 33.00030891099, 0, 35.95007438628, 33.00024582673, -0.003385263952925, 0, -0.2080655202857, -0.002294896431876, 0.189934392686, -0.002294896431876, 0.7870845422039, 0.7873185026069, -0.7875845551956, -0.787681506979, -0.0002437888602406, -0.0001352480980869, 0.7872315923462, 0.7873647458456, 0, -0.7878035088663, -0.7876352420418, -0, -5.551115123126e-17, -0, 5.551115123126e-17, 0.001816458655726, 0.3940715932348, 0.3912609619381, 0.3939791605533, 0, 0.39122446064, 0.3941640259162
2.625, 0.2014914026111, 0.1828189468136, -0.1965632795048, 0.1829779533079, 0.04465013053409, 0.0008401793100704, -0.0313560393709, -0.01068912047163, 0, -212.0334356208, -2000, 48.97179507936, 2000, 7597.586746909, 3179.471870711, 7610.165100546, 3193.479987148, 54.35780433559, 20.50685830502, 26.27788414865, 65.41366298349, -237.9091926637, 6.870310457224, 241.4714267023, 5.498979695961, 5394.736116754, 4032.731363713, 5405.858680784, 3927.021922793, 3, 6.452861611703, 78.16689971337, -6.321419057681, -81.01628147456, -0.639930235249, 1.292421800072, -0.5008212650587, 1.663979634475, 0, 0, 0.2094018664778, -0, -0, -0, -0, -0, 0.2094020110893, 0.005852178049156, 0, 0, 0, 0, 0, -0.007660463206129, 0.005852217133766, -0.02218989132665, -0.007660412044898, 0.03137723225684, -0.007660412044898, 14.70266728353, 14.70746873772, 14.70260426105, 14.70750585284, 36.29560573143, -0.2046864221109, 0.1935025858472, 0, 1, 49.95478620532, 50, 49.95487020259, 0.000478599860582, 0, 0, 0, 0, 0, 0, 0, 0, 36.29707181277, 33.34720714602, 36.29697138851, 33.34714345014, 36.29560573143, 33.34717530021, 36.29707236294, 33.34720714815, 0, 36.29697209886, 33.34714345227, -0.003426480876395, 0, -0.2080331627135, -0.002317146025293, 0.1899627309949, -0.002317146025293, 0.7870600936337, 0.7872939157749, -0.7876091719337, -0.7877060970141, -0.0002686532823491, -0.0001534034305167, 0.7872116198993, 0.787346588887, 0, -0.787823423126, -0.787653395748, -0, -0, -0, -0, 0.001815381042488, 0.3940719553559, 0.3912534843694, 0.393966667069, 0, 0.3912312985434, 0.3941772436427
2.65, 0.2019859453294, 0.1867477966002, -0.1960678742148, 0.1869136079647, 0.04699700595042, 0.0008302455015123, -0.0308830127983, -0.01187970146309, 0, -177.8038296255, -2000, 12.871144586, 2000, 7598.555186865, 3180.66326308, 7609.342198512, 3192.219593306, 55.32749083402, 20.23686358459, 24.82164941132, 65.03632624849, -237.3412552923, 6.131551626606, 242.038718073, 4.923190762692, 5398.936538651, 4023.632698171, 5402.034094019, 3933.845999441, 3, 6.754977206926, 79.85219936661, -6.615437275893, -83.13387725265, -0.6297290942485, 1.324790567717, -0.5093926506116, 1.629882259385, 0, 0, 0.2094857382454, -0, -0, -0, -0, -0, 0.2094858391014, 0.004588844491693, 0, 0, 0, 0, 0, -0.006506587310053, 0.004588875163504, -0.0232153743973, -0.006506543820308, 0.03031773385209, -0.006506543820308, 14.84321747122, 14.8480872738, 14.84315448274, 14.84812293932, 36.64252258279, -0.2042037508431, 0.1939813662473, 0, 1, 49.95754746392, 50, 49.95764256751, 0.0005365293087678, 0, 0, 0, 0, 0, 0, 0, 0, 36.64398883426, 33.69412700178, 36.64388921832, 33.69405821046, 36.64252258279, 33.69409260807, 36.64398940847, 33.69412700373, 0, 36.64388990649, 33.69405821241, -0.003414201388432, 0, -0.207534429784, -0.002502509306671, 0.1904576207772, -0.002502509306671, 0.7870311887825, 0.7872836010581, -0.7876382462619, -0.7877164075953, -0.0002987718082553, -0.0001716519584131, 0.7871897142934, 0.7873283422126, 0, -0.7878452669737, -0.7876716461295, -0, -5.551115123126e-17, -0, 5.551115123126e-17, 0.001814193819776, 0.3940742218638, 0.3912451142211, 0.3939847928816, 0, 0.3912389211361, 0.394163650846
2.675, 0.2043085491498, 0.1702721764502, -0.1937792930012, 0.1704101665053, 0.04461651400178, 0.001115505200446, -0.03257859224414, -0.007857553040235, 0, -181.4625741307, -2000, 26.37643686536, 2000, 7599.741307982, 3180.054038693, 7608.337172657, 3192.654897708, 53.97866576907, 21.2650248841, 25.3506443629, 64.23051759094, -237.0505846474, 8.819843099554, 242.4165474265, 6.931083038191, 5402.533151657, 4037.765698211, 5398.63167504, 3919.032156458, 3, 7.190982072649, 73.55089485709, -6.973231034522, -75.80729062688, -0.6172057838985, 1.312638227584, -0.5199116997293, 1.638248570523, 0, 0, 0.2095588407453, -0, -0, -0, -0, -0, 0.2095589830796, 0.003237371479486, 0, 0, 0, 0, 0, -0.008604282907115, 0.003237393133164, -0.02413243216346, -0.008604225356297, 0.02935468742565, -0.008604225356297, 14.98377579332, 14.98871300609, 14.98371121541, 14.98874688407, 36.98945856922, -0.2063912281876, 0.1917878712655, 0, 1, 49.96026303579, 50, 49.96032740955, 0.0002879998174766, 0, 0, 0, 0, 0, 0, 0, 0, 36.99092666298, 34.04106224043, 36.99082438991, 34.04099588665, 36.98945856922, 34.04102906603, 36.99092726608, 34.04106224292, 0, 36.99082504864, 34.04099588914, -0.00339292364365, 0, -0.2096972632148, -0.002413835915903, 0.1882888711157, -0.002413835915903, 0.7870036811798, 0.7872458781504, -0.7876659918307, -0.7877541382113, -0.0003286922686917, -0.0001949509899735, 0.7871684657524, 0.7873050394315, 0, -0.7878664400031, -0.7876949414114, -0, -0, 5.551115123126e-17, -0, 0.001813000159764, 0.3940748980917, 0.3912379470665, 0.3939566375933, 0, 0.3912457022867, 0.3941931585901
2.7, 0.2048235569562, 0.1693237399598, -0.1932541255128, 0.1694595637208, 0.04535169728075, 0.001111533637674, -0.03274579261261, -0.007635181488053, 0, -183.2439729871, -2000, 28.5859846871, 2000, 7601.186244013, 3180.331148818, 7607.069729117, 3191.945270382, 53.48872288634, 21.07327929916, 25.23956463383, 63.95360309488, -237.3069391812, 9.056042589734, 242.2060341875, 7.08550588985, 5404.599247551, 4040.875810287, 5396.749248422, 3918.332063473, 3, 7.202901547529, 72.98411517047, -6.999141463404, -75.24248940404, -0.6019225632879, 1.322653198188, -0.5332280437575, 1.619366590618, 0, 0, 0.2096209264959, -0, -0, -0, -0, -0, 0.2096210603576, 0.001910351051865, 0, 0, 0, 0, 0, -0.008880397688654, 0.001910363837126, -0.02511412845778, -0.008880338255811, 0.02832944175212, -0.008880338255811, 15.12434018746, 15.12934485645, 15.12427617746, 15.1293780689, 37.33641336886, -0.2065106647729, 0.1916636126528, 0, 1, 49.96292457765, 50, 49.96298806453, 0.0002710057596346, 0, 0, 0, 0, 0, 0, 0, 0, 37.33788122718, 34.38801724893, 37.33778028534, 34.38795035458, 37.33641336886, 34.38798380435, 37.33788185497, 34.38801725153, 0, 37.33778092087, 34.38795035718, -0.00332950994709, 0, -0.2097496720139, -0.002433500964042, 0.1882317431155, -0.002433500964042, 0.7869773262527, 0.7872232133661, -0.7876925697507, -0.7877768041308, -0.0003567673046082, -0.0002157176358145, 0.7871488123813, 0.7872842721951, 0, -0.7878860188991, -0.7877157074668, 5.551115123126e-17, -0, -5.551115123126e-17, -0, 0.001811835383603, 0.3940724973845, 0.3912338284572, 0.3939504418613, 0, 0.3912494556642, 0.3941945529078
2.725, 0.2053103198468, 0.1866176765841, -0.1927717373359, 0.1867813090117, 0.04976360532129, 0.0007002148240136, -0.03116259286577, -0.01122351692911, 0, -127.0915601378, -2000, -29.30869752703, 2000, 7602.733565711, 3182.390720444, 7605.696242478, 3189.371379433, 56.02417333919, 19.50213811801, 22.24276728498, 63.43341577129, -237.7454616537, 5.199506596841, 241.7007813044, 4.160350946127, 5405.203814369, 4020.277107414, 5396.45950383, 3941.128082985, 3, 7.085212076507, 79.46918813101, -6.86513913461, -82.58868436268, -0.5855209785701, 1.376785138645, -0.5477001464215, 1.55454722605, 0, 0, 0.2097070331802, -0, -0, -0, -0, -0, 0.2097070849775, 0.0007290740090083, 0, 0, 0, 0, 0, -0.005735705321723, 0.0007290788924361, -0.02608353887967, -0.005735666903498, 0.02731786387424, -0.005735666903498, 15.26491039295, 15.2699825476, 15.26484920161, 15.27001637075, 37.68338620016, -0.2039832980133, 0.1941868412616, 0, 1, 49.96553246369, 50, 49.96562513967, 0.0005156046642835, 0, 0, 0, 0, 0, 0, 0, 0, 37.68485159119, 34.73499341118, 37.684756763, 34.73491972703, 37.68338620016, 34.73495657095, 37.68485223499, 34.73499341303, 0, 37.68475738442, 34.73491972887, -0.003218833049608, 0, -0.2071080285726, -0.002680502282153, 0.1908693246237, -0.002680502282153, 0.7869531178606, 0.7872292675789, -0.7877169934073, -0.7877707385892, -0.0003817880831643, -0.0002312865951779, 0.7871312228695, 0.7872687085971, 0, -0.7879035351879, -0.7877312817875, -0, -5.551115123126e-17, -0, -0, 0.001810559262518, 0.3940703115808, 0.3912326211835, 0.3939914778916, 0, 0.3912500361991, 0.3941491452701
2.75, 0.2055785937855, 0.1674953999176, -0.192483161147, 0.1676272514675, 0.04629096359734, 0.001009637245363, -0.03309271020583, -0.006311768521276, 0, -180.7429803292, -2000, 21.72825054819, 2000, 7603.677784264, 3181.004681996, 7604.930823845, 3190.707448234, 52.89704175495, 20.50959547227, 24.68938651449, 63.07455903981, -238.1501928096, 8.888125320017, 241.4505105557, 6.931197432702, 5405.960639936, 4039.441006929, 5396.11446258, 3918.362262792, 3, 7.017025586542, 72.59008091202, -6.832606528897, -73.44983018773, -0.5754077026396, 1.344383507988, -0.555829165979, 1.585076740088, 0, 0, 0.2098220585572, -0, -0, -0, -0, -0, 0.2098221658439, -2.079423604132e-05, 0, 0, 0, 0, 0, -0.00877423321509, -2.079437547652e-05, -0.02648868593024, -0.008774174380035, 0.02687093297588, -0.008774174380035, 15.40548903722, 15.41062753785, 15.4054273003, 15.41066032609, 38.0303765788, -0.2063345656501, 0.191831153196, 0, 1, 49.96808491402, 50, 49.96812465805, 0.0002732899625046, 0, 0, 0, 0, 0, 0, 0, 0, 38.03184331263, 35.08198056029, 38.03174737263, 35.0819144262, 38.0303765788, 35.08194749578, 38.0318439736, 35.08198056282, 0, 38.03174797662, 35.08191442873, -0.003138460949854, 0, -0.2093774065413, -0.002405843995939, 0.1885955749667, -0.002405843995939, 0.7869355640618, 0.7871858693477, -0.7877347550194, -0.7878141477318, -0.0004012329290915, -0.0002537914118261, 0.7871164347942, 0.78724619866, 0, -0.7879182452505, -0.7877537814836, -0, -0, -0, -0, 0.001809160018568, 0.394073896505, 0.3912311122938, 0.3939533001477, 0, 0.3912507249754, 0.3941944928623
2.775, 0.2058023903782, 0.1679489753642, -0.1922642327248, 0.168081155628, 0.04654933453754, 0.0009585889848699, -0.03316075679389, -0.005989230106649, 0, -177.170401891, -2000, 17.53348625534, 2000, 7604.540493231, 3181.157641768, 7604.262191578, 3190.225115183, 52.63939424854, 20.16522672993, 24.36116577109, 62.68796757399, -238.4934188246, 8.713635478544, 241.1518326432, 6.784818765032, 5406.39445328, 4037.751372317, 5396.074855576, 3917.418913364, 3, 6.948155147575, 72.84719979074, -6.745771217395, -73.24014684164, -0.5661272091664, 1.350215366679, -0.562965250986, 1.572066731467, 0, 0, 0.2099711202136, -0, -0, -0, -0, -0, 0.2099712184912, -0.0006519443747847, 0, 0, 0, 0, 0, -0.00872015212815, -0.000651948752594, -0.02693381452623, -0.008720093572629, 0.0263798870779, -0.008720093572629, 15.54607328508, 15.55127794717, 15.54601300793, 15.55131130809, 38.3773841502, -0.2061731113439, 0.1919878888235, 0, 1, 49.9705845483, 50, 49.97061349388, 0.0002331838447966, 0, 0, 0, 0, 0, 0, 0, 0, 38.37885031001, 35.42898784747, 38.37875755606, 35.42892333168, 38.3773841502, 35.42895559203, 38.37885098119, 35.42898784993, 0, 38.37875814986, 35.42892333414, -0.003024579332714, 0, -0.2091003723562, -0.002346972871468, 0.188867923753, -0.002346972871468, 0.786918826435, 0.787168089744, -0.7877517230352, -0.7878319271756, -0.0004188596416279, -0.0002719424981427, 0.7871027362028, 0.7872280477207, 0, -0.7879318601554, -0.787771932717, -0, -0, -0, -0, 0.001807699052099, 0.3940765190558, 0.3912302467069, 0.3939566660104, 0, 0.391250805432, 0.3941963721012
2.8, 0.2058953720563, 0.1787083083554, -0.192182433272, 0.1788575140764, 0.04894417783461, 0.0007567920864312, -0.03200810146104, -0.009716275829913, 0, -155.8911676318, -2000, 1.085443565971, 2000, 7605.247580521, 3181.848907028, 7603.769159858, 3188.840884974, 53.64888329275, 19.30928483408, 22.78274544511, 62.88840178997, -238.7790792947, 6.857449864271, 240.859413454, 5.426591422388, 5406.325269292, 4027.469382458, 5396.352149672, 3928.158545836, 3, 6.823595044867, 75.82137537804, -6.587148282483, -78.98985089087, -0.5584656858473, 1.370164094209, -0.5682717254144, 1.537923896149, 0, 0, 0.2101269906921, -0, -0, -0, -0, -0, 0.2101270520244, -0.001095746172226, 0, 0, 0, 0, 0, -0.007196774848775, -0.001095753541095, -0.02727668712208, -0.007196726450921, 0.0259837720284, -0.007196726450921, 15.6866636913, 15.69193432515, 15.68660560347, 15.69196870736, 38.72440885335, -0.2050963664607, 0.1930583768091, 0, 1, 49.97303538773, 50, 49.973132304, 0.0006032528022409, 0, 0, 0, 0, 0, 0, 0, 0, 38.7258736797, 35.77601345207, 38.72578574118, 35.77594797248, 38.72440885335, 35.77598071433, 38.7258743555, 35.77601345413, 0, 38.72578632978, 35.77594797454, -0.00289665615253, 0, -0.2078943690971, -0.002382034469059, 0.190067724314, -0.002382034469059, 0.7869037926621, 0.7871628157695, -0.7877670299022, -0.7878371952938, -0.0004342876385189, -0.0002876912183842, 0.787090043716, 0.7872123018888, 0, -0.7879444618572, -0.7877876843256, -0, -0, -0, -0, 0.001806318360275, 0.3940760646918, 0.391230383416, 0.3939771495167, 0, 0.3912502542894, 0.394174979867
2.825, 0.2057639499566, 0.1808876631675, -0.1923060156705, 0.1810405095325, 0.04954744002804, 0.0007310021321692, -0.03180547171969, -0.01015470862376, 0, -147.9075584653, -2000, -7.444516783433, 2000, 7605.711162282, 3182.01657118, 7603.489545259, 3188.395869701, 53.75257071309, 18.92387993282, 22.07277401894, 62.68181748357, -238.8770285186, 6.694953361541, 240.7744634879, 5.286146850858, 5406.360355322, 4024.526966349, 5396.41090269, 3929.963463093, 3, 6.753656287928, 76.74313113757, -6.525262585557, -79.93767834266, -0.5533475710485, 1.375831527582, -0.5713457506802, 1.526011863935, 0, 0, 0.2102312847753, -0, -0, -0, -0, -0, 0.2102313370557, -0.00139104219623, 0, 0, 0, 0, 0, -0.00685274910446, -0.001391051560247, -0.0274811816959, -0.006852702974403, 0.02573396624253, -0.006852702974403, 15.82726074548, 15.83259699798, 15.82720437267, 15.83263193267, 39.07145091168, -0.2047100256256, 0.1934402145716, 0, 1, 49.97542530382, 50, 49.9755169427, 0.0005114184387063, 0, 0, 0, 0, 0, 0, 0, 0, 39.07291455935, 36.12305488778, 39.07283041015, 36.12299132758, 39.07145091168, 36.12302310958, 39.07291523856, 36.12305488968, 0, 39.07283099464, 36.12299132948, -0.002774421557446, 0, -0.207384992926, -0.002312210269652, 0.1905726693846, -0.002312210269652, 0.7868901559342, 0.7871478994275, -0.7877808967259, -0.787852110555, -0.0004483443002204, -0.0003049730520665, 0.7870778032932, 0.7871950206742, 0, -0.7879566228075, -0.7878049667783, -0, -0, -0, -0, 0.001805205623852, 0.3940771979489, 0.3912303128563, 0.3939830111934, 0, 0.3912501380214, 0.3941713847045
2.85, 0.2058294782699, 0.1948902968887, -0.1922189161727, 0.1950671947774, 0.0519285676137, 0.0004214549687352, -0.01667067027209, 0.001256521135772, 0, -101.1324396127, -1324.699723346, -57.41838989862, 1537.637488681, 7606.149204482, 3183.422791656, 7603.205729246, 3186.664067693, 55.82148235219, 17.51779241881, 19.37788639087, 61.80960140366, -238.9900228428, 3.652092348211, 240.5908830518, 2.812756979389, 5406.032832829, 4007.291455578, 5396.84142196, 3948.554493244, 3, 6.517574926478, 82.68157099713, -6.331227694831, -85.17812102705, -0.5485007625928, 1.411095280465, -0.5744629458467, 1.483603714816, 0, 0, 0.2102932350777, -0, -0, -0, -0, -0, 0.2102932507556, -0.0016195332383, 0, 0, 0, 0, 0, -0.004256501239383, -0.001619544146866, -0.02773643122876, -0.004256472569383, 0.025440419479, -0.004256472569383, 15.96786335466, 15.9732647532, 15.96781011322, 15.97330174435, 39.41850987703, -0.2023579789618, 0.1957891830513, 0, 1, 49.97775899434, 50, 49.977828039, 0.0003241976002016, 0, 0, 0, 0, 0, 0, 0, 0, 39.41997057394, 36.47011519098, 39.4198931731, 36.47004883886, 39.41850987703, 36.47008201615, 39.41997125123, 36.47011519221, 0, 39.41989375845, 36.47004884009, -0.002640418032544, 0, -0.2048979614912, -0.002413775441441, 0.1930567072148, -0.002413775441441, 0.7868761793076, 0.7871515391311, -0.7877950679547, -0.7878484638174, -0.0004619850664902, -0.0003191866607023, 0.78706556991, 0.7871808104674, 0, -0.787968789127, -0.7878191837888, -0, -0, -0, -0, 0.001804239878828, 0.3940758495611, 0.3912309644516, 0.3940173466108, 0, 0.3912492813086, 0.3941343525115
2.875, 0.2047535327053, 0.1910852667025, -0.193290164071, 0.1912554840356, 0.05091994494017, 0.0004963677158541, -0.03084228665808, -0.01169002788684, 0, -132.521400183, -2000, -26.74452607182, 2000, 7606.182956053, 3182.727714701, 7603.318338238, 3187.06891693, 54.05688157409, 17.47854676139, 20.59345753089, 61.98771788215, -239.248496191, 4.639178499297, 240.4249373995, 3.646819243267, 5405.35240054, 4013.583472382, 5397.75607028, 3943.608602512, 3, 6.464410542459, 81.00626475203, -6.278677637422, -83.7198350815, -0.5479001354925, 1.394818071254, -0.5734151277978, 1.493295315821, 0, 0, 0.2103516454445, -0, -0, -0, -0, -0, 0.2103516708118, -0.001489490661654, 0, 0, 0, 0, 0, -0.005070880572873, -0.001489500699876, -0.02757127963149, -0.005070846398578, 0.02557044605771, -0.005070846398578, 16.10847314104, 16.11393902348, 16.1084207838, 16.11397633575, 39.76558490219, -0.2030370261633, 0.1951065696781, 0, 1, 49.98003669676, 50, 49.98011423326, 0.0003883710521385, 0, 0, 0, 0, 0, 0, 0, 0, 39.76704514616, 36.81718779895, 39.76696945271, 36.81712615922, 39.76558490219, 36.81715698045, 39.76704582135, 36.81718780032, 0, 39.76697003925, 36.81712616059, -0.002547560203035, 0, -0.2054847340383, -0.002242346877478, 0.1924664446944, -0.002242346877478, 0.7868662198711, 0.7871284902008, -0.7878052025762, -0.7878715147613, -0.0004721480302836, -0.0003366355175445, 0.7870544834266, 0.7871633607952, 0, -0.7879798108344, -0.7878366318303, -0, -0, -0, -0, 0.001803183954311, 0.3940745083422, 0.3912323204386, 0.394004812257, 0, 0.3912474589049, 0.3941442044275
2.9, 0.2019249778299, 0.16331800449, -0.1960429148831, 0.163442584627, 0.04330196123642, 0.001145021599887, -0.03345594717907, -0.0033259530118, 0, -304.983381622, -2000, 146.8134264808, 2000, 7605.754157165, 3178.464239264, 7603.915901967, 3190.408801024, 47.38015817612, 18.56458109848, 26.18901923166, 61.88488299355, -239.7448516122, 12.22490223736, 240.1993440853, 8.948883780907, 5404.969101749, 4061.070343597, 5398.583456117, 3900.856107134, 3, 5.391136931689, 71.4201737061, -5.351065454592, -69.54172018759, -0.552170949575, 1.28922485351, -0.5672681851258, 1.580128572503, 0, 0, 0.2104688480911, -0, -0, -0, -0, -0, 0.2104690196681, -0.001030799849536, 0, 0, 0, 0, 0, -0.01161027177052, -0.001030806804216, -0.02707272984379, -0.01161019343784, 0.0260240346304, -0.01161019343784, 16.24908961164, 16.25461812144, 16.24903636787, 16.25465680958, 40.11267494336, -0.2060274500661, 0.1921126716807, 0, 1, 49.98226386516, 50, 49.98223013957, -0.0001692572246831, 0, 0, 0, 0, 0, 0, 0, 0, 40.11413737372, 37.16426913802, 40.11405891505, 37.16422441901, 40.11267494336, 37.16424678078, 40.11413804626, 37.16426914029, 0, 40.1140595028, 37.16422442128, -0.00251606105157, 0, -0.2084454547331, -0.001626800552214, 0.1895023093006, -0.001626800552214, 0.7868593412357, 0.7870597731599, -0.7878123165134, -0.7879402585411, -0.0004794149270755, -0.000360389923992, 0.7870442008958, 0.7871395935907, 0, -0.7879900213913, -0.7878603734386, -0, -0, -0, -0, 0.001801806650876, 0.3940697862813, 0.3912330856052, 0.3939102103518, 0, 0.3912458093316, 0.3942293622107
2.925, 0.2019413011823, 0.1525757946647, -0.1959489780116, 0.1526843387541, 0.03880138992458, 0.001191954691907, -0.0346805741826, 0.001401162861227, 0, -359.3794767185, -2000, 190.0746698594, 2000, 7605.332476887, 3177.348041555, 7604.507390993, 3191.610254403, 45.62151577363, 18.47624903693, 27.16859532208, 60.58745676533, -240.3416998509, 13.46697955703, 239.6937422671, 9.682598052727, 5402.492976421, 4068.881714793, 5401.613135486, 3887.165895648, 3, 4.633726256971, 68.46036924753, -4.746584790974, -62.46439042334, -0.5563777940074, 1.257425881208, -0.5611687854049, 1.612425479464, 0, 0, 0.2106067729434, -0, -0, -0, -0, -0, 0.2106070104272, -0.0002579541828695, 0, 0, 0, 0, 0, -0.01316843061041, -0.0002579559255366, -0.02640126689447, -0.01316834164854, 0.02665358262758, -0.01316834164854, 16.38971110309, 16.39530194504, 16.38965815274, 16.39534301506, 40.45977990125, -0.2064595163151, 0.1916779554214, 0, 1, 49.98442497045, 50, 49.98429288108, -0.0006236208393103, 0, 0, 0, 0, 0, 0, 0, 0, 40.461243121, 37.51137180393, 40.46116495894, 37.51133311244, 40.45977990125, 37.51135246041, 40.46124377814, 37.51137180615, 0, 40.4611655596, 37.51133311466, -0.002489082626449, 0, -0.2088529490214, -0.001407529667941, 0.1890921946666, -0.001407529667941, 0.7868544112649, 0.7870342004331, -0.7878174594927, -0.7879658406892, -0.0004838197321176, -0.0003752493602303, 0.7870346882694, 0.7871247296034, 0, -0.7879994604297, -0.7878752283238, 5.551115123126e-17, -0, -0, -0, 0.001800312543298, 0.3940756393824, 0.3912380202648, 0.3938946475355, 0, 0.3912397721382, 0.3942566312294
2.95, 0.1994303333512, 0.1559753040604, -0.1984501202029, 0.156088695164, 0.03807708690338, 0.0009866510561904, -0.03398530081007, 0.001519432589446, 0, -398.952231287, -2000, 229.2958205024, 2000, 7604.651183843, 3177.357506845, 7605.395145369, 3191.427857922, 44.61866735654, 17.73245223977, 27.468204911, 59.79061395036, -240.8275939756, 11.70626294321, 239.2704483996, 8.481237753796, 5399.26562027, 4059.006155199, 5405.204528189, 3892.389726801, 3, 3.940385587967, 70.01277814552, -4.066964822221, -63.24411842745, -0.563341803596, 1.255504399919, -0.5519278646947, 1.610302885235, 0, 0, 0.2107652061294, -0, -0, -0, -0, -0, 0.2107654237593, 0.0008289315347668, 0, 0, 0, 0, 0, -0.01207422069639, 0.0008289371432275, -0.02556947993176, -0.01207413900391, 0.02742873957703, -0.01207413900391, 16.53033767612, 16.53599136774, 16.5302858918, 16.53603411486, 40.80689949033, -0.2052922037003, 0.1928416395782, 0, 1, 49.98653288239, 50, 49.98637595128, -0.0008069681217454, 0, 0, 0, 0, 0, 0, 0, 0, 40.80836277605, 37.85849209158, 40.80828665201, 37.8584534427, 40.80689949033, 37.85847276918, 40.80836340894, 37.85849209362, 0, 40.80828727394, 37.85845344474, -0.00248295849418, 0, -0.2076824915043, -0.00140597950546, 0.1902590893073, -0.00140597950546, 0.7868508904153, 0.7870319859176, -0.7878212815482, -0.7879680485799, -0.0004859098014331, -0.0003849854223682, 0.7870254905724, 0.7871149968546, 0, -0.7880085721178, -0.7878849676994, -0, -5.551115123126e-17, 5.551115123126e-17, -0, 0.0017988156135, 0.3940802742358, 0.3912444518365, 0.3939143216215, 0, 0.3912326154721, 0.39424622685
2.975, 0.2002510891782, 0.1535226946464, -0.1976146509155, 0.1536329339752, 0.03578810724603, 0.001031968431684, -0.03450847576153, 0.00223623205505, 0, -392.994338838, -2000, 223.5170367209, 2000, 7603.612335813, 3176.169023536, 7606.635253196, 3192.386517281, 44.34654206629, 17.49210201071, 27.03122225164, 59.50394750045, -240.9367897338, 12.3664567043, 239.1893583797, 8.865083155832, 5395.847146649, 4063.744865425, 5408.681877744, 3886.46772963, 3, 3.944091101988, 69.06857548564, -4.089855532338, -61.95122729161, -0.5740939226476, 1.223652552417, -0.538949801192, 1.637143497392, 0, 0, 0.2108594902045, -0, -0, -0, -0, -0, 0.2108597600681, 0.002190871030984, 0, 0, 0, 0, 0, -0.01284677202224, 0.002190885867444, -0.02443125815072, -0.01284668502496, 0.02851966932559, -0.01284668502496, 16.67097085478, 16.67668575706, 16.67091801977, 16.67673054454, 41.15403427891, -0.2057472476847, 0.1923810595101, 0, 1, 49.98858467108, 50, 49.98840658938, -0.001057224934288, 0, 0, 0, 0, 0, 0, 0, 0, 41.15549915245, 38.20562552156, 41.15542115425, 38.20559028473, 41.15403427891, 38.20560790512, 41.15549975865, 38.20562552354, 0, 41.15542179916, 38.20559028671, -0.002532508459246, 0, -0.2081912344787, -0.001281854870761, 0.1897448995054, -0.001281854870761, 0.7868490471217, 0.7870158627991, -0.7878233601464, -0.7879841763969, -0.0004866729003684, -0.0003957970556481, 0.7870158778763, 0.7871041829522, 0, -0.7880180964253, -0.7878957770635, -0, -0, -0, -0, 0.001797646615819, 0.3940814516528, 0.3912512649356, 0.3939048808049, 0, 0.3912256848448, 0.3942580225008
3, 0.1998459040625, 0.1529571758372, -0.1980136266126, 0.1530671403535, 0.03441959659335, 0.00101313824592, -0.03444913039003, 0.002214513171475, 0, -394.5632453023, -2000, 224.3758144351, 2000, 7602.370122643, 3175.49286417, 7608.046354735, 3192.677924963, 44.16817779247, 17.17495669264, 26.55282492076, 59.10353721008, -240.8086493003, 12.00041962356, 239.3323954587, 8.60619644209, 5393.246376279, 4063.128899937, 5411.255516424, 3890.749532076, 3, 3.835267046076, 68.89341957698, -3.98624663308, -61.82672922017, -0.5870287183698, 1.205488918152, -0.5241282171467, 1.647302905354, 0, 0, 0.210884097809, -0, -0, -0, -0, -0, 0.2108843781959, 0.003575828477904, 0, 0, 0, 0, 0, -0.0124918446807, 0.003575852698874, -0.02333809803108, -0.0124917600672, 0.02956999009912, -0.0124917600672, 16.81160939722, 16.81738554886, 16.81155551281, 16.81743139776, 41.50118394523, -0.2057118272137, 0.192412324705, 0, 1, 49.99057980727, 50, 49.99039543351, -0.001193710524715, 0, 0, 0, 0, 0, 0, 0, 0, 41.50264994979, 38.55277484931, 41.50257003985, 38.55273965838, 41.50118394523, 38.55275725577, 41.50265052901, 38.55277485123, 0, 41.50257070832, 38.5527396603, -0.002611966096643, 0, -0.20823928268, -0.001280185309198, 0.1896928317441, -0.001280185309198, 0.7868451736099, 0.7870090141542, -0.7878274523319, -0.7879910228855, -0.0004890991585373, -0.0004050865989773, 0.7870045417455, 0.787094894488, 0, -0.7880293577016, -0.787905067686, -0, -0, 5.551115123126e-17, -0, 0.001796731155248, 0.3940778009607, 0.3912564488645, 0.3939061083673, 0, 0.3912205544397, 0.3942494935541
3.025, 0.1970223110848, 0.1484070163105, -0.2008529286838, 0.1485110891177, 0.03257960317607, 0.0008769778467056, -0.03408133633825, 0.001442930286003, 0, -414.1713482197, -2000, 243.7338631765, 2000, 7601.154482036, 3175.762133854, 7609.406106547, 3192.09883708, 43.5431139241, 17.91839674368, 26.7315433337, 57.8697658889, -240.4724593142, 9.946109369222, 239.6950614672, 7.394000228957, 5392.353754839, 4052.857069625, 5412.335499887, 3905.047612226, 3, 3.408055497635, 66.21558879299, -3.52462010156, -60.98197417499, -0.599734499283, 1.211059754875, -0.5097962061846, 1.635007421967, 0, 0, 0.2108909622297, -0, -0, -0, -0, -0, 0.2108911929348, 0.004706577946142, 0, 0, 0, 0, 0, -0.01071133289104, 0.004706609828349, -0.02257159738779, -0.01071126033315, 0.03029401952896, -0.01071126033315, 16.95225254231, 16.95809043238, 16.95219862261, 16.95813646655, 41.84834747041, -0.2041755669131, 0.1939461521584, 0, 1, 49.99251833134, 50, 49.99238473576, -0.0008908314559752, 0, 0, 0, 0, 0, 0, 0, 0, 41.84981358363, 38.89994008345, 41.84973356066, 38.89990068788, 41.84834747041, 38.8999203875, 41.84981413996, 38.89994008529, 0, 41.84973425067, 38.89990068972, -0.002706375448759, 0, -0.2068002382818, -0.00143314278597, 0.1911295937209, -0.00143314278597, 0.7868360955127, 0.7870124560188, -0.7878367584283, -0.7879875710109, -0.0004962483925141, -0.0004138866764236, 0.7869902301842, 0.787086099316, 0, -0.788043606352, -0.7879138726689, -0, 5.551115123126e-17, -0, 5.551115123126e-17, 0.001795731895419, 0.3940737932314, 0.3912582290917, 0.3939265726589, 0, 0.3912184004958, 0.3942210138039
3.05, 0.1969519633797, 0.1564637289399, -0.2009401597437, 0.1565799663626, 0.03374319002359, 0.0009979207109946, -0.0334608313369, 0.00049477840207, 0, -412.6367256387, -2000, 244.1714789477, 2000, 7600.118229355, 3175.135258455, 7610.595268528, 3192.737027475, 43.28347773369, 16.82264234492, 26.36743663435, 58.57992902143, -239.977475997, 10.78013788423, 240.2343456207, 7.804519490306, 5392.519525087, 4055.364380044, 5412.668277699, 3901.505646901, 3, 3.758206511294, 70.11170713764, -3.834448998711, -64.39997481783, -0.6106007028743, 1.192945653629, -0.4972097390631, 1.652689389569, 0, 0, 0.2109415268448, -0, -0, -0, -0, -0, 0.2109417872709, 0.005570012746457, 0, 0, 0, 0, 0, -0.01114970680259, 0.00557005049564, -0.02189106300996, -0.01114963123894, 0.03093765594152, -0.01114963123894, 17.09290164606, 17.09879960195, 17.09284541251, 17.09884617014, 42.19552372217, -0.2048896635041, 0.1932281084188, 0, 1, 49.9943992851, 50, 49.99426405181, -0.0008095509327376, 0, 0, 0, 0, 0, 0, 0, 0, 42.19699234644, 39.24711695483, 42.19690800137, 39.24707689895, 42.19552372217, 39.24709692884, 42.19699288821, 39.24711695678, 0, 42.19690870291, 39.2470769009, -0.002836196576487, 0, -0.2076466458146, -0.001457163886068, 0.1902793296781, -0.001457163886068, 0.7868236417336, 0.786996590771, -0.7878493949403, -0.7880034385409, -0.0005078967953431, -0.0004267378000422, 0.786973129106, 0.7870732470346, 0, -0.7880606372731, -0.7879267226347, -0, -0, -0, -5.551115123126e-17, 0.001794376779229, 0.394074823189, 0.3912579006753, 0.3939215774417, 0, 0.3912177352436, 0.3942280689362
3.075, 0.1986762652102, 0.153779732655, -0.1992029799838, 0.1538925722679, 0.03244511521819, 0.001196584838556, -0.03435717001256, 0.003218907199464, 0, -380.2004845154, -2000, 215.7056463795, 2000, 7599.372405222, 3174.275850715, 7611.531851647, 3193.948764296, 43.40428730067, 16.21684925587, 25.42833885946, 58.28845582529, -239.5203452268, 12.53478666664, 240.7424302282, 8.831094283861, 5392.583930607, 4061.542086108, 5413.151017884, 3889.147376711, 3, 4.583696254014, 70.52684044883, -4.672049342087, -62.05771766169, -0.6184510191271, 1.168327916209, -0.4872401874167, 1.683603327391, 0, 0, 0.211031116054, -0, -0, -0, -0, -0, 0.2110314431009, 0.006246307555557, 0, 0, 0, 0, 0, -0.01249295655635, 0.006246349924102, -0.02131983362917, -0.01249287181725, 0.03147010493253, -0.01249287181725, 17.2335556809, 17.23951321125, 17.23349656346, 17.23956017454, 42.54271235628, -0.205769254033, 0.1923420635587, 0, 1, 49.99622090918, 50, 49.99601848871, -0.001159202930168, 0, 0, 0, 0, 0, 0, 0, 0, 42.54418431831, 39.59430636035, 42.54409453332, 39.59426662609, 42.54271235628, 39.59428649539, 42.54418484857, 39.59430636252, 0, 42.54409524302, 39.59426662826, -0.002991074216623, 0, -0.2086831898883, -0.001445463826018, 0.1892363939096, -0.001445463826018, 0.78680863999, 0.7869729139696, -0.7878645741431, -0.7880271229687, -0.0005224976949716, -0.0004411783937899, 0.7869542265546, 0.7870588026359, 0, -0.7880794515224, -0.7879411594234, -0, -0, -0, -0, 0.001792774781152, 0.3940809772231, 0.3912577738484, 0.3939092693493, 0, 0.3912167716299, 0.3942526850969
3.1, 0.2007086287486, 0.1585155936769, -0.1971622244598, 0.1586357244368, 0.03349875211418, 0.001200092580093, -0.03384967256156, -0.001302377132116, 0, -348.2349767202, -2000, 183.031058124, 2000, 7598.999166031, 3174.061820687, 7612.130222443, 3193.734359625, 44.34614457771, 16.11856883132, 23.9612183001, 58.98568367981, -239.2366187999, 12.22488169248, 241.0415597592, 8.636044334929, 5392.355671909, 4059.212091358, 5413.743802551, 3891.784275089, 3, 4.752084846434, 70.39330381167, -4.837194424686, -66.54731572254, -0.622412966813, 1.163144447574, -0.480797623615, 1.680502561717, 0, 0, 0.2111367665463, -0, -0, -0, -0, -0, 0.2111370854568, 0.006681981185313, 0, 0, 0, 0, 0, -0.01213301996551, 0.006682026554414, -0.02090381978818, -0.01213293758543, 0.03183569427832, -0.01213293758543, 17.37421434751, 17.38023156467, 17.37415227274, 17.38027789184, 42.8899133473, -0.2066580448904, 0.1914459065837, 0, 1, 49.99799685109, 50, 49.99790531268, -0.0005829119846899, 0, 0, 0, 0, 0, 0, 0, 0, 42.89138875844, 39.94150976556, 42.89129354132, 39.94146599341, 42.8899133473, 39.94148788181, 42.89138928095, 39.94150976788, 0, 42.89129425528, 39.94146599573, -0.003142723419273, 0, -0.2097251304888, -0.001592355106586, 0.1881871784248, -0.001592355106586, 0.7867909678903, 0.7869625491848, -0.7878824910263, -0.7880374855202, -0.0005401916482363, -0.0004540177581109, 0.7869337137813, 0.7870459642812, 0, -0.7880998640006, -0.7879539997974, -0, -0, -0, -0, 0.001791174391456, 0.3940806720742, 0.3912582295937, 0.3939139113048, 0, 0.3912155894051, 0.3942474328436
3.125, 0.1962148836341, 0.1528915524623, -0.2016391677217, 0.1530034198135, 0.0322264301239, 0.001095795863236, -0.03360762233464, -9.072096747453e-05, 0, -406.9655914879, -2000, 238.4350092113, 2000, 7598.728202761, 3174.58693958, 7612.611010435, 3193.180790613, 42.60510158907, 16.62604822312, 25.13188823315, 57.48731826509, -239.1199109227, 10.80165732131, 241.2183670433, 7.791793694875, 5393.416922328, 4051.992253046, 5412.771081426, 3899.053559749, 3, 4.286349742427, 68.27724770427, -4.407652174089, -63.90936133833, -0.6253113644017, 1.175115614013, -0.475576955887, 1.667830749727, 0, 0, 0.2111668886256, -0, -0, -0, -0, -0, 0.2111671660646, 0.006835760304341, 0, 0, 0, 0, 0, -0.01108303428187, 0.006835806730811, -0.02094279147749, -0.01108295900948, 0.0317346786092, -0.01108295900948, 17.51487604931, 17.52095407418, 17.51481398145, 17.52099953581, 43.23712726106, -0.2044696623573, 0.1936311039449, 0, 1, 49.99970357226, 50, 49.99959106599, -0.0007769993907935, 0, 0, 0, 0, 0, 0, 0, 0, 43.23860319864, 40.28872669735, 43.23850735058, 40.28867685691, 43.23712726106, 40.28870177954, 43.23860371702, 40.28872669976, 0, 43.23850807, 40.28867685932, -0.003287896108443, 0, -0.2076817513773, -0.00181310920513, 0.1902275741859, -0.00181310920513, 0.7867688097838, 0.7869565842213, -0.7879049850185, -0.7880434444558, -0.0005611853181423, -0.0004672014754097, 0.7869118210465, 0.7870327833974, 0, -0.7881216693093, -0.7879671863483, -0, -0, -0, -5.551115123126e-17, 0.001789926077742, 0.394080624288, 0.391256115452, 0.393928294915, 0, 0.3912175274789, 0.3942329536609
3.15, 0.1975618054903, 0.1570283432777, -0.2003077923031, 0.1571463072408, 0.03315465159426, 0.001200037974945, -0.03381016651948, 0.0023546288021, 0, -388.200324047, -2000, 224.9416021166, 2000, 7598.662985965, 3174.177798759, 7612.864307511, 3193.790666325, 42.4321430603, 15.15255882728, 24.51269444802, 57.46771595177, -239.0082857612, 11.96654416563, 241.3549300788, 8.346457217334, 5393.776547834, 4058.239799528, 5412.457896813, 3892.762529533, 3, 4.737742885743, 71.92410054286, -4.816705079617, -63.82575678304, -0.6260528068025, 1.163274681662, -0.4727392873976, 1.683144354194, 0, 0, 0.2111552459886, -0, -0, -0, -0, -0, 0.2111555627152, 0.006914668884473, 0, 0, 0, 0, 0, -0.01199166941621, 0.006914715841689, -0.0208190130014, -0.01199158798161, 0.0318142532036, -0.01199158798161, 17.65554357273, 17.66168026851, 17.6554785438, 17.66172538427, 43.58435331952, -0.2054183934982, 0.1926771600879, 0, 1, 50.00135186254, 50, 50.0011427464, -0.001371289040583, 0, 0, 0, 0, 0, 0, 0, 0, 43.58583205613, 40.63595386479, 43.58573046758, 40.63590187819, 43.58435331952, 40.63592787421, 43.5858325742, 40.63595386751, 0, 43.58573118458, 40.63590188092, -0.003448343025183, 0, -0.2087913960262, -0.001891182381303, 0.1891128900616, -0.001891182381303, 0.7867474768794, 0.7869347986018, -0.7879265358831, -0.7880652350355, -0.0005828385706053, -0.0004827400118506, 0.7868896426304, 0.7870172423116, 0, -0.7881437638693, -0.7879827223353, 5.551115123126e-17, -0, -0, 5.551115123126e-17, 0.001788831634641, 0.39408066634, 0.3912553993747, 0.3939158483456, 0, 0.3912181510512, 0.3942454843344
3.175, 0.1952811969605, 0.1175076868859, -0.2025748609001, 0.1175740631109, 0.02387031281184, 0.0009849271178818, -0.03653898270805, 0.004042577378222, 0, -411.628783644, -2000, 244.0443278214, 2000, 7598.744500575, 3174.906079969, 7612.955416328, 3192.941238283, 41.10894088342, 20.18210463612, 25.58039878981, 53.1535278221, -239.1732837259, 9.34346362036, 241.2306719695, 7.199919032925, 5394.380350918, 4049.855627455, 5412.127903967, 3903.156027318, 3, 3.813322314743, 52.37873048102, -3.913340867917, -49.36239413929, -0.6252530185962, 1.181467196576, -0.4716059450311, 1.66262841134, 0, 0, 0.2111630237687, -0, -0, -0, -0, -0, 0.2111632836504, 0.006867701819978, 0, 0, 0, 0, 0, -0.01063090486536, 0.006867748461679, -0.02103785666063, -0.01063083266634, 0.03154633997302, -0.01063083266634, 17.79621340538, 17.8024106024, 17.79614903154, 17.80245460233, 43.93159046612, -0.2022068387254, 0.1958850730124, 0, 1, 50.00295328005, 50, 50.00287696172, -0.0005777495800649, 0, 0, 0, 0, 0, 0, 0, 0, 43.93306890773, 40.9831944341, 43.93296802787, 40.98313539109, 43.93159046612, 40.98316491534, 43.93306942354, 40.98319443684, 0, 43.93296875037, 40.98313539383, -0.003587377428391, 0, -0.2057180447019, -0.002147882755464, 0.1921827735635, -0.002147882755464, 0.7867236323753, 0.7869312125049, -0.7879506425019, -0.7880688134991, -0.0006055267293557, -0.0004956819455284, 0.7868672921192, 0.7870043039458, 0, -0.7881660414979, -0.7879956678369, -0, -0, -0, -0, 0.001787592718393, 0.3940786668673, 0.3912541960339, 0.3939325517302, 0, 0.3912188094189, 0.3942247820044
3.2, 0.1932617622893, 0.04466276768336, -0.2046346477367, 0.04467269456109, 0.006612591341908, 0.0008162912242899, -0.04339481902497, 0.008218162850232, 0, -431.011815974, -2000, 263.3579293941, 2000, 7598.924639934, 3175.524959531, 7612.945217017, 3192.180540503, 38.50554859785, 27.48090925747, 27.6696497926, 44.73157289699, -239.4320809879, 7.505913913463, 241.0477978567, 6.285308941602, 5395.120783346, 4042.381210462, 5411.875227239, 3911.570461463, 3, 2.156844862728, 20.78537537219, -2.168863282962, -18.35236217098, -0.6234114696596, 1.197564754409, -0.4715444079386, 1.643603631367, 0, 0, 0.2112011838908, -0, -0, -0, -0, -0, 0.2112013987117, 0.006741808501501, 0, 0, 0, 0, 0, -0.009479484834025, 0.006741854304753, -0.02135894810296, -0.009479420431548, 0.03117651390782, -0.009479420431548, 17.93688673583, 17.94314437584, 17.93682379709, 17.94318722003, 44.27883817263, -0.1981487779422, 0.1999401866491, 0, 1, 50.00449552638, 50, 50.00444008676, -0.0004156643904939, 0, 0, 0, 0, 0, 0, 0, 0, 44.2803158299, 41.33044542126, 44.28021704548, 41.33037986261, 44.27883817263, 41.33041264465, 44.28031634357, 41.33044542397, 0, 44.28021777409, 41.33037986533, -0.003717951761679, 0, -0.2017893338271, -0.002384910213316, 0.19610868304, -0.002384910213316, 0.7866990296095, 0.7869254977396, -0.7879755067451, -0.788074522452, -0.0006287863443977, -0.0005093133386741, 0.7868448814537, 0.7869906752011, 0, -0.7881883807866, -0.7880093018784, -0, -0, -0, -0, 0.001786156459823, 0.3940777319851, 0.3912527202577, 0.3939474423962, 0, 0.3912193141411, 0.3942080215739
3.225, 0.187758799292, -0.1359203764376, -0.2102539157963, -0.1358358919658, -0.03518551435368, 0.0005794596754074, -0.06145433420621, -0.00391064012211, 0, -449.9108176945, -2000, 283.0344278755, 2000, 7599.350324472, 3177.533184186, 7612.716197505, 3189.888159931, 33.94035508169, 47.94566612702, 32.42006233033, 25.34450168444, -239.3507155872, 4.865103954947, 241.1810166458, 4.207474497892, 5397.684953425, 4017.096263512, 5409.905710097, 3935.970923498, 3, -1.115364173126, -59.52496622917, 1.352349362524, 55.3571862466, -0.6189808642383, 1.251416554671, -0.4737916712988, 1.583514475546, 0, 0, 0.211311583202, -0, -0, -0, -0, -0, 0.2113116824005, 0.006198618235118, 0, 0, 0, 0, 0, -0.005878923910942, 0.006198660392021, -0.02239120726229, -0.005878883928519, 0.03008765435999, -0.005878883928519, 18.0775609184, 18.08388217427, 18.07750504435, 18.08392211225, 44.62609558715, -0.187550033137, 0.2105352536973, 0, 1, 50.00598076962, 50, 50.00610860339, 0.0007769930750732, 0, 0, 0, 0, 0, 0, 0, 0, 44.62756771901, 41.67770899273, 44.62748149611, 41.67763183645, 44.62609558715, 41.67767041657, 44.62756822941, 41.67770899471, 0, 44.62748223701, 41.67763183843, -0.003794992487185, 0, -0.1912637117994, -0.002806812093673, 0.2066307379442, -0.002806812093673, 0.7866680523616, 0.7869369599, -0.7880067881301, -0.7880630465009, -0.000656423546972, -0.000522608516792, 0.7868209511969, 0.7869773863929, 0, -0.7882122293389, -0.7880226034265, -0, -0, -0, -0, 0.001784475452249, 0.3940786162652, 0.3912476096584, 0.3939978141341, 0, 0.3912232414563, 0.3941594183963
3.25, 0.1873455514893, -0.1336806944543, -0.2106686329726, -0.1335990752536, -0.03288593824913, 0.0006540291414819, -0.06102795253979, -0.003509967098252, 0, -446.9354339553, -2000, 280.2522165481, 2000, 7600.008463074, 3177.929007291, 7612.296028307, 3189.141176663, 33.68161555819, 47.46778570698, 32.05563565556, 25.44574199727, -238.9158292555, 5.106593682737, 241.6655361984, 4.451011917384, 5401.418070867, 4012.780971709, 5406.679191937, 3935.946319072, 3, -0.9084579672587, -58.2082264265, 1.161544342285, 54.06295464245, -0.6120902974654, 1.264452074536, -0.4780645824043, 1.562946770051, 0, 0, 0.2115038647533, -0, -0, -0, -0, -0, 0.2115039491974, 0.005287488710993, 0, 0, 0, 0, 0, -0.00556799000478, 0.005287524736763, -0.02311142397364, -0.005567952068071, 0.02931057640259, -0.005567952068071, 18.21824271177, 18.22462258312, 18.21818569294, 18.22466073526, 44.97336219416, -0.1877497662107, 0.210329218454, 0, 1, 50.00741253678, 50, 50.00754735545, 0.00093668091433, 0, 0, 0, 0, 0, 0, 0, 0, 44.9748366357, 42.02497866181, 44.97474843257, 42.02489712168, 44.97336219416, 42.02493789373, 44.97483716323, 42.02497866379, 0, 44.97474915343, 42.02489712366, -0.003855546636506, 0, -0.1915212701314, -0.002966289145679, 0.2063669156611, -0.002966289145679, 0.7866378081944, 0.7869190686512, -0.7880373191527, -0.788080936675, -0.0006876823418591, -0.0005426373879792, 0.7867956220426, 0.7869573578382, 0, -0.7882374576952, -0.7880426326141, -0, -0, -0, -0, 0.001782666867446, 0.3940829390846, 0.3912401712172, 0.3940064105465, 0, 0.3912296715328, 0.3941594676227
3.275, 0.1882063832943, -0.05390271210428, -0.2097978104196, -0.05388983305723, -0.01181742328522, 0.0008246105904095, -0.05312371295248, 0.004902152123607, 0, -449.0788482772, -2000, 281.8772906582, 2000, 7601.04789345, 3177.621639742, 7611.493974761, 3188.992855821, 34.68565491026, 37.94832085974, 30.07503850701, 33.76043752218, -238.6640403604, 6.525475407327, 241.9602360446, 5.712519781405, 5405.147333345, 4018.88956595, 5403.223947325, 3925.464012218, 3, 0.2977045958072, -22.17794387123, -0.05595051812483, 21.35572835727, -0.6011688747014, 1.260108611841, -0.4863703415826, 1.557788239564, 0, 0, 0.2117113850449, -0, -0, -0, -0, -0, 0.2117114874374, 0.004055556142643, 0, 0, 0, 0, 0, -0.00677028577201, 0.004055583829015, -0.02383561679291, -0.006770239553058, 0.02852749677749, -0.006770239553058, 18.35892931656, 18.36536589852, 18.3588684456, 18.36540280223, 45.32063838263, -0.1921052475237, 0.2059680545001, 0, 1, 50.00878867906, 50, 50.00883310339, 0.0003925398658887, 0, 0, 0, 0, 0, 0, 0, 0, 45.32211768749, 42.37225608175, 45.32202260567, 42.37217380902, 45.32063838263, 42.37221494782, 45.32211824398, 42.37225608418, 0, 45.32202329237, 42.37217381146, -0.003884287667603, 0, -0.1959027667087, -0.002992939527663, 0.201979768827, -0.002992939527663, 0.7866069769819, 0.7868868540721, -0.7880684533237, -0.7881131547745, -0.0007214494200723, -0.000566583825384, 0.7867697327693, 0.7869334096025, 0, -0.7882632483207, -0.7880665772532, -0, -0, -5.551115123126e-17, -0, 0.00178109123844, 0.3940872944817, 0.3912327403821, 0.393994241142, 0, 0.3912365571882, 0.3941803478214
3.3, 0.188791876239, -0.04605892495311, -0.2092425680162, -0.0460494652191, -0.00842121324529, 0.0008904984729321, -0.05238802053551, -0.0006126113393985, 0, -441.3631355229, -2000, 274.0857357676, 2000, 7602.43817298, 3178.139533936, 7610.298333923, 3188.672348166, 34.9562755321, 38.14294919288, 29.74400877868, 35.64705284027, -238.5682989416, 7.08444394101, 242.0376373393, 6.223424147273, 5408.304050567, 4019.863488519, 5399.908247563, 3919.356127881, 3, 0.4093537856851, -21.4718002156, -0.09450075355227, 15.36676879128, -0.5865224064162, 1.274655696211, -0.4988444969308, 1.546380800876, 0, 0, 0.2117982155649, -0, -0, -0, -0, -0, 0.2117983161111, 0.002598464686964, 0, 0, 0, 0, 0, -0.007283484334174, 0.002598482440653, -0.02492507803051, -0.007283434570958, 0.02738953525946, -0.007283434570958, 18.49961764441, 18.50611227328, 18.49955650147, 18.50614839673, 45.66792526268, -0.1925794446284, 0.205488949615, 0, 1, 50.01010401064, 50, 50.01026509758, 0.0008616304900722, 0, 0, 0, 0, 0, 0, 0, 0, 45.6694052957, 42.7195443864, 45.66930995734, 42.71946070587, 45.66792526268, 42.7195025488, 45.66940587895, 42.71954438906, 0, 45.66931061518, 42.71946070853, -0.00386187342335, 0, -0.1963504925726, -0.003044152919521, 0.2015272369555, -0.003044152919521, 0.7865741599606, 0.7868587657792, -0.7881015190857, -0.7881412447234, -0.0007561597562863, -0.0005911424788562, 0.7867443521319, 0.7869088500469, 0, -0.7882885468757, -0.7880911350046, -0, -0, -0, -0, 0.001780165578165, 0.3940924075565, 0.3912264489359, 0.3939923006244, 0, 0.3912431659588, 0.3941925144886
3.325, 0.1874891624586, -0.1452693834974, -0.2104960624104, -0.145171600109, -0.03108616286918, 0.0007306503244167, -0.06196868292231, -0.003749893483942, 0, -446.0705382172, -2000, 278.9736208899, 2000, 7603.898669847, 3179.475403108, 7608.971477714, 3187.108775682, 32.1053272509, 47.72935898116, 31.62342217295, 23.50675177143, -238.9046548338, 5.765420311549, 241.7226142402, 5.161790551464, 5410.514855026, 4012.176274456, 5397.416220387, 3931.328201846, 3, -0.872905718362, -62.35078731247, 1.100099142196, 59.73419171312, -0.5710889278147, 1.311039899964, -0.5127439499563, 1.505278793233, 0, 0, 0.211770581682, -0, -0, -0, -0, -0, 0.2117706394961, 0.001205146556101, 0, 0, 0, 0, 0, -0.005858831299816, 0.001205154787968, -0.0262883231898, -0.005858791280769, 0.02598966043081, -0.005858791280769, 18.64030676714, 18.64686170717, 18.64025062297, 18.64689686566, 46.01522248629, -0.1870797187292, 0.2109856962324, 0, 1, 50.01137022856, 50, 50.0114256465, 5.498222100281e-05, 0, 0, 0, 0, 0, 0, 0, 0, 46.01669769835, 43.06684332781, 46.01661163897, 43.06675526193, 46.01522248629, 43.06679929712, 46.01669829602, 43.06684333006, 0, 46.01661228046, 43.06675526419, -0.003790628967517, 0, -0.1907744597113, -0.00320368432604, 0.2071004502971, -0.00320368432604, 0.786541619766, 0.7868465804228, -0.7881342518082, -0.7881534253493, -0.000788356839364, -0.0006131249022963, 0.7867211184174, 0.7868868697496, 0, -0.7883117228282, -0.7881131195541, 5.551115123126e-17, -0, -0, -5.551115123126e-17, 0.001779677998295, 0.3940881408916, 0.3912220407833, 0.3940076149233, 0, 0.3912481346086, 0.3941686668599
3.35, 0.1884443519742, -0.157213890263, -0.2095347754326, -0.1570982357756, -0.0342703993878, 0.0005463468151994, -0.06343480581972, -0.008017155545667, 0, -425.9493874599, -2000, 262.6963928477, 2000, 7605.322728853, 3179.751364658, 7607.647854397, 3186.250127976, 25.36183331855, 49.51402087602, 37.8629424573, 21.79582418181, -240.032621725, 5.145037776672, 240.5591817713, 4.562865930393, 5409.992293977, 4016.29299544, 5397.949080021, 3937.051812721, 3, -2.350121845511, -69.58685818505, 2.575072527845, 63.98352367528, -0.5559997561533, 1.320337583463, -0.5266569777386, 1.484261013008, 0, 0, 0.2117056127559, -0, -0, -0, -0, -0, 0.2117056605759, 0.0002191025039655, 0, 0, 0, 0, 0, -0.005742384508136, 0.0002191039996476, -0.02681197482433, -0.005742345308552, 0.02544716043803, -0.005742345308552, 18.78100218814, 18.78761293517, 18.78094476061, 18.78764893413, 46.36252877774, -0.1898455091736, 0.2082157548615, 0, 1, 50.0125874353, 50, 50.01272190448, 0.0004955667012298, 0, 0, 0, 0, 0, 0, 0, 0, 46.36400459107, 43.41414878727, 46.36391645917, 43.41406045858, 46.36252877774, 43.41410462514, 46.36400520922, 43.41414878949, 0, 46.36391707911, 43.4140604608, -0.003711526399656, 0, -0.1934592621052, -0.003213245209156, 0.2044116241027, -0.003213245209156, 0.7865179602815, 0.7868254664374, -0.7881579929645, -0.7881745389959, -0.0008144937150794, -0.0006350406318023, 0.7867010349239, 0.7868649541747, 0, -0.7883317590684, -0.7881350354383, -0, -0, -5.551115123126e-17, 5.551115123126e-17, 0.001779078112943, 0.3940783398454, 0.3912230800846, 0.393999414365, 0, 0.3912470747982, 0.3941572653258
3.375, 0.1887901847135, -0.1340390465532, -0.2092485326416, -0.1339546491663, -0.02770863930461, 0.0004976633062113, -0.06136864939065, -0.007518247747662, 0, -445.7038012438, -2000, 279.4260403019, 2000, 7606.095831006, 3180.22689394, 7606.961721049, 3186.003629684, 32.10823913217, 47.27369421134, 31.19957127544, 24.90071802423, -240.186357856, 4.873743130876, 240.4695190735, 4.203229592882, 5409.871590994, 4014.042902929, 5398.7133937, 3938.942760995, 3, -0.9564975002388, -61.17466721216, 1.30483967009, 52.60993565922, -0.5477065633881, 1.33300595171, -0.5339171274279, 1.475067587506, 0, 0, 0.2117012978802, -0, -0, -0, -0, -0, 0.2117013371564, -0.0002758637779651, 0, 0, 0, 0, 0, -0.005442294988883, -0.0002758656610458, -0.02728322167903, -0.005442257839335, 0.02494536937303, -0.005442257839335, 18.92169823302, 18.92836680273, 18.92164377421, 18.9284028937, 46.70984253896, -0.1873208767602, 0.2107400749424, 0, 1, 50.01374067173, 50, 50.01397410837, 0.001270481468003, 0, 0, 0, 0, 0, 0, 0, 0, 46.71131542714, 43.76146222932, 46.71123308638, 43.76137447529, 46.70984253896, 43.76141835439, 46.71131604767, 43.7614622314, 0, 46.71123370185, 43.76137447738, -0.003625887901375, 0, -0.1908472354593, -0.003192339915837, 0.2070234550708, -0.003192339915837, 0.7864980046935, 0.7868079603092, -0.788178120499, -0.7881920443512, -0.0008343098569176, -0.0006546103305059, 0.7866842971957, 0.7868453848947, 0, -0.7883484594287, -0.7881546055557, -0, -0, -0, 5.551115123126e-17, 0.001777920498779, 0.3940786977602, 0.3912233190097, 0.3940038968224, 0, 0.391245553768, 0.394153498698
3.4, 0.190393113442, -0.07481147815059, -0.2075984821278, -0.07478513711604, -0.01251458585618, 0.000620012670128, -0.0556548744159, 0.002401687118784, 0, -433.5203329976, -2000, 268.4706061413, 2000, 7606.706061211, 3179.764759273, 7606.52891865, 3186.265845234, 33.43699856771, 39.25068029589, 28.63202181481, 30.66813825418, -240.2427852355, 6.085160830557, 240.5047674589, 5.330874600541, 5410.24226819, 4018.401014599, 5399.267777645, 3930.351475523, 3, 0.08279275217817, -32.79174031015, 0.1791889995185, 29.83139559142, -0.5411030339673, 1.323555845463, -0.5385380025191, 1.480296966709, 0, 0, 0.211861297239, -0, -0, -0, -0, -0, 0.2118613480454, -0.0006804120700351, 0, 0, 0, 0, 0, -0.006380701252454, -0.0006804167216364, -0.02733994701364, -0.006380657631403, 0.02485238871558, -0.006380657631403, 19.06239913011, 19.06912277074, 19.06234293014, 19.06915934294, 47.05716230191, -0.1908695620176, 0.2071855824891, 0, 1, 50.01485251133, 50, 50.01495683263, 0.0007056122105405, 0, 0, 0, 0, 0, 0, 0, 0, 47.05863750202, 44.10878086674, 47.05855272533, 44.10869701834, 47.05716230191, 44.10873894487, 47.05863813508, 44.10878086907, 0, 47.05855332827, 44.10869702067, -0.003530014502039, 0, -0.1942997882139, -0.003050259959864, 0.2035650874043, -0.003050259959864, 0.7864812033426, 0.7867796020252, -0.7881950907766, -0.7882204055093, -0.0008531561153962, -0.0006765152956307, 0.7866678827808, 0.7868234787052, 0, -0.7883647943477, -0.7881765092965, -0, -0, -0, -0, 0.001776011961221, 0.3940829134028, 0.3912225804244, 0.3939952146593, 0, 0.3912444496935, 0.3941706121464
3.425, 0.1888310912932, -0.131919313815, -0.209152478174, -0.1318376009772, -0.02625965847753, 0.0005998938879455, -0.06111925554952, -0.003117495651962, 0, -435.8372137567, -2000, 270.9465723631, 2000, 7607.23789259, 3180.192795206, 7606.234990953, 3185.786607121, 31.59076064106, 45.45930993757, 29.89854196529, 24.21775675259, -240.2519136116, 5.792244113005, 240.5588405471, 5.182773625126, 5411.871658572, 4012.183261525, 5398.193817123, 3929.588525213, 3, -1.036724078439, -57.74442642312, 1.297521180789, 53.86074948366, -0.5353106567004, 1.335545605759, -0.5417112830048, 1.467308788409, 0, 0, 0.212042217225, -0, -0, -0, -0, -0, 0.2120422572885, -0.001193501163819, 0, 0, 0, 0, 0, -0.005985407185351, -0.001193509337068, -0.02790983369114, -0.005985366196779, 0.02422279674141, -0.005985366196779, 19.20309965765, 19.20988072207, 19.20304752494, 19.20991840942, 47.40448931991, -0.1874902015029, 0.2105590590312, 0, 1, 50.01590980598, 50, 50.01603108844, 0.0007689913909307, 0, 0, 0, 0, 0, 0, 0, 0, 47.40596179174, 44.45610840494, 47.40588495836, 44.45602583806, 47.40448931991, 44.45606712366, 47.40596242635, 44.4561084071, 0, 47.40588555612, 44.45602584022, -0.003409259624591, 0, -0.1907974572781, -0.003003640683747, 0.2070615951093, -0.003003640683747, 0.7864603561109, 0.7867607443742, -0.7882162448046, -0.7882392620554, -0.000873438384967, -0.0006980904998846, 0.7866509252406, 0.7868019041211, 0, -0.7883816500999, -0.7881980851209, -0, -0, 5.551115123126e-17, -0, 0.001774153986797, 0.394089866588, 0.3912193327511, 0.3940076009148, 0, 0.3912465908981, 0.3941721322612
3.45, 0.1901334875869, -0.04800190935086, -0.2078316876479, -0.04799092434432, -0.006139765055171, 0.0006623371329192, -0.05288837904807, 0.005104296577468, 0, -443.3547699478, -2000, 277.7544680177, 2000, 7607.65483654, 3179.420712148, 7606.061501356, 3186.040575398, 32.68198757859, 35.52375810648, 27.89360085099, 32.64054314655, -240.47963118, 6.714609586723, 240.3640598023, 5.872397042205, 5411.838191532, 4019.961249841, 5398.241408007, 3921.856983631, 3, 0.01328636056573, -20.371844287, 0.2194044516258, 19.67801188475, -0.5307176502265, 1.318277974806, -0.54362408087, 1.474267061741, 0, 0, 0.2121676775763, -0, -0, -0, -0, -0, 0.2121677339121, -0.001436396709889, 0, 0, 0, 0, 0, -0.00710933904485, -0.001436406558162, -0.02780447774913, -0.007109290301862, 0.02426581563575, -0.007109290301862, 19.3438058724, 19.35064057811, 19.34375158907, 19.3506797974, 47.75182418879, -0.1919954387734, 0.2060479607146, 0, 1, 50.01691426324, 50, 50.01694017376, 0.0001022326088345, 0, 0, 0, 0, 0, 0, 0, 0, 47.7532992313, 44.80344109981, 47.75321898503, 44.80336341451, 47.75182418879, 44.80340225957, 47.7532998781, 44.80344110222, 0, 47.75321957111, 44.80336341693, -0.00330635488374, 0, -0.1952001516648, -0.002826056686551, 0.2026531596023, -0.002826056686551, 0.7864451048266, 0.7867305635203, -0.788231818903, -0.7882694466882, -0.0008908007393402, -0.0007205427127419, 0.7866349545662, 0.7867794502672, 0, -0.788397517958, -0.7882205356926, -5.551115123126e-17, -0, -0, -0, 0.001772803184352, 0.3940898194429, 0.3912193997682, 0.3939921060311, 0, 0.3912464959712, 0.3941875328547
3.475, 0.1896282352214, -0.1135057532793, -0.2083234468964, -0.1134450653967, -0.02183649986862, 0.0005941908424639, -0.05947841376272, -0.0008824512547767, 0, -436.0771352111, -2000, 271.5403705454, 2000, 7608.00540746, 3180.03087752, 7605.904069328, 3185.462598456, 31.50188074486, 42.84449163284, 28.82005291135, 25.81346774185, -240.4900347505, 5.990383927549, 240.3447485502, 5.329815975644, 5411.520640954, 4013.491880619, 5398.226194265, 3928.869697105, 3, -0.7572005550711, -49.84240763288, 0.9757604669939, 46.22816333917, -0.5268131734209, 1.334174206063, -0.5453716043834, 1.458493583349, 0, 0, 0.2121704929578, -0, -0, -0, -0, -0, 0.2121705316854, -0.001611135130022, 0, 0, 0, 0, 0, -0.006132330605596, -0.001611146176635, -0.02807773722105, -0.006132288560056, 0.02394550397175, -0.006132288560056, 19.48451156534, 19.49140302305, 19.4844612605, 19.49144311916, 48.09916721738, -0.1886441206766, 0.2093937528548, 0, 1, 50.01786450881, 50, 50.01795262244, 0.0003274492410365, 0, 0, 0, 0, 0, 0, 0, 0, 48.10063836314, 45.15078375446, 48.10056597013, 45.15070678822, 48.09916721738, 45.1507452734, 48.10063900467, 45.15078375652, 0, 48.10056655836, 45.15070679028, -0.003184411754007, 0, -0.1917258544546, -0.002799898913879, 0.2061221025311, -0.002799898913879, 0.7864275194512, 0.7867172219948, -0.7882496403415, -0.7882827851455, -0.0009076177063297, -0.0007406027411858, 0.7866192353631, 0.7867593918081, 0, -0.7884131521267, -0.7882405972904, -0, -5.551115123126e-17, -0, -0, 0.001772056455184, 0.3940892790399, 0.3912200314291, 0.3940049939971, 0, 0.3912465271977, 0.3941735640828
3.5, 0.1912470579603, 0.01872523264583, -0.2066978702051, 0.01872678602306, 0.009691557007824, 0.0007409499429758, -0.04560982393252, 0.002055688122655, 0, -439.8393766006, -2000, 275.1168511119, 2000, 7608.183903866, 3178.877551251, 7605.850364714, 3186.35210274, 33.41219983149, 28.7353442647, 26.36579816213, 40.20328844019, -240.6275432479, 7.792135457958, 240.1986281603, 6.595728611457, 5410.502250992, 4028.689693036, 5399.185543389, 3919.054269972, 3, 0.7282670178714, 6.802687150215, -0.5233839569657, -10.17698369373, -0.5247194186074, 1.306108782744, -0.5460293375276, 1.48092928702, 0, 0, 0.2121337879764, -0, -0, -0, -0, -0, 0.2121338585343, -0.001587174218471, 0, 0, 0, 0, 0, -0.007944969381107, -0.001587185097034, -0.02760630388382, -0.007944914926271, 0.02438026397583, -0.007944914926271, 19.6252237059, 19.63216675476, 19.62516909407, 19.63220886651, 48.4465171812, -0.1958412910216, 0.2021942558595, 0, 1, 50.01876803513, 50, 50.0188490884, 0.0002481423620831, 0, 0, 0, 0, 0, 0, 0, 0, 48.44799173737, 45.49812973653, 48.44791203125, 45.49805959541, 48.4465171812, 45.4980946684, 48.44799239151, 45.49812973896, 0, 48.44791260951, 45.49805959785, -0.003089805129824, 0, -0.1988302305462, -0.002551612548129, 0.1990155680277, -0.002551612548129, 0.7864153418038, 0.78668174749, -0.7882620142429, -0.7883182660902, -0.000922642807387, -0.0007636136833749, 0.7866038396481, 0.7867363779647, 0, -0.7884284940448, -0.7882636053314, -0, -0, 5.551115123126e-17, -0, 0.001771396430487, 0.3940839165669, 0.3912220616584, 0.3939747179394, 0, 0.3912446148919, 0.3941931151944
3.525, 0.1903811810926, -0.03208501353739, -0.2075630580873, -0.03208006775344, -0.002988216081267, 0.0006644028316538, -0.05118496971304, 0.001573244118372, 0, -434.6198596162, -2000, 271.395114578, 2000, 7608.291363914, 3179.247892984, 7605.850975815, 3185.867285241, 30.38404069624, 33.92347105015, 28.84875481922, 34.33479822894, -240.7501384835, 7.014581154191, 240.1174650479, 6.112874452146, 5410.305327708, 4024.558365753, 5399.752445468, 3925.945242096, 3, -0.3215543969442, -15.31620059259, 0.5339225769248, 11.29463426789, -0.5233780014396, 1.315649345719, -0.5461119965952, 1.468738299147, 0, 0, 0.2121255245892, -0, -0, -0, -0, -0, 0.2121255801642, -0.001578741446271, 0, 0, 0, 0, 0, -0.007146214486787, -0.001578752266192, -0.02766988929681, -0.007146165510441, 0.02429105407143, -0.007146165510441, 19.76593437791, 19.7729326208, 19.7658824703, 19.7729759259, 48.79387290284, -0.1940199742555, 0.2040122170359, 0, 1, 50.01962550896, 50, 50.01973237323, 0.0004679664536902, 0, 0, 0, 0, 0, 0, 0, 0, 48.79534468652, 45.84548466788, 48.79527042404, 45.84541570919, 48.79387290284, 45.84545019069, 48.79534533579, 45.84548467003, 0, 48.79527100577, 45.84541571134, -0.002980587226084, 0, -0.1968994518197, -0.002508597942991, 0.2009430932669, -0.002508597942991, 0.7863992180463, 0.786667215538, -0.7882782631814, -0.7883327952029, -0.0009382573158822, -0.0007836384064317, 0.7865881502678, 0.7867163547135, 0, -0.7884441333183, -0.7882836315264, 5.551115123126e-17, -0, -5.551115123126e-17, -0, 0.00177039846376, 0.3940811686401, 0.3912224537263, 0.3939829483982, 0, 0.3912434858637, 0.3941793888821
3.55, 0.1884459416971, -0.129915358932, -0.2096088611961, -0.1298361302416, -0.02680285391643, 0.0005624832720129, -0.06119531786866, -0.01283818479814, 0, -443.5751556929, -2000, 279.9676587452, 2000, 7608.234702156, 3180.371710407, 7606.034513949, 3185.415839155, 30.42958955422, 46.50477953677, 29.61423648209, 25.72108465043, -240.5560040398, 5.727440127288, 240.3037123456, 5.08936654413, 5410.864976393, 4010.931647294, 5399.805776399, 3932.987280012, 3, -1.069471984064, -62.70842941616, 1.515716422273, 47.50949948001, -0.5237708754721, 1.341669656318, -0.544267210571, 1.455278027198, 0, 0, 0.2121569521269, -0, -0, -0, -0, -0, 0.2121569847251, -0.00151674570034, 0, 0, 0, 0, 0, -0.005648408124562, -0.001516756098453, -0.02797600161825, -0.00564836940192, 0.02395003141551, -0.00564836940192, 19.90664507809, 19.91370022944, 19.90659944264, 19.91374424911, 49.14123386606, -0.1875627191538, 0.2104668647176, 0, 1, 50.02042366013, 50, 50.02082956419, 0.002297258340834, 0, 0, 0, 0, 0, 0, 0, 0, 49.1426999661, 46.19284664647, 49.14263750917, 46.1927772208, 49.14123386606, 46.19281193535, 49.14270060068, 46.19284664819, 0, 49.14263810145, 46.19277722251, -0.002877133543929, 0, -0.1903375503208, -0.00252558608275, 0.2075024888151, -0.00252558608275, 0.7863813923228, 0.7866586588114, -0.788296271706, -0.7883413473118, -0.0009537049128773, -0.000802494040131, 0.7865724142332, 0.7866975013681, 0, -0.7884598130774, -0.7883024894484, -0, -0, 5.551115123126e-17, -0, 0.001769062905156, 0.3940877282371, 0.3912213378735, 0.3940100944055, 0, 0.3912433806071, 0.3941653620687
3.575, 0.1895361776546, -0.07824096894048, -0.2084655638, -0.07821219422809, -0.01477595144404, 0.0006422166613027, -0.05601027696133, -0.0024736408309, 0, -438.9958969862, -2000, 275.6717703543, 2000, 7608.22676089, 3179.631691526, 7606.235697067, 3185.636499056, 31.21292786223, 39.15426663704, 27.45446338242, 29.69734508567, -240.4811634956, 6.420607670782, 240.4599999561, 5.678413553355, 5410.569815047, 4015.611422804, 5400.718557999, 3927.741555782, 3, -0.6264796536842, -36.90385249357, 0.9731490805998, 29.1031515671, -0.5236612338346, 1.324606960207, -0.5422278522403, 1.462116629943, 0, 0, 0.2122999568654, -0, -0, -0, -0, -0, 0.2123000013464, -0.001366790293481, 0, 0, 0, 0, 0, -0.006367681107065, -0.001366799676205, -0.02765427234198, -0.006367637394576, 0.02422681572478, -0.006367637394576, 20.0473612607, 20.05446875067, 20.04731428151, 20.05451429048, 49.48859909351, -0.1904748855037, 0.2075492037349, 0, 1, 50.02118938969, 50, 50.02140911368, 0.001293469758765, 0, 0, 0, 0, 0, 0, 0, 0, 49.49006713609, 46.54021023468, 49.49000275405, 46.54014489183, 49.48859909351, 46.54017756507, 49.49006777273, 46.54021023649, 0, 49.49000334497, 46.54014489365, -0.002800846120345, 0, -0.1931745730613, -0.002377059902273, 0.2046600120438, -0.002377059902273, 0.7863676065105, 0.7866324740212, -0.7883102805212, -0.78836753435, -0.0009686169283042, -0.0008237326740514, 0.7865564318857, 0.7866762617849, 0, -0.7884757111584, -0.788323727133, -0, -0, -0, -0, 0.001767377009683, 0.3940882914123, 0.3912219269107, 0.394000771625, 0, 0.3912415615226, 0.3941758111996
3.6, 0.1891017325576, -0.09542418167715, -0.2088949514452, -0.09538153713011, -0.01930938741415, 0.0006431490074471, -0.05773097965864, -0.003400415912453, 0, -436.9875007873, -2000, 274.5092176636, 2000, 7608.215987205, 3179.590153052, 7606.464887104, 3185.397081657, 30.55340092726, 40.81052134345, 27.56498997599, 27.55132815233, -240.3616757478, 6.261229338878, 240.6155588402, 5.57564523349, 5410.676784797, 4012.700017336, 5400.850970634, 3928.386849465, 3, -0.8612565072569, -44.31759904091, 1.209732160666, 36.33647411454, -0.5235933589268, 1.324157711531, -0.5398830646197, 1.456976046335, 0, 0, 0.2124261207915, -0, -0, -0, -0, -0, 0.212426162016, -0.001279659914212, 0, 0, 0, 0, 0, -0.006109937216025, -0.001279668709248, -0.02761042856222, -0.006109895223016, 0.02421698361403, -0.006109895223016, 20.18807763701, 20.19523892818, 20.18803230043, 20.19528551834, 49.83596960975, -0.1895578676857, 0.2084604169328, 0, 1, 50.02190336268, 50, 50.02212272009, 0.001268549742146, 0, 0, 0, 0, 0, 0, 0, 0, 49.83743683215, 46.88758043638, 49.83737582863, 46.88751678849, 49.83596960975, 46.88754861413, 49.83743746451, 46.88758043807, 0, 49.83737642216, 46.88751679019, -0.002724591652807, 0, -0.1921813975382, -0.002315400109543, 0.2056474709057, -0.002315400109543, 0.7863513868834, 0.786614072798, -0.788326772772, -0.7883859348711, -0.0009845619708864, -0.0008439060917893, 0.7865399127984, 0.7866560887876, 0, -0.7884921361498, -0.7883439009712, -0, -0, -0, -0, 0.001765935648016, 0.3940905486888, 0.3912217139679, 0.3940065714304, 0, 0.3912412977808, 0.3941745259471
3.625, 0.1901007573514, -0.03033234200618, -0.2078744208564, -0.03032804969021, -0.00372305791075, 0.000763738847375, -0.0508489785156, -0.001108273416655, 0, -437.6527835016, -2000, 274.1331109796, 2000, 7608.206293943, 3178.786305341, 7606.672860731, 3185.812841479, 31.72936628642, 33.41240067739, 25.7235040746, 34.4969131847, -240.2263469398, 7.386518261647, 240.7627258856, 6.451491479705, 5410.506560309, 4020.042767961, 5401.006195711, 3921.556228831, 3, 0.01690333643086, -15.64103096381, 0.2952644190958, 9.105652786885, -0.5235223727829, 1.30478670325, -0.5377495985901, 1.468290718316, 0, 0, 0.2125155193513, -0, -0, -0, -0, -0, 0.2125155786316, -0.001190804535468, 0, 0, 0, 0, 0, -0.007137041443865, -0.001190812726696, -0.02730730352941, -0.007136992350364, 0.02447036522467, -0.007136992350364, 20.32879750332, 20.33601031663, 20.32875009458, 20.33605810154, 50.18334536038, -0.1932037771011, 0.2048093603457, 0, 1, 50.02257075107, 50, 50.02274652495, 0.0009701546502184, 0, 0, 0, 0, 0, 0, 0, 0, 50.18481489871, 47.23495425909, 50.1847504969, 47.23489477798, 50.18334536038, 47.23492452039, 50.1848155358, 47.23495426094, 0, 50.18475108616, 47.23489477984, -0.002666134617325, 0, -0.1957699572341, -0.002163819939774, 0.2020538699757, -0.002163819939774, 0.786336639048, 0.7865854650758, -0.7883417748381, -0.78841454602, -0.001000713318052, -0.0008654510344284, 0.7865230953266, 0.7866345422945, 0, -0.7885088683133, -0.7883654443633, 5.551115123126e-17, -0, -0, -0, 0.001764850789239, 0.3940900377825, 0.3912220540524, 0.3939919436207, 0, 0.3912409878325, 0.3941881319442
3.65, 0.1900457151118, -0.07689586427397, -0.2078486443886, -0.07686835895834, -0.01502634941382, 0.0007367658710026, -0.05579332557137, 0.003568369288068, 0, -432.5480019087, -2000, 268.1931576396, 2000, 7608.204488111, 3178.959625564, 7606.834771808, 3185.230973497, 30.61799002241, 36.92009187599, 25.7839062413, 28.24110374482, -240.0223843107, 6.814655223732, 240.9974949748, 6.070011492321, 5410.932249753, 4016.42517346, 5400.527981351, 3927.525586714, 3, -0.2055004907732, -33.03602701125, 0.3640671008082, 31.36854885045, -0.523375253702, 1.310225460269, -0.5360917807546, 1.454495846517, 0, 0, 0.212567661358, -0, -0, -0, -0, -0, 0.212567708573, -0.001195544115847, 0, 0, 0, 0, 0, -0.006442302098341, -0.001195552343714, -0.02741947026827, -0.006442257761993, 0.02432106499536, -0.006442257761993, 20.46951664743, 20.47678322118, 20.46947166108, 20.47683160424, 50.53072601907, -0.1910339012348, 0.2069742911787, 0, 1, 50.023195478, 50, 50.02324176969, 0.0001931506777868, 0, 0, 0, 0, 0, 0, 0, 0, 50.53219353039, 47.58233469716, 50.53213390797, 47.58227543764, 50.53072601907, 47.58230506907, 50.53219416279, 47.58233469883, 0, 50.5321345001, 47.58227543931, -0.002599527565976, 0, -0.1935330190275, -0.002155759154847, 0.2042859550824, -0.002155759154847, 0.7863187340331, 0.7865707597456, -0.7883598616262, -0.7884292490955, -0.001017923664141, -0.0008849340023717, 0.7865059558133, 0.7866150604623, 0, -0.788525936001, -0.788384928467, 5.551115123126e-17, -0, -0, -0, 0.00176400212941, 0.3940876959549, 0.3912212056998, 0.3939991505504, 0, 0.3912419408847, 0.3941762413595
3.675, 0.1916017905337, -0.02731967056336, -0.2062672701939, -0.02731624250663, -0.003318398731893, 0.0008469059220836, -0.05073488988773, 0.005222764198399, 0, -422.4574285882, -2000, 258.9905180425, 2000, 7608.234899861, 3178.27591987, 7606.924310913, 3185.747603332, 31.74597743513, 31.33968431072, 24.01803271162, 33.4584599385, -239.8928290087, 7.856809461576, 241.1319594076, 6.850388768216, 5410.872846462, 4024.821213987, 5400.670781758, 3920.773664696, 3, 0.6584675843986, -11.21025715358, -0.5466545006212, 10.7329486568, -0.5228997323389, 1.293086124053, -0.535186980349, 1.468152953066, 0, 0, 0.2125846559058, -0, -0, -0, -0, -0, 0.2125847229623, -0.001173285614559, 0, 0, 0, 0, 0, -0.007540032179676, -0.001173293690531, -0.02721078950752, -0.007539980280371, 0.02450125758036, -0.007539980280371, 20.61023925409, 20.61755691422, 20.61019252446, 20.61760661232, 50.87811122238, -0.1940279024673, 0.2039767861403, 0, 1, 50.02377455973, 50, 50.02378785599, -3.486413990116e-05, 0, 0, 0, 0, 0, 0, 0, 0, 50.87958026721, 47.9297178583, 50.87951781646, 47.92966250942, 50.87811122238, 47.92969018568, 50.87958090435, 47.92971786012, 0, 50.87951840437, 47.92966251124, -0.002550966233743, 0, -0.1964792458784, -0.002013496679669, 0.2013363152199, -0.002013496679669, 0.7863031134153, 0.7865419233167, -0.7883756221906, -0.7884580893486, -0.001034750832249, -0.0009062222830562, 0.7864889103346, 0.7865937704118, 0, -0.7885429269043, -0.7884062149779, -0, -0, -0, -5.551115123126e-17, 0.001763229443729, 0.3940860574654, 0.3912213247123, 0.3939824244491, 0, 0.3912416558975, 0.3941896904818
3.7, 0.1895216456586, -0.09481744641125, -0.2084007509347, -0.09477540420608, -0.02070071737965, 0.0006578394721057, -0.05785010423114, -0.001514947647259, 0, -419.8975690628, -2000, 261.2661182228, 2000, 7608.4124297, 3178.794586028, 7606.860860435, 3185.022934851, 25.58196612274, 39.65155074791, 30.15658554201, 26.09672441552, -240.443356468, 6.414625852211, 240.6001604557, 5.771581211101, 5410.246222785, 4018.295726846, 5401.546283797, 3929.450640715, 3, -1.737480971649, -43.32574785423, 1.967714267314, 37.21696299335, -0.5208868470856, 1.305797924941, -0.5358834665497, 1.451005568467, 0, 0, 0.2126037110956, -0, -0, -0, -0, -0, 0.2126037585883, -0.001157509468851, 0, 0, 0, 0, 0, -0.006438352607698, -0.001157517437661, -0.02727985639979, -0.006438308283501, 0.02440153575323, -0.006438308283501, 20.75096101375, 20.75833151744, 20.75091666798, 20.75838243476, 51.22550027221, -0.1919822474276, 0.2060195784924, 0, 1, 50.02431090489, 50, 50.02447159634, 0.0008183169841208, 0, 0, 0, 0, 0, 0, 0, 0, 51.22696727588, 48.27710729755, 51.22690918244, 48.2770510292, 51.22550027221, 48.27707916496, 51.2269679078, 48.27710729914, 0, 51.22690977406, 48.27705103079, -0.00249343090323, 0, -0.1943757762839, -0.00204694540995, 0.2034370191258, -0.00204694540995, 0.7862858411251, 0.7865315002013, -0.788393052941, -0.7884685087373, -0.001051396278386, -0.0009242211852356, 0.786472110255, 0.7865757733403, 0, -0.7885596759486, -0.7884242157108, -0, -0, -0, -0, 0.001762323974106, 0.3940839154726, 0.3912225727423, 0.3939954243515, 0, 0.3912399121603, 0.3941724065936
3.725, 0.1918321268481, -0.02530168282457, -0.2060355378858, -0.0252987314139, -0.003646069737593, 0.0007674455529795, -0.05052401539593, 0.005242079940479, 0, -423.2147437516, -2000, 260.4226980306, 2000, 7608.226370143, 3178.036885356, 7607.171453946, 3185.397206239, 31.3331836638, 30.58425209937, 23.49767284661, 32.9980081919, -240.1281357139, 7.296951399411, 240.9534257977, 6.329504209325, 5409.947888057, 4024.297315321, 5402.320774842, 3924.660163331, 3, 0.631663431298, -10.52306867326, -0.5104163524784, 10.06819298567, -0.5226982454278, 1.287524062303, -0.5326496336531, 1.461267916099, 0, 0, 0.2126810585545, -0, -0, -0, -0, -0, 0.2126811222837, -0.0009017926028123, 0, 0, 0, 0, 0, -0.007220423186005, -0.0009017988156718, -0.02694281245373, -0.007220373441538, 0.02470868742468, -0.007220373441538, 20.89168561546, 20.89910712736, 20.89163995625, 20.89915845319, 51.57289224237, -0.1940705117794, 0.2039279976302, 0, 1, 50.02480377539, 50, 50.02482960439, 0.0001660465226637, 0, 0, 0, 0, 0, 0, 0, 0, 51.57436081648, 48.62449769979, 51.57430063734, 48.62444454908, 51.57289224237, 48.62447112611, 51.57436144721, 48.62449770147, 0, 51.57430123033, 48.62444455075, -0.002465976898343, 0, -0.1964378158801, -0.001933531266946, 0.2013717061893, -0.001933531266946, 0.7862725999218, 0.7865074980117, -0.7884064426087, -0.7884925135977, -0.001065237264231, -0.000942845769722, 0.7864565679446, 0.7865571475288, 0, -0.7885751623212, -0.7884428390682, -0, -0, 5.551115123126e-17, -0, 0.001761140542802, 0.3940827085455, 0.3912231681235, 0.393983468355, 0, 0.3912383684508, 0.3941819487359
3.75, 0.1880007655605, -0.1858999604734, -0.2099115237863, -0.1857385818034, -0.04333653262655, 0.0005236367147345, -0.06572205578807, -0.01277681841133, 0, -412.1877510267, -2000, 255.7026886549, 2000, 7608.39506165, 3179.178969952, 7607.173906853, 3184.070100417, 20.10044939043, 49.01740220005, 34.59962953578, 15.36729310787, -240.7036725992, 5.221740708525, 240.3592195189, 4.901764916655, 5409.599518405, 4007.302164868, 5403.058970481, 3938.593310466, 3, -3.594919951004, -82.28695771473, 3.826872161471, 76.34232204788, -0.5207945660257, 1.315949647669, -0.5326408313349, 1.428723731779, 0, 0, 0.2128064296221, -0, -0, -0, -0, -0, 0.2128064581471, -0.0008778233675979, 0, 0, 0, 0, 0, -0.004979136806959, -0.0008778294224546, -0.02718438357844, -0.004979102463194, 0.02442860896588, -0.004979102463194, 21.03240807992, 21.03988337404, 21.03236718875, 21.03993541818, 51.9202869079, -0.1887857924946, 0.2092073409339, 0, 1, 50.02525976237, 50, 50.025430781, 0.001058577461283, 0, 0, 0, 0, 0, 0, 0, 0, 51.92175201936, 48.97189493315, 51.92170049562, 48.9718381572, 51.9202869079, 48.97186654641, 51.92175263845, 48.97189493439, 0, 51.92170109741, 48.97183815844, -0.002412108708575, 0, -0.1910982372499, -0.002065411000017, 0.2067059419947, -0.002065411000017, 0.7862543521831, 0.7865070410517, -0.7884248769994, -0.7884929638721, -0.001081687467232, -0.0009587146750777, 0.7864399700636, 0.7865412818397, 0, -0.7885916835543, -0.7884587111898, -5.551115123126e-17, 5.551115123126e-17, -0, -0, 0.00175979942116, 0.3940857599907, 0.3912238613077, 0.394017324877, 0, 0.3912368987617, 0.3941541951044
3.775, 0.1893887113118, -0.2294269660717, -0.2083985679924, -0.2291800092124, -0.05631507899534, 5.501533079318e-05, -0.04554182933324, -0.007835223033788, 0, -335.3634629725, -990.2282564438, 179.1848627297, 1132.006453994, 7608.569000144, 3180.554570523, 7607.191555044, 3181.982975163, 7.155494049536, 52.79856899677, 46.18065596958, 5.712566677728, -241.4870036973, 1.883788491477, 239.2380888756, 1.247483213134, 5407.31128207, 3985.251386913, 5405.603743433, 3960.669033734, 3, -6.583424897309, -98.29882465496, 6.572941235601, 99.2995637085, -0.5188535401888, 1.348942416775, -0.5324575735872, 1.381312460719, 0, 0, 0.2129715417277, -0, -0, -0, -0, -0, 0.212971544657, -0.0006041935030852, 0, 0, 0, 0, 0, -0.001781413795356, -0.0006041976770274, -0.02660669334723, -0.001781401488923, 0.02497463910783, -0.001781401488923, 21.17313549802, 21.18066012528, 21.1730910809, 21.1807125895, 52.26768417618, -0.1935473742219, 0.2044382498367, 0, 1, 50.02568133315, 50, 50.02567342281, 8.633320640705e-05, 0, 0, 0, 0, 0, 0, 0, 0, 52.26915348042, 49.31929564339, 52.26909582618, 49.31923289226, 52.26768417618, 49.31926426831, 52.26915410137, 49.31929564388, 0, 52.2690964273, 49.31923289274, -0.002383605359728, 0, -0.1958334191331, -0.002282777808864, 0.2019632239206, -0.002282777808864, 0.7862427537537, 0.7865165802911, -0.7884366032966, -0.7884834192201, -0.001095206723029, -0.0009711668182795, 0.7864244291698, 0.7865288321761, 0, -0.788607136165, -0.7884711658126, -0, -0, -5.551115123126e-17, 5.551115123126e-17, 0.001758486104418, 0.3940857364423, 0.3912284213986, 0.3940612520268, 0, 0.3912318278859, 0.3941102208579
3.8, 0.1883930953687, -0.2415082705876, -0.2093648554855, -0.241234720267, -0.06040499964034, 0.0001910952691804, -0.06980361255831, -0.02069273808246, 0, -387.0153041437, -2000, 239.0992800725, 2000, 7608.013632618, 3178.499484871, 7607.948076517, 3183.144300034, 11.57133049285, 54.13943658486, 41.52008426003, 5.97468663572, -241.7837946695, 3.166514920658, 239.1434349884, 2.944342830929, 5405.211683634, 4001.558244832, 5407.738694318, 3945.56979004, 3, -6.032195265957, -104.8324389794, 5.974874491973, 103.4788647948, -0.5245780513967, 1.297312675378, -0.5245066998426, 1.414703861579, 0, 0, 0.2131475207362, -0, -0, -0, -0, -0, 0.2131475449327, 0.0002118907435718, 0, 0, 0, 0, 0, -0.004057325432808, 0.000211892209794, -0.02620071461727, -0.004057297357486, 0.02532396819893, -0.004057297357486, 21.31386040491, 21.32143680833, 21.31381902065, 21.32149074176, 52.61508406162, -0.1891916002237, 0.2087900208027, 0, 1, 50.02605436837, 50, 50.02610727192, 0.0004861719325779, 0, 0, 0, 0, 0, 0, 0, 0, 52.61655206062, 49.66669286149, 52.61649943378, 49.66663593724, 52.61508406162, 49.66666440037, 52.61655265865, 49.6666928625, 0, 52.6165000563, 49.66663593824, -0.002427541331112, 0, -0.1915229804979, -0.00207080615193, 0.2062697163859, -0.00207080615193, 0.7862325162038, 0.7864850864485, -0.7884471432275, -0.7885149164718, -0.001102952240458, -0.0009870086257299, 0.7864114214804, 0.7865129888855, 0, -0.7886200594731, -0.7884870061369, -0, 5.551115123126e-17, -5.551115123126e-17, -0, 0.001757342396602, 0.3940845328417, 0.3912326051426, 0.3940287674487, 0, 0.3912275739491, 0.3941402982348
3.825, 0.1905145679699, -0.1950264520454, -0.2072830445307, -0.1948479134742, -0.05076059636626, 0.0002608418192034, -0.06714351972677, -0.01190612513496, 0, -392.2332560097, -2000, 243.0172200068, 2000, 7607.130021403, 3176.880050771, 7608.961299448, 3184.889494374, 18.03276257257, 48.69584776316, 34.86975675273, 12.07492045262, -242.0854074522, 4.158439009184, 239.0234389196, 3.734421622741, 5401.28502695, 4012.341667377, 5411.665578879, 3929.191013039, 3, -4.700693832853, -85.49292173775, 4.723537277367, 83.51341596595, -0.5337677446614, 1.253177385602, -0.5138361061284, 1.460204920781, 0, 0, 0.2132568673229, -0, -0, -0, -0, -0, 0.213256930699, 0.001503357720775, 0, 0, 0, 0, 0, -0.00602569346784, 0.001503368134249, -0.02513483119754, -0.006025651729268, 0.02635017318512, -0.006025651729268, 21.45458808399, 21.46221462529, 21.45454566415, 21.46226918887, 52.96248705729, -0.1892995192628, 0.2086797919878, 0, 1, 50.02637995399, 50, 50.02644208863, 0.0004567648324928, 0, 0, 0, 0, 0, 0, 0, 0, 52.96395698411, 50.01409407653, 52.9639020004, 50.01404209778, 52.96248705729, 50.01406808852, 52.96395755842, 50.0140940779, 0, 52.96390264749, 50.01404209915, -0.002515833416579, 0, -0.1917231090927, -0.001890897120243, 0.2060673303533, -0.001890897120243, 0.7862282805976, 0.7864591700974, -0.7884515945568, -0.7885408377548, -0.001106029470709, -0.0009993883723498, 0.7863999111755, 0.7865006068438, 0, -0.7886315143041, -0.7884993835885, -0, -0, 5.551115123126e-17, -0, 0.00175660467293, 0.3940901047127, 0.3912404304277, 0.3940072853363, 0, 0.3912197483109, 0.394172924089
3.85, 0.1897243076211, -0.2524652092103, -0.2080343029358, -0.2521668931334, -0.06590011355273, 8.534740362123e-05, -0.0707439397425, -0.02158029406785, 0, -377.3031307607, -2000, 226.1731831187, 2000, 7606.083103128, 3176.992687682, 7610.10506009, 3184.471184051, 12.91926171272, 53.95358898729, 39.12434487254, 4.181125044403, -242.4193016583, 2.761260674712, 238.5764602816, 2.576621242014, 5397.512332644, 4001.120090994, 5415.359954896, 3941.55001258, 3, -6.193435000929, -108.4821200957, 6.141522582282, 109.7958701714, -0.54471017508, 1.254434191115, -0.5017601629262, 1.452446049962, 0, 0, 0.2133075085341, -0, -0, -0, -0, -0, 0.2133075519629, 0.002884288388062, 0, 0, 0, 0, 0, -0.004316875640478, 0.002884308376471, -0.02406065404061, -0.004316845724291, 0.02740258490262, -0.004316845724291, 21.59531624833, 21.60299351155, 21.59527322176, 21.60304751155, 53.3098929435, -0.1884544116787, 0.2095217187834, 0, 1, 50.02667880307, 50, 50.02664343499, -0.000255886118093, 0, 0, 0, 0, 0, 0, 0, 0, 53.31136391982, 50.36150177714, 53.31130753114, 50.36144626787, 53.3098929435, 50.36147402355, 53.31136446746, 50.36150177818, 0, 53.31130820649, 50.36144626891, -0.002611673060814, 0, -0.1909778108467, -0.00201933137361, 0.2068094849687, -0.00201933137361, 0.7862232614612, 0.7864636051254, -0.7884567162312, -0.7885363983668, -0.001109428646597, -0.001006704707725, 0.7863875602958, 0.786493292568, 0, -0.7886438183474, -0.7885067019835, -0, 5.551115123126e-17, 5.551115123126e-17, -0, 0.001756117455266, 0.3940889728819, 0.3912479489033, 0.3940296401346, 0, 0.3912123856262, 0.3941483056291
3.875, 0.188163853975, -0.2505899885773, -0.2095884941946, -0.2502972094328, -0.06616993025313, 0.0001408388884397, -0.07041288806156, -0.02102098049385, 0, -392.842431309, -2000, 244.1489939575, 2000, 7604.784241442, 3176.438589071, 7611.471929481, 3185.004559181, 12.96183882806, 53.83534116619, 38.77906568194, 4.280128255341, -242.0603045501, 2.898861557524, 238.9391368509, 2.762947680467, 5396.284933924, 4001.999629524, 5416.508273217, 3943.058872929, 3, -6.134421194818, -107.4685404853, 6.068023969661, 108.6802860636, -0.5583417165144, 1.238139363345, -0.4872980898597, 1.467787769667, 0, 0, 0.2132771019364, -0, -0, -0, -0, -0, 0.2132771517739, 0.004080425836944, 0, 0, 0, 0, 0, -0.00427127045425, 0.004080454106643, -0.02320355320331, -0.004271240862546, 0.02823865546643, -0.004271240862546, 21.73604526766, 21.74377258515, 21.73600114835, 21.74382632074, 53.65730165484, -0.1877590760195, 0.2102158205239, 0, 1, 50.02693204538, 50, 50.02689380121, -0.0003626796771665, 0, 0, 0, 0, 0, 0, 0, 0, 53.65877356674, 50.70891069351, 53.65871489449, 50.70885418591, 53.65730165484, 50.70888244076, 53.65877409332, 50.70891069456, 0, 53.65871559234, 50.70885418696, -0.00273988968124, 0, -0.1904138882217, -0.002055648770806, 0.2073722788633, -0.002055648770806, 0.786214261779, 0.7864534047041, -0.7884658266411, -0.7885465986586, -0.001116693881125, -0.001017218918684, 0.7863727088727, 0.7864827783863, 0, -0.788658636229, -0.7885172162237, -5.551115123126e-17, -0, -5.551115123126e-17, -0, 0.001755780424359, 0.3940865940221, 0.3912503963345, 0.3940278880894, 0, 0.3912100953679, 0.3941452999548
3.9, 0.1869463815672, -0.2285183767818, -0.2108249222477, -0.2282752922599, -0.06193754208073, -6.948169988721e-05, -0.0493539174454, 0.007353086717514, 0, -387.0119055006, -1042.255899014, 236.4367198749, 1409.178565235, 7603.743805832, 3177.558505523, 7612.554244605, 3184.42172122, 7.943843725809, 51.94038307792, 43.43229349965, 4.369008144822, -241.8363911139, 1.057688864215, 238.9936187621, 0.339457689017, 5395.980990402, 3986.063681348, 5416.968662388, 3958.230680283, 3, -6.557743330865, -97.63153251735, 6.521186722226, 99.71516601084, -0.5693057905248, 1.262268733468, -0.4757808067807, 1.453722635562, 0, 0, 0.2132026042471, -0, -0, -0, -0, -0, 0.2132026238716, 0.00494567560087, 0, 0, 0, 0, 0, -0.002016979108636, 0.004945709841196, -0.02240395263623, -0.002016965144607, 0.02903072614476, -0.002016965144607, 21.87677626473, 21.8845524109, 21.87672798942, 21.88460503503, 54.00471247326, -0.1907718316322, 0.207201257762, 0, 1, 50.02715002902, 50, 50.02708919566, -0.000543770269147, 0, 0, 0, 0, 0, 0, 0, 0, 54.00618772522, 51.05632499243, 54.00612135805, 51.05626153231, 54.00471247326, 51.05629326293, 54.00618824206, 51.05632499298, 0, 54.00612206457, 51.05626153287, -0.00287325943683, 0, -0.1935630378882, -0.002308569258405, 0.2042214152047, -0.002308569258405, 0.7862018926691, 0.7864597445897, -0.7884782227265, -0.7885402551077, -0.001129018196481, -0.001026382326888, 0.7863548798431, 0.7864736165459, 0, -0.7886764400361, -0.7885263811997, -5.551115123126e-17, -0, 5.551115123126e-17, 5.551115123126e-17, 0.001755346247022, 0.3940873559693, 0.3912510039728, 0.3940596338567, 0, 0.3912091755553, 0.3941150780819
3.925, 0.186595643465, -0.2380457896838, -0.2111870670227, -0.2377828730175, -0.06421405968721, 9.371364026728e-05, -0.06697025769485, -0.006911424859052, 0, -394.9563312543, -1826.110182435, 243.9300342313, 2000, 7602.853616815, 3176.619591129, 7613.522487099, 3185.136486287, 9.97379086006, 52.461776497, 40.99140810524, 4.082428042057, -241.3418684834, 1.961730566348, 239.6143786071, 1.406551039988, 5396.589184667, 3994.472406261, 5416.781599488, 3953.797713451, 3, -6.054672477106, -101.5427659215, 6.044781186764, 103.3140450742, -0.5787257641494, 1.238173430477, -0.4654344188423, 1.473516928589, 0, 0, 0.2131845919181, -0, -0, -0, -0, -0, 0.2131846271686, 0.005611222438116, 0, 0, 0, 0, 0, -0.002947580295814, 0.005611261279648, -0.02201840247178, -0.002947559892456, 0.02939289484859, -0.002947559892456, 22.01750587107, 22.02533211468, 22.01745669652, 22.02538361585, 54.35212412974, -0.1892526935921, 0.2087186381131, 0, 1, 50.02734014735, 50, 50.02729435264, -0.0004096397736659, 0, 0, 0, 0, 0, 0, 0, 0, 54.35360039138, 51.4037367884, 54.35353176624, 51.40367231815, 54.35212412974, 51.40370455411, 54.35360089578, 51.40373678923, 0, 54.35353248629, 51.40367231898, -0.003041199563487, 0, -0.192213269959, -0.002345316370608, 0.2055695284403, -0.002345316370608, 0.7861848539019, 0.7864394787844, -0.7884953841346, -0.7885605219802, -0.001144563349328, -0.001040248125388, 0.7863352078623, 0.7864597501728, 0, -0.7886960744502, -0.7885402464236, -0, 5.551115123126e-17, -5.551115123126e-17, -0, 0.001754463377874, 0.3940833957736, 0.3912497934511, 0.3940428831314, 0, 0.3912095469297, 0.3941239084158
3.95, 0.1884009821022, -0.2223857130167, -0.2093690742841, -0.2221569553816, -0.06041833300568, 0.0003644351054528, -0.06861311758945, -0.01553352994279, 0, -395.0430356976, -2000, 245.7276413137, 2000, 7602.258542668, 3175.183431209, 7614.248589621, 3186.623642397, 15.37389610002, 50.31767292733, 35.33682165806, 7.779437197773, -240.878790398, 3.779216820464, 240.2874499083, 3.58884851101, 5397.082853775, 4009.778864937, 5416.744448244, 3937.812264163, 3, -4.986587701906, -95.43651503275, 4.958730544034, 95.53711695777, -0.5850709285386, 1.201027703483, -0.4576058199577, 1.51188299395, 0, 0, 0.2132091052304, -0, -0, -0, -0, -0, 0.2132091876025, 0.006089753334686, 0, 0, 0, 0, 0, -0.005215216629357, 0.00608979549836, -0.02169238627067, -0.005215180520942, 0.0296817323325, -0.005215180520942, 22.15823608833, 22.16611197455, 22.15818502498, 22.16616197896, 54.69953644495, -0.1887457511967, 0.2092228295202, 0, 1, 50.02749466786, 50, 50.02749834616, -4.565148351565e-05, 0, 0, 0, 0, 0, 0, 0, 0, 54.70101496457, 51.75114868277, 54.70094216801, 51.75108537784, 54.69953644495, 51.75111703175, 54.70101546068, 51.75114868421, 0, 54.70094289626, 51.75108537928, -0.00322700764413, 0, -0.1918933355709, -0.002302924264422, 0.2058868290254, -0.002302924264422, 0.786166010776, 0.7864078648186, -0.7885144233631, -0.7885921404336, -0.001162639619039, -0.001056267459057, 0.7863141381462, 0.7864437286426, 0, -0.7887170858522, -0.7885562635607, -0, 5.551115123126e-17, -0, -0, 0.001753267821327, 0.3940840709481, 0.3912488108958, 0.3940123910671, 0, 0.3912096199195, 0.394155750829
3.975, 0.1864767408942, -0.2393727572976, -0.2113093997693, -0.2391074064114, -0.06469439883471, 0.0001399597859521, -0.06875620745245, -0.01614430526209, 0, -396.0060778631, -1968.763409211, 246.7988697109, 2000, 7602.105862239, 3176.606002215, 7614.552937227, 3185.640120305, 9.85451039544, 52.34900707575, 40.36457400572, 3.668709146807, -240.9164387457, 1.924533572606, 240.1246663956, 1.385458710774, 5397.458020757, 3991.820415463, 5416.718604276, 3951.115091968, 3, -5.803030828138, -102.0644571156, 5.812060977782, 103.6040949269, -0.5867813602697, 1.234421595306, -0.454197049908, 1.487274207394, 0, 0, 0.2132371555155, -0, -0, -0, -0, -0, 0.2132371934183, 0.006245759353801, 0, 0, 0, 0, 0, -0.002949800025208, 0.006245802608994, -0.02155043792528, -0.002949779596414, 0.02979038932562, -0.002949779596414, 22.29896663613, 22.30689222401, 22.29891316872, 22.30693986034, 55.04694963236, -0.1891848489046, 0.208778584684, 0, 1, 50.02761488932, 50, 50.02758040102, -0.0002773254380443, 0, 0, 0, 0, 0, 0, 0, 0, 55.0484307583, 52.09856708999, 55.04835314728, 52.0984947311, 55.04694963236, 52.09853091148, 55.04843125268, 52.09856709092, 0, 55.04835387608, 52.09849473203, -0.003379141971282, 0, -0.1924850884482, -0.002632291351388, 0.2052900284932, -0.002632291351388, 0.7861442986074, 0.7864118147479, -0.7885362942348, -0.7885881856772, -0.001184315981501, -0.00106789645131, 0.7862914563912, 0.786432101674, 0, -0.7887396986521, -0.7885678945766, -0, -0, -0, -0, 0.001752071633772, 0.3940887091317, 0.391248063917, 0.3940481659808, 0, 0.3912096710164, 0.3941292522825
4, 0.1881503767907, -0.2507717254076, -0.2096250912973, -0.2504806925338, -0.06697809679742, 0.0002950195149561, -0.07027778506314, -0.02075004942693, 0, -376.42777313, -2000, 223.9498475582, 2000, 7602.064159077, 3175.954002528, 7614.757557744, 3186.182850286, 10.93608252125, 52.8504969716, 38.83468664518, 3.387633153189, -240.7109491124, 2.8679271468, 240.3987548914, 2.892810605701, 5397.855505078, 3999.602410802, 5416.444066444, 3944.334903313, 3, -5.739068544648, -106.8878879397, 5.736579567331, 108.1776658978, -0.5873276717507, 1.218378295237, -0.4518340617718, 1.501798973036, 0, 0, 0.2132525285231, -0, -0, -0, -0, -0, 0.2132525862022, 0.00630216067824, 0, 0, 0, 0, 0, -0.004005080442279, 0.006302204330335, -0.02147407229761, -0.004005052701152, 0.02982554702476, -0.004005052701152, 22.43969728334, 22.44767231071, 22.43964137816, 22.44771761473, 55.39436374485, -0.1894579027455, 0.2085009255169, 0, 1, 50.02770663331, 50, 50.0276709702, -0.0003514051723882, 0, 0, 0, 0, 0, 0, 0, 0, 55.39584752708, 52.44598229334, 55.39576483203, 52.44590774762, 55.39436374485, 52.44594502178, 55.39584802085, 52.44598229465, 0, 55.39576556009, 52.44590774892, -0.00355158552133, 0, -0.1929308662953, -0.002711844715115, 0.2048397852933, -0.002711844715115, 0.7861217271291, 0.7863885693421, -0.7885590757902, -0.7886114327416, -0.001207044661104, -0.001083884434233, 0.7862683631474, 0.7864161127598, 0, -0.7887627205496, -0.7885838816282, -0, -0, -0, -0, 0.001751041410598, 0.3940877108757, 0.3912472723114, 0.3940326635577, 0, 0.3912102177796, 0.3941427581938
4.025, 0.1882178979327, -0.2435661666742, -0.2095316053312, -0.243291437969, -0.06492055704174, 0.0002211779053776, -0.06978922840371, -0.01951171869385, 0, -363.2274598678, -2000, 215.6780022378, 2000, 7602.236803793, 3176.252039109, 7614.745619173, 3185.667461853, 8.974311509502, 52.21433468037, 40.50030759742, 3.636903927054, -240.6904965691, 2.354799407762, 240.3599948279, 2.025630286454, 5398.556450225, 3997.619563981, 5415.678902037, 3950.057263548, 3, -5.940236808072, -104.1899923792, 5.89016852498, 104.7692180641, -0.5856173917733, 1.226281957376, -0.4517516640114, 1.489696704257, 0, 0, 0.213237106567, -0, -0, -0, -0, -0, 0.2132371527023, 0.006132972176292, 0, 0, 0, 0, 0, -0.00344670580958, 0.006133014650355, -0.02152072227938, -0.003446681939482, 0.02973993518052, -0.003446681939482, 22.58042826191, 22.58845195006, 22.58036928185, 22.58849521954, 55.74177874395, -0.1908394102426, 0.2071147751453, 0, 1, 50.02776604474, 50, 50.02774677317, -0.0002581173739635, 0, 0, 0, 0, 0, 0, 0, 0, 55.74326545064, 52.79339981503, 55.74317671471, 52.79331951935, 55.74177874395, 52.7933596684, 55.7432659494, 52.79339981624, 0, 55.74317743524, 52.79331952056, -0.003700457127507, 0, -0.1944610871333, -0.002921018394007, 0.2033050798018, -0.002921018394007, 0.7860975616448, 0.7863774139571, -0.78858343659, -0.7886225868459, -0.001231949876287, -0.001098879948543, 0.7862445156754, 0.7864011176032, 0, -0.788786497614, -0.7885988775003, 5.551115123126e-17, 5.551115123126e-17, -0, -0, 0.001750208756092, 0.3940839865105, 0.3912458758869, 0.3940366137014, 0, 0.3912117423151, 0.3941313593196
4.05, 0.186251374226, -0.2250119971123, -0.2114904852545, -0.224777133441, -0.06005471573039, 3.673579377768e-05, -0.0408204003967, -0.01044342527758, 0, -379.4394797903, -842.2594166763, 230.675750524, 932.9531372302, 7602.511527938, 3177.261136388, 7614.594071957, 3184.701756016, 6.130890052644, 50.9533654067, 43.20658686492, 4.150375862668, -240.8456065474, 1.013883365914, 240.0914885805, 0.3037991032636, 5399.493133226, 3987.585570758, 5414.86590527, 3960.926728171, 3, -6.120061579345, -96.72026663419, 6.066293069491, 96.63414945446, -0.5828255795399, 1.251257185581, -0.4531466215844, 1.465297621552, 0, 0, 0.2132313024139, -0, -0, -0, -0, -0, 0.2132313234299, 0.005852171450079, 0, 0, 0, 0, 0, -0.001931891158013, 0.005852211977242, -0.02171736158203, -0.001931877779467, 0.0295134525541, -0.001931877779467, 22.72115868341, 22.72923092122, 22.72109744539, 22.72927270603, 56.08919391438, -0.191456153477, 0.206489714053, 0, 1, 50.02779256669, 50, 50.02779812682, -2.152827621851e-05, 0, 0, 0, 0, 0, 0, 0, 0, 56.09068280272, 53.14081876221, 56.09058963047, 53.14073083464, 56.08919391438, 53.14077479917, 56.09068330796, 53.14081876295, 0, 56.09059034287, 53.14073083539, -0.003828760802802, 0, -0.1952054089602, -0.003198653091794, 0.2025525559911, -0.003198653091794, 0.7860723259811, 0.7863734684315, -0.7886088211798, -0.7886265300094, -0.001257623794433, -0.001113243239721, 0.7862206220474, 0.7863867550854, 0, -0.7888103366489, -0.7886132415649, -0, -0, -0, -0, 0.001749387138566, 0.3940831548567, 0.391244009478, 0.3940566022247, 0, 0.39121336263, 0.3941097074888
4.075, 0.1892243370107, -0.2157132575255, -0.2085467880617, -0.2154972662278, -0.05599965575368, -6.269553739324e-05, -0.02870271233179, 0.05823697775168, 0, -267.127867556, 132.2322139525, 101.8012589379, 966.5829584177, 7603.187218533, 3178.712648838, 7613.993812448, 3184.019992926, 0.9175827815042, 49.01606766809, 48.03259156804, 4.588293911821, -240.8858328774, 0.2375554947818, 239.8121365747, -0.4995119181225, 5399.807384718, 3971.890712975, 5415.020307277, 3968.428953592, 3, -6.922775004829, -89.85475509559, 6.909808294518, 95.08543175092, -0.5758111731107, 1.28843696411, -0.4592668260056, 1.442352419122, 0, 0, 0.2132693371202, -0, -0, -0, -0, -0, 0.2132693390879, 0.005346610091173, 0, 0, 0, 0, 0, -0.0002508639428205, 0.005346647130459, -0.02169296176589, -0.0002508622049424, 0.02952609795253, -0.0002508622049424, 22.86189073416, 22.87000934032, 22.86182334152, 22.8700497324, 56.43660861792, -0.1974895910947, 0.2004580453852, 0, 1, 50.02777771839, 50, 50.02765861436, -0.0006160104867528, 0, 0, 0, 0, 0, 0, 0, 0, 56.43810338349, 53.48823805753, 56.43799898183, 53.48814254836, 56.43660861792, 53.48819030305, 56.43810390401, 53.48823805763, 0, 56.43799967298, 53.48814254847, -0.003923329635829, 0, -0.2013335346814, -0.003474458483595, 0.1964262095333, -0.003474458483595, 0.7860478127798, 0.7863689811765, -0.7886333782039, -0.7886310159427, -0.001285371013461, -0.001129291904931, 0.7861959419412, 0.7863707066396, 0, -0.7888349799314, -0.7886292904494, -0, 5.551115123126e-17, -0, 5.551115123126e-17, 0.001748473996057, 0.3940913150694, 0.3912433835422, 0.3940878671018, 0, 0.3912130550118, 0.3940947630369
4.1, 0.1891909111243, -0.2134098214886, -0.208589554487, -0.2131984734732, -0.05355424358563, 4.227277454995e-06, -0.03069151256379, 0.01562159643846, 0, -247.6421888375, -271.9674938524, 81.82910841746, 724.6681738341, 7603.877041364, 3178.919624678, 7613.445500562, 3183.138081691, 1.24956792986, 49.1953406274, 47.36681639394, 4.677059925049, -240.5379243779, 0.4829733566883, 240.2155791302, -0.2333294582334, 5402.969433561, 3970.167488953, 5412.216510034, 3970.450966345, 3, -6.716718686917, -90.31763232751, 6.735800944437, 91.96902189067, -0.5686234558569, 1.298046573846, -0.4648688534517, 1.419814380018, 0, 0, 0.2134113868285, -0, -0, -0, -0, -0, 0.2134113867055, 0.0044488944483, 0, 0, 0, 0, 0, 2.054280753746e-05, 0.004448925309622, -0.02240605327899, 2.054266503603e-05, 0.02877846571945, 2.054266503603e-05, 23.00261979402, 23.01078703135, 23.00255150431, 23.0108265545, 56.78402214782, -0.1974879077269, 0.2004554146409, 0, 1, 50.0277633596, 50, 50.02773607147, -5.633048166965e-05, 0, 0, 0, 0, 0, 0, 0, 0, 56.78551866995, 53.83565404105, 56.78541270591, 53.83555444847, 56.78402214782, 53.83560424475, 56.7855192077, 53.83565404104, 0, 56.78541337939, 53.83555444846, -0.003977307921245, 0, -0.2013831227626, -0.003623005782107, 0.1963723123463, -0.003623005782107, 0.7860171754662, 0.7863500474501, -0.7886641900119, -0.7886499494012, -0.001316970958936, -0.001150092271814, 0.7861701714687, 0.7863499061537, 0, -0.7888606897754, -0.7886500906974, -0, -0, -5.551115123126e-17, 5.551115123126e-17, 0.001747327918184, 0.3940910174748, 0.3912370827667, 0.3940912998228, 0, 0.3912186428619, 0.3940907351268
4.125, 0.1869483997127, -0.2135007606143, -0.2108167122125, -0.2132890617127, -0.05110092965157, -5.544793015395e-05, 0.001158338006327, 0.02329085152917, 0, -283.4166923423, 1038.515265174, 114.0371668176, -479.5180668949, 7604.842490611, 3180.696436011, 7612.602433609, 3181.42395875, 0.741551306943, 49.09500309203, 47.51469960391, 4.531563228065, -240.0339158627, -0.5061353285872, 240.7114207852, -1.369888006515, 5407.507225137, 3953.954399553, 5407.735416263, 3982.510757121, 3, -6.575143147795, -89.31243861307, 6.57331520227, 92.34816075203, -0.5585141829725, 1.345063721057, -0.4735896551859, 1.373763156279, 0, 0, 0.2134969044416, -0, -0, -0, -0, -0, 0.2134969014251, 0.003113101796574, 0, 0, 0, 0, 0, 0.002069398754299, 0.003113123409011, -0.0235594472463, 0.00206938438778, 0.02759392781414, 0.00206938438778, 23.14334773741, 23.15156438598, 23.14328017005, 23.15160276369, 57.13143598457, -0.1963775484467, 0.2015632452636, 0, 1, 50.02770269804, 50, 50.02763275399, -0.0003555957578362, 0, 0, 0, 0, 0, 0, 0, 0, 57.13293223161, 54.18307205504, 57.13282798717, 54.18296507971, 57.13143598457, 54.18301856641, 57.13293279388, 54.18307205408, 0, 57.13282863663, 54.18296507875, -0.003967390123583, 0, -0.2002585096808, -0.003891577698501, 0.1974944382955, -0.003891577698501, 0.7859825475052, 0.7863425201559, -0.788698977388, -0.7886574772385, -0.001352438818458, -0.00117171230098, 0.7861434155599, 0.7863282853689, 0, -0.7888873933972, -0.7886717099709, -0, -0, -0, -0, 0.001746579292657, 0.3940951539694, 0.3912280401828, 0.3941235965566, 0, 0.3912275733214, 0.3940667113822
4.15, 0.1878942365042, -0.2234338760757, -0.2098448005474, -0.2232011190937, -0.05301891819421, 0.0001124733494598, -0.02814712733076, 0.006381115866842, 0, -293.1423711451, -211.5068693753, 129.4127807868, 548.4424865844, 7605.990294557, 3179.43532329, 7611.579200582, 3181.583231993, 3.185899548698, 49.87447809832, 44.7154267684, 3.439715514288, -240.0978418211, 0.9976857816796, 240.7880304917, 0.2901783498328, 5410.247357243, 3974.568303589, 5404.847195451, 3969.147440316, 3, -6.130912757749, -94.44110147384, 6.095093396939, 96.20660458901, -0.5464498478248, 1.317264115726, -0.4842484684089, 1.379852439553, 0, 0, 0.2135781804338, -0, -0, -0, -0, -0, 0.2135781816837, 0.001883328354641, 0, 0, 0, 0, 0, -0.0003928346863345, 0.001883341439441, -0.02462364864306, -0.0003928319570561, 0.0264944246065, -0.0003928319570561, 23.28407495417, 23.29234039366, 23.28400889826, 23.29237897006, 57.4788495163, -0.1945506963171, 0.2033871233679, 0, 1, 50.02762834759, 50, 50.02758607584, -0.0002281594259451, 0, 0, 0, 0, 0, 0, 0, 0, 57.48034501845, 54.53048344064, 57.48024338871, 54.53037961935, 57.4788495163, 54.53043153017, 57.48034560071, 54.53048344082, 0, 57.48024401809, 54.53037961953, -0.003960453103143, 0, -0.1984207102573, -0.003776839084716, 0.1993293246343, -0.003776839084716, 0.7859504059931, 0.786298735598, -0.7887313079089, -0.7887012610172, -0.001385234927185, -0.001198560759577, 0.7861185382749, 0.786301437511, 0, -0.7889122189651, -0.7886985590301, 5.551115123126e-17, -0, -0, -5.551115123126e-17, 0.001746026100727, 0.3940879325167, 0.3912225786974, 0.3940825332505, 0, 0.3912333302924, 0.3940933317829
4.175, 0.188253892464, -0.2254368543262, -0.2094716411648, -0.2251990313372, -0.0520982770575, 5.012263231459e-05, -0.0300147007835, 0.00485963232064, 0, -296.5196307181, -294.8792003892, 132.8221241971, 612.3625979442, 7607.252305493, 3179.992228496, 7610.388951301, 3180.847741448, 3.248583289282, 49.75007808109, 44.38259564032, 3.2730829458, -240.5196270399, 0.8369932749948, 240.3715274257, 0.1158070393612, 5411.01787559, 3972.659463162, 5404.021815938, 3971.419744812, 3, -6.185406438085, -95.25656575891, 6.133034989533, 97.2926941751, -0.5331417236375, 1.333712948178, -0.4967012819364, 1.359035599476, 0, 0, 0.2136207918134, -0, -0, -0, -0, -0, 0.2136207919291, 0.0008310748758173, 0, 0, 0, 0, 0, -8.983889571493e-05, 0.0008310806521799, -0.02540557997746, -8.983827129654e-05, 0.02569273146315, -8.983827129654e-05, 23.4248021251, 23.43311600077, 23.42473680676, 23.43315460837, 57.82626275444, -0.1943108924759, 0.20362507405, 0, 1, 50.02752077457, 50, 50.02747459952, -0.0002165843224501, 0, 0, 0, 0, 0, 0, 0, 0, 57.82775776855, 54.87789749686, 57.8276577029, 54.87779214558, 57.82626275444, 54.87784482126, 57.8277583684, 54.8778974969, 0, 57.82765831414, 54.87779214563, -0.003906528285182, 0, -0.1981240483552, -0.003832497274474, 0.1996241700373, -0.003832497274474, 0.7859224516455, 0.7862780367692, -0.7887593654211, -0.7887219597092, -0.001414482250442, -0.001221343551079, 0.7860959223404, 0.7862786546862, 0, -0.7889348030353, -0.7887213417884, -0, -0, 5.551115123126e-17, -0, 0.001745654173077, 0.3940875705095, 0.3912210414695, 0.3940863357303, 0, 0.3912349769676, 0.3940888052887
4.2, 0.1899452534951, -0.2166478830172, -0.2077867774901, -0.2164274985212, -0.04928752433708, 2.507494441836e-05, -0.03217698232596, 0.03865613627114, 0, -260.2567500369, -151.220084449, 96.59670913196, 956.7449574736, 7608.446848005, 3180.352769495, 7609.23734257, 3180.898379583, 0.004819324959894, 48.57513669389, 47.37384164705, 4.124272522102, -241.0473916903, 1.201572438508, 239.6781895718, 0.4807554449241, 5411.004708204, 3973.399935008, 5404.154190493, 3965.735705288, 3, -6.687695818061, -90.77002029352, 6.649577452973, 94.59504145099, -0.520501992015, 1.343213962654, -0.5087912321367, 1.356656372469, 0, 0, 0.2136549300178, -0, -0, -0, -0, -0, 0.213654930397, -6.65389033263e-05, 0, 0, 0, 0, 0, -0.0005554051341156, -6.653936595091e-05, -0.02584694652806, -0.0005554012725807, 0.02524206209726, -0.0005554012725807, 23.56552990679, 23.5738903973, 23.56546299148, 23.5739301655, 58.17367521046, -0.1974749939695, 0.2004593601859, 0, 1, 50.02738214749, 50, 50.02729187967, -0.0004677611235412, 0, 0, 0, 0, 0, 0, 0, 0, 58.17517172489, 55.22530986392, 58.17506912226, 55.225205767, 58.17367521046, 55.22525781571, 58.17517234466, 55.22530986417, 0, 58.1750697135, 55.22520576725, -0.003828058393232, 0, -0.2012080427565, -0.003786866098283, 0.1965385683529, -0.003786866098283, 0.7858984782294, 0.7862509928219, -0.7887833805825, -0.788749003812, -0.001440992548612, -0.001245185327577, 0.7860749625779, 0.7862548129154, 0, -0.7889557408084, -0.7887451835706, 5.551115123126e-17, -0, -0, -5.551115123126e-17, 0.001745261429875, 0.3940924943637, 0.3912210663514, 0.3940848606687, 0, 0.3912347146411, 0.3941001280586
4.225, 0.1885022276465, -0.2118097507581, -0.2092288941074, -0.2115984419765, -0.04717926629772, -0.0001696347037817, 0.002340513786063, 0.02295099477514, 0, -279.0947921568, 1090.978403772, 110.0929314923, -538.6334869457, 7609.30870545, 3181.937467094, 7608.418157284, 3179.388776456, 0.1078790382496, 48.56032754695, 47.03653751712, 4.192433537515, -241.2015670759, -0.4204191063746, 239.5463389409, -1.275876275622, 5412.081977512, 3957.24046376, 5403.278635973, 3979.511852154, 3, -6.755135784972, -89.15280153845, 6.724148318957, 92.25921426916, -0.5113205590644, 1.384533507468, -0.5174267432032, 1.316706111815, 0, 0, 0.2136969447396, -0, -0, -0, -0, -0, 0.2136969503012, -0.00085275656108, 0, 0, 0, 0, 0, 0.001613944772126, -0.0008527624923672, -0.02651374956964, 0.001613933546526, 0.02456369002333, 0.001613933546526, 23.70625517994, 23.71466412155, 23.70619052372, 23.71470517133, 58.52108660523, -0.1961555725572, 0.2017781543958, 0, 1, 50.02722902945, 50, 50.02715252628, -0.0004500384245067, 0, 0, 0, 0, 0, 0, 0, 0, 58.52258093852, 55.57272330768, 58.52248326849, 55.57261576558, 58.52108660523, 55.57266953587, 58.52258156972, 55.57272330692, 0, 58.52248384806, 55.57261576482, -0.003708779289532, 0, -0.199766828851, -0.003912195682864, 0.1979791618452, -0.003912195682864, 0.7858743498798, 0.7862451861038, -0.788807567057, -0.7887548108495, -0.001465574791403, -0.001265913416132, 0.786055386218, 0.7862340844357, 0, -0.7889752958923, -0.7887659112679, 5.551115123126e-17, -0, -0, -0, 0.001744788644102, 0.3940948680549, 0.3912189183164, 0.3941170507126, 0, 0.3912364607867, 0.3940726853971
4.25, 0.1938602132647, -0.1830872539493, -0.2039582887426, -0.1829278515166, -0.04261296144313, -0.0007461740905455, 0.03165803757157, -0.008964610195182, 0, -13.85359447035, 2000, -136.7693985516, -2000, 7610.404848558, 3183.78819397, 7607.404724158, 3177.1455535, 7.243285083172, 50.06331337747, 39.97557052627, 5.489113669158, -242.0830760109, -4.173869597014, 239.0074934671, -6.900768778359, 5409.487150676, 3937.601017898, 5405.855795283, 4002.574270893, 3, -6.397105821475, -79.95172284016, 6.560429478604, 78.86975247298, -0.4996751664389, 1.429157058266, -0.5281166373604, 1.264416198029, 0, 0, 0.213714073879, -0, -0, -0, -0, -0, 0.2137141132857, -0.001282762111885, 0, 0, 0, 0, 0, 0.004708428592416, -0.001282771035475, -0.02684289562959, 0.004708395838244, 0.02421672612403, 0.004708395838244, 23.84697954306, 23.85543614808, 23.84691781085, 23.85548033611, 58.86849718255, -0.1932883035248, 0.2046409386687, 0, 1, 50.02705497912, 50, 50.0270806168, 3.759712797908e-05, 0, 0, 0, 0, 0, 0, 0, 0, 58.86998827931, 55.92013610324, 58.86989733805, 55.92002383521, 58.86849718255, 55.92007996691, 58.86998890879, 55.92013610093, 0, 58.86989791805, 55.9200238329, -0.003587112080754, 0, -0.1967766378533, -0.00408411691872, 0.200964919661, -0.00408411691872, 0.7858544606198, 0.7862493626241, -0.7888275390268, -0.7887506386926, -0.001485734256454, -0.001283023291837, 0.7860377468276, 0.7862169720485, 0, -0.7889928964804, -0.7887830186322, -0, -5.551115123126e-17, -0, -0, 0.001744329121469, 0.394091457545, 0.3912240862472, 0.3941561719402, 0, 0.3912313280123, 0.3940267431498
4.275, 0.1951175682777, -0.1869349687482, -0.2027140219699, -0.186768194427, -0.04555935587008, -0.0007979309853339, 0.02942452533153, -0.01928121515738, 0, -34.94108796814, 1896.890583179, -101.5524729088, -2000, 7610.344490175, 3182.577682374, 7607.558702299, 3178.101923018, 5.767571737378, 50.17747932353, 40.93950287003, 6.067466144815, -243.083499312, -3.802197452928, 237.9699885066, -6.216828769031, 5405.226889749, 3949.613462272, 5409.990325752, 3994.523986484, 3, -6.606199323321, -84.53182320195, 6.808143911319, 78.87361251922, -0.5001519628293, 1.397637299139, -0.5265682486385, 1.291549847283, 0, 0, 0.213688030728, -0, -0, -0, -0, -0, 0.2136880482684, -0.0006035834220284, 0, 0, 0, 0, 0, 0.003254539159442, -0.0006035876198595, -0.02616249637221, 0.00325451652477, 0.02486817208583, 0.00325451652477, 23.98770491847, 23.99620917204, 23.98764293181, 23.99625386204, 59.21590690698, -0.1943867197445, 0.203536377728, 0, 1, 50.02687301736, 50, 50.02700932093, 0.0005872355198953, 0, 0, 0, 0, 0, 0, 0, 0, 59.21739816466, 56.2675432187, 59.21730660114, 56.26743671835, 59.21590690698, 56.26748996701, 59.21739878152, 56.26754321718, 0, 59.21730719354, 56.26743671683, -0.0035534164531, 0, -0.1978439145258, -0.003874298831436, 0.1998916287308, -0.003874298831436, 0.7858464439438, 0.7862214160417, -0.7888357132363, -0.7887785828984, -0.001493756366538, -0.00130096839861, 0.7860250881756, 0.7861990285306, 0, -0.7890055153511, -0.7888009653278, -0, -0, -0, -0, 0.001743918150911, 0.3940875118655, 0.3912325749708, 0.3941322434632, 0, 0.3912230899912, 0.3940427802677
4.3, 0.1971801730139, -0.183475590226, -0.2006001287274, -0.1833148562299, -0.04612379048528, -0.001222461721375, 0.03099608488234, -0.01095630337523, 0, 31.24839256842, 2000, -182.2464422951, -2000, 7609.838166886, 3183.740524526, 7608.089957681, 3177.246149945, 8.75790298534, 50.88356258891, 38.01904388173, 4.815948645944, -243.6508834201, -6.41038977015, 237.509516124, -10.55283395259, 5400.108522587, 3930.472742127, 5415.257119014, 4015.170259488, 3, -6.546285165121, -82.02285385175, 6.635341216615, 78.90716520033, -0.5053316316797, 1.424523944193, -0.5210421775534, 1.270669992671, 0, 0, 0.2136067567938, -0, -0, -0, -0, -0, 0.213606804766, 0.0005425149263714, 0, 0, 0, 0, 0, 0.00613779040835, 0.0005425186966107, -0.02523691683735, 0.006137747753692, 0.02578885908508, 0.006137747753692, 24.12842894236, 24.13698058752, 24.12836785555, 24.1370262582, 59.56331580739, -0.1929485591036, 0.2049769146543, 0, 1, 50.02664659025, 50, 50.02671764994, 0.0002047907396563, 0, 0, 0, 0, 0, 0, 0, 0, 59.56480523638, 56.6149530457, 59.56471618767, 56.61484318409, 59.56331580739, 56.61489811195, 59.56480582704, 56.61495304276, 0, 59.56471680649, 56.61484318115, -0.003525934682456, 0, -0.1963817471946, -0.003996575574336, 0.2013562609523, -0.003996575574336, 0.7858409878764, 0.7862309350292, -0.7888411879815, -0.7887690701762, -0.001497956816406, -0.001311283606682, 0.7860133165203, 0.786188709959, 0, -0.7890172718915, -0.7888112771724, -0, -0, -0, -0, 0.001743594987646, 0.3940860106854, 0.3912427737552, 0.394170370762, 0, 0.3912125955931, 0.3940016506089
4.325, 0.1935462438982, -0.1719968332187, -0.2042630997075, -0.1718559156883, -0.04447574453081, -0.001320726547676, 0.03251446759972, -0.007258776759295, 0, 1.809574855994, 2000, -149.9589443665, -2000, 7608.728095988, 3183.626670334, 7609.264756871, 3177.319685924, 8.233692459082, 50.03868863794, 38.23629475746, 5.150391732265, -243.7633351578, -7.069569073009, 237.4019902326, -11.52972203601, 5397.585214084, 3924.996937439, 5418.057028104, 4023.285086893, 3, -7.019540954883, -76.05928656648, 7.17128572231, 74.88958758131, -0.5168808892741, 1.420314404268, -0.5087300664471, 1.273973831824, 0, 0, 0.2135772363211, -0, -0, -0, -0, -0, 0.213577289271, 0.001800622988604, 0, 0, 0, 0, 0, 0.007122665195039, 0.00180063549868, -0.02434624477385, 0.007122615709659, 0.02666205095862, 0.007122615709659, 24.26915202707, 24.27775079385, 24.2690920437, 24.27779777834, 59.91072255473, -0.1913825830439, 0.2065406638047, 0, 1, 50.02640732126, 50, 50.02643901986, 6.685174328189e-05, 0, 0, 0, 0, 0, 0, 0, 0, 59.91221075088, 56.96235950328, 59.91212377555, 56.96224972849, 59.91072255473, 56.96230461247, 59.91221131621, 56.96235949987, 0, 59.91212442023, 56.96224972507, -0.003540974581211, 0, -0.1948341310827, -0.00399341749473, 0.2029017410365, -0.00399341749473, 0.785833558838, 0.7862242489661, -0.7888487072539, -0.7887757593782, -0.001503385223097, -0.001324744931173, 0.7859998077373, 0.7861752470711, 0, -0.7890307506228, -0.7888247369335, -0, -0, -0, -0, 0.001742937486336, 0.3940833813929, 0.3912478028973, 0.3941812779553, 0, 0.3912070153566, 0.3939854848304
4.35, 0.1937783447562, -0.179392715324, -0.204058875827, -0.1792404442028, -0.04749626947443, -0.001112277312466, 0.0316906702141, -0.01057130612267, 0, -9.123453104347, 2000, -130.4544934988, -2000, 7607.441510601, 3182.276154234, 7610.673347514, 3178.42642546, 7.336409246426, 50.43691775691, 38.89955909108, 5.293362062215, -243.2883247385, -5.914709372926, 237.8813114069, -9.721637894047, 5396.833865327, 3933.210110811, 5419.194425244, 4014.751054097, 3, -7.059853986205, -80.62092685945, 7.275496196651, 76.21662419582, -0.5303279607397, 1.385282012547, -0.493918194903, 1.304259959699, 0, 0, 0.2136502828897, -0, -0, -0, -0, -0, 0.2136503072096, 0.002962458729073, 0, 0, 0, 0, 0, 0.005909042398588, 0.002962479325245, -0.02339934838184, 0.00590900131689, 0.02757725458784, 0.00590900131689, 24.40987550307, 24.41852048091, 24.40981386177, 24.41856783813, 60.25812640957, -0.1925611750057, 0.2053566560979, 0, 1, 50.02615901261, 50, 50.02628600029, 0.0007633840065994, 0, 0, 0, 0, 0, 0, 0, 0, 60.25961663829, 57.30976206165, 60.2595266262, 57.30965594962, 60.25812640957, 57.3097090029, 60.25961718511, 57.30976205891, 0, 60.25952728889, 57.30965594689, -0.003602340966493, 0, -0.1960775967565, -0.003860172176336, 0.2016529148601, -0.003860172176336, 0.7858236622282, 0.7861983885264, -0.7888587679967, -0.788801616275, -0.001512362305372, -0.001342256328872, 0.7859834458232, 0.7861577376959, 0, -0.7890470591239, -0.7888422503536, -0, -0, 5.551115123126e-17, -0, 0.00174187270783, 0.3940837019233, 0.391249302302, 0.3941649180018, 0, 0.3912047466677, 0.3940024858447
4.375, 0.1953947333516, -0.1860720076387, -0.2024212231952, -0.1859091613024, -0.04990152755675, -0.001040747945248, 0.03104231877949, -0.01114068782793, 0, 22.08324692683, 2000, -168.1760305559, -2000, 7606.359679535, 3181.904762799, 7611.872961861, 3178.873747948, 8.050886598584, 50.4433160546, 38.11904326949, 4.542792973297, -242.7332471517, -5.803896711163, 238.4866309779, -9.640899586606, 5396.226958076, 3929.721619027, 5420.185092662, 4012.920815625, 3, -6.559654674395, -82.68175914448, 6.73239154726, 79.31402573194, -0.5416727312532, 1.374030282135, -0.4812531082545, 1.316847798114, 0, 0, 0.2137604360115, -0, -0, -0, -0, -0, 0.2137604535243, 0.00394960477183, 0, 0, 0, 0, 0, 0.006029211385967, 0.00394963225935, -0.02259516876182, 0.006029169425581, 0.02835457546466, 0.006029169425581, 24.55059806419, 24.55928944108, 24.55053452464, 24.55933622314, 60.60552798022, -0.1933747596202, 0.2045415715749, 0, 1, 50.0258829956, 50, 50.02598538059, 0.0006841672725093, 0, 0, 0, 0, 0, 0, 0, 0, 60.60702060244, 57.65716435355, 60.60692729139, 57.65705785557, 60.60552798022, 57.65711110176, 60.60702113288, 57.65716435074, 0, 60.60692796971, 57.65705785277, -0.003685301511204, 0, -0.1969771028761, -0.003874212541103, 0.2007519141359, -0.003874212541103, 0.7858100011101, 0.786182589644, -0.7888725597961, -0.7888174154755, -0.001525242314722, -0.001358882451066, 0.785964293794, 0.7861411113886, 0, -0.7890661573245, -0.7888588762907, -0, -0, -0, -5.551115123126e-17, 0.00174083324597, 0.3940889993772, 0.3912505134846, 0.3941718671025, 0, 0.3912027706364, 0.394006131652
4.4, 0.1937640670234, -0.1923260962307, -0.2040312439076, -0.1921529877109, -0.05201450903401, -0.0006814670277715, 0.02422977142868, -3.997275626307e-05, 0, -50.81895267904, 1831.013008179, -100.7566658237, -1643.143717004, 7605.36190089, 3180.151383131, 7612.993307767, 3180.709169977, 5.451185090464, 49.34583434611, 40.53307612199, 4.939142461225, -242.3134255763, -3.509484217431, 238.8133920324, -5.936649355937, 5396.038014538, 3944.975237852, 5420.38548259, 3993.20306899, 3, -6.740591736851, -84.74680716933, 6.870628881294, 82.07231434071, -0.5521708270134, 1.328413545143, -0.4693816773939, 1.363950824164, 0, 0, 0.2138459654781, -0, -0, -0, -0, -0, 0.2138459591698, 0.004787300556657, 0, 0, 0, 0, 0, 0.003494935081551, 0.00478733390084, -0.02189324433849, 0.003494910739036, 0.02902529247241, 0.003494910739036, 24.6913200065, 24.70005768361, 24.69125402749, 24.70010354764, 60.95292787059, -0.1949921048884, 0.2029211936625, 0, 1, 50.02558950542, 50, 50.02566606391, 0.0004882333946089, 0, 0, 0, 0, 0, 0, 0, 0, 60.95442370307, 58.00456272984, 60.95432514643, 58.00446049969, 60.95292787059, 58.00451161321, 60.95442422159, 58.00456272828, 0, 60.95432583476, 58.00446049813, -0.003809335765531, 0, -0.1987210796695, -0.003718956431294, 0.1990049475131, -0.003718956431294, 0.7857933425167, 0.7861441389246, -0.7888893770572, -0.7888558606877, -0.001541382476878, -0.001379899675214, 0.7859428421891, 0.7861200972009, 0, -0.7890875538821, -0.7888798965513, -0, -0, -0, -5.551115123126e-17, 0.001740137566923, 0.3940934471684, 0.391250891727, 0.3941414828567, 0, 0.3912023691602, 0.3940454114801
4.425, 0.1920659547453, -0.1759477706507, -0.2057301360019, -0.1758029023414, -0.04898223109456, -0.001022542596838, 0.03245286997868, -0.008220184127609, 0, -20.115895473, 2000, -129.5864177858, -2000, 7604.879491298, 3181.468051977, 7613.572729416, 3179.098849009, 7.211061720239, 49.69739265357, 38.54065507214, 4.684528144096, -242.1452387268, -6.124702599234, 239.0483971444, -10.13081703409, 5395.559730786, 3924.93940761, 5420.601838687, 4014.654110727, 3, -6.794045873847, -77.41126803933, 6.934030160386, 75.64641498917, -0.5572863793823, 1.360323600437, -0.4631633327709, 1.326111858588, 0, 0, 0.213881741571, -0, -0, -0, -0, -0, 0.213881752869, 0.005257142803798, 0, 0, 0, 0, 0, 0.006501371835169, 0.005257179432747, -0.02168379700262, 0.00650132653741, 0.02920852513686, 0.00650132653741, 24.83203960479, 24.84082465574, 24.83197413806, 24.84086980635, 61.3003263085, -0.1923211129646, 0.2055895416346, 0, 1, 50.02527997837, 50, 50.02532437891, 0.0002145707311538, 0, 0, 0, 0, 0, 0, 0, 0, 61.30182185842, 58.35196534842, 61.30172436365, 58.3518545303, 61.3003263085, 58.35190993621, 61.30182236533, 58.35196534527, 0, 61.30172506527, 58.35185452716, -0.003907536724498, 0, -0.1961490381524, -0.004031371723464, 0.2015744123306, -0.004031371723464, 0.7857706414114, 0.7861498743491, -0.7889122134567, -0.7888501318916, -0.001562565999631, -0.001394846218793, 0.7859187112404, 0.7861051467622, 0, -0.7891116410934, -0.7888948391998, -0, -0, 5.551115123126e-17, -0, 0.001739848199046, 0.3940920357913, 0.3912518450273, 0.3941813930648, 0, 0.3912019375362, 0.3940026785179
4.45, 0.1928908152164, -0.1922096019989, -0.2049101564209, -0.1920375210788, -0.05282805389093, -0.0006089453698785, 0.02277967509177, -0.01085676846629, 0, -58.20803814389, 1681.208262897, -85.96542399339, -1661.204755205, 7604.273936816, 3179.472153692, 7614.236326281, 3180.805039885, 4.823980492981, 49.25510146844, 40.70014683372, 4.783378308604, -241.6860737702, -3.442736730528, 239.4046724549, -5.856928944277, 5395.512182317, 3946.944150351, 5420.379376572, 3996.105685291, 3, -6.650615365457, -84.89199705169, 6.79747459127, 81.3747019572, -0.5637113174791, 1.310534378279, -0.4560440684506, 1.370118767365, 0, 0, 0.2138725945983, -0, -0, -0, -0, -0, 0.213872583817, 0.005729487921138, 0, 0, 0, 0, 0, 0.003562597972198, 0.00572952783772, -0.02117185217582, 0.003562573152226, 0.02970182268946, 0.003562573152226, 24.9727605458, 24.9815915722, 24.97269111335, 24.98163437535, 61.64772306737, -0.1952064636901, 0.2027016404913, 0, 1, 50.02496322119, 50, 50.02504867015, 0.0004015165150877, 0, 0, 0, 0, 0, 0, 0, 0, 61.64922260324, 58.69936021502, 61.6491170354, 58.69925290662, 61.64772306737, 58.69930655915, 61.64922310586, 58.69936021335, 0, 61.64911773808, 58.69925290495, -0.004063803064653, 0, -0.1991925889821, -0.003903694050756, 0.198528388608, -0.003903694050756, 0.7857492272688, 0.7861068705256, -0.788933727708, -0.7888931288634, -0.001584470311659, -0.001417633058353, 0.7858938012435, 0.7860823635915, 0, -0.7891365237094, -0.7889176297083, -0, -0, -0, -0, 0.001739769896325, 0.3940885950194, 0.3912519410528, 0.3941375606916, 0, 0.3912023789563, 0.3940396293473
4.475, 0.1918167279953, -0.173681457347, -0.2059735165855, -0.1735408221548, -0.04878567150887, -0.001030350830193, 0.03280481109507, -0.00724489327326, 0, -5.018500208774, 2000, -141.2745310377, -2000, 7604.191746806, 3181.687460981, 7614.317431924, 3178.955714069, 7.582368644641, 49.72520505769, 37.81591453063, 4.263981578534, -241.5895216804, -6.593570406522, 239.6080087137, -10.91681936088, 5395.888253186, 3921.418647886, 5420.006389408, 4020.828377127, 3, -6.636149119802, -76.00403919338, 6.766518832953, 74.70272806201, -0.5646543918146, 1.363669641431, -0.4550319502752, 1.323818851652, 0, 0, 0.2138224261371, -0, -0, -0, -0, -0, 0.2138224407196, 0.005754632878572, 0, 0, 0, 0, 0, 0.007203943035502, 0.005754672951529, -0.02133653176759, 0.007203892870473, 0.0295361264378, 0.007203892870473, 25.11347819938, 25.12235707235, 25.11340933608, 25.12239826048, 61.99511794698, -0.1921098474764, 0.2057991824602, 0, 1, 50.02461864981, 50, 50.02464740377, 4.818223060877e-05, 0, 0, 0, 0, 0, 0, 0, 0, 61.9966164979, 59.04676053474, 61.99651220224, 59.04664195665, 61.99511794698, 59.04670124197, 61.99661699683, 59.04676053101, 0, 61.99651291153, 59.04664195292, -0.00417080450408, 0, -0.1962023559906, -0.004313665915772, 0.2015195945486, -0.004313665915772, 0.7857209261662, 0.7861163047066, -0.7889620319555, -0.7888837032788, -0.001611566901877, -0.001433248795622, 0.7858666244181, 0.7860667427479, 0, -0.7891636969742, -0.7889332403392, -0, -0, 5.551115123126e-17, 5.551115123126e-17, 0.001739731052258, 0.3940893922784, 0.3912511914905, 0.3941884059522, 0, 0.3912031225433, 0.3939903786047
4.5, 0.1919491815969, -0.1663179816711, -0.2058335594844, -0.1661890797412, -0.04665918589761, -0.001123416629841, 0.03341275261645, -0.005366953634914, 0, 35.74131464995, 2000, -178.7631548234, -2000, 7604.223259606, 3182.168994824, 7614.306525544, 3178.098588624, 8.722439607958, 49.39670725151, 36.32794438345, 4.271208171256, -241.3985743676, -7.458797505851, 239.8649712699, -12.24027319743, 5396.822437965, 3916.068069776, 5419.28635301, 4030.454394986, 3, -6.42066247156, -72.46225097818, 6.540822666389, 71.76317012588, -0.5644065240014, 1.376620235877, -0.4549891006487, 1.303478830726, 0, 0, 0.2138183951243, -0, -0, -0, -0, -0, 0.2138184259213, 0.005629251921632, 0, 0, 0, 0, 0, 0.008289254739191, 0.005629291120008, -0.02148341522069, 0.008289197018705, 0.02938248005416, 0.008289197018705, 25.25419565047, 25.26312103266, 25.25412555581, 25.26316111906, 62.34250997592, -0.191374133047, 0.2065334964994, 0, 1, 50.02427230954, 50, 50.02429033738, 2.25249101684e-05, 0, 0, 0, 0, 0, 0, 0, 0, 62.34400969115, 59.39415528259, 62.34390302149, 59.39403057727, 62.34250997592, 59.39409292542, 62.34401019194, 59.39415527808, 0, 62.34390372925, 59.39403057276, -0.00429276792048, 0, -0.1955880533311, -0.004536564102967, 0.2021325254916, -0.004536564102967, 0.7856919406713, 0.7861041274053, -0.7889910520363, -0.7888958841405, -0.001640408170017, -0.001452892153735, 0.7858386412365, 0.7860470971364, 0, -0.7891916687253, -0.7889528814439, 5.551115123126e-17, -0, -0, -5.551115123126e-17, 0.001739372337935, 0.3940851328631, 0.39124933019, 0.3941990634647, 0, 0.391204557418, 0.3939712022615
4.525, 0.2009341756817, -0.1265040389877, -0.1967371650611, -0.1264299219592, -0.03514184562348, -0.001086987526285, 0.03582046402976, 0.001990660880837, 0, 226.4290001103, 2000, -384.0811468731, -2000, 7604.665642604, 3183.150197889, 7613.89441179, 3177.26965444, 14.47163840587, 45.51483937247, 30.63296230853, 9.741287383631, -240.6274631547, -8.167655468305, 240.8052702151, -12.51142162653, 5398.123989857, 3905.403268728, 5418.36159283, 4038.710972799, 3, -4.004414314381, -53.71763091052, 3.897358083792, 55.2264290563, -0.5598415996322, 1.403467288352, -0.4591649319574, 1.279142854542, 0, 0, 0.2138516089726, -0, -0, -0, -0, -0, 0.2138516699815, 0.005139040254902, 0, 0, 0, 0, 0, 0.009660433756703, 0.005139076050887, -0.0215654908327, 0.00966036646738, 0.02927756835136, 0.00966036646738, 25.39491404101, 25.40388326732, 25.39483838166, 25.40392293312, 62.68989905967, -0.1954655672164, 0.2024463963622, 0, 1, 50.02389918426, 50, 50.02387035901, -9.223164516473e-05, 0, 0, 0, 0, 0, 0, 0, 0, 62.69140343343, 59.74154767015, 62.69128788176, 59.74141620365, 62.68989905967, 59.74148193135, 62.69140394688, 59.7415476646, 0, 62.69128857241, 59.74141619811, -0.004384648327186, 0, -0.1997710786226, -0.004782524166991, 0.1979538905277, -0.004782524166991, 0.7856618540818, 0.7860922261686, -0.7890212856815, -0.7889077907315, -0.001673044882819, -0.001474227489382, 0.7858091140913, 0.7860257585738, 0, -0.7892211870504, -0.7889742135526, -5.551115123126e-17, -0, 5.551115123126e-17, 5.551115123126e-17, 0.001738803060664, 0.3940875300145, 0.3912467372468, 0.3942203066103, 0, 0.3912063999362, 0.3939547534187
4.55, 0.2014740102393, -0.09510139847372, -0.196170856173, -0.09505969372739, -0.0257551732549, -0.0009154050765997, 0.03888088597337, 0.007262977489807, 0, 236.277815332, 2000, -394.7079247836, -2000, 7605.269944351, 3183.246116599, 7613.373993264, 3176.776265751, 15.03160812498, 41.45748262786, 29.63929757604, 13.07369061641, -240.1499290824, -7.574537548668, 241.3311194153, -10.87077126491, 5401.602290696, 3906.340277261, 5415.187789889, 4036.85134218, 3, -3.221457544125, -38.89390750164, 3.066415283086, 42.43836115639, -0.5535556891901, 1.409214551626, -0.4645018160975, 1.265429151316, 0, 0, 0.2139618981124, -0, -0, -0, -0, -0, 0.2139619671919, 0.004228637925505, 0, 0, 0, 0, 0, 0.009457769267886, 0.004228667410472, -0.0221923205964, 0.009457703322242, 0.02862891627031, 0.009457703322242, 25.53562967017, 25.54464470074, 25.53555150141, 25.54468299499, 63.0372847394, -0.197483744694, 0.2004259627948, 0, 1, 50.02352835664, 50, 50.023451705, -0.0002897406837542, 0, 0, 0, 0, 0, 0, 0, 0, 63.03879210884, 60.08893525685, 63.03867207876, 60.0888006323, 63.0372847394, 60.08886793902, 63.03879264269, 60.08893525129, 0, 63.03867274704, 60.08880062675, -0.004443633869068, 0, -0.2018458759901, -0.004897408393901, 0.1958768231266, -0.004897408393901, 0.7856268273331, 0.7860644891408, -0.7890564249953, -0.788935526563, -0.001709711412404, -0.001500570128262, 0.7857783649481, 0.7859994162663, 0, -0.7892519006815, -0.7890005565228, -0, -0, -0, -0, 0.001738027987168, 0.3940884491934, 0.3912398067267, 0.3942184402921, 0, 0.3912127244901, 0.3939584580946
4.575, 0.1997437016328, -0.1448664274312, -0.1978924350476, -0.1447690489969, -0.03586644743533, -0.0009963999095796, 0.03473469575917, 0.001622352502088, 0, 232.1881324741, 2000, -390.2863167582, -2000, 7606.299544452, 3184.239746292, 7612.442431152, 3175.527096947, 13.65030887151, 46.67788520918, 30.79826934341, 5.832423330119, -239.8762810261, -7.840252374049, 241.593925133, -12.67739207385, 5405.559599191, 3898.454144257, 5411.310941535, 4041.839394397, 3, -3.908809693826, -59.70954027575, 3.74064412276, 63.78503513003, -0.542777674279, 1.437259049125, -0.4741809163751, 1.231965386943, 0, 0, 0.2140827699375, -0, -0, -0, -0, -0, 0.2140828782997, 0.002924708388943, 0, 0, 0, 0, 0, 0.01039072527089, 0.002924728805066, -0.02341108444658, 0.01039065273817, 0.02738868633084, 0.01039065273817, 25.67634176179, 25.68540497714, 25.67626575796, 25.68544185897, 63.38466764273, -0.1944348272902, 0.2034716091448, 0, 1, 50.02314309409, 50, 50.02305163518, -0.0003553055367149, 0, 0, 0, 0, 0, 0, 0, 0, 63.38617385986, 60.43632128615, 63.38605778859, 60.43618148837, 63.38466764273, 60.43625138092, 63.38617441452, 60.4363212798, 0, 63.38605843786, 60.43618148203, -0.004449314799009, 0, -0.198798020925, -0.005085601614671, 0.1989213829691, -0.005085601614671, 0.785587209277, 0.7860437824485, -0.7890961464257, -0.7889562372467, -0.001749511920753, -0.001527696297284, 0.7857470658839, 0.7859722876508, 0, -0.7892831575905, -0.7890276802454, -0, -5.551115123126e-17, -5.551115123126e-17, -0, 0.001737401431341, 0.3940913346165, 0.3912319203307, 0.3942341486083, 0, 0.3912204514343, 0.3939485206247
4.6, 0.1958697159396, -0.1535861653068, -0.2017313795433, -0.1534760496642, -0.03616066439553, -0.001185620268137, 0.03485879533596, 0.001681202554017, 0, 195.7593471981, 2000, -355.8478163974, -2000, 7607.653611103, 3185.952082824, 7611.163343004, 3173.703772914, 12.71624904048, 48.20436119399, 31.3661119951, 2.405023085874, -239.8344222684, -9.176323961133, 241.6183742269, -14.97694551539, 5409.456361138, 3884.651858601, 5407.252862633, 4053.170667043, 3, -4.522900752033, -62.48710676895, 4.289108558632, 68.5467326883, -0.5285525273797, 1.482705506193, -0.4875475492665, 1.184084576215, 0, 0, 0.2141593704388, -0, -0, -0, -0, -0, 0.2141595556969, 0.001352008727321, 0, 0, 0, 0, 0, 0.01221208346897, 0.001352018171863, -0.02483280899542, 0.01221199816114, 0.02595635273082, 0.01221199816114, 25.81705237796, 25.82616350296, 25.81697924632, 25.82620015138, 63.73204832719, -0.1915462872368, 0.2063566831825, 0, 1, 50.02274761613, 50, 50.02259596197, -0.0007788576518491, 0, 0, 0, 0, 0, 0, 0, 0, 63.73355241232, 60.78370551601, 63.73344165444, 60.78355940186, 63.73204832719, 60.78363245115, 63.73355299194, 60.78370550822, 0, 63.73344227886, 60.78355939407, -0.004400663077501, 0, -0.1958554667586, -0.00531538031431, 0.2018604445686, -0.00531538031431, 0.7855465686406, 0.7860286962291, -0.7891368236045, -0.7889713327682, -0.001790631398911, -0.001555315254537, 0.7857161297953, 0.7859446634692, 0, -0.7893140583631, -0.7890552939783, -0, -0, -5.551115123126e-17, -0, 0.00173713477955, 0.3940937933138, 0.3912241537703, 0.3942616407287, 0, 0.3912285398089, 0.3939259458988
4.625, 0.1964895919751, -0.1559043265298, -0.2011077681549, -0.1557900425527, -0.03595737901097, -0.001168115674073, 0.03438688293944, 0.0004517974382456, 0, 185.7894042764, 2000, -346.374865711, -2000, 7609.055934742, 3186.034009823, 7609.793100201, 3173.462195964, 12.21415585225, 48.2445153552, 31.82987540966, 2.449013816162, -240.1927734735, -8.744669325248, 241.2275181017, -14.33272518071, 5411.257250635, 3891.684174246, 5405.168185599, 4047.557429033, 3, -4.591081947059, -64.23148457081, 4.351192439902, 69.42472074513, -0.5137710789485, 1.486865271451, -0.5019223308845, 1.176522830933, 0, 0, 0.2141634340733, -0, -0, -0, -0, -0, 0.2141636121587, 9.349728384108e-06, 0, 0, 0, 0, 0, 0.01129569583538, 9.349793699706e-06, -0.02584967927217, 0.011295616926, 0.02493024307074, 0.011295616926, 25.95776304524, 25.96692044989, 25.95769052901, 25.96695771008, 64.07942706661, -0.1916506788757, 0.2062514013053, 0, 1, 50.02234105703, 50, 50.02220171581, -0.0008217565046599, 0, 0, 0, 0, 0, 0, 0, 0, 64.08093056925, 61.13108373123, 64.08082103686, 61.13093837239, 64.07942706661, 61.13101104464, 64.08093117273, 61.13108372406, 0, 64.08082163648, 61.13093836522, -0.004342497720197, 0, -0.1958978930888, -0.005287903406525, 0.2018171589026, -0.005287903406525, 0.7855115488785, 0.7859924211575, -0.7891718912947, -0.7890076027422, -0.001827252019234, -0.001585284413907, 0.785688051716, 0.7859146969286, 0, -0.7893421213953, -0.7890852657564, -0, -0, -0, -5.551115123126e-17, 0.001737214198624, 0.3940923811829, 0.3912205632705, 0.3942476334257, 0, 0.391232695663, 0.3939371289401
4.65, 0.1988810953184, -0.1522441618888, -0.1987138510719, -0.1521343945884, -0.03451347458148, -0.001285429347311, 0.03437583376793, 0.002440891301885, 0, 217.8462907272, 2000, -376.5540566363, -2000, 7610.349087559, 3186.417146865, 7608.49377908, 3172.904776641, 12.85150340401, 48.0947239332, 30.99000161306, 2.114461664851, -240.8147100459, -9.128383847019, 240.6114747406, -14.91354590196, 5411.007567837, 3893.477040642, 5405.253754797, 4049.665898469, 3, -4.412877768284, -62.08403530576, 4.164004844323, 69.11474346452, -0.5000889780052, 1.498666965808, -0.5156016567327, 1.160961823167, 0, 0, 0.2141213091893, -0, -0, -0, -0, -0, 0.2141215033713, -0.0009628835773268, 0, 0, 0, 0, 0, 0.01131856666729, -0.0009628903012203, -0.02650837504971, 0.01131848762923, 0.02426621930933, 0.01131848762923, 26.09847264812, 26.1076759356, 26.09840060411, 26.10771418409, 64.42680348862, -0.192061995151, 0.2058409934122, 0, 1, 50.02192105787, 50, 50.02173247915, -0.001158656826497, 0, 0, 0, 0, 0, 0, 0, 0, 64.42830600719, 61.47845952539, 64.42819787209, 61.4783143345, 64.42680348862, 61.47838692277, 64.42830662707, 61.47845951822, 0, 64.42819845481, 61.47831432732, -0.004256677907175, 0, -0.1962209507192, -0.00528179394378, 0.2014950657885, -0.00528179394378, 0.7854823250665, 0.7859655281857, -0.7892011534517, -0.7890344958535, -0.001858038547791, -0.001612333997329, 0.7856633257364, 0.7858876472909, 0, -0.7893668493589, -0.7891123152855, -0, -0, -0, 5.551115123126e-17, 0.001737375214971, 0.3940884953592, 0.3912210585915, 0.3942440619477, 0, 0.391232527153, 0.3939329287708
4.675, 0.2006614775362, -0.1586680478042, -0.1969548813067, -0.1585485381379, -0.0352464872056, -0.001232629378194, 0.03354297641086, 0.002087643250545, 0, 232.0503706231, 2000, -388.0462087048, -2000, 7611.254264406, 3186.459959556, 7607.567538759, 3173.388883433, 12.98093277185, 47.87541554502, 30.87506012774, 2.106731580432, -241.290829472, -8.330995964298, 240.1346960377, -13.76482658649, 5410.321548161, 3898.470062263, 5406.000219612, 4042.890315316, 3, -4.449632538907, -64.4776646936, 4.239963675964, 72.32912951696, -0.4904409983451, 1.500199839853, -0.5254052405465, 1.169288885825, 0, 0, 0.2140597603415, -0, -0, -0, -0, -0, 0.2140599362816, -0.001568631097919, 0, 0, 0, 0, 0, 0.01046572899985, -0.001568642045499, -0.02687081861475, 0.01046565595922, 0.02390326429806, 0.01046565595922, 26.23918100955, 26.248430202, 26.23910946257, 26.24846996695, 64.77417713064, -0.1927762761434, 0.2051279912902, 0, 1, 50.02149067855, 50, 50.02128490761, -0.00125487543702, 0, 0, 0, 0, 0, 0, 0, 0, 64.77567853322, 61.82583160263, 64.7755717902, 61.82568971409, 64.77417713064, 61.82576065187, 64.77567916355, 61.82583159614, 0, 64.77557236245, 61.8256897076, -0.004159515488454, 0, -0.1968367487928, -0.005161660118364, 0.2008806014648, -0.005161660118364, 0.7854577826078, 0.7859325341355, -0.789225706705, -0.789067485748, -0.001883829173636, -0.001639460396857, 0.7856412586966, 0.7858605232702, 0, -0.7893889236492, -0.7891394440639, 5.551115123126e-17, -0, -0, -0, 0.001737391258542, 0.394090271934, 0.3912224240116, 0.3942341168052, 0, 0.3912310412132, 0.3939464270629
4.7, 0.1977770344371, -0.1495198891694, -0.1998399130218, -0.1494132634609, -0.0325899423874, -0.001476434711914, 0.0348409615318, 0.003017174703998, 0, 208.6516741454, 2000, -364.9433716983, -2000, 7611.853667625, 3187.687287095, 7606.972884502, 3172.066358182, 12.78601840916, 48.24886562888, 30.86087576799, 1.827778478195, -241.5997726202, -9.960671580267, 239.8426325873, -16.1276490372, 5410.807539539, 3886.367635385, 5405.775185013, 4057.014911639, 3, -4.720411016307, -61.08946898057, 4.51559726216, 68.1861094678, -0.4839833593222, 1.53262057733, -0.5317525018329, 1.13535381179, 0, 0, 0.2140414217575, -0, -0, -0, -0, -0, 0.2140416713366, -0.002081217845465, 0, 0, 0, 0, 0, 0.01236632743729, -0.002081232367934, -0.02736354586917, 0.01236624114705, 0.02341445980926, 0.01236624114705, 26.37988678853, 26.38918309373, 26.37981829934, 26.38922433337, 65.12154735595, -0.1909714093646, 0.2069313235808, 0, 1, 50.02106723602, 50, 50.02088216789, -0.001137294374732, 0, 0, 0, 0, 0, 0, 0, 0, 65.12304553785, 62.17320258419, 65.12294499006, 62.17305889413, 65.12154735595, 62.1731307314, 65.1230461734, 62.17320257643, 0, 65.12294555601, 62.17305888638, -0.004024840541621, 0, -0.1948953629032, -0.005227196070557, 0.2028204539761, -0.005227196070557, 0.7854332407608, 0.7859215596379, -0.7892502149047, -0.7890784704919, -0.001908263771488, -0.001663512136168, 0.7856200807895, 0.7858364662444, 0, -0.7894100943446, -0.7891634905167, -0, -0, -0, -0, 0.001737075763255, 0.3940882552164, 0.3912214543091, 0.3942582226191, 0, 0.3912314908675, 0.3939182878138
4.725, 0.197313865585, -0.1620066776161, -0.2003362282629, -0.1618814547776, -0.0363757383669, -0.001366167352879, 0.03346017559448, -0.002481142427982, 0, 166.480893887, 2000, -321.5637597702, -2000, 7612.072790599, 3186.48734807, 7606.802462481, 3172.574966513, 11.10126095519, 48.99956861894, 32.73516693802, 1.79854302534, -241.9898799076, -8.806835541575, 239.4234442415, -14.41109932166, 5410.549458738, 3900.547589695, 5406.338016877, 4048.165852635, 3, -5.058735679124, -68.80611846266, 4.930524149068, 71.67854370113, -0.4815165905526, 1.504332415348, -0.5336541477696, 1.150195087532, 0, 0, 0.2140802675035, -0, -0, -0, -0, -0, 0.2140804599636, -0.002181558510859, 0, 0, 0, 0, 0, 0.01069747977856, -0.002181573739018, -0.02741424212167, 0.01069740510622, 0.02335555859827, 0.01069740510622, 26.52059211361, 26.52993445289, 26.52052484852, 26.52997653469, 65.46891398857, -0.1913031113485, 0.2065968817707, 0, 1, 50.02063894963, 50, 50.02057132237, -0.0003566468280166, 0, 0, 0, 0, 0, 0, 0, 0, 65.4704112603, 62.52056571813, 65.47031307118, 62.52042840222, 65.46891398857, 62.52049705376, 65.47041189778, 62.52056571171, 0, 65.47031363506, 62.5204283958, -0.00392470601649, 0, -0.1951267253442, -0.004995315610576, 0.202586348939, -0.004995315610576, 0.7854135594499, 0.7858830444885, -0.7892699287267, -0.7891169769768, -0.001928170994176, -0.001690543478086, 0.7856007458793, 0.7858094398033, 0, -0.7894294055206, -0.7891905267595, -0, -5.551115123126e-17, -0, -5.551115123126e-17, 0.001736490736284, 0.3940829478701, 0.3912219682487, 0.3942299780099, 0, 0.3912303698527, 0.3939359177303
4.75, 0.2003555523919, -0.1573060010839, -0.197267215683, -0.1571881381062, -0.03481750282553, -0.001366102356649, 0.03362686640302, 0.001133373862103, 0, 233.2776394605, 2000, -391.0717765391, -2000, 7612.303299684, 3186.748836858, 7606.64484078, 3172.454583221, 13.01953105738, 48.09166710798, 30.57468483901, 1.656649845734, -241.9854946859, -8.817401172868, 239.500958064, -14.46890436154, 5409.625314573, 3895.198238097, 5407.524595273, 4048.90640936, 3, -4.485052813023, -64.74942457634, 4.294722444688, 71.27526526605, -0.4789215583876, 1.511620688779, -0.535426280508, 1.145126948523, 0, 0, 0.214160918605, -0, -0, -0, -0, -0, 0.2141611259971, -0.0021896089788, 0, 0, 0, 0, 0, 0.01113879833147, -0.002189624274673, -0.02730179341857, 0.01113872051996, 0.02344045144186, 0.01113872051996, 26.66129648756, 26.6706842201, 26.66122954313, 26.6707280317, 65.81627698821, -0.1921226528273, 0.2057776933497, 0, 1, 50.02018889467, 50, 50.02003623965, -0.0007210950594026, 0, 0, 0, 0, 0, 0, 0, 0, 65.81777396085, 62.86792812642, 65.81767746959, 62.8677929381, 65.81627698821, 62.86786052568, 65.81777459802, 62.86792811984, 0, 65.81767803354, 62.86779293153, -0.003809682609705, 0, -0.1958316318857, -0.004917917479357, 0.2018818290838, -0.004917917479357, 0.7853949519421, 0.7858617460477, -0.7892886960234, -0.7891382779134, -0.001947493320631, -0.001714879446431, 0.785581371433, 0.7857851027712, 0, -0.7894487515238, -0.789214861664, -0, -0, -0, -0, 0.001735819984322, 0.3940875377247, 0.3912238095398, 0.39424063351, 0, 0.3912280059142, 0.3939344419395
4.775, 0.1979239616399, -0.1508696223553, -0.1997179612582, -0.1507611476782, -0.03326296630717, -0.001479441277961, 0.03495398794707, 0.003952762591901, 0, 199.0798756304, 2000, -353.0771563105, -2000, 7612.378138783, 3187.664172359, 7606.657187463, 3171.752474546, 12.54351969006, 47.885806104, 30.90387360895, 1.635598296703, -241.9221755316, -9.746049611886, 239.5647459122, -15.80731620508, 5410.190053143, 3882.356642525, 5407.013513228, 4055.353059379, 3, -5.146340592552, -61.00957639103, 5.004640737104, 69.47048161574, -0.4779679261055, 1.534290000666, -0.5354080967099, 1.126341004941, 0, 0, 0.2142573696625, -0, -0, -0, -0, -0, 0.2142576294813, -0.00229946100026, 0, 0, 0, 0, 0, 0.01253656321085, -0.002299477077994, -0.02744031407401, 0.01253647555612, 0.02328772028572, 0.01253647555612, 26.80199852736, 26.81143277659, 26.80193386898, 26.81147800031, 66.16363670134, -0.1913061633187, 0.2065902366228, 0, 1, 50.01973456063, 50, 50.01952977079, -0.001034163719518, 0, 0, 0, 0, 0, 0, 0, 0, 66.16513196668, 63.21528866608, 66.16504021297, 63.21515346456, 66.16363670134, 63.21522105792, 66.165132604, 63.21528865867, 0, 66.16504077586, 63.21515345716, -0.003684270684731, 0, -0.1948891621514, -0.004918397739491, 0.202820322777, -0.004918397739491, 0.7853735974803, 0.7858469699506, -0.7893101070131, -0.7891530619477, -0.001968627815113, -0.001739274839688, 0.7855609622764, 0.7857607034082, 0, -0.7894691200431, -0.7892392530875, -0, -0, -0, 5.551115123126e-17, 0.001735283201836, 0.394093905206, 0.3912226841108, 0.39426621239, 0, 0.3912290244311, 0.393921598022
4.8, 0.202084806522, -0.127636434779, -0.1955791317275, -0.1275588660725, -0.0281423204442, -0.001081152019801, 0.03566782189239, 0.003776194850009, 0, 247.7345786112, 2000, -405.1319010363, -2000, 7612.376775002, 3185.718409066, 7606.727135721, 3173.100271487, 14.04678774367, 44.49718744986, 29.6564316766, 7.852464309246, -241.5982874427, -7.262000863178, 239.9022071607, -11.44496696418, 5410.06599259, 3903.697501302, 5407.016405698, 4035.640716477, 3, -3.702678068318, -53.17602608962, 3.60354312277, 57.11069464785, -0.477820665524, 1.487217179564, -0.5347790999323, 1.161556190205, 0, 0, 0.2143462435116, -0, -0, -0, -0, -0, 0.2143464017035, -0.002281869369498, 0, 0, 0, 0, 0, 0.009561553400926, -0.002281885337471, -0.02719628907402, 0.009561486491841, 0.02350176852826, 0.009561486491841, 26.94270137325, 26.95217960633, 26.94263487349, 26.95222694985, 66.51099344875, -0.1947334224496, 0.2031634329504, 0, 1, 50.01928514682, 50, 50.01918854174, -0.0004737553864107, 0, 0, 0, 0, 0, 0, 0, 0, 66.51249063394, 63.56264078085, 66.51239625735, 63.56251481102, 66.51099344875, 63.56257779067, 66.51249127642, 63.56264077559, 0, 66.51239681606, 63.56251480576, -0.003599029401115, 0, -0.1982320754572, -0.00458256494, 0.1994779007543, -0.00458256494, 0.7853548501057, 0.7857969458431, -0.7893290339726, -0.7892030710502, -0.001988870128381, -0.001768828496473, 0.7855405487585, 0.7857311580193, 0, -0.7894895085956, -0.7892688150122, -0, -5.551115123126e-17, -0, -0, 0.001735018037865, 0.3940922871243, 0.3912229320378, 0.3942237046675, 0, 0.3912290180725, 0.3939608695811
4.825, 0.2046101436339, -0.04770711207196, -0.193035293162, -0.04769594740702, -0.009240609601625, -0.0009049143751757, 0.04335231920636, 0.007542706999496, 0, 249.2417474027, 2000, -407.0586497872, -2000, 7612.381003958, 3185.052233275, 7606.759675477, 3173.415951236, 15.85218401006, 36.06846484155, 28.07380915428, 18.2129036789, -241.6317647904, -6.699769443312, 239.8729133627, -8.612352620344, 5409.138633901, 3910.02144682, 5407.679596523, 4031.107706211, 3, -2.735029093133, -20.15093952403, 2.602893054974, 21.80187302242, -0.4776229475579, 1.47124167363, -0.5345360775858, 1.170030752031, 0, 0, 0.2143835977164, -0, -0, -0, -0, -0, 0.2143837319922, -0.002179457449146, 0, 0, 0, 0, 0, 0.008774780410337, -0.002179472705782, -0.02677974981199, 0.008774718985481, 0.02390578847364, 0.008774718985481, 27.0834036227, 27.0929257291, 27.0833339957, 27.09297382417, 66.8583476124, -0.2001576229181, 0.1977381390804, 0, 1, 50.01882363126, 50, 50.01878283843, -0.0001644058981318, 0, 0, 0, 0, 0, 0, 0, 0, 66.85984761615, 63.90999259508, 66.85974811698, 63.90987103876, 66.8583476124, 63.90993181226, 66.85984826583, 63.90999259042, 0, 66.85974867007, 63.9098710341, -0.003512567797285, 0, -0.2035713935177, -0.00442200910963, 0.194137504124, -0.00442200910963, 0.785337363284, 0.7857654256628, -0.7893465896456, -0.7892345881166, -0.002008404883228, -0.001794935296147, 0.785520218574, 0.7857050531234, 0, -0.7895098224958, -0.7892949237157, -0, -0, 5.551115123126e-17, -0, 0.001735061767716, 0.3940905041902, 0.3912247807054, 0.3942111080328, 0, 0.391227695834, 0.3939699003476
4.85, 0.1977072205264, -0.1512911053501, -0.1998927857335, -0.151182131939, -0.03539984903217, -0.001540532406834, 0.03473195590595, 0.001486383403077, 0, 199.2402649375, 2000, -354.6935939714, -2000, 7612.302306354, 3186.61013545, 7606.85434356, 3170.716182422, 12.27845854552, 48.5493938627, 31.05955429181, 1.261086714569, -241.9350096636, -10.20085308367, 239.5179232052, -16.44793429482, 5408.658968452, 3886.068252551, 5408.160374061, 4061.882628083, 3, -5.100630632171, -62.79474648126, 4.882346452059, 68.61102276927, -0.4783083422527, 1.512145452031, -0.533632570895, 1.106052237447, 0, 0, 0.2144776820455, -0, -0, -0, -0, -0, 0.2144779448945, -0.002027758700785, 0, 0, 0, 0, 0, 0.0127407729181, -0.002027772907961, -0.02719192551443, 0.01274068365226, 0.023502773315, 0.01274068365226, 27.22409865896, 27.23367072266, 27.22403757753, 27.23371839037, 67.2056980209, -0.1910708017266, 0.2068216848329, 0, 1, 50.01837192458, 50, 50.01823330189, -0.0006175543027095, 0, 0, 0, 0, 0, 0, 0, 0, 67.20719087276, 64.25734556737, 67.20710696499, 64.25721800767, 67.2056980209, 64.25728178042, 67.20719150266, 64.25734556027, 0, 67.20710753448, 64.25721800058, -0.003410862488814, 0, -0.1943812173322, -0.004640401344367, 0.2033242896076, -0.004640401344367, 0.7853144563205, 0.7857733203425, -0.7893694206663, -0.7892267134315, -0.002027640413689, -0.00181432770897, 0.7855001265515, 0.7856856502385, 0, -0.7895299011775, -0.7893143056564, -0, -0, -0, -0, 0.001734954077962, 0.3940837045192, 0.3912257348886, 0.3942588184347, 0, 0.3912267392484, 0.3939085906037
4.875, 0.2027536631706, -0.09337032897598, -0.19479877577, -0.09332880746961, -0.02094813195435, -0.001040371426001, 0.03918863633553, 0.01148224482215, 0, 241.2703262945, 2000, -401.0701454641, -2000, 7612.11188165, 3184.843082975, 7607.045595692, 3172.361845556, 14.33767733606, 39.52369733073, 28.73525936702, 11.75487952201, -241.5825779592, -7.303560971079, 239.9279911627, -10.67514784089, 5407.762953979, 3903.073183137, 5409.25811196, 4040.459434512, 3, -3.713931942327, -36.18585743834, 3.393881148468, 44.62708425141, -0.48017328528, 1.468462967856, -0.5317077804225, 1.146242343031, 0, 0, 0.2146016071159, -0, -0, -0, -0, -0, 0.214601770092, -0.001762310061071, 0, 0, 0, 0, 0, 0.009955995071151, -0.001762322422695, -0.02657568974938, 0.00995592523577, 0.02410656594481, 0.00995592523577, 27.36479885098, 27.37441395397, 27.36473316885, 27.37446263275, 67.55304475242, -0.1974134235201, 0.2004814010651, 0, 1, 50.0179052929, 50, 50.01770631181, -0.0008671870541851, 0, 0, 0, 0, 0, 0, 0, 0, 67.55454231767, 64.60468876977, 67.55445066378, 64.60456942876, 67.55304475242, 64.60462909408, 67.55454295326, 64.60468876458, 0, 67.55445122981, 64.60456942357, -0.003366376697876, 0, -0.2006816483464, -0.004341419816169, 0.1970261368836, -0.004341419816169, 0.7852981744722, 0.7857265860686, -0.7893857902124, -0.7892734331877, -0.002046302072862, -0.001841901758295, 0.7854796377196, 0.7856580840922, 0, -0.7895503926544, -0.7893418876088, -5.551115123126e-17, -5.551115123126e-17, 5.551115123126e-17, -0, 0.001734726286982, 0.3940881089731, 0.3912275217521, 0.3942249478669, 0, 0.3912245508068, 0.3939512700794
4.9, 0.1988990206206, -0.1550814296027, -0.1987089375913, -0.154967898067, -0.03629597572319, -0.001243707669152, 0.03413599794565, 0.001551367713559, 0, 226.3511249622, 2000, -384.3272134435, -2000, 7611.993734787, 3185.709774565, 7607.168768754, 3171.415617463, 12.6659057573, 47.76752370997, 30.60593188325, 1.390476882509, -241.2526617172, -8.476060574829, 240.2207832834, -13.9699073717, 5409.412443287, 3890.127256665, 5407.727971244, 4048.388250566, 3, -4.57527717735, -63.50874400917, 4.369276856557, 70.12007501265, -0.4812927561202, 1.489932880671, -0.5304875651939, 1.122509835357, 0, 0, 0.214723877324, -0, -0, -0, -0, -0, 0.2147240913995, -0.001893466227103, 0, 0, 0, 0, 0, 0.01146872898042, -0.001893479523853, -0.02702657096318, 0.01146864844238, 0.02366101752886, 0.01146864844238, 27.50549280129, 27.51515591596, 27.50543227221, 27.51520544038, 67.90038826444, -0.1921087518053, 0.2057853375382, 0, 1, 50.01743666798, 50, 50.0172789156, -0.0007022855028288, 0, 0, 0, 0, 0, 0, 0, 0, 67.90188182202, 64.9520336942, 67.90179984206, 64.95191278512, 67.90038826444, 64.95197323361, 67.90188245104, 64.95203368814, 0, 67.90180041282, 64.95191277907, -0.003286178028992, 0, -0.1952949959721, -0.004398463380539, 0.2024119289906, -0.004398463380539, 0.7852727145901, 0.7857129865434, -0.789411207538, -0.7892870403679, -0.002069717358831, -0.001865910825681, 0.7854572550394, 0.7856340710777, 0, -0.7895727689295, -0.7893658927291, 5.551115123126e-17, -0, -5.551115123126e-17, -0, 0.001734560172879, 0.3940931041497, 0.3912242344771, 0.3942507346185, 0, 0.3912276001638, 0.3939354736808
4.925, 0.2004655565121, -0.1583888428648, -0.1971464097302, -0.1582705926372, -0.03698713495844, -0.001103807537383, 0.03355569921756, -0.0006150687023317, 0, 235.273591165, 2000, -392.3523702849, -2000, 7612.014233907, 3185.415726239, 7607.153137577, 3172.02289873, 12.8579265343, 47.62705338453, 30.64767284208, 3.074116516683, -241.0678642982, -7.571602120431, 240.387921121, -12.59222540517, 5409.858218329, 3893.904748841, 5407.011326508, 4040.148978087, 3, -4.628934027713, -65.90517304086, 4.430704990912, 70.35630853477, -0.4809610042146, 1.482263584022, -0.5307197411425, 1.135811091765, 0, 0, 0.2147512725783, -0, -0, -0, -0, -0, 0.2147514591092, -0.002001642270108, 0, 0, 0, 0, 0, 0.01059790789322, -0.002001656330105, -0.02703995781616, 0.01059783345146, 0.02364233319406, 0.01059783345146, 27.64618829462, 27.65589698315, 27.64612748059, 27.65594748055, 68.24772955689, -0.1933845286987, 0.204509648223, 0, 1, 50.01695931937, 50, 50.01684166587, -0.0006400594448586, 0, 0, 0, 0, 0, 0, 0, 0, 68.24922343897, 65.29937386781, 68.24914118558, 65.29925624793, 68.24772955689, 65.29931505243, 68.24922407223, 65.29937386237, 0, 68.24914175246, 65.29925624249, -0.003230811455707, 0, -0.1965153526822, -0.004278808126857, 0.2011916562194, -0.004278808126857, 0.7852502364984, 0.7856805627124, -0.7894337191269, -0.7893194598384, -0.002092812078003, -0.001892343639443, 0.7854348679221, 0.7856076406933, 0, -0.7895951535399, -0.7893923279722, -5.551115123126e-17, -0, -0, -0, 0.001734780877953, 0.3940975493073, 0.3912233464359, 0.3942432108877, 0, 0.3912290277955, 0.3939518877269
4.95, 0.2011767902138, -0.1427841718092, -0.1964295934698, -0.1426879703954, -0.03332469616663, -0.001012702061336, 0.03464298367754, 0.001157128062641, 0, 238.0949684542, 2000, -396.0217200104, -2000, 7612.129389269, 3185.135917803, 7607.007121934, 3172.320681908, 13.20819910439, 45.94905642702, 30.34348118679, 5.882612357295, -240.9848426161, -7.076520002486, 240.4528764354, -11.51726241409, 5410.010828137, 3900.440485052, 5406.435731372, 4037.187339488, 3, -4.29786636168, -59.70023203247, 4.086161840884, 63.25062210321, -0.4796414470086, 1.475120876276, -0.532318125907, 1.143141980865, 0, 0, 0.2146694281509, -0, -0, -0, -0, -0, 0.2146695952823, -0.002163524012458, 0, 0, 0, 0, 0, 0.009909659818918, -0.002163539197968, -0.0271032565957, 0.009909590264607, 0.02358261899401, 0.009909590264607, 27.78688257778, 27.79663648834, 27.7868216481, 27.79668852002, 68.59506887071, -0.1944855962412, 0.2034097074051, 0, 1, 50.01648631443, 50, 50.01637581827, -0.0008033748831491, 0, 0, 0, 0, 0, 0, 0, 0, 68.59656215942, 65.6467111846, 68.59647997625, 65.64659642002, 68.59506887071, 65.64665379734, 68.59656279752, 65.64671117963, 0, 68.59648053877, 65.64659641505, -0.003171656647786, 0, -0.1975570738384, -0.004174937274251, 0.200151118664, -0.004174937274251, 0.7852274854957, 0.7856496730398, -0.7894564570425, -0.7893503463358, -0.002116164545207, -0.001918497165808, 0.7854125489742, 0.7855814889652, 0, -0.7896174841976, -0.7894184832968, -5.551115123126e-17, -5.551115123126e-17, -0, -0, 0.001735339488564, 0.3940939902963, 0.3912230422282, 0.3942301923406, 0, 0.3912301745673, 0.3939577882521
4.975, 0.1994019205401, -0.1547561957706, -0.1981912658908, -0.1546430080454, -0.03656808487796, -0.001230156561258, 0.03410183832052, 0.001889507753459, 0, 228.6144321234, 2000, -386.8161897363, -2000, 7612.245183633, 3185.86619875, 7606.828818152, 3171.428888185, 12.79606870201, 47.69728102487, 30.46076446824, 1.431549877126, -241.1167607532, -8.456907531096, 240.3093051493, -13.95751331505, 5409.817586849, 3895.003340724, 5406.445850206, 4050.629959392, 3, -4.560330311448, -63.27735344075, 4.318301711472, 70.33610280051, -0.4783171851958, 1.493671557906, -0.5342579535956, 1.121374219857, 0, 0, 0.214536233717, -0, -0, -0, -0, -0, 0.2145364470228, -0.002261638305987, 0, 0, 0, 0, 0, 0.01127782308537, -0.002261654160457, -0.02730800515579, 0.0112777440263, 0.0233936373683, 0.0112777440263, 27.92757428156, 27.93737491689, 27.92751595581, 27.93742772159, 68.94240552082, -0.1922798118516, 0.2056169447993, 0, 1, 50.01601488896, 50, 50.01581498277, -0.001365034135147, 0, 0, 0, 0, 0, 0, 0, 0, 68.94389542877, 65.99404746218, 68.94381818697, 65.99393121707, 68.94240552082, 65.9939893339, 68.94389606429, 65.99404745645, 0, 68.94381875132, 65.99393121134, -0.003103077830642, 0, -0.1952819899473, -0.00422879635725, 0.2024277108657, -0.00422879635725, 0.7852046084338, 0.7856364180161, -0.7894792491031, -0.7893636082046, -0.002138293818611, -0.00194116452932, 0.7853910701627, 0.7855588180705, 0, -0.7896389858208, -0.7894411471291, -0, -0, 5.551115123126e-17, -0, 0.001735826243075, 0.3940860149753, 0.3912234265071, 0.3942410215646, 0, 0.3912301549393, 0.393931008386
5, 0.1977409073478, -0.1508479702725, -0.1998464491266, -0.1507402750218, -0.03535837366357, -0.001390924366606, 0.03495831505264, 0.003409051647577, 0, 212.1373899752, 2000, -369.5327439047, -2000, 7612.314014711, 3187.016725391, 7606.708239211, 3171.012022364, 12.67332056835, 47.91542346494, 30.60971413588, 1.624948905737, -241.2660258649, -9.562268837032, 240.164431889, -15.58622589594, 5409.528845658, 3884.510254492, 5406.929866598, 4060.11548188, 3, -4.989942514664, -61.12670738589, 4.736364497116, 69.18882386405, -0.4774852585713, 1.521048243196, -0.5355952852141, 1.108367156119, 0, 0, 0.2144150615853, -0, -0, -0, -0, -0, 0.2144153283814, -0.00228249832778, 0, 0, 0, 0, 0, 0.01272561648927, -0.002282514310413, -0.02736599605538, 0.01272552738168, 0.02335162026328, 0.01272552738168, 28.06826516084, 28.07811238432, 28.06820836187, 28.07816601284, 69.28973862989, -0.1915080521299, 0.2063888224831, 0, 1, 50.01553632306, 50, 50.01532156994, -0.001372697388616, 0, 0, 0, 0, 0, 0, 0, 0, 69.29122622495, 66.34138129931, 69.29115195704, 66.34126350955, 69.28973862989, 66.34132239788, 69.29122685909, 66.34138129276, 0, 69.29115252271, 66.341263503, -0.003036347363032, 0, -0.1944433335881, -0.00428498813912, 0.203266529472, -0.00428498813912, 0.7851833675022, 0.7856244922846, -0.7895003986684, -0.7893755421577, -0.002159257842412, -0.001963052590943, 0.7853702254825, 0.7855369257833, 0, -0.7896598480832, -0.7894630309652, -5.551115123126e-17, -0, -0, -5.551115123126e-17, 0.001735881357252, 0.3940870164389, 0.3912240014997, 0.3942619220396, 0, 0.3912291908803, 0.3939121108383
5.025, 0.2010279658509, -0.1516987480724, -0.1965314740899, -0.1515901032092, -0.03576889284126, -0.001096977241489, 0.03418607195782, 0.003822429007659, 0, 234.4823097213, 2000, -394.117431552, -2000, 7612.289000062, 3185.622878099, 7606.738765311, 3172.420378608, 12.78261445893, 45.88186039548, 30.20293480604, 2.654377828339, -241.1894223892, -7.431449881739, 240.2856710756, -12.37860525609, 5409.390081163, 3902.377718185, 5407.560946577, 4043.514749851, 3, -4.644804686552, -60.98024893036, 4.332227682473, 69.84271875768, -0.4776459366212, 1.486269728078, -0.5353434295539, 1.144043675718, 0, 0, 0.2143923162346, -0, -0, -0, -0, -0, 0.214392494056, -0.002218047030877, 0, 0, 0, 0, 0, 0.01022780341966, -0.002218062558911, -0.02715447611885, 0.01022773181756, 0.02355463857293, 0.01022773181756, 28.20895607116, 28.21884792571, 28.20889780187, 28.21890299996, 69.63706738952, -0.1938918339341, 0.2040055979683, 0, 1, 50.01507300895, 50, 50.01484483773, -0.001373006136843, 0, 0, 0, 0, 0, 0, 0, 0, 69.63855604618, 66.68870656845, 69.63847934904, 66.68859568899, 69.63706738952, 66.68865112377, 69.63855668301, 66.6887065635, 0, 69.63847991304, 66.68859568404, -0.002999357917824, 0, -0.1967909446248, -0.00403360316286, 0.2009195271153, -0.00403360316286, 0.7851644508647, 0.7855809589218, -0.7895193728386, -0.7894190622689, -0.002179152517094, -0.001989398975123, 0.7853498646693, 0.7855105865266, 0, -0.7896802080084, -0.7894893844768, -0, -0, -0, 5.551115123126e-17, 0.001735344827995, 0.3940857581953, 0.3912242786102, 0.3942263329258, 0, 0.3912279331815, 0.3939451834648
5.05, 0.1970077640407, -0.1550962258989, -0.2006274048016, -0.1549824826315, -0.03660696942662, -0.001309190030529, 0.03445652229279, 0.0007712476700768, 0, 194.2806640977, 2000, -350.5263184147, -2000, 7612.27886748, 3186.89413278, 7606.805098966, 3171.690436587, 12.04630400759, 48.05736046576, 31.3032413696, 1.782202311379, -241.2591028707, -8.967024238766, 240.2083452694, -14.69915142074, 5410.117996992, 3888.045748304, 5407.134749847, 4053.489751285, 3, -5.038812638009, -64.24747268279, 4.890298064934, 69.70937568331, -0.4776538320306, 1.516880280876, -0.534712451146, 1.124742455297, 0, 0, 0.2143786632884, -0, -0, -0, -0, -0, 0.2143789021344, -0.002271749810744, 0, 0, 0, 0, 0, 0.01198926115459, -0.002271765712713, -0.02736993021773, 0.01198917723164, 0.02333542737836, 0.01198917723164, 28.34964333972, 28.35958214264, 28.34958809695, 28.35963856587, 69.98439272072, -0.1913734571245, 0.2065203757135, 0, 1, 50.01460267107, 50, 50.01446318188, -0.0008550549998542, 0, 0, 0, 0, 0, 0, 0, 0, 69.98587850723, 67.03603360831, 69.98580737307, 67.03592042187, 69.98439272072, 67.03597700916, 69.98587914067, 67.03603360238, 0, 69.98580793901, 67.03592041595, -0.002931436009642, 0, -0.1942038284789, -0.004117526853301, 0.2035030699259, -0.004117526853301, 0.7851424432017, 0.7855718717144, -0.7895413780673, -0.7894281586999, -0.002200093125461, -0.002010607089523, 0.785329327487, 0.7854893736363, 0, -0.7897007167454, -0.7895105878153, -0, -5.551115123126e-17, -0, -0, 0.001734732528779, 0.3940900954563, 0.3912228278788, 0.3942548803162, 0, 0.3912287827914, 0.3939253105964
5.075, 0.1975824809704, -0.1527576772534, -0.2000666788831, -0.152647215668, -0.03630095681181, -0.00136199700818, 0.03478690442827, 0.002608161048381, 0, 193.6004548171, 2000, -345.4545086738, -2000, 7612.300154465, 3187.105635422, 7606.873620686, 3171.674317955, 12.2133454185, 47.80036828599, 31.05121735718, 1.626753042609, -241.3814632776, -9.280831928463, 240.10014068, -15.14706282676, 5409.785090418, 3885.799951953, 5407.445311819, 4054.639111103, 3, -5.221510811034, -62.53294603552, 5.106268426863, 69.6233769886, -0.4773385110666, 1.521638246956, -0.5340518570562, 1.124345990004, 0, 0, 0.2143665676763, -0, -0, -0, -0, -0, 0.2143668146273, -0.00221316626269, 0, 0, 0, 0, 0, 0.01223529854737, -0.002213181752833, -0.02729428332139, 0.01223521291186, 0.02338847524187, 0.01223521291186, 28.49033057403, 28.50031492946, 28.49027579872, 28.50037261169, 70.33171481122, -0.1916025983246, 0.2062883205376, 0, 1, 50.01413000469, 50, 50.01394545427, -0.001136592282343, 0, 0, 0, 0, 0, 0, 0, 0, 70.33319997977, 67.38335532951, 70.33312993187, 67.38324311648, 70.33171481122, 67.383299217, 70.33320061204, 67.38335532351, 0, 70.33313049859, 67.38324311048, -0.002880106667085, 0, -0.1943819305045, -0.00408211635328, 0.2033221488449, -0.00408211635328, 0.785123090134, 0.7855513995237, -0.7895608475415, -0.78944863239, -0.002219547903428, -0.002032772538274, 0.7853094582097, 0.7854672075075, 0, -0.7897205481896, -0.789532752584, -0, -0, -0, -0, 0.001734266631119, 0.3940911871668, 0.3912234912856, 0.3942593536561, 0, 0.3912281639944, 0.3939230206774
5.1, 0.1991261591848, -0.1549213905717, -0.1984753787778, -0.1548079099764, -0.03694152474613, -0.001294818320109, 0.03419729546174, 0.001903093895171, 0, 221.3843192566, 2000, -378.6071372257, -2000, 7612.27564072, 3186.698980537, 7606.970359802, 3172.098842514, 12.67809916995, 47.84880190488, 30.67896494816, 1.839961098348, -241.3561121514, -8.777534572502, 240.1249048828, -14.43240510763, 5409.062209361, 3890.478790556, 5408.009385697, 4050.917686193, 3, -4.913953401093, -63.4804496598, 4.702340324896, 70.44569924204, -0.4775069424865, 1.511829835644, -0.5330901925502, 1.134925769732, 0, 0, 0.2143451978486, -0, -0, -0, -0, -0, 0.2143454204706, -0.002080445851963, 0, 0, 0, 0, 0, 0.01162655509993, -0.002080460410281, -0.02712272961364, 0.01162647374128, 0.02353687283349, 0.01162647374128, 28.63101681004, 28.64104648383, 28.63096195224, 28.64110551906, 70.67903376404, -0.192233440463, 0.2056564348952, 0, 1, 50.0136580005, 50, 50.01347515285, -0.001102583907902, 0, 0, 0, 0, 0, 0, 0, 0, 70.68051871936, 67.7306727084, 70.68044881555, 67.73056331628, 70.67903376404, 67.73061800679, 70.68051934958, 67.73067270284, 0, 70.6804493842, 67.73056331073, -0.002839103744506, 0, -0.1949724256379, -0.00397949614902, 0.2027307151729, -0.00397949614902, 0.7851048845277, 0.7855245536562, -0.7895791821756, -0.7894754749715, -0.002238021430765, -0.002055429546322, 0.7852900818928, 0.7854445523409, 0, -0.7897398956529, -0.7895554114336, -0, -0, -0, 5.551115123126e-17, 0.001734027705688, 0.3940902344394, 0.3912249318439, 0.3942500341329, 0, 0.3912270399264, 0.3939304347458
5.125, 0.2026610178693, -0.09597476277398, -0.1950202780265, -0.09593108700914, -0.02249660531589, -0.0009279004669047, 0.03866634288956, 0.00370229710406, 0, 241.3725982398, 2000, -396.9184448916, -2000, 7612.174281116, 3185.703082358, 7607.105429792, 3173.597401027, 14.74213003816, 41.63740098927, 29.40709621111, 13.50244939585, -241.1950955311, -6.867743773788, 240.2817604506, -9.738464164094, 5408.539400556, 3904.128776365, 5408.345418042, 4035.173254843, 3, -3.584922257544, -41.66430763114, 3.53588059766, 41.37939318488, -0.4784875606881, 1.485734594548, -0.5317199719939, 1.171089995303, 0, 0, 0.2142881860214, -0, -0, -0, -0, -0, 0.2142883378201, -0.001946364294541, 0, 0, 0, 0, 0, 0.009496424447494, -0.001946377907353, -0.02670380014101, 0.009496358030162, 0.02393848669939, 0.009496358030162, 28.77170358766, 28.78177691067, 28.77164506727, 28.78183743458, 71.02634982739, -0.1973563346037, 0.200533733908, 0, 1, 50.01318905139, 50, 50.01319001933, -7.870870312757e-05, 0, 0, 0, 0, 0, 0, 0, 0, 71.02783755765, 68.07798586667, 71.02776133372, 68.0778825227, 71.02634982739, 68.0779341904, 71.02783819434, 68.07798586239, 0, 71.02776189755, 68.07788251841, -0.002808253886788, 0, -0.2000660986968, -0.003759475344485, 0.1976373490259, -0.003759475344485, 0.7850883809548, 0.7854853762095, -0.7895957919635, -0.7895146420332, -0.002256430242969, -0.002079950843734, 0.7852707182472, 0.7854200366445, 0, -0.7897592474945, -0.7895799383319, -0, -0, -0, -5.551115123126e-17, 0.001734017487296, 0.3940923232412, 0.3912259746392, 0.3942228456283, 0, 0.3912263694032, 0.3939618008541
5.15, 0.2009536745245, -0.1492081990975, -0.1966535842782, -0.1491032037269, -0.03556930524834, -0.001098417920561, 0.03417714420433, 0.000670003103307, 0, 235.394057099, 2000, -393.485368879, -2000, 7612.119569685, 3186.014175849, 7607.175204489, 3172.982086403, 13.08290563844, 46.78929483661, 30.55937180606, 4.567991008727, -241.1537990812, -7.523533960483, 240.3027263054, -12.36700189171, 5408.903205968, 3900.501783929, 5407.94795295, 4043.04258674, 3, -4.500576349663, -62.27555044763, 4.301952205411, 66.39802674086, -0.4789867927067, 1.494470773363, -0.5310287220204, 1.156838542359, 0, 0, 0.2142608536293, -0, -0, -0, -0, -0, 0.2142610308079, -0.001949258666974, 0, 0, 0, 0, 0, 0.01032953067246, -0.001949272296551, -0.02690823826061, 0.01032945844685, 0.02373137843636, 0.01032945844685, 28.91238558741, 28.9225062253, 28.91233036342, 28.92256738603, 71.37366240906, -0.1940027755457, 0.2038862819702, 0, 1, 50.01273037007, 50, 50.01261930023, -0.0006920064056559, 0, 0, 0, 0, 0, 0, 0, 0, 71.37514690266, 68.42529826315, 71.37507678564, 68.42519442568, 71.37366240906, 68.42524633973, 71.3751475333, 68.42529825846, 0, 71.37507735423, 68.425194421, -0.002756194677701, 0, -0.1966597048204, -0.003777427544554, 0.2010427652848, -0.003777427544554, 0.785067338683, 0.7854700457625, -0.789616844393, -0.7895299764099, -0.002276175834464, -0.002101012732252, 0.785251071605, 0.7853989727586, 0, -0.7897788860528, -0.7896009982231, -0, -0, -0, -0, 0.001733954358395, 0.3940880968121, 0.3912252492742, 0.394230069721, 0, 0.3912271617546, 0.3939461239033
5.175, 0.1980641580187, -0.1519553351327, -0.1995545382256, -0.1518463820259, -0.0360574027798, -0.001306053244288, 0.03470203466462, 0.003148314592586, 0, 220.0967257244, 2000, -376.766447948, -2000, 7612.124575713, 3187.204231825, 7607.167875207, 3171.954615002, 12.83675685448, 47.79088284369, 30.55419765489, 1.507837200786, -241.0790965909, -9.07930868008, 240.3798883381, -14.87399893573, 5409.633663941, 3887.099392084, 5407.287972426, 4056.048968202, 3, -4.723840812951, -61.65611393994, 4.550241233009, 69.39271976363, -0.4788645692107, 1.52393702588, -0.5311423478113, 1.130841665676, 0, 0, 0.2142362301735, -0, -0, -0, -0, -0, 0.2142364746751, -0.002052538343096, 0, 0, 0, 0, 0, 0.0122433000498, -0.002052552691526, -0.02714303999444, 0.01224321446246, 0.02350131154912, 0.01224321446246, 29.05306663067, 29.06323412094, 29.05301399964, 29.06329619502, 71.72097170807, -0.191725700054, 0.2061627105713, 0, 1, 50.01226952093, 50, 50.0120700188, -0.001166396850914, 0, 0, 0, 0, 0, 0, 0, 0, 71.7224535595, 68.77260898817, 71.72238839045, 68.77250221704, 71.72097170807, 68.7725555969, 71.72245418807, 68.77260898246, 0, 71.72238896008, 68.77250221134, -0.002694351462913, 0, -0.1943199036231, -0.003884149070576, 0.2033819229821, -0.003884149070576, 0.7850458404251, 0.7854633388252, -0.7896383080563, -0.7895366935138, -0.002296807895444, -0.002120887908961, 0.78523117594, 0.7853790923025, 0, -0.7897987792986, -0.7896208681204, -5.551115123126e-17, -0, -0, -0, 0.001733879261758, 0.3940884886519, 0.3912237934226, 0.3942567651183, 0, 0.3912284771042, 0.3939202121855
5.2, 0.1975380421304, -0.1488505603203, -0.200057386153, -0.1487458793882, -0.03562648215295, -0.00136589002175, 0.03505751374046, 0.003624055122592, 0, 212.2410364191, 2000, -370.1766182607, -2000, 7612.156409265, 3187.342749869, 7607.14802087, 3171.648597981, 12.68723913096, 47.9160425884, 30.69497747056, 1.364773478707, -241.1161330235, -9.514266138078, 240.3436387323, -15.49274565145, 5409.93886203, 3885.390791835, 5407.088607128, 4058.669624042, 3, -4.784989335138, -60.3994329482, 4.56642301171, 68.22505422028, -0.4784647655047, 1.527502167377, -0.5313858292413, 1.124152963294, 0, 0, 0.2142524656026, -0, -0, -0, -0, -0, 0.2142527229106, -0.002111714152452, 0, 0, 0, 0, 0, 0.01255702905156, -0.002111728916793, -0.02721419889356, 0.01255694125776, 0.02342866011805, 0.01255694125776, 29.19374720207, 29.20396084274, 29.19369545839, 29.20402339725, 72.06827738565, -0.1914242344872, 0.2064632642735, 0, 1, 50.01181458642, 50, 50.01161658262, -0.001094912726781, 0, 0, 0, 0, 0, 0, 0, 0, 72.06975847044, 69.11991438627, 72.06969505867, 69.11980806157, 72.06827738565, 69.11986121809, 72.06975909952, 69.11991438043, 0, 72.06969562751, 69.11980805574, -0.002647092850766, 0, -0.1939709038424, -0.003867908669884, 0.2037300025446, -0.003867908669884, 0.7850259472003, 0.7854442567209, -0.7896582047385, -0.7895557775147, -0.002316607018619, -0.002142128619781, 0.7852117683105, 0.7853578506735, 0, -0.7898181800625, -0.7896421079131, -0, -5.551115123126e-17, -0, -0, 0.001733696130488, 0.394087579763, 0.3912231852278, 0.3942601682371, 0, 0.3912288744494, 0.3939149912888
5.225, 0.1996977338218, -0.1569258193356, -0.197918879924, -0.1568095205134, -0.03799250432142, -0.001265045232168, 0.03405533369753, 0.002239504479958, 0, 217.6830756464, 2000, -372.6261105459, -2000, 7612.160299613, 3186.527483715, 7607.170939183, 3172.241112966, 12.64617517223, 47.80943432324, 30.88033090182, 1.559160490615, -241.2795316523, -8.612243921058, 240.1786159606, -14.16763693025, 5409.143532284, 3893.249452549, 5407.968718249, 4050.207436683, 3, -4.942396429717, -63.98436952566, 4.76717437813, 71.71290154898, -0.4783615631908, 1.50724199647, -0.5311783656417, 1.139765302171, 0, 0, 0.2143139488101, -0, -0, -0, -0, -0, 0.2143141611543, -0.001989850081646, 0, 0, 0, 0, 0, 0.01137430322632, -0.001989864001943, -0.02701984934132, 0.01137422365606, 0.02361350593114, 0.01137422365606, 29.3344271939, 29.3446862337, 29.33437481316, 29.34474893934, 72.41557940069, -0.1926846238402, 0.2052023711747, 0, 1, 50.01135935893, 50, 50.01117191049, -0.000929439162751, 0, 0, 0, 0, 0, 0, 0, 0, 72.41706148084, 69.46721475074, 72.416996919, 69.46711208536, 72.41557940069, 69.46716341295, 72.41706210942, 69.46721474564, 0, 72.41699748884, 69.46711208027, -0.002622782738891, 0, -0.1952076902562, -0.003734788944299, 0.2024926951898, -0.003734788944299, 0.7850090081406, 0.7854145240082, -0.7896751977897, -0.7895855036805, -0.002334018175592, -0.002163723297919, 0.7851935029476, 0.7853362595116, 0, -0.7898364345657, -0.7896637061075, 5.551115123126e-17, -0, -0, -0, 0.001733457928974, 0.394088182584, 0.3912247701779, 0.3942445152344, 0, 0.391227120722, 0.3939318499336
5.25, 0.2012309030844, -0.1385476401977, -0.1963943617884, -0.1384571593116, -0.03324235873527, -0.00106685835442, 0.03498544288992, 0.002742882765861, 0, 244.5296908376, 2000, -402.5311619468, -2000, 7612.13296404, 3185.695892425, 7607.225257299, 3172.822739546, 13.76976231779, 45.6131247798, 29.9650879663, 5.971420715862, -241.0932223946, -7.425488198484, 240.3829490604, -12.00626924907, 5408.935196861, 3900.43236503, 5408.220921108, 4040.6701921, 3, -3.941734999088, -57.42947478464, 3.782661337642, 62.05184811444, -0.4785869462752, 1.487286367366, -0.5306402317608, 1.154690504911, 0, 0, 0.2144122455855, -0, -0, -0, -0, -0, 0.2144124173013, -0.001932986687075, 0, 0, 0, 0, 0, 0.01016264060822, -0.001933000221983, -0.02686271297731, 0.01016256944909, 0.02375697187703, 0.01016256944909, 29.47510608242, 29.48541028461, 29.47505268474, 29.48547381008, 72.76287784125, -0.1942966962624, 0.2035908495487, 0, 1, 50.01091453933, 50, 50.01080697764, -0.0004359876012252, 0, 0, 0, 0, 0, 0, 0, 0, 72.76436137664, 69.8145117708, 72.76429524533, 69.81441280336, 72.76287784125, 69.81446228269, 72.76436200664, 69.81451176641, 0, 72.76429581415, 69.81441279897, -0.002594286233335, 0, -0.1967918203104, -0.00360026461401, 0.2009090827977, -0.00360026461401, 0.7849917056182, 0.7853843411033, -0.7896925844314, -0.7896156805622, -0.002351994133957, -0.002185569684403, 0.7851751276563, 0.7853144163734, 0, -0.7898548006231, -0.7896855557422, -0, -0, -0, -0, 0.001733260354015, 0.3940905291026, 0.3912251856932, 0.394230208211, 0, 0.3912266179209, 0.3939508499941
5.275, 0.2036284282576, -0.06193238476808, -0.1939844736516, -0.06191412734934, -0.01479619167173, -0.0008435799249513, 0.04203327638506, 0.008686257790941, 0, 247.3812084639, 2000, -405.955988285, -2000, 7612.109816676, 3184.921841548, 7607.268050483, 3173.262983704, 15.47536684653, 37.29252306943, 28.44231405224, 16.38879848828, -241.0330659373, -6.602836995648, 240.4590683746, -8.746841743761, 5408.862700762, 3907.548319524, 5408.154265262, 4032.539918466, 3, -2.982488689062, -25.38228404649, 2.802143691264, 28.48178409431, -0.4787729306114, 1.468511614599, -0.5302196682637, 1.166530644257, 0, 0, 0.2144987975523, -0, -0, -0, -0, -0, 0.2144989365124, -0.001924453082091, 0, 0, 0, 0, 0, 0.009057789439274, -0.001924466568128, -0.02655624960434, 0.009057725965146, 0.02405632188738, 0.009057725965146, 29.61578507069, 29.62613318247, 29.61572800719, 29.62619695199, 73.11017333793, -0.1995108085053, 0.1983760659999, 0, 1, 50.01046669508, 50, 50.0103945611, -0.0002434234637995, 0, 0, 0, 0, 0, 0, 0, 0, 73.11166068731, 70.16180583849, 73.11158811005, 70.16171017815, 73.11017333793, 70.16175800454, 73.11166132654, 70.16180583471, 0, 73.11158867116, 70.16171017437, -0.002567198299048, 0, -0.201979989043, -0.003479957821843, 0.1957201952461, -0.003479957821843, 0.7849753694459, 0.7853552048444, -0.7897089607675, -0.7896448119314, -0.0023702846678, -0.002207104348785, 0.7851566989229, 0.7852928843583, 0, -0.7898732210733, -0.7897070930558, -0, -0, -0, 5.551115123126e-17, 0.001733283871568, 0.3940915406552, 0.3912253310832, 0.3942160342781, 0, 0.3912267498486, 0.3939670470323
5.3, 0.1965664366361, -0.160086042067, -0.2010390435265, -0.1599651432029, -0.03853989956418, -0.001314641336855, 0.03410840705637, -0.001288723982544, 0, 183.0484773501, 2000, -337.1447951467, -2000, 7612.088742161, 3186.370742792, 7607.292215239, 3171.275408721, 11.77940260647, 48.69863966958, 31.96687223534, 1.878628605639, -241.2010060497, -9.04089783797, 240.2108220656, -14.79127488865, 5409.547398213, 3887.108156788, 5407.255503477, 4054.297118635, 3, -5.189354381547, -67.15595919081, 5.001987893927, 71.04690110494, -0.4789404951147, 1.506092256235, -0.5299921229605, 1.117860306172, 0, 0, 0.2145773584054, -0, -0, -0, -0, -0, 0.2145775973655, -0.002003248858075, 0, 0, 0, 0, 0, 0.01211571356494, -0.002003262906575, -0.02712643369099, 0.01211562859956, 0.02349924114825, 0.01211562859956, 29.75645737779, 29.76685534728, 29.75640765166, 29.7669186674, 73.45746586323, -0.1914226380153, 0.2064610382197, 0, 1, 50.01003221611, 50, 50.00993785753, -0.0003821919695518, 0, 0, 0, 0, 0, 0, 0, 0, 73.45894726927, 70.50910138728, 73.45888765546, 70.50900000254, 73.45746586323, 70.50905068955, 73.4589478959, 70.50910138191, 0, 73.45888822638, 70.50899999718, -0.002512962841174, 0, -0.1938353556164, -0.003688201650039, 0.2038615138425, -0.003688201650039, 0.7849532392441, 0.7853600490373, -0.7897309936699, -0.7896399829121, -0.002389195098454, -0.002223300315613, 0.785138461456, 0.7852766804466, 0, -0.7898914507969, -0.7897232810778, -0, -0, -0, -0, 0.001733469176177, 0.3940902249787, 0.3912239653203, 0.3942567478453, 0, 0.3912285417892, 0.393923702112
5.325, 0.2010046801962, -0.1423673216032, -0.1966400408028, -0.1422718642723, -0.03389152298114, -0.001015356916146, 0.03465264033874, -0.001128475225812, 0, 233.5424034601, 2000, -390.027934612, -2000, 7612.148307541, 3185.608481183, 7607.181253453, 3172.670542083, 13.65062962728, 46.60300378026, 30.69381626737, 7.357501161576, -240.9685828059, -7.184761780262, 240.4419764865, -11.46429345358, 5409.454828308, 3898.085688691, 5407.089265199, 4037.56991308, 3, -4.386675404931, -61.04000228755, 4.267722907043, 61.53963389673, -0.4782638821916, 1.485535866029, -0.5311816871928, 1.150268039823, 0, 0, 0.2145635891668, -0, -0, -0, -0, -0, 0.2145637613323, -0.002084766718686, 0, 0, 0, 0, 0, 0.01010802924418, -0.002084781336984, -0.02698825711252, 0.01010795836748, 0.02363820331085, 0.01010795836748, 29.89713342856, 29.90757548983, 29.89708135494, 29.90764076412, 73.80475627945, -0.1945334949452, 0.2033541922907, 0, 1, 50.0095833066, 50, 50.00956674156, -5.728051876674e-05, 0, 0, 0, 0, 0, 0, 0, 0, 73.80623949704, 70.85638954117, 73.80617605917, 70.85629332041, 73.80475627945, 70.85634142654, 73.80624013039, 70.85638953692, 0, 73.80617662478, 70.85629331616, -0.002486768038147, 0, -0.1969205635176, -0.003500344930582, 0.2007803258865, -0.003500344930582, 0.784935883218, 0.7853236425362, -0.7897483684369, -0.789676379034, -0.002407979914525, -0.002245893536206, 0.7851201619984, 0.7852540927395, 0, -0.7899097745902, -0.7897458798119, -0, -0, 5.551115123126e-17, 5.551115123126e-17, 0.001733982964592, 0.3940959544233, 0.3912241501681, 0.3942348829315, 0, 0.3912288725508, 0.3939570259151
5.35, 0.1964659385712, -0.1628626926201, -0.2011383518274, -0.1627375716174, -0.03900129567046, -0.001183408511851, 0.03369170648424, -0.002447351390008, 0, 172.3220601706, 2000, -327.3922141449, -2000, 7612.149284917, 3185.985268172, 7607.123004015, 3171.860156996, 11.39240773078, 48.65182314247, 32.52923420424, 2.223228919915, -241.0647008295, -8.136727193086, 240.2972916207, -13.45124938096, 5410.262340957, 3894.587990188, 5406.072430252, 4046.721462261, 3, -5.201205235294, -68.73735864088, 5.006428743187, 71.78538736272, -0.4782028368771, 1.495990675059, -0.5318209503026, 1.131392170908, 0, 0, 0.2145262896065, -0, -0, -0, -0, -0, 0.2145264938126, -0.002234790792243, 0, 0, 0, 0, 0, 0.01102468458133, -0.002234806457055, -0.02732283386158, 0.01102460730397, 0.0233267639067, 0.01102460730397, 30.03780560333, 30.04829497816, 30.03775678379, 30.0483610389, 74.15204405052, -0.1916472836646, 0.2062394496935, 0, 1, 50.00915962892, 50, 50.0090693656, -0.0005931369669067, 0, 0, 0, 0, 0, 0, 0, 0, 74.15352420815, 71.20367733589, 74.15346638324, 71.2035800319, 74.15204405052, 71.20362867921, 74.15352483978, 71.20367733121, 0, 74.15346694957, 71.20358002722, -0.002437388036168, 0, -0.1939837165745, -0.003539751026885, 0.2037161642757, -0.003539751026885, 0.7849156116749, 0.7853109666361, -0.7897685003774, -0.7896890595144, -0.002427027651256, -0.002264875603583, 0.7851021742475, 0.7852351083154, 0, -0.7899277807591, -0.7897648595226, -0, -0, 5.551115123126e-17, -0, 0.001734479623427, 0.3940903219353, 0.3912225404946, 0.3942418492951, 0, 0.3912308989898, 0.3939387945754
5.375, 0.2016641801101, -0.1356033456034, -0.1960160104745, -0.1355164461712, -0.03238073416408, -0.001028623596673, 0.03496491701946, -0.002193243727154, 0, 239.7750223496, 2000, -395.4892414608, -2000, 7612.252251936, 3185.746718506, 7606.93340366, 3172.944769646, 14.14294235876, 46.7293313885, 30.68669130714, 9.085889499248, -241.0999572178, -7.277310226646, 240.2778723341, -11.32320850078, 5409.239374754, 3901.515776762, 5406.973162991, 4037.600000481, 3, -4.177163287459, -59.54701142377, 4.121578994054, 57.61498117278, -0.4770714680515, 1.487934732123, -0.533841723735, 1.155763490024, 0, 0, 0.2143993553438, -0, -0, -0, -0, -0, 0.2143995217618, -0.002218542522192, 0, 0, 0, 0, 0, 0.009861640662028, -0.002218558054714, -0.02708306405209, 0.009861571618809, 0.02357425794513, 0.009861571618809, 30.1784795336, 30.18901317494, 30.17842831144, 30.18908102982, 74.49932973368, -0.194842076635, 0.2030497308662, 0, 1, 50.00871635301, 50, 50.00875287819, 6.980654650996e-05, 0, 0, 0, 0, 0, 0, 0, 0, 74.500810932, 71.55096101472, 74.50074928215, 71.55086733271, 74.49932973368, 71.55091416968, 74.50081156831, 71.55096101068, 0, 74.50074984561, 71.55086732867, -0.002404375727483, 0, -0.1971464757758, -0.003407989723423, 0.2005585593026, -0.003407989723423, 0.7849003062852, 0.7852826132672, -0.7897837920709, -0.7897174072757, -0.002443766309818, -0.00228522698336, 0.7850852326181, 0.785214759959, 0, -0.7899447616905, -0.7897852139258, -0, 5.551115123126e-17, -0, 5.551115123126e-17, 0.001735042705392, 0.3940925083288, 0.3912245790529, 0.3942280503822, 0, 0.39122910401, 0.3939569662753
5.4, 0.1970783842805, -0.1574814368375, -0.200526987485, -0.1573640677915, -0.03812348608786, -0.001331855865589, 0.03412398638653, -0.0006310760838393, 0, 182.5177517028, 2000, -338.2938905745, -2000, 7612.190511472, 3186.365945113, 7606.951647888, 3171.643376662, 11.84900264277, 48.67093307445, 32.11758120571, 1.936107171163, -241.4023546424, -8.996584333416, 239.9706165488, -14.7174315934, 5409.133654167, 3893.869164123, 5407.247288819, 4054.144747672, 3, -5.14413882018, -66.04076393036, 4.943207496292, 70.3898766255, -0.4776716840414, 1.504705109223, -0.5336828039907, 1.126093992113, 0, 0, 0.2143513798965, -0, -0, -0, -0, -0, 0.2143516032993, -0.00215436096767, 0, 0, 0, 0, 0, 0.01161472033765, -0.002154376044093, -0.02725598371917, 0.01161463905713, 0.02342244461196, 0.01161463905713, 30.31914927649, 30.32973067961, 30.31910164887, 30.32979875862, 74.84661170568, -0.1914527241656, 0.2064374304228, 0, 1, 50.00831045361, 50, 50.00819150682, -0.0007748524876043, 0, 0, 0, 0, 0, 0, 0, 0, 74.84808941329, 71.8982434232, 74.84803409519, 71.89814725251, 74.84661170568, 71.89819533298, 74.84809004248, 71.89824341832, 0, 74.84803466463, 71.89814724763, -0.002353206199155, 0, -0.1937053050659, -0.003498523584094, 0.2039980392384, -0.003498523584094, 0.7848829281378, 0.7852784097075, -0.7898010389162, -0.789721619717, -0.002459598547983, -0.002301491156392, 0.7850690353247, 0.7851984911952, 0, -0.7899609716677, -0.789801473508, -5.551115123126e-17, -5.551115123126e-17, 5.551115123126e-17, -0, 0.001735094426816, 0.3940836433853, 0.3912247890918, 0.3942432804174, 0, 0.3912285583678, 0.3939240063531
5.425, 0.2000418181292, -0.1590788890102, -0.1975705714457, -0.1589593821679, -0.03819137969045, -0.001237454442895, 0.03375526011303, 0.001614686363071, 0, 221.6099984132, 2000, -377.7840664518, -2000, 7612.12984869, 3186.281121787, 7606.993093574, 3172.403855533, 12.92324876298, 47.89148714138, 31.08485856632, 2.127195152527, -241.4009453916, -8.286699030108, 240.0139379243, -13.68718773751, 5408.303369614, 3895.495788973, 5408.357414267, 4047.979258482, 3, -4.952746046428, -64.9771994635, 4.758203486444, 72.46043618809, -0.4782650876036, 1.501111444111, -0.5332773281305, 1.142793013968, 0, 0, 0.2143155528351, -0, -0, -0, -0, -0, 0.2143157539848, -0.001981043437875, 0, 0, 0, 0, 0, 0.01105004775783, -0.001981057296771, -0.02700533112513, 0.01104997045478, 0.02367123775852, 0.01104997045478, 30.45982002997, 30.47044654796, 30.45977150995, 30.47051601452, 75.19389049758, -0.1928334084088, 0.2050588153871, 0, 1, 50.00788452708, 50, 50.00769579594, -0.001075437184186, 0, 0, 0, 0, 0, 0, 0, 0, 75.19536857573, 72.24552121759, 75.19531202129, 72.24542758829, 75.19389049758, 72.24547439842, 75.19536920349, 72.24552121307, 0, 75.19531259296, 72.24542758377, -0.002321931557445, 0, -0.1950556782424, -0.003406072067354, 0.2026497730013, -0.003406072067354, 0.7848688779041, 0.7852560523378, -0.7898151117796, -0.7897439741698, -0.002474186333898, -0.002319964116631, 0.7850532743694, 0.7851800198466, 0, -0.7899767424362, -0.7898199480799, 5.551115123126e-17, -0, -0, -0, 0.001734908689793, 0.3940881649346, 0.3912264438553, 0.3942400408974, 0, 0.3912263462645, 0.3939362889717
5.45, 0.2078834338663, 0.001956641534342, -0.1899918040363, 0.00195664976373, -8.480336531353e-06, -0.0006271381731713, 0.04810060414548, -0.008199612839561, 0, 286.2767675244, 2000, -444.1696143843, -2000, 7611.856140393, 3184.318431311, 7607.272350144, 3175.338643499, 19.85650997076, 33.60530097665, 26.46599343912, 26.40443419014, -240.9635266809, -5.180080456757, 240.4854743054, -6.164099513795, 5407.849823967, 3921.213297397, 5409.056958469, 4013.587100668, 3, -0.3627695812964, -6.224119674772, 0.6981503860632, -6.897537740326, -0.481100484728, 1.447068097999, -0.5303706056974, 1.215794192604, 0, 0, 0.2143048642169, -0, -0, -0, -0, -0, 0.2143049428686, -0.001716746201915, 0, 0, 0, 0, 0, 0.006694069516441, -0.001716758210655, -0.0261700023194, 0.006694022691328, 0.02448199094431, 0.006694022691328, 30.60049342248, 30.61116123907, 30.60043636572, 30.61123241, 75.54116609884, -0.2033832301958, 0.1945129431235, 0, 1, 50.0074629294, 50, 50.00780610631, 0.001978664886011, 0, 0, 0, 0, 0, 0, 0, 0, 75.54265153514, 72.5927924071, 75.54258012252, 72.59270936323, 75.54116609884, 72.59275088274, 75.5426521764, 72.59279240468, 0, 75.54258068299, 72.5927093608, -0.002322882403608, 0, -0.2056096537031, -0.003020992675386, 0.1920998483156, -0.003020992675386, 0.7848591192221, 0.7852032720354, -0.7898250444203, -0.7897967365246, -0.002487793779905, -0.002342775653319, 0.7850378122346, 0.7851572178774, 0, -0.7899922105279, -0.789842769184, -0, -0, -0, -0, 0.001734627664581, 0.3940968096628, 0.3912273499794, 0.3941888154424, 0, 0.391224950424, 0.3940048038833
5.475, 0.2108228155563, 0.1163587821142, -0.187026157368, 0.1164211765459, 0.02524653880885, -0.0006176792142583, 0.05961025285746, -0.005030306502779, 0, 282.632123116, 2000, -441.3942390827, -2000, 7611.455652929, 3182.695295154, 7607.719946168, 3176.818181167, 21.9520734298, 20.02920699279, 23.89226813571, 37.53299826813, -241.6938761107, -4.546667310489, 239.7862908431, -5.165221845993, 5404.561836803, 3937.236919859, 5412.352891154, 3997.711559609, 3, 1.085924443378, 44.55778259975, -0.7954985964925, -52.73679989563, -0.4852803799548, 1.403366556133, -0.5256829460519, 1.257197005747, 0, 0, 0.2143294245643, -0, -0, -0, -0, -0, 0.2143294571075, -0.0009333710077596, 0, 0, 0, 0, 0, 0.004382426941755, -0.0009333775382407, -0.0251727467838, 0.004382396279602, 0.02546858905169, 0.004382396279602, 30.74116394881, 30.75187506628, 30.74110188961, 30.75194749217, 75.88843857404, -0.2095219915673, 0.1883724421074, 0, 1, 50.00706254595, 50, 50.00727379506, 0.001180319418061, 0, 0, 0, 0, 0, 0, 0, 0, 75.88992888524, 72.9400619423, 75.88984806648, 72.93998495572, 75.88843857404, 72.94002344754, 75.8899295206, 72.94006194083, 0, 75.88984863077, 72.93998495425, -0.002358850562344, 0, -0.2117881446237, -0.002800638745298, 0.1859196364967, -0.002800638745298, 0.784852986353, 0.7851712628741, -0.789831228905, -0.7898287398515, -0.002495447508643, -0.002358881856473, 0.7850248727538, 0.7851411148992, 0, -0.7900051287713, -0.7898588786121, -0, 5.551115123126e-17, -0, 5.551115123126e-17, 0.001734366529502, 0.3940966637083, 0.391233902805, 0.394156897413, 0, 0.3912183818852, 0.3940364300035
5.5, 0.2097943176563, 0.038468920923, -0.1880008814138, 0.03847549800881, 0.004862431297329, -0.0008630831464774, 0.05152075964562, 0.001255907515242, 0, 270.8911706907, 2000, -427.9965913394, -2000, 7610.635729875, 3182.59278976, 7608.585418948, 3176.436186256, 22.13380109836, 28.0763400884, 23.24061463011, 28.82051489062, -242.2448061977, -6.161484910782, 239.2399114395, -7.073167296615, 5400.113884953, 3930.088871784, 5416.586488927, 4009.343220997, 3, 0.1728829720456, 12.73066677518, 0.008575133942921, -17.19346067121, -0.4938816534752, 1.399817212532, -0.5165891553469, 1.251647347, 0, 0, 0.2143316324353, -0, -0, -0, -0, -0, 0.2143316756663, 0.0003547864461751, 0, 0, 0, 0, 0, 0.005743339625387, 0.0003547889285469, -0.02443534566122, 0.00574329944062, 0.02619740070036, 0.00574329944062, 30.88182908926, 30.89258838046, 30.88177077519, 30.8926609488, 76.23570856714, -0.2038615081518, 0.194030991824, 0, 1, 50.0066727691, 50, 50.00678330581, 0.0005678963892652, 0, 0, 0, 0, 0, 0, 0, 0, 76.23719571149, 73.28733238647, 76.23712126599, 73.28725355482, 76.23570856714, 73.28729296867, 76.23719631195, 73.28733238449, 0, 76.2371218639, 73.28725355284, -0.002415058583294, 0, -0.2061865851615, -0.00286775929802, 0.1915192924112, -0.00286775929802, 0.7848471264509, 0.7851723997387, -0.789837129038, -0.7898276062012, -0.002498002794631, -0.002367106830289, 0.7850139815136, 0.7851328882269, 0, -0.790016001326, -0.7898671018875, -0, -0, -0, -0, 0.001734333802768, 0.3940921971309, 0.3912427654458, 0.3941711357253, 0, 0.3912099461807, 0.3940132585364
5.525, 0.2096529250697, 0.0453624218817, -0.1881673125651, 0.04537173341161, 0.005058222340475, -0.0009409378504655, 0.05223393934878, -0.0005854269966059, 0, 275.0414103795, 2000, -434.3298448476, -2000, 7609.438054914, 3182.096428817, 7609.779194285, 3177.161936962, 20.42427669906, 28.31434313092, 25.41813559926, 30.10453345586, -242.6017172976, -6.524682642996, 238.8421256565, -7.43233218562, 5395.718664573, 3928.339725679, 5420.804309739, 4010.842756725, 3, -0.2789558419849, 14.73293629721, 0.512379560609, -20.94707354832, -0.5064823978246, 1.384104967652, -0.5040139203068, 1.27170810494, 0, 0, 0.2142905633661, -0, -0, -0, -0, -0, 0.2142905975027, 0.001891168883611, 0, 0, 0, 0, 0, 0.005978762436654, 0.001891182110682, -0.02311905842789, 0.005978720620723, 0.02750978135541, 0.005978720620723, 31.02249626265, 31.03330062509, 31.02243559208, 31.03337352561, 76.58297626547, -0.2052950703588, 0.1925982453393, 0, 1, 50.0062752352, 50, 50.00643270729, 0.0008550410330928, 0, 0, 0, 0, 0, 0, 0, 0, 76.58446544073, 73.63459997732, 76.58438637622, 73.63452121867, 76.58297626547, 73.63456059594, 76.58446601309, 73.63459997526, 0, 76.58438699902, 73.63452121662, -0.002515635869697, 0, -0.2077256724345, -0.002865103430591, 0.1899810708069, -0.002865103430591, 0.7848447768262, 0.785165415071, -0.7898395086448, -0.7898345915345, -0.002499352173393, -0.002375711132186, 0.785002647231, 0.7851242835958, 0, -0.7900273376714, -0.7898757058602, -0, -5.551115123126e-17, 5.551115123126e-17, 5.551115123126e-17, 0.001734522197314, 0.3940924455811, 0.3912515245942, 0.3941746199144, 0, 0.3912015399483, 0.3940102712479
5.55, 0.2081365750185, -0.007424234410288, -0.189614611992, -0.007423956850616, -0.008792135020753, -0.001032023699141, 0.04660326092355, 0.007157707517233, 0, 273.6734663429, 2000, -433.2878365538, -2000, 7607.960642194, 3182.01816327, 7611.24078857, 3177.195465991, 18.87357626754, 32.6915428914, 26.2092766546, 23.2515210271, -242.3534054497, -7.331126213251, 239.0965689733, -8.853458364517, 5393.779549944, 3921.005790971, 5422.714080979, 4019.365397981, 3, -1.109883667101, -3.877371733194, 1.202103760577, 5.291297056625, -0.5220660714456, 1.380128942103, -0.4885808200353, 1.275045907712, 0, 0, 0.2142717229213, -0, -0, -0, -0, -0, 0.2142717609696, 0.003306225132067, 0, 0, 0, 0, 0, 0.007127843845288, 0.003306248252151, -0.02221018570269, 0.007127794001356, 0.02842142817992, 0.007127794001356, 31.1631609057, 31.17401271893, 31.16310086791, 31.1740845038, 76.93024103459, -0.2024369403941, 0.195456864243, 0, 1, 50.00589797443, 50, 50.005859213, -0.0002771852248237, 0, 0, 0, 0, 0, 0, 0, 0, 76.93172969332, 73.98186612167, 76.93165140325, 73.98178439657, 76.93024103459, 73.98182525658, 76.93173023596, 73.98186611912, 0, 76.93165205593, 73.98178439403, -0.00264054032287, 0, -0.2049958312648, -0.002973017877642, 0.1927114070062, -0.002973017877642, 0.7848373736933, 0.7851651757285, -0.7898468996619, -0.7898348343388, -0.002504000904815, -0.002383855627131, 0.7849890393091, 0.7851161372189, 0, -0.7900409512374, -0.7898838484732, 5.551115123126e-17, -0, -0, -0, 0.001734626323856, 0.3940912607065, 0.3912553898271, 0.3941892284418, 0, 0.3911977325855, 0.3939932929712
5.575, 0.2097983736988, 0.1493599399877, -0.1879820198448, 0.1494647007431, 0.02863662887837, -0.0007466763612017, 0.06263651112067, -0.00554933237658, 0, 271.0262926886, 2000, -429.3034438912, -2000, 7606.554900689, 3180.487172712, 7612.624123824, 3179.143712315, 22.52983494387, 16.28731584285, 23.2151728982, 40.71109516105, -241.8764253682, -5.715889924228, 239.566998854, -6.013236594873, 5392.88003598, 3934.732273447, 5423.577458028, 4003.600021868, 3, 1.179254208851, 60.77126098895, -1.018756259503, -65.06940130024, -0.5369467942159, 1.338738063475, -0.4739210248935, 1.324850951272, 0, 0, 0.2142266806153, -0, -0, -0, -0, -0, 0.2142266841356, 0.004485582471553, 0, 0, 0, 0, 0, 0.004990651869097, 0.004485613825573, -0.02086326304562, 0.004990616984907, 0.02977464971984, 0.004990616984907, 31.30382923584, 31.31472355408, 31.30376045685, 31.3147945925, 77.27750343476, -0.211079528751, 0.1868143910878, 0, 1, 50.00551898238, 50, 50.00562571225, 0.0005439980556872, 0, 0, 0, 0, 0, 0, 0, 0, 77.27899994451, 74.32912722312, 77.27890534976, 74.32904829325, 77.27750343476, 74.32908775646, 77.27900047617, 74.32912722139, 0, 77.27890600222, 74.32904829153, -0.002812257040908, 0, -0.2138152480155, -0.002871332264833, 0.1838921205227, -0.002871332264833, 0.7848298388077, 0.7851369354929, -0.7898543974469, -0.789863068504, -0.002513147591307, -0.0023973930947, 0.7849723073309, 0.7851026029291, 0, -0.7900576875542, -0.7898973891185, -0, -0, -0, -0, 0.001734771747431, 0.3940932930316, 0.3912571851448, 0.3941618864063, 0, 0.3911960080189, 0.3940246996569
5.6, 0.2083239386259, 0.08998244208345, -0.1895210986439, 0.09002101175943, 0.01481560226535, -0.0006329826666281, 0.05747705602728, -0.004348679721744, 0, 273.5061181521, 2000, -432.2985112972, -2000, 7605.603252163, 3180.474009723, 7613.55782779, 3178.957300354, 21.78516220793, 23.31618461548, 24.61583135574, 35.52363209127, -241.0325932701, -5.306493635532, 240.3941034398, -5.963003761159, 5394.525941727, 3931.792482992, 5421.988476982, 4009.079355554, 3, 0.7043839370575, 33.39478602503, -0.4135895398543, -42.64554256906, -0.5470929650197, 1.338233917416, -0.4639522795416, 1.321461395725, 0, 0, 0.2142147240846, -0, -0, -0, -0, -0, 0.2142147288562, 0.004990754337269, 0, 0, 0, 0, 0, 0.005600762088164, 0.004990789218523, -0.02071195572056, 0.00560072294373, 0.02992812139996, 0.00560072294373, 31.44449200076, 31.45543322401, 31.4444235507, 31.45550343471, 77.62476293911, -0.2081581953335, 0.1897363761299, 0, 1, 50.00514745798, 50, 50.00538707474, 0.001363343955361, 0, 0, 0, 0, 0, 0, 0, 0, 77.62625926426, 74.67638860044, 77.62616487283, 74.67630534055, 77.62476293911, 74.67634696846, 77.62625978522, 74.6763885984, 0, 77.62616553856, 74.67630533851, -0.002959098452898, 0, -0.2110413048056, -0.00302885103683, 0.1866667177276, -0.00302885103683, 0.7848099801883, 0.7851275905285, -0.7898742481374, -0.7898724147956, -0.002531067350972, -0.002410934921825, 0.7849514143227, 0.7850890602154, 0, -0.7900785877129, -0.7899109300591, -0, -0, -0, -5.551115123126e-17, 0.001734803543045, 0.3940907632182, 0.3912539068232, 0.3941677421746, 0, 0.3911991727734, 0.3940137842619
5.625, 0.2080517978241, 0.1007376183016, -0.1897128758667, 0.1007858279868, 0.01652664806223, -0.0006059016046857, 0.05831388497466, 0.001463978467662, 0, 265.9300632957, 2000, -426.0986476792, -2000, 7605.095481672, 3180.013460461, 7614.070520091, 3179.245970348, 21.05099101477, 21.11577827309, 24.65504248508, 34.78753682722, -240.7969636546, -5.324868409467, 240.6586101719, -5.933875782539, 5395.572166432, 3935.619622141, 5421.027216666, 4005.107613081, 3, 0.6392352817167, 41.26364516355, -0.5096072882372, -43.6276138486, -0.5526050246179, 1.325220478317, -0.4583753544718, 1.33104829226, 0, 0, 0.2142530712716, -0, -0, -0, -0, -0, 0.214253069781, 0.005247504800344, 0, 0, 0, 0, 0, 0.005035599106942, 0.005247541489205, -0.02054721922305, 0.005035563899904, 0.03009607408463, 0.005035563899904, 31.58515505271, 31.59614245613, 31.58508429185, 31.59621127211, 77.97201930578, -0.2085949099823, 0.1892984931852, 0, 1, 50.00479187828, 50, 50.00485981665, 0.0004592197584741, 0, 0, 0, 0, 0, 0, 0, 0, 77.97351835661, 75.02364639186, 77.97341903741, 75.02356048013, 77.97201930578, 75.0236034341, 77.97351887489, 75.02364638997, 0, 77.97341970472, 75.02356047824, -0.003123450664218, 0, -0.2116429770298, -0.003125320265041, 0.1860638322962, -0.003125320265041, 0.7847886008539, 0.7851081296631, -0.7898955999925, -0.7898918740766, -0.00255203378662, -0.002426507741305, 0.784928909312, 0.7850734880457, 0, -0.7901010873076, -0.7899265035284, -0, -5.551115123126e-17, -0, -0, 0.001734687544218, 0.3940909076063, 0.3912518231154, 0.3941601187523, 0, 0.3912010870336, 0.3940216964602
5.65, 0.2075440509188, 0.002920555638628, -0.1902028195466, 0.002920615248758, -0.007220983106528, -0.0007654402617286, 0.04799426099813, 0.002363359102337, 0, 271.5277747469, 2000, -427.9145169133, -2000, 7604.854110652, 3180.739894222, 7614.330610903, 3178.462019455, 20.36137431519, 32.13481664765, 25.4327749526, 25.07905023636, -240.7049964861, -6.615109208487, 240.7483830526, -7.835222123681, 5395.377617163, 3924.016426612, 5421.192811277, 4014.75351046, 3, -0.2904600777128, -1.056343421882, 0.3823963152501, -2.055535302572, -0.5553258186984, 1.342516645547, -0.4554468581451, 1.312778598564, 0, 0, 0.2143018227333, -0, -0, -0, -0, -0, 0.2143018326658, 0.005493927559545, 0, 0, 0, 0, 0, 0.006575461066507, 0.005493965988797, -0.02066851599407, 0.006575415072398, 0.02996696770755, 0.006575415072398, 31.72581489082, 31.73685121623, 31.72574626256, 31.73691739094, 78.31927306878, -0.2030734090918, 0.1948200888937, 0, 1, 50.00443982362, 50, 50.00452575928, 0.0005752237436966, 0, 0, 0, 0, 0, 0, 0, 0, 78.3207708387, 75.37090414907, 78.32067474155, 75.37081084629, 78.31927306878, 75.370857495, 78.32077134683, 75.37090414639, 0, 78.32067542514, 75.37081084362, -0.003283053643, 0, -0.2062805697349, -0.003394193709889, 0.1914263221097, -0.003394193709889, 0.7847655143539, 0.785106560184, -0.7899187333649, -0.7898934474241, -0.002572818356608, -0.002438670757792, 0.7849066512854, 0.7850613226745, 0, -0.7901233389434, -0.7899386641901, -0, -0, -0, -0, 0.001734613831571, 0.3940928560332, 0.3912522103658, 0.3941832316141, 0, 0.391200757626, 0.3940024804523
5.675, 0.2087142704436, 0.1200866027994, -0.1890373611386, 0.1201548424194, 0.02125857993578, -0.0006635600916788, 0.06012608835545, -0.0007847704837314, 0, 267.050947011, 2000, -425.7818815178, -2000, 7604.69899936, 3179.755325731, 7614.480858728, 3179.324633194, 21.69260514057, 19.35407813214, 24.1802221655, 37.18175932591, -240.9234391013, -5.805963788754, 240.5268442671, -6.269027756201, 5394.142720906, 3933.785379714, 5422.334603685, 4004.492554377, 3, 1.05199707017, 49.24190978943, -0.9464322318964, -52.09803248892, -0.5571382118174, 1.317434666065, -0.4536745360181, 1.335448973722, 0, 0, 0.2143325881578, -0, -0, -0, -0, -0, 0.2143325834694, 0.005779042789152, 0, 0, 0, 0, 0, 0.005123949945674, 0.005779083224353, -0.0200671673353, 0.005123914094324, 0.03057169532242, 0.005123914094324, 31.86647854314, 31.87755850423, 31.86640261536, 31.87762303404, 78.66652462392, -0.2096315849689, 0.1882614341542, 0, 1, 50.00409220207, 50, 50.00416764014, 0.0004787086537726, 0, 0, 0, 0, 0, 0, 0, 0, 78.66802959355, 75.71815627186, 78.66791952482, 75.71806194796, 78.66652462392, 75.7181091078, 78.66803010303, 75.71815626975, 0, 78.66792019764, 75.71806194585, -0.003464599326144, 0, -0.2130225755658, -0.00343134028264, 0.1846837981892, -0.00343134028264, 0.7847473847968, 0.7850809589344, -0.7899368390828, -0.7899190445392, -0.002593060526074, -0.002454286243985, 0.7848844161644, 0.7850457091947, 0, -0.7901455724289, -0.7899542816827, -0, -0, 5.551115123126e-17, -0, 0.001734727418251, 0.3940933470953, 0.3912546717781, 0.3941637725678, 0, 0.3911984809581, 0.3940229216228
5.7, 0.2072872464466, 0.002034267301847, -0.1904682684464, 0.002034300907659, -0.006836299060944, -0.000767030976341, 0.04793010392501, 0.0008721436657624, 0, 271.3485878764, 2000, -428.4806790364, -2000, 7604.562033904, 3180.54201551, 7614.60688292, 3178.477903052, 20.43072840848, 32.57872636098, 25.69703000121, 25.41321337102, -240.6736440891, -6.646118481412, 240.7524085361, -7.865560669533, 5394.776161943, 3923.681949693, 5421.483925395, 4014.842281034, 3, -0.2810284544421, -1.988660528184, 0.3903073355999, -2.481609250849, -0.5587566789609, 1.336790009935, -0.4521606282308, 1.314714201343, 0, 0, 0.2143359739063, -0, -0, -0, -0, -0, 0.2143359813139, 0.00580325258277, 0, 0, 0, 0, 0, 0.006606132635467, 0.005803293188646, -0.02044185496382, 0.006606086412087, 0.03019587951371, 0.006606086412087, 32.00713615287, 32.01826548713, 32.00706330837, 32.01832762122, 79.01377410079, -0.2029787801581, 0.1949150872912, 0, 1, 50.00375178029, 50, 50.00386576585, 0.0006744336658135, 0, 0, 0, 0, 0, 0, 0, 0, 79.01527654557, 76.06540945065, 79.0151715642, 76.06530768469, 79.01377410079, 76.06535856473, 79.01527704871, 76.06540944772, 0, 79.01517225217, 76.06530768175, -0.00361311050331, 0, -0.206516832636, -0.003702069951716, 0.1911903910724, -0.003702069951716, 0.7847217913643, 0.7850779348277, -0.7899624459514, -0.7899220723533, -0.002616113154459, -0.002467506892895, 0.7848613809449, 0.7850324862289, 0, -0.7901686141689, -0.7899675000147, -0, -0, -0, -0, 0.001734996164724, 0.3940931007364, 0.391253409039, 0.3941838978786, 0, 0.3912001768969, 0.3940023035942
5.725, 0.2081759842066, 0.1024120986582, -0.1895698877009, 0.1024617639445, 0.01757153127633, -0.0006736613953892, 0.05847113857854, 0.001222954554054, 0, 265.6174756647, 2000, -424.5660822616, -2000, 7604.487997006, 3179.716570144, 7614.641391564, 3179.186671099, 21.26983493391, 21.35674391806, 24.75163342183, 35.26502243202, -240.8459032379, -5.916040793875, 240.5780015835, -6.47780721616, 5394.867397292, 3934.104503576, 5421.278081166, 4005.808072795, 3, 0.7748856844328, 41.91364968118, -0.683981562345, -44.39345565028, -0.5597094894917, 1.315954509433, -0.4516138288129, 1.333148241212, 0, 0, 0.2143262905622, -0, -0, -0, -0, -0, 0.2143262860243, 0.005821406207682, 0, 0, 0, 0, 0, 0.005196155852358, 0.0058214469369, -0.02014309112159, 0.005196119497933, 0.03050711373121, 0.005196119497933, 32.14779761316, 32.15897112526, 32.14771844645, 32.15903172978, 79.36102140946, -0.2085301756756, 0.189364000606, 0, 1, 50.00342032755, 50, 50.00348213207, 0.0003515426581488, 0, 0, 0, 0, 0, 0, 0, 0, 79.36252984812, 76.41265716572, 79.36241275019, 76.41255414193, 79.36102140946, 76.41260565149, 79.36253035763, 76.41265716338, 0, 79.36241342446, 76.41255413959, -0.003778428945193, 0, -0.2122347062383, -0.003747827545846, 0.1854727876942, -0.003747827545846, 0.784700651792, 0.7850513236783, -0.7899835133614, -0.7899486794291, -0.002639100152754, -0.002484417814414, 0.784838201115, 0.7850155772624, 0, -0.7901918068773, -0.7899844128912, -0, -0, -5.551115123126e-17, -5.551115123126e-17, 0.001735313051964, 0.3940917189208, 0.3912532280178, 0.3941631368182, 0, 0.3912005858194, 0.3940203010235
5.75, 0.2086751936747, 0.08578047353292, -0.18904966522, 0.08581541407085, 0.01436357294718, -0.0006469261723547, 0.05686822691288, 0.001806024833732, 0, 264.7269969323, 2000, -419.3357218293, -2000, 7604.415021341, 3179.607121134, 7614.688145278, 3178.948066863, 25.10714516242, 22.71637561262, 20.88098366502, 33.91214730742, -240.5452329347, -5.923298855496, 240.8771305998, -6.541081007686, 5395.6911692, 3935.17571097, 5420.393489601, 4007.771842313, 3, 1.490091007393, 34.58412460833, -1.437890454262, -37.78872549439, -0.560643429833, 1.314226808586, -0.4509486353029, 1.328035601113, 0, 0, 0.2143301982969, -0, -0, -0, -0, -0, 0.214330194607, 0.005762986684995, 0, 0, 0, 0, 0, 0.005260837318324, 0.005763027006953, -0.02036875746007, 0.005260800510018, 0.03028852919891, 0.005260800510018, 32.28845499272, 32.29967621427, 32.28837594189, 32.29973470612, 79.70826630501, -0.2058309371847, 0.1920635846846, 0, 1, 50.0031021977, 50, 50.00318425146, 0.0004876192861659, 0, 0, 0, 0, 0, 0, 0, 0, 79.70977487523, 76.75990393119, 79.70965756521, 76.75979664616, 79.70826630501, 76.75985028621, 79.70977538425, 76.75990392872, 0, 79.70965824388, 76.7597966437, -0.00392335192377, 0, -0.2096795264569, -0.003902843964991, 0.1880282833106, -0.003902843964991, 0.7846759836044, 0.7850362310156, -0.790008143126, -0.7899637719695, -0.002662707906057, -0.002499955027192, 0.7848150733543, 0.7850000398263, 0, -0.7902149451132, -0.7899999498806, -5.551115123126e-17, 5.551115123126e-17, -5.551115123126e-17, -5.551115123126e-17, 0.001735508089799, 0.3940886959949, 0.3912515864932, 0.3941610028983, 0, 0.3912023487455, 0.3940163890915
5.775, 0.2089636490976, 0.1027546624264, -0.1888150543251, 0.1028046044537, 0.01899329322469, -0.0006187446714939, 0.05850887908972, -0.0009946809456168, 0, 262.5176118327, 2000, -418.8219373168, -2000, 7604.473433604, 3179.476877693, 7614.586374522, 3179.159680935, 26.21532066224, 21.09416504994, 20.04307172059, 36.18029433493, -240.5759276637, -5.651662177686, 240.8347297451, -6.200500861191, 5396.078897983, 3937.499137198, 5420.102085622, 4004.381383574, 3, 1.94350214473, 41.02321295518, -1.782065731978, -45.94089779529, -0.5601888258389, 1.310560884046, -0.4518531201707, 1.333006000871, 0, 0, 0.2143356785039, -0, -0, -0, -0, -0, 0.2143356729784, 0.00566299875791, 0, 0, 0, 0, 0, 0.00484676816018, 0.005663038382308, -0.02043501674197, 0.004846734247244, 0.03023378659087, 0.004846734247244, 32.42911265207, 32.44038022436, 32.42903143034, 32.44043746636, 80.05550891077, -0.2063225838627, 0.1915726430662, 0, 1, 50.00278471057, 50, 50.00291400292, 0.0007724976545769, 0, 0, 0, 0, 0, 0, 0, 0, 80.05701971618, 77.1071481627, 80.05689800825, 77.10703787835, 80.05550891077, 77.10709301819, 80.05702022838, 77.10714816037, 0, 80.05689868344, 77.10703787601, -0.004059144935941, 0, -0.2103067199651, -0.004011954367048, 0.1874017470181, -0.004011954367048, 0.7846522490812, 0.7850166121677, -0.7900318157831, -0.7899833896063, -0.002686638263982, -0.00251672535156, 0.784791791007, 0.7849832699003, 0, -0.7902382443161, -0.7900167206034, -0, -0, 5.551115123126e-17, -5.551115123126e-17, 0.001735637182412, 0.3940897590275, 0.3912508139641, 0.3941563748105, 0, 0.3912029294289, 0.3940231432445
5.8, 0.2081083040902, 0.02793065264876, -0.1896375580204, 0.02793439111398, 0.0008959803523993, -0.0007627362417246, 0.05062732748861, 0.003010020445549, 0, 269.5147185726, 2000, -426.0497120296, -2000, 7604.654364415, 3180.177849144, 7614.389656047, 3178.563737888, 22.02396496443, 29.42993301088, 24.19247530876, 27.83885765748, -240.8758139558, -6.504157608964, 240.5504854709, -7.504343337665, 5396.193579472, 3929.392150927, 5420.013749825, 4010.511072675, 3, 0.3452217485255, 9.926432214101, -0.2590851049486, -12.59974013516, -0.5584373892664, 1.327677820131, -0.4537662361066, 1.317879057144, 0, 0, 0.2143535320176, -0, -0, -0, -0, -0, 0.2143535349435, 0.005522065927283, 0, 0, 0, 0, 0, 0.005878459956675, 0.005522104572002, -0.02069109296624, 0.005878418818114, 0.02997775340691, 0.005878418818114, 32.56976815181, 32.58108363647, 32.56968738578, 32.58113921636, 80.40274920243, -0.2036727276492, 0.1942237517837, 0, 1, 50.00247436312, 50, 50.00254605693, 0.0004525532533436, 0, 0, 0, 0, 0, 0, 0, 0, 80.40425991462, 77.45439155416, 80.4041386278, 77.45427545247, 80.40274920243, 77.45433350034, 80.40426042698, 77.45439155118, 0, 80.40413930634, 77.45427544949, -0.004173069535723, 0, -0.2077698058758, -0.00422357899681, 0.1899398982082, -0.00422357899681, 0.7846271772003, 0.7850081127001, -0.7900568956266, -0.7899918913101, -0.002710892819725, -0.002532322234778, 0.7847684677005, 0.7849676714809, 0, -0.7902615760932, -0.7900323159504, -0, -0, 5.551115123126e-17, -0, 0.001735692180053, 0.3940917277828, 0.3912505848873, 0.3941725235212, 0, 0.3912031063151, 0.3940109320444
5.825, 0.2085084782802, 0.07016865085276, -0.1893165082686, 0.07019189256853, 0.01203579014395, -0.0007329181668287, 0.05529536973307, -0.001749258250419, 0, 268.4967498324, 2000, -426.8655305735, -2000, 7604.788228575, 3180.010900857, 7614.235000205, 3178.613586375, 21.393339221, 25.6885212215, 25.51394632776, 33.45404046563, -241.0767032685, -6.156336919008, 240.324271168, -6.867500351692, 5396.152619244, 3931.239198975, 5420.068651071, 4008.981874666, 3, 0.8520349254008, 25.85722090247, -0.606874977446, -33.11353644237, -0.5571662408985, 1.324437037868, -0.4552536583389, 1.318558221647, 0, 0, 0.2143704193832, -0, -0, -0, -0, -0, 0.2143704210655, 0.005419957811781, 0, 0, 0, 0, 0, 0.00563379291488, 0.0054199957479, -0.02058724152168, 0.005633753482333, 0.03008490839532, 0.005633753482333, 32.71042509046, 32.72178564614, 32.71034030794, 32.72184054155, 80.74998742477, -0.2069219483748, 0.1909753689704, 0, 1, 50.00216859404, 50, 50.00235856969, 0.001124834780244, 0, 0, 0, 0, 0, 0, 0, 0, 80.75150204622, 77.80163106368, 80.75137317146, 77.80151223904, 80.74998742477, 77.80157164844, 80.75150256426, 77.80163106076, 0, 80.75137384037, 77.80151223612, -0.004284447499716, 0, -0.2111308100845, -0.004322635129947, 0.1865797048867, -0.004322635129947, 0.7846045638392, 0.7849887131533, -0.7900794949335, -0.7900112899782, -0.002734797102509, -0.002550038454409, 0.7847451451822, 0.7849499554975, 0, -0.7902849070091, -0.7900500324064, -5.551115123126e-17, -0, -0, -0, 0.001735786812208, 0.3940914113682, 0.3912506667369, 0.3941688443117, 0, 0.3912029965666, 0.3940139784246
5.85, 0.2074295277907, -0.01932072217428, -0.1903491493995, -0.01931900211224, -0.00976314782664, -0.0008421787728965, 0.04533990810975, 0.002431473831555, 0, 272.2221175699, 2000, -431.1911286635, -2000, 7604.931453145, 3180.467604215, 7614.088385542, 3178.06726043, 19.62791891509, 34.98190439286, 26.93436634027, 23.21330966449, -241.0904871937, -6.810039986423, 240.3096072135, -8.2568315262, 5396.743295879, 3926.099647904, 5419.416998363, 4013.487546426, 3, -0.5157432878088, -10.53425597793, 0.6633306208166, 7.46447412932, -0.5557895281962, 1.33545794232, -0.456663039658, 1.305472707082, 0, 0, 0.2144012173428, -0, -0, -0, -0, -0, 0.2144012269882, 0.005242233855918, 0, 0, 0, 0, 0, 0.006332755076022, 0.00524227055863, -0.02102183796846, 0.006332710738496, 0.02965067086604, 0.006332710738496, 32.85107793813, 32.86248723963, 32.85099578079, 32.86254126726, 81.09722340897, -0.2018115685868, 0.196085778627, 0, 1, 50.00187723331, 50, 50.00196097056, 0.0005423446966185, 0, 0, 0, 0, 0, 0, 0, 0, 81.09873598146, 78.14886944618, 81.09861161843, 78.14874611932, 81.09722340897, 78.14880777934, 81.09873649785, 78.14886944277, 0, 81.09861229543, 78.14874611591, -0.004375455548634, 0, -0.20610976595, -0.004486418204966, 0.191600751266, -0.004486418204966, 0.7845780011276, 0.7849759590256, -0.7901060573139, -0.7900240457662, -0.002759634749739, -0.002567601044745, 0.7847215497552, 0.7849323917309, 0, -0.79030850514, -0.7900675938204, -0, -0, -0, -0, 0.001735864646895, 0.39409204222, 0.3912494890127, 0.3941790819591, 0, 0.391204296225, 0.394005002481
5.875, 0.2094229859408, 0.08056520447753, -0.1884087275037, 0.08059553275958, 0.01434758583989, -0.0007819132807385, 0.05612955618936, -0.003016791827649, 0, 273.4937801025, 2000, -433.1882089925, -2000, 7604.986028214, 3179.968580713, 7614.014469093, 3178.879257157, 21.90276378591, 25.32065710574, 25.32374682535, 34.67451458036, -241.3896224685, -6.303702512108, 239.9956162218, -6.996100444375, 5395.741862679, 3932.141041305, 5420.328899517, 4003.978492131, 3, 0.8367144729472, 29.49890617456, -0.5785822564344, -37.72178879235, -0.5553317491673, 1.321725250256, -0.4573212560431, 1.32501474179, 0, 0, 0.2144082456694, -0, -0, -0, -0, -0, 0.2144082447996, 0.005325450811033, 0, 0, 0, 0, 0, 0.005205857903361, 0.005325488098821, -0.02063013413355, 0.005205821453195, 0.03004664751525, 0.005205821453195, 32.99173423424, 33.003188137, 32.99164633478, 33.00324130694, 81.44445762756, -0.2073619287572, 0.1905358832508, 0, 1, 50.00158758869, 50, 50.00180110397, 0.00125312739115, 0, 0, 0, 0, 0, 0, 0, 0, 81.44597558093, 78.49610410155, 81.44584055776, 78.49598056358, 81.44445762756, 78.49604232975, 81.44597610162, 78.49610409874, 0, 81.44584122353, 78.49598056077, -0.004484190581216, 0, -0.2117703631613, -0.004494098183279, 0.1859405966301, -0.004494098183279, 0.7845579221478, 0.7849492136272, -0.7901261141472, -0.7900507880289, -0.002781697450434, -0.002586594215025, 0.7846987966746, 0.784913400112, 0, -0.7903312647229, -0.790086588542, -0, -0, -0, -0, 0.001736054199376, 0.394095496846, 0.3912514848716, 0.3941670480915, 0, 0.3912024782806, 0.3940239456004
5.9, 0.2078936719221, 0.01729318213912, -0.1899141157441, 0.01729458304327, -0.0002649869991848, -0.0008908518032499, 0.04953645902859, -0.0007189010997949, 0, 266.4100917709, 2000, -424.7606111319, -2000, 7604.970353778, 3180.538528527, 7614.009736961, 3178.061836014, 20.23652368798, 31.62701156448, 26.81043852509, 27.96759413849, -241.468321303, -7.044617561418, 239.9061699258, -8.152579695974, 5395.526076989, 3923.941137397, 5420.422786435, 4014.439855609, 3, 0.06543645702764, 3.683987929261, 0.1402357689113, -9.68162571287, -0.5556038260662, 1.337324111303, -0.4572623499794, 1.304633351099, 0, 0, 0.2144064757648, -0, -0, -0, -0, -0, 0.2144064866549, 0.005369272460979, 0, 0, 0, 0, 0, 0.006558187424785, 0.005369310054977, -0.02079412770204, 0.006558141506686, 0.02988764892173, 0.006558141506686, 33.13238622432, 33.14388862993, 33.1322998284, 33.1439404021, 81.79169004945, -0.2038749352216, 0.1940233506913, 0, 1, 50.00131412882, 50, 50.00146534961, 0.0008364022042061, 0, 0, 0, 0, 0, 0, 0, 0, 81.79320671681, 78.84333892931, 81.79307423487, 78.84321010876, 81.79169004945, 78.84327451535, 81.79320723319, 78.84333892562, 0, 81.79307490925, 78.84321010507, -0.004566588479619, 0, -0.2083651300269, -0.004686269146597, 0.1893462866653, -0.004686269146597, 0.7845336336224, 0.7849416444892, -0.7901503772346, -0.79005836056, -0.002804636059784, -0.002603466406076, 0.7846756281794, 0.7848965258012, 0, -0.7903544420727, -0.7901034586133, -0, -0, 5.551115123126e-17, -0, 0.001736282143202, 0.3940932434413, 0.3912519143188, 0.3941833816063, 0, 0.3912022918227, 0.3940031052764
5.925, 0.2069928317075, -0.004295868422637, -0.1908055640583, -0.004295790354829, -0.004453025111918, -0.0008302224675482, 0.04733000497964, -0.0001010363586439, 0, 262.8755555792, 2000, -420.3049557096, -2000, 7604.958489934, 3180.377245804, 7613.997874702, 3177.612481669, 20.45528931162, 33.36796685465, 26.5630836264, 25.61412539928, -241.1625627821, -6.730492255923, 240.2132623949, -7.93949285471, 5396.569177714, 3925.402624238, 5419.328271302, 4018.624536038, 3, -0.02880537670432, -4.904498377589, 0.2146493731342, -0.4350755966327, -0.5558295134254, 1.335951548682, -0.4572864147602, 1.293887867671, 0, 0, 0.2144114597984, -0, -0, -0, -0, -0, 0.2144114742325, 0.005225747057788, 0, 0, 0, 0, 0, 0.006755529600826, 0.005225783648566, -0.02101606782487, 0.006755482298806, 0.02967245494674, 0.006755482298806, 33.27303822599, 33.28458765565, 33.27295192269, 33.2846392131, 82.13892054702, -0.2023527694678, 0.1955458063371, 0, 1, 50.00104918169, 50, 50.00118729856, 0.0008010350576345, 0, 0, 0, 0, 0, 0, 0, 0, 82.14043716651, 79.19057018437, 82.14030484534, 79.19043861645, 82.13892054702, 79.19050439653, 82.14043768477, 79.19057018049, 0, 82.14030552, 79.19043861257, -0.004638516152945, 0, -0.2069140492059, -0.004786213724599, 0.1907976278595, -0.004786213724599, 0.7845074295806, 0.7849225487671, -0.7901765442404, -0.7900774566852, -0.002830339807892, -0.002623919020913, 0.7846509389265, 0.7848760727577, 0, -0.7903791409041, -0.7901239107995, -0, -0, -0, -0, 0.001736458328736, 0.3940876196111, 0.391249835876, 0.3941804701202, 0, 0.3912044728951, 0.393994769102
5.95, 0.2091362396412, 0.1138220979231, -0.1886588645204, 0.1138826735156, 0.02333851579176, -0.0006685904600269, 0.05932476430191, -0.0008682542218448, 0, 270.5822517878, 2000, -430.0272129641, -2000, 7605.071452978, 3179.313910464, 7613.858462649, 3178.911632481, 22.17314289827, 20.56801129959, 24.83507401609, 37.0002261479, -241.2379566592, -5.461920867195, 240.1509762511, -6.008734832061, 5396.868313425, 3939.937796437, 5419.115375978, 4000.554340379, 3, 1.059754573773, 46.2243744967, -0.8777834338685, -49.81517694127, -0.5547414342504, 1.307528772218, -0.4586526071971, 1.326470484584, 0, 0, 0.2144384679339, -0, -0, -0, -0, -0, 0.2144384637077, 0.005081535242234, 0, 0, 0, 0, 0, 0.004392710370415, 0.005081570832202, -0.02076298614749, 0.004392679605043, 0.02993375664376, 0.004392679605043, 33.41369267722, 33.42528594703, 33.41360008064, 33.4253377256, 82.48614886398, -0.2090040853219, 0.1888947814022, 0, 1, 50.00078586054, 50, 50.00088747179, 0.0006815518018282, 0, 0, 0, 0, 0, 0, 0, 0, 82.48767141893, 79.5377975102, 82.48752759948, 79.53766872229, 82.48614886398, 79.53773311377, 82.48767194762, 79.53779750773, 0, 82.48752825605, 79.53766871982, -0.004723767023182, 0, -0.2136516002738, -0.004685081665915, 0.1840603134329, -0.004685081665915, 0.7844839238235, 0.7848819996445, -0.7902000026454, -0.7901179997188, -0.002856391195348, -0.002648213713199, 0.7846257047105, 0.7848517813397, 0, -0.7904043837167, -0.7901482087661, -0, -0, -0, -0, 0.00173651213163, 0.3940911421318, 0.3912492406183, 0.3941515171754, 0, 0.3912048960613, 0.3940307670882
5.975, 0.2081648847718, 0.005160577259548, -0.1896166488171, 0.005160693979633, -0.002933638103952, -0.0008639691898591, 0.04802923925677, 0.001831027031035, 0, 270.1819194902, 2000, -428.6931806224, -2000, 7605.147461031, 3180.299269662, 7613.77617427, 3177.911454174, 21.13008578012, 32.52986797685, 25.85992966919, 26.05854092289, -241.3601428958, -6.855208570285, 240.030504426, -8.06323550595, 5396.69555252, 3926.287595016, 5419.357100082, 4011.54876432, 3, -0.04323861757518, -0.3484687590056, 0.1940268011126, -3.132001119673, -0.5540333598849, 1.331990102519, -0.4594280933822, 1.30163244425, 0, 0, 0.2144941585993, -0, -0, -0, -0, -0, 0.2144941681269, 0.005074573048957, 0, 0, 0, 0, 0, 0.006178637033487, 0.005074608608628, -0.02111770134688, 0.006178593737475, 0.02957937168389, 0.006178593737475, 33.55434132707, 33.56598445864, 33.55425262721, 33.56603489344, 82.83337508525, -0.2026666784468, 0.1952325467037, 0, 1, 50.00053569992, 50, 50.00063150316, 0.0006277320633834, 0, 0, 0, 0, 0, 0, 0, 0, 82.83489453329, 79.88502705617, 82.83475767876, 79.88489242452, 82.83337508525, 79.88495973671, 82.83489505522, 79.88502705253, 0, 82.83475834968, 79.88489242089, -0.004786186689616, 0, -0.2073752213985, -0.004897666515589, 0.1903370019342, -0.004897666515589, 0.7844570128681, 0.7848758051817, -0.7902269160078, -0.7901241982218, -0.002881007189259, -0.00266669433442, 0.7846012161269, 0.7848332982097, 0, -0.7904288770963, -0.7901666868785, -0, -0, -0, -0, 0.001736478549526, 0.3940937861953, 0.3912495838782, 0.3941787076782, 0, 0.3912044157959, 0.3940088647124
6, 0.2075840681038, -0.01061462939099, -0.1902081850757, -0.01061408681938, -0.006569690896847, -0.0009365138970294, 0.04641339468142, 0.0007075461117964, 0, 265.4191400215, 2000, -423.3906365094, -2000, 7605.145983858, 3180.492501606, 7613.769235395, 3177.624715868, 20.07689696208, 34.5140993921, 27.14204554197, 24.92416094079, -241.5639369001, -7.236487271954, 239.8061965658, -8.628549601623, 5395.722316647, 3922.106208413, 5420.218280329, 4015.535447558, 3, -0.2645379947926, -7.6295256947, 0.4352342337365, 3.028128311947, -0.5541308956292, 1.337278921825, -0.4594206896078, 1.294450866922, 0, 0, 0.2145132481404, -0, -0, -0, -0, -0, 0.2145132628695, 0.005212973530825, 0, 0, 0, 0, 0, 0.006770554074904, 0.005213010066828, -0.02102578302277, 0.006770506622662, 0.02967333968202, 0.006770506622662, 33.69499163122, 33.70668202406, 33.69490234992, 33.70673170292, 83.18060001988, -0.202060210748, 0.195839256819, 0, 1, 50.00029010342, 50, 50.00040772838, 0.0006805312980919, 0, 0, 0, 0, 0, 0, 0, 0, 83.18212017773, 80.23225354459, 83.18198216108, 80.23211587608, 83.18060001988, 80.23218470626, 83.18212069605, 80.23225354052, 0, 83.18198283602, 80.23211587201, -0.004858152066966, 0, -0.2068410520117, -0.005008142435529, 0.1908713897531, -0.005008142435529, 0.7844331864589, 0.7848598577309, -0.7902507320551, -0.7901401472487, -0.002904528253022, -0.002686713911568, 0.7845767627653, 0.7848132775819, 0, -0.7904533338405, -0.7901867054051, 5.551115123126e-17, -0, -0, -0, 0.001736635716802, 0.3940939796629, 0.3912515228258, 0.3941870366733, 0, 0.3912026999659, 0.3940009226524
6.025, 0.2085270917926, 0.03914412751236, -0.1892216551782, 0.03915124703743, 0.005203656662624, -0.0008498516983004, 0.05177960657127, 0.007601691801673, 0, 273.3793416875, 2000, -433.9851970703, -2000, 7605.061993694, 3179.917428211, 7613.827407516, 3178.102345889, 20.67359362584, 28.01733335729, 25.99694023499, 28.47215327872, -241.5513812751, -6.650119848917, 239.8310753682, -7.612485427317, 5395.029937067, 3928.883240577, 5420.711547998, 4010.50779899, 3, 0.09918804010273, 16.83832197041, -0.01673198510237, -15.06847103939, -0.5550933785398, 1.322685895178, -0.458731006084, 1.307177397826, 0, 0, 0.2144910398364, -0, -0, -0, -0, -0, 0.214491044496, 0.005351061196047, 0, 0, 0, 0, 0, 0.005915102075527, 0.005351098692095, -0.02073829064809, 0.00591506062741, 0.02996476689743, 0.00591506062741, 33.83564287741, 33.84737912575, 33.8355500882, 33.84742820812, 83.52782375102, -0.2050341513837, 0.1928662886148, 0, 1, 50.00005252284, 50, 50.00000121381, -0.0003580173154467, 0, 0, 0, 0, 0, 0, 0, 0, 83.5293469292, 80.5794769911, 83.52920257203, 80.57933936372, 83.52782375102, 80.57940817386, 83.52934744799, 80.57947698755, 0, 83.52920324269, 80.57933936017, -0.004939368554243, 0, -0.2098973138633, -0.005006646234209, 0.1878161046119, -0.005006646234209, 0.7844099121044, 0.7848313432133, -0.7902739902428, -0.7901686591667, -0.002928810935787, -0.002709342988769, 0.784551525717, 0.7847906498081, 0, -0.7904785813388, -0.7902093357857, -0, -0, -0, -5.551115123126e-17, 0.001736969849221, 0.3940922379003, 0.3912529027834, 0.3941735372609, 0, 0.3912017163255, 0.3940109385398
6.05, 0.2105803141875, 0.227001554863, -0.1871777902608, 0.2272432316621, 0.05180797741258, -0.0006105881297138, 0.06880052891259, -0.02030161932077, 0, 246.7079955252, 2000, -400.249506213, -2000, 7604.699322791, 3178.702086244, 7614.164487954, 3179.470583475, 33.07770719854, 7.633653299279, 14.11183018007, 50.43745623828, -240.8313898973, -5.790666914474, 240.4233991478, -5.191846934682, 5395.532912964, 3944.584112742, 5419.910667447, 3996.898435511, 3, 4.493223359615, 94.08561621014, -4.370672184818, -99.6951227049, -0.5589788610841, 1.292796085323, -0.4551173278436, 1.340193960547, 0, 0, 0.2144118628311, -0, -0, -0, -0, -0, 0.2144118537046, 0.005514769773822, 0, 0, 0, 0, 0, 0.003791071758957, 0.005514808388488, -0.02035353345016, 0.00379104521389, 0.03036773498731, 0.00379104521389, 33.97629459325, 33.9880760227, 33.97619638181, 33.98812432836, 83.87504648381, -0.2104826680243, 0.1874158531662, 0, 1, 49.99982874901, 50, 49.99996067687, 0.000619237710112, 0, 0, 0, 0, 0, 0, 0, 0, 83.87657403872, 80.92669816869, 83.87641986223, 80.92656318326, 83.87504648381, 80.92663067374, 83.87657456133, 80.92669816646, 0, 83.87642052183, 80.92656318103, -0.005034291193467, 0, -0.2154422584258, -0.004910536889794, 0.1822692408724, -0.004910536889794, 0.7843867222054, 0.7847921996804, -0.7902970588762, -0.7902077979828, -0.002953569356531, -0.002733874607516, 0.784525708057, 0.7847661207764, 0, -0.7905044022364, -0.7902338699915, -0, -5.551115123126e-17, 5.551115123126e-17, 5.551115123126e-17, 0.001737400539284, 0.3940901559618, 0.3912519017816, 0.3941422618609, 0, 0.3912033102563, 0.3940380500627
6.075, 0.2100585871508, 0.2314032969702, -0.1875745705573, 0.2316558867036, 0.0556509021861, -0.0001747829176595, 0.05517843513911, -0.01459348073672, 0, 220.8281537485, 1468.939932722, -368.4551154708, -1419.485937867, 7604.607304294, 3177.685727803, 7614.228147264, 3180.47993983, 40.49438723833, 3.373458383683, 6.092212148048, 50.44277482146, -239.6454296087, -2.33942610541, 241.3750245334, -2.531166583148, 5398.608658389, 3960.029368384, 5416.695731856, 3985.499772255, 3, 6.087246545828, 99.82134149782, -6.211438999339, -99.74087492491, -0.56001966214, 1.271410919068, -0.4543808473559, 1.361771204692, 0, 0, 0.2143260851193, -0, -0, -0, -0, -0, 0.21432607665, 0.005131899992647, 0, 0, 0, 0, 0, 0.001845768486752, 0.005131935897695, -0.02090739662859, 0.001845755573028, 0.02982893808176, 0.001845755573028, 34.11694220705, 34.12877203638, 34.11684567421, 34.12882005532, 84.22226774779, -0.2073294372496, 0.190568414217, 0, 1, 49.99961194922, 50, 49.9995986768, -0.0001949643711293, 0, 0, 0, 0, 0, 0, 0, 0, 84.22379315456, 81.27391786288, 84.22364209579, 81.27378504747, 84.22226774779, 81.2738514541, 84.22379368366, 81.27391786181, 0, 84.22364275473, 81.2737850464, -0.005087664380227, 0, -0.212340336761, -0.004831594893525, 0.1853705101393, -0.004831594893525, 0.7843540672812, 0.7847503072414, -0.790329618897, -0.7902496879758, -0.002985154377356, -0.002762385659379, 0.7844968330281, 0.784737611132, 0, -0.7905332867848, -0.7902623824508, -0, -0, 5.551115123126e-17, -0, 0.001737689103045, 0.3940861261495, 0.3912457734373, 0.3941114950776, 0, 0.3912097164421, 0.3940607572213
6.1, 0.2095806462476, 0.2266289176999, -0.1880794007767, 0.226871829951, 0.05655039658629, 5.193385199487e-05, 0.0480905887581, -0.0005273802499822, 0, 226.8492078684, 1289.696949299, -375.5041140971, -1042.689641448, 7605.165450641, 3178.231697884, 7613.624796476, 3180.364790324, 41.11623267629, 2.876698415602, 5.558783334102, 50.02703886978, -238.7516775448, -0.8615442252403, 242.2479155254, -1.506886758462, 5403.407084315, 3961.714713772, 5412.066408859, 3982.972151256, 3, 6.382666706675, 99.00763774293, -6.455434219642, -97.61251910349, -0.5542252736823, 1.286914457725, -0.4606575291263, 1.354811267748, 0, 0, 0.2142580168025, -0, -0, -0, -0, -0, 0.2142580114911, 0.004009668377908, 0, 0, 0, 0, 0, 0.001540466662601, 0.00400969641351, -0.02185908947958, 0.001540455891734, 0.02888882314353, 0.001540455891734, 34.25759008319, 34.26946759879, 34.25749351716, 34.26951523457, 84.56948725368, -0.2072340729728, 0.1906645886787, 0, 1, 49.99939646638, 50, 49.9993571769, -0.0002877160998455, 0, 0, 0, 0, 0, 0, 0, 0, 84.57101201425, 81.62113812319, 84.57086131678, 81.62100377994, 84.56948725368, 81.62107095066, 84.57101256714, 81.62113812228, 0, 84.57086195534, 81.62100377903, -0.005079013652736, 0, -0.2122327876624, -0.004887175351066, 0.1854788843426, -0.004887175351066, 0.7843151772474, 0.7847168762619, -0.7903684481725, -0.7902831185778, -0.00302497171376, -0.002793716590799, 0.7844644379642, 0.7847062802598, 0, -0.7905657017337, -0.7902937134414, -5.551115123126e-17, -0, -5.551115123126e-17, -0, 0.001737759932401, 0.3940869651314, 0.3912362123952, 0.3941081378779, 0, 0.391218941489, 0.394065792385
6.125, 0.2078984006399, 0.2070085176561, -0.1897839402772, 0.2072104743564, 0.05226794874906, -0.0002271153376085, 0.06803446465545, -0.01398002801161, 0, 231.9198718734, 2000, -379.1583172069, -2000, 7606.42237787, 3180.483491651, 7612.375381575, 3177.821960214, 32.41551730887, 8.237381321325, 14.6391505399, 47.25330840721, -239.0025418791, -3.631306424737, 242.2942994646, -3.84355220158, 5407.625929339, 3942.576583197, 5408.099533767, 4004.129387017, 3, 5.006268006224, 88.81123194913, -5.046466135597, -90.4170553358, -0.5410656195163, 1.345816445846, -0.4737458895972, 1.290696596865, 0, 0, 0.2142750867019, -0, -0, -0, -0, -0, 0.2142750991912, 0.002455976285249, 0, 0, 0, 0, 0, 0.004460558441383, 0.002455993460172, -0.02297912317995, 0.004460527248402, 0.02775954972939, 0.004460527248402, 34.39823783119, 34.41016247299, 34.39814020442, 34.41020957509, 84.9167043997, -0.2092776477245, 0.1886219463393, 0, 1, 49.99919595521, 50, 49.9992417318, 0.0003011685262531, 0, 0, 0, 0, 0, 0, 0, 0, 84.91822989443, 81.96835919425, 84.91807796523, 81.96821662893, 84.9167043997, 81.96828790881, 84.91823048103, 81.96835919147, 0, 84.91807857232, 81.96821662615, -0.005009184166296, 0, -0.2142023544233, -0.005186280063762, 0.1835102696091, -0.005186280063762, 0.7842740440414, 0.784707300659, -0.7904096454862, -0.7902926976615, -0.003068481697041, -0.00282337836427, 0.7844309493084, 0.7846766160231, 0, -0.7905991921922, -0.7903233727517, -0, -0, -5.551115123126e-17, -5.551115123126e-17, 0.001737473644518, 0.3940849530187, 0.3912278053296, 0.394146260592, 0, 0.3912268474415, 0.3940236454454
6.15, 0.2085420784636, 0.2532476069026, -0.1891124682808, 0.2535487568266, 0.06491411467244, -0.0001746718283785, 0.07085423015785, -0.02145013115526, 0, 225.8908743891, 2000, -370.7635497762, -2000, 7607.783532358, 3180.722285894, 7611.049119448, 3177.803273304, 36.08216146011, 1.536739420754, 10.68624083086, 51.83871535816, -238.931925827, -3.48393905642, 242.2840102976, -3.037540315126, 5410.131891014, 3947.331497775, 5405.695971341, 3995.569147204, 3, 6.134897951882, 110.1413469414, -6.228592876937, -108.6770725425, -0.5267663466385, 1.353840634363, -0.487685337714, 1.287175916776, 0, 0, 0.2143104678161, -0, -0, -0, -0, -0, 0.2143104796541, 0.001071217610287, 0, 0, 0, 0, 0, 0.003495646691339, 0.001071225103908, -0.02401503709572, 0.003495622237977, 0.02671999600629, 0.003495622237977, 34.5388843282, 34.55085645894, 34.53878701536, 34.55090421003, 85.26391988181, -0.209851661907, 0.1880459154418, 0, 1, 49.99900031175, 50, 49.99896825264, -0.0001107500192617, 0, 0, 0, 0, 0, 0, 0, 0, 85.26544514898, 82.31557466106, 85.26529416064, 82.31543316964, 85.26391988181, 82.31550391319, 85.26544576345, 82.3155746589, 0, 85.2652947434, 82.31543316748, -0.004940125286583, 0, -0.2147034273287, -0.005147213594108, 0.18300716314, -0.005147213594108, 0.7842357484124, 0.7846670889898, -0.7904479514109, -0.790332907586, -0.003108548931726, -0.002856952698561, 0.7843997249735, 0.7846430426581, 0, -0.790630402114, -0.7903569480552, -0, -0, -0, -0, 0.001737192637702, 0.3940887436441, 0.3912228104737, 0.3941367891115, 0, 0.3912316387887, 0.3940406981766
6.175, 0.2101177804683, 0.2461361302053, -0.1875267381593, 0.2464195972967, 0.06388615955232, -0.0001502459834564, 0.07017032713029, -0.02137786082059, 0, 240.4299152506, 2000, -386.3715295029, -2000, 7609.172645297, 3180.804248218, 7609.698266647, 3177.593799448, 37.34908044902, 2.55955060394, 9.63343934709, 51.75358491676, -239.2768307478, -2.681403648931, 241.8939714441, -2.638020553544, 5410.671543123, 3952.15696026, 5405.034447647, 3990.422971808, 3, 6.09844705024, 105.6679785363, -6.214770184754, -106.574687941, -0.5121230994919, 1.358535608984, -0.5019311620277, 1.28046775184, 0, 0, 0.214337726552, -0, -0, -0, -0, -0, 0.2143377375497, -6.609324205192e-05, 0, 0, 0, 0, 0, 0.002773030165083, -6.609370451979e-05, -0.02484872701009, 0.00277301076176, 0.02587759547954, 0.00277301076176, 34.67952988119, 34.69154990657, 34.67943384119, 34.6915984181, 85.61113415471, -0.2095612843459, 0.1883351603483, 0, 1, 49.99881313473, 50, 49.9988358441, 0.0001709857421978, 0, 0, 0, 0, 0, 0, 0, 0, 85.61265826222, 82.66278819342, 85.61250996698, 82.66264843535, 85.61113415471, 82.6627183127, 85.61265889688, 82.66278819173, 0, 85.61251053256, 82.66264843366, -0.004846584149045, 0, -0.2143163785296, -0.005084157244596, 0.1833930885064, -0.005084157244596, 0.7842015173225, 0.7846299096267, -0.7904822273485, -0.7903700860171, -0.003144249158542, -0.002889161383825, 0.7843711859216, 0.7846108345935, 0, -0.7906589265255, -0.7903891573611, -0, -0, -0, 5.551115123126e-17, 0.001737116022439, 0.3940890633511, 0.3912217330422, 0.3941271769084, 0, 0.391232959205, 0.3940509497939
6.2, 0.2103905079225, 0.246686555344, -0.1872917152354, 0.2469705150859, 0.06482090457904, -0.0002166603166369, 0.06991364216172, -0.01867059991429, 0, 237.2875206949, 2000, -385.6102133943, -2000, 7610.28092952, 3181.61216389, 7608.571107993, 3177.499445963, 37.26613099912, 1.752360236524, 9.603178501157, 51.25658985391, -239.7008824766, -2.968070628427, 241.456073228, -2.741582278759, 5410.701550466, 3949.341588309, 5404.728244477, 3989.152267368, 3, 6.042090053206, 107.9565778904, -6.086768710414, -104.4949324089, -0.5003804430739, 1.379259105091, -0.5138743165344, 1.273754364515, 0, 0, 0.2142734767633, -0, -0, -0, -0, -0, 0.2142734922269, -0.0009519574194952, 0, 0, 0, 0, 0, 0.002884967860197, -0.0009519640765423, -0.0254903611555, 0.002884947685728, 0.02523872191307, 0.002884947685728, 34.82017501741, 34.83224282814, 34.82008040064, 34.83229290662, 85.95834810998, -0.2094757594643, 0.1884208501143, 0, 1, 49.99862165889, 50, 49.99852322511, -0.0006536119045333, 0, 0, 0, 0, 0, 0, 0, 0, 85.9598701863, 83.01000186571, 85.95972508204, 83.0098632119, 85.95834810998, 83.00993253706, 85.95987083671, 83.01000186397, 0, 85.95972563429, 83.00986321015, -0.004726148525583, 0, -0.2141080462176, -0.005043986204589, 0.183601630697, -0.005043986204589, 0.7841709260146, 0.7846002600402, -0.7905128083104, -0.7903997358532, -0.003176019399113, -0.002919581219204, 0.7843449757056, 0.784580414731, 0, -0.7906851453539, -0.7904195771694, -0, -0, -0, -0, 0.001737489756937, 0.3940931331103, 0.391221671342, 0.394132785181, 0, 0.3912335711174, 0.3940534810396
6.225, 0.2114592087273, 0.2291901652418, -0.1862137126228, 0.2294349726652, 0.0612171821368, -1.903274255112e-05, 0.0509375245595, 0.000649958260925, 0, 231.7644421708, 1420.866504491, -380.9366206119, -1151.878448962, 7610.995269828, 3181.016845518, 7607.820204233, 3178.408033113, 40.99109228772, 2.711453670888, 6.09760481399, 50.24841552779, -239.7212593897, -0.5302145559831, 241.2697719982, -1.233331709158, 5410.879150646, 3963.349385025, 5404.193929217, 3977.534711463, 3, 6.269696492199, 99.43136069226, -6.341530772592, -98.06789650772, -0.4927424653451, 1.365467637048, -0.5218979552017, 1.294096596814, 0, 0, 0.2141530087198, -0, -0, -0, -0, -0, 0.2141530124478, -0.001567597192256, 0, 0, 0, 0, 0, 0.001027970673554, -0.001567608142155, -0.02606576547682, 0.001027963493076, 0.02467433708339, 0.001027963493076, 34.96081898747, 34.97293524962, 34.96072751915, 34.97298748369, 86.30556150368, -0.2073234310982, 0.1905738016827, 0, 1, 49.99844821365, 50, 49.99839408729, -0.0005143606706004, 0, 0, 0, 0, 0, 0, 0, 0, 86.30707964728, 83.35721167278, 86.30694076154, 83.3570792746, 86.30556150368, 83.3571454731, 86.30708030529, 83.35721167218, 0, 86.30694130813, 83.35707927401, -0.004604864841777, 0, -0.2118323213532, -0.004816416917406, 0.1858780411849, -0.004816416917406, 0.7841427350971, 0.7845552898243, -0.7905409382923, -0.7904447048644, -0.003204203998332, -0.002951778039189, 0.7843207135479, 0.7845482190516, 0, -0.7907094219956, -0.79045177513, -0, -0, 5.551115123126e-17, -0, 0.00173803479069, 0.3940907528285, 0.3912213157892, 0.3941048816397, 0, 0.391234637169, 0.3940766240173
6.25, 0.2105996710757, 0.2521257942053, -0.1870703653069, 0.2524213208407, 0.06643219920516, -0.0003588424121914, 0.07029064171265, -0.01988224681925, 0, 239.5061707231, 2000, -387.8482577914, -2000, 7611.617418551, 3182.512862471, 7607.138096527, 3176.899372103, 36.20377662943, 1.431320578001, 10.88834515033, 51.83889169592, -240.3937134283, -3.785121122329, 240.7657147976, -3.229680224701, 5410.485679906, 3950.174156584, 5404.499694107, 3996.545599036, 3, 5.671603763471, 109.8031267007, -5.752011283358, -106.654093255, -0.486057943223, 1.404071002659, -0.5292160555281, 1.255750747393, 0, 0, 0.2140297559402, -0, -0, -0, -0, -0, 0.2140297812626, -0.002033600201153, 0, 0, 0, 0, 0, 0.003360407862918, -0.002033614389805, -0.02624207344845, 0.00336038441714, 0.02450580154892, 0.00336038441714, 35.10146433202, 35.11362720154, 35.10137248478, 35.11368127011, 86.65277378705, -0.210035922282, 0.1878635815012, 0, 1, 49.99827981172, 50, 49.9981849312, -0.0007249220748314, 0, 0, 0, 0, 0, 0, 0, 0, 86.65429095046, 83.70442417768, 86.65415234666, 83.70428964801, 86.65277378705, 83.70435691087, 86.65429162093, 83.70442417571, 0, 86.65415288206, 83.70428964603, -0.00444975050143, 0, -0.2143891136964, -0.004893957144852, 0.1833235968991, -0.004893957144852, 0.7841182001187, 0.7845446573029, -0.7905654461272, -0.7904553396605, -0.003230390764938, -0.002978454170695, 0.784297382739, 0.7845215416021, 0, -0.7907327787834, -0.7904784499435, -0, -0, -0, -0, 0.001738435832129, 0.3940849398047, 0.3912220990458, 0.3941311265003, 0, 0.3912340285695, 0.3940387531091
6.275, 0.2115361487071, 0.2321276154311, -0.1861203514816, 0.2323781112269, 0.06169761561839, -0.0001327349690194, 0.05663143787506, -0.01349144020871, 0, 229.8338157395, 1537.215158052, -377.4207010084, -1473.081001825, 7611.803250488, 3181.597769008, 7606.916708934, 3177.94632898, 40.65954686699, 3.139818668115, 6.686956510301, 50.65055279418, -240.2819886607, -1.104858223437, 240.7247877565, -1.700816991927, 5410.333611072, 3963.86683372, 5404.837967578, 3984.941447624, 3, 6.038899030334, 99.82019674019, -6.153290138633, -99.64255245697, -0.4839445385919, 1.382069045613, -0.5317080506662, 1.280723019034, 0, 0, 0.2139604566103, -0, -0, -0, -0, -0, 0.2139604644748, -0.002158459005651, 0, 0, 0, 0, 0, 0.001527217922694, -0.002158474055706, -0.02647941952176, 0.001527207274099, 0.02428226301243, 0.001527207274099, 35.24210719038, 35.25431868287, 35.24201896687, 35.254374874, 86.99998429049, -0.2073600643439, 0.1905395808359, 0, 1, 49.99812543349, 50, 49.99811756788, -0.0001029585341713, 0, 0, 0, 0, 0, 0, 0, 0, 87.00149743221, 84.05163075382, 87.00136592153, 84.05150354416, 86.99998429049, 84.05156714814, 87.00149809991, 84.05163075297, 0, 87.00136646015, 84.05150354332, -0.004327018972892, 0, -0.2115896502013, -0.004627667599817, 0.1861232097891, -0.004627667599817, 0.7840947998848, 0.7845013455213, -0.7905887657913, -0.790498649901, -0.003252982923604, -0.003009156387811, 0.7842756032926, 0.7844908407638, 0, -0.7907545717504, -0.7905091535394, -0, -0, -0, -0, 0.001738437844911, 0.3940828601376, 0.3912224012261, 0.3941038507888, 0, 0.3912333553679, 0.3940618694863
6.3, 0.2095722622254, 0.2441175722644, -0.1881020203794, 0.2443946792197, 0.0643659145114, -0.0002890355241421, 0.07000814588965, -0.01952868529333, 0, 210.2360429125, 2000, -360.0532872788, -2000, 7611.951150739, 3182.398924906, 7606.762781724, 3177.13258637, 38.92991318496, 2.717858830024, 8.334473303154, 51.26414732816, -240.481687561, -2.750969189846, 240.6180143097, -2.703928266887, 5410.353121549, 3953.623922475, 5405.226921457, 3994.295713968, 3, 5.879572053575, 105.3563362093, -5.956722538588, -104.2709524089, -0.4822303641999, 1.403108396065, -0.5334920858103, 1.259948328349, 0, 0, 0.2139822976291, -0, -0, -0, -0, -0, 0.2139823190669, -0.002258974032907, 0, 0, 0, 0, 0, 0.002947370198537, -0.002258989787029, -0.02655344890369, 0.002947349643669, 0.02421044623871, 0.002947349643669, 35.38275048214, 35.39500978555, 35.38266393736, 35.39506772985, 87.34719268059, -0.2073680665218, 0.1905312227737, 0, 1, 49.99797797762, 50, 49.99795750436, -5.413707005808e-05, 0, 0, 0, 0, 0, 0, 0, 0, 87.34870402594, 84.39883908128, 87.34857640855, 84.39871233288, 87.34719268059, 84.39877570545, 87.34870469508, 84.39883907965, 0, 87.34857694596, 84.39871233125, -0.004183244172199, 0, -0.2114535915188, -0.004610887862702, 0.1862588855568, -0.004610887862702, 0.7840722175978, 0.7844841177486, -0.7906113360433, -0.7905158792352, -0.00327567441019, -0.003036152787623, 0.7842535264672, 0.7844638436204, 0, -0.7907766512892, -0.7905361491957, -0, -5.551115123126e-17, -0, -0, 0.001738066507999, 0.3940837448606, 0.3912223621267, 0.3941242546131, 0, 0.391232580767, 0.3940432351082
6.325, 0.209355261454, 0.2268888941947, -0.188325522123, 0.2271287011957, 0.06008778020218, -1.748505088228e-05, 0.04385968503247, -0.00685517009817, 0, 181.9836347112, 1066.111220543, -335.2490843258, -919.1495223776, 7611.867231865, 3181.307723512, 7606.879315835, 3178.428272924, 43.24327628639, 3.077468924633, 4.117471929487, 49.90842129888, -240.0581602641, -0.143512370122, 240.8721457239, -0.8553508236943, 5410.847749986, 3966.117387922, 5404.928989633, 3977.21223567, 3, 6.401866085481, 98.13891863215, -6.469492772647, -97.10679224739, -0.4829537830587, 1.375576486979, -0.5324325375102, 1.29178699174, 0, 0, 0.2140363589819, -0, -0, -0, -0, -0, 0.2140363624057, -0.002243178142965, 0, 0, 0, 0, 0, 0.0008040123769043, -0.002243193794832, -0.02673286858914, 0.0008040067669142, 0.02402976924814, 0.0008040067669142, 35.52339220922, 35.53570029982, 35.52330956317, 35.53576036593, 87.6943996578, -0.2042339251233, 0.1936635811249, 0, 1, 49.99783323175, 50, 49.99781528072, 5.14554304987e-06, 0, 0, 0, 0, 0, 0, 0, 0, 87.6959076102, 84.74604258997, 87.6957875137, 84.74592388198, 87.6943996578, 84.74598323556, 87.69590827351, 84.74604258955, 0, 87.69578805639, 84.74592388156, -0.004071537187336, 0, -0.2082070266281, -0.004318391750721, 0.1895036255325, -0.004318391750721, 0.7840489740466, 0.784438178146, -0.7906345740792, -0.7905618175356, -0.00329767181911, -0.003067349764811, 0.7842315075846, 0.7844326479209, 0, -0.7907986558339, -0.7905673474505, -0, -5.551115123126e-17, -0, -0, 0.001737703897277, 0.3940883170692, 0.3912213762415, 0.3940993677143, 0, 0.391233174776, 0.394077266424
6.35, 0.2117892456236, 0.2318997581202, -0.1858780749599, 0.2321499896796, 0.05974606194016, -0.0001634094837189, 0.05393020961193, -0.01229745481908, 0, 227.9313454661, 1436.952784617, -375.2086514034, -1353.294756751, 7611.927617567, 3181.222205918, 7606.893870729, 3177.557013751, 40.92192566424, 3.46977110284, 6.621004918002, 50.54595491189, -240.4086494686, -1.31557599216, 240.6293889955, -1.850471760741, 5409.269633292, 3962.08457914, 5406.432448259, 3984.792772517, 3, 5.908297698122, 99.34024382933, -5.994229499044, -99.43674645246, -0.4821764135564, 1.375171399848, -0.5324291705256, 1.273378375275, 0, 0, 0.2141565011624, -0, -0, -0, -0, -0, 0.2141565096737, -0.002056333909626, 0, 0, 0, 0, 0, 0.001645598847892, -0.002056348273892, -0.02634343713823, 0.001645587352845, 0.02439751918229, 0.001645587352845, 35.66403606959, 35.67639084268, 35.66395222791, 35.67645145165, 88.04160503644, -0.2073588612587, 0.1905373104547, 0, 1, 49.99769890681, 50, 49.99771483708, 0.0003074627041322, 0, 0, 0, 0, 0, 0, 0, 0, 88.04311458767, 85.09324715056, 88.04299294037, 85.09312980998, 88.04160503644, 85.09318847943, 88.04311525081, 85.09324714971, 0, 88.04299348258, 85.09312980914, -0.003966250254746, 0, -0.2112280985325, -0.004268647476893, 0.1864811968022, -0.004268647476893, 0.7840298824574, 0.7844178395027, -0.7906537842739, -0.7905821567758, -0.003318071611199, -0.003093477113059, 0.7842097583462, 0.7844065203766, 0, -0.790820375878, -0.7905934746027, -0, -0, -0, 5.551115123126e-17, 0.001737391023245, 0.3940847833517, 0.3912245211316, 0.3941074010742, 0, 0.3912301787775, 0.3940621656293
6.375, 0.2108720375528, 0.2347209753184, -0.1867913565816, 0.2349779644705, 0.06068748616513, -0.0002178519853377, 0.06505151958777, -0.01386786144497, 0, 231.1262896115, 1860.547062885, -378.3328017018, -1791.381817328, 7611.822103631, 3181.63620414, 7607.03826562, 3176.905406446, 39.78372559999, 3.498216028988, 7.831493800334, 51.02406447202, -240.3637588875, -2.001554086991, 240.7104913943, -2.324721376234, 5408.394108213, 3951.60280589, 5407.149092537, 3991.427111711, 3, 5.76843840512, 100.8705151439, -5.857973082652, -100.846874891, -0.4831444872031, 1.386802572061, -0.5310547299409, 1.256372146163, 0, 0, 0.2142839794094, -0, -0, -0, -0, -0, 0.2142839985336, -0.001857445616366, 0, 0, 0, 0, 0, 0.002885955355217, -0.001857458606774, -0.02612407793738, 0.002885935171864, 0.02460628736686, 0.002885935171864, 35.80467865778, 35.81708126156, 35.80459545971, 35.81714247296, 88.38880933146, -0.2080096263693, 0.1898856509987, 0, 1, 49.99756854891, 50, 49.99758408068, 0.0003730539363664, 0, 0, 0, 0, 0, 0, 0, 0, 88.39031885812, 85.44045190673, 88.39019900178, 85.4403348561, 88.38880933146, 85.44039337994, 88.39031951746, 85.44045190525, 0, 88.390199547, 85.44033485463, -0.00386771686029, 0, -0.2117810979961, -0.004258099539383, 0.1859272329799, -0.004258099539383, 0.7840091284327, 0.784400713306, -0.7906745955658, -0.7905992843425, -0.003339002082338, -0.003119135395544, 0.7841875073018, 0.7843808614308, 0, -0.7908426120768, -0.7906191322218, -0, -5.551115123126e-17, -0, -0, 0.001737349349341, 0.39408861512, 0.391226265891, 0.3941282807632, 0, 0.3912287505898, 0.3940489494768
6.4, 0.2087142458918, 0.2196071709136, -0.1889349679154, 0.2198324309404, 0.0568920259073, -0.0003328546263509, 0.06877257318875, -0.01509479291965, 0, 240.8419547652, 2000, -389.1933529874, -2000, 7611.830990785, 3182.718565779, 7607.02425264, 3175.685512376, 33.68802942716, 6.441488095559, 13.97599812874, 48.77110738175, -240.2560904017, -3.394624088121, 240.9897201175, -3.526211955419, 5409.256029149, 3936.217990442, 5406.029280387, 4002.992342148, 3, 4.672008497803, 94.61256687282, -4.790133450221, -94.39102504126, -0.4829230164266, 1.414398644152, -0.5313310058845, 1.225721380691, 0, 0, 0.2143819881882, -0, -0, -0, -0, -0, 0.2143820345727, -0.002022734886806, 0, 0, 0, 0, 0, 0.004838949351781, -0.00202274904614, -0.02618531820397, 0.004838915478904, 0.02454001459182, 0.004838915478904, 35.94532120645, 35.95777110003, 35.94523820749, 35.95783378155, 88.73601307625, -0.2093408162182, 0.188555867686, 0, 1, 49.99744547341, 50, 49.99744653022, 0.0002055105315238, 0, 0, 0, 0, 0, 0, 0, 0, 88.73752271225, 85.78765703708, 88.73740397033, 85.78753816273, 88.73601307625, 85.78759759739, 88.73752337695, 85.78765703456, 0, 88.73740451052, 85.78753816022, -0.003757233609154, 0, -0.2130015416955, -0.004324443408625, 0.1847081304781, -0.004324443408625, 0.7839841815658, 0.7843872504204, -0.7906995812578, -0.7906127507105, -0.003364635531427, -0.003146033223158, 0.7841629777932, 0.7843539617253, 0, -0.7908671462124, -0.7906460281716, -0, -0, 5.551115123126e-17, -0, 0.001737636116782, 0.394092418582, 0.3912245487264, 0.3941589269002, 0, 0.3912309814852, 0.3940259102638
6.425, 0.2107811671665, 0.2391621420527, -0.1868875020549, 0.2394297190348, 0.0613636025967, -3.598213820892e-05, 0.06940620678985, -0.01832928423866, 0, 240.5360544276, 2000, -390.7372559577, -2000, 7611.731530606, 3181.400537691, 7607.053134061, 3177.233277478, 38.81025599223, 2.269718028161, 8.811050892185, 51.11671059143, -239.6582862714, -0.854538159034, 241.4015696186, -1.452973108057, 5410.293651392, 3954.187593305, 5404.598613509, 3983.140086192, 3, 5.669971019718, 103.7776157985, -5.751223174663, -102.141318598, -0.4838485649912, 1.380697378735, -0.5311481548465, 1.263584827369, 0, 0, 0.2143632107559, -0, -0, -0, -0, -0, 0.2143632232404, -0.0021609563664, 0, 0, 0, 0, 0, 0.002098105682903, -0.002160971490648, -0.02633488094487, 0.002098090998641, 0.02441018037036, 0.002098090998641, 36.08596321754, 36.09846044285, 36.08588127873, 36.09852552548, 89.08321730003, -0.2092050085993, 0.1886929307688, 0, 1, 49.99732526283, 50, 49.99727335017, -0.0003133125517617, 0, 0, 0, 0, 0, 0, 0, 0, 89.08472570753, 86.13485743141, 89.08460915969, 86.13474645189, 89.08321730003, 86.13480194063, 89.08472637537, 86.1348574304, 0, 89.08460969762, 86.13474645087, -0.003688563182409, 0, -0.2127965116829, -0.004037243471273, 0.1849143583212, -0.004037243471273, 0.7839587162258, 0.7843362953639, -0.7907249396786, -0.7906637017821, -0.003390067559958, -0.003178134388826, 0.7841385327363, 0.7843218631282, 0, -0.7908916193071, -0.7906781319058, -0, -0, -0, -0, 0.001738398422549, 0.3940942948757, 0.3912224812819, 0.39412313202, 0, 0.3912338317977, 0.3940654577314
6.45, 0.2095615654682, 0.2251250052997, -0.1880668694885, 0.2253613814788, 0.05705413957374, -0.0003035335457689, 0.06884134329802, -0.01576983716111, 0, 240.3923913283, 2000, -389.0210411992, -2000, 7611.863709389, 3182.417233348, 7606.830099117, 3176.073261799, 34.00071273378, 5.79798351404, 13.75866428307, 49.11821961136, -240.1524577161, -3.182007531902, 241.0275537963, -3.326308155011, 5409.530332551, 3944.260219708, 5404.923794124, 3999.085759152, 3, 4.779982083314, 96.89252661753, -4.950417507438, -96.17421522066, -0.4823471647548, 1.406037947582, -0.5336078832565, 1.235544969951, 0, 0, 0.2142551931262, -0, -0, -0, -0, -0, 0.2142552275407, -0.002227316500173, 0, 0, 0, 0, 0, 0.003973052523668, -0.00222733207316, -0.02635393308318, 0.003973024745001, 0.02440717345512, 0.003973024745001, 36.22660531761, 36.23915005234, 36.22652412413, 36.23921685539, 89.43042179091, -0.2096368691857, 0.1882646754033, 0, 1, 49.99721394936, 50, 49.99717455577, -0.0003874647562391, 0, 0, 0, 0, 0, 0, 0, 0, 89.43192858302, 86.48206201556, 89.43181378433, 86.48194904256, 89.43042179091, 86.4820055271, 89.43192925242, 86.4820620136, 0, 89.43181432121, 86.4819490406, -0.003598722983772, 0, -0.2131385121301, -0.0041097626886, 0.184575996, -0.0041097626886, 0.7839348334096, 0.7843238584551, -0.7907487517189, -0.7906761412797, -0.003414202041348, -0.003203468426234, 0.7841147807049, 0.7842965276546, 0, -0.7909154105425, -0.7907034645071, -0, -0, -0, -0, 0.001739311137163, 0.3940882998704, 0.3912240017774, 0.3941429069813, 0, 0.3912331840363, 0.3940336927595
6.475, 0.2114528324143, 0.2391607987637, -0.1862061773048, 0.2394277886719, 0.0603101254194, -0.0001390190113365, 0.06864169201162, -0.0148989327995, 0, 239.2784607597, 2000, -388.3628519149, -1949.785780315, 7611.704978122, 3181.453963426, 7606.861885409, 3177.495383428, 39.17447308008, 2.654293273358, 8.659787404765, 51.28910383033, -240.0659100235, -1.473906151165, 240.943273861, -1.905311597887, 5407.925550097, 3958.769391003, 5406.442904965, 3987.702968455, 3, 5.608007849901, 103.4194674761, -5.722658818509, -101.7366822448, -0.4839051362043, 1.380623751265, -0.5333907174187, 1.269771412321, 0, 0, 0.2140944987016, -0, -0, -0, -0, -0, 0.2140945105109, -0.001934662730317, 0, 0, 0, 0, 0, 0.002096734897775, -0.001934676236839, -0.02614088310487, 0.002096720259873, 0.0246539777987, 0.002096720259873, 36.36724703169, 36.37983945621, 36.36716701305, 36.3799082069, 89.77762607716, -0.2090171752321, 0.1888868887608, 0, 1, 49.99710493912, 50, 49.99704403765, -0.0005455182687062, 0, 0, 0, 0, 0, 0, 0, 0, 89.77913065327, 86.82926256152, 89.77901808769, 86.82915586584, 89.77762607716, 86.8292092127, 89.77913131519, 86.82926256054, 0, 89.77901863197, 86.82915586486, -0.003550958379427, 0, -0.212471916577, -0.003881404715891, 0.1852451229639, -0.003881404715891, 0.7839143996121, 0.7842831767432, -0.7907690058627, -0.7907168206975, -0.003434169096019, -0.003231243395284, 0.7840928936471, 0.7842687542704, 0, -0.7909373486251, -0.790731241061, 5.551115123126e-17, -5.551115123126e-17, -0, -0, 0.001740062638727, 0.3940851866291, 0.3912271992213, 0.3941140049333, 0, 0.3912301571979, 0.3940563683249
6.5, 0.2094176064367, 0.2425889253648, -0.1882518539125, 0.242863786438, 0.0608065525399, -0.0001822751963189, 0.06981957771606, -0.01917493246966, 0, 204.0328297958, 2000, -357.2264317945, -2000, 7611.40588446, 3181.568772117, 7607.069787443, 3177.558185612, 39.89246372359, 2.807672674845, 7.942099823313, 51.34551842165, -240.0976774409, -1.917128867997, 240.9015062353, -2.199947582691, 5407.34475903, 3958.132687725, 5407.345131402, 3991.458809649, 3, 5.798794859864, 104.702739192, -5.89757301272, -103.3851940033, -0.4869461958637, 1.382856576889, -0.5313187635669, 1.271459713374, 0, 0, 0.2139928981438, -0, -0, -0, -0, -0, 0.2139929118122, -0.001636153027252, 0, 0, 0, 0, 0, 0.002415050212413, -0.00163616443894, -0.02603383427201, 0.00241503336826, 0.02478624143469, 0.00241503336826, 36.50788793679, 36.52052867073, 36.50781010889, 36.52059940254, 90.12482898593, -0.2071460668518, 0.1907596509454, 0, 1, 49.99701060456, 50, 49.99696834894, -0.000377259242182, 0, 0, 0, 0, 0, 0, 0, 0, 90.12633074204, 87.17646424695, 90.12622242454, 87.17635905737, 90.12482898593, 87.17641165105, 90.12633139527, 87.17646424584, 0, 90.12622297744, 87.17635905626, -0.003493399185103, 0, -0.2105436802438, -0.003826615388533, 0.1871750062999, -0.003826615388533, 0.7838932543038, 0.7842604647619, -0.7907900164473, -0.7907395331246, -0.003454162492252, -0.00325614485282, 0.7840710179404, 0.7842438526913, 0, -0.7909592615386, -0.7907561423969, -0, -5.551115123126e-17, -0, -0, 0.001740224331104, 0.3940820798318, 0.3912283565083, 0.3941152731803, 0, 0.3912283595445, 0.3940488864833
6.525, 0.2097726885368, 0.2120635008003, -0.1879143509345, 0.2122739843344, 0.05243480528515, 0.0002354563256408, 0.004474320190502, 0.03515592061308, 0, 132.7939728722, -175.4325146868, -293.1617743841, 915.870487428, 7610.738636352, 3179.254138921, 7607.694969579, 3180.66146182, 47.39502403169, 4.723374965477, 0.6414212371198, 48.85216437516, -239.5888567092, 2.064743317524, 241.0768613059, 1.039313307079, 5407.414435886, 3987.207282606, 5407.753908464, 3957.651652443, 3, 6.760229559039, 92.73575912692, -6.835537970318, -89.28963744022, -0.493865921879, 1.320619335779, -0.5248550667533, 1.348984641579, 0, 0, 0.2139408564881, -0, -0, -0, -0, -0, 0.2139408595742, -0.001110232957875, 0, 0, 0, 0, 0, -0.002141813284915, -0.001110240697659, -0.02598757074862, -0.002141798353763, 0.02485347053438, -0.002141798353763, 36.64852731429, 36.66121753251, 36.6484539853, 36.66129007843, 90.47203061929, -0.2017433944208, 0.1961624085385, 0, 1, 49.99690969908, 50, 49.99682539991, -0.0004938368751066, 0, 0, 0, 0, 0, 0, 0, 0, 90.47352809604, 87.5236603083, 90.4734276095, 87.52356682637, 90.47203061929, 87.52361356821, 90.47352873136, 87.52366030917, 0, 90.4734281799, 87.52356682724, -0.003491259611857, 0, -0.205139025395, -0.003400711116921, 0.1925797127239, -0.003400711116921, 0.783872602458, 0.7841997133383, -0.7908105406715, -0.7908002849879, -0.003471914360036, -0.003285554295698, 0.7840500501969, 0.784214443767, 0, -0.7909802444094, -0.7907855523584, -5.551115123126e-17, -0, -0, -0, 0.001739974344573, 0.3940867936141, 0.3912282178532, 0.3940573557354, 0, 0.3912275450488, 0.3941162314927
6.55, 0.2079451075324, 0.1959854975992, -0.1897954523413, 0.1961652798964, 0.04694686073494, 0.000343769030253, -0.01053037992271, 0.01223733459294, 0, 3.458355357529, -945.6861521206, -167.7891517401, 1326.423888693, 7609.924223519, 3177.732322016, 7608.556374616, 3182.034616338, 44.34814611096, 6.140394933738, 4.048759680081, 49.43377724066, -239.9762638132, 3.529354313351, 240.8809490136, 2.173710915071, 5406.088150317, 4000.003316015, 5409.494811077, 3942.881536983, 3, 6.701459422611, 83.15091269429, -6.6532435469, -84.56339040242, -0.5023526467104, 1.280080636832, -0.5158898310739, 1.386903011393, 0, 0, 0.2140171532165, -0, -0, -0, -0, -0, 0.2140171756799, -0.0002546004670547, 0, 0, 0, 0, 0, -0.004139454478433, -0.000254602243221, -0.02532978603527, -0.0041394256006, 0.02550481822936, -0.0041394256006, 36.78916875659, 36.80190718981, 36.78909509909, 36.80197945939, 90.81923023769, -0.2023316286148, 0.1955708783671, 0, 1, 49.9968333142, 50, 49.99688311378, 0.0004040053375571, 0, 0, 0, 0, 0, 0, 0, 0, 90.82072884407, 87.8708576581, 90.82062715232, 87.87076998189, 90.81923023769, 87.87081382158, 90.82072946518, 87.87085765969, 0, 90.82062773579, 87.87076998348, -0.003515854402907, 0, -0.2057542806066, -0.003189509070363, 0.1919611197913, -0.003189509070363, 0.783857327971, 0.7841621222954, -0.7908258395843, -0.7908378793747, -0.003486168783198, -0.003309406964413, 0.784030285401, 0.7841905897602, 0, -0.7909999892977, -0.790809403689, -0, 5.551115123126e-17, -0, -0, 0.001739324126579, 0.3940887590781, 0.3912308618675, 0.394031864876, 0, 0.3912240751612, 0.3941456532802
6.575, 0.2056147770506, 0.1892282984637, -0.1921820568224, 0.1893964989011, 0.04562098406207, 0.0005094572423086, -0.03125145292465, -0.01218546640396, 0, -109.5478245948, -2000, -31.95527753211, 2000, 7609.045588197, 3175.995940093, 7609.569387244, 3182.623956652, 41.49021125167, 6.131931900094, 6.66960277509, 50.73003448351, -240.2258166307, 5.647663140303, 240.7841183597, 3.498303473031, 5404.357765667, 4009.262750695, 5411.223114734, 3936.930949019, 3, 6.395676744829, 78.9425930588, -6.212157288803, -83.61709163071, -0.5115357033644, 1.240669524872, -0.5053059867128, 1.40439256106, 0, 0, 0.2141795308032, -0, -0, -0, -0, -0, 0.214179574401, 0.0007124931069013, 0, 0, 0, 0, 0, -0.005241682039877, 0.0007124980850041, -0.02453880496604, -0.005241645417122, 0.02626378494614, -0.005241645417122, 36.92981022568, 36.94259599445, 36.92973561964, 36.94266877602, 91.1664284036, -0.2033435272967, 0.1945515193238, 0, 1, 49.996768077, 50, 49.99690437643, 0.0009660187873115, 0, 0, 0, 0, 0, 0, 0, 0, 91.16792925475, 88.21805441782, 91.16782533956, 88.21797029057, 91.1664284036, 88.21801235612, 91.16792985955, 88.21805441975, 0, 91.16782593705, 88.2179702925, -0.003556478328622, 0, -0.2068096959901, -0.003060404010707, 0.190898223805, -0.003060404010707, 0.7838427133912, 0.7841328245774, -0.7908406187646, -0.7908671797667, -0.003499939539395, -0.003331125091661, 0.7840102712914, 0.7841688704895, 0, -0.7910199492191, -0.7908311206728, -0, -0, -0, -0, 0.001738630212323, 0.3940854627934, 0.391234311199, 0.3940134191665, 0, 0.3912206299844, 0.3941575064203
6.6, 0.203191591147, 0.1881586314344, -0.1945771612766, 0.1883256594815, 0.04545095446483, 0.0006919661875915, -0.03099078186755, -0.01146651729215, 0, -167.8652638785, -2000, 19.27828660946, 2000, 7608.241377291, 3175.187262656, 7610.430686092, 3183.339730509, 39.82961988575, 5.934700029351, 8.586682363267, 51.0414615747, -239.9121929365, 7.366060693104, 241.1498611147, 4.522572106164, 5404.436554338, 4012.303572969, 5410.983221967, 3929.506157436, 3, 6.032717738701, 79.48396473309, -5.905084561383, -82.83742552873, -0.5199602769736, 1.220739012369, -0.496288950865, 1.422087276403, 0, 0, 0.2142886520086, -0, -0, -0, -0, -0, 0.2142887133841, 0.001322405592248, 0, 0, 0, 0, 0, -0.006000095650964, 0.001322414841153, -0.02407972705464, -0.006000053686565, 0.02671201433375, -0.006000053686565, 37.07045133524, 37.08328474929, 37.07037612359, 37.08335787613, 91.51362657941, -0.2039110913412, 0.1939844098191, 0, 1, 49.99668953063, 50, 49.99678753058, 0.0007473492049752, 0, 0, 0, 0, 0, 0, 0, 0, 91.51512887271, 88.56525179835, 91.51502354099, 88.56516979175, 91.51362657941, 88.5652107972, 91.51512946794, 88.56525180049, 0, 91.51502414676, 88.5651697939, -0.003591678972302, 0, -0.2074141354279, -0.002983258143829, 0.1902941855723, -0.002983258143829, 0.7838232718119, 0.7841042798705, -0.7908601100483, -0.7908957266306, -0.00351869194381, -0.003354454020354, 0.7839876949263, 0.7841455405941, 0, -0.7910425012648, -0.7908544486349, -0, -0, 5.551115123126e-17, -0, 0.001738497205919, 0.3940898287849, 0.3912341555795, 0.39400736124, 0, 0.3912211064434, 0.3941722963298
6.625, 0.2043018167873, 0.1824148663985, -0.1934703088624, 0.1825727668082, 0.04497178970073, 0.0007967364894127, -0.03132696840445, -0.01032611238607, 0, -135.2897455799, -2000, -10.53767781802, 2000, 7607.803953449, 3175.449239518, 7610.887634737, 3183.014733134, 40.84632335076, 6.530508078231, 7.563264580118, 50.67343521138, -239.0195108887, 7.49647266274, 241.9742164337, 4.654237068749, 5406.153193146, 4006.737150695, 5408.84166169, 3932.915942353, 3, 6.465630584116, 77.7417098668, -6.326453192226, -80.78732993099, -0.524560280424, 1.228024859522, -0.4914890385378, 1.413164770004, 0, 0, 0.214340000327, -0, -0, -0, -0, -0, 0.2143400506439, 0.001383429636044, 0, 0, 0, 0, 0, -0.005349615203393, 0.001383439316388, -0.02404683396965, -0.005349577770496, 0.02673799132271, -0.005349577770496, 37.21109254736, 37.22397398511, 37.21101649046, 37.22404696918, 91.86082492074, -0.204410518532, 0.1934840064119, 0, 1, 49.99662039781, 50, 49.99669945504, 0.0005272394383136, 0, 0, 0, 0, 0, 0, 0, 0, 91.86232810512, 88.9124514148, 91.86222170236, 88.91236765959, 91.86082492074, 88.91240953915, 91.862328701, 88.91245141676, 0, 91.86222230709, 88.91236766155, -0.003605691783736, 0, -0.2079276809859, -0.003046869861663, 0.1897796454677, -0.003046869861663, 0.7837978200705, 0.7840846402762, -0.7908856014463, -0.7909153643619, -0.00354414489669, -0.003378566563279, 0.7839620171412, 0.7841214288907, 0, -0.7910681720314, -0.7908785620173, -0, -0, 5.551115123126e-17, -0, 0.001738821848077, 0.3940919772732, 0.3912307360749, 0.3940184501736, 0, 0.3912253724166, 0.3941655043729
6.65, 0.2037291498199, 0.1803611599112, -0.1940368950356, 0.1805160405822, 0.04551632095543, 0.000990981429013, -0.03142141257663, -0.01012428170179, 0, -133.5487974857, -2000, -12.34246512132, 2000, 7607.774782388, 3175.541981408, 7610.864068418, 3183.205492492, 40.60088084332, 6.518312444161, 7.908544184037, 51.02401054785, -238.3052898508, 8.901784604705, 242.6607829607, 5.502630049506, 5409.123202575, 4009.752306365, 5405.404630651, 3929.255135155, 3, 6.766382732919, 77.27096375951, -6.643020928332, -80.31964489724, -0.5248870822123, 1.230411650071, -0.4917209604582, 1.416155484322, 0, 0, 0.2142858218656, -0, -0, -0, -0, -0, 0.214285876911, 0.0009216082945204, 0, 0, 0, 0, 0, -0.005833403419577, 0.0009216147400783, -0.02446221997224, -0.005833362622097, 0.02633336151543, -0.005833362622097, 37.35173351194, 37.36466318877, 37.35165719331, 37.36473657429, 92.20802398819, -0.2047430309722, 0.1931531331255, 0, 1, 49.99655601822, 50, 49.99662159641, 0.0002808302472076, 0, 0, 0, 0, 0, 0, 0, 0, 92.20952700648, 89.25965041958, 92.20942019367, 89.25956672316, 92.20802398819, 89.2596085735, 92.20952761361, 89.25965042171, 0, 92.20942078821, 89.25956672529, -0.003607114826535, 0, -0.2082600879502, -0.003044731015438, 0.1894488840321, -0.003044731015438, 0.7837670199795, 0.7840533394809, -0.7909163497807, -0.7909466664581, -0.00357527139685, -0.003406540373346, 0.7839340508675, 0.7840934544333, 0, -0.7910961606497, -0.79090653518, -0, -0, 5.551115123126e-17, -0, 0.001739564945427, 0.3940926200277, 0.3912248185213, 0.3940124435628, 0, 0.3912322203708, 0.3941727964926
6.675, 0.2039897996579, 0.1712831003834, -0.193767298475, 0.1714229132241, 0.04402348089156, 0.00132009817544, -0.03239098575406, -0.009032244070536, 0, -160.4197309494, -2000, 19.43007436972, 2000, 7608.092392096, 3174.533185386, 7610.459239163, 3184.286028826, 38.86072719615, 6.299217493567, 9.535808814013, 51.66678946593, -238.0242058339, 12.33037171545, 242.9834052581, 7.655452069782, 5411.525018003, 4029.826500992, 5402.638587157, 3914.442403569, 3, 6.95482596657, 73.09196119138, -6.854262412258, -76.97153887404, -0.5215678021697, 1.205426124836, -0.4959630340689, 1.442706721538, 0, 0, 0.2141527993246, -0, -0, -0, -0, -0, 0.2141529001166, 0.0002677146996971, 0, 0, 0, 0, 0, -0.008361560661782, 0.0002677165697204, -0.02493594658739, -0.008361502255507, 0.02587762576344, -0.008361502255507, 37.49237489005, 37.50535240678, 37.49229759993, 37.5054262653, 92.55522356709, -0.2063208220713, 0.1915765212122, 0, 1, 49.99650537155, 50, 49.99658187653, 0.0001861427135816, 0, 0, 0, 0, 0, 0, 0, 0, 92.55672674529, 89.60684720836, 92.55661780925, 89.60676789841, 92.55522356709, 89.60680755629, 92.55672736885, 89.60684721126, 0, 92.55661838866, 89.60676790131, -0.003606965107491, 0, -0.2098360257249, -0.002885158919488, 0.1878741726942, -0.002885158919488, 0.7837358869485, 0.7840049525103, -0.7909473962692, -0.7909950622645, -0.003607465442996, -0.003437543441831, 0.7839061503974, 0.784062447174, 0, -0.7911240977637, -0.7909375340576, -0, -0, -0, -0, 0.001740385734126, 0.3940873773727, 0.3912200326345, 0.3939724529741, 0, 0.3912377318349, 0.3942023017713
6.7, 0.2046932043225, 0.189194922119, -0.1930769354758, 0.1893640604043, 0.0479689514778, 0.000801043368328, -0.02994414577203, -0.006219938657851, 0, -103.2145829761, -1921.109455512, -42.79896490775, 2000, 7608.8987462, 3177.01129237, 7609.528950208, 3182.267065297, 41.97832540785, 6.410761116087, 6.669845385945, 50.54939394278, -238.3356803769, 6.801089122346, 242.5410030998, 4.19094557653, 5411.777645141, 4008.178328529, 5402.429359337, 3939.715489094, 3, 6.9017528051, 80.81039206557, -6.786343598893, -83.4339677984, -0.5131009878148, 1.266206789347, -0.5057411389125, 1.391021141674, 0, 0, 0.2139825258848, -0, -0, -0, -0, -0, 0.2139825573427, -0.0004221322881446, 0, 0, 0, 0, 0, -0.004961309175807, -0.0004221352321084, -0.0256015384682, -0.004961274575713, 0.02524152388236, -0.004961274575713, 37.63301451213, 37.64604097701, 37.63293959519, 37.64611610452, 92.9024231768, -0.2035629884557, 0.1943391774039, 0, 1, 49.99644793199, 50, 49.9964977792, 3.66892055752e-05, 0, 0, 0, 0, 0, 0, 0, 0, 92.90392269959, 89.95404989953, 92.90381872656, 89.95396269868, 92.9024231768, 89.954006301, 92.90392333121, 89.95404990142, 0, 92.90381930021, 89.95396270057, -0.003553990144713, 0, -0.2070227849844, -0.003172216209507, 0.1906922725466, -0.003172216209507, 0.7837048481374, 0.7840062143052, -0.7909782856633, -0.7909937891855, -0.003638362913763, -0.003459663499327, 0.7838796560753, 0.7840403323414, 0, -0.7911506437872, -0.79095965934, -0, -0, -0, 5.551115123126e-17, 0.001740993618887, 0.3940837696206, 0.3912195273889, 0.3940155795417, 0, 0.391238150561, 0.3941519596994
6.725, 0.2055757092275, 0.1941241876831, -0.1922027684575, 0.1943012994837, 0.04845847684262, 0.0005808965173817, -0.01984007575873, -0.0005754438002447, 0, -96.50382498001, -1471.393235111, -49.67763594379, 1647.485512592, 7609.446769874, 3177.457377094, 7608.920365687, 3181.659553164, 42.71818508847, 6.351427748591, 5.98570109602, 50.10415690328, -238.9144213526, 4.942093631213, 241.9561066196, 3.077233013285, 5410.69852546, 4006.252009481, 5403.913892566, 3946.709807795, 3, 6.634603253594, 82.55524920805, -6.508340963286, -84.87770009988, -0.5073240088247, 1.277197125663, -0.5121665148077, 1.377187342252, 0, 0, 0.2139136365562, -0, -0, -0, -0, -0, 0.2139136584736, -0.0006784660089114, 0, 0, 0, 0, 0, -0.00431485566282, -0.0006784707375084, -0.02579042375826, -0.004314825590458, 0.02506822771426, -0.004314825590458, 37.77365471096, 37.78672964237, 37.7735805751, 37.78680533701, 93.24962133498, -0.2028960191083, 0.1950077799042, 0, 1, 49.99640478687, 50, 49.99646345292, 0.0002443736209473, 0, 0, 0, 0, 0, 0, 0, 0, 93.25111961336, 90.30124801298, 93.25101718257, 90.30115956775, 93.24962133498, 90.30120379203, 93.25112024751, 90.30124801465, 0, 93.25101775436, 90.30115956941, -0.003524594244358, 0, -0.2063257401416, -0.003217485041391, 0.1913909517109, -0.003217485041391, 0.7836803260776, 0.7839875984746, -0.7910027266547, -0.7910124035082, -0.003663112808403, -0.003482725270555, 0.7838564247041, 0.7840172712547, 0, -0.7911739001499, -0.7909827217958, -0, -0, 5.551115123126e-17, -0, 0.001740912201014, 0.3940787221721, 0.391221676451, 0.3940194171905, 0, 0.3912351938433, 0.3941380271537
6.75, 0.2051384148437, 0.1842178737257, -0.1926587899689, 0.1843776157391, 0.04725654922722, 0.0007248262265814, -0.03146645558483, -0.008983069405923, 0, -125.2786460737, -2000, -25.78968617064, 2000, 7609.610296075, 3177.198545013, 7608.7562673, 3182.624465407, 41.27679644202, 6.389013468885, 7.65913810627, 50.64392142643, -239.2177760073, 6.940416793281, 241.7478502516, 4.287767407224, 5410.018644422, 4009.141701816, 5405.151719253, 3936.02658966, 3, 6.741132009451, 79.37273617384, -6.577358792008, -80.16970480826, -0.5055671873411, 1.270448436215, -0.513942733435, 1.397682159037, 0, 0, 0.2139415398968, -0, -0, -0, -0, -0, 0.2139415741433, -0.0006712811505986, 0, 0, 0, 0, 0, -0.005298446262682, -0.0006712858303411, -0.02569256632445, -0.005298409325552, 0.02517048519254, -0.005298409325552, 37.91429524936, 37.92741848526, 37.91422061411, 37.92749418954, 93.59681799353, -0.2041157754376, 0.193788738927, 0, 1, 49.99635576457, 50, 49.99639211446, 0.0003073971966811, 0, 0, 0, 0, 0, 0, 0, 0, 93.59831702203, 90.64844392272, 93.59821345574, 90.64835829811, 93.59681799353, 90.6484011124, 93.59831765745, 90.6484439247, 0, 93.59821402626, 90.64835830009, -0.003504945525377, 0, -0.2075262094598, -0.003114875227574, 0.1901911572791, -0.003114875227574, 0.7836596503042, 0.7839568265804, -0.7910233718741, -0.7910431778265, -0.003684310450959, -0.003506732598373, 0.7838350813482, 0.7839932628707, 0, -0.7911952425432, -0.7910067280675, -0, -0, -0, -0, 0.001740366841262, 0.3940864840804, 0.3912230310958, 0.3940136602639, 0, 0.3912327277472, 0.394159307897
6.775, 0.2052219394654, 0.1723239554722, -0.1925728086358, 0.1724642259082, 0.0453305667553, 0.001065099695232, -0.03257582901495, -0.007271502402068, 0, -146.4607553379, -2000, 0.356230659851, 2000, 7609.677225875, 3176.136738529, 7608.771973023, 3183.952734947, 39.67108800981, 6.515718238139, 9.123661019296, 51.07816368664, -239.0305257366, 10.59408889513, 242.0221089697, 6.566225684289, 5411.114133318, 4021.409127659, 5404.230540641, 3916.963130719, 3, 6.757111790039, 74.33045110398, -6.590353542091, -75.7699442319, -0.504818294171, 1.24455824413, -0.5138357132346, 1.429438873513, 0, 0, 0.2140277222359, -0, -0, -0, -0, -0, 0.2140277933232, -0.0008452732913416, 0, 0, 0, 0, 0, -0.007568907265337, -0.0008452791887943, -0.02574342972368, -0.007568854457574, 0.02510089632233, -0.007568854457574, 38.0549357593, 38.0681069255, 38.05486039939, 38.06818366787, 93.94401374585, -0.2057820787357, 0.1921189443548, 0, 1, 49.99632694533, 50, 49.99637382768, 0.0003421297181768, 0, 0, 0, 0, 0, 0, 0, 0, 93.94551405757, 90.99563789497, 93.94540911915, 90.99555797882, 93.94401374585, 90.99559793953, 93.94551469926, 90.99563789761, 0, 93.94540968319, 90.99555798146, -0.003473539795069, 0, -0.2091608914385, -0.002907211498802, 0.188552979709, -0.002907211498802, 0.7836373573978, 0.7839141685798, -0.791045759088, -0.7910858431352, -0.003707386868638, -0.003533776995033, 0.7838131347427, 0.78396621512, 0, -0.7912171554062, -0.79103376911, -0, -0, 5.551115123126e-17, 5.551115123126e-17, 0.001739767609398, 0.3940932512841, 0.3912208486913, 0.3939892214076, 0, 0.3912345629727, 0.3941972811606
6.8, 0.2052880341432, 0.1852261918548, -0.1925038374231, 0.1853876148073, 0.04773193873902, 0.0008402520167099, -0.03137786854768, -0.01064851146605, 0, -130.2397843088, -2000, -15.65135121241, 2000, 7609.933945453, 3176.775453446, 7608.59017971, 3182.73786614, 41.11734623133, 6.588052619266, 7.728408507632, 50.88372027916, -239.0690789264, 8.067272651329, 241.920373842, 5.010987544415, 5411.986265908, 4013.809329344, 5403.093123756, 3927.852661157, 3, 6.616099699028, 78.68851154769, -6.451756868082, -81.72642476636, -0.502075925582, 1.261985020311, -0.515799961063, 1.401413762187, 0, 0, 0.2140694176952, -0, -0, -0, -0, -0, 0.2140694618152, -0.00115836888765, 0, 0, 0, 0, 0, -0.006229037707464, -0.001158376972713, -0.02607650973161, -0.006228994230958, 0.02474893026462, -0.006228994230958, 38.19557509447, 38.208794858, 38.19550141776, 38.20887313499, 94.29120989328, -0.2043668636709, 0.1935317486888, 0, 1, 49.99630182226, 50, 49.99637637783, 0.0003915815848515, 0, 0, 0, 0, 0, 0, 0, 0, 94.29270868853, 91.34283487027, 94.2926073655, 91.34275292183, 94.29120989328, 91.34279389828, 94.29270933392, 91.3428348725, 0, 94.292607926, 91.34275292406, -0.003410192645892, 0, -0.2076810571894, -0.002981142689833, 0.1900304378833, -0.002981142689833, 0.7836129795856, 0.7839008688853, -0.7910702363257, -0.7910991382904, -0.003731537868898, -0.00355629063596, 0.7837910304423, 0.7839437036442, 0, -0.7912392302803, -0.7910562849162, -0, -0, -5.551115123126e-17, -0, 0.001739643930356, 0.3940899757682, 0.3912191103471, 0.3940043615573, 0, 0.3912368297886, 0.394175589979
6.825, 0.2030048454748, 0.1829235586945, -0.1947431148152, 0.1830807894174, 0.04721550527401, 0.0009829979651868, -0.03133718788626, -0.01037635220896, 0, -208.0266284373, -2000, 59.85138418507, 2000, 7609.978224531, 3175.721839068, 7608.570681329, 3183.416366603, 38.64663652807, 5.981831650107, 10.27354089766, 51.66107749185, -239.4961559392, 10.22906985131, 241.5615370999, 6.303828445961, 5411.706312828, 4027.245070862, 5402.918926422, 3919.355130634, 3, 6.066184557658, 77.58661398147, -5.991164005107, -80.66761654117, -0.5015582831518, 1.236752423598, -0.51606322881, 1.419272891446, 0, 0, 0.2140391143495, -0, -0, -0, -0, -0, 0.2140391868429, -0.001180676872754, 0, 0, 0, 0, 0, -0.007818480139577, -0.001180685111187, -0.02608153475412, -0.007818425584753, 0.02473682462396, -0.007818425584753, 38.33621512274, 38.34948335107, 38.33614193452, 38.34956227722, 94.63840666631, -0.2049369797196, 0.1929614928712, 0, 1, 49.99627719515, 50, 49.99634801616, 0.0003420787341762, 0, 0, 0, 0, 0, 0, 0, 0, 94.63990505356, 91.69002865462, 94.63980413421, 91.68995129301, 94.63840666631, 91.68998997646, 94.63990570073, 91.69002865726, 0, 94.63980469285, 91.68995129566, -0.00337467503898, 0, -0.2082156542676, -0.002814281649061, 0.1894957535932, -0.002814281649061, 0.783592567637, 0.7838650708912, -0.7910906866592, -0.7911349418726, -0.003752026883996, -0.003581159720055, 0.7837706530524, 0.7839188319981, 0, -0.7912595981075, -0.7910811514382, -5.551115123126e-17, -0, -0, -0, 0.001739968334636, 0.3940850558912, 0.3912196680069, 0.3939775957924, 0, 0.3912371768309, 0.39419251599
6.85, 0.2054279646424, 0.1817320320331, -0.1923536478224, 0.181887256168, 0.04713132408612, 0.0008159966358979, -0.03164725843884, -0.009859636313614, 0, -139.6437213925, -2000, -5.576724247675, 2000, 7610.147793952, 3176.529890812, 7608.372519705, 3182.541918712, 40.72798407451, 6.644676673707, 8.265867220664, 51.05679617196, -239.4007452556, 8.204144244129, 241.5621014405, 5.103593859326, 5410.746810129, 4017.578781879, 5403.708236295, 3931.039999666, 3, 6.610429805, 77.24771454464, -6.467577055792, -80.08650186886, -0.4997244505907, 1.257385728765, -0.5182022874425, 1.396890078276, 0, 0, 0.2140108228261, -0, -0, -0, -0, -0, 0.2140108672689, -0.001197802688823, 0, 0, 0, 0, 0, -0.006271221847546, -0.001197811044546, -0.02605997617897, -0.006271178100569, 0.02476376488257, -0.006271178100569, 38.47685510674, 38.49017174088, 38.47678244443, 38.49025140604, 94.98560323401, -0.2047028250309, 0.1931958790422, 0, 1, 49.99625476138, 50, 49.99632766607, 0.0004214197768244, 0, 0, 0, 0, 0, 0, 0, 0, 94.98710058478, 92.03722599898, 94.98700135851, 92.0371466717, 94.98560323401, 92.03718633751, 94.98710123051, 92.03722600115, 0, 94.98700191863, 92.03714667387, -0.003315210663006, 0, -0.2079221266162, -0.002885789473581, 0.1897895169789, -0.002885789473581, 0.7835725905129, 0.7838552273245, -0.7911106394229, -0.7911447801119, -0.003772204713593, -0.00360164293782, 0.7837505295985, 0.7838983513462, 0, -0.791279734146, -0.7911016372219, -0, -0, -0, -5.551115123126e-17, 0.001740289741502, 0.3940830466618, 0.3912215794336, 0.3939968526562, 0, 0.3912356044212, 0.3941692406675
6.875, 0.2040908777336, 0.1908393295446, -0.1936755678278, 0.1910104046669, 0.04942840185966, 0.0006160836354315, -0.02867641957024, -0.0009794540578507, 0, -117.4649622349, -1835.082548214, -31.92557764051, 2000, 7610.255813587, 3177.748683051, 7608.21512569, 3181.610207311, 41.86561214989, 6.465932180664, 7.231914035008, 50.70353958235, -239.3792127196, 5.890827945884, 241.5363352491, 3.664175447851, 5410.932960512, 4003.037796259, 5403.693497693, 3942.199798382, 3, 6.472785163266, 81.33703060171, -6.367029661459, -83.77279863026, -0.4985363808185, 1.28723857681, -0.5199148664968, 1.372358300466, 0, 0, 0.2140228224889, -0, -0, -0, -0, -0, 0.2140228415523, -0.001313166052296, 0, 0, 0, 0, 0, -0.004408758394324, -0.001313175213806, -0.02624974989639, -0.004408727636134, 0.0245870306913, -0.004408727636134, 38.61749420057, 38.63085987479, 38.61742363912, 38.63094093591, 95.33279916926, -0.2029381596305, 0.1949626382906, 0, 1, 49.99623871035, 50, 49.99630754664, 0.0004663396607137, 0, 0, 0, 0, 0, 0, 0, 0, 95.33429443368, 92.38442354502, 95.3341995279, 92.38434158666, 95.33279916926, 92.38438256742, 95.33429507838, 92.3844235466, 0, 95.33420008941, 92.38434158824, -0.003245694348463, 0, -0.2060872185729, -0.002981503487009, 0.1916264598398, -0.002981503487009, 0.7835507589691, 0.7838472835599, -0.7911324025451, -0.7911527189703, -0.003793510513092, -0.003622394011388, 0.7837299936918, 0.7838776025911, 0, -0.7913002904667, -0.7911223906139, -0, -0, -0, -5.551115123126e-17, 0.001740381471549, 0.3940864155717, 0.3912212080247, 0.3940258199565, 0, 0.3912356343007, 0.394147011187
6.9, 0.2047840239428, 0.1934636118413, -0.1929921164301, 0.1936393476694, 0.04976575576914, 0.0005097355121719, -0.0159719550421, 0.002454591242997, 0, -88.22565286763, -1293.407264738, -61.2633168933, 1517.796623353, 7610.331450714, 3178.242420365, 7608.117766781, 3180.965278777, 42.98650756585, 6.491054909383, 6.130313692282, 50.28153212196, -239.2607355243, 4.528533706247, 241.6155275108, 2.835335286825, 5411.396389233, 3996.112250568, 5403.442425633, 3947.702403255, 3, 6.583262916671, 82.47942907742, -6.460495016326, -84.71718934595, -0.4976916798982, 1.299744963049, -0.5209948987606, 1.356795121781, 0, 0, 0.2140818597377, -0, -0, -0, -0, -0, 0.2140818699043, -0.001433349463039, 0, 0, 0, 0, 0, -0.003508125335043, -0.001433359468546, -0.02637715663936, -0.003508100846716, 0.02446522594353, -0.003508100846716, 38.75813373809, 38.77154802385, 38.75806423367, 38.77163007776, 95.6799945188, -0.2023345685277, 0.1955668526093, 0, 1, 49.99622846748, 50, 49.99629443093, 0.0004785025253928, 0, 0, 0, 0, 0, 0, 0, 0, 95.68148896912, 92.73161949236, 95.6813964921, 92.73153687876, 95.6799945188, 92.73157818683, 95.68148961485, 92.73161949362, 0, 95.68139705276, 92.73153688003, -0.003184479756463, 0, -0.2054219065326, -0.003005339852635, 0.1922923233263, -0.003005339852635, 0.7835293995093, 0.7838315862757, -0.7911537333731, -0.7911684145099, -0.003814799684939, -0.003644284942628, 0.7837095037546, 0.7838557124979, 0, -0.791320789781, -0.7911442823832, -0, -0, -0, -0, 0.001740289097559, 0.3940878332714, 0.3912202844605, 0.3940396162921, 0, 0.3912361348002, 0.3941360502508
6.925, 0.2053568930272, 0.1676044154409, -0.1924122891524, 0.1677368931847, 0.04411714685448, 0.001144979800601, -0.03307331165887, -0.005914019232196, 0, -172.2932501029, -2000, 23.78531116447, 2000, 7610.103189068, 3175.317114467, 7608.349364602, 3183.732251105, 38.83195311603, 6.584044953228, 10.17148785045, 51.03443162874, -239.2103115559, 11.72214445667, 241.8365164475, 7.298539670888, 5411.839276846, 4030.135120823, 5403.007862841, 3912.278514613, 3, 6.639456433244, 72.5967233384, -6.525246169932, -73.17723552481, -0.5000366264953, 1.227530317188, -0.5186219247805, 1.425638865078, 0, 0, 0.2141420425424, -0, -0, -0, -0, -0, 0.2141421284958, -0.001336035120087, 0, 0, 0, 0, 0, -0.008540736403345, -0.001336044451535, -0.02610422420466, -0.008540676751513, 0.02473880531696, -0.008540676751513, 38.89877498395, 38.91223661799, 38.89870312922, 38.91231892766, 96.02718979199, -0.2063360586912, 0.1915648298287, 0, 1, 49.99621975885, 50, 49.99624059254, 0.0002017289398029, 0, 0, 0, 0, 0, 0, 0, 0, 96.02868713582, 93.07880888442, 96.02858969321, 93.07873842883, 96.02718979199, 93.07877365925, 96.02868778728, 93.07880888705, 0, 96.02859024839, 93.07873843146, -0.003171525473267, 0, -0.2094114634226, -0.002563052906904, 0.1883021795909, -0.002563052906904, 0.7835118349624, 0.7837681685794, -0.7911712913459, -0.7912318473428, -0.003833589683084, -0.003673095286869, 0.7836900751677, 0.7838268951762, 0, -0.7913402162542, -0.7911730857499, -0, -0, -0, -0, 0.001740268369127, 0.3940892250685, 0.3912194030678, 0.3939718380118, 0, 0.3912369996609, 0.3942066121252
6.95, 0.2054148604014, 0.1888766898015, -0.1923670949015, 0.1890441862513, 0.04840955603906, 0.0006337526689654, -0.03099202758465, -0.01109903759811, 0, -111.2400837286, -2000, -34.94327153031, 2000, 7610.354973425, 3177.23458285, 7608.106476091, 3181.329688082, 42.15563858805, 6.732004021355, 6.975412672921, 50.59047192376, -239.3370276706, 6.022810004242, 241.5761763415, 3.784354055272, 5411.178954832, 4004.974809759, 5403.514585582, 3939.348943951, 3, 6.543088267249, 80.21094525195, -6.404803560965, -82.95194636236, -0.4973462664029, 1.276112829351, -0.5212258634373, 1.367386875114, 0, 0, 0.2141968961591, -0, -0, -0, -0, -0, 0.2141969182096, -0.001436312638964, 0, 0, 0, 0, 0, -0.004755721753737, -0.001436322675933, -0.02631177248835, -0.004755688520924, 0.02452817602224, -0.004755688520924, 39.039413714, 39.0529246148, 39.03934461969, 39.05300835656, 96.37438512678, -0.2034477062704, 0.194452728156, 0, 1, 49.99621990107, 50, 49.99629418314, 0.00050119987655, 0, 0, 0, 0, 0, 0, 0, 0, 96.37587989418, 93.42600759652, 96.37578835687, 93.4259303147, 96.37438512678, 93.42596895722, 96.37588054152, 93.42600759812, 0, 96.37578891598, 93.42593031631, -0.003094791026132, 0, -0.2064455563337, -0.002811378854381, 0.1912675968255, -0.002811378854381, 0.7834904255359, 0.7837768750714, -0.7911927195694, -0.7912231284579, -0.003854208482731, -0.003690416490364, 0.7836700835231, 0.7838095798489, 0, -0.7913602057691, -0.7911904128296, -0, -0, -0, -0, 0.001740379529198, 0.394087325581, 0.3912207178019, 0.3940219611731, 0, 0.3912359908715, 0.394152689989
6.975, 0.2057137105076, 0.1720977136322, -0.1920514785282, 0.1722371991144, 0.04461718911269, 0.0009868620818466, -0.03268434381753, -0.00707718909585, 0, -154.6407567305, -2000, 3.83320611999, 2000, 7610.158965812, 3175.499097857, 7608.278695925, 3182.887249955, 39.67945321204, 6.817875998119, 9.509732571132, 50.91308649108, -239.3585469581, 10.0933059938, 241.6430201302, 6.29807486409, 5410.72539938, 4024.22512225, 5403.849432668, 3920.158240637, 3, 6.61818147168, 74.13205609132, -6.513787275989, -75.12835712291, -0.4993556997441, 1.233171368324, -0.5194725552069, 1.406201503744, 0, 0, 0.2142309670808, -0, -0, -0, -0, -0, 0.2142310333695, -0.001248770599686, 0, 0, 0, 0, 0, -0.00754143394552, -0.001248779328885, -0.02603442246174, -0.007541381229461, 0.02481261452655, -0.007541381229461, 39.18005449305, 39.19361339852, 39.17998414549, 39.19369708156, 96.72158066994, -0.2058703196226, 0.1920314461658, 0, 1, 49.9962157426, 50, 49.99624595124, 0.0002582107594901, 0, 0, 0, 0, 0, 0, 0, 0, 96.72307700847, 93.77319929592, 96.72298278059, 93.77312937104, 96.72158066994, 93.77316433579, 96.72307765645, 93.77319929823, 0, 96.72298333908, 93.77312937335, -0.00307551057413, 0, -0.2088499277281, -0.002543746427008, 0.1888645009514, -0.002543746427008, 0.7834736442119, 0.7837329786059, -0.7912094614885, -0.7912670334848, -0.003871644337839, -0.003715156911895, 0.7836514088241, 0.7837848354905, 0, -0.7913788896595, -0.7912151493143, -0, 5.551115123126e-17, -0, -0, 0.001740626647605, 0.3940872641532, 0.3912216221639, 0.3939836118816, 0, 0.3912353230092, 0.3941909164248
7, 0.2047444004498, 0.1827964607864, -0.1930395751598, 0.1829538399083, 0.04746542740667, 0.0007826793993608, -0.0313889488178, -0.0111928491767, 0, -119.1274508143, -2000, -23.43967338693, 2000, 7610.225582831, 3176.538368773, 7608.204062303, 3181.603901022, 41.27775479536, 7.007769680343, 7.897376918724, 51.26633653527, -239.2348662176, 7.602685675097, 241.7015995409, 4.772719012127, 5410.815035067, 4009.865946457, 5403.632451327, 3934.388201337, 3, 6.694082641315, 77.12487188623, -6.549802077272, -81.44679353813, -0.4986134791558, 1.260196285624, -0.5203061118589, 1.374200432507, 0, 0, 0.2142784813104, -0, -0, -0, -0, -0, 0.214278512987, -0.001323617359039, 0, 0, 0, 0, 0, -0.005469659738802, -0.00132362661554, -0.02618726049845, -0.00546962148789, 0.024659684431, -0.00546962148789, 39.32069374437, 39.3343018452, 39.32062531916, 39.33438672388, 97.06877606128, -0.2041141634505, 0.1937860627071, 0, 1, 49.99622770009, 50, 49.99634259335, 0.0007349046090013, 0, 0, 0, 0, 0, 0, 0, 0, 97.07027070513, 94.12039672283, 97.07018053446, 94.12032355641, 97.06877606128, 94.12036014137, 97.07027135123, 94.12039672458, 0, 97.07018109485, 94.12032355816, -0.003013907851108, 0, -0.207031564105, -0.002661667871958, 0.1906812843356, -0.002661667871958, 0.7834527827792, 0.7837278725124, -0.7912303285349, -0.7912721329648, -0.003891976276931, -0.003734509499108, 0.7836315909176, 0.7837654860628, 0, -0.7913987126204, -0.7912345050611, -0, -0, -0, -0, 0.001740800412975, 0.3940873944714, 0.3912214431311, 0.3940122174348, 0, 0.3912357556938, 0.3941625715081
7.025, 0.2051099458702, 0.1666419227002, -0.1926410874127, 0.1667731642327, 0.04400201200488, 0.001199936101963, -0.03309858653603, -0.005573047955679, 0, -172.4907741363, -2000, 22.55383310723, 2000, 7610.066759381, 3175.203785164, 7608.300616481, 3183.592916711, 38.92962648491, 6.673556510854, 10.23670705649, 51.0892407514, -238.9873984159, 12.09903733663, 242.0271647702, 7.541070450455, 5411.950802108, 4028.400929935, 5402.439243074, 3910.6762625, 3, 6.612650279463, 72.56025156173, -6.54067733245, -72.70662940506, -0.5002385192321, 1.225480152623, -0.5193425010841, 1.421446829969, 0, 0, 0.2142493866266, -0, -0, -0, -0, -0, 0.2142494715553, -0.001404368783832, 0, 0, 0, 0, 0, -0.008531175231665, -0.001404378602387, -0.02616252969881, -0.008531115586861, 0.02470125782556, -0.008531115586861, 39.46133458665, 39.47499054197, 39.46126507859, 39.47507644438, 97.41597229716, -0.2064006299959, 0.1915030602497, 0, 1, 49.99622625461, 50, 49.99622481034, -5.220018860523e-05, 0, 0, 0, 0, 0, 0, 0, 0, 97.41746783255, 94.46758929172, 97.41737545405, 94.46752381772, 97.41597229716, 94.46755655716, 97.41746848507, 94.46758929416, 0, 97.41737600875, 94.46752382016, -0.002984050466824, 0, -0.209288294795, -0.002381831095728, 0.1884279798849, -0.002381831095728, 0.783433145843, 0.7836804191954, -0.7912498749707, -0.7913195969026, -0.0039123614509, -0.003760910027185, 0.7836117840595, 0.7837390805629, 0, -0.7914185439792, -0.7912609006173, 5.551115123126e-17, -0, -0, -0, 0.001741187493689, 0.3940925482287, 0.3912191807244, 0.3939752925851, 0, 0.3912381324802, 0.3942098038722
7.05, 0.205382920126, 0.1838385388531, -0.1923966853981, 0.1839975182721, 0.04727021469058, 0.0008354061349464, -0.03145538820154, -0.01044732514746, 0, -132.832394808, -2000, -13.0956604828, 2000, 7610.264702298, 3176.403679285, 7608.067115816, 3181.937315147, 41.18375039446, 6.875054632429, 8.13192752743, 51.12563582355, -239.1219156306, 8.09413954054, 241.8021378568, 5.059617519067, 5411.806061417, 4014.932423868, 5402.453691571, 3930.303298908, 3, 6.600680985755, 78.07071637305, -6.472984266878, -81.06705931232, -0.49812293123, 1.256170250531, -0.5218404395537, 1.382027782446, 0, 0, 0.2142088027436, -0, -0, -0, -0, -0, 0.2142088419537, -0.001555713341399, 0, 0, 0, 0, 0, -0.006132834444407, -0.001555724213951, -0.02637637037227, -0.006132791583608, 0.02449458591032, -0.006132791583608, 39.60197404235, 39.61567908769, 39.60190652806, 39.61576631297, 97.76316883646, -0.2045499967256, 0.1933541033397, 0, 1, 49.99624103911, 50, 49.99630810086, 0.0002666407298615, 0, 0, 0, 0, 0, 0, 0, 0, 97.7646619888, 94.81478724704, 97.76457382839, 94.81471770778, 97.76316883646, 94.81475247927, 97.76466264063, 94.8147872489, 0, 97.76457438405, 94.81471770964, -0.002918927746839, 0, -0.2073717445983, -0.002529718353654, 0.1903449480767, -0.002529718353654, 0.7834120331861, 0.7836782430779, -0.7912709544714, -0.7913217644093, -0.003932991664905, -0.003779578678025, 0.783592131665, 0.7837204160432, 0, -0.7914382122195, -0.7912795733993, -0, 5.551115123126e-17, -0, -0, 0.001741507388419, 0.3940864163453, 0.391219468383, 0.3940021243886, 0, 0.3912381043042, 0.3941707083019
7.075, 0.2050676129762, 0.1816171160951, -0.192719930857, 0.1817723656348, 0.0472432405889, 0.0008318769470354, -0.03157697127726, -0.009933811337232, 0, -131.5611509338, -2000, -14.62757308668, 2000, 7610.318096677, 3176.739081843, 7607.967707592, 3182.090772296, 41.05028777498, 6.939599091078, 8.355036058675, 51.29527006759, -239.1949416503, 8.146927004573, 241.7313041742, 5.082388304565, 5411.350769648, 4013.101548596, 5402.847386945, 3931.537199333, 3, 6.695570984885, 77.33954720595, -6.554440509221, -80.14454998814, -0.4975221169466, 1.263998669429, -0.5229345887317, 1.383745381944, 0, 0, 0.2141217019731, -0, -0, -0, -0, -0, 0.2141217379284, -0.001555851686974, 0, 0, 0, 0, 0, -0.005910738745371, -0.001555862551651, -0.02636725468645, -0.00591069747033, 0.02451446941251, -0.00591069747033, 39.74261428621, 39.75636821233, 39.74254742619, 39.75645635536, 98.11036589461, -0.204552848048, 0.193352456474, 0, 1, 49.99625136526, 50, 49.99631474924, 0.0002307781677541, 0, 0, 0, 0, 0, 0, 0, 0, 98.11185779598, 95.16198380062, 98.11177094766, 95.16191507969, 98.11036589461, 95.16194944193, 98.11185844745, 95.1619838024, 0, 98.11177150391, 95.16191508147, -0.002870534624236, 0, -0.2073262758191, -0.002499948763316, 0.1903916561511, -0.002499948763316, 0.7833934014181, 0.7836589627784, -0.7912895318711, -0.7913410441031, -0.003951661989062, -0.00380038620009, 0.7835734380728, 0.7836996088599, 0, -0.7914569250549, -0.7913003812601, -0, -0, -0, -0, 0.001741813153929, 0.3940870111023, 0.3912203753672, 0.394005771711, 0, 0.3912373199924, 0.3941682504936
7.1, 0.2048062159632, 0.1793721425518, -0.1929845254016, 0.1795237660336, 0.04702641421194, 0.0009579724615227, -0.03176582034024, -0.01058742467039, 0, -135.0194136503, -2000, -7.318296845383, 2000, 7610.342465049, 3176.489748209, 7607.921512886, 3182.66938159, 40.57880540966, 6.979481173098, 8.75732712828, 51.74650892994, -239.09012283, 9.463247383563, 241.8610065788, 5.901468285925, 5411.660737887, 4019.035981508, 5402.557060228, 3926.271666146, 3, 6.741224274007, 75.74338153126, -6.592136863979, -80.09675969471, -0.497226608827, 1.257339340973, -0.5234705235324, 1.397348263364, 0, 0, 0.2140394022733, -0, -0, -0, -0, -0, 0.2140394500853, -0.001630596729228, 0, 0, 0, 0, 0, -0.006722368711859, -0.001630608107106, -0.0264090653402, -0.006722321805231, 0.0244768224167, -0.006722321805231, 39.88325473777, 39.89705726908, 39.88318829656, 39.8971468961, 98.45756300711, -0.2049198919201, 0.1929847493619, 0, 1, 49.99627484278, 50, 49.99637565577, 0.000399148037621, 0, 0, 0, 0, 0, 0, 0, 0, 98.4590539155, 95.50917939847, 98.45896794532, 95.50911374613, 98.45756300711, 95.50914657423, 98.459054569, 95.5091794004, 0, 98.45896849979, 95.50911374806, -0.00282089680434, 0, -0.2076435651401, -0.002388318694278, 0.190073759, -0.002388318694278, 0.7833742625056, 0.7836307596327, -0.7913086520975, -0.7913692498393, -0.0039710091722, -0.003823008272986, 0.7835545843568, 0.7836769856227, 0, -0.7914757884648, -0.7913230021686, 5.551115123126e-17, -0, -0, -5.551115123126e-17, 0.001741911761157, 0.3940863442521, 0.3912197577692, 0.3939939495163, 0, 0.3912378984424, 0.3941787389879
7.125, 0.2050334168166, 0.1924236515324, -0.1927599700937, 0.1925975426522, 0.04952391038187, 0.0005998522546022, -0.01930617002011, -0.0006834173267192, 0, -89.41533933507, -1449.027648127, -58.1414598759, 1620.358022997, 7610.541571495, 3178.268912365, 7607.693630572, 3181.347126912, 43.02727053573, 6.701651877049, 6.422513033525, 50.62270761514, -239.1283641625, 5.423833215424, 241.7268341797, 3.389494684774, 5411.790461552, 4001.19624681, 5402.56977812, 3944.383936075, 3, 6.632076186851, 81.99901016075, -6.485976623298, -84.34457186532, -0.4950982172845, 1.30015261818, -0.5259126095831, 1.363883560198, 0, 0, 0.2139431097946, -0, -0, -0, -0, -0, 0.213943123123, -0.001799286594006, 0, 0, 0, 0, 0, -0.004117028162566, -0.001799299137665, -0.02665771104562, -0.004116999461056, 0.02423589195634, -0.004116999461056, 40.02389426647, 40.03774584581, 40.02383019978, 40.0378375709, 98.80476042121, -0.2026581502163, 0.1952487180127, 0, 1, 49.99629147526, 50, 49.9963422128, 0.0001073432707521, 0, 0, 0, 0, 0, 0, 0, 0, 98.80624813054, 95.85637860936, 98.80616722906, 95.85630867787, 98.80476042121, 95.85634364487, 98.80624878276, 95.85637861062, 0, 98.80616778482, 95.85630867913, -0.002744834785629, 0, -0.2053048605394, -0.002543986769451, 0.1924147447696, -0.002543986769451, 0.7833536642142, 0.7836306127529, -0.7913292099831, -0.7913693897606, -0.0039910146095, -0.003841071371729, 0.7835356837318, 0.783658925819, 0, -0.7914947011592, -0.7913410685625, 5.551115123126e-17, -0, -0, -0, 0.001741924195717, 0.3940860744977, 0.3912194985693, 0.394029488531, 0, 0.3912378738073, 0.3941426604644
7.15, 0.2045757045289, 0.1916955457914, -0.1932397955125, 0.1918680040709, 0.0493096626735, 0.000632445078037, -0.02640904027549, -0.0007957204436766, 0, -108.9591020204, -1740.998533553, -35.60996488158, 1903.715394919, 7610.525544663, 3178.1036155, 7607.723596644, 3181.841895455, 42.32701093327, 6.569458356257, 7.162536551247, 50.9086417301, -239.3375405768, 6.043467383908, 241.5590532434, 3.754699927296, 5411.399040671, 4004.947379532, 5403.064518494, 3940.898084085, 3, 6.545994675462, 81.70388534721, -6.352926606531, -83.89574088528, -0.4952277138183, 1.295359445781, -0.5256480035364, 1.375652449967, 0, 0, 0.213873561865, -0, -0, -0, -0, -0, 0.2138735807964, -0.001721411504197, 0, 0, 0, 0, 0, -0.004641472040513, -0.001721423497151, -0.02658040671513, -0.004641439703921, 0.02431076105561, -0.004641439703921, 40.16453478421, 40.17843492774, 40.16447126229, 40.17852808929, 99.15195768464, -0.2029124996061, 0.194993722704, 0, 1, 49.99631488985, 50, 49.99636548581, 0.0001355299755646, 0, 0, 0, 0, 0, 0, 0, 0, 99.15344443946, 96.20357442832, 99.15336450328, 96.2035071362, 99.15195768464, 96.20354078363, 99.15344509046, 96.20357442969, 0, 99.15336506015, 96.20350713757, -0.00269897201933, 0, -0.2055136688165, -0.002447971089657, 0.1922053596247, -0.002447971089657, 0.7833366959138, 0.7836061231117, -0.7913461893017, -0.7913938806186, -0.004007977951754, -0.003861954490575, 0.7835181879549, 0.7836380422067, 0, -0.791512191294, -0.7913619511879, -5.551115123126e-17, -0, -0, -0, 0.001741751991056, 0.3940858099982, 0.3912202785373, 0.3940220158794, 0, 0.3912368880522, 0.3941496041169
7.175, 0.2053867477085, 0.1730414317409, -0.192409804832, 0.1731823808924, 0.04508246235206, 0.001030129280762, -0.03249999630682, -0.007871355575472, 0, -163.5546207998, -2000, 19.26801914421, 2000, 7610.284627197, 3176.205016124, 7608.002943973, 3183.811971261, 39.55231752956, 6.906375257393, 9.890547679442, 51.55282917565, -239.3779728137, 10.61346228016, 241.639490029, 6.611554041317, 5410.931142819, 4027.621427881, 5403.64149663, 3919.049920404, 3, 6.624674908582, 73.89505286491, -6.462506761934, -76.19631148953, -0.4977183782607, 1.248405293698, -0.5227639211954, 1.424655864368, 0, 0, 0.2138435721085, -0, -0, -0, -0, -0, 0.2138436425535, -0.001458084228689, 0, 0, 0, 0, 0, -0.007867871297911, -0.001458094384211, -0.02620708362766, -0.007867816498717, 0.0246749016162, -0.007867816498717, 40.30517645041, 40.31912448452, 40.30511126507, 40.31921817483, 99.49915469566, -0.2058761814703, 0.192028041942, 0, 1, 49.99634320418, 50, 49.99640073094, 0.0002374167401278, 0, 0, 0, 0, 0, 0, 0, 0, 99.5006429603, 96.55076709605, 99.50055961084, 96.55070837551, 99.49915469566, 96.5507377378, 99.50064361134, 96.55076709807, 0, 99.50056016739, 96.55070837753, -0.002678455739208, 0, -0.2084582615221, -0.002136151867956, 0.1892588281378, -0.002136151867956, 0.7833227304879, 0.7835604066285, -0.7913602017331, -0.7914396071264, -0.004022747561205, -0.003885484773258, 0.7835016738578, 0.7836145072546, 0, -0.7915286897326, -0.7913854768012, -0, -0, -0, -0, 0.001741445971993, 0.3940849849814, 0.3912212117789, 0.3939768460307, 0, 0.3912357376305, 0.394193123932
7.2, 0.2050168727301, 0.1762484749157, -0.1927840697532, 0.1763948118957, 0.04593063156532, 0.0009759946723948, -0.03208898686064, -0.009863011186014, 0, -146.897142911, -2000, 5.451769393956, 2000, 7610.231160881, 3176.487601291, 7608.110910789, 3183.488912564, 40.07580472005, 7.059596328063, 9.366933817451, 51.83826262931, -239.3308617754, 9.923778902078, 241.6752965564, 6.202320732099, 5410.6570291, 4023.287089229, 5403.973504512, 3923.665663326, 3, 6.68512457721, 74.34666635234, -6.508967822726, -78.63970140842, -0.4982476019769, 1.255778157413, -0.5216709768245, 1.417060960701, 0, 0, 0.2138469007734, -0, -0, -0, -0, -0, 0.213846959922, -0.001353836739072, 0, 0, 0, 0, 0, -0.007219284107539, -0.001353846168807, -0.02614046948369, -0.007219233824151, 0.02472776101235, -0.007219233824151, 40.44581685509, 40.45981379547, 40.44575263632, 40.45990871865, 99.84635153242, -0.2053905685106, 0.1925110659372, 0, 1, 49.99637953659, 50, 49.99649066262, 0.0005954130526856, 0, 0, 0, 0, 0, 0, 0, 0, 99.84783879453, 96.89796404584, 99.84775751506, 96.89790546522, 99.84635153242, 96.89793475738, 99.84783944225, 96.89796404769, 0, 99.84775807437, 96.89790546707, -0.002627384999987, 0, -0.2079218214182, -0.002131061835678, 0.1897927277043, -0.002131061835678, 0.7833060171891, 0.7835459817724, -0.7913769876358, -0.7914540296404, -0.004039238123633, -0.003904369497479, 0.7834845059694, 0.7835956237067, 0, -0.7915458362852, -0.7914043627017, -0, -5.551115123126e-17, -0, 5.551115123126e-17, 0.001741106626509, 0.3940847052856, 0.3912217580299, 0.3939854807586, 0, 0.3912350761047, 0.3941839298126
7.225, 0.2048733236708, 0.190131913076, -0.192928763762, 0.1903018935498, 0.04890358951152, 0.0006417543673437, -0.02566072662634, -0.01984530871719, 0, -95.69368028175, -1851.443639282, -46.36131685858, 1730.493847746, 7610.31633767, 3178.205813069, 7608.064244463, 3182.036602193, 42.67553323938, 6.996660137467, 6.790086521069, 51.04593498182, -239.2159678108, 5.970086947003, 241.6829553259, 3.759474432107, 5410.810719737, 4002.892183612, 5403.791223341, 3941.624963258, 3, 6.615289662463, 80.15267555056, -6.438079185243, -84.38371838311, -0.4973272914582, 1.297871877935, -0.5221934671928, 1.38079416342, 0, 0, 0.2138408065351, -0, -0, -0, -0, -0, 0.2138408252373, -0.001424184136196, 0, 0, 0, 0, 0, -0.004439862885852, -0.001424194055348, -0.02631938402528, -0.00443983196332, 0.02453889705784, -0.00443983196332, 40.58645664392, 40.60050271799, 40.58639481048, 40.60059990087, 100.193548674, -0.2029698234738, 0.1949309926592, 0, 1, 49.99641384712, 50, 49.99652168122, 0.000576307982777, 0, 0, 0, 0, 0, 0, 0, 0, 100.1950333165, 97.24516381363, 100.1949571978, 97.24510061537, 100.193548674, 97.24513221572, 100.1950339608, 97.24516381485, 0, 100.1949577602, 97.2451006166, -0.002556941214187, 0, -0.2054299507679, -0.002299043437451, 0.1922838224012, -0.002299043437451, 0.7832868945707, 0.7835484267342, -0.7913961635265, -0.7914515767266, -0.0040576286789, -0.003921037307962, 0.7834666048783, 0.7835789596937, 0, -0.7915637226869, -0.7914210343097, -5.551115123126e-17, -0, -0, -0, 0.001740936057578, 0.3940871331327, 0.391221451314, 0.394026110005, 0, 0.391235439769, 0.3941481562603
7.25, 0.2052895687533, 0.1920767896647, -0.1924970799155, 0.1922500997875, 0.04885538491968, 0.0006021569083729, -0.02261336143938, -0.001747496633667, 0, -99.76199804364, -1591.758830544, -47.09988306241, 1746.980974005, 7610.255492826, 3178.305014225, 7608.136118078, 3182.032643234, 42.95076828217, 6.827293018746, 6.610881336888, 50.67455152759, -239.2169515093, 5.529971090372, 241.6589176761, 3.48153384101, 5410.751014609, 4002.341316964, 5403.756011925, 3942.430376468, 3, 6.485824065335, 81.62053532398, -6.342091855588, -84.26997302533, -0.4979427920775, 1.299605864246, -0.5214669723481, 1.381219287156, 0, 0, 0.2138141503289, -0, -0, -0, -0, -0, 0.2138141683285, -0.00137349853603, 0, 0, 0, 0, 0, -0.0043415770976, -0.001373508099783, -0.02628388803241, -0.004341546867143, 0.02457225924568, -0.004341546867143, 40.72709748941, 40.74119210665, 40.72703620731, 40.7412906283, 100.5407463237, -0.2029388280672, 0.1949629946182, 0, 1, 49.99644553417, 50, 49.99650916978, 0.000294871984717, 0, 0, 0, 0, 0, 0, 0, 0, 100.5422301573, 97.59236064341, 100.5421552811, 97.59229853352, 100.5407463237, 97.59232958964, 100.5422308006, 97.59236064459, 0, 100.5421558444, 97.59229853469, -0.002513170338491, 0, -0.2053553285454, -0.002259450565319, 0.1923594821103, -0.002259450565319, 0.783269947794, 0.7835297272402, -0.7914131202664, -0.7914702760568, -0.004074499177891, -0.003940412755755, 0.7834494157882, 0.7835595843711, 0, -0.7915809072634, -0.7914404098826, -0, -0, -0, -0, 0.001740974381589, 0.3940868796521, 0.3912215703598, 0.3940272074007, 0, 0.3912355098136, 0.3941465519034
7.275, 0.2053257691886, 0.1681805615463, -0.1924441172508, 0.1683140120431, 0.04365523929557, 0.001141729927113, -0.03291645715791, -0.006697822986879, 0, -179.4789225294, -2000, 35.42724545679, 2000, 7609.923828871, 3175.74648393, 7608.479100246, 3184.48716455, 38.93146926982, 6.925255815007, 10.51278406622, 51.48793156229, -239.2512298969, 11.72928954728, 241.7754170567, 7.328949380105, 5410.490101537, 4032.672384293, 5403.87128035, 3914.106158207, 3, 6.550053287009, 72.15808423276, -6.434257004709, -73.97677560031, -0.5014027578441, 1.236474082856, -0.5178922682982, 1.442493980371, 0, 0, 0.2137915842729, -0, -0, -0, -0, -0, 0.2137916741973, -0.001099741901502, 0, 0, 0, 0, 0, -0.008592160360599, -0.001099749557455, -0.02589314148134, -0.008592100545863, 0.02496001582852, -0.008592100545863, 40.8677398234, 40.88188228413, 40.86767643913, 40.88198095009, 100.8879441989, -0.2064561460251, 0.1914445475472, 0, 1, 49.99648414063, 50, 49.9965275421, 0.0001979193179541, 0, 0, 0, 0, 0, 0, 0, 0, 100.88943016, 97.93955305354, 100.8893507321, 97.93950141418, 100.8879441989, 97.9395272358, 100.8894308045, 97.93955305548, 0, 100.8893512938, 97.93950141611, -0.002510187363067, 0, -0.2088711556955, -0.001878550909447, 0.1888425564435, -0.001878550909447, 0.7832565787741, 0.7834765639776, -0.7914265046087, -0.7915234528852, -0.004088747491641, -0.003964347310097, 0.7834333789228, 0.7835356434119, 0, -0.7915969392623, -0.7914643380321, -5.551115123126e-17, -0, -0, -0, 0.001741061575804, 0.3940848774987, 0.3912220913218, 0.3939667836493, 0, 0.3912352790508, 0.394202971348
7.3, 0.2056545657047, 0.1733952259165, -0.192118536738, 0.1735370073939, 0.04461776435633, 0.0009797534029532, -0.03253865341892, -0.007357354265013, 0, -147.5619629013, -2000, -3.358862213083, 2000, 7609.890924326, 3176.397156194, 7608.489157314, 3183.79049086, 40.18847220788, 7.047946926574, 9.489463478322, 51.2100227504, -239.2420130193, 9.873352501962, 241.7329219725, 6.177559395189, 5409.966685237, 4023.77484307, 5404.487118134, 3923.191753687, 3, 6.632209306802, 74.63956754902, -6.513703146251, -75.82476729539, -0.5017327110938, 1.252437920642, -0.5178058217799, 1.425361996616, 0, 0, 0.2137987207197, -0, -0, -0, -0, -0, 0.2137987847502, -0.001000164856327, 0, 0, 0, 0, 0, -0.007288973127434, -0.00100017181953, -0.0258383993655, -0.007288922381523, 0.02502147771507, -0.007288922381523, 41.00838069071, 41.02257204188, 41.00831823609, 41.02267154157, 101.235142016, -0.2057675216912, 0.1921351284673, 0, 1, 49.99651994158, 50, 49.99655570574, 0.0002539985564637, 0, 0, 0, 0, 0, 0, 0, 0, 101.2366269896, 98.28675145324, 101.2365496155, 98.28669819156, 101.235142016, 98.2867248241, 101.2366276305, 98.28675145494, 0, 101.2365501808, 98.28669819325, -0.002468024618651, 0, -0.2081405648, -0.001937568095275, 0.1895750726935, -0.001937568095275, 0.7832403295984, 0.7834687524939, -0.7914427171793, -0.7915312593503, -0.004104719829379, -0.00398111967022, 0.7834167564426, 0.7835188735071, 0, -0.7916135709705, -0.7914811128475, 5.551115123126e-17, -0, -0, -0, 0.001741091359845, 0.3940846914358, 0.3912231341523, 0.3939845090767, 0, 0.3912340520994, 0.394184873795
7.325, 0.2028867650419, 0.1839198595592, -0.1948674315395, 0.1840791501957, 0.04648518622555, 0.0009784206862328, -0.03121318352312, -0.01064288762095, 0, -203.779317862, -2000, 55.75909985225, 2000, 7609.760695837, 3175.856882889, 7608.635594312, 3183.58332078, 39.24823152941, 6.483264871188, 10.43737308406, 51.95912436868, -239.4177005955, 10.06302271709, 241.6006410081, 6.263518931415, 5410.257110321, 4027.201028537, 5404.343580131, 3922.49996462, 3, 5.956577865165, 77.9376469035, -5.875623227119, -81.16120624433, -0.5030877130579, 1.239961305809, -0.5162845090993, 1.423169178467, 0, 0, 0.213892686326, -0, -0, -0, -0, -0, 0.213892756942, -0.0009245892237015, 0, 0, 0, 0, 0, -0.007587391183861, -0.0009245956664022, -0.02586007541148, -0.007587338313915, 0.02499651805504, -0.007587338313915, 41.14902141032, 41.16326177011, 41.14896025577, 41.1633622637, 101.5823391853, -0.2048666868852, 0.1930352667148, 0, 1, 49.99657239867, 50, 49.99666748362, 0.0007043447308942, 0, 0, 0, 0, 0, 0, 0, 0, 101.5838236929, 98.63394774675, 101.5837485337, 98.63389611375, 101.5823391853, 98.63392193196, 101.5838243315, 98.63394774846, 0, 101.5837491012, 98.63389611546, -0.002439830540997, 0, -0.2072114074794, -0.001878319279163, 0.1905034647207, -0.001878319279163, 0.7832235360651, 0.7834479375122, -0.7914595271152, -0.7915520754512, -0.004120915368034, -0.003999883044914, 0.7834001106645, 0.7835001096271, 0, -0.7916302105904, -0.7914998757169, -0, -0, -0, -0, 0.001740864291468, 0.394081967667, 0.3912225555496, 0.3939776837397, 0, 0.391234338106, 0.3941862515943
7.35, 0.2017179411091, 0.1762637073117, -0.196007190593, 0.1764102981198, 0.04500404046532, 0.001083067380431, -0.03183676890585, -0.008355119345579, 0, -229.0466627094, -2000, 75.09907613795, 2000, 7609.600960692, 3175.417905919, 7608.802154807, 3183.988686932, 37.95837605457, 6.317055742247, 11.72724369501, 51.94083994526, -239.4471768462, 11.28863699586, 241.6198636908, 7.008634430528, 5410.40883968, 4029.005942948, 5404.329840195, 3915.524826758, 3, 5.975499693999, 75.67403744921, -5.955113962429, -77.22926741116, -0.5047569821136, 1.2290752604, -0.5145470234823, 1.432833419206, 0, 0, 0.2140078808774, -0, -0, -0, -0, -0, 0.2140079660005, -0.0008134962422302, 0, 0, 0, 0, 0, -0.008223656894143, -0.0008135019169229, -0.02577464711356, -0.008223599528866, 0.02508103185679, -0.008223599528866, 41.28966271247, 41.30395204716, 41.28960179051, 41.30405267191, 101.9295363563, -0.2051816068265, 0.1927209735704, 0, 1, 49.99661366376, 50, 49.99667055714, 0.0005713216981128, 0, 0, 0, 0, 0, 0, 0, 0, 101.9310215561, 98.98114442107, 101.9309465722, 98.98109497558, 101.9295363563, 98.9811197001, 101.9310221934, 98.98114442285, 0, 101.9309471407, 98.98109497735, -0.002422451797641, 0, -0.2075092193372, -0.001798741607703, 0.1902061838095, -0.001798741607703, 0.7832077733964, 0.7834249831038, -0.7914752935025, -0.791575032343, -0.004136564462946, -0.004018461733512, 0.7833837645455, 0.783481529767, 0, -0.7916465540774, -0.791518453234, -5.551115123126e-17, -0, -0, -0, 0.001740695631416, 0.3940871166881, 0.3912222535628, 0.3939740876891, 0, 0.3912343652242, 0.3942001456871
7.375, 0.2015181585506, 0.1757498187819, -0.1962127592579, 0.1758956962134, 0.04498951490043, 0.001120862336981, -0.03184674957559, -0.008314054677065, 0, -229.8306545126, -2000, 77.55390801776, 2000, 7609.564524131, 3175.228956792, 7608.855294675, 3183.894689696, 37.8634333326, 6.302764755036, 11.79414953518, 51.9765153808, -239.3268846885, 11.57784198156, 241.740098763, 7.189839509676, 5410.768316988, 4028.087354675, 5403.885579258, 3913.212586162, 3, 6.003059580592, 75.49316332089, -5.969873922786, -77.13680301394, -0.5051349394845, 1.225013748351, -0.5139964693797, 1.430872586922, 0, 0, 0.2141288830782, -0, -0, -0, -0, -0, 0.2141289701352, -0.0008380951854953, 0, 0, 0, 0, 0, -0.008324651017344, -0.0008381010383955, -0.02579977806611, -0.008324592881882, 0.0250523201198, -0.008324592881882, 41.43030411537, 41.44464234506, 41.4302435041, 41.44474346439, 102.2767338038, -0.2052278314549, 0.1926742992207, 0, 1, 49.99666132415, 50, 49.99671460792, 0.0005065589199101, 0, 0, 0, 0, 0, 0, 0, 0, 102.2782195037, 99.32834197121, 102.2781451681, 99.32829339216, 102.2767338038, 99.32831768345, 102.2782201418, 99.32834197298, 0, 102.2781457359, 99.32829339392, -0.002397440721541, 0, -0.2075302865162, -0.001767222148719, 0.19018457603, -0.001767222148719, 0.7831907992697, 0.7834060565001, -0.7914922854974, -0.7915939593746, -0.004153551463365, -0.004036693439504, 0.7833669616921, 0.783463297874, 0, -0.7916633504073, -0.791536684753, -0, -0, 5.551115123126e-17, -0, 0.001740696861481, 0.3940903345448, 0.3912215373953, 0.3939759174459, 0, 0.3912352502918, 0.3942047516437
7.4, 0.2046764807603, 0.1877374981294, -0.1931061160608, 0.1879036827072, 0.04782332492958, 0.0006735038467076, -0.03080323367612, -0.01041677377064, 0, -104.0313966925, -1989.186700677, -42.65932722273, 2000, 7609.85009117, 3177.479700064, 7608.560011651, 3181.527204241, 42.47139347149, 7.078854545339, 7.231284679318, 50.92086812713, -238.9496434527, 6.010989376416, 241.9264012222, 3.80529322307, 5410.774258183, 3999.819702482, 5403.54919183, 3939.790376035, 3, 6.679784810988, 79.9241878258, -6.540865972513, -82.79456370438, -0.5021361038332, 1.281581494886, -0.5170997447311, 1.371506000034, 0, 0, 0.2141814128885, -0, -0, -0, -0, -0, 0.2141814327604, -0.001079828878604, 0, 0, 0, 0, 0, -0.004350156298142, -0.00107983642337, -0.02605262237279, -0.004350125903801, 0.02480106969647, -0.004350125903801, 41.5709452245, 41.58533274399, 41.57088603412, 41.58543483002, 102.6239323548, -0.2033488921296, 0.1945525869812, 0, 1, 49.9967085583, 50, 49.9967831379, 0.0005021806808688, 0, 0, 0, 0, 0, 0, 0, 0, 102.6254164991, 99.67554494694, 102.6253459994, 99.67548832901, 102.6239323548, 99.67551663905, 102.6254171374, 99.67554494801, 0, 102.6253465672, 99.67548833009, -0.002337629610994, 0, -0.2055905551829, -0.002059662338236, 0.1921236045848, -0.002059662338236, 0.7831716177402, 0.7834200529139, -0.7915114607965, -0.7915799506079, -0.004172577788789, -0.004050027796538, 0.7833495066148, 0.7834499694249, 0, -0.7916808103627, -0.791550025018, -0, -0, -0, -0, 0.001741079561462, 0.3940920206983, 0.3912215247791, 0.3940322305327, 0, 0.3912359211326, 0.3941518108639
7.425, 0.2052269238028, 0.1841305963903, -0.1925450373067, 0.1842903969222, 0.04658381822258, 0.000848042340368, -0.03141366655728, -0.01053739825006, 0, -133.2963462928, -2000, -12.99761328504, 2000, 7609.843882061, 3176.290532721, 7608.516498114, 3182.173581587, 41.41352537725, 7.125659414581, 8.30828616546, 51.22547385353, -238.9569867875, 8.029715868122, 241.9418555477, 5.057724659123, 5411.014112755, 4014.746010483, 5402.979122936, 3930.19561692, 3, 6.573242102825, 78.20631629138, -6.457905728931, -81.22319667317, -0.5021952306751, 1.252685173863, -0.5175654354595, 1.389360747112, 0, 0, 0.2141739503225, -0, -0, -0, -0, -0, 0.2141739928638, -0.001156586481396, 0, 0, 0, 0, 0, -0.006127128987818, -0.001156594561905, -0.02606126817599, -0.006127086180824, 0.02480373229923, -0.006127086180824, 41.71158760102, 41.72602354508, 41.71152784658, 41.72612615544, 102.971131982, -0.2045664600455, 0.1933365932033, 0, 1, 49.99675885847, 50, 49.99682931095, 0.0003745384565137, 0, 0, 0, 0, 0, 0, 0, 0, 102.9726166768, 100.022741734, 102.9725449677, 100.0226894677, 102.971131982, 100.0227156023, 102.972617319, 100.0227417354, 0, 102.972545532, 100.0226894691, -0.002322022610446, 0, -0.2067924957136, -0.001901354722915, 0.1909232023836, -0.001901354722915, 0.7831552393129, 0.7833878486558, -0.7915277822232, -0.7916121594826, -0.004189400767578, -0.004070012636722, 0.7833331869908, 0.7834299824269, 0, -0.791697150474, -0.7915700077003, -0, -0, -0, -0, 0.001741670637069, 0.3940867092732, 0.3912210469543, 0.3940024957342, 0, 0.3912370567201, 0.3941709228121
7.45, 0.2049209158833, 0.1779798968654, -0.1928571132054, 0.1781293874177, 0.04590551273277, 0.0009319416059894, -0.03185529136322, -0.009481079611407, 0, -144.3793316916, -2000, -0.8309353075697, 2000, 7609.875540375, 3176.209859615, 7608.407225679, 3182.567840547, 40.62015290819, 7.207204692065, 9.142316976693, 51.60649106361, -238.998754425, 9.052679156525, 241.9186460359, 5.673111747961, 5410.94104657, 4017.455706756, 5402.888214391, 3927.256098324, 3, 6.716526586064, 75.77223260196, -6.592419347332, -78.80910106011, -0.5018551805274, 1.250600964046, -0.5187254419142, 1.39695349909, 0, 0, 0.214113782942, -0, -0, -0, -0, -0, 0.2141138315389, -0.001214042422216, 0, 0, 0, 0, 0, -0.006536511656097, -0.001214050899376, -0.0260807478632, -0.006536466014617, 0.02480200804729, -0.006536466014617, 41.85222992108, 41.86671490291, 41.85217019537, 41.86681784198, 103.3183324682, -0.205158644088, 0.1927462624026, 0, 1, 49.99680613047, 50, 49.99687748661, 0.0003453311639366, 0, 0, 0, 0, 0, 0, 0, 0, 103.3198167772, 100.3699413595, 103.3197450156, 100.3698906516, 103.3183324682, 100.369916007, 103.3198174217, 100.3699413609, 0, 103.3197455783, 100.3698906531, -0.00229501735569, 0, -0.2073576325024, -0.001844663358622, 0.190359904364, -0.001844663358622, 0.783139346482, 0.7833672652584, -0.7915435857626, -0.7916327441745, -0.004205526737017, -0.004087780895521, 0.7833174272281, 0.7834122135717, 0, -0.7917129423235, -0.7915877753628, -0, -0, 5.551115123126e-17, -0, 0.001742242352399, 0.3940869378687, 0.391221192444, 0.3939970976218, 0, 0.3912372378179, 0.3941767781155
7.475, 0.2046634574842, 0.1880452019033, -0.1931234888688, 0.1882117924241, 0.04847730858782, 0.0007196678114219, -0.03009562080152, -0.01614601747004, 0, -101.6723107246, -2000, -40.51497891852, 1934.456880991, 7610.117484961, 3177.525512819, 7608.097368373, 3181.571049638, 42.47924785806, 7.199814108171, 7.203198850046, 51.22783902816, -238.9117369911, 6.522635988365, 241.9341292304, 4.117513064766, 5411.441470108, 4004.741664116, 5402.43406861, 3939.855327125, 3, 6.701785933932, 79.4075820945, -6.564389910716, -83.65049863548, -0.4993068148753, 1.282846861035, -0.5219945997583, 1.371173651583, 0, 0, 0.21404717107, -0, -0, -0, -0, -0, 0.214047192168, -0.001489903978325, 0, 0, 0, 0, 0, -0.004702130136503, -0.001489914375241, -0.02639754320088, -0.004702097324106, 0.02450010560587, -0.004702097324106, 41.99287147352, 42.00740581459, 41.99281366891, 42.00751057874, 103.6655333683, -0.203304376548, 0.1946016366677, 0, 1, 49.99686360064, 50, 49.99696332032, 0.0004416951074846, 0, 0, 0, 0, 0, 0, 0, 0, 103.6670151892, 100.7171439681, 103.6669474994, 100.7170900625, 103.6655333683, 100.7171170164, 103.6670158355, 100.7171439692, 0, 103.6669480608, 100.7170900636, -0.002235613856778, 0, -0.2054427948746, -0.001960991667994, 0.1922758505318, -0.001960991667994, 0.7831208297976, 0.7833641217055, -0.7915620297355, -0.7916358826759, -0.004223692677772, -0.004103538911369, 0.7833010732015, 0.7833964579755, 0, -0.791729325172, -0.7916035357982, -0, -0, -5.551115123126e-17, -0, 0.001742554926895, 0.3940870534625, 0.3912201945938, 0.394022425637, 0, 0.3912381433776, 0.394151681288
7.5, 0.2055808099334, 0.1686808256381, -0.1921942215245, 0.1688149742109, 0.04341269514671, 0.001184544230289, -0.03302812142178, -0.006530508958514, 0, -181.3721559697, -2000, 37.40528436094, 2000, 7609.959809435, 3175.059178377, 7608.204512049, 3184.014549957, 38.89296808506, 6.975566847691, 10.71652450865, 51.47992234372, -239.0947743444, 12.04291593412, 241.9029939786, 7.539009031375, 5411.682827448, 4037.118510127, 5402.385112407, 3911.013332654, 3, 6.574207890456, 72.45154605043, -6.462345748853, -73.89573592201, -0.5009464205952, 1.220753389867, -0.5208947145065, 1.432985624119, 0, 0, 0.2139799104437, -0, -0, -0, -0, -0, 0.2139800089695, -0.001420141733756, 0, 0, 0, 0, 0, -0.009138487030845, -0.001420151637626, -0.02618747093284, -0.009138423300695, 0.02472452177921, -0.009138423300695, 42.13351511343, 42.14809732639, 42.13345533964, 42.14820248316, 104.0127346913, -0.2066083952743, 0.1912995813146, 0, 1, 49.99691365645, 50, 49.99694258503, 1.551109170798e-05, 0, 0, 0, 0, 0, 0, 0, 0, 104.0142181936, 101.0643393701, 104.0141462092, 101.0642959369, 104.0127346913, 101.0643176552, 104.014218845, 101.0643393719, 0, 104.0141467661, 101.0642959386, -0.002231812520187, 0, -0.2087438498805, -0.001580027827602, 0.1889767633816, -0.001580027827602, 0.783107944581, 0.7833114499195, -0.7915748365767, -0.7916885695147, -0.004237540766859, -0.004125705218039, 0.7832867533468, 0.783374284466, 0, -0.7917436644809, -0.7916256949021, -0, -0, -5.551115123126e-17, -0, 0.001742631397037, 0.3940835290086, 0.3912197144606, 0.3939579262438, 0, 0.3912382402416, 0.3942091317734
7.525, 0.2055086026984, 0.1777890631856, -0.1922947283587, 0.1779377023508, 0.04534297900046, 0.0008708069751351, -0.03205691893949, -0.01007788939219, 0, -144.471361548, -2000, 3.247554510483, 2000, 7610.05335548, 3175.942538692, 7608.126065135, 3182.707325837, 40.33601310578, 7.259465746119, 9.390092854121, 51.730572699, -239.4753165968, 8.883552410493, 241.4935581252, 5.592640103539, 5410.191663227, 4024.377019937, 5404.135911269, 3927.801231396, 3, 6.703128630353, 74.73250834019, -6.53109853553, -79.00384846396, -0.4999508617827, 1.24362125153, -0.5217418468911, 1.401725580996, 0, 0, 0.2139896139878, -0, -0, -0, -0, -0, 0.2139896701981, -0.001248722775968, 0, 0, 0, 0, 0, -0.006998575414696, -0.001248731485177, -0.02608691614528, -0.006998526603494, 0.02482171753932, -0.006998526603494, 42.27415714844, 42.2887888263, 42.2740987707, 42.28889440495, 104.3599355422, -0.2053092291911, 0.1925971513921, 0, 1, 49.99697320255, 50, 49.99708838394, 0.000662163324346, 0, 0, 0, 0, 0, 0, 0, 0, 104.3614177117, 101.4115416889, 104.3613485387, 101.4114948188, 104.3599355422, 101.4115182553, 104.3614183565, 101.4115416903, 0, 104.3613491017, 101.4114948202, -0.002191317890658, 0, -0.2074045510688, -0.001705051302131, 0.1903144703045, -0.001705051302131, 0.7830952344142, 0.7833140060332, -0.7915875644278, -0.7916860050188, -0.004249747851839, -0.004137863732956, 0.7832733579568, 0.7833621300436, 0, -0.7917570544955, -0.7916378575095, -0, 5.551115123126e-17, -0, -5.551115123126e-17, 0.001742298859105, 0.3940795007939, 0.3912226852201, 0.3939833097702, 0, 0.3912347523079, 0.3941756918176
7.55, 0.2050382827932, 0.1702036349166, -0.1927679183749, 0.1703403375624, 0.04427795082675, 0.001075706193399, -0.03260360321686, -0.008541822569155, 0, -169.9013343061, -2000, 30.78933846233, 2000, 7609.904627651, 3175.410682506, 7608.324160067, 3183.609535428, 39.30265559288, 7.267580380182, 10.34180800482, 51.99929989144, -239.3671423044, 11.09488144484, 241.6612151143, 6.954083259724, 5410.141665765, 4028.860703289, 5404.432587109, 3917.185807565, 3, 6.632413318732, 72.01549733881, -6.44987333176, -75.9275838537, -0.5014986256801, 1.229999851995, -0.5196850764548, 1.422427555544, 0, 0, 0.2140492004347, -0, -0, -0, -0, -0, 0.2140492795445, -0.001094662224206, 0, 0, 0, 0, 0, -0.008092765207365, -0.001094669863172, -0.02591628607, -0.008092708733343, 0.02498174105346, -0.008092708733343, 42.41480001813, 42.42948036811, 42.41474144484, 42.42958693648, 104.7071361162, -0.2061306970559, 0.1917737472482, 0, 1, 49.99703088972, 50, 49.99714311041, 0.000731375825887, 0, 0, 0, 0, 0, 0, 0, 0, 104.7086188721, 101.7587413382, 104.7085493479, 101.7586980462, 104.7071361162, 101.7587196937, 104.7086195151, 101.7587413397, 0, 104.7085499122, 101.7586980478, -0.002165137704959, 0, -0.2082004553645, -0.001574885397393, 0.1895166179291, -0.001574885397393, 0.7830827848315, 0.7832894077051, -0.7916000664968, -0.7917106074105, -0.004262364205636, -0.004154937462153, 0.7832597433346, 0.783345054385, 0, -0.7917706490028, -0.7916549293094, 5.551115123126e-17, -5.551115123126e-17, -0, -0, 0.00174180024263, 0.394085607114, 0.3912227853454, 0.3939743771393, 0, 0.3912341608453, 0.3941968370887
7.575, 0.2056522232484, 0.1763820675368, -0.1921410217035, 0.1765288170572, 0.04554946550312, 0.000967265805372, -0.03231712908607, -0.00837194332012, 0, -130.9336117121, -2000, -18.33217256646, 2000, 7609.909958284, 3176.232508782, 7608.353162286, 3183.224030481, 40.83624370292, 7.137369626355, 9.026098310496, 51.41944079394, -239.1459621806, 9.609242595725, 241.8252810443, 6.023265350498, 5410.721303156, 4018.610759745, 5403.953984874, 3920.94151307, 3, 6.686028152959, 75.66148838076, -6.532801822713, -77.48436716092, -0.5014345496627, 1.249164838856, -0.519395350818, 1.411852527089, 0, 0, 0.2140968314621, -0, -0, -0, -0, -0, 0.214096889957, -0.001161279286107, 0, 0, 0, 0, 0, -0.007077815294869, -0.00116128739356, -0.02600712016817, -0.007077765881533, 0.02488559262173, -0.007077765881533, 42.55544243949, 42.57017160865, 42.55538481303, 42.5702797285, 105.0543372378, -0.2054353100309, 0.1924706056065, 0, 1, 49.99707999879, 50, 49.99713235856, 0.0003426294275718, 0, 0, 0, 0, 0, 0, 0, 0, 105.0558192038, 102.105943476, 105.0557518823, 102.1058989963, 105.0543372378, 102.1059212375, 105.0558198467, 102.1059434774, 0, 105.0557524466, 102.1058989977, -0.002118008360296, 0, -0.2074575739138, -0.001618093710289, 0.1902609495074, -0.001618093710289, 0.7830675382147, 0.7832811890158, -0.7916153348593, -0.7917188223732, -0.004277460383617, -0.004170134358822, 0.7832451164246, 0.7833298593186, 0, -0.791785261243, -0.7916701280363, -0, -0, 5.551115123126e-17, -0, 0.001741523842784, 0.3940920764027, 0.3912216304083, 0.3939947962772, 0, 0.3912351145218, 0.3941893565281
7.6, 0.200940146604, 0.1652141432299, -0.1967651724525, 0.1653429473509, 0.04279413986288, 0.001360110189728, -0.0330452485375, -0.004265587654052, 0, -275.4056668532, -2000, 121.6349275738, 2000, 7609.649689172, 3174.160077112, 7608.654490132, 3185.176133517, 36.05075965075, 5.790560879786, 13.50067787453, 51.79940837144, -239.4948178576, 14.50062650053, 241.6261647367, 9.040436139038, 5411.471554448, 4044.120129934, 5402.905525191, 3896.652151941, 3, 5.737262084525, 72.42584081739, -5.765175186612, -71.1161890786, -0.5041583412814, 1.197495229705, -0.5162451067762, 1.461670331476, 0, 0, 0.2140894971416, -0, -0, -0, -0, -0, 0.214089640558, -0.00107922034042, 0, 0, 0, 0, 0, -0.01068658905832, -0.001079227874463, -0.02599085962325, -0.0106865144556, 0.02488819486794, -0.0106865144556, 42.69608533185, 42.71086338292, 42.69602836214, 42.71097278659, 105.4015394405, -0.2058880214772, 0.1920179532454, 0, 1, 49.99713940285, 50, 49.9970967189, -0.000329337682508, 0, 0, 0, 0, 0, 0, 0, 0, 105.4030212922, 102.4531410888, 105.4029541008, 102.4531053731, 105.4015394405, 102.4531232326, 105.4030219362, 102.4531410905, 0, 105.4029546638, 102.4531053747, -0.002108032464174, 0, -0.207900376495, -0.00129927730894, 0.1898182633752, -0.00129927730894, 0.7830538684033, 0.783235764806, -0.7916290825703, -0.7917642621845, -0.004290771219739, -0.004190744886215, 0.7832313349022, 0.7833092412136, 0, -0.7917990276345, -0.791690730986, -0, -0, -0, -0, 0.001741607473954, 0.3940908574063, 0.3912201359344, 0.3939439769527, 0, 0.391237203079, 0.3942377378599
7.625, 0.2006380367633, 0.1499833478596, -0.1969657849222, 0.1500889566586, 0.03678485695987, 0.001497828917973, -0.03479515100472, 0.003315641919169, 0, -374.6468631136, -2000, 213.6676672873, 2000, 7609.342897322, 3172.312043304, 7608.947181907, 3186.916802341, 33.37117891781, 5.106496849735, 15.80450595056, 50.44609081189, -240.2526152971, 16.94352206003, 240.9209566891, 10.63716088991, 5409.335930799, 4067.432495983, 5404.727525126, 3878.153357106, 3, 4.417006734378, 68.38995053236, -4.658922419692, -60.61297805037, -0.5073770069588, 1.147693617566, -0.5131778234041, 1.509311834845, 0, 0, 0.2140097070475, -0, -0, -0, -0, -0, 0.2140099590275, -0.0005654067082567, 0, 0, 0, 0, 0, -0.01371652596265, -0.0005654106524225, -0.02555030752038, -0.0137164302793, 0.02532452417974, -0.0137164302793, 42.83672892728, 42.8515552787, 42.83667179985, 42.85166584844, 105.7487429062, -0.2065217746403, 0.1913870225043, 0, 1, 49.99719338853, 50, 49.996980209, -0.001347788683423, 0, 0, 0, 0, 0, 0, 0, 0, 105.7502247835, 102.8003398709, 105.7501564452, 102.8003117522, 105.7487429062, 102.8003258133, 105.7502254186, 102.8003398726, 0, 105.7501570161, 102.8003117539, -0.002126552695814, 0, -0.2085543341752, -0.001022908131698, 0.1891672126331, -0.001022908131698, 0.7830454006903, 0.7831984357523, -0.7916375873208, -0.791801609129, -0.004298852262599, -0.00420724371763, 0.7832198609741, 0.7832927335907, 0, -0.7918105101921, -0.791707221026, -0, -0, -0, -0, 0.001741993437646, 0.3940860585747, 0.3912243915173, 0.3938975335414, 0, 0.3912335722919, 0.3942745836081
7.65, 0.1956804051634, 0.06045835452866, -0.2019395412356, 0.06047529984949, 0.01289313409491, 0.0007559096196358, -0.04241263906266, 0.009160430234445, 0, -411.0411685271, -2000, 249.3504601059, 2000, 7608.796324419, 3173.824568224, 7609.460913473, 3185.555336928, 31.10803738066, 19.15250652024, 18.50488065135, 39.25434015477, -241.2889961086, 8.796120211455, 239.9082408513, 6.846351180733, 5405.02644767, 4044.830152134, 5408.980609621, 3902.843188061, 3, 2.402742869872, 27.17031758365, -2.613888373684, -23.56823328165, -0.5131241874642, 1.181754472515, -0.5077792829421, 1.477957820924, 0, 0, 0.2139386680381, -0, -0, -0, -0, -0, 0.2139388228688, 0.0004827487847588, 0, 0, 0, 0, 0, -0.01028939532302, 0.0004827521500839, -0.0251553290734, -0.01028932359427, 0.02571560879868, -0.01028932359427, 42.97736945361, 42.99224788786, 42.97731869061, 42.99235886456, 106.0959466493, -0.1982785425161, 0.1996327086224, 0, 1, 49.99724947713, 50, 49.9971515694, -0.0006094679673834, 0, 0, 0, 0, 0, 0, 0, 0, 106.0974225222, 103.1475462551, 106.0973652281, 103.1475120293, 106.0959466493, 103.1475291438, 106.0974231228, 103.1475462566, 0, 106.097365833, 103.1475120309, -0.002145529276635, 0, -0.2003315250742, -0.001245074117627, 0.1973925514747, -0.001245074117627, 0.7830391340215, 0.7832175064661, -0.7916438996621, -0.7917825185588, -0.004301033198243, -0.004211735429091, 0.7832109012066, 0.7832882516866, 0, -0.7918194890798, -0.7917117225448, -0, -0, -0, -0, 0.001742222048461, 0.3940839843424, 0.3912329773376, 0.3939425630658, 0, 0.3912250988234, 0.3942254056191
7.675, 0.1970801139883, 0.1185283902497, -0.2005804247122, 0.1185940830492, 0.02618300498091, 0.0007973042727766, -0.03674548535817, 0.005362664291166, 0, -413.1893818621, -2000, 252.2313477098, 2000, 7607.716231925, 3172.840133309, 7610.516450185, 3186.24520382, 32.30160869734, 12.04106751592, 17.24075480463, 45.72268002566, -241.6437617534, 10.19298394206, 239.5470927391, 6.956415951211, 5400.475283554, 4046.69655014, 5413.895531872, 3902.719809655, 3, 2.87406002705, 52.45179610599, -3.006991216413, -48.14277107748, -0.5244962477835, 1.156328793166, -0.4966693408673, 1.497565896863, 0, 0, 0.2139659234272, -0, -0, -0, -0, -0, 0.2139661043014, 0.00197630528303, 0, 0, 0, 0, 0, -0.01043358882991, 0.001976319063706, -0.02371845895323, -0.01043351607742, 0.02715994416486, -0.01043351607742, 43.11801518962, 43.13294044566, 43.11796040134, 43.13305173309, 106.4431497303, -0.2021921471705, 0.1957200075653, 0, 1, 49.99731441302, 50, 49.99721226785, -0.0005010312527361, 0, 0, 0, 0, 0, 0, 0, 0, 106.4446295337, 103.4947484734, 106.4445647438, 103.4947156306, 106.4431497303, 103.4947320535, 106.4446301113, 103.4947484749, 0, 106.4445653697, 103.4947156321, -0.002226824529452, 0, -0.2043318043363, -0.001194765060252, 0.1933931245182, -0.001194765060252, 0.7830405837461, 0.7832094593111, -0.7916424087946, -0.79179056646, -0.00429960432043, -0.004218791508351, 0.7832025433188, 0.7832811952636, 0, -0.7918278557187, -0.7917187782803, -0, -0, -0, -0, 0.001741991503397, 0.3940822480878, 0.3912420475854, 0.3939388449622, 0, 0.3912153035921, 0.3942256512134
7.7, 0.1963549267986, 0.1147613418472, -0.2013168767822, 0.1148234139092, 0.02434349575529, 0.000824472067724, -0.03699948791889, 0.005656066142019, 0, -414.7884777878, -2000, 254.1165380155, 2000, 7606.34104789, 3172.138149216, 7611.914894888, 3186.795596125, 32.21748062961, 12.50728584481, 17.31152167506, 45.38693244806, -241.4246812606, 10.18423850999, 239.7881291583, 7.015585510491, 5398.575284654, 4044.46698284, 5416.178310487, 3901.493189262, 3, 2.764664983817, 50.97970064207, -2.874468069638, -46.80031167198, -0.5390063847794, 1.136934118418, -0.481919161323, 1.513796881878, 0, 0, 0.2140732541034, -0, -0, -0, -0, -0, 0.2140734524736, 0.003344587142019, 0, 0, 0, 0, 0, -0.01036090816683, 0.003344610487058, -0.02268513227232, -0.01036083584862, 0.02818932909904, -0.01036083584862, 43.25865951358, 43.27363302429, 43.25860357167, 43.27374468735, 106.7903523072, -0.2019752004268, 0.1959362096052, 0, 1, 49.99737878015, 50, 49.99728891991, -0.0003100284487664, 0, 0, 0, 0, 0, 0, 0, 0, 106.7918339942, 103.8419516259, 106.7917668999, 103.841918767, 106.7903523072, 103.8419351979, 106.7918345463, 103.8419516274, 0, 106.7917675499, 103.8419187684, -0.0023308402275, 0, -0.2042226876126, -0.001195352036236, 0.1935014189414, -0.001195352036236, 0.7830370194767, 0.7832021653578, -0.7916459901217, -0.7917978600505, -0.004301492757031, -0.004226584554731, 0.783191924562, 0.7832734023984, 0, -0.7918384634025, -0.7917265715078, -0, 5.551115123126e-17, -0, -0, 0.001741493091944, 0.3940856905965, 0.3912458353008, 0.3939432864219, 0, 0.3912107528299, 0.394228094771
7.725, 0.1953189765437, 0.1000936155621, -0.2022511000092, 0.1001412973239, 0.01975474999283, 0.0008549069592686, -0.03850454348189, 0.0109637401884, 0, -410.5338111927, -2000, 247.5547845547, 2000, 7605.001178239, 3171.486675149, 7613.318441354, 3187.118419915, 31.85499401754, 13.45030320904, 17.05154152201, 42.53239363944, -240.9777286046, 9.886691182602, 240.2671358719, 6.959660867804, 5398.152457179, 4042.281739337, 5416.681268877, 3900.147572772, 3, 2.90513884685, 47.09454913072, -3.217428362166, -38.47846819191, -0.5531916960881, 1.118977930004, -0.4670673265717, 1.525159023124, 0, 0, 0.2142136212703, -0, -0, -0, -0, -0, 0.2142138338209, 0.004471653076401, 0, 0, 0, 0, 0, -0.01030006285741, 0.004471684329244, -0.02193870155996, -0.01029999086957, 0.02892275679304, -0.01029999086957, 43.39930370152, 43.4143260655, 43.3992471281, 43.4144376534, 107.1375549532, -0.2006486072214, 0.1972603153972, 0, 1, 49.9974463918, 50, 49.99723855075, -0.0009658345488194, 0, 0, 0, 0, 0, 0, 0, 0, 107.1390383132, 104.1891555412, 107.1389697931, 104.1891215091, 107.1375549532, 104.1891385267, 107.1390388441, 104.1891555427, 0, 107.1389704641, 104.1891215106, -0.002458641407228, 0, -0.2030266217381, -0.001238030691544, 0.1946949252871, -0.001238030691544, 0.783028717393, 0.7831935665513, -0.7916543531835, -0.7918064585305, -0.004307810620874, -0.004235601063218, 0.7831785258212, 0.7832643860282, 0, -0.7918518336985, -0.7917355881546, -0, -0, -5.551115123126e-17, -0, 0.001741083829365, 0.3940892074647, 0.3912466795714, 0.393947639572, 0, 0.3912097484251, 0.3942307753574
7.75, 0.1971085095761, 0.1534079606816, -0.2005487223086, 0.1535199069338, 0.03209030076929, 0.001070216794496, -0.03385228648888, 0.0003047772547727, 0, -393.0714325841, -2000, 235.0097816122, 2000, 7603.900774737, 3170.765975258, 7614.449681078, 3188.220046709, 33.64327273541, 7.435912335855, 15.86728815971, 49.64488861946, -240.483654328, 12.29308509679, 240.6955890369, 7.698867382167, 5397.362436734, 4045.370108855, 5417.129280468, 3891.154695612, 3, 4.133396548407, 68.08109793182, -4.268040604986, -63.61662542741, -0.5649029084508, 1.097458413738, -0.455031231559, 1.553663217198, 0, 0, 0.2142565765156, -0, -0, -0, -0, -0, 0.2142568355365, 0.005415383479421, 0, 0, 0, 0, 0, -0.01117555679825, 0.005415421343274, -0.02103008843376, -0.01117547866016, 0.02982817687102, -0.01117547866016, 43.53995033308, 43.55501992475, 43.53988881088, 43.55513049929, 107.4847591014, -0.2043743179977, 0.1935334542258, 0, 1, 49.99750101643, 50, 49.99738687133, -0.0005743819809645, 0, 0, 0, 0, 0, 0, 0, 0, 107.48624741, 104.5363604292, 107.486169581, 104.536326157, 107.4847591014, 104.5363432948, 107.4862479286, 104.5363604308, 0, 107.4861702592, 104.5363261587, -0.002616235610016, 0, -0.2069133332945, -0.001246760158326, 0.1908070383556, -0.001246760158326, 0.7830192584373, 0.7831767470712, -0.7916638172964, -0.7918232825157, -0.004317453959689, -0.004246399908757, 0.7831628629437, 0.7832535849249, 0, -0.7918674794737, -0.7917463847425, -0, -0, -0, -0, 0.001741263310023, 0.3940950873198, 0.3912482556438, 0.3939414863135, 0, 0.3912088528023, 0.3942486883261
7.775, 0.2006513143762, 0.156991776702, -0.1969427447581, 0.1571095270127, 0.03250654532268, 0.001259057332515, -0.03411761313235, -0.0003416914776689, 0, -351.800754413, -2000, 188.4607037065, 2000, 7603.102649686, 3169.729914545, 7615.229342852, 3189.071314905, 34.64595784274, 5.838311407143, 14.68435342765, 50.45370978642, -240.0565736682, 14.04314467097, 241.0734588801, 8.710248446698, 5396.419202916, 4054.773276638, 5417.57170568, 3885.141108096, 3, 4.647307017567, 70.0383110466, -4.904134185742, -65.18430871344, -0.5734690961442, 1.070606010796, -0.446657431301, 1.577082728628, 0, 0, 0.2142127663838, -0, -0, -0, -0, -0, 0.214213082696, 0.006126429261387, 0, 0, 0, 0, 0, -0.01229276558042, 0.00612647207929, -0.02036710591304, -0.01229267966605, 0.03050256464236, -0.01229267966605, 43.68059693571, 43.69571439131, 43.68053129604, 43.69582354771, 107.8319647337, -0.2065109985719, 0.1913960444519, 0, 1, 49.99756837108, 50, 49.99742827455, -0.00089118410531, 0, 0, 0, 0, 0, 0, 0, 0, 107.8334566267, 104.8835659837, 107.8333710334, 104.8835310746, 107.8319647337, 104.883548531, 107.8334571345, 104.8835659856, 0, 107.8333717186, 104.8835310765, -0.002789881626285, 0, -0.2092261680379, -0.001269932333387, 0.1884934696417, -0.001269932333387, 0.7830061562919, 0.7831572654778, -0.7916768438601, -0.7918427703846, -0.004330551387068, -0.004258200968802, 0.7831452342525, 0.7832417807132, 0, -0.7918851102109, -0.7917581826508, -0, -0, 5.551115123126e-17, -0, 0.001741857339044, 0.3940917096701, 0.391250136231, 0.3939227533309, 0, 0.391207969053, 0.3942606660094
7.8, 0.1963919886286, 0.1535402788464, -0.2012329504998, 0.1536531502748, 0.031802423894, 0.001138903389332, -0.03362962040902, 0.000224627274651, 0, -395.0522296522, -2000, 234.8268639214, 2000, 7602.495369577, 3170.552124485, 7615.75968742, 3188.571798359, 33.66751840958, 7.3220979101, 15.83782565301, 49.63816431922, -239.7590131938, 12.24017474283, 241.364103958, 7.656116468419, 5397.022887461, 4046.501507965, 5416.599944619, 3896.978543983, 3, 4.331651627174, 68.61714088268, -4.540367825271, -63.9153267475, -0.580048252467, 1.089063881138, -0.4408857896682, 1.564833491197, 0, 0, 0.2140685883797, -0, -0, -0, -0, -0, 0.2140688502939, 0.006466950439283, 0, 0, 0, 0, 0, -0.01083550808742, 0.006466995576283, -0.02028236002069, -0.01083543245979, 0.03059447571734, -0.01083543245979, 43.82124193918, 43.83640966402, 43.82117606682, 43.83651638737, 108.1791719148, -0.2044949854084, 0.1934159360802, 0, 1, 49.99762413396, 50, 49.99748296853, -0.001010999741418, 0, 0, 0, 0, 0, 0, 0, 0, 108.1806634246, 105.230775898, 108.1805766266, 105.2307340416, 108.1791719148, 105.2307549718, 108.1806639258, 105.2307759, 0, 108.1805773206, 105.2307340436, -0.002947771743046, 0, -0.2073683964146, -0.001522664353127, 0.1903552174274, -0.001522664353127, 0.7829870198911, 0.783157173117, -0.7916959650217, -0.7918428544911, -0.004348242960904, -0.004268313108754, 0.7831255187502, 0.783231672531, 0, -0.791904859937, -0.7917682987486, -5.551115123126e-17, -0, -0, -0, 0.001742624059775, 0.3940881602318, 0.3912489338775, 0.3939392329795, 0, 0.3912099044971, 0.3942370874841
7.825, 0.2002368505649, 0.1577614246801, -0.1973740418091, 0.1578808416076, 0.03289131086864, 0.001341639857951, -0.03390742307382, -0.0006436915470858, 0, -347.2408780215, -2000, 186.0596639533, 2000, 7602.219229022, 3169.832675963, 7615.949661685, 3189.411346737, 34.81039336022, 5.787869432176, 14.59015444353, 50.63754476322, -239.3828897189, 14.19052375007, 241.7153977592, 8.807576923089, 5397.506033905, 4058.291098381, 5416.197702229, 3890.21904882, 3, 4.882050230557, 70.58805262744, -5.113999604841, -65.94177022283, -0.5831588785517, 1.070248268397, -0.4386824607449, 1.586375718662, 0, 0, 0.2139375443797, -0, -0, -0, -0, -0, 0.2139378637564, 0.006590462984668, 0, 0, 0, 0, 0, -0.01217970793588, 0.006590508927441, -0.0200846234642, -0.01217962303026, 0.03082134022347, -0.01217962303026, 43.96188912411, 43.97710493306, 43.96181905508, 43.97720974964, 108.5263793868, -0.2066158823681, 0.1912956038273, 0, 1, 49.99769377096, 50, 49.99755970893, -0.0009518270231067, 0, 0, 0, 0, 0, 0, 0, 0, 108.5278739656, 105.5779834989, 108.5277792405, 105.5779401539, 108.5263793868, 105.5779618287, 108.5278744675, 105.5779835012, 0, 108.5277799312, 105.5779401562, -0.003124370058995, 0, -0.2096666892448, -0.001576815632017, 0.188057493441, -0.001576815632017, 0.782967396836, 0.783133690758, -0.7917154195881, -0.791866344231, -0.004368466251079, -0.004282554697786, 0.7831045450863, 0.7832174272112, 0, -0.7919258639621, -0.7917825366068, -0, -0, -0, -0, 0.001742993773771, 0.39408314832, 0.3912479719101, 0.393915745884, 0, 0.3912107049465, 0.394250550756
7.85, 0.1964353456098, 0.1547184209672, -0.2012111422952, 0.154833151184, 0.03250407687937, 0.001216999473183, -0.03358843921628, 0.0007509430007843, 0, -392.438619633, -2000, 233.2086461352, 2000, 7602.12310178, 3170.842624808, 7615.992757286, 3189.09117862, 33.69821804533, 6.915245715337, 15.80244726964, 49.72350954118, -239.338000075, 12.63660753525, 241.8055403739, 7.873091207609, 5399.08334007, 4050.217496113, 5414.997420512, 3896.49425902, 3, 4.580068839371, 69.71271505725, -4.753124486958, -64.14025675407, -0.5843766835059, 1.093202081528, -0.4380268116865, 1.577215481728, 0, 0, 0.2138402789477, -0, -0, -0, -0, -0, 0.2138405528844, 0.006462379612943, 0, 0, 0, 0, 0, -0.01113988987689, 0.006462424621879, -0.02035237682194, -0.01113981229055, 0.03055837585289, -0.01113981229055, 44.10253441942, 44.1178006564, 44.10246409888, 44.11790283581, 108.8735868544, -0.2047081528851, 0.1932063235778, 0, 1, 49.9977510578, 50, 49.99760314225, -0.000965941209415, 0, 0, 0, 0, 0, 0, 0, 0, 108.8750814228, 105.9251943567, 108.8749853844, 105.9251441311, 108.8735868544, 105.9251692463, 108.8750819271, 105.9251943592, 0, 108.8749860757, 105.9251441335, -0.003277315621644, 0, -0.2079109256856, -0.001827123654791, 0.1898163133215, -0.001827123654791, 0.7829438354655, 0.7831286854012, -0.7917389727357, -0.7918713435668, -0.004391146405757, -0.004294708564518, 0.7830828109742, 0.7832052761507, 0, -0.7919476228751, -0.7917946932797, -0, 5.551115123126e-17, -0, -0, 0.001742896788298, 0.3940849410025, 0.3912448292209, 0.3939318302115, 0, 0.3912130969073, 0.3942380517936
7.875, 0.2004525591668, 0.157439881978, -0.1971899938599, 0.15755858486, 0.03337821685341, 0.001359835502872, -0.03401552482915, -0.00040481400943, 0, -348.6037009899, -2000, 188.4620250692, 2000, 7602.302469673, 3170.192718217, 7615.834808538, 3189.810666232, 34.68560300794, 5.730994276196, 14.70458074163, 50.61607747578, -239.3315681175, 14.30747944328, 241.8226386804, 8.879278452782, 5399.449413712, 4059.86382746, 5415.055727631, 3886.854742894, 3, 5.030634454357, 70.46329571253, -5.199739114363, -65.74114640611, -0.5826918833248, 1.07706114625, -0.4394931920548, 1.595594915008, 0, 0, 0.2138287189178, -0, -0, -0, -0, -0, 0.2138290492069, 0.006320206428013, 0, 0, 0, 0, 0, -0.01253748085387, 0.006320250441988, -0.02033834633997, -0.01253739354308, 0.03057736878118, -0.01253739354308, 44.24318159814, 44.25849608093, 44.24310738602, 44.25859637468, 109.2207938285, -0.2066684330461, 0.1912434061332, 0, 1, 49.9978236744, 50, 49.99770345981, -0.0007331182607712, 0, 0, 0, 0, 0, 0, 0, 0, 109.222292035, 106.2724022996, 109.22218857, 106.2723504851, 109.2207938285, 106.2723763952, 109.2222925441, 106.2724023024, 0, 109.2221892539, 106.2723504879, -0.003440792717669, 0, -0.21003475307, -0.001884923155763, 0.1876898399493, -0.001884923155763, 0.7829224594075, 0.7831041466505, -0.7917603025409, -0.791895890204, -0.004413483397516, -0.004309638584657, 0.7830613388319, 0.7831903421358, 0, -0.791969082326, -0.7918096193051, -0, -0, -0, -5.551115123126e-17, 0.001742364615835, 0.3940849322283, 0.3912441000246, 0.3939126124271, 0, 0.3912129806885, 0.3942572520295
7.9, 0.1965137486356, 0.1491905854663, -0.2011765782474, 0.1492969069288, 0.03184130757273, 0.001136103728862, -0.03396274830013, -0.000607849899313, 0, -394.1727030378, -2000, 235.4577367998, 2000, 7602.510872965, 3171.299196986, 7615.690288619, 3189.112826288, 33.64913887618, 8.65568347271, 16.10686700218, 49.50162570287, -239.5661480858, 11.85122181388, 241.6225067261, 7.550292192099, 5400.272673405, 4048.298645412, 5414.395588502, 3894.750796961, 3, 4.554956319574, 65.68324980557, -4.633109153901, -63.15581308172, -0.5806853623712, 1.103733878914, -0.4408341382724, 1.577367695471, 0, 0, 0.2138273509749, -0, -0, -0, -0, -0, 0.2138276187299, 0.006097613798104, 0, 0, 0, 0, 0, -0.01112717994712, 0.006097656261398, -0.02067584486094, -0.01112710245867, 0.03021630084218, -0.01112710245867, 44.38382672136, 44.39919177836, 44.38375296119, 44.39928970275, 109.5680011118, -0.2041489884596, 0.1937626922924, 0, 1, 49.9978812645, 50, 49.99781887299, -0.0003713970935985, 0, 0, 0, 0, 0, 0, 0, 0, 109.5694992961, 106.61961357, 109.5693958605, 106.6195543805, 109.5680011118, 106.6195839781, 109.5694998078, 106.6196135729, 0, 109.5693965449, 106.6195543834, -0.003573146829189, 0, -0.2076463863015, -0.002153212328666, 0.1900781374572, -0.002153212328666, 0.782898959104, 0.7831020261802, -0.7917839416161, -0.7918980024085, -0.004436148265191, -0.004321454306723, 0.7830401425504, 0.7831785302867, 0, -0.7919902567242, -0.7918214389002, -5.551115123126e-17, 5.551115123126e-17, -0, -0, 0.001741869334241, 0.3940885887413, 0.3912424592403, 0.3939356526402, 0, 0.3912142970144, 0.3942415248425
7.925, 0.2007654323261, 0.1571065182846, -0.1968985612827, 0.1572242131567, 0.03406372098321, 0.001317151068759, -0.0341536474431, -0.0002713973932478, 0, -351.0535534194, -2000, 193.7703802013, 2000, 7602.777471772, 3170.199052669, 7615.509285848, 3189.783042456, 34.50185097309, 5.543916908407, 14.81980193148, 50.57938632305, -239.695930684, 14.2559138995, 241.4873319666, 8.829989770671, 5399.8405533, 4061.317437851, 5414.78564196, 3884.252648032, 3, 5.006398456235, 70.09696500352, -5.123163557526, -65.52975881242, -0.5780505560664, 1.077880835188, -0.4425730280973, 1.595457677672, 0, 0, 0.213861801925, -0, -0, -0, -0, -0, 0.2138621393311, 0.005991501351341, 0, 0, 0, 0, 0, -0.01283138640339, 0.005991543089123, -0.0205817640793, -0.01283129701819, 0.03029847985525, -0.01283129701819, 44.52447427139, 44.53988708914, 44.52439644829, 44.53998361887, 109.9152085115, -0.2066163506839, 0.1912908638378, 0, 1, 49.99795603786, 50, 49.99783990287, -0.0006626058738524, 0, 0, 0, 0, 0, 0, 0, 0, 109.9167107715, 106.9668211247, 109.9165996726, 106.9667616181, 109.9152085115, 106.9667913747, 109.9167112873, 106.9668211281, 0, 109.9166003495, 106.9667616214, -0.003718939034239, 0, -0.2102598972281, -0.002164750126621, 0.1874601748535, -0.002164750126621, 0.7828791552827, 0.7830749827088, -0.7918037884262, -0.7919250556625, -0.004457165935465, -0.004336781537098, 0.7830196965915, 0.7831631981531, 0, -0.7920106642679, -0.7918367612273, -0, -0, -0, 5.551115123126e-17, 0.001741464252005, 0.3940860756896, 0.3912433202686, 0.3939097163416, 0, 0.3912135197193, 0.3942624350375
7.95, 0.1953541109581, 0.1079453176241, -0.2022775719509, 0.1080010175033, 0.0226009288261, 0.0009444245630346, -0.03757262718066, 0.006336240415994, 0, -408.654549034, -2000, 246.8458905126, 2000, 7602.947862403, 3171.513013128, 7615.391718804, 3188.406994754, 32.42114669267, 13.45823206596, 17.05299311307, 44.35899979271, -240.01807268, 9.787700379502, 241.1982999419, 6.874724264239, 5400.408588014, 4045.591043788, 5414.08569186, 3899.888775056, 3, 3.619690009918, 48.70129642701, -3.80905792712, -44.44652676752, -0.5764095183641, 1.110929007716, -0.4436597122091, 1.561145419166, 0, 0, 0.213878689437, -0, -0, -0, -0, -0, 0.2138789309492, 0.005814531137712, 0, 0, 0, 0, 0, -0.01055863293876, 0.005814571649087, -0.02104307917835, -0.01055855937432, 0.02981213859362, -0.01055855937432, 44.66511848937, 44.68058272214, 44.66504362831, 44.68067741783, 110.2624165411, -0.2013082703356, 0.1965998878346, 0, 1, 49.99801489881, 50, 49.99790742325, -0.0005682804456123, 0, 0, 0, 0, 0, 0, 0, 0, 110.2639165769, 107.314033285, 110.2638101548, 107.3139652827, 110.2624165411, 107.313999287, 110.2639170912, 107.3140332882, 0, 110.2638108393, 107.3139652858, -0.003823480221269, 0, -0.2050545935142, -0.002473809324527, 0.1926665012532, -0.002473809324527, 0.7828556640051, 0.7830794957181, -0.7918274344828, -0.7919205295571, -0.004478728528218, -0.004347894079013, 0.7829993550072, 0.7831520918153, 0, -0.7920309902857, -0.7918478799734, 5.551115123126e-17, 5.551115123126e-17, -0, -0, 0.001741318888822, 0.3940861687877, 0.3912421875812, 0.3939410470086, 0, 0.3912149157839, 0.3942312905669
7.975, 0.1962169167599, 0.1295027053342, -0.2014321643647, 0.1295824091099, 0.02821341350834, 0.0009823765889802, -0.03566568704851, 0.003812628834988, 0, -412.8598244132, -2000, 251.648248764, 2000, 7603.076364224, 3171.28243986, 7615.285597425, 3188.514787541, 32.60238849321, 10.60259009401, 16.89534941485, 46.87643507966, -240.2162800566, 10.70718326476, 240.9867349364, 7.082685969038, 5400.204237695, 4047.890821584, 5414.22559837, 3897.320491365, 3, 3.632130887085, 57.95984844814, -3.787166763384, -53.5412811039, -0.5751943951943, 1.105622755893, -0.4446382610228, 1.563903977668, 0, 0, 0.2139096561413, -0, -0, -0, -0, -0, 0.2139099101926, 0.005755052372167, 0, 0, 0, 0, 0, -0.01091140765394, 0.00575509248075, -0.02098519512778, -0.01091133160961, 0.02986320022374, -0.01091133160961, 44.80576578051, 44.82127828593, 44.80568806839, 44.82137181251, 110.6096248588, -0.2030325789197, 0.1948756187167, 0, 1, 49.9980794245, 50, 49.99796958583, -0.0005561970853356, 0, 0, 0, 0, 0, 0, 0, 0, 110.611127869, 107.6612428888, 110.6110159218, 107.6611724158, 110.6096248588, 107.6612076557, 110.6111283864, 107.6612428921, 0, 110.6110166009, 107.6611724192, -0.00393814869803, 0, -0.2068937877868, -0.002563684160077, 0.190827345137, -0.002563684160077, 0.7828360874019, 0.783062598255, -0.7918470488874, -0.7919374287285, -0.004499020852137, -0.004362365942239, 0.78297938328, 0.7831376189894, 0, -0.7920509532132, -0.7918623508738, -5.551115123126e-17, -0, 5.551115123126e-17, -0, 0.001741265569407, 0.3940864357692, 0.3912425947984, 0.3939364653235, 0, 0.3912146369042, 0.394236406215
8, 0.1993846022569, 0.1526915554184, -0.1982181502996, 0.1528022605508, 0.03441456529924, 0.00129654987974, -0.03455892090258, 0.002398375507638, 0, -381.8352234638, -2000, 220.7694524573, 2000, 7603.1221601, 3169.822513719, 7615.250292017, 3189.591532949, 33.69731652969, 5.257683487257, 15.52271667242, 50.05967415443, -240.1430930751, 14.56995524667, 241.0392515525, 9.019138798928, 5399.946230109, 4064.126749645, 5414.481277306, 3882.092044554, 3, 4.657679838016, 69.50821162704, -4.900345630205, -62.2258467396, -0.5748352813888, 1.070279659264, -0.4448857118671, 1.59146494778, 0, 0, 0.213966699953, -0, -0, -0, -0, -0, 0.2139670492464, 0.005762574138857, 0, 0, 0, 0, 0, -0.01319154223703, 0.005762614321285, -0.02080408209705, -0.01319145025275, 0.03005149925619, -0.01319145025275, 44.94641377337, 44.96197340006, 44.94633208982, 44.96206670158, 110.9568333584, -0.2058963476854, 0.1920097723354, 0, 1, 49.99814654895, 50, 49.99796665406, -0.0008982751686835, 0, 0, 0, 0, 0, 0, 0, 0, 110.9583404336, 108.0084504046, 110.9582211366, 108.008381989, 110.9568333584, 108.0084162007, 110.958340954, 108.0084504085, 0, 110.9582218093, 108.0083819929, -0.00405490144355, 0, -0.209874985435, -0.002488842463634, 0.1878439937582, -0.002488842463634, 0.782817442473, 0.7830294313367, -0.7918656361442, -0.791970608921, -0.00451878523257, -0.00437985683142, 0.7829595017937, 0.7831201215538, 0, -0.7920708259337, -0.7918798352166, -0, -0, -0, -5.551115123126e-17, 0.001741213532871, 0.3940854290032, 0.3912431092088, 0.3939041195408, 0, 0.3912141269114, 0.3942667384656
8.025, 0.1983452949211, 0.1578405900185, -0.1992629672274, 0.1579584431647, 0.03549793381104, 0.001120202117677, -0.0337942887455, 0.0009878017662431, 0, -399.8878199194, -2000, 238.6475201318, 2000, 7603.153590224, 3170.309954053, 7615.217229544, 3188.967067609, 33.40539166891, 5.419546115869, 15.84397612192, 49.89656296918, -240.409193697, 12.88759590591, 240.7756244326, 7.909835273628, 5399.765056571, 4056.232533505, 5414.682813386, 3888.086925127, 3, 4.280352018173, 71.09183534621, -4.515662202553, -64.57616329347, -0.5746207196113, 1.082363571856, -0.4451148797196, 1.57623322499, 0, 0, 0.2140342787671, -0, -0, -0, -0, -0, 0.2140345845015, 0.005775677137919, 0, 0, 0, 0, 0, -0.01218503861278, 0.005775717437157, -0.02083200503108, -0.01218495359318, 0.03001921895152, -0.01218495359318, 45.0870602903, 45.10266921718, 45.08697789845, 45.10276147197, 111.3040421534, -0.2053274171541, 0.1925799095747, 0, 1, 49.9982112063, 50, 49.99805142324, -0.0007663316877541, 0, 0, 0, 0, 0, 0, 0, 0, 111.3055504648, 108.3556618167, 111.3054296124, 108.3555886751, 111.3040421534, 108.3556252498, 111.3055509846, 108.3556618206, 0, 111.3054302862, 108.355588679, -0.004143583901248, 0, -0.2093946054402, -0.002660765462195, 0.1883255385414, -0.002660765462195, 0.7827972494368, 0.7830224979691, -0.7918858615637, -0.7919775359493, -0.004538692272364, -0.004393709399889, 0.782939499563, 0.7831062719426, 0, -0.7920908307293, -0.7918936907424, -0, -5.551115123126e-17, -0, -5.551115123126e-17, 0.001741202248944, 0.3940873223047, 0.3912434700429, 0.3939198466029, 0, 0.3912137255607, 0.3942547980065
8.05, 0.1946911740105, 0.07493079706198, -0.2029337045688, 0.07495759027942, 0.01557583243712, 0.0007702693430593, -0.04076176245712, 0.008447334801433, 0, -413.7162032231, -2000, 252.2252807892, 2000, 7603.125656788, 3171.42757901, 7615.234888511, 3187.893840427, 31.53619896713, 17.18881589129, 18.00357729642, 40.68587242258, -240.6097052189, 8.274166975033, 240.5968348137, 6.296077629648, 5399.569965137, 4040.810421545, 5414.788746551, 3900.956167773, 3, 2.977642286096, 34.02651249332, -3.179805767813, -30.49237537267, -0.5750247567132, 1.109921800263, -0.4448167147291, 1.549180651312, 0, 0, 0.2140760509697, -0, -0, -0, -0, -0, 0.2140762771472, 0.005839817415978, 0, 0, 0, 0, 0, -0.01013484390922, 0.005839858178656, -0.0211438149718, -0.01013477316705, 0.02970413511901, -0.01013477316705, 45.22770476849, 45.24336527805, 45.2276261557, 45.24345645704, 111.6512516728, -0.1990573303724, 0.1988509582603, 0, 1, 49.99827128965, 50, 49.99818325431, -0.0004002408721422, 0, 0, 0, 0, 0, 0, 0, 0, 111.6527569711, 108.7028749824, 111.6526427075, 108.7027951322, 111.6512516728, 108.7028350608, 111.6527574831, 108.702874986, 0, 111.6526433961, 108.7027951357, -0.004221048344147, 0, -0.2032007596876, -0.002904814069075, 0.1945203227555, -0.002904814069075, 0.7827750000133, 0.7830235584785, -0.7919081403388, -0.7919764641369, -0.004558495238697, -0.004406744178974, 0.7829193795149, 0.7830932424892, 0, -0.7921109579511, -0.7919067308471, -0, -0, -0, -5.551115123126e-17, 0.001741345054068, 0.3940898677498, 0.3912438578913, 0.3939505706865, 0, 0.3912135156598, 0.3942291648131
8.075, 0.1962422814823, 0.1289879544276, -0.201373833768, 0.129066830339, 0.02902685090975, 0.0009607650893389, -0.0358674996152, 0.003712995198104, 0, -405.5608668527, -2000, 243.7770802795, 2000, 7603.032645957, 3170.657326288, 7615.309078202, 3188.23693155, 32.94709555366, 10.74168992559, 16.47445996208, 46.72975365818, -240.4674719411, 10.77331788363, 240.7081062215, 7.141925885026, 5399.341143732, 4048.377142378, 5414.90233649, 3895.785724954, 3, 3.881037810017, 57.72632073353, -4.102071372575, -53.37815553423, -0.5761066055954, 1.09169764308, -0.4439314355541, 1.558735846013, 0, 0, 0.2141096948945, -0, -0, -0, -0, -0, 0.2141099572759, 0.005927052429235, 0, 0, 0, 0, 0, -0.01105787029061, 0.005927093813829, -0.02088216199691, -0.01105779308133, 0.02997348554559, -0.01105779308133, 45.36835335062, 45.38406104518, 45.36827072014, 45.38415183572, 111.9984617793, -0.2024780564786, 0.1954303829045, 0, 1, 49.99833579822, 50, 49.99822433921, -0.0005632935176299, 0, 0, 0, 0, 0, 0, 0, 0, 111.9999709457, 109.05008498, 111.9998494032, 109.0500049099, 111.9984617793, 109.0500449488, 111.9999714602, 109.0500849839, 0, 111.9998500855, 109.0500049138, -0.004313346949057, 0, -0.2067147739121, -0.002912811692736, 0.191006401404, -0.002912811692736, 0.7827559151361, 0.7829994900628, -0.7919271783643, -0.792000537234, -0.00457875567704, -0.004424466712066, 0.7828985080882, 0.7830755176043, 0, -0.7921318350049, -0.7919244510284, -0, -0, 5.551115123126e-17, -0, 0.001741558949555, 0.3940874798446, 0.3912443143661, 0.393935496364, 0, 0.3912132884273, 0.3942394633253
8.1, 0.2000057079616, 0.1503559259137, -0.1975907937668, 0.1504631715521, 0.03447062838885, 0.001319354012669, -0.03491133157374, 0.003058711388823, 0, -377.8276681999, -2000, 216.6113737071, 2000, 7602.922392789, 3169.095798847, 7615.38923717, 3189.546380109, 33.66114108936, 5.215964163036, 15.50186843264, 50.01147528099, -240.3086300328, 15.03840374614, 240.8517270145, 9.332658532321, 5399.040059422, 4066.292262821, 5415.138029787, 3879.317204621, 3, 4.649976750193, 68.75445916798, -4.908485225327, -61.04217297017, -0.5773671925229, 1.053214876577, -0.4429868067039, 1.591771909025, 0, 0, 0.2141301938891, -0, -0, -0, -0, -0, 0.2141305646211, 0.00603631936496, 0, 0, 0, 0, 0, -0.01354955583984, 0.006036361520562, -0.02058119125259, -0.01354946121468, 0.03029013001473, -0.01354946121468, 45.50900231232, 45.52475687635, 45.50891528245, 45.52484753302, 112.3456724566, -0.2061734716142, 0.1917346170097, 0, 1, 49.99839881656, 50, 49.99820275945, -0.001041050986275, 0, 0, 0, 0, 0, 0, 0, 0, 112.3471857688, 109.3972939472, 112.3470562112, 109.3972170774, 112.3456724566, 109.3972555169, 112.3471862852, 109.3972939518, 0, 112.347056887, 109.3972170819, -0.004414384401713, 0, -0.2105123697199, -0.00279639308813, 0.1872083784625, -0.00279639308813, 0.7827365667407, 0.7829619962986, -0.7919464276932, -0.7920380458657, -0.004599402362858, -0.004444830248269, 0.7828771047085, 0.7830551467937, 0, -0.7921532461546, -0.7919448072902, -0, -0, -5.551115123126e-17, -0, 0.001741782572081, 0.3940860353277, 0.3912449148792, 0.3938998051953, 0, 0.3912128177817, 0.3942722654602
8.125, 0.2013647487551, 0.1590320558076, -0.1962569314877, 0.1591518316107, 0.03620818310111, 0.001252600498064, -0.03424072573436, -0.0008309939184208, 0, -348.7932077882, -2000, 190.8720903677, 2000, 7602.909296037, 3169.205816037, 7615.381618137, 3189.330133275, 34.64807288538, 5.456004754783, 14.67656278758, 50.75584746178, -240.3020347718, 14.29387935977, 240.834568089, 8.838568514112, 5398.857943961, 4063.945958015, 5415.34172123, 3880.96180238, 3, 4.946341513262, 70.6854728201, -5.148434355124, -66.2933140268, -0.5776078177625, 1.055423724029, -0.4429641790615, 1.587043148324, 0, 0, 0.2141665507388, -0, -0, -0, -0, -0, 0.2141669088846, 0.006073224778418, 0, 0, 0, 0, 0, -0.01326034641349, 0.006073267206159, -0.02053405901487, -0.01326025377662, 0.03034523772008, -0.01326025377662, 45.64964998617, 45.665453115, 45.6495614515, 45.66554347855, 112.6928833538, -0.2064155886348, 0.1914919767487, 0, 1, 49.99846421135, 50, 49.9983557755, -0.0005202091094369, 0, 0, 0, 0, 0, 0, 0, 0, 112.6943982008, 109.7445064614, 112.6942660718, 109.7444268587, 112.6928833538, 109.7444666647, 112.6943987167, 109.744506466, 0, 112.6942667476, 109.7444268634, -0.004492536934346, 0, -0.2108328045189, -0.002895808456785, 0.1868873592773, -0.002895808456785, 0.782714715044, 0.7829462872786, -0.7919682321923, -0.79205375289, -0.004621328766334, -0.004462527306073, 0.7828549312981, 0.783037450598, 0, -0.7921754267133, -0.7919625052101, -0, -0, -0, -0, 0.00174187100997, 0.3940867347045, 0.3912452777745, 0.3939044795743, 0, 0.3912124118229, 0.3942689898347
8.15, 0.1975776091466, 0.1553605903516, -0.2000726796811, 0.1554746919352, 0.03520245277237, 0.001009361351145, -0.03385679828671, 0.0002272549645469, 0, -393.0449688087, -2000, 234.2215532537, 2000, 7602.782470249, 3170.387857999, 7615.475427351, 3188.66826043, 33.6683683476, 7.049660551829, 15.80246933645, 49.56311754675, -240.5214707521, 11.69222840772, 240.63474822, 7.271758075567, 5398.549139904, 4049.077094734, 5415.672508448, 3890.866615049, 3, 4.503961217164, 69.19824179036, -4.660057825556, -64.33636243449, -0.5790388828481, 1.083094353809, -0.4418813443496, 1.569295420909, 0, 0, 0.2141633336162, -0, -0, -0, -0, -0, 0.214163616822, 0.006216754938511, 0, 0, 0, 0, 0, -0.01146506793769, 0.006216798367653, -0.02056213529126, -0.01146498784512, 0.03031687475674, -0.01146498784512, 45.79029668404, 45.80615008833, 45.79020895324, 45.80623902065, 113.0400950782, -0.2042707938397, 0.1936399027407, 0, 1, 49.99851612183, 50, 49.99839058456, -0.0006988732195801, 0, 0, 0, 0, 0, 0, 0, 0, 113.041609337, 110.0917214243, 113.0414783266, 110.0916359363, 113.0400950782, 110.0916786846, 113.0416098485, 110.0917214286, 0, 113.0414790093, 110.0916359406, -0.004567743237897, 0, -0.2087630970442, -0.003109906235331, 0.1889602019561, -0.003109906235331, 0.782692391461, 0.7829428804373, -0.7919905745971, -0.7920571487747, -0.004642569140397, -0.004478275718205, 0.7828327996725, 0.7830217073557, 0, -0.7921975750852, -0.7919782587921, -0, -0, -5.551115123126e-17, -0, 0.001742023102155, 0.3940916816422, 0.3912458928532, 0.3939341014863, 0, 0.3912117529868, 0.3942492617981
8.175, 0.2010756211731, 0.1579942060657, -0.196546431709, 0.1581125307007, 0.03597297389082, 0.001162618892001, -0.03413125885376, -0.0006392676134902, 0, -349.618119165, -2000, 188.6494992214, 2000, 7602.691465812, 3169.716447245, 7615.549548527, 3189.211023922, 34.68700410897, 5.69340912383, 14.61865448664, 50.38961717787, -240.3910153723, 13.36844689771, 240.7428185982, 8.250933113904, 5397.734970423, 4056.54021053, 5416.407964735, 3885.736763301, 3, 4.895844922849, 70.38419409201, -5.100828143989, -65.81830652446, -0.5800931978014, 1.067039486858, -0.4410067322572, 1.583208158969, 0, 0, 0.2141357124339, -0, -0, -0, -0, -0, 0.2141360370257, 0.006394021359524, 0, 0, 0, 0, 0, -0.01237764478375, 0.006394066015497, -0.02028536170655, -0.01237755833838, 0.03060611867384, -0.01237755833838, 45.93094561094, 45.94684705085, 45.93085473282, 45.94693502807, 113.38730756, -0.2062352139057, 0.1916743054856, 0, 1, 49.99858266291, 50, 49.99845606771, -0.0008049694681496, 0, 0, 0, 0, 0, 0, 0, 0, 113.3888243917, 110.4389337772, 113.3886878611, 110.4388481676, 113.38730756, 110.4388909771, 113.3888249014, 110.4389337819, 0, 113.3886885428, 110.4388481723, -0.004662785663903, 0, -0.210823616952, -0.003114329361528, 0.1868984820423, -0.003114329361528, 0.7826714309843, 0.7829169856074, -0.792011452949, -0.7920830488174, -0.004664222887406, -0.004497896816548, 0.7828099498078, 0.7830020836444, 0, -0.7922204276066, -0.7919978772775, -0, -0, -0, -5.551115123126e-17, 0.001742190681755, 0.3940893563681, 0.3912475153783, 0.3939192334167, 0, 0.3912102868846, 0.3942594793196
8.2, 0.1966556516768, 0.1502300358245, -0.2010056031442, 0.1503371691153, 0.03444436739905, 0.00103988720148, -0.03394876440209, -0.000356272824712, 0, -394.8799201573, -2000, 235.5261011203, 2000, 7602.567654246, 3170.715318456, 7615.646981799, 3188.58717163, 33.62716263069, 8.196359790457, 15.99241687722, 49.43811110132, -240.2139129489, 11.5955434106, 240.9320528671, 7.336037739827, 5398.87582091, 4047.315299686, 5415.133856408, 3895.892264869, 3, 4.454720332005, 66.48748409564, -4.591935108039, -63.28103647926, -0.5814907602097, 1.091085136893, -0.4398891314407, 1.566508028278, 0, 0, 0.2140411280211, -0, -0, -0, -0, -0, 0.2140413930695, 0.006316650146548, 0, 0, 0, 0, 0, -0.01097320084653, 0.006316694223195, -0.02052302465698, -0.01097312427751, 0.03036484677746, -0.01097312427751, 46.0715927343, 46.08754450708, 46.07150281676, 46.08763094223, 113.7345211859, -0.2039231118399, 0.1939889312111, 0, 1, 49.99863378093, 50, 49.99853912543, -0.0006889220400376, 0, 0, 0, 0, 0, 0, 0, 0, 113.7360366295, 110.7861497245, 113.7359015817, 110.7860587394, 113.7345211859, 110.7861042363, 113.7360371397, 110.7861497289, 0, 113.7359022661, 110.7860587438, -0.004734488108044, 0, -0.2085823456901, -0.003309880581585, 0.1891423720767, -0.003309880581585, 0.7826452074689, 0.7829079631388, -0.7920377151495, -0.7920920631178, -0.004689444405707, -0.004516575296299, 0.7827853483826, 0.7829834089474, 0, -0.792245043752, -0.79201655954, -0, -0, -5.551115123126e-17, -0, 0.001742460947296, 0.3940884314534, 0.39124524219, 0.3939376117003, 0, 0.3912128258252, 0.3942392512064
8.225, 0.2006723109526, 0.1565692290807, -0.1969753916768, 0.1566857571005, 0.03600441597557, 0.001294620199513, -0.03419545571763, -0.0001595888455208, 0, -351.3000441923, -2000, 193.4948385644, 2000, 7602.627978672, 3169.670827564, 7615.574908753, 3189.391639228, 34.47475855151, 5.486090845096, 14.79717819798, 50.55710399997, -239.9669147965, 14.35514210231, 241.1726637269, 8.893238311133, 5399.482606072, 4062.437707098, 5414.589762737, 3886.134132653, 3, 4.96017756678, 70.12352841901, -5.115946099084, -65.33358295987, -0.580952864095, 1.06598741544, -0.4405542406811, 1.587306683184, 0, 0, 0.2139790298061, -0, -0, -0, -0, -0, 0.2139793681918, 0.006182762222166, 0, 0, 0, 0, 0, -0.01277622336946, 0.006182805339534, -0.02048278777273, -0.01277613427093, 0.0304162908749, -0.01277613427093, 46.21224224694, 46.22824170893, 46.21214883749, 46.22832741214, 114.0817348967, -0.2064382528729, 0.1914720397543, 0, 1, 49.9987020971, 50, 49.9985712467, -0.0008683042883099, 0, 0, 0, 0, 0, 0, 0, 0, 114.0832530215, 111.1333623094, 114.0831117732, 111.1332726453, 114.0817348967, 111.1333174823, 114.083253537, 111.1333623144, 0, 114.0831124494, 111.1332726503, -0.004826727156929, 0, -0.2111899151388, -0.003261826484498, 0.1865330637133, -0.003261826484498, 0.7826199731715, 0.7828722333608, -0.7920628737473, -0.7921278032435, -0.004715804206764, -0.004539910083221, 0.7827598388733, 0.7829600690624, 0, -0.7922705542122, -0.7920398892288, -0, -0, -0, -0, 0.001742460539955, 0.3940830859797, 0.391244033553, 0.3939074848143, 0, 0.3912139094907, 0.3942586871451
8.25, 0.197822138078, 0.1577439632376, -0.1997948878974, 0.1578620090315, 0.03646960946772, 0.001201187779538, -0.03368433451427, 0.0007323206309409, 0, -393.5346400945, -2000, 232.02381162, 2000, 7602.758173157, 3170.282196353, 7615.446388882, 3188.92094606, 33.69903473403, 5.504943586834, 15.5438289854, 50.06850655399, -240.0194149774, 13.34267292911, 241.1540300433, 8.211729508568, 5400.504355293, 4057.231823712, 5413.832744015, 3891.425438751, 3, 4.615953843442, 71.32608401271, -4.842123226362, -64.95930455136, -0.5796737634017, 1.080838988503, -0.4418200042412, 1.575246595793, 0, 0, 0.2139555349958, -0, -0, -0, -0, -0, 0.2139558368063, 0.005964758811006, 0, 0, 0, 0, 0, -0.01201552162411, 0.005964800398927, -0.02075354170089, -0.01201543784897, 0.03013929888598, -0.01201543784897, 46.35288997807, 46.36893914757, 46.35279676218, 46.36902366688, 114.4289485389, -0.2051188351176, 0.1927928269106, 0, 1, 49.99875675612, 50, 49.99859532209, -0.0009293119481062, 0, 0, 0, 0, 0, 0, 0, 0, 114.4304664779, 111.4805779002, 114.4303252764, 111.4804840731, 114.4289485389, 111.4805309916, 114.4304669972, 111.4805779051, 0, 114.4303259509, 111.480484078, -0.004897004485088, 0, -0.2099397628391, -0.003413270215821, 0.187784628954, -0.003413270215821, 0.7825921207944, 0.7828566007591, -0.7920907708076, -0.7921434310787, -0.0047432590666, -0.004560772425587, 0.7827338346, 0.7829392088607, 0, -0.7922965607678, -0.7920607537119, -0, -5.551115123126e-17, -0, -0, 0.001742189540706, 0.3940830020293, 0.3912419975308, 0.3939178562312, 0, 0.3912154184953, 0.3942481478274
8.275, 0.2005201322415, 0.1500846517479, -0.197103233724, 0.1501916370916, 0.03484792590793, 0.001386998080391, -0.03490796244013, 0.002445981924753, 0, -367.9200325648, -2000, 208.5616516121, 2000, 7602.975788978, 3169.393539935, 7615.271652052, 3189.756729732, 33.82353255347, 5.2935940099, 15.31409834719, 50.2518334511, -240.0480368641, 15.46692052515, 241.1446605287, 9.625458806255, 5400.372696844, 4067.81409276, 5414.259923248, 3879.442830642, 3, 4.852924606033, 68.32325725058, -5.0580357054, -61.53551586806, -0.5774658247722, 1.05939708064, -0.4435814379378, 1.595806666993, 0, 0, 0.2140011987029, -0, -0, -0, -0, -0, 0.214001570713, 0.005857048306513, 0, 0, 0, 0, 0, -0.01365073468661, 0.00585708916088, -0.02072705391566, -0.01365063946968, 0.03016252182729, -0.01365063946968, 46.49353907092, 46.50963641996, 46.49344341925, 46.5097204039, 114.7761617987, -0.2065461355413, 0.1913628923437, 0, 1, 49.99881879161, 50, 49.99865324619, -0.0008665632226925, 0, 0, 0, 0, 0, 0, 0, 0, 114.7776822914, 111.827790913, 114.7775366127, 111.8276982862, 114.7761617987, 111.8277446051, 114.7776828137, 111.8277909185, 0, 114.7775372823, 111.8276982918, -0.004981689071075, 0, -0.2114518409416, -0.003369600044948, 0.1862698894261, -0.003369600044948, 0.7825665231521, 0.7828215936476, -0.7921163710213, -0.7921784483291, -0.004769657568573, -0.004584537282444, 0.7827080561692, 0.7829154390055, 0, -0.7923223191166, -0.7920845135704, -0, -0, -0, -0, 0.001741673140016, 0.3940843942702, 0.3912422598641, 0.3938967734965, 0, 0.3912145674574, 0.3942720150439
8.3, 0.1973181381271, 0.1612708631857, -0.2003034503389, 0.161393924648, 0.03767413018228, 0.001153347825712, -0.03332778286192, -0.0002875677614984, 0, -398.2940948412, -2000, 237.2494198872, 2000, 7603.199187819, 3170.396713771, 7615.115205628, 3188.570244943, 33.63704408027, 5.417275090267, 15.61264560552, 50.24913246657, -240.1894666444, 12.98926090133, 241.0179657632, 7.970151045075, 5400.88829516, 4054.286112208, 5413.905979466, 3890.654289011, 3, 4.582109894933, 72.45244497932, -4.792963406259, -66.66574500751, -0.5751855377841, 1.084908373271, -0.4451606662283, 1.566560129631, 0, 0, 0.2140922461624, -0, -0, -0, -0, -0, 0.2140925363291, 0.005658444586111, 0, 0, 0, 0, 0, -0.0118579373693, 0.005658484088759, -0.02098847689518, -0.0118578545872, 0.02987869979578, -0.0118578545872, 46.63418665062, 46.65033362343, 46.63409172321, 46.65041715388, 115.1233749603, -0.2047298780582, 0.1931787324664, 0, 1, 49.99887452395, 50, 49.99873823802, -0.0006196629372699, 0, 0, 0, 0, 0, 0, 0, 0, 115.1248954455, 112.1750073853, 115.1247510247, 112.1749088115, 115.1233749603, 112.1749581035, 115.12489597, 112.1750073904, 0, 115.1247516942, 112.1749088166, -0.005031996589238, 0, -0.2096848700403, -0.003585945596372, 0.188036448169, -0.003585945596372, 0.7825384515245, 0.7828134566514, -0.7921445717303, -0.792186573994, -0.004797231560332, -0.004604999035773, 0.7826817692873, 0.7828949825568, 0, -0.7923485822512, -0.7921049806284, -0, -0, -0, -5.551115123126e-17, 0.001741163914769, 0.3940867043081, 0.3912412321261, 0.393923724408, 0, 0.39121527354, 0.3942496842081
8.325, 0.1970976097071, 0.1478743258789, -0.2005364353409, 0.1479776120575, 0.03401381795196, 0.001008354116627, -0.03430896156071, 0.0007340754864493, 0, -402.5585612951, -2000, 241.4550604347, 2000, 7603.30985815, 3170.648193737, 7615.066856089, 3188.271449186, 33.3803465371, 8.257711579391, 16.00098120407, 48.75551670057, -240.4477504193, 11.47460934966, 240.7589338441, 7.270287552728, 5400.227923047, 4048.979859363, 5414.472040815, 3892.537018035, 3, 4.255211100651, 65.63364656789, -4.437251414864, -61.5439456005, -0.5740788365592, 1.091040686115, -0.4456121830154, 1.559328906655, 0, 0, 0.2141736928625, -0, -0, -0, -0, -0, 0.2141739625851, 0.005693410519331, 0, 0, 0, 0, 0, -0.01133697217463, 0.005693450296331, -0.02099961711527, -0.01133689296925, 0.02985157645999, -0.01133689296925, 46.77483484198, 46.79103126961, 46.77473973281, 46.79111393191, 115.4705886168, -0.2036952983013, 0.1942118434381, 0, 1, 49.99893039884, 50, 49.99883271044, -0.0004226339628974, 0, 0, 0, 0, 0, 0, 0, 0, 115.4721098808, 112.5222229952, 115.4719650169, 112.5221214424, 115.4705886168, 112.5221722238, 115.4721104032, 112.5222230002, 0, 115.4719656892, 112.5221214474, -0.005099543866229, 0, -0.2087177599167, -0.003694315056966, 0.1890020791141, -0.003694315056966, 0.7825128933434, 0.7827958258427, -0.7921702144298, -0.7922042017147, -0.004822443673252, -0.004626210857391, 0.782656287667, 0.7828737720899, 0, -0.792374039155, -0.7921261938047, -0, -0, -0, -0, 0.001740932383874, 0.3940901149176, 0.3912425475804, 0.3939342953575, 0, 0.3912141460244, 0.3942459344776
8.35, 0.2014488137576, 0.1598716735682, -0.1961898213878, 0.1599925088461, 0.03679248101247, 0.001152988137874, -0.03402421269058, -0.00127236278213, 0, -345.1173232167, -2000, 186.706783342, 2000, 7603.321960609, 3169.857262404, 7615.083788432, 3188.966174743, 34.77508156672, 5.58627681533, 14.48389242597, 50.54456671627, -240.4761290268, 13.35239902216, 240.6817423739, 8.233101010045, 5398.728090406, 4056.639424614, 5415.65861046, 3884.296503012, 3, 4.936722086016, 70.78921254673, -5.097351214745, -66.82366040362, -0.5740022090039, 1.07162411203, -0.4453813278528, 1.576915995131, 0, 0, 0.2141996016652, -0, -0, -0, -0, -0, 0.214199922279, 0.005886901302881, 0, 0, 0, 0, 0, -0.01248920620449, 0.005886942441655, -0.02065496825192, -0.01248911892792, 0.03019851373176, -0.01248911892792, 46.91548494899, 46.93172904612, 46.91538633194, 46.9318110771, 115.8178033107, -0.2062595625436, 0.1916448573947, 0, 1, 49.99899033168, 50, 49.99888522214, -0.0005767220414867, 0, 0, 0, 0, 0, 0, 0, 0, 115.8193278089, 112.8694375037, 115.8191768383, 112.8693367238, 115.8178033107, 112.8693871193, 115.8193283293, 112.8694375092, 0, 115.8191775089, 112.8693367293, -0.0051834312008, 0, -0.2113672084492, -0.003666198546873, 0.1863498778596, -0.003666198546873, 0.7824898815253, 0.782764830731, -0.7921931944368, -0.7922352034617, -0.004846443900355, -0.00464928395461, 0.7826309234931, 0.7828506957247, 0, -0.7923993868135, -0.792149263634, -0, 5.551115123126e-17, -5.551115123126e-17, 5.551115123126e-17, 0.001741091396616, 0.394090691905, 0.3912455361501, 0.3939190356126, 0, 0.3912117810988, 0.3942623481973
8.375, 0.1973885656761, 0.1581096857909, -0.2002378206495, 0.1582279540263, 0.03660002634613, 0.001044580218698, -0.03360198872926, 0.001100123975019, 0, -391.2759204975, -2000, 232.3090594325, 2000, 7603.150026101, 3170.701838205, 7615.222858456, 3188.514051371, 33.6539209242, 5.897361687318, 15.56227264037, 49.60747847261, -240.4445229684, 12.06507577981, 240.7131946921, 7.406602200229, 5398.922215821, 4047.781007805, 5415.09728679, 3892.73058901, 3, 4.559360932357, 71.47627677501, -4.757668189866, -64.78506089076, -0.5758567398472, 1.091612999543, -0.4438688423044, 1.564439247868, 0, 0, 0.2141244808549, -0, -0, -0, -0, -0, 0.2141247507684, 0.005959351087611, 0, 0, 0, 0, 0, -0.01123606720127, 0.005959392703473, -0.02073001705737, -0.01123598873693, 0.03012133423107, -0.01123598873693, 47.05613328304, 47.07242750407, 47.0560352958, 47.07250806354, 116.1650195118, -0.2044907468604, 0.1934167426139, 0, 1, 49.99903500378, 50, 49.99885004297, -0.001167246151335, 0, 0, 0, 0, 0, 0, 0, 0, 116.1665430463, 113.21665569, 116.1663929711, 113.2165503937, 116.1650195118, 113.216603047, 116.1665435643, 113.2166556952, 0, 116.1663936461, 113.2165503989, -0.005248545194253, 0, -0.2096632399246, -0.003830496284064, 0.1880569887137, -0.003830496284064, 0.7824628814665, 0.7827520495754, -0.7922202254712, -0.7922479771898, -0.004872538693243, -0.004670680568741, 0.7826044357789, 0.7828293025289, 0, -0.792425891442, -0.7921706636663, -0, -0, -0, 5.551115123126e-17, 0.001741626207511, 0.3940911163297, 0.391245149261, 0.3939366836447, 0, 0.3912128995507, 0.3942455490148
8.4, 0.2008583370974, 0.1576293337007, -0.1967406772893, 0.1577472103131, 0.03647581651054, 0.001218001793696, -0.03410625623497, -0.0005585278417008, 0, -348.1161941783, -2000, 185.4439607041, 2000, 7603.078414494, 3170.06696248, 7615.233586097, 3189.144315727, 34.69691110009, 5.708652136574, 14.57904819399, 50.41851503667, -240.1709362235, 13.73926111702, 240.9456978339, 8.499085652805, 5399.109065043, 4058.088189109, 5414.74922537, 3887.234986625, 3, 4.932342845872, 70.4719390551, -5.180907340912, -65.72453987729, -0.5766609264011, 1.076089268367, -0.4437024496891, 1.580182323644, 0, 0, 0.2140199356577, -0, -0, -0, -0, -0, 0.2140202527464, 0.005951263169858, 0, 0, 0, 0, 0, -0.01238125031342, 0.005951304688666, -0.02063822921895, -0.01238116393634, 0.03023489811736, -0.01238116393634, 47.19678357564, 47.21312594595, 47.19668280065, 47.21320565947, 116.5122364521, -0.2062316034186, 0.1916761308783, 0, 1, 49.99909361596, 50, 49.99895570846, -0.0009475181896323, 0, 0, 0, 0, 0, 0, 0, 0, 116.5137616772, 113.5638718379, 116.5136067933, 113.563766936, 116.5122364521, 113.5638193926, 116.5137621974, 113.5638718436, 0, 116.5136074643, 113.5637669417, -0.005329449746276, 0, -0.2114853924559, -0.003816148452942, 0.186235089661, -0.003816148452942, 0.782435819353, 0.7827189035173, -0.792247159709, -0.7922811297622, -0.004900289058836, -0.004695954189834, 0.7825767467443, 0.782804025677, 0, -0.7924536014718, -0.7921959340566, -5.551115123126e-17, 5.551115123126e-17, -0, -0, 0.00174210297741, 0.3940863222972, 0.3912447772777, 0.3939161497887, 0, 0.3912135924916, 0.3942564948056
8.425, 0.1969862745371, 0.1549454892707, -0.2006475142613, 0.1550593199035, 0.03594020711859, 0.001096980146108, -0.03370619816206, 0.0005450577219542, 0, -392.1055502505, -2000, 232.4512480135, 2000, 7603.04096366, 3171.056570145, 7615.207266689, 3188.689950261, 33.62349465664, 6.858234189576, 15.75614129846, 49.60463276612, -240.1149918365, 12.2190098311, 241.0261588746, 7.5951053325, 5400.355278706, 4050.422195425, 5413.593403885, 3895.452144016, 3, 4.580703608887, 69.59180994985, -4.771924408662, -64.24809991579, -0.5771061919452, 1.099418282492, -0.4439276741675, 1.567433371424, 0, 0, 0.2139018206218, -0, -0, -0, -0, -0, 0.2139020876498, 0.005790212457917, 0, 0, 0, 0, 0, -0.01123024304025, 0.005790252808585, -0.02091964435573, -0.0112301647796, 0.02995938564391, -0.0112301647796, 47.33743222271, 47.35382488229, 47.33733223399, 47.35390304167, 116.8594538645, -0.2043369409068, 0.1935741213574, 0, 1, 49.99913972835, 50, 49.99899170748, -0.0009986607570209, 0, 0, 0, 0, 0, 0, 0, 0, 116.8609777144, 113.9110912801, 116.8608239641, 113.9109816548, 116.8594538645, 113.9110364728, 116.8609782372, 113.9110912855, 0, 116.8608246356, 113.9109816601, -0.005391962632767, 0, -0.2096522202061, -0.003987980982558, 0.1880716696844, -0.003987980982558, 0.7824051247138, 0.7827032395177, -0.792277843481, -0.7922967869208, -0.004930205536583, -0.004719531568292, 0.7825479728484, 0.7827804513973, 0, -0.7924824052467, -0.7922195145339, 5.551115123126e-17, -0, -0, -0, 0.001742345099562, 0.3940857749606, 0.3912422940836, 0.3939314223227, 0, 0.3912158959127, 0.3942401275985
8.45, 0.2009720719001, 0.1580715633284, -0.1966547836756, 0.1581900965503, 0.03657914556439, 0.001249894244909, -0.03407541439843, -0.0005747336793271, 0, -346.5632990703, -2000, 185.851136549, 2000, 7603.188010848, 3170.458938807, 7615.038355999, 3189.40086096, 34.68705946849, 5.643538514051, 14.58664652913, 50.50999107642, -240.0375471972, 13.93021969277, 241.100413204, 8.620549078704, 5400.413428324, 4060.086474957, 5413.84919256, 3887.388272481, 3, 5.021457517347, 70.61363741415, -5.217789554701, -65.96513590476, -0.5756114484039, 1.084684932781, -0.4456549279654, 1.585049850947, 0, 0, 0.2138466612614, -0, -0, -0, -0, -0, 0.2138469794025, 0.005681985042497, 0, 0, 0, 0, 0, -0.01251495212013, 0.005682024618533, -0.02086981127704, -0.01251486495161, 0.03002401872495, -0.01251486495161, 47.47808281147, 47.49452360088, 47.47797985167, 47.49460084058, 117.2066709426, -0.2063396742179, 0.1915700478988, 0, 1, 49.99919930932, 50, 49.99907571011, -0.0007965297793183, 0, 0, 0, 0, 0, 0, 0, 0, 117.2081970329, 114.2583080161, 117.2080380524, 114.2581988836, 117.2066709426, 114.2582534558, 117.2081975595, 114.2583080221, 0, 117.2080387178, 114.2581988895, -0.005472967489929, 0, -0.2117361778468, -0.00397005456921, 0.1859863640947, -0.00397005456921, 0.7823764489706, 0.7826678224903, -0.7923064233452, -0.7923322113002, -0.004959865894426, -0.00474611633099, 0.7825189567626, 0.7827538629928, 0, -0.7925114261809, -0.7922460956548, -0, -0, -0, -0, 0.001742147248637, 0.3940841790977, 0.3912421783719, 0.39391216894, 0, 0.3912153861426, 0.3942561892555
8.475, 0.1971166458977, 0.1536600629257, -0.2005456891741, 0.1537718961277, 0.03560408243022, 0.001082048641093, -0.03380084717924, 0.0003325041145917, 0, -391.9853751627, -2000, 233.0486366116, 2000, 7603.309975798, 3171.493951508, 7614.935853433, 3188.889037642, 33.60533059218, 7.272486665057, 15.81693461738, 49.54467012032, -240.1704238274, 12.06678196448, 241.0094532806, 7.53846190794, 5401.009150337, 4049.719878576, 5413.513220281, 3894.489851465, 3, 4.601103990997, 68.61726874208, -4.733543302612, -63.97372746794, -0.574372457376, 1.109400474964, -0.4466928838816, 1.570976117473, 0, 0, 0.2138135135616, -0, -0, -0, -0, -0, 0.2138137773564, 0.005537190697561, 0, 0, 0, 0, 0, -0.01124908268169, 0.005537229253123, -0.02111739050447, -0.01124900435446, 0.02976382807724, -0.01124900435446, 47.61873149071, 47.63522264297, 47.61862948859, 47.63529833065, 117.5538880926, -0.2042461109386, 0.1936646311979, 0, 1, 49.99924402514, 50, 49.99912496226, -0.0007296943072376, 0, 0, 0, 0, 0, 0, 0, 0, 117.5554132616, 114.6055278441, 117.5552556712, 114.6054137857, 117.5538880926, 114.6054708205, 117.5554137894, 114.6055278497, 0, 117.5552563381, 114.6054137913, -0.005534542711443, 0, -0.2097032631546, -0.004149248679524, 0.1880203744985, -0.004149248679524, 0.7823454291957, 0.7826525613923, -0.7923375251011, -0.792347464833, -0.004990161694276, -0.004770079681239, 0.7824896271436, 0.7827299030762, 0, -0.7925407516894, -0.7922700624387, -0, -0, -0, -0, 0.001741787152331, 0.3940874329126, 0.3912409910553, 0.3939328213348, 0, 0.3912160563369, 0.3942420444904
8.5, 0.2010894315682, 0.1579533692759, -0.1965520475564, 0.1580715893356, 0.03653987273205, 0.001235687168789, -0.0341124065001, -0.0005419392186645, 0, -347.5088124774, -2000, 187.4573238912, 2000, 7603.491583831, 3170.70401793, 7614.813786424, 3189.541764656, 34.61787956403, 5.596443084833, 14.60538941755, 50.48125387245, -240.168418974, 13.90689289073, 241.0058963751, 8.601782230846, 5400.513771458, 4059.322953594, 5414.129361244, 3885.685974798, 3, 5.00514249256, 70.43360872488, -5.166741127155, -65.89347723397, -0.5725002529708, 1.090629436063, -0.4479420739105, 1.587823391957, 0, 0, 0.2138250885543, -0, -0, -0, -0, -0, 0.2138254063968, 0.005498636724383, 0, 0, 0, 0, 0, -0.01258298257501, 0.005498675015638, -0.02098838074637, -0.01258289495033, 0.02988789787638, -0.01258289495033, 47.75938225851, 47.77592138146, 47.75927722457, 47.77599627583, 117.9011051395, -0.2063315838022, 0.1915755651405, 0, 1, 49.9993027055, 50, 49.99918630908, -0.0006862642651832, 0, 0, 0, 0, 0, 0, 0, 0, 117.9026330723, 114.9527446221, 117.9024701242, 114.9526313185, 117.9011051395, 114.9526879765, 117.9026336022, 114.9527446283, 0, 117.9024707861, 114.9526313247, -0.005615723679243, 0, -0.2118704088925, -0.004121789981801, 0.1858496439198, -0.004121789981801, 0.7823170071818, 0.7826163560786, -0.7923659528522, -0.7923836778269, -0.005019617274036, -0.004797114345989, 0.7824603245413, 0.7827028646258, 0, -0.7925700259705, -0.7922970933178, -0, -0, -0, 5.551115123126e-17, 0.001741355735166, 0.3940866349903, 0.3912419781894, 0.3939136897964, 0, 0.3912148285237, 0.3942595801841
8.525, 0.1971649545622, 0.1532254513645, -0.2004978078216, 0.1533365537623, 0.0354752313882, 0.001059781576055, -0.03383917488926, 0.0001208560273376, 0, -392.3380796188, -2000, 233.3609876499, 2000, 7603.558313537, 3171.638277086, 7614.800964116, 3188.920373931, 33.58783846659, 7.4161115636, 15.82441244054, 49.51058206053, -240.2881689971, 11.9376910079, 240.9047801211, 7.470762375927, 5400.856682621, 4048.947362695, 5413.708079697, 3893.783054248, 3, 4.555894996838, 68.1647008454, -4.680607477183, -63.93185708239, -0.5718270046108, 1.11327895052, -0.4480492691885, 1.571518534544, 0, 0, 0.2138115778245, -0, -0, -0, -0, -0, 0.2138118396015, 0.005420630183069, 0, 0, 0, 0, 0, -0.01124432023401, 0.005420667926335, -0.02118595093144, -0.01124424194136, 0.02966832975124, -0.01124424194136, 47.90003113713, 47.91662050792, 47.89992712017, 47.91669398409, 118.2483227913, -0.2041621739389, 0.1937452325767, 0, 1, 49.99934489781, 50, 49.99923518205, -0.0006499646086369, 0, 0, 0, 0, 0, 0, 0, 0, 118.2498498721, 115.2999648499, 118.2496884473, 115.2998466183, 118.2483227913, 115.2999057399, 118.2498504017, 115.2999648557, 0, 118.2496891118, 115.2998466241, -0.005676626064834, 0, -0.2097611539309, -0.004301059057049, 0.18795925025, -0.004301059057049, 0.7822859533996, 0.7826011818353, -0.792397138534, -0.7923988440565, -0.005049857938585, -0.004821491538822, 0.7824306196171, 0.7826784910776, 0, -0.7925997128621, -0.7923214741552, -5.551115123126e-17, -0, -0, -0, 0.001741150449973, 0.3940889063384, 0.391241294603, 0.3939343602175, 0, 0.391215668509, 0.3942434524594
8.55, 0.2011476487128, 0.1583070428202, -0.1964803891436, 0.1584257231366, 0.03658458091518, 0.001215041849602, -0.03409472938653, -0.000677788530572, 0, -346.8265269066, -2000, 186.1784246619, 2000, 7603.648732571, 3170.801670347, 7614.752196874, 3189.534978936, 34.65134759376, 5.593090733008, 14.55635811108, 50.46335907311, -240.248825345, 13.77505370062, 240.9172884208, 8.514224209345, 5400.288295838, 4058.897536929, 5414.169903671, 3885.929190464, 3, 4.974104471284, 70.49842031115, -5.157628674379, -66.04672023309, -0.5709011876757, 1.093361920309, -0.4485359061072, 1.587563170994, 0, 0, 0.2138107950923, -0, -0, -0, -0, -0, 0.2138111098049, 0.00543825447195, 0, 0, 0, 0, 0, -0.01253452866395, 0.005438292337655, -0.02101849161807, -0.01253444138836, 0.02983413100082, -0.01253444138836, 48.04068220866, 48.05731944997, 48.04057512378, 48.05739219132, 118.5955406838, -0.2062862925944, 0.1916182092394, 0, 1, 49.99940089222, 50, 49.99928376798, -0.0006881597218638, 0, 0, 0, 0, 0, 0, 0, 0, 118.5970704644, 115.6471822681, 118.5969036393, 115.6470648102, 118.5955406838, 115.6471235456, 118.5970709953, 115.6471822745, 0, 118.5969042997, 115.6470648167, -0.005757952332523, 0, -0.2119672387906, -0.004272912207877, 0.1857502674836, -0.004272912207877, 0.7822572566477, 0.7825646990463, -0.7924258256824, -0.792435334263, -0.005079505708056, -0.004849104309373, 0.7824007797805, 0.7826508746562, 0, -0.7926295316422, -0.792349083275, -0, -0, -0, -0, 0.001741037047507, 0.3940868165384, 0.3912424272686, 0.393914537313, 0, 0.3912147479532, 0.3942590957638
8.575, 0.1973648028071, 0.1571702097207, -0.2002694779836, 0.1572870639336, 0.03639492661184, 0.001070852344279, -0.03363310836899, 0.0008343852696107, 0, -390.9939980798, -2000, 231.7109734644, 2000, 7603.628667422, 3171.657387489, 7614.78164658, 3189.013916603, 33.60461824466, 6.237279720259, 15.61643755786, 49.61242985725, -240.3301839918, 12.19392497495, 240.8500227285, 7.520522919297, 5400.645848699, 4049.692889994, 5413.706219361, 3893.502227807, 3, 4.596366028791, 70.73765863833, -4.776233627185, -64.71648410166, -0.571131941043, 1.113834292716, -0.4482036935316, 1.573664360473, 0, 0, 0.2137774980426, -0, -0, -0, -0, -0, 0.2137777624655, 0.005404095949833, 0, 0, 0, 0, 0, -0.01131869717059, 0.005404133565978, -0.021171969397, -0.01131861838519, 0.02966909259993, -0.01131861838519, 48.1813315224, 48.19801888519, 48.18122517796, 48.19809017029, 118.942759239, -0.204451174216, 0.1934548448777, 0, 1, 49.99944119779, 50, 49.99928317837, -0.0009351871451035, 0, 0, 0, 0, 0, 0, 0, 0, 118.9442882813, 115.994403124, 118.9441224778, 115.994281065, 118.942759239, 115.9943421005, 118.9442888117, 115.99440313, 0, 118.9441231408, 115.994281071, -0.005820762943861, 0, -0.2101943574358, -0.004440296361503, 0.1875247379846, -0.004440296361503, 0.7822257981246, 0.7825477773686, -0.7924573627098, -0.7924522486338, -0.005110184209154, -0.004874384579979, 0.7823703690217, 0.7826255976891, 0, -0.7926599422536, -0.7923743668491, -0, -5.551115123126e-17, -0, -5.551115123126e-17, 0.001741091171829, 0.3940884433883, 0.3912417146261, 0.3939328750027, 0, 0.3912156722121, 0.3942440117739
8.6, 0.2011038367829, 0.1581441246892, -0.1965008935852, 0.1582625863931, 0.0365176290092, 0.0012033604468, -0.03409296426119, -0.0006241861683524, 0, -346.8342168611, -2000, 184.1546732836, 2000, 7603.667913331, 3171.03136052, 7614.739675228, 3189.629495001, 34.68462885198, 5.710288774129, 14.52602674669, 50.38611627774, -240.2471869811, 13.64623696974, 240.9025093969, 8.436224948629, 5400.229465138, 4057.809620569, 5414.099778191, 3886.517971851, 3, 4.969569481486, 70.50737996702, -5.20058514407, -65.91677662134, -0.5707392166837, 1.0985616255, -0.4486220613593, 1.589154783782, 0, 0, 0.2137527648548, -0, -0, -0, -0, -0, 0.2137530742415, 0.005428544619339, 0, 0, 0, 0, 0, -0.01241302305982, 0.00542858239692, -0.02102736326112, -0.01241293667717, 0.0298226447963, -0.01241293667717, 48.32198274696, 48.3387182639, 48.32187360511, 48.33878862953, 119.2899780457, -0.2062356392135, 0.1916689220889, 0, 1, 49.99949327524, 50, 49.99937051703, -0.0007358789350561, 0, 0, 0, 0, 0, 0, 0, 0, 119.291509372, 116.3416216889, 119.2913386653, 116.3414999847, 119.2899780457, 116.3415608434, 119.2915099034, 116.3416216955, 0, 119.2913393252, 116.3414999913, -0.005901458798525, 0, -0.2120600789486, -0.004427385241145, 0.1856575465495, -0.004427385241145, 0.7821960068832, 0.7825119533448, -0.7924870900301, -0.7924880789149, -0.005140751563975, -0.004902685101469, 0.7823395906375, 0.7825972940665, 0, -0.7926907176365, -0.7924026642694, -0, -0, -0, -0, 0.001741126115055, 0.3940873138667, 0.391242544439, 0.3939167046589, 0, 0.3912148876862, 0.3942579230746
8.625, 0.1971336724147, 0.1548719225453, -0.2005026922429, 0.1549854495355, 0.03584507299701, 0.00105876740408, -0.03370753306575, 0.0003659974689348, 0, -392.3394325755, -2000, 232.70512991, 2000, 7603.635796448, 3171.933606994, 7614.759502942, 3189.090613925, 33.56886237052, 6.945923589018, 15.72882246713, 49.5318553072, -240.2967426676, 11.98081928793, 240.8732780472, 7.448447269458, 5400.782651755, 4048.585386829, 5413.520802042, 3894.611301764, 3, 4.551966067011, 69.23228424193, -4.728893186892, -64.30937580685, -0.5710940864143, 1.120211281886, -0.4483936207735, 1.574768306419, 0, 0, 0.2137024304435, -0, -0, -0, -0, -0, 0.2137026881248, 0.005372960119948, 0, 0, 0, 0, 0, -0.01115806802202, 0.005372997493106, -0.02121119717188, -0.01115799040924, 0.02963204280878, -0.01115799040924, 48.46263227727, 48.47941809008, 48.4625240011, 48.47948685221, 119.6371974361, -0.2042621008776, 0.1936444572618, 0, 1, 49.99953257637, 50, 49.99940042676, -0.0008193295115032, 0, 0, 0, 0, 0, 0, 0, 0, 119.6387278049, 116.688843401, 119.6385583256, 116.6887169578, 119.6371974361, 116.6887801856, 119.6387283361, 116.6888434071, 0, 119.6385589879, 116.688716964, -0.005964289543209, 0, -0.2101486898524, -0.004599782956565, 0.1875710011577, -0.004599782956565, 0.7821632265356, 0.7824942761377, -0.7925199252182, -0.7925057486528, -0.005172698358644, -0.004928990027065, 0.7823080651956, 0.7825709925022, 0, -0.7927222519778, -0.7924289725563, -0, -0, -0, -0, 0.001741213711068, 0.3940884420404, 0.391241442011, 0.3939350814008, 0, 0.3912160417002, 0.39424180268
8.65, 0.2011021514655, 0.1589169381033, -0.1965112332616, 0.1590365989998, 0.03671756673686, 0.001206549214818, -0.03399454991549, -0.0009229386190097, 0, -344.0785283126, -2000, 182.2487813748, 2000, 7603.70040889, 3171.262280059, 7614.688949577, 3189.701811791, 34.76906369143, 5.675068148385, 14.43138646513, 50.46300532348, -240.1879749741, 13.61535982465, 240.9568016307, 8.414016492652, 5400.493830502, 4057.716177255, 5413.835958999, 3887.637811659, 3, 4.995752679889, 70.72911828004, -5.209853222197, -66.41273966631, -0.5704329216686, 1.103988513886, -0.4491151239565, 1.590311358206, 0, 0, 0.2136671965914, -0, -0, -0, -0, -0, 0.2136675011126, 0.005361170217238, 0, 0, 0, 0, 0, -0.01232509978526, 0.005361207496093, -0.02108410468441, -0.01232501408313, 0.02976959641292, -0.01232501408313, 48.60328384616, 48.62011768705, 48.60317260584, 48.62018555761, 119.9844169986, -0.2062396577346, 0.1916653067405, 0, 1, 49.99958329966, 50, 49.99946667779, -0.000724568668671, 0, 0, 0, 0, 0, 0, 0, 0, 119.9859497241, 117.0360625772, 119.9857750539, 117.0359365699, 119.9844169986, 117.0359995803, 119.9859502573, 117.036062584, 0, 119.985775712, 117.0359365767, -0.006045226091744, 0, -0.2122076835351, -0.004583926782232, 0.1855104050717, -0.004583926782232, 0.782132141947, 0.782456748847, -0.7925509365968, -0.7925432825525, -0.005204672701734, -0.004958494131333, 0.7822761129606, 0.7825414851283, 0, -0.7927542022661, -0.792458473391, -0, 5.551115123126e-17, -0, -0, 0.001741216767407, 0.39408629169, 0.3912420176724, 0.3939168909314, 0, 0.3912154134107, 0.3942556924487
8.675, 0.1937723833395, 0.05257159405687, -0.2039073845473, 0.05258490996721, 0.01096723222164, 0.0007602994976791, -0.04281817830453, 0.006406497569356, 0, -413.9355445958, -2000, 253.8089465232, 2000, 7603.717694831, 3173.011423621, 7614.665811001, 3188.248445861, 31.04243380082, 20.1205728325, 18.66497808903, 38.79465058958, -240.4167324395, 7.792650069521, 240.7931651844, 6.193391148857, 5401.418478177, 4038.106426051, 5412.946115011, 3906.59950129, 3, 2.712416079193, 23.12053461174, -2.802299844224, -22.57854277461, -0.5702667219802, 1.147048488412, -0.4493410370728, 1.553130084324, 0, 0, 0.2136228097753, -0, -0, -0, -0, -0, 0.2136230063887, 0.005238168296947, 0, 0, 0, 0, 0, -0.009529936213857, 0.005238204705377, -0.02170099685736, -0.009529869975389, 0.02913786616562, -0.009529869975389, 48.7439309315, 48.76081771129, 48.74382589904, 48.76088390636, 120.3316369441, -0.197715385311, 0.2001924438477, 0, 1, 49.99961977852, 50, 49.999602597, -0.0001431513644959, 0, 0, 0, 0, 0, 0, 0, 0, 120.3331640217, 117.3832864568, 120.3330000359, 117.383152348, 120.3316369441, 117.383219408, 120.3331645486, 117.3832864624, 0, 120.3330007095, 117.3831523536, -0.006095987629522, 0, -0.2037318293728, -0.004878644086579, 0.1939892178049, -0.004878644086579, 0.7820952914948, 0.7824504232018, -0.7925878980847, -0.7925495928747, -0.005238283287929, -0.004984037297711, 0.7822434742858, 0.7825159489545, 0, -0.7927868511283, -0.7924840235499, -5.551115123126e-17, -0, -0, -0, 0.001741210799029, 0.3940869408363, 0.3912401741721, 0.3939559578453, 0, 0.3912171882255, 0.3942179238273
8.7, 0.2001960242407, 0.1481885850909, -0.1974042370171, 0.1482928920724, 0.0347489103807, 0.001438658617508, -0.03508750038424, 0.003490882326023, 0, -372.8934113388, -2000, 211.922746263, 2000, 7603.776069029, 3170.274299106, 7614.629528566, 3190.303017084, 33.45241863435, 5.152841266044, 15.51108238896, 50.13044655779, -240.0790635184, 16.08345817121, 241.1145882176, 10.03854701211, 5401.440910012, 4070.467877439, 5413.112277014, 3878.721506984, 3, 4.814482774129, 68.03333362014, -5.059620308383, -60.31893591484, -0.5696665260761, 1.08100848709, -0.4497076634841, 1.605799548308, 0, 0, 0.2136716881119, -0, -0, -0, -0, -0, 0.2136720585822, 0.005189941962313, 0, 0, 0, 0, 0, -0.01389531897168, 0.00518997805205, -0.02121851933805, -0.01389522234697, 0.02962950093045, -0.01389522234697, 48.88458526816, 48.9015166229, 48.88447193485, 48.90158301242, 120.6788562137, -0.2064937441997, 0.1914111472555, 0, 1, 49.99966893683, 50, 49.99947911448, -0.0009820816776041, 0, 0, 0, 0, 0, 0, 0, 0, 120.680391082, 117.7305017571, 120.6802121891, 117.7303750374, 120.6788562137, 117.730438405, 120.6803916197, 117.7305017648, 0, 120.6802128428, 117.7303750451, -0.006188955006941, 0, -0.2126049980452, -0.004609845586436, 0.1851130347886, -0.004609845586436, 0.7820654019734, 0.7823852450841, -0.792617708848, -0.7926147961347, -0.005271623343436, -0.005019203675737, 0.7822102901236, 0.7824807706171, 0, -0.7928200187008, -0.7925191779686, -5.551115123126e-17, -0, -0, 5.551115123126e-17, 0.001740907436596, 0.3940824691039, 0.3912401307212, 0.3938914866688, 0, 0.391216855504, 0.394273451539
8.725, 0.1913051771281, -0.03002602931657, -0.2063956093246, -0.03002201648879, -0.00775413450297, 0.0006677375609565, -0.05149908059681, 0.00689056070082, 0, -434.2562902399, -2000, 271.7129777838, 2000, 7604.048721916, 3173.285903577, 7614.387858497, 3186.722757226, 28.47080753518, 28.09937469402, 21.16548728871, 29.81913693204, -240.3925897589, 6.505536108511, 240.8779767982, 5.605453771819, 5403.040085141, 4030.611654538, 5411.82955466, 3918.132235981, 3, 0.7731789061267, -11.77977160658, -0.8184275888802, 12.94575984816, -0.5668123691873, 1.159203014665, -0.4522338798284, 1.51587985252, 0, 0, 0.2138035533405, -0, -0, -0, -0, -0, 0.2138037010478, 0.004820313766793, 0, 0, 0, 0, 0, -0.008151066580161, 0.004820347327601, -0.02227705967018, -0.008151009829736, 0.02854381484113, -0.008151009829736, 49.02523030516, 49.04221600413, 49.02512716674, 49.04228139402, 121.026074818, -0.1934036700073, 0.2045041094623, 0, 1, 49.99971082109, 50, 49.99970225501, 0.0002153456668741, 0, 0, 0, 0, 0, 0, 0, 0, 121.0276014967, 118.0777276258, 121.0274407692, 118.0775866694, 121.026074818, 118.0776571526, 121.0276020264, 118.0777276308, 0, 121.0274414434, 118.0775866744, -0.006196197939301, 0, -0.1995180792216, -0.005127751456897, 0.1982028297248, -0.005127751456897, 0.7820237681623, 0.7824004243021, -0.7926595255069, -0.7925995853281, -0.005308655786931, -0.005043517504611, 0.782175883316, 0.7824564713727, 0, -0.7928544234337, -0.792543506382, -5.551115123126e-17, -0, -5.551115123126e-17, -0, 0.001740431561621, 0.394082920424, 0.39123694237, 0.3939708891318, 0, 0.3912194144908, 0.3941949517163
8.75, 0.1906932023963, 0.02079515629684, -0.207133615772, 0.02079730431639, 0.005565111403, 0.0007397164198974, -0.04557937570668, 0.0004437256204175, 0, -439.2108058587, -2000, 279.3882311382, 2000, 7604.430542531, 3173.405611078, 7614.050172642, 3186.704148835, 29.22387132134, 24.61620015982, 21.14258711507, 36.45649504292, -240.2466609187, 7.200312552806, 241.0040051867, 5.997139660897, 5404.277679567, 4027.252694292, 5410.739805056, 3912.724493103, 3, 0.7564497114442, 7.011674789087, -0.5476429024646, -12.00456029778, -0.562799603847, 1.163834594739, -0.455779349161, 1.512213504918, 0, 0, 0.2139711679522, -0, -0, -0, -0, -0, 0.2139713148497, 0.004370070124976, 0, 0, 0, 0, 0, -0.008299536174167, 0.004370100598746, -0.02248928838307, -0.008299478299411, 0.02831693801041, -0.008299478299411, 49.16588157269, 49.18291474376, 49.165776163, 49.1829806724, 121.373293235, -0.1958558991906, 0.2020519075769, 0, 1, 49.99974551188, 50, 49.99989944449, 0.001205490634365, 0, 0, 0, 0, 0, 0, 0, 0, 121.3748230279, 118.4249478342, 121.3746583588, 118.4248056353, 121.373293235, 118.4248767399, 121.3748235693, 118.4249478393, 0, 121.3746590193, 118.4248056405, -0.006217824736749, 0, -0.2019910972516, -0.005172949250154, 0.1957297491342, -0.005172949250154, 0.7819869611708, 0.7823658361867, -0.7926964168119, -0.7926341739178, -0.005346878611958, -0.005077083419616, 0.7821405245016, 0.7824229051089, 0, -0.7928897667193, -0.7925770719482, -0, -0, -0, -0, 0.001740054822594, 0.3940916520533, 0.3912344764765, 0.393977580141, 0, 0.3912215860751, 0.3942057239657
8.775, 0.1898517352394, 0.01240455318798, -0.2079900464725, 0.0124053638282, 0.005216768417354, 0.0007920962123511, -0.04616278179602, -0.001493175898261, 0, -445.0720176296, -2000, 283.3258207593, 2000, 7604.939209836, 3173.983700386, 7613.577473658, 3185.981355395, 29.09897732272, 25.76449775395, 21.44392077381, 36.21609579778, -239.8617384725, 7.303645803348, 241.3749389212, 6.119970516277, 5406.861979337, 4020.061897295, 5407.988954465, 3913.835747258, 3, 0.974888893309, 2.984135177729, -0.7339175951402, -9.634287309123, -0.5574417087599, 1.180758452404, -0.4607536871133, 1.491657834816, 0, 0, 0.2141245391447, -0, -0, -0, -0, -0, 0.2141246607346, 0.003608665987627, 0, 0, 0, 0, 0, -0.007697909994259, 0.003608691187992, -0.02313507022232, -0.007697856237826, 0.02766162989472, -0.007697856237826, 49.30653164609, 49.32361409998, 49.3064266077, 49.32367975715, 121.7205121168, -0.1954100435977, 0.20249721259, 0, 1, 49.99978098654, 50, 49.99996704841, 0.001305499956194, 0, 0, 0, 0, 0, 0, 0, 0, 121.7220424421, 118.7721688813, 121.721878798, 118.7720240647, 121.7205121168, 118.7720964779, 121.7220429978, 118.7721688862, 0, 121.7218794447, 118.7720240696, -0.006201750332688, 0, -0.2015266935398, -0.005268177003883, 0.1961935056456, -0.005268177003883, 0.7819459341141, 0.7823348859741, -0.7927374950707, -0.7926651215831, -0.005388480924172, -0.005112169619975, 0.7821039049547, 0.7823878199437, 0, -0.7929263731321, -0.7926121591836, -0, 5.551115123126e-17, -0, -0, 0.001740032721333, 0.3940977079525, 0.3912293267137, 0.3939919050152, 0, 0.3912270680424, 0.3942035108899
8.8, 0.1877162298508, -0.09857549443768, -0.2100628558661, -0.09853081186943, -0.02001708229635, 0.0007513567707298, -0.05769871515659, 0.003384085152438, 0, -444.8544907693, -2000, 282.6178277094, 2000, 7605.755436885, 3175.195229942, 7612.750286628, 3184.430514723, 26.3307742965, 36.07873222257, 23.5117349365, 22.87345216944, -239.4579787654, 6.23073556631, 241.7873979921, 5.585375881498, 5410.247544831, 4009.492235171, 5404.121856542, 3924.774766548, 3, -0.4613119582946, -41.15644724442, 0.5794812149774, 40.67050884995, -0.5488335329629, 1.214404055975, -0.469469805044, 1.451097259686, 0, 0, 0.2141741686156, -0, -0, -0, -0, -0, 0.2141742424401, 0.00246866132706, 0, 0, 0, 0, 0, -0.00613923644707, 0.002468678574433, -0.02439155303648, -0.006139193555389, 0.02640683835598, -0.006139193555389, 49.44717962888, 49.46431368097, 49.44707973757, 49.46437948316, 122.0677324696, -0.1894526945838, 0.2084551179746, 0, 1, 49.99981965842, 50, 49.99982736441, 6.106637449363e-05, 0, 0, 0, 0, 0, 0, 0, 0, 122.0692582232, 119.1193914042, 122.0691043945, 119.1192422141, 122.0677324696, 119.1193168131, 122.0692587915, 119.1193914082, 0, 122.0691050309, 119.1192422181, -0.006139070148911, 0, -0.1955019081494, -0.005427277451568, 0.2022187982664, -0.005427277451568, 0.781899571205, 0.7823090962702, -0.7927838518474, -0.7926909057051, -0.005433796279707, -0.005148677525868, 0.7820661187481, 0.7823513144205, 0, -0.7929641654752, -0.7926486694723, -5.551115123126e-17, -0, -0, -0, 0.00174056742187, 0.3940973413615, 0.3912225790016, 0.3940129614131, 0, 0.3912347754665, 0.3941817213098
8.825, 0.1898412960793, 0.006410320155663, -0.2079686145365, 0.006410544736606, 0.006152652118496, 0.0009299546786015, -0.04676177950658, -0.0005317356672139, 0, -440.9045582998, -2000, 278.8379331928, 2000, 7606.745274341, 3174.779311051, 7611.678909235, 3184.959617214, 28.87941934333, 26.53553331869, 21.55820959897, 35.65550720839, -239.3711499115, 8.191940289207, 241.8022621677, 6.904904075573, 5412.211088271, 4024.156675236, 5401.598192709, 3913.639470324, 3, 1.052636548355, 1.125345963336, -0.8804182379866, -6.774751141289, -0.5383737154488, 1.205131662532, -0.4807800202983, 1.462084732557, 0, 0, 0.2140701146012, -0, -0, -0, -0, -0, 0.2140702191479, 0.001335834978414, 0, 0, 0, 0, 0, -0.00800887062641, 0.001335844302197, -0.02495307257241, -0.008008814726897, 0.02586250233316, -0.008008814726897, 49.58783243017, 49.60501298591, 49.58772874108, 49.6050800027, 122.4149548108, -0.1952682615787, 0.2026423024795, 0, 1, 49.99984989418, 50, 49.99997599331, 0.0005432545836856, 0, 0, 0, 0, 0, 0, 0, 0, 122.4164830553, 119.4666113444, 122.4163228209, 119.46646573, 122.4149548108, 119.4665385423, 122.4164836537, 119.4666113495, 0, 122.4163234265, 119.4664657351, -0.006074928257938, 0, -0.2012513204953, -0.005297199419555, 0.1964721625501, -0.005297199419555, 0.7818586899805, 0.7822551094199, -0.7928246505694, -0.7927448992354, -0.005478039295061, -0.005189808399464, 0.7820290698627, 0.7823101805416, 0, -0.7930012496424, -0.7926897973405, 5.551115123126e-17, -0, 5.551115123126e-17, -0, 0.001741547645448, 0.3940938246903, 0.3912186659098, 0.393983747794, 0, 0.3912398043802, 0.3942039015865
8.85, 0.1880628991628, -0.1777851394953, -0.2097120795879, -0.1776373701188, -0.03873902240626, 0.0006261660884355, -0.06522575481503, -0.01142673259693, 0, -411.6485991173, -2000, 255.8881334109, 2000, 7607.99401954, 3176.394547059, 7610.334581373, 3182.980142269, 18.32643846823, 46.32908353682, 31.88719872161, 14.53161735341, -240.1054723411, 5.513968466897, 241.02415857, 5.298033826872, 5412.88358954, 4013.383595408, 5400.729162843, 3933.796424099, 3, -2.996307142422, -78.42386730789, 3.105854623492, 72.40346371562, -0.5251663595293, 1.247376979786, -0.4949889435294, 1.412659528735, 0, 0, 0.2139447863174, -0, -0, -0, -0, -0, 0.2139448347445, 0.0002434376530531, 0, 0, 0, 0, 0, -0.005767458160274, 0.0002434393501961, -0.0261165510249, -0.00576741795229, 0.02473163272028, -0.00576741795229, 49.72848052681, 49.74571261698, 49.72838283833, 49.74578049352, 122.7621776739, -0.1890116700781, 0.2088993581681, 0, 1, 49.99989156566, 50, 50.00002904047, 0.00058085368767, 0, 0, 0, 0, 0, 0, 0, 0, 122.7636993941, 119.8138352855, 122.7635504985, 119.8136852674, 122.7621776739, 119.8137602802, 122.7637000006, 119.8138352893, 0, 122.7635510964, 119.8136852711, -0.005959956172724, 0, -0.1948754233916, -0.005457401449899, 0.2028485099583, -0.005457401449899, 0.7818152787543, 0.7822347320555, -0.7928678756087, -0.7927652687793, -0.005520521902823, -0.00522559964773, 0.7819936023388, 0.7822743927903, 0, -0.793036753353, -0.7927255920858, 5.551115123126e-17, -0, 5.551115123126e-17, -0, 0.001742240902065, 0.3940844800557, 0.3912173227255, 0.3940052099652, 0, 0.3912415389247, 0.3941637501463
8.875, 0.1879863493698, -0.2394300746077, -0.2097066891429, -0.2391601664549, -0.05587593899245, 0.0001978141150919, -0.06838945199534, -0.01318781067854, 0, -386.7162382296, -1925.319233574, 235.8160232, 2000, 7608.900417178, 3177.731193221, 7609.357205937, 3181.47340803, 9.399643674057, 52.06921811052, 39.94434046297, 3.638485280726, -241.3704380589, 2.746292366661, 239.5803098329, 2.654470327363, 5410.541461621, 4001.360007809, 5403.451386623, 3950.346604031, 3, -5.522868537934, -101.7570753066, 5.471082148528, 104.0067692975, -0.515529756433, 1.2789219809, -0.5053756840602, 1.377337201835, 0, 0, 0.2138939853441, -0, -0, -0, -0, -0, 0.2138940038266, -0.0001176903605998, 0, 0, 0, 0, 0, -0.00369679769586, -0.000117691180697, -0.02631611070341, -0.003696771935784, 0.02455872754865, -0.003696771935784, 49.86913106008, 49.88641233941, 49.86903439672, 49.88648061708, 123.1093998976, -0.1889124817137, 0.2089989321632, 0, 1, 49.99993156187, 50, 49.99987530888, -0.0003573123416026, 0, 0, 0, 0, 0, 0, 0, 0, 123.1109201736, 120.1610586422, 123.1107734644, 120.1609055175, 123.1093998976, 120.1609820824, 123.1109207842, 120.1610586447, 0, 123.1107740586, 120.16090552, -0.005870629307752, 0, -0.1946861855455, -0.005570412567346, 0.2030380776823, -0.005570412567346, 0.7817827141346, 0.7822171931144, -0.7929002845586, -0.7927828027204, -0.005553783322374, -0.005257378431469, 0.7819624024557, 0.7822426162076, 0, -0.7930679793092, -0.7927573730705, -0, -5.551115123126e-17, -0, -0, 0.001742236059225, 0.3940799726739, 0.391221987695, 0.3940291625109, 0, 0.3912361166765, 0.3941307828369
8.9, 0.1905152021002, -0.2428941908095, -0.2071746504343, -0.2426156641478, -0.05808362815488, 3.190449819393e-05, -0.07007117978848, -0.01962026882703, 0, -361.067544203, -2000, 206.7706571435, 2000, 7609.086869751, 3177.410223244, 7609.166717783, 3181.779815783, 8.834447572156, 52.03505112454, 40.42749749405, 3.445034797851, -242.4051945274, 2.31844486875, 238.567129685, 2.004758278433, 5406.128034892, 4000.872303546, 5408.539793988, 3948.202027613, 3, -6.049843567738, -104.2118773198, 5.992256257525, 105.5316811335, -0.5134362010263, 1.269946568022, -0.5075178327412, 1.386256220158, 0, 0, 0.2139580443624, -0, -0, -0, -0, -0, 0.2139580669154, 0.0004130107725046, 0, 0, 0, 0, 0, -0.003816866570013, 0.0004130136521956, -0.02569689314885, -0.003816839957337, 0.02518400052801, -0.003816839957337, 50.00978236365, 50.02711204464, 50.00968493038, 50.02718066985, 123.456621002, -0.1903691213883, 0.2075415539429, 0, 1, 49.99997182461, 50, 49.99995250867, 6.768646518873e-06, 0, 0, 0, 0, 0, 0, 0, 0, 123.4581423344, 120.5082790107, 123.4579943809, 120.508128287, 123.456621002, 120.5082036514, 123.4581429349, 120.5082790132, 0, 123.457994986, 120.5081282895, -0.005835814819326, 0, -0.1961103038109, -0.00548306773251, 0.2016131430703, -0.00548306773251, 0.7817598627484, 0.7821865371322, -0.792923095351, -0.7928134591506, -0.005577128392472, -0.005287208635977, 0.7819353269354, 0.7822127860107, 0, -0.7930950552225, -0.7927872032826, -0, -0, -0, -0, 0.001741589721667, 0.3940825944133, 0.3912307813, 0.3940301339792, 0, 0.3912259785545, 0.3941350548474
8.925, 0.1883711293417, -0.2338592417805, -0.20933767872, -0.2336010112081, -0.0570789085615, -0.0001374860524482, -0.06133020188802, 0.001012192339685, 0, -387.8453385207, -1537.218893219, 237.8467190634, 1829.11206113, 7608.56473401, 3177.58842172, 7609.764297176, 3181.867120697, 8.280200872657, 51.46086159571, 41.04309649247, 3.409916614994, -242.9226147561, 1.413313813389, 238.0514955834, 0.7482699542554, 5402.881110555, 3991.008489396, 5412.111236272, 3950.952887446, 3, -6.204144637391, -100.3810567114, 6.1889018001, 101.9748561964, -0.5187882818962, 1.272524527038, -0.5013794554315, 1.388860965922, 0, 0, 0.2140592597969, -0, -0, -0, -0, -0, 0.2140592769532, 0.001328127827483, 0, 0, 0, 0, 0, -0.002902716692089, 0.001328137096532, -0.0250014942881, -0.002902696434069, 0.02586242143168, -0.002902696434069, 50.15043277929, 50.16781141535, 50.15033627648, 50.16788101313, 123.8038418842, -0.189289778542, 0.2086189442775, 0, 1, 50.00000087484, 50, 49.99997488774, -1.638511305485e-06, 0, 0, 0, 0, 0, 0, 0, 0, 123.8053629264, 120.8555006953, 123.8052169358, 120.8553502939, 123.8038418842, 120.8554254965, 123.8053635074, 120.8555006972, 0, 123.8052175606, 120.8553502958, -0.0058207577712, 0, -0.1950184489666, -0.005471341274415, 0.2027030216856, -0.005471341274415, 0.7817382654661, 0.7821655483041, -0.792944777982, -0.792834446536, -0.00559746414201, -0.00531448389841, 0.7819089841464, 0.7821855115004, 0, -0.7931213669827, -0.7928144792972, -5.551115123126e-17, -0, -5.551115123126e-17, -0, 0.001740876058498, 0.3940896793978, 0.3912372513769, 0.39404978338, 0, 0.3912188620648, 0.3941295754156
8.95, 0.1881887218204, -0.2459496784876, -0.2095213138754, -0.24566517933, -0.06091225500763, 6.472807367282e-06, -0.07009681418515, -0.01969022036601, 0, -396.6909964872, -2000, 245.9426014215, 2000, 7607.5591464, 3176.196788919, 7610.86460601, 3182.835842422, 11.18970334079, 52.23635819936, 38.05605346202, 3.08820758204, -242.7954762273, 2.364825484789, 238.2920776834, 2.154786021101, 5400.860097503, 3998.577346321, 5414.03846351, 3942.806308137, 3, -5.909517891251, -105.1752449214, 5.899512853273, 107.1690419667, -0.5292444742452, 1.237796570495, -0.4899304235361, 1.415380246382, 0, 0, 0.2141579472696, -0, -0, -0, -0, -0, 0.2141579837338, 0.002416668651677, 0, 0, 0, 0, 0, -0.004041570130159, 0.002416685533244, -0.0242650548193, -0.004041541898078, 0.02657277136082, -0.004041541898078, 50.29108316748, 50.30851072087, 50.29098786159, 50.30858137052, 124.1510630899, -0.1872576848844, 0.2106489675582, 0, 1, 50.00003278717, 50, 49.99998860454, -0.0001565908962197, 0, 0, 0, 0, 0, 0, 0, 0, 124.1525836933, 121.2027200164, 124.1524399346, 121.2025738193, 124.1510630899, 121.2026469204, 124.1525842515, 121.2027200189, 0, 124.1524405828, 121.2025738218, -0.005850322554747, 0, -0.1930186151716, -0.005318397561704, 0.2047007978088, -0.005318397561704, 0.7817159240634, 0.7821280181703, -0.7929672597714, -0.7928719789627, -0.005617876320653, -0.005344181973989, 0.7818816158101, 0.7821558126742, 0, -0.7931486972487, -0.7928441766222, -0, -0, -0, -0, 0.00174047578316, 0.3940902543438, 0.391241279461, 0.3940347055011, 0, 0.3912150207477, 0.3941458031865
8.975, 0.1883880409672, -0.2414165065321, -0.2092618039882, -0.2411429983953, -0.06128791007151, -2.761973562936e-05, -0.0699947638599, -0.02113546946429, 0, -388.8440515455, -2000, 242.2574349723, 2000, 7606.527750989, 3175.836050838, 7611.97383519, 3183.080447439, 9.958868861455, 52.57704721369, 39.4926876265, 3.842241751112, -242.6454851216, 2.076955165386, 238.3674876733, 1.566650871687, 5399.037828772, 3996.392555906, 5415.340396834, 3945.146553394, 3, -6.283790164734, -105.208906536, 6.149104162084, 103.2975460233, -0.5400104042875, 1.2269291426, -0.4783458595432, 1.423977593603, 0, 0, 0.2141748776211, -0, -0, -0, -0, -0, 0.2141749148011, 0.003452461000362, 0, 0, 0, 0, 0, -0.003713653539002, 0.003452485121239, -0.0233852225125, -0.003713627593455, 0.027434754653, -0.003713627593455, 50.43173529651, 50.44921100508, 50.43163815873, 50.44928166956, 124.498285406, -0.1886758556123, 0.2092286857145, 0, 1, 50.00006440223, 50, 50.00010786555, 0.0002598120695817, 0, 0, 0, 0, 0, 0, 0, 0, 124.4998077175, 121.5499423203, 124.4996607784, 121.549796262, 124.498285406, 121.5498692936, 124.4998082595, 121.5499423227, 0, 124.4996614429, 121.5497962644, -0.00590069757817, 0, -0.1944904513082, -0.00531334917042, 0.2032269029276, -0.00531334917042, 0.7816922811542, 0.7821017294636, -0.7929909913531, -0.7928982670723, -0.005640882422086, -0.005372725843291, 0.7818519665132, 0.7821272691164, 0, -0.7931783131817, -0.792872720803, -0, -0, -0, -5.551115123126e-17, 0.001740585333801, 0.394090099661, 0.3912449119763, 0.3940390578259, 0, 0.3912124244814, 0.394141141496
9, 0.1881806762407, -0.2470968043291, -0.2094792357025, -0.2468113080438, -0.06343440503786, 6.544788759018e-05, -0.07021644543645, -0.0206988437067, 0, -390.5275705888, -2000, 242.4034790937, 2000, 7605.450370352, 3175.322653933, 7613.024319823, 3183.782621505, 10.95041586544, 52.57777713382, 38.37801312098, 3.327877457318, -242.2846413936, 2.453274644895, 238.7401368213, 2.21474010954, 5397.806516647, 3999.101868325, 5416.201829157, 3944.353848983, 3, -6.108864801044, -106.2012908078, 5.989236262046, 106.744813354, -0.5513011887442, 1.211958117396, -0.467333723611, 1.442509443675, 0, 0, 0.214093377352, -0, -0, -0, -0, -0, 0.2140934238275, 0.004417086234027, 0, 0, 0, 0, 0, -0.003967434818195, 0.004417117070849, -0.02269428372414, -0.003967407120688, 0.02812849488368, -0.003967407120688, 50.57238706348, 50.58991161869, 50.57228927276, 50.58998192225, 124.845509036, -0.1881045284375, 0.2098010856973, 0, 1, 50.00008816575, 50, 50.0000593658, -0.0002930777272463, 0, 0, 0, 0, 0, 0, 0, 0, 124.8470314318, 121.8971653309, 124.8468832125, 121.897019685, 124.845509036, 121.8970925104, 124.8470319566, 121.8971653334, 0, 124.8468838954, 121.8970196875, -0.005984139668343, 0, -0.1940051749956, -0.005298345439776, 0.2037133120944, -0.005298345439776, 0.7816652048022, 0.7820701939304, -0.7930180589856, -0.7929298031113, -0.005666573142415, -0.005402516222901, 0.7818201730806, 0.7820974785221, 0, -0.7932101167562, -0.7929025109679, -5.551115123126e-17, -0, -5.551115123126e-17, -0, 0.001741091136156, 0.3940881905718, 0.3912473666863, 0.3940336606722, 0, 0.3912107061841, 0.3941427204715
9.025, 0.1870455726718, -0.236171960826, -0.2106415280282, -0.2359117276378, -0.0617023516472, -1.373431421777e-05, -0.06529563445492, 0.001833392979527, 0, -393.3432349618, -1691.581941782, 241.9545399319, 1999.609802737, 7604.571268181, 3175.808262081, 7613.829489391, 3183.725962333, 8.770885029943, 51.59525454431, 40.52773144202, 3.320968098072, -241.9787954092, 1.636372090611, 238.9523239193, 1.009867989011, 5397.174517882, 3992.480274117, 5416.737306739, 3952.983625293, 3, -6.169788841848, -100.8240842956, 6.095026153599, 102.6517625795, -0.5605478882769, 1.22134368808, -0.458860296277, 1.441475748206, 0, 0, 0.2139640903155, -0, -0, -0, -0, -0, 0.2139641223322, 0.005143384951887, 0, 0, 0, 0, 0, -0.002862210915152, 0.005143420815833, -0.02210030080548, -0.002862190957576, 0.0287404949538, -0.002862190957576, 50.71303975937, 50.73061262773, 50.71293978516, 50.73068216377, 125.1927333793, -0.1892303258356, 0.2086770368448, 0, 1, 50.00011228264, 50, 50.00005008015, -0.0005441898368055, 0, 0, 0, 0, 0, 0, 0, 0, 125.1942568916, 122.2443909921, 125.1941046711, 122.2442418166, 125.1927333793, 122.2443164062, 125.1942574058, 122.2443909939, 0, 125.1941053646, 122.2442418185, -0.006078080891269, 0, -0.1952271882711, -0.005426745939847, 0.2024930916473, -0.005426745939847, 0.7816347697273, 0.7820484188499, -0.7930483993726, -0.7929515760508, -0.00569647087641, -0.005431892160415, 0.7817856824587, 0.7820681033247, 0, -0.7932446352809, -0.7929318876456, -0, 5.551115123126e-17, -0, -0, 0.001741570673343, 0.3940861908435, 0.3912486272335, 0.3940468515519, 0, 0.3912096374221, 0.3941255301351
9.05, 0.1887029912636, -0.2423870976704, -0.2089798812599, -0.2421137191164, -0.06353006196942, 8.810386366762e-05, -0.06977815919077, -0.01932577681586, 0, -365.4007527082, -2000, 210.5372300404, 2000, 7603.906492328, 3175.173418439, 7614.443620059, 3184.046873978, 8.508706510627, 51.84148769929, 40.71928796136, 3.386905868369, -241.6014408273, 2.113185458904, 239.3352063541, 1.690047611024, 5396.789559616, 3998.06044733, 5417.4049861, 3953.480040208, 3, -6.269391583678, -103.5464776248, 6.179286370589, 104.8407053568, -0.5675734931986, 1.205626567227, -0.452365796132, 1.451393969041, 0, 0, 0.2139031496527, -0, -0, -0, -0, -0, 0.2139031899985, 0.005707267023811, 0, 0, 0, 0, 0, -0.003230616549338, 0.005707306796945, -0.02157678510914, -0.003230594035778, 0.02927834654823, -0.003230594035778, 50.85369279821, 50.87131354895, 50.85358994855, 50.87138202953, 125.5399571953, -0.1908388181968, 0.2070693418075, 0, 1, 50.00014430473, 50, 50.000106267, -0.0003103600845182, 0, 0, 0, 0, 0, 0, 0, 0, 125.5414830167, 122.5916147037, 125.5413253435, 122.5914642925, 125.5399571953, 122.5915395002, 125.5414835232, 122.5916147058, 0, 125.5413260439, 122.5914642946, -0.006199013270081, 0, -0.1969586006661, -0.005471699917509, 0.2007624757247, -0.005471699917509, 0.7816018806321, 0.7820139364689, -0.7930812093471, -0.7929860588526, -0.005729355463786, -0.005463841179276, 0.7817492187907, 0.7820361539779, 0, -0.7932811169689, -0.7929638363364, -0, -0, -0, -5.551115123126e-17, 0.00174155311986, 0.3940801383302, 0.3912493954451, 0.3940357355343, 0, 0.3912083055243, 0.3941245411261
9.075, 0.1880145831583, -0.2444150246656, -0.2096644856014, -0.2441377859076, -0.06346130814785, 0.0001691800169301, -0.06985588765411, -0.019823265413, 0, -353.891654726, -2000, 201.9365748587, 2000, 7603.495030428, 3174.986263345, 7614.867513394, 3183.91579476, 8.747909854037, 51.86232443882, 40.49747323329, 3.614987434926, -241.1470494177, 2.345341828468, 239.829958187, 2.036806869183, 5397.621804005, 3997.605090733, 5417.029771838, 3955.646131249, 3, -6.140718510614, -104.3173622056, 6.042052566327, 105.0944818791, -0.5719585277912, 1.201912377771, -0.4478512881627, 1.448961493333, 0, 0, 0.213939827723, -0, -0, -0, -0, -0, 0.2139398658955, 0.005943846427494, 0, 0, 0, 0, 0, -0.003040647629573, 0.005943887863523, -0.02142600339124, -0.003040626432604, 0.02942766578707, -0.003040626432604, 50.99434502562, 51.01201432702, 50.99424069486, 51.01208178153, 125.8871800686, -0.1907200186388, 0.2071877130625, 0, 1, 50.00017377074, 50, 50.00016484751, 4.387366377256e-05, 0, 0, 0, 0, 0, 0, 0, 0, 125.8887076039, 122.9388390529, 125.8885470012, 122.9386855206, 125.8871800686, 122.9387622888, 125.8887081068, 122.9388390549, 0, 125.8885477053, 122.9386855226, -0.006315575393872, 0, -0.1969569117483, -0.005585239156646, 0.2007637102835, -0.005585239156646, 0.7815641959174, 0.7819823267913, -0.7931188975835, -0.7930176679433, -0.005766640468134, -0.0054967572503, 0.7817105038356, 0.7820032378992, 0, -0.7933198251157, -0.7929967523998, -0, -0, -0, 5.551115123126e-17, 0.001741034161884, 0.3940784344829, 0.3912477379743, 0.3940366426907, 0, 0.3912090524407, 0.3941202262752
9.1, 0.1869289980181, -0.2458668387197, -0.2107641114961, -0.2455865034249, -0.06391180966509, 0.0003261691442834, -0.06995191291496, -0.0199283005022, 0, -384.8905824631, -2000, 236.7134909127, 2000, 7603.278004486, 3174.327035571, 7615.156114954, 3184.483920748, 10.5891721073, 52.4012151301, 38.72706277736, 3.850591704654, -240.7755949222, 3.181470890562, 240.2977137094, 3.328702622902, 5399.450154797, 4003.383857634, 5415.601036658, 3944.600772107, 3, -5.737032790859, -104.857651336, 5.673506635764, 105.6706505043, -0.5743112246959, 1.184550220775, -0.4447469600196, 1.464239127428, 0, 0, 0.2140769704538, -0, -0, -0, -0, -0, 0.2140770309926, 0.005911672128799, 0, 0, 0, 0, 0, -0.004259844698301, 0.005911713393386, -0.02161645301261, -0.004259814963971, 0.02921880613761, -0.004259814963971, 51.13499637779, 51.15271446831, 51.13489203333, 51.15278182732, 126.2344019482, -0.1887103390437, 0.2091958893467, 0, 1, 50.00019708353, 50, 50.0002000726, 0.0002908158156371, 0, 0, 0, 0, 0, 0, 0, 0, 126.2359306067, 123.2860620298, 126.2357696296, 123.2859079341, 126.2344019482, 123.2859849848, 126.2359311093, 123.2860620327, 0, 126.2357703352, 123.285907937, -0.006435625330949, 0, -0.1950665069556, -0.005605735471985, 0.2026525624118, -0.005605735471985, 0.7815227178119, 0.7819379717173, -0.7931604717667, -0.7930620250974, -0.00580716543048, -0.005532727436864, 0.7816703248619, 0.7819672666175, 0, -0.7933599746661, -0.7930327214912, -5.551115123126e-17, 5.551115123126e-17, -5.551115123126e-17, -0, 0.001740263896597, 0.3940836795585, 0.391244095353, 0.3940251306687, 0, 0.3912118992562, 0.3941422284483
9.125, 0.1870438350911, -0.2279536337183, -0.2106353409954, -0.2277119265645, -0.0606547088489, 5.807849624162e-05, -0.05201189975372, -0.03108805379306, 0, -390.2088221021, -1422.963281595, 242.3877502652, 1218.731889034, 7603.364926905, 3175.21087227, 7615.167324949, 3183.755731519, 7.040183074487, 51.63585343581, 42.3840318463, 4.326216810063, -241.1177871012, 1.474491681677, 239.8207278859, 0.7901018338853, 5399.16120048, 3989.452258063, 5415.886606714, 3949.759374635, 3, -6.082275824003, -99.05686751809, 5.98950248483, 97.13040355252, -0.5734737049327, 1.204794345102, -0.4445508158682, 1.446782874958, 0, 0, 0.2142296102866, -0, -0, -0, -0, -0, 0.2142296456584, 0.005924018610743, 0, 0, 0, 0, 0, -0.002876431534147, 0.0059240600205, -0.0214731196748, -0.002876411427604, 0.02934380368354, -0.002876411427604, 51.27564939407, 51.29341553948, 51.27554173738, 51.29348164958, 126.5816237829, -0.1909375911649, 0.2069654498316, 0, 1, 50.00022355425, 50, 50.00028916683, 0.0006315156766051, 0, 0, 0, 0, 0, 0, 0, 0, 126.5831566072, 123.6332882408, 126.5829893847, 123.6331278935, 126.5816237829, 123.6332080692, 126.5831571124, 123.6332882428, 0, 126.5829900851, 123.6331278955, -0.006548165565176, 0, -0.197406795043, -0.005833155673043, 0.2003090238961, -0.005833155673043, 0.781483893014, 0.7819156158899, -0.7931993798288, -0.7930843779326, -0.005846804797769, -0.005564596458849, 0.7816305215136, 0.7819353984676, 0, -0.7933997359355, -0.7930645913853, -0, -0, 5.551115123126e-17, -0, 0.001739754367757, 0.3940924181959, 0.3912446713272, 0.3940528834515, 0, 0.3912113299554, 0.3941319529403
9.15, 0.1879952861081, -0.2545231075317, -0.2096783418331, -0.2542219856199, -0.06641330637029, 0.0002870847708745, -0.07077197939984, -0.02196415869445, 0, -388.7608831291, -2000, 239.2937108591, 2000, 7603.262379067, 3173.845245257, 7615.316956553, 3184.759594992, 12.67200253308, 53.05123682841, 36.54841977456, 2.944372109099, -241.1134839359, 3.081144792949, 240.0163270615, 3.330742461428, 5397.983824256, 4002.403502464, 5416.679667851, 3936.476643614, 3, -5.535341770815, -108.8201132662, 5.442924063803, 109.6646947277, -0.5746188771214, 1.171578547554, -0.4429052474345, 1.472824674794, 0, 0, 0.214303077571, -0, -0, -0, -0, -0, 0.214303150699, 0.00617795756611, 0, 0, 0, 0, 0, -0.004777533905163, 0.006178000780562, -0.02145285019004, -0.004777500486804, 0.02934536541405, -0.004777500486804, 51.41630044192, 51.43411665603, 51.41619379147, 51.43418131283, 126.9288467652, -0.1873493072811, 0.210553618083, 0, 1, 50.00024315953, 50, 50.00022033447, -5.322689977487e-05, 0, 0, 0, 0, 0, 0, 0, 0, 126.9303795161, 123.9805107543, 126.9302134453, 123.9803514342, 126.9288467652, 123.9804310976, 126.930380012, 123.9805107576, 0, 126.9302141579, 123.9803514376, -0.006690367476217, 0, -0.1939607369173, -0.005795786892518, 0.2037549734126, -0.005795786892518, 0.7814455481762, 0.781867968667, -0.7932378347882, -0.7931320287502, -0.005883662420003, -0.005599169361363, 0.7815920391744, 0.781900823872, 0, -0.7934382007066, -0.7930991625947, -0, -0, 5.551115123126e-17, 5.551115123126e-17, 0.001739888987684, 0.3940927474885, 0.3912470167498, 0.3940270832867, 0, 0.3912097501471, 0.3941584116903
9.175, 0.1880528771014, -0.2403644894252, -0.2096291692789, -0.2400962816587, -0.0624788069959, 0.0003533904454889, -0.07001732960985, -0.02036756453889, 0, -394.1431567407, -2000, 245.5208759544, 2000, 7603.163738834, 3173.338827227, 7615.402079394, 3184.894427504, 14.0589507605, 51.95345835367, 35.42412182379, 5.597106583351, -240.9762135538, 3.661195772932, 240.1440289485, 3.743413652669, 5397.826030248, 4008.43490908, 5416.278050879, 3935.265578068, 3, -5.170885330293, -103.7458346532, 5.093617578744, 102.251421246, -0.5757207979998, 1.159703557727, -0.4419384867778, 1.476941662046, 0, 0, 0.2142729976906, -0, -0, -0, -0, -0, 0.2142730831592, 0.006234702543586, 0, 0, 0, 0, 0, -0.005302375465065, 0.006234746142724, -0.02139763600839, -0.005302338385899, 0.02940059736011, -0.005302338385899, 51.55695320118, 51.57481775442, 51.55684464907, 51.57488144207, 127.2760710992, -0.1876644300173, 0.2102393410123, 0, 1, 50.00026171333, 50, 50.00028963271, 0.0001269068347944, 0, 0, 0, 0, 0, 0, 0, 0, 127.2776054882, 124.3277354244, 127.2774357315, 124.3275741432, 127.2760710992, 124.3276547875, 127.2776059839, 124.3277354281, 0, 127.2774364439, 124.327574147, -0.006810212899271, 0, -0.1943959245831, -0.005867130876106, 0.2033206572461, -0.005867130876106, 0.7814063326844, 0.7818300109711, -0.7932770554972, -0.7931699875156, -0.005922905627269, -0.005633518087982, 0.7815524467657, 0.781866474411, 0, -0.7934777989472, -0.793133510587, 5.551115123126e-17, -5.551115123126e-17, 5.551115123126e-17, -0, 0.001740512976273, 0.3940879460344, 0.3912473312215, 0.394015068215, 0, 0.3912105499875, 0.3941608238538
9.2, 0.1872731784842, -0.2394556162358, -0.2103849003778, -0.2391889650889, -0.06268038104116, 0.0001537080762962, -0.06955592094643, -0.01908990180231, 0, -390.5006604106, -2000, 242.2270020407, 2000, 7603.156406609, 3174.252529653, 7615.337514891, 3184.038638582, 9.368538477644, 52.10286810529, 39.92731517195, 3.745753681943, -241.1244227316, 2.246956377891, 239.8337205377, 1.829021372307, 5398.122368141, 3999.679940764, 5415.743133548, 3946.727860892, 3, -5.898076315612, -102.6718148698, 5.763004334058, 103.027330895, -0.5758652183284, 1.181239777457, -0.4425433981752, 1.455951396049, 0, 0, 0.2142034460021, -0, -0, -0, -0, -0, 0.214203499567, 0.006153214133084, 0, 0, 0, 0, 0, -0.003837288169257, 0.006153257134445, -0.021391319984, -0.003837261352776, 0.02942729422426, -0.003837261352776, 51.69760654047, 51.71551919382, 51.69749518877, 51.71558166933, 127.6232959829, -0.1893446139569, 0.2085604962054, 0, 1, 50.00028207064, 50, 50.00026434771, -0.0001465620817679, 0, 0, 0, 0, 0, 0, 0, 0, 127.6248324866, 124.6749631015, 127.6246575464, 124.6747954747, 127.6232959829, 124.6748792909, 127.6248329868, 124.6749631043, 0, 127.6246582532, 124.6747954775, -0.006911807844791, 0, -0.1961777640082, -0.006097973636564, 0.2015401404933, -0.006097973636564, 0.7813660476059, 0.7818073669399, -0.7933172287569, -0.793192627672, -0.005963760062054, -0.00566623735583, 0.7815121183222, 0.7818337564179, 0, -0.793518155059, -0.7931662311296, -0, 5.551115123126e-17, -5.551115123126e-17, -0, 0.001741123388265, 0.3940852503098, 0.3912467409231, 0.3940325091945, 0, 0.3912116154661, 0.3941379914251
9.225, 0.1889504547229, -0.2334892664237, -0.2087258357207, -0.2332353800522, -0.06127519477176, -1.166331832445e-05, -0.05884766395663, -0.01004280094631, 0, -353.2008533418, -1521.620424324, 197.8373546687, 1640.58876779, 7603.201498293, 3175.149631711, 7615.191664643, 3183.503174703, 6.471766148065, 51.21973568025, 42.69363331683, 3.380203743151, -241.3602766416, 1.117387029179, 239.4861951257, 0.4145959619582, 5397.607041788, 3990.276873646, 5416.480405415, 3955.645149883, 3, -6.302208166792, -99.81033046643, 6.193009081691, 101.0753817376, -0.575458754956, 1.202804353823, -0.4440053092669, 1.441413530793, 0, 0, 0.2141386808694, -0, -0, -0, -0, -0, 0.2141387113018, 0.006167887804182, 0, 0, 0, 0, 0, -0.002509663525014, 0.006167930882028, -0.02119351700751, -0.002509645997105, 0.02965421368294, -0.002509645997105, 51.83826047659, 51.85622117762, 51.83814519723, 51.8562816561, 127.9705209056, -0.1923926007093, 0.2055143987665, 0, 1, 50.00030249581, 50, 50.00026383329, -0.0002893956412759, 0, 0, 0, 0, 0, 0, 0, 0, 127.9720605941, 125.0221909123, 127.9718783909, 125.0220173264, 127.9705209056, 125.0221041213, 127.9720610976, 125.0221909142, 0, 127.9718790919, 125.0220173284, -0.007018553307283, 0, -0.1993332800946, -0.006314753619691, 0.1983864605529, -0.006314753619691, 0.7813274175119, 0.7817840890753, -0.793355699464, -0.7932159028699, -0.006003569374193, -0.005698645317306, 0.7814721378821, 0.7818013491444, 0, -0.7935581744256, -0.793198639779, -0, -0, -0, -0, 0.001741428251961, 0.3940857346583, 0.3912477679715, 0.3940512409095, 0, 0.3912101459984, 0.394120228407
9.25, 0.1869750658127, -0.2327392194343, -0.2106858113027, -0.2324870696516, -0.0606729639995, 2.730473101558e-05, -0.05980656399148, -0.03192770593343, 0, -391.0997240793, -1729.256382928, 243.3462558206, 1523.22923599, 7603.120739669, 3174.994828485, 7615.252642558, 3183.637838787, 7.722547982535, 51.82249086071, 41.64504115573, 3.914354661464, -241.3261519418, 1.411474825116, 239.5820762329, 0.7301585293022, 5398.351005181, 3992.937036157, 5415.956102636, 3954.362667579, 3, -6.023010938817, -100.7982370773, 5.883763643691, 99.22288151689, -0.5763704795669, 1.199123370894, -0.4433019276873, 1.444831502771, 0, 0, 0.2141168099669, -0, -0, -0, -0, -0, 0.2141168448711, 0.006140346418152, 0, 0, 0, 0, 0, -0.002795375890868, 0.006140389294884, -0.02137199489067, -0.002795356371484, 0.02947831526146, -0.002795356371484, 51.97891234582, 51.99692248926, 51.97879723575, 51.99698202599, 128.3177455038, -0.1902879971301, 0.2076202500502, 0, 1, 50.00032347056, 50, 50.00036211075, 0.000201213882705, 0, 0, 0, 0, 0, 0, 0, 0, 128.3192850215, 125.3694165785, 128.3191028555, 125.3692406282, 128.3177455038, 125.3693286055, 128.3192855242, 125.3694165806, 0, 128.3191035594, 125.3692406304, -0.007126291230386, 0, -0.1973357406389, -0.006400764822659, 0.2003852569891, -0.006400764822659, 0.7812858947166, 0.7817469342953, -0.7933972129324, -0.7932530577511, -0.006044126162975, -0.005733835072149, 0.7814318332915, 0.7817661590766, 0, -0.7935984873964, -0.7932338292209, -0, 5.551115123126e-17, -0, -5.551115123126e-17, 0.001741313086723, 0.3940843623759, 0.3912462855201, 0.3940459416901, 0, 0.3912111910459, 0.3941227830617
9.275, 0.1889124865406, -0.2166721288267, -0.2088160087156, -0.2164540124949, -0.05616057916177, 0.0003433737942346, -0.06856078321123, -0.01603224475544, 0, -389.7547244492, -2000, 239.767552067, 2000, 7603.042113438, 3173.524020119, 7615.323113355, 3185.333930765, 15.13255256913, 49.49121365038, 34.43933518221, 8.375332791451, -241.031361591, 3.779984455346, 240.1271631123, 3.520213940022, 5399.028225841, 4011.950067223, 5415.570032283, 3933.646398903, 3, -4.663495411123, -94.00720709072, 4.66851760675, 91.75981977225, -0.5772568319569, 1.161942734672, -0.4425025606352, 1.486491036629, 0, 0, 0.2141110411137, -0, -0, -0, -0, -0, 0.214111134686, 0.006128487916805, 0, 0, 0, 0, 0, -0.00567444637558, 0.006128530708425, -0.02147548688286, -0.005674406754507, 0.02937096182843, -0.005674406754507, 52.11956450593, 52.13762371511, 52.11944896336, 52.1376823922, 128.664970021, -0.1888332412272, 0.2090759719891, 0, 1, 50.00033635532, 50, 50.00039634434, 0.0003423150266905, 0, 0, 0, 0, 0, 0, 0, 0, 128.666510108, 125.7166395764, 128.6663267265, 125.7164668609, 128.664970021, 125.7165532229, 128.6665106097, 125.7166395806, 0, 128.6663274326, 125.7164668652, -0.007248822758999, 0, -0.1960031214817, -0.006283090590422, 0.2017188616454, -0.006283090590422, 0.7812446885471, 0.7816884394316, -0.7934384505717, -0.7933115588225, -0.006084767719496, -0.005772530562777, 0.7813913333226, 0.7817274608402, 0, -0.793638992417, -0.7932725219657, -0, -0, -0, -0, 0.00174106645801, 0.394086057364, 0.3912449362108, 0.3940080656629, 0, 0.3912119604867, 0.3941640490652
9.3, 0.1886117775382, -0.2454836858921, -0.209075424922, -0.2452031464226, -0.06300188422473, 0.0001473215630206, -0.07015527320009, -0.02016055505804, 0, -359.7295067529, -2000, 206.6461919872, 2000, 7603.291760858, 3174.553187867, 7615.114440168, 3184.076769346, 9.386089636301, 52.0281876176, 39.72276157456, 3.360473233338, -241.2542061185, 2.247120566595, 239.7646404929, 1.911829309251, 5398.988237386, 3999.05736917, 5415.720601562, 3947.477938207, 3, -5.876809168091, -104.9187596492, 5.797637799655, 105.7420155603, -0.5746919074927, 1.188745501671, -0.4446382958908, 1.455625937381, 0, 0, 0.2141386384803, -0, -0, -0, -0, -0, 0.2141386891692, 0.005967888644197, 0, 0, 0, 0, 0, -0.003737816151323, 0.00596793032519, -0.02150703596641, -0.003737790045797, 0.02933655168433, -0.003737790045797, 52.26021757724, 52.27832531163, 52.2600997892, 52.27838244913, 129.0121943098, -0.1901059871845, 0.2078008282417, 0, 1, 50.00035872374, 50, 50.00033961553, -9.228769647325e-05, 0, 0, 0, 0, 0, 0, 0, 0, 129.0137366558, 126.0638674229, 129.0135491378, 126.0636876752, 129.0121943098, 126.063777552, 129.0137371616, 126.0638674258, 0, 129.0135498383, 126.0636876781, -0.007329576780114, 0, -0.1973565026222, -0.006538909636062, 0.2003630694956, -0.006538909636062, 0.7812030719715, 0.7816678580285, -0.7934800677895, -0.7933321350661, -0.00612713568149, -0.005806429689025, 0.7813499321971, 0.7816935635068, 0, -0.7936803745491, -0.7933064228848, 5.551115123126e-17, -0, -0, -0, 0.00174074241619, 0.3940851233573, 0.3912450157883, 0.3940337494221, 0, 0.3912116606683, 0.3941364972924
9.325, 0.1870642577845, -0.2299654071913, -0.2106045257223, -0.229718850377, -0.05948333905114, 8.258873979722e-06, -0.05496764988515, -0.03286122422436, 0, -389.9919973634, -1548.173257442, 242.1115388735, 1321.863280867, 7603.430469726, 3175.218958485, 7615.03746441, 3183.53309187, 7.241406470189, 51.67301247182, 42.09956298615, 4.087711415407, -241.4085804065, 1.313716481081, 239.5136278021, 0.6192448903729, 5399.43204083, 3991.819575574, 5415.144423132, 3953.095153642, 3, -6.024923814162, -99.82691482904, 5.907867686021, 97.93075008294, -0.5732843470431, 1.204843906698, -0.4453971122911, 1.441876281125, 0, 0, 0.2141509310356, -0, -0, -0, -0, -0, 0.2141509648377, 0.005813959604925, 0, 0, 0, 0, 0, -0.00280624984122, 0.005814000215507, -0.02161698017713, -0.00280623023966, 0.02921299685301, -0.00280623023966, 52.40087035183, 52.41902660259, 52.40075100304, 52.41908297295, 129.3594188569, -0.1905471645389, 0.2073580730495, 0, 1, 50.00037432211, 50, 50.00042383357, 0.0003201381491842, 0, 0, 0, 0, 0, 0, 0, 0, 129.3609627093, 126.4110945599, 129.3607723504, 126.410910123, 129.3594188569, 126.4110023437, 129.3609632191, 126.4110945621, 0, 129.3607730461, 126.4109101252, -0.007409817071519, 0, -0.1978775081411, -0.006709497257018, 0.1998405263057, -0.006709497257018, 0.7811607968879, 0.7816386207444, -0.7935224098074, -0.7933613703456, -0.006169636832598, -0.005842073237326, 0.7813084075264, 0.7816579204186, 0, -0.7937218735397, -0.7933420668933, -0, -0, -0, 5.551115123126e-17, 0.001740550224756, 0.3940867378448, 0.3912441314352, 0.3940481677035, 0, 0.391212808865, 0.3941253079862
9.35, 0.186992263072, -0.2293373974931, -0.2107148701947, -0.229091966183, -0.05928033049417, -3.396761878018e-05, -0.0519809405246, 0.00474040759374, 0, -389.2053006611, -1159.262686219, 238.1788537263, 1490.153457195, 7603.537508826, 3175.590708296, 7614.936746402, 3183.570011099, 7.229896805651, 51.10933739347, 41.9518376941, 3.446436731065, -241.5277017505, 1.044857341013, 239.3940243946, 0.3329613493504, 5399.243822491, 3988.552928475, 5415.288177451, 3953.184029878, 3, -5.997152758071, -97.81181665351, 5.959613222043, 99.55907054371, -0.5722027441002, 1.212812381479, -0.4464099933016, 1.441742425492, 0, 0, 0.214136153471, -0, -0, -0, -0, -0, 0.2141361832895, 0.005762464818765, 0, 0, 0, 0, 0, -0.00256308450945, 0.0057625050641, -0.02166395846276, -0.002563066608863, 0.02916378567076, -0.002563066608863, 52.54152293139, 52.55972811418, 52.54140253257, 52.55978333731, 129.7066438015, -0.1903063040031, 0.2075986347919, 0, 1, 50.00038279837, 50, 50.00033670876, -0.0002766745847244, 0, 0, 0, 0, 0, 0, 0, 0, 129.7081885794, 126.7583212807, 129.7079961716, 126.7581338168, 129.7066438015, 126.7582275508, 129.7081890899, 126.7583212828, 0, 129.7079968667, 126.7581338189, -0.007495443113113, 0, -0.1977221018536, -0.006819612890343, 0.1999956548624, -0.006819612890343, 0.7811192093152, 0.7816039383254, -0.7935640100982, -0.7933960520941, -0.00621121065297, -0.005878427685964, 0.7812671408861, 0.7816215659479, 0, -0.7937631376733, -0.7933784213198, -0, -0, -0, -0, 0.001740559785626, 0.3940899030336, 0.391244506251, 0.394054675047, 0, 0.391212522673, 0.3941251310202
9.375, 0.1871627400029, -0.2317976312422, -0.2105098696283, -0.2315468897329, -0.0595987613181, -1.390299607754e-05, -0.05707502591971, -0.0148363146386, 0, -384.2759837666, -1493.671852581, 234.8782651933, 1541.177770754, 7603.60774151, 3175.311907319, 7614.889102809, 3183.537097045, 7.607569019367, 51.4290107058, 41.62945452059, 3.712673609361, -241.5733930286, 1.267985176771, 239.3552069305, 0.5739203853949, 5398.97017886, 3991.530399147, 5415.4549154, 3953.173757109, 3, -6.051154975354, -99.74574631052, 5.94516859735, 99.64783868831, -0.5715017671977, 1.207043012722, -0.4468713302395, 1.441647879265, 0, 0, 0.2141359360097, -0, -0, -0, -0, -0, 0.2141359691478, 0.005752330056459, 0, 0, 0, 0, 0, -0.002779597865028, 0.005752370230931, -0.02166520819229, -0.00277957845235, 0.02915646870595, -0.00277957845235, 52.68217561709, 52.70042948808, 52.68205406754, 52.70048381838, 130.0538687459, -0.1902187836383, 0.2076857178146, 0, 1, 50.00040080825, 50, 50.00040016496, -1.668075055858e-05, 0, 0, 0, 0, 0, 0, 0, 0, 130.0554146383, 127.1055468692, 130.0552200006, 127.105357541, 130.0538687459, 127.1054522074, 130.0554151488, 127.1055468715, 0, 130.0552206955, 127.1053575433, -0.007580589747484, 0, -0.1977197229392, -0.006887435009287, 0.1999976193001, -0.006887435009287, 0.7810777594593, 0.7815650932218, -0.7936054920621, -0.7934348972521, -0.006252691706031, -0.005915783755666, 0.78122569977, 0.7815842096279, 0, -0.7938045695087, -0.7934157771393, 5.551115123126e-17, 5.551115123126e-17, -0, -0, 0.001740546459573, 0.3940869475878, 0.3912450513545, 0.3940487437611, 0, 0.3912121905512, 0.3941251514145
9.4, 0.1890456193624, -0.227564935244, -0.2086358581071, -0.2273231093413, -0.05853355155342, -9.60673665374e-05, -0.04498078317245, -0.007160500869822, 0, -342.445296679, -961.4264849992, 187.9562291876, 1106.792952324, 7603.739811666, 3175.792561175, 7614.740904719, 3183.080128379, 5.059886694886, 50.72842890531, 44.0624901215, 3.732766396616, -241.6642076011, 0.643164683784, 239.1521656828, -0.06752196997218, 5398.458996417, 3985.9990693, 5416.00981893, 3959.26721851, 3, -6.474643570922, -97.36193137949, 6.380433865825, 98.51629693498, -0.5701491023899, 1.219313636479, -0.4483905605439, 1.429780844118, 0, 0, 0.21412037043, -0, -0, -0, -0, -0, 0.2141203911514, 0.005716922565708, 0, 0, 0, 0, 0, -0.001937181968735, 0.005716962487089, -0.02148528271758, -0.001937168441448, 0.02934471352873, -0.001937168441448, 52.82282955599, 52.8411309973, 52.82270443437, 52.84118428516, 130.4010939318, -0.1932859416409, 0.2046181646221, 0, 1, 50.00041356355, 50, 50.00038195944, -0.0001914635413704, 0, 0, 0, 0, 0, 0, 0, 0, 130.4026429181, 127.4527739453, 130.4024418795, 127.4525805635, 130.4010939318, 127.452677256, 130.4026434324, 127.4527739469, 0, 130.4024425679, 127.4525805652, -0.007654651209476, 0, -0.2008616419204, -0.007034892815577, 0.1968552873088, -0.007034892815577, 0.7810369382475, 0.7815340881995, -0.7936462614385, -0.7934659008288, -0.006294877913399, -0.00595258226679, 0.7811836502957, 0.7815474113472, 0, -0.7938466236737, -0.7934525758807, -0, -0, -0, -0, 0.001740585725022, 0.3940863879343, 0.3912460701088, 0.3940597625849, 0, 0.3912110845096, 0.3941130132837
9.425, 0.1885350930054, -0.2529834485351, -0.2091440071442, -0.2526853616001, -0.06362387486683, 0.0003042803579673, -0.07073516444796, -0.02116922450157, 0, -376.008949385, -2000, 225.5203042192, 2000, 7603.620671286, 3173.764929838, 7614.874148459, 3184.371323904, 11.38809360696, 52.60036895557, 37.68173681745, 3.143466191319, -241.2660290608, 3.347357685141, 239.8144058913, 3.740230117657, 5399.790545931, 4009.341607633, 5414.811195244, 3940.694020493, 3, -5.630040199764, -107.6189415757, 5.54356415765, 109.1419319035, -0.5714283901189, 1.171266361565, -0.4469610224271, 1.46327526099, 0, 0, 0.2141733924308, -0, -0, -0, -0, -0, 0.2141734662401, 0.00564486593931, 0, 0, 0, 0, 0, -0.004974697383547, 0.005644905377042, -0.02185021757126, -0.004974662628152, 0.02896874081211, -0.004974662628152, 52.96348035763, 52.9818315151, 52.96335783032, 52.98188517132, 130.7483185014, -0.1885036483352, 0.2094012329423, 0, 1, 50.00042915067, 50, 50.00039783866, -7.711699922766e-05, 0, 0, 0, 0, 0, 0, 0, 0, 130.7498656559, 127.7999958954, 130.7496690054, 127.7998069357, 130.7483185014, 127.7999014196, 130.7498661668, 127.7999958995, 0, 130.7496697012, 127.7998069398, -0.007742452532536, 0, -0.1961657333357, -0.006874028707896, 0.2015519666689, -0.006874028707896, 0.780991880795, 0.7814704473788, -0.7936913905684, -0.7935295472226, -0.006338068006546, -0.005995334082669, 0.7811410838282, 0.7815046572815, 0, -0.7938891868574, -0.7934953254468, -0, -0, -0, -0, 0.00174037962577, 0.3940816363352, 0.3912434166776, 0.3940132622447, 0, 0.3912134735122, 0.3941500104257
9.45, 0.1878273352962, -0.241718942383, -0.2098514147074, -0.241446198285, -0.06155876921259, 0.000160594214903, -0.0699421468584, -0.01947255895121, 0, -385.9420059294, -2000, 237.8455770317, 2000, 7603.71992266, 3174.149091375, 7614.799890882, 3184.037664101, 10.02970401292, 52.13683156882, 39.14610454814, 3.74687794092, -241.4563147382, 2.522252777826, 239.5818032377, 2.274988694213, 5400.016932456, 4003.710353451, 5414.729593596, 3941.991816678, 3, -5.755921011785, -103.6293612413, 5.668677433689, 104.1587044188, -0.5704130183522, 1.179601192936, -0.4477114506075, 1.455402000252, 0, 0, 0.214258124291, -0, -0, -0, -0, -0, 0.214258186968, 0.005557547996619, 0, 0, 0, 0, 0, -0.004472568637023, 0.005557586855035, -0.0219121248399, -0.004472537364991, 0.02890231683446, -0.004472537364991, 53.10413298278, 53.12253231267, 53.104009269, 53.1225859747, 131.0955427117, -0.188783380613, 0.2091208152102, 0, 1, 50.00044056896, 50, 50.00044123433, 0.0002008141036459, 0, 0, 0, 0, 0, 0, 0, 0, 131.097091526, 128.1472222974, 131.0968927099, 128.1470302308, 131.0955427117, 128.1471262679, 131.0970920392, 128.1472223012, 0, 131.0968934029, 128.1470302346, -0.007806435571159, 0, -0.1965091879388, -0.00698705221894, 0.2012077704843, -0.00698705221894, 0.7809484677584, 0.7814351308554, -0.793734823805, -0.7935648622322, -0.006381600502156, -0.00603410314085, 0.7810980933464, 0.7814658886044, 0, -0.7939321666425, -0.7935340948861, -0, -0, -0, -0, 0.001740105093606, 0.3940859528131, 0.391242965547, 0.3940244801671, 0, 0.3912136362944, 0.3941474254591
9.475, 0.1883788946604, -0.2519453595216, -0.2092978992383, -0.2516489585176, -0.06391491558811, 0.0001927237170919, -0.07072685424457, -0.02124692285456, 0, -386.530449706, -2000, 237.751509614, 2000, 7603.696572805, 3173.763374857, 7614.846033009, 3184.345758554, 12.15037022148, 52.69474546945, 36.94589429288, 3.012520561633, -241.6493189694, 2.821723717956, 239.4633351057, 2.905385557467, 5398.918112348, 4004.818653468, 5415.863069334, 3937.212850205, 3, -5.56457174436, -107.6697532821, 5.47754253049, 108.8918423476, -0.5706804284581, 1.170216335473, -0.4472015663115, 1.463076072206, 0, 0, 0.2143487661942, -0, -0, -0, -0, -0, 0.2143488390956, 0.005751300345427, 0, 0, 0, 0, 0, -0.004899202295345, 0.005751340592593, -0.0218139976315, -0.004899168011314, 0.02899309492678, -0.004899168011314, 53.24478504597, 53.26323349, 53.24466128098, 53.26328656448, 131.4427669434, -0.1874075110629, 0.2104965686098, 0, 1, 50.00045148552, 50, 50.00042889868, 2.311487141223e-05, 0, 0, 0, 0, 0, 0, 0, 0, 131.4443165127, 128.4944474207, 131.4441174201, 128.4942545658, 131.4427669434, 128.4943509974, 131.4443170202, 128.4944474248, 0, 131.4441181198, 128.49425457, -0.007886359280792, 0, -0.1952135658078, -0.007015726476511, 0.2025032260856, -0.007015726476511, 0.7809071097012, 0.7813933127955, -0.7937762233484, -0.7936066811549, -0.006422338232128, -0.006072986912437, 0.7810560660786, 0.7814270043051, 0, -0.7939741848534, -0.7935729781299, 5.551115123126e-17, -0, -0, -0, 0.00173995172394, 0.3940896086154, 0.3912451546872, 0.3940222721582, 0, 0.3912113780617, 0.3941569450726
9.5, 0.1876235576103, -0.2527265014427, -0.2100825645617, -0.252428412514, -0.06422901318259, 0.0002030184728077, -0.07057956855706, -0.0205367322686, 0, -405.8853587559, -2000, 253.790180964, 2000, 7603.529353478, 3173.629882608, 7615.008943693, 3184.515424381, 12.93983821129, 52.65698655082, 36.05730098757, 2.462440974494, -241.6742126405, 2.869009492852, 239.4525963714, 3.09191252249, 5398.281558047, 4004.410328636, 5416.31918113, 3935.732143544, 3, -5.29264072286, -107.2046284518, 5.265769390264, 109.9664745753, -0.5724567399192, 1.166423888235, -0.4454663996313, 1.467197430877, 0, 0, 0.2143782285096, -0, -0, -0, -0, -0, 0.2143783045689, 0.005961390343651, 0, 0, 0, 0, 0, -0.004976914797604, 0.005961432072479, -0.02171546515786, -0.004976879960175, 0.02909002826144, -0.004976879960175, 53.38543730746, 53.40393461911, 53.38531332957, 53.40398733129, 131.78999195, -0.1862326353229, 0.2116718992403, 0, 1, 50.0004584821, 50, 50.00038703395, -0.0003726608321323, 0, 0, 0, 0, 0, 0, 0, 0, 131.7915419307, 128.8416733489, 131.7913424159, 128.8414790408, 131.78999195, 128.841576199, 131.791542433, 128.8416733531, 0, 131.7913431217, 128.841479045, -0.007962550432831, 0, -0.1941152305632, -0.007068592929826, 0.2036019970002, -0.007068592929826, 0.7808651813762, 0.7813535943436, -0.7938181644743, -0.7936463996123, -0.006463596522903, -0.006112170688355, 0.7810134654171, 0.7813878203478, 0, -0.7940167873541, -0.7936121617245, -0, -0, -0, -5.551115123126e-17, 0.001740152838919, 0.3940914900748, 0.3912464229791, 0.3940230855083, 0, 0.3912104691371, 0.3941598946414
9.525, 0.1889371253153, -0.2321160056191, -0.2087391022974, -0.2318644400719, -0.05931589161805, -8.274282608555e-05, -0.05431817815266, -0.009661618735074, 0, -349.773480097, -1339.823517311, 194.7608506443, 1462.524103474, 7603.586232374, 3174.989803643, 7614.932862204, 3182.838432144, 5.93084379122, 50.9720964867, 43.097889465, 3.414242045981, -241.7909667837, 0.8774729133108, 239.0572520818, 0.174318718865, 5397.256999795, 3986.730347242, 5417.050021948, 3957.283330846, 3, -6.425199880147, -99.28834262079, 6.323730170583, 100.3522443718, -0.5718867716522, 1.201438878043, -0.4462341820666, 1.425736050476, 0, 0, 0.2143583339508, -0, -0, -0, -0, -0, 0.2143583582764, 0.006023117003292, 0, 0, 0, 0, 0, -0.002133942409189, 0.006023159156373, -0.02127069961228, -0.002133927474789, 0.02954929654796, -0.002133927474789, 53.52609258454, 53.54463640665, 53.52596263401, 53.54468768026, 132.1372176217, -0.1925334660316, 0.2053700156637, 0, 1, 50.0004697968, 50, 50.00043443424, -0.0002399355553905, 0, 0, 0, 0, 0, 0, 0, 0, 132.1387726757, 129.188902524, 132.1385627417, 129.1887002964, 132.1372176217, 129.1888014121, 132.138773184, 129.1889025259, 0, 132.1385634362, 129.1887002983, -0.008017441330692, 0, -0.2004726673679, -0.007356689651107, 0.1972434699446, -0.007356689651107, 0.7808239766058, 0.7813361500659, -0.7938592743214, -0.7936638380436, -0.006507289807367, -0.006149166565237, 0.7809692242677, 0.7813508263972, 0, -0.7940610323518, -0.7936491595276, -5.551115123126e-17, -0, -0, -0, 0.001740543655966, 0.3940876355055, 0.391248465071, 0.3940583058079, 0, 0.3912090116744, 0.3941169652031
9.55, 0.1883837345949, -0.2219916206786, -0.2093066060811, -0.2217623486843, -0.05614472722113, 0.0003424441546722, -0.06889552687747, -0.0167557700699, 0, -388.3415467554, -2000, 239.3348251142, 2000, 7603.247675189, 3172.974902217, 7615.237975471, 3184.678927488, 15.10436651026, 49.88502060167, 34.31515532408, 7.796349705588, -241.1787174166, 3.869970328287, 239.9606099604, 3.725605015115, 5398.818464258, 4012.333821568, 5415.353446333, 3935.002800446, 3, -4.799425624774, -95.91446443759, 4.733762440842, 94.18405220891, -0.5754698863073, 1.151507179051, -0.4429996832929, 1.471868963648, 0, 0, 0.2143249034528, -0, -0, -0, -0, -0, 0.2143249946708, 0.006046717105715, 0, 0, 0, 0, 0, -0.005603961450301, 0.006046759410763, -0.0215654499242, -0.005603922243174, 0.02925080173266, -0.005603922243174, 53.66674380387, 53.68533736969, 53.66661608807, 53.68538881828, 132.4844434962, -0.1881493553144, 0.2097571297954, 0, 1, 50.00047402176, 50, 50.00051503984, 0.0002275857247509, 0, 0, 0, 0, 0, 0, 0, 0, 132.4859964332, 129.5361251883, 132.4857902727, 129.5359284208, 132.4844434962, 129.5360268094, 132.4859969374, 129.5361251931, 0, 132.4857909753, 129.5359284256, -0.008111367207888, 0, -0.1961813613074, -0.007158061453725, 0.2015378224061, -0.007158061453725, 0.7807770135313, 0.7812665877806, -0.7939062792343, -0.7937334074615, -0.006552299114656, -0.006194865676861, 0.7809242727727, 0.7813051244108, 0, -0.7941060008616, -0.7936948557645, -0, -0, -0, -0, 0.001740851725201, 0.3940843241887, 0.3912453538318, 0.3940073012597, 0, 0.3912123923525, 0.3941613471178
9.575, 0.1870929772116, -0.2313198167017, -0.2105760265687, -0.231070180317, -0.0592186284805, 2.022556505781e-05, -0.05640869291208, -0.01453502226477, 0, -384.0678475937, -1466.8058847, 234.8018939861, 1516.294236985, 7603.382001286, 3174.726664564, 7615.063811265, 3183.233177125, 7.537041237966, 51.41601268727, 41.64370842353, 3.796681291521, -241.4377948374, 1.451634512653, 239.4722425273, 0.7783706044972, 5399.2058932, 3992.761295318, 5415.103880085, 3952.531231343, 3, -6.052305374324, -99.39350359979, 5.934353859097, 99.44556127623, -0.5740922496687, 1.193653335694, -0.4447947289969, 1.435485128499, 0, 0, 0.2143071445229, -0, -0, -0, -0, -0, 0.2143071803499, 0.005879389846033, 0, 0, 0, 0, 0, -0.002915359510949, 0.005879430973582, -0.0215869695608, -0.002915339117542, 0.02924679582672, -0.002915339117542, 53.807397421, 53.82603904726, 53.80726709553, 53.82608951645, 132.8316691836, -0.1902966781621, 0.2076096707327, 0, 1, 50.00048326559, 50, 50.00048249895, 1.746664104672e-05, 0, 0, 0, 0, 0, 0, 0, 0, 132.8332242545, 129.8833551216, 132.8330135784, 129.8831503964, 132.8316691836, 129.8832527616, 132.8332247649, 129.8833551242, 0, 132.8330142731, 129.883150399, -0.008162254640425, 0, -0.1983795127543, -0.007447551396802, 0.1993394843439, -0.007447551396802, 0.7807305318908, 0.7812458423045, -0.7939526546976, -0.7937541464288, -0.006599676234803, -0.00623410005509, 0.7808779377683, 0.7812658922727, 0, -0.7941523492536, -0.7937340923829, -5.551115123126e-17, -0, -0, 5.551115123126e-17, 0.001740922552974, 0.3940863615151, 0.3912445820057, 0.3940462917303, 0, 0.3912128895103, 0.3941264312999
9.6, 0.1892106008967, -0.2274274427658, -0.2085088070031, -0.2271864102808, -0.05811656716516, 0.000299212759273, -0.06939287075612, -0.01816149308155, 0, -388.8623871853, -2000, 238.6692572602, 2000, 7603.292420761, 3173.258467093, 7615.130319988, 3184.936709884, 14.40154630152, 50.65364422155, 35.01431500917, 7.009680167055, -241.3241940512, 3.621177525914, 239.8160992443, 3.447117907584, 5399.000586841, 4010.827482084, 5415.535928548, 3932.212939784, 3, -4.907692979467, -98.63142862528, 4.898268033372, 96.62079466418, -0.5750618331976, 1.156220513198, -0.4440677738946, 1.47764094834, 0, 0, 0.2143068720874, -0, -0, -0, -0, -0, 0.2143069651254, 0.005992204982704, 0, 0, 0, 0, 0, -0.00569697461031, 0.005992246899312, -0.02159671145705, -0.005696934759139, 0.02923675337638, -0.005696934759139, 53.94804963767, 53.96674051254, 53.94791945976, 53.96679039935, 133.1788947213, -0.1884625159447, 0.2094452928519, 0, 1, 50.0004875275, 50, 50.00053979369, 0.0002978415842357, 0, 0, 0, 0, 0, 0, 0, 0, 133.1804498229, 130.2305788809, 133.1802390801, 130.2303780894, 133.1788947213, 130.2304784901, 133.1804503291, 130.2305788859, 0, 133.1802397807, 130.2303780944, -0.008261183659383, 0, -0.1966442302772, -0.007304450795922, 0.2010762282345, -0.007304450795922, 0.7806851352008, 0.7811819112356, -0.7939980648282, -0.7938180837508, -0.006644307748245, -0.006278901922022, 0.7808326077701, 0.7812210877857, 0, -0.7941976903549, -0.7937788916297, -0, -0, -0, -0, 0.00174081805265, 0.3940886032094, 0.3912449909575, 0.3940103018729, 0, 0.3912120288911, 0.394166904546
9.625, 0.1871319540676, -0.2354572729998, -0.2105758408073, -0.2351984956953, -0.06042734040747, 4.959659943549e-08, -0.06493756925642, 0.00289231341547, 0, -393.8629660886, -1670.043805828, 242.188664923, 1992.50942218, 7603.389910476, 3174.80062499, 7615.03658872, 3183.56028468, 8.573658966624, 51.43652818988, 40.46311880715, 3.127638352654, -241.6371964698, 1.422280539843, 239.3395485859, 0.7668296490288, 5398.360579644, 3992.074544837, 5416.23274533, 3950.238570125, 3, -5.842411505457, -100.3682506114, 5.805460433257, 102.1775519609, -0.5740651283393, 1.194266732454, -0.4450256515567, 1.443049191952, 0, 0, 0.2142889055975, -0, -0, -0, -0, -0, 0.2142889439253, 0.006015790892065, 0, 0, 0, 0, 0, -0.003031735338519, 0.006015832966605, -0.02151871432319, -0.003031714134653, 0.02931895930936, -0.003031714134653, 54.08870279982, 54.10744219431, 54.08857093779, 54.1074909045, 133.5261205188, -0.1892868225298, 0.2086200255281, 0, 1, 50.00049388485, 50, 50.00044373429, -0.0003458675665608, 0, 0, 0, 0, 0, 0, 0, 0, 133.5276769609, 130.5778086623, 133.5274632923, 130.577600117, 133.5261205188, 130.5777043924, 133.5276774675, 130.577808665, 0, 133.5274639918, 130.5776001198, -0.008321882303322, 0, -0.1975295394947, -0.007586516336824, 0.200189957986, -0.007586516336824, 0.7806394820712, 0.7811613496981, -0.7940436859129, -0.7938386387, -0.006690271806105, -0.006317791897331, 0.7807864225101, 0.7811822000969, 0, -0.7942438720338, -0.7938177838915, -0, -0, -0, -0, 0.001740741604229, 0.3940893290151, 0.3912462660725, 0.3940476597176, 0, 0.3912106405232, 0.3941309983125
9.65, 0.1887263144052, -0.2524002178291, -0.2089556929104, -0.2521033674557, -0.06416809429481, 0.000213527135925, -0.07066007129872, -0.02114467982692, 0, -377.2361898767, -2000, 226.8405412043, 2000, 7603.315151829, 3173.737802576, 7615.138792693, 3184.294579921, 11.21111361824, 52.55692185767, 37.76445767037, 2.871117819889, -241.4618555229, 2.831643614953, 239.6147465295, 2.942235342197, 5398.108149411, 4004.481120355, 5416.419029762, 3941.786273547, 3, -5.711218404531, -107.5430420803, 5.62692990585, 109.0406946486, -0.5748757321634, 1.16900591574, -0.4439272204412, 1.462189641221, 0, 0, 0.2142733295248, -0, -0, -0, -0, -0, 0.214273397207, 0.006118964763873, 0, 0, 0, 0, 0, -0.004543319081384, 0.006119007553792, -0.02146142861306, -0.004543287310157, 0.02936785049469, -0.004543287310157, 54.2293555255, 54.2481436521, 54.22922293196, 54.24819154153, 133.8733463748, -0.1885680517927, 0.2093381973627, 0, 1, 50.00050176879, 50, 50.00045868773, -0.0003039364818187, 0, 0, 0, 0, 0, 0, 0, 0, 133.8749034616, 130.9250334845, 133.8746882962, 130.9248261158, 133.8733463748, 130.9249298043, 133.8749039652, 130.9250334886, 0, 133.874688999, 130.9248261199, -0.008413953925139, 0, -0.1969030551342, -0.007543715597218, 0.200815888342, -0.007543715597218, 0.7805934664626, 0.7811067294244, -0.7940897477159, -0.7938932618758, -0.006736023930955, -0.006362017097856, 0.7807400159202, 0.7811379736007, 0, -0.7942902674616, -0.7938620077964, -0, 5.551115123126e-17, -0, -0, 0.001740663243123, 0.394085389803, 0.3912467690683, 0.3940229447366, 0, 0.3912102692678, 0.3941478348693
9.675, 0.1866577284186, -0.2252556271704, -0.211027190033, -0.2250189114173, -0.05791636065841, -5.681668734859e-05, -0.04245483616403, -0.006695216352486, 0, -383.1182988747, -873.6790711969, 233.1930824679, 1022.966200579, 7603.386106287, 3175.286426816, 7615.082830245, 3183.045978716, 6.23143161321, 50.86779618472, 42.92789788433, 3.922046419762, -241.5412868162, 0.8646758345275, 239.3323564995, 0.1513705075024, 5398.570598216, 3987.319005521, 5415.912357185, 3957.847888094, 3, -6.202944608146, -96.61614020695, 6.116245457639, 97.09074041857, -0.5741582342962, 1.206629341771, -0.4444869269635, 1.430224525814, 0, 0, 0.2142403765976, -0, -0, -0, -0, -0, 0.2142404008669, 0.005995842580567, 0, 0, 0, 0, 0, -0.002135688926632, 0.005995884496597, -0.02143849634834, -0.002135673996454, 0.02939185855666, -0.002135673996454, 54.37000934377, 54.38884512122, 54.36987384796, 54.38889235486, 134.2205724031, -0.1909671666115, 0.206938161529, 0, 1, 50.00050353529, 50, 50.00048989539, -9.625649379363e-05, 0, 0, 0, 0, 0, 0, 0, 0, 134.2221317631, 131.2722633062, 134.2219116022, 131.2720485206, 134.2205724031, 131.2721559154, 134.2221322725, 131.2722633082, 0, 134.2219122969, 131.2720485226, -0.008472240663333, 0, -0.1993605712564, -0.007813529835732, 0.1983574753687, -0.007813529835732, 0.7805456249121, 0.7810823025109, -0.7941375736907, -0.7939176839379, -0.006784785589236, -0.006403001319975, 0.7806920174103, 0.7810969908103, 0, -0.794338257908, -0.7939029934502, -0, -0, -0, -0, 0.001740627502509, 0.394086486884, 0.3912458479142, 0.3940571331814, 0, 0.3912112784915, 0.3941158405866
9.7, 0.1902419456301, -0.2045661060149, -0.2074764532026, -0.2043709234442, -0.05166725428332, -0.000257474468922, -0.01260535245394, 0.02730258013304, 0, -226.7274662881, 535.6105500178, 51.60741473403, 89.54592369795, 7603.915689698, 3177.162684599, 7614.515594655, 3181.36069177, 2.991589978598, 49.29879127719, 46.40703715356, 5.684351972887, -241.4867205045, -0.9392929559583, 239.2181198608, -1.778185241501, 5398.502888551, 3965.299678433, 5416.316350338, 3977.902202979, 3, -6.937204135512, -87.1087879689, 6.908468696837, 88.44304524233, -0.5686246673449, 1.255631673589, -0.4504146993171, 1.384454313195, 0, 0, 0.2142496707299, -0, -0, -0, -0, -0, 0.2142496647586, 0.005598173540568, 0, 0, 0, 0, 0, 0.0009132694820703, 0.005598212679949, -0.02135312800345, 0.0009132630970324, 0.0294976326328, 0.0009132630970324, 54.51066428089, 54.52954633054, 54.51052348353, 54.52959301883, 134.5677979954, -0.1965424030498, 0.2013631518315, 0, 1, 50.00050351566, 50, 50.00047600517, -9.236942709085e-05, 0, 0, 0, 0, 0, 0, 0, 0, 134.5693618988, 131.6194933727, 134.5691327592, 131.6192697681, 134.5677979954, 131.6193815695, 134.5693624204, 131.6194933719, 0, 134.5691334367, 131.6192697672, -0.008505845938756, 0, -0.2049697682613, -0.008134350745379, 0.1927484204378, -0.008134350745379, 0.7804963586834, 0.7810611314368, -0.794186712623, -0.7939388528905, -0.006837040383075, -0.006445142279033, 0.7806421682448, 0.7810548496846, 0, -0.7943881187064, -0.7939451342426, -0, -5.551115123126e-17, -0, -0, 0.001740489626587, 0.3940884442912, 0.3912459830117, 0.3941009966064, 0, 0.3912104733532, 0.3940758919759
9.725, 0.1890148098567, -0.2187528971107, -0.2086883541591, -0.2185303762762, -0.05300913030629, 1.971092289122e-05, -0.03759877450124, 0.01858327637488, 0, -264.3833295238, -517.8741293666, 95.3080326141, 1019.596173828, 7604.248921542, 3176.762368549, 7614.222129448, 3181.859541819, 0.9309860999692, 49.30969575925, 48.09338779352, 4.707587190444, -240.7912078829, 0.9567252486882, 239.8357783196, 0.2135049716523, 5402.073434962, 3972.540511853, 5412.8357344, 3966.939582839, 3, -6.857420110773, -91.51550631274, 6.795182580254, 94.94045159702, -0.5651377514939, 1.248789885534, -0.4534830916918, 1.393198859905, 0, 0, 0.2143089978213, -0, -0, -0, -0, -0, 0.2143090008043, 0.004845859621089, 0, 0, 0, 0, 0, -0.0004058835625119, 0.004845893519466, -0.02193964707187, -0.000405880723243, 0.02889997565598, -0.000405880723243, 54.65131709848, 54.67024772451, 54.65117515411, 54.67029386685, 134.9150230258, -0.197566359437, 0.2003374469635, 0, 1, 50.00050401283, 50, 50.00042473199, -0.0003531575521509, 0, 0, 0, 0, 0, 0, 0, 0, 134.9165883634, 131.966718583, 134.9163571798, 131.9664956566, 134.9150230258, 131.9666071202, 134.9165889021, 131.9667185834, 0, 134.91635784, 131.966495657, -0.008531464988816, 0, -0.2060171366641, -0.008109675961841, 0.1916992937449, -0.008109675961841, 0.780440901681, 0.7810009183194, -0.7942422297618, -0.7939990659436, -0.006893466077892, -0.00649628208105, 0.7805907135469, 0.7810037100109, 0, -0.7944395586291, -0.793996274173, -0, -0, -0, -0, 0.001740192235799, 0.3940921512902, 0.3912388688568, 0.3940865726757, 0, 0.3912174089298, 0.3940977299048
9.75, 0.1890007135891, -0.210489383847, -0.2087240562417, -0.2102833467052, -0.04942189672872, 6.815061176687e-05, -0.02286005187715, 0.009397419800045, 0, -236.5954482405, -9.965962100221, 73.73870108816, 368.1877432085, 7605.2044453, 3177.703992018, 7613.305359181, 3180.83303525, 1.884548457972, 49.40884544648, 47.19429637826, 5.260288332563, -240.2790459729, 0.8585915189792, 240.3995681703, 0.1537890175073, 5406.241813719, 3967.625685509, 5408.573808254, 3970.620149464, 3, -6.563362235753, -89.32281334178, 6.556853883799, 89.55338530852, -0.555099701896, 1.274931765444, -0.4631118561004, 1.365758051997, 0, 0, 0.2143476485615, -0, -0, -0, -0, -0, 0.2143476475627, 0.003520090290024, 0, 0, 0, 0, 0, 0.0002170003758387, 0.003520114923093, -0.02302186216325, 0.0002169988573129, 0.02780872417739, 0.0002169988573129, 54.79196921278, 54.81094861994, 54.79182759515, 54.81099533078, 135.2622483322, -0.1972805896048, 0.200621119194, 0, 1, 50.00051422702, 50, 50.00050814988, -1.907957739757e-05, 0, 0, 0, 0, 0, 0, 0, 0, 135.2638133135, 132.313945989, 135.2635833831, 132.3137197156, 135.2622483322, 132.3138328521, 135.2638138779, 132.3139459888, 0, 135.2635840195, 132.3137197154, -0.008494953829406, 0, -0.2056907925326, -0.008231435518015, 0.1920235404112, -0.008231435518015, 0.7803799451086, 0.7809533473415, -0.7943032331119, -0.7940466364159, -0.006955675523959, -0.006548137104604, 0.780537143398, 0.7809518547628, 0, -0.7944931150379, -0.794048128972, -5.551115123126e-17, -0, -0, -0, 0.001740081623717, 0.3940933806396, 0.3912305624147, 0.3940963631735, 0, 0.3912259025089, 0.3940903981058
9.775, 0.1887207306974, -0.2150051776461, -0.2089735017186, -0.2147893942727, -0.04981136259385, 7.233992894086e-05, -0.0210567140166, 0.03340397531709, 0, -264.4503791775, 244.5252635367, 95.29961988316, 476.0316899916, 7606.343707728, 3178.244874494, 7612.158048123, 3180.279615764, 0.8197219886144, 49.34985441756, 48.14530651127, 4.505439614655, -240.2115469083, 0.8724078745917, 240.3991225801, 0.1448224201593, 5409.261151699, 3969.71957006, 5405.367142269, 3969.987980209, 3, -6.547887466001, -89.69622433828, 6.479884682203, 93.44031911369, -0.5430954611438, 1.290300415944, -0.4751969491948, 1.350050090511, 0, 0, 0.2143182265497, -0, -0, -0, -0, -0, 0.2143182264917, 0.002192375108199, 0, 0, 0, 0, 0, 1.945092813917e-05, 0.002192390445903, -0.02407668675161, 1.945079206278e-05, 0.02675515253487, 1.945079206278e-05, 54.93262128448, 54.95164973236, 54.93248025143, 54.95169628378, 135.6094744558, -0.1972967608753, 0.2006065370781, 0, 1, 50.00050656016, 50, 50.00040396101, -0.0006436289438596, 0, 0, 0, 0, 0, 0, 0, 0, 135.6110385482, 132.6611720847, 135.6108099831, 132.6609448753, 135.6094744558, 132.66105848, 135.6110391383, 132.6611720847, 0, 135.6108105955, 132.6609448752, -0.008439303986759, 0, -0.2056473817544, -0.00826548833094, 0.1920685607672, -0.00826548833094, 0.7803204630279, 0.7808988393325, -0.7943627113518, -0.794101144279, -0.007016515315258, -0.006601286259684, 0.7804848613619, 0.780898705546, 0, -0.7945454023237, -0.7941012780653, -0, -0, -0, -0, 0.001740307680786, 0.3940919247507, 0.3912245448373, 0.3940921920915, 0, 0.3912322937146, 0.3940916574099
9.8, 0.1884789730413, -0.2138161071252, -0.2092154731156, -0.2136019583872, -0.04820376662043, -4.124301493587e-05, -0.008388862053336, 0.03653151291068, 0, -260.8481404434, 765.9848457807, 94.36261759335, -4.985924333835, 7607.649891877, 3179.586715743, 7610.833974043, 3179.194131423, 1.029194037868, 49.33744014269, 47.9357334105, 4.424129699659, -240.4607288219, 0.06789663801444, 240.1470287659, -0.6865311597735, 5410.412517076, 3961.629171005, 5404.00922081, 3978.501229382, 3, -6.531375889205, -89.08715168201, 6.471454845344, 93.18421844791, -0.5292955590988, 1.325676987433, -0.4891806587726, 1.31958687652, 0, 0, 0.2142565596605, -0, -0, -0, -0, -0, 0.2142565600387, 0.001001182144354, 0, 0, 0, 0, 0, 0.001222670581948, 0.001001189144524, -0.02499665516302, 0.001222662033211, 0.0258388231123, 0.001222662033211, 55.07327306164, 55.09235092528, 55.07313336719, 55.09239767428, 135.9567009222, -0.1967416546091, 0.2011622729707, 0, 1, 50.00050670825, 50, 50.00039418641, -0.0007280086739888, 0, 0, 0, 0, 0, 0, 0, 0, 135.958263087, 133.0083998211, 135.9580375363, 133.0081697391, 135.9567009222, 133.0082847789, 135.9582636976, 133.0083998199, 0, 135.9580381298, 133.0081697379, -0.008347688129322, 0, -0.204997242398, -0.00836998421498, 0.1927193691598, -0.00836998421498, 0.7802639290463, 0.780856417733, -0.7944192293971, -0.79414356582, -0.007074334803388, -0.006651983750414, 0.7804346080344, 0.7808480076675, 0, -0.7945956646527, -0.7941519751683, -0, -0, -0, -0, 0.001740603648069, 0.3940915034955, 0.3912222485909, 0.3941083083346, 0, 0.3912350016089, 0.3940746986565
9.825, 0.1901069097764, -0.2115098214885, -0.2075919683146, -0.2112997080641, -0.04701156284048, -1.245463619473e-07, -0.02492673712031, 0.01654119534366, 0, -232.663501588, -34.32223064845, 64.64851748069, 502.3973516506, 7608.850741197, 3179.438812005, 7609.604711665, 3179.174648704, 1.833386160047, 49.48634573839, 47.24473230414, 4.919130000293, -240.849416057, 0.8046904137245, 239.7940014799, 0.09585549115838, 5410.954684581, 3970.077711598, 5403.514280307, 3973.388905207, 3, -6.594462315586, -89.56652935008, 6.550324556537, 90.96446732581, -0.516562335006, 1.324539198723, -0.502208963976, 1.317602552283, 0, 0, 0.2142203872863, -0, -0, -0, -0, -0, 0.2142203873708, -1.231477104024e-05, 0, 0, 0, 0, 0, 0.0002399528805166, -1.231485711488e-05, -0.02570563717387, 0.000239951203367, 0.02513661942063, 0.000239951203367, 55.2139251032, 55.23305148363, 55.21378618973, 55.23309952782, 136.3039271415, -0.1971489597557, 0.2007551534359, 0, 1, 50.00051407601, 50, 50.0004738837, -0.0002904319020086, 0, 0, 0, 0, 0, 0, 0, 0, 136.305488095, 133.3556243837, 136.3052644766, 133.3553971019, 136.3039271415, 133.3555107426, 136.3054887239, 133.3556243835, 0, 136.305265053, 133.3553971016, -0.008247036997586, 0, -0.2053012653076, -0.008268121741955, 0.1924155376518, -0.008268121741955, 0.7802107251672, 0.7807967369639, -0.7944723995549, -0.7942032466508, -0.007129082353569, -0.006704905260539, 0.7803862446481, 0.780795086533, 0, -0.7946440403884, -0.7942048970541, -0, -0, 5.551115123126e-17, -0, 0.001740703193252, 0.3940881806571, 0.3912211664341, 0.3940914786587, 0, 0.391235989679, 0.3940848826555
9.85, 0.1920713724912, -0.1863242049189, -0.2056754848078, -0.1861598244342, -0.04204331789634, -0.0005533924086076, 0.03201650096284, -0.01007186470435, 0, -73.87758705598, 2000, -87.30098102011, -2000, 7610.141412041, 3182.069467001, 7608.309725748, 3176.121712647, 7.044620548712, 50.59349285699, 42.25430134072, 6.448748781362, -241.4094961189, -3.327755044493, 239.4867356849, -5.279862988086, 5410.632872222, 3942.950408141, 5404.038065745, 4004.222617367, 3, -6.422596718251, -80.86221623965, 6.49143387088, 79.57825366423, -0.5028665198354, 1.390964077313, -0.5159500563379, 1.2430237836, 0, 0, 0.2142312886041, -0, -0, -0, -0, -0, 0.2142313219759, -0.0009399714248992, 0, 0, 0, 0, 0, 0.004440224528376, -0.00093997799554, -0.02652255156186, 0.004440193490277, 0.02432439425572, 0.004440193490277, 55.35457557037, 55.37375151743, 55.35444042841, 55.37380149335, 136.6511528542, -0.1937053108138, 0.2041975105214, 0, 1, 50.00051688639, 50, 50.00055375389, 0.0002229767402022, 0, 0, 0, 0, 0, 0, 0, 0, 136.6527096907, 133.7028535474, 136.6524944619, 133.7026186837, 136.6511528542, 133.702736111, 136.6527103282, 133.7028535429, 0, 136.6524950301, 133.7026186792, -0.008096784496778, 0, -0.2017042819353, -0.008543934640705, 0.1960112022327, -0.008543934640705, 0.7801581532711, 0.7807800703615, -0.7945249411404, -0.7942199168565, -0.007181908353313, -0.006750463217084, 0.7803392510243, 0.7807495256625, 0, -0.7946910353642, -0.7942504520967, -0, -0, -5.551115123126e-17, -0, 0.001740524989082, 0.3940844878351, 0.3912218049522, 0.3941455159317, 0, 0.3912349486757, 0.3940234597384
9.875, 0.1981110815645, -0.1626507864745, -0.199594649797, -0.1625243491484, -0.0377912939885, -0.001388184674996, 0.03326964857016, -0.003231090115631, 0, 150.9831831498, 2000, -299.9720609817, -2000, 7611.050943852, 3185.094311066, 7607.448194213, 3172.649039984, 13.55731417482, 51.1201849377, 35.18732309842, 5.374268834109, -242.1285813173, -8.860092784524, 239.0380181079, -14.24402640103, 5407.494048289, 3904.712164631, 5407.342374649, 4043.511280382, 3, -5.417128235352, -69.81266792961, 5.400357620057, 71.82384822573, -0.493153446716, 1.466824733135, -0.5251605348487, 1.158471743034, 0, 0, 0.2143033430314, -0, -0, -0, -0, -0, 0.2143035005958, -0.001155603458472, 0, 0, 0, 0, 0, 0.01005838117899, -0.001155611541871, -0.02664451822096, 0.01005831082142, 0.0241878143108, 0.01005831082142, 55.49522677543, 55.51445183164, 55.4950937393, 55.51450316283, 136.9983778612, -0.1915526610609, 0.2063483295733, 0, 1, 50.00052675305, 50, 50.0004850986, -0.0001391082968507, 0, 0, 0, 0, 0, 0, 0, 0, 136.9999323252, 134.0500836969, 136.9997228411, 134.0498389501, 136.9983778612, 134.0499613128, 136.9999329584, 134.0500836861, 0, 136.9997234127, 134.0498389394, -0.00796844980034, 0, -0.1994227940856, -0.00890346529538, 0.1982908519191, -0.00890346529538, 0.7801140735919, 0.7807790335228, -0.794569102542, -0.7942209717302, -0.007226276927945, -0.00679015070354, 0.7802960070746, 0.7807098276538, 0, -0.7947342613558, -0.7942901290608, -0, -0, -0, 5.551115123126e-17, 0.001740110835637, 0.3940834367114, 0.3912280572025, 0.3942216828405, 0, 0.3912283667824, 0.3939451905823
9.9, 0.199552838231, -0.1528548626332, -0.1980407780891, -0.1527432129712, -0.03483069327691, -0.001553374882418, 0.03410442522342, 0.0005426346371255, 0, 211.8271237091, 2000, -374.1977354265, -2000, 7611.229083977, 3185.920955838, 7607.298109745, 3171.989543764, 15.3740983167, 50.33794370965, 33.19580725359, 5.525413422254, -242.33217444, -9.954259265388, 238.8930557815, -15.89997836011, 5405.302430117, 3890.463257171, 5409.658355275, 4052.879621372, 3, -5.009597399216, -63.73639775237, 4.757490233666, 69.12072547993, -0.491097810465, 1.489371654132, -0.5269173778023, 1.139131340525, 0, 0, 0.2143718828451, -0, -0, -0, -0, -0, 0.2143720922646, -0.000967460588249, 0, 0, 0, 0, 0, 0.01176985669635, -0.0009674673599255, -0.02641304978414, 0.01176977431443, 0.02440786136592, 0.01176977431443, 55.63587859435, 55.6551518583, 55.63574630448, 55.6552051205, 137.3456028558, -0.1915145612431, 0.2063879293068, 0, 1, 50.00052098663, 50, 50.00039099576, -0.0006042398055557, 0, 0, 0, 0, 0, 0, 0, 0, 137.347156563, 134.3973095704, 137.3469495154, 134.3970639616, 137.3456028558, 134.3971867533, 137.3471571903, 134.3973095577, 0, 137.3469500926, 134.3970639489, -0.007871489348737, 0, -0.1992885682839, -0.00893482428454, 0.1984265613423, -0.00893482428454, 0.7800737322286, 0.7807465722021, -0.7946095123021, -0.7942534418784, -0.00726684012498, -0.006834388973818, 0.780254087218, 0.7806655848356, 0, -0.7947761716706, -0.7943343627832, -0, -5.551115123126e-17, -0, -0, 0.001739839289647, 0.394088295591, 0.3912324237071, 0.3942500648746, 0, 0.3912237526384, 0.3939265263073
9.925, 0.1980851607731, -0.1501563548741, -0.1995163531242, -0.1500489776221, -0.03384678971152, -0.001539158980837, 0.03475923955415, 0.002824060370355, 0, 207.5897948974, 2000, -368.3453097958, -2000, 7611.066995839, 3186.443563636, 7607.483319869, 3171.893402874, 15.23415599854, 50.02989522162, 33.25949282779, 5.121542470023, -242.0308521013, -10.06873449946, 239.185108484, -16.11591981544, 5405.71892961, 3883.366733287, 5409.021555526, 4055.448875262, 3, -5.018369354281, -61.26937147622, 4.78444210406, 68.70732633359, -0.4926253341757, 1.50262320497, -0.5251428711305, 1.134354837859, 0, 0, 0.2143753048873, -0, -0, -0, -0, -0, 0.2143755381906, -0.0009226423116062, 0, 0, 0, 0, 0, 0.01247030838279, -0.0009226487697862, -0.02641360279013, 0.01247022109533, 0.02440304960711, 0.01247022109533, 55.77653015654, 55.79585214189, 55.77639929565, 55.79590713694, 137.6928285695, -0.1911280505557, 0.2067737703263, 0, 1, 50.00051403651, 50, 50.0003190229, -0.001116080856884, 0, 0, 0, 0, 0, 0, 0, 0, 137.6943806278, 134.7445350963, 137.6941769252, 134.7442906997, 137.6928285695, 134.7444128847, 137.6943812536, 134.7445350829, 0, 137.6941775037, 134.7442906864, -0.007772300753179, 0, -0.1988028626221, -0.008890723892874, 0.1989116103191, -0.008890723892874, 0.7800301829553, 0.7807037655258, -0.7946530808195, -0.7942962528163, -0.007310155071385, -0.006882016532113, 0.7802105413436, 0.7806179553351, 0, -0.7948197078682, -0.7943819883993, -0, -0, 5.551115123126e-17, 5.551115123126e-17, 0.001739935326314, 0.3940928038048, 0.3912315940251, 0.3942642003565, 0, 0.3912250211777, 0.3939214072531
9.95, 0.1971001881916, -0.1534318013279, -0.2005339973798, -0.1533200812603, -0.0345323979889, -0.001454991497198, 0.03462194526579, 0.001117946002677, 0, 199.1093618227, 2000, -355.8209346284, -2000, 7610.926471286, 3186.328251161, 7607.624359164, 3171.620098744, 14.97755303824, 50.29115080122, 33.52708790173, 4.949978716827, -241.606718053, -9.755748846654, 239.586536653, -15.67504158155, 5407.087126584, 3885.686670961, 5407.325635038, 4058.667536147, 3, -4.989691456074, -63.35313723973, 4.824419875968, 69.00837939789, -0.4939424048621, 1.5015462616, -0.5238157399107, 1.128039605566, 0, 0, 0.2143336826261, -0, -0, -0, -0, -0, 0.2143339204841, -0.001048017190391, 0, 0, 0, 0, 0, 0.0125354362877, -0.001048024523304, -0.02656130766301, 0.01253534857842, 0.02425450536467, 0.01253534857842, 55.91718190974, 55.93655261635, 55.91705235417, 55.93660894504, 138.0400548733, -0.1909347650461, 0.2069665219477, 0, 1, 50.00051768058, 50, 50.00036041564, -0.001006943236278, 0, 0, 0, 0, 0, 0, 0, 0, 138.0416051698, 135.091759739, 138.0414044313, 135.0915175249, 138.0400548733, 135.0916386187, 138.0416057982, 135.0917597257, 0, 138.041405007, 135.0915175117, -0.007677426623417, 0, -0.1985141679478, -0.008811329232992, 0.1991998100772, -0.008811329232992, 0.7799840313833, 0.7806544253098, -0.7946992381361, -0.7943455937601, -0.00735621652721, -0.006931803866072, 0.7801653970753, 0.7805681679743, 0, -0.7948648523335, -0.7944317757065, -0, -0, -0, -0, 0.001740255678568, 0.3940872871748, 0.3912288680672, 0.394259578869, 0, 0.3912283999358, 0.3939149954805
9.975, 0.2005232940707, -0.1610196020654, -0.1970547335952, -0.1608970110582, -0.0364764223205, -0.001158531609068, 0.03330047685321, -0.0009122259932007, 0, 229.5537935809, 2000, -392.4328108493, -2000, 7610.988128965, 3185.220417618, 7607.527391634, 3172.633398913, 15.36721785931, 49.87373726787, 33.22535298987, 5.440710852988, -241.280106903, -7.792281404359, 239.9070035592, -12.7029907367, 5407.756874687, 3902.109407545, 5406.52688651, 4046.446682609, 3, -4.735010787167, -66.74554479413, 4.448674708554, 71.77097056085, -0.4931480285357, 1.474536699029, -0.5249771857399, 1.153071404825, 0, 0, 0.2142655818378, -0, -0, -0, -0, -0, 0.2142657526568, -0.001231129022298, 0, 0, 0, 0, 0, 0.01045971595915, -0.00123113763096, -0.02657823210024, 0.01045964282004, 0.0242375757925, 0.01045964282004, 56.05783477004, 56.07725286001, 56.05770437836, 56.07731094205, 138.3872814432, -0.1930082607175, 0.2048956786357, 0, 1, 50.00051254727, 50, 50.0003747792, -0.0008537355906702, 0, 0, 0, 0, 0, 0, 0, 0, 138.388831721, 135.4389823533, 138.3886300867, 135.4387466506, 138.3872814432, 135.4388644912, 138.3888323561, 135.4389823426, 0, 138.3886306563, 135.4387466399, -0.007599786459129, 0, -0.2005100056795, -0.008574456674384, 0.1972066833919, -0.008574456674384, 0.7799380083943, 0.7805872758854, -0.7947452786287, -0.7944127327224, -0.007403316365587, -0.006984670340847, 0.7801194890087, 0.7805153077185, 0, -0.794910777921, -0.7944846484002, -5.551115123126e-17, -0, -0, -5.551115123126e-17, 0.00174056589813, 0.3940831048973, 0.3912275338542, 0.3942268671211, 0, 0.3912299911171, 0.3939393426735
10, 0.2013799380707, -0.1428930858855, -0.1962974820055, -0.1427964155577, -0.03217569272562, -0.001024568392101, 0.03447743189283, -0.001472339206148, 0, 231.8156912324, 2000, -390.0120200646, -2000, 7611.181251486, 3185.328128252, 7607.290506518, 3173.284525474, 16.09639138384, 48.83100555667, 33.19736219185, 9.939242080223, -241.1639287289, -7.179047187634, 240.0110506276, -11.01237518401, 5408.271292361, 3904.947784433, 5406.143045931, 4039.487772654, 3, -4.30353067898, -61.35948012035, 4.216531472299, 61.6438811711, -0.4909742389075, 1.475370150505, -0.5276072224022, 1.16673044627, 0, 0, 0.2142027153057, -0, -0, -0, -0, -0, 0.214202868178, -0.001474676898001, 0, 0, 0, 0, 0, 0.009749734139017, -0.00147468720362, -0.0266869950353, 0.009749666004439, 0.02413864788638, 0.009749666004439, 56.19848715604, 56.21795301244, 56.19835675269, 56.21801313225, 138.7345078489, -0.1943816055324, 0.2035238130835, 0, 1, 50.00050165193, 50, 50.0004933099, -7.227731456568e-05, 0, 0, 0, 0, 0, 0, 0, 0, 138.7360574519, 135.7862072472, 138.735856304, 135.7859750698, 138.7345078489, 135.7860911486, 138.7360580936, 135.7862072373, 0, 138.7358568676, 135.7859750599, -0.007511536434186, 0, -0.2017947322064, -0.008446214788821, 0.1959234535156, -0.008446214788821, 0.779891058394, 0.7805309798101, -0.7947921795181, -0.7944690258794, -0.007451076083718, -0.007036082401024, 0.7800732811683, 0.7804638976411, 0, -0.7949570036445, -0.7945360624431, -0, -0, -5.551115123126e-17, -5.551115123126e-17, 0.001740662318349, 0.3940872098751, 0.3912265087727, 0.3942212138454, 0, 0.3912307560248, 0.3939532059047
10.025, 0.1993080291065, -0.1534977140097, -0.1983051430358, -0.1533860440438, -0.03516826086848, -0.001276164811787, 0.03422395693786, 0.002192464160652, 0, 224.3464150603, 2000, -384.9377858668, -2000, 7611.417658238, 3186.180806742, 7607.047444324, 3172.201815349, 15.44404725477, 49.66518946864, 33.06806484127, 5.028764060719, -241.2577056957, -8.691256786447, 239.9542693861, -14.08945460809, 5408.407085543, 3894.622096245, 5406.327958247, 4051.111210478, 3, -4.549645190406, -62.61173311214, 4.33227847159, 69.86188880902, -0.488347492588, 1.497733637035, -0.5303031574132, 1.140301497275, 0, 0, 0.2142225761084, -0, -0, -0, -0, -0, 0.2142227820305, -0.001658537606156, 0, 0, 0, 0, 0, 0.01134032547774, -0.001658549198815, -0.02695360731619, 0.01134024621282, 0.02387794019946, 0.01134024621282, 56.33913792365, 56.3586533138, 56.33901052906, 56.35871471886, 139.0817333751, -0.19205265853, 0.2058524527537, 0, 1, 50.00050575074, 50, 50.00032242683, -0.001030915857969, 0, 0, 0, 0, 0, 0, 0, 0, 139.0832801479, 136.133433422, 139.0830849281, 136.1331998966, 139.0817333751, 136.1333166477, 139.0832807883, 136.1334334104, 0, 139.0830854925, 136.133199885, -0.007412621146851, 0, -0.1993658480556, -0.008495249678684, 0.1983519911295, -0.008495249678684, 0.7798435569593, 0.7804940396612, -0.7948396422663, -0.7945059738761, -0.007497943315354, -0.007083966418334, 0.7800276001018, 0.7804160095006, 0, -0.7950026860448, -0.7945839423373, -0, -0, -0, -0, 0.001740378009456, 0.3940859152823, 0.3912262374162, 0.3942417809309, 0, 0.3912303884196, 0.3939300496337
10.05, 0.1982732776147, -0.1517567358388, -0.1993326899924, -0.1516475147269, -0.03476987819075, -0.001384516950151, 0.03471605227847, 0.002686782179621, 0, 211.8688363976, 2000, -372.3515536088, -2000, 7611.583716326, 3186.863446093, 7606.907346475, 3171.775687119, 15.20847325974, 49.85759865148, 33.28510496293, 5.011027172474, -241.3780141153, -9.412429711275, 239.8407428885, -15.17700259526, 5408.041543905, 3886.319567524, 5406.812677276, 4056.389391304, 3, -4.874010243132, -61.77756623513, 4.645707885823, 69.27199087406, -0.4864573745623, 1.514776273005, -0.531919334996, 1.128498863521, 0, 0, 0.2142351577642, -0, -0, -0, -0, -0, 0.2142353996171, -0.001723408388741, 0, 0, 0, 0, 0, 0.01232448124006, -0.001723420436241, -0.02700739021, 0.01232439508607, 0.02382183390146, 0.01232439508607, 56.47978944881, 56.49935386437, 56.47966348935, 56.49941633283, 139.4289589112, -0.1916495908601, 0.2062538790553, 0, 1, 50.00050105265, 50, 50.00031051835, -0.001068420480044, 0, 0, 0, 0, 0, 0, 0, 0, 139.4305042667, 136.4806593524, 139.4303120576, 136.4804258427, 139.4289589112, 136.480542585, 139.4305049068, 136.4806593398, 0, 139.4303126221, 136.4804258301, -0.007324420474411, 0, -0.1988743701255, -0.008494679236368, 0.1988418255249, -0.008494679236368, 0.7797980873809, 0.7804529249599, -0.7948851157737, -0.7945470941665, -0.007543418087278, -0.007131853633242, 0.7799824981096, 0.7803681194935, 0, -0.7950477760398, -0.79463182676, 5.551115123126e-17, -0, -0, -0, 0.00174012271108, 0.394088926183, 0.3912269654138, 0.3942583184339, 0, 0.3912294230034, 0.3939195339322
10.075, 0.1967827300519, -0.1576654805246, -0.200841656823, -0.1575478101151, -0.03622132651867, -0.001326345329857, 0.034298041435, -0.000484545536472, 0, 185.5415985833, 2000, -343.7931937108, -2000, 7611.624085232, 3186.640442176, 7606.909174293, 3171.754222575, 14.36203864564, 50.46463024931, 34.22668469081, 5.032865656881, -241.3068280632, -9.027326036749, 239.8903140774, -14.59589575829, 5408.319841945, 3888.776890199, 5406.464226123, 4055.605385406, 3, -5.075957907371, -65.68739317093, 4.892084873989, 70.25939072116, -0.4858908672866, 1.510284997485, -0.5320406416617, 1.128553782826, 0, 0, 0.2142488342025, -0, -0, -0, -0, -0, 0.2142490686542, -0.0017929643234, 0, 0, 0, 0, 0, 0.0120895913033, -0.001792976858732, -0.02708550251599, 0.01208950678053, 0.02373650610315, 0.01208950678053, 56.62044102286, 56.64005440646, 56.62031641897, 56.64011784699, 139.7761844606, -0.1913091870215, 0.206591945895, 0, 1, 50.00050301381, 50, 50.00038358439, -0.0006890735318173, 0, 0, 0, 0, 0, 0, 0, 0, 139.7777285685, 136.8278836183, 139.7775390522, 136.8276526281, 139.7761844606, 136.827768111, 139.7777292091, 136.8278836061, 0, 139.7775396159, 136.8276526159, -0.007246872945401, 0, -0.1984561181147, -0.008403025605685, 0.1992577557235, -0.008403025605685, 0.7797524209106, 0.7804018895061, -0.7949308132917, -0.7945981286162, -0.007589009287107, -0.007181272636519, 0.779937364745, 0.7803187013638, 0, -0.795092891206, -0.7946812466368, -0, -0, -0, -0, 0.001739970412688, 0.3940872598771, 0.3912264107835, 0.3942534237132, 0, 0.3912301173709, 0.3939210960409
10.1, 0.2004852733099, -0.1553762273533, -0.1971609189138, -0.1552622211414, -0.03567499608791, -0.001094642777282, 0.03386379839808, 0.0001055684521037, 0, 226.7940493351, 2000, -385.4777877704, -2000, 7611.726187123, 3185.989754799, 7606.82093437, 3172.766637124, 15.50848928836, 49.39359659775, 33.29824148747, 6.754103315479, -241.0916541662, -7.545700785799, 240.1133541364, -12.14613260528, 5408.417564615, 3898.757570944, 5406.208261796, 4043.632309713, 3, -4.667380058908, -64.4690637979, 4.521321534671, 69.20084578705, -0.4846803176306, 1.493476122713, -0.5331025188285, 1.152354527279, 0, 0, 0.2142179140729, -0, -0, -0, -0, -0, 0.2142180960134, -0.001907025055447, 0, 0, 0, 0, 0, 0.01049866440718, -0.001907038384376, -0.02702353845017, 0.01049859102838, 0.02378625641747, 0.01049859102838, 56.76109384106, 56.7807545225, 56.76096814415, 56.780819614, 140.1234104528, -0.1934705383369, 0.2044323151973, 0, 1, 50.00048980808, 50, 50.00036522516, -0.0007356748257791, 0, 0, 0, 0, 0, 0, 0, 0, 140.1249550333, 137.1751069559, 140.1247641475, 137.1748812088, 140.1234104528, 137.174994072, 140.1249556791, 137.1751069455, 0, 140.1247647064, 137.1748811985, -0.007180275067613, 0, -0.2005511327609, -0.008212287583513, 0.1971645340288, -0.008212287583513, 0.7797074796667, 0.7803399061691, -0.7949758353811, -0.7946601040929, -0.007635076139196, -0.007232309897259, 0.779892000286, 0.7802676687934, 0, -0.7951382532334, -0.7947322885879, -5.551115123126e-17, -0, -0, -5.551115123126e-17, 0.001740052875092, 0.3940892464911, 0.3912262163166, 0.3942335440373, 0, 0.3912306271191, 0.393944948945
10.125, 0.1969490018487, -0.15604809861, -0.2006458394619, -0.1559328990238, -0.03596108649727, -0.001248157811311, 0.03439022507453, 0.0002724606855914, 0, 187.3475204321, 2000, -349.6989486077, -2000, 7611.82086807, 3186.792386491, 7606.726556776, 3172.059343844, 14.58971917375, 49.99131850107, 34.01188887137, 5.388079650631, -241.0972328101, -8.613971480187, 240.0875209644, -13.94399174062, 5409.233028448, 3890.892041348, 5405.287983315, 4051.969518516, 3, -5.114115939395, -64.57047578362, 4.869200098796, 69.94687653768, -0.4835503762552, 1.513548745853, -0.5342256653394, 1.134573633215, 0, 0, 0.2141845586966, -0, -0, -0, -0, -0, 0.2141847834328, -0.002109491237295, 0, 0, 0, 0, 0, 0.01167283118212, -0.002109505976746, -0.02732724386966, 0.01167274962204, 0.02348978959478, 0.01167274962204, 56.90174472873, 56.92145483457, 56.90162185233, 56.92152149573, 140.4706364541, -0.1914749920869, 0.2064264298341, 0, 1, 50.0004904699, 50, 50.00034579007, -0.0008784546879674, 0, 0, 0, 0, 0, 0, 0, 0, 140.4721781573, 137.5223333273, 140.4719925737, 137.5221068016, 140.4706364541, 137.5222200529, 140.4721788036, 137.5223333158, 0, 140.4719931315, 137.5221067901, -0.007094053776902, 0, -0.1984682315537, -0.008240613893827, 0.1992460052549, -0.008240613893827, 0.7796599932603, 0.7803002902762, -0.7950232694217, -0.794699726119, -0.007681853245201, -0.007280004805638, 0.7798465868727, 0.7802199707067, 0, -0.795183663664, -0.794779980318, -0, -0, -0, -0, 0.001740153071621, 0.3940887751286, 0.3912245909033, 0.3942492108595, 0, 0.3912324611782, 0.3939283393977
10.15, 0.2011672918574, -0.1584349938375, -0.1964498267712, -0.1583162376073, -0.03757754218208, -0.001112496448072, 0.03325424957949, 0.0005168585042708, 0, 237.6599211368, 2000, -399.4184954655, -2000, 7611.881678189, 3185.606847074, 7606.648040599, 3172.985555196, 15.43536467609, 49.67909371173, 33.09983331895, 5.053053151918, -241.2064656401, -7.505036593375, 239.9972343491, -12.29128144735, 5408.27000758, 3906.199215997, 5406.272069208, 4041.022393021, 3, -4.295144635866, -65.32159765227, 4.086660550356, 71.62230559214, -0.4827829369992, 1.483950425339, -0.5351767705719, 1.159340895802, 0, 0, 0.21414577205, -0, -0, -0, -0, -0, 0.2141459331721, -0.002034932987717, 0, 0, 0, 0, 0, 0.00977025599755, -0.002034947201065, -0.02713865508358, 0.009770187755849, 0.02367143808978, 0.009770187755849, 57.04239742716, 57.06215482218, 57.04227374715, 57.06222340804, 140.8178625294, -0.1930010574865, 0.204903011659, 0, 1, 50.00048476848, 50, 50.00031609185, -0.001042894894119, 0, 0, 0, 0, 0, 0, 0, 0, 140.8194044592, 137.8695558183, 140.8192178916, 137.8693352369, 140.8178625294, 137.8694455182, 140.8194051059, 137.8695558089, 0, 140.8192184495, 137.8693352274, -0.007043150892863, 0, -0.1999441275057, -0.008024372954861, 0.1977728158902, -0.008024372954861, 0.7796173719396, 0.780237564643, -0.7950659494358, -0.7947624428093, -0.007725203233085, -0.00732963912743, 0.7798026787379, 0.7801703417, 0, -0.7952275832245, -0.7948296199549, -0, -0, -0, -0, 0.001740222887675, 0.3940844348989, 0.3912265098834, 0.3942187209299, 0, 0.3912305003374, 0.393950148868
10.175, 0.2046538217632, -0.0472657776485, -0.1929696215741, -0.04725492027679, -0.0105832063776, -0.0008759120192194, 0.04340188027534, 0.009141901729875, 0, 247.9237450277, 2000, -409.2815587179, -2000, 7611.816623916, 3184.972880258, 7606.709505451, 3173.811570681, 18.39475685886, 37.63612812053, 30.49115128822, 20.08882082982, -241.3809465319, -6.645574952642, 239.8660150884, -8.36653705355, 5406.413057021, 3913.00730669, 5408.20825103, 4033.764953872, 3, -2.789589470095, -19.13933506738, 2.595867062284, 22.53176443035, -0.4833395018957, 1.467656025202, -0.5346551905622, 1.179171562489, 0, 0, 0.2141213479782, -0, -0, -0, -0, -0, 0.2141214762307, -0.001740450129272, 0, 0, 0, 0, 0, 0.008750966659053, -0.00174046228298, -0.02644346821762, 0.008750905550679, 0.02436303488438, 0.008750905550679, 57.18305227666, 57.20285531529, 57.18292339792, 57.20292483309, 141.1650883603, -0.2003515130098, 0.197552911232, 0, 1, 50.00047696227, 50, 50.00039074668, -0.0004777651009684, 0, 0, 0, 0, 0, 0, 0, 0, 141.1666346494, 138.2167796039, 141.1664390328, 138.2165631769, 141.1650883603, 138.2166713821, 141.1666353025, 138.2167795956, 0, 141.1664395858, 138.2165631687, -0.00700096294178, 0, -0.2072550553049, -0.007873237494325, 0.1904622777076, -0.007873237494325, 0.7795792494123, 0.7801835196023, -0.7951040986539, -0.7948164838977, -0.007765962205631, -0.007376671565117, 0.7797598109964, 0.7801233118148, 0, -0.7952704532494, -0.7948766549451, -0, -0, 5.551115123126e-17, -0, 0.001740160807276, 0.3940848835903, 0.3912302112073, 0.3942051601299, 0, 0.3912266414223, 0.3939646070506
10.2, 0.2018662901224, -0.1420672432403, -0.195769889293, -0.1419715793923, -0.03510027904894, -0.001201080215663, 0.03446934185909, 0.002140727721822, 0, 237.2365789181, 2000, -399.0319802283, -2000, 7611.551467069, 3184.990659114, 7606.994473521, 3172.798095788, 15.92696046561, 48.41936467, 32.74841792631, 7.691643306777, -241.6170782253, -8.017365546601, 239.6123167907, -12.64677275598, 5405.596312895, 3907.440483034, 5409.375110291, 4044.433303103, 3, -4.129077380931, -59.19692236108, 3.960461012117, 64.27807180119, -0.4860133832715, 1.469027775792, -0.5317735124325, 1.158180509251, 0, 0, 0.2142218773094, -0, -0, -0, -0, -0, 0.2142220340818, -0.001377210734521, 0, 0, 0, 0, 0, 0.009927483965811, -0.001377220360731, -0.02652599284402, 0.009927414576638, 0.02428090385766, 0.009927414576638, 57.32370153898, 57.34355552189, 57.3235782349, 57.34362547266, 141.512312849, -0.1938683142409, 0.2040352741609, 0, 1, 50.00048033035, 50, 50.00036528053, -0.0004714630254913, 0, 0, 0, 0, 0, 0, 0, 0, 141.5138547585, 138.56400413, 141.5136692671, 138.5637869129, 141.512312849, 138.563895512, 141.5138553931, 138.5640041206, 0, 141.5136698371, 138.5637869035, -0.006960210342163, 0, -0.2007307043569, -0.007901981171723, 0.1969857047002, -0.007901981171723, 0.7795362872418, 0.7801482244554, -0.7951470497539, -0.7948517842074, -0.007806103091201, -0.007420060534633, 0.779717413148, 0.7800799201551, 0, -0.7953128424971, -0.7949200412244, -0, 5.551115123126e-17, -0, 5.551115123126e-17, 0.00173971075065, 0.3940798010706, 0.391231837927, 0.3942162481005, 0, 0.3912243172398, 0.3939433540407
10.225, 0.1969074778939, -0.1538242832986, -0.2006914613694, -0.1537124961538, -0.03702707438428, -0.001489283606296, 0.03482156797477, 0.001235752773319, 0, 193.4228382072, 2000, -355.7674773509, -2000, 7611.274964933, 3186.679857737, 7607.325975694, 3171.188273123, 15.01530914487, 50.37320158724, 33.54604756066, 4.97115726415, -241.5535095263, -10.08430206661, 239.6768261312, -16.1431170295, 5405.685919276, 3880.501253606, 5409.51290646, 4063.23952094, 3, -5.256558471123, -63.34066013692, 5.022186048565, 69.61655203677, -0.4888166064935, 1.511804975624, -0.5283898060055, 1.116288697168, 0, 0, 0.2143805742284, -0, -0, -0, -0, -0, 0.2143808403102, -0.001141356568485, 0, 0, 0, 0, 0, 0.01324252776629, -0.001141364557982, -0.02652172667089, 0.01324243506899, 0.02428468405152, 0.01324243506899, 57.46435195875, 57.48425630022, 57.46423158872, 57.4843257356, 141.8595365234, -0.1911367113436, 0.2067631087199, 0, 1, 50.00047562761, 50, 50.0003394554, -0.0004341617601241, 0, 0, 0, 0, 0, 0, 0, 0, 141.8610768077, 138.9112319274, 141.8608967321, 138.911008949, 141.8595365234, 138.9111204253, 141.8610774333, 138.9112319145, 0, 141.8608973102, 138.9110089361, -0.006910954706815, 0, -0.1979497708212, -0.008111567478174, 0.1997627350614, -0.008111567478174, 0.7794928340337, 0.7801298537558, -0.7951904797988, -0.7948701725272, -0.007848135810767, -0.007461242594158, 0.7796739307574, 0.7800387284804, 0, -0.7953562982095, -0.7949612136687, -0, -0, -0, -0, 0.001739198131749, 0.3940878970693, 0.3912316594417, 0.3942699072909, 0, 0.3912240427345, 0.3939058868477
10.25, 0.1969769454886, -0.1507231993378, -0.2006536890604, -0.1506163305261, -0.03600079038624, -0.001341325879024, 0.03509178520493, 0.003312281021396, 0, 211.831121077, 2000, -370.9018787122, -2000, 7611.109115051, 3186.579139413, 7607.538275219, 3171.357138455, 15.38097766358, 49.65565014447, 33.0234560564, 4.858642024058, -240.9415539383, -9.448045878026, 240.3024644297, -15.22932608547, 5407.484470251, 3879.029090153, 5407.642497647, 4056.964979832, 3, -4.870743906339, -60.88644338311, 4.70164992769, 68.77449174676, -0.4904731073304, 1.509268753712, -0.5262412159625, 1.119802557335, 0, 0, 0.2145243438698, -0, -0, -0, -0, -0, 0.2145245989963, -0.001269341809968, 0, 0, 0, 0, 0, 0.01289451311093, -0.001269350707284, -0.0266439996171, 0.01289442272863, 0.02414959366894, 0.01289442272863, 57.60500373517, 57.62495635419, 57.60488354011, 57.62502687837, 142.2067603346, -0.191324430788, 0.20657486643, 0, 1, 50.00046766286, 50, 50.00027764233, -0.0008673095406169, 0, 0, 0, 0, 0, 0, 0, 0, 142.2083012253, 139.2584559384, 142.2081218956, 139.258234469, 142.2067603346, 139.2583451912, 142.2083018544, 139.2584559259, 0, 142.2081224701, 139.2582344565, -0.006874939028211, 0, -0.1981009535341, -0.008056674571905, 0.1996109537466, -0.008056674571905, 0.7794464005022, 0.7800796288651, -0.795236982999, -0.7949203954488, -0.00789468182139, -0.007509074562226, 0.7796283304672, 0.7799908977098, 0, -0.7954018805701, -0.7950090468342, -0, -0, -0, -0, 0.001739027327241, 0.3940956134563, 0.3912280762839, 0.3942728404335, 0, 0.391227769038, 0.393918386479
10.275, 0.2003033054255, -0.1616560883529, -0.1972883024064, -0.161533305353, -0.03910680758481, -0.001066546160098, 0.03333715621332, -0.000581668872817, 0, 231.7395935795, 2000, -392.8151596243, -2000, 7611.126392383, 3185.042663692, 7607.536535255, 3172.338398359, 15.26717309369, 49.84606234999, 33.25445454357, 5.154819469014, -240.7195333914, -7.548310954164, 240.491768716, -12.3670046052, 5408.308160053, 3897.420952741, 5406.337587771, 4041.237117804, 3, -4.693177206568, -66.7728902905, 4.443112686109, 72.30193923331, -0.4902157226929, 1.472017371804, -0.5263300891252, 1.145808092492, 0, 0, 0.2145743720787, -0, -0, -0, -0, -0, 0.2145745447932, -0.001441411926962, 0, 0, 0, 0, 0, 0.01042195279556, -0.001441422035098, -0.02667730055918, 0.01042187971031, 0.02410531731966, 0.01042187971031, 57.74565643948, 57.76565661201, 57.74553491194, 57.76572801389, 142.5539852518, -0.1932709459332, 0.2046289527332, 0, 1, 50.00045994919, 50, 50.00031216455, -0.0007958227039584, 0, 0, 0, 0, 0, 0, 0, 0, 142.55552767, 139.6056777173, 142.5553459709, 139.605461977, 142.5539852518, 139.6055698373, 142.5555283059, 139.6056777075, 0, 142.5553465388, 139.6054619672, -0.006859868737178, 0, -0.2000322649678, -0.007848260254693, 0.1976802418451, -0.007848260254693, 0.7794005992645, 0.7800125765809, -0.795282855191, -0.7949874346986, -0.007941391583672, -0.007559113038064, 0.7795827558289, 0.7799408665463, 0, -0.7954474515485, -0.7950590926225, -0, -0, -0, -0, 0.001739423641753, 0.3940929635297, 0.3912264353619, 0.3942362067197, 0, 0.3912303685871, 0.3939497203398
10.3, 0.2028845681289, -0.08739302581348, -0.1947155305057, -0.08735694436842, -0.02086607895829, -0.0008289856206116, 0.03955871272124, 0.007875987187287, 0, 243.7137114923, 2000, -405.5695226597, -2000, 7611.294597865, 3184.362317838, 7607.311105367, 3172.925086032, 17.25226270225, 41.72172721312, 31.4705295369, 15.54426844723, -240.7023953845, -6.56099860105, 240.505456191, -8.895642869555, 5407.978845967, 3908.389632444, 5406.155256981, 4034.237769545, 3, -3.330997010719, -35.7379171585, 3.094481937651, 39.72435019377, -0.4883739196562, 1.455073604526, -0.5287672646735, 1.160326908637, 0, 0, 0.2145054724243, -0, -0, -0, -0, -0, 0.2145056089842, -0.001599292752594, 0, 0, 0, 0, 0, 0.009119860352191, -0.001599303960694, -0.02651511499626, 0.009119796439114, 0.02427475383567, 0.009119796439114, 57.88631038456, 57.90635695381, 57.88618541269, 57.90642939143, 142.9012114512, -0.1980797161757, 0.19982272947, 0, 1, 50.00044944499, 50, 50.00033222176, -0.0007495046681029, 0, 0, 0, 0, 0, 0, 0, 0, 142.9027564203, 139.9529016126, 142.9025686754, 139.9526892106, 142.9012114512, 139.9527954031, 142.9027570675, 139.9529016041, 0, 142.9025692335, 139.9526892021, -0.006834878894033, 0, -0.2048167177685, -0.007726818073872, 0.1928983682359, -0.007726818073872, 0.7793567501044, 0.7799556601934, -0.7953266793285, -0.795044345436, -0.007987267924041, -0.007607069956412, 0.779537799492, 0.7798929129068, 0, -0.7954924328364, -0.7951070528196, -0, -0, -0, 5.551115123126e-17, 0.001740229107627, 0.3940890115397, 0.39122709188, 0.3942143582882, 0, 0.3912307313074, 0.3939636647912
10.325, 0.2033813674112, -0.07659836985013, -0.1942168138733, -0.07657051752767, -0.01834652907257, -0.0008527652250387, 0.04056434990249, 0.008895045023995, 0, 244.2674972647, 2000, -406.3470343138, -2000, 7611.445911781, 3184.368162905, 7607.065200817, 3172.898030845, 17.53099720134, 40.62930338809, 31.20919061159, 16.6959186644, -240.858620218, -6.686922429424, 240.3388450031, -8.891384956667, 5407.405093572, 3910.886221704, 5406.614241777, 4036.084959669, 3, -3.194756885503, -31.07441743501, 2.94852298547, 35.38263152029, -0.486706789086, 1.45513063176, -0.5314249929435, 1.159365632522, 0, 0, 0.2144183804818, -0, -0, -0, -0, -0, 0.2144185168065, -0.001683386682629, 0, 0, 0, 0, 0, 0.009072800173391, -0.001683398470495, -0.02653402323707, 0.009072736641738, 0.02427698228712, 0.009072736641738, 58.02696265036, 58.0470574939, 58.02683765208, 58.0471306278, 143.2484377965, -0.1986800706397, 0.1992251862767, 0, 1, 50.00044124837, 50, 50.00032022543, -0.0007691874424946, 0, 0, 0, 0, 0, 0, 0, 0, 143.2499821488, 140.3001268946, 143.2497944408, 140.2999153401, 143.2484377965, 140.300021109, 143.2499827983, 140.3001268862, 0, 143.2497949973, 140.2999153318, -0.006801271649662, 0, -0.2053834377444, -0.007695984399022, 0.1923344554001, -0.007695984399022, 0.7793127067748, 0.7799098098168, -0.7953706169864, -0.7950901957213, -0.008031675656342, -0.007652595917881, 0.7794938857937, 0.779847387105, 0, -0.7955363853287, -0.7951525789408, -0, -0, -0, 5.551115123126e-17, 0.001740836410582, 0.3940846851177, 0.3912282347532, 0.3942093850543, 0, 0.3912298169887, 0.393959985181
10.35, 0.202425954728, -0.1072736693458, -0.195257030691, -0.1072192232779, -0.02568467312585, -0.0009522872206553, 0.03759781177311, 0.001771269927066, 0, 241.0712369732, 2000, -399.9946465161, -2000, 7611.51547738, 3184.971654043, 7606.915435501, 3172.804726455, 17.20486080724, 45.26758509382, 32.22250104343, 14.71413773438, -240.9975671001, -7.15657994774, 240.1777077191, -10.0014048079, 5407.174923236, 3905.416798982, 5407.135942205, 4039.219586434, 3, -3.706983246088, -46.86049153701, 3.627960966833, 45.92658585242, -0.4858974863453, 1.46891263904, -0.533077049397, 1.155189863226, 0, 0, 0.2143677364039, -0, -0, -0, -0, -0, 0.2143678909431, -0.001712953406262, 0, 0, 0, 0, 0, 0.009696311380421, -0.001712965395503, -0.0266704982026, 0.009696243514732, 0.02416224909627, 0.009696243514732, 58.16761373808, 58.18775801332, 58.16749084645, 58.18783179369, 143.5956636117, -0.1966305432599, 0.2012767284108, 0, 1, 50.00042845564, 50, 50.00045356829, 0.0001460090227119, 0, 0, 0, 0, 0, 0, 0, 0, 143.5972056733, 140.6473530715, 143.597021845, 140.6471410799, 143.5956636117, 140.6472470667, 143.5972063195, 140.6473530625, 0, 143.5970224048, 140.6471410709, -0.006762590069897, 0, -0.2032947266459, -0.007711889811184, 0.1944251434902, -0.007711889811184, 0.7792685956925, 0.7798699821156, -0.7954146118675, -0.795130026171, -0.008075057142681, -0.007696713914053, 0.7794507068237, 0.7798032676758, 0, -0.7955795963289, -0.7951966955039, -0, -0, -0, -0, 0.001740966050581, 0.3940870099092, 0.3912286928271, 0.3942202796159, 0, 0.3912287780761, 0.3939537402025
10.375, 0.1992482820208, -0.1559347581634, -0.1983689343781, -0.1558201176288, -0.03731737717007, -0.001228035829086, 0.03406807691267, 0.00159705337418, 0, 227.9173858553, 2000, -388.2735765806, -2000, 7611.55767432, 3185.966395063, 7606.854492782, 3171.790179197, 15.45880068201, 49.72073017537, 33.02695951784, 4.971317567829, -241.0073074391, -8.52142727862, 240.2010022354, -13.85324180764, 5408.014222293, 3892.994036085, 5406.731384134, 4050.703247263, 3, -4.567216036797, -63.70448590717, 4.354215690455, 70.74429853961, -0.4853769965669, 1.494405889426, -0.5337974839613, 1.129646068309, 0, 0, 0.2143928279243, -0, -0, -0, -0, -0, 0.214393039707, -0.001836604735675, 0, 0, 0, 0, 0, 0.01142874259262, -0.00183661759338, -0.02703691729697, 0.01142866258266, 0.02380664361706, 0.01142866258266, 58.30826371261, 58.3284584855, 58.30814490149, 58.3285330009, 143.9428885346, -0.1922739360842, 0.2056330799115, 0, 1, 50.00042866233, 50, 50.00025126096, -0.0009984965342591, 0, 0, 0, 0, 0, 0, 0, 0, 143.9444269908, 140.9945796184, 143.9442507106, 140.99436484, 143.9428885346, 140.9944722185, 143.9444276316, 140.9945796077, 0, 143.9442512747, 140.9943648293, -0.006708948243444, 0, -0.1988830648321, -0.007813266949506, 0.1988364875039, -0.007813266949506, 0.7792228087996, 0.7798387839244, -0.7954603311988, -0.7951612327638, -0.008119237429796, -0.007739832271558, 0.7794074211694, 0.77976014474, 0, -0.7956228878099, -0.7952398092831, -0, -0, 5.551115123126e-17, -0, 0.001740633663837, 0.3940879430731, 0.3912270197442, 0.3942450239576, 0, 0.391229584985, 0.3939308621886
10.4, 0.2029862050739, -0.08283224236543, -0.1946806279578, -0.08279974827818, -0.01947534840154, -0.0008330512695775, 0.03985060902537, 0.008098266636415, 0, 253.3689514548, 2000, -414.1288603534, -2000, 7611.581719501, 3184.83830504, 7606.852868731, 3173.268335011, 17.86931813074, 41.46665188392, 30.94116905611, 16.019377302, -240.82760524, -6.538563223441, 240.427603779, -8.787192908143, 5408.285867221, 3908.360537235, 5406.580005378, 4032.465603206, 3, -2.853843244099, -33.93323215499, 2.741279081172, 37.65400580321, -0.4850490434117, 1.465402116613, -0.5338932253842, 1.165933717048, 0, 0, 0.2143822956969, -0, -0, -0, -0, -0, 0.2143824325234, -0.001897324064259, 0, 0, 0, 0, 0, 0.008993544822216, -0.001897337345744, -0.02676179172839, 0.008993481866738, 0.02406832311253, 0.008993481866738, 58.44891773873, 58.46915869486, 58.44879490798, 58.46923462199, 144.2901137762, -0.1977528876128, 0.2001548983674, 0, 1, 50.00041685891, 50, 50.00031775045, -0.0006297064094572, 0, 0, 0, 0, 0, 0, 0, 0, 144.2916556495, 141.3418020127, 144.2914723947, 141.3415934238, 144.2901137762, 141.3416977101, 144.2916563012, 141.3418020045, 0, 144.2914729494, 141.3415934156, -0.006682916023173, 0, -0.204337056927, -0.007588104449425, 0.1933833248674, -0.007588104449425, 0.7791817385081, 0.7797740091071, -0.7955014871318, -0.795225996483, -0.00816249868188, -0.007787852494002, 0.779364471963, 0.7797121308984, 0, -0.795665830724, -0.7952878358864, -0, -0, -0, -0, 0.001740397490343, 0.3940908057622, 0.3912264795009, 0.3942144163842, 0, 0.3912298857898, 0.3939671951403
10.425, 0.1971271184103, -0.1536607886025, -0.2004851008526, -0.1535491655815, -0.03679833199473, -0.001354524510855, 0.03460664570772, 0.0009113606682156, 0, 197.7350708624, 2000, -355.7410913155, -2000, 7611.694480937, 3186.554889154, 7606.795931948, 3171.221374944, 14.82889051322, 50.15896301608, 33.63476793216, 5.054427144655, -241.1519678221, -9.373451373043, 240.0594194833, -15.10104329212, 5408.676293981, 3887.752721189, 5406.026546535, 4057.287283032, 3, -4.999561067116, -63.60706935858, 4.78684184423, 69.22286455223, -0.4837933889042, 1.509279168544, -0.5345645513216, 1.115952210274, 0, 0, 0.2143624919591, -0, -0, -0, -0, -0, 0.2143627374517, -0.00201856629078, 0, 0, 0, 0, 0, 0.01228569241804, -0.002018580418363, -0.02725507966805, 0.01228560643309, 0.02357630162762, 0.01228560643309, 58.58956670733, 58.60985931229, 58.58945002443, 58.60993548637, 144.6373391442, -0.1912789757361, 0.2066238215819, 0, 1, 50.00041624667, 50, 50.00026518439, -0.0009396540905139, 0, 0, 0, 0, 0, 0, 0, 0, 144.6388754046, 141.6890301702, 144.6387031215, 141.688815502, 144.6373391442, 141.6889228246, 144.6388760471, 141.6890301587, 0, 144.6387036832, 141.6888154905, -0.006618599748945, 0, -0.1977969470079, -0.007809256965687, 0.1999184583204, -0.007809256965687, 0.7791357910179, 0.7797561696497, -0.7955473979901, -0.7952438519285, -0.008205954553054, -0.007828342877486, 0.7793218924199, 0.7796716317041, 0, -0.7957083823465, -0.7953283174591, -0, -0, -0, -0, 0.001740267367261, 0.394086604482, 0.3912257001707, 0.3942554636035, 0, 0.3912309896942, 0.3939177453605
10.45, 0.2028026026043, -0.09838842765156, -0.1948525347925, -0.09834252824955, -0.02360153126924, -0.0009316797233198, 0.03833457197844, 0.006975972912184, 0, 249.9449889142, 2000, -410.9908437071, -2000, 7611.702943761, 3184.883068207, 7606.802895844, 3173.014298636, 17.41085735818, 43.32117244479, 31.38982283864, 14.23851747107, -241.0663994473, -6.959845304533, 240.1770012258, -9.736644998387, 5407.678874785, 3909.278305286, 5406.9469789, 4036.773010513, 3, -3.189701627184, -40.65366960468, 3.057024758958, 44.6352746043, -0.4836326348328, 1.466959566339, -0.5345638177333, 1.160664315512, 0, 0, 0.2143198388116, -0, -0, -0, -0, -0, 0.2143199825794, -0.001899962172659, 0, 0, 0, 0, 0, 0.009239182396681, -0.001899975464862, -0.02680148052664, 0.009239117759396, 0.02401174589773, 0.009239117759396, 58.73022088827, 58.75055929223, 58.73009991647, 58.75063693364, 144.9845646809, -0.1967432472483, 0.2011622769499, 0, 1, 50.00040158486, 50, 50.0002953456, -0.0006633012548692, 0, 0, 0, 0, 0, 0, 0, 0, 144.9861043492, 142.0362514832, 144.985924666, 142.0360445232, 144.9845646809, 142.0361479949, 144.9861049983, 142.0362514749, 0, 144.9859252225, 142.0360445149, -0.006602881045067, 0, -0.203247254416, -0.007528846555507, 0.1944709825218, -0.007528846555507, 0.7790973778793, 0.7796879172913, -0.7955859338304, -0.7953120895881, -0.008246565167478, -0.007875633643689, 0.7792803829131, 0.779624349319, 0, -0.7957498907846, -0.7953756166064, -0, -0, 5.551115123126e-17, -0, 0.00174026215432, 0.3940856011356, 0.3912276885224, 0.3942125878921, 0, 0.391229154929, 0.393958614379
10.475, 0.1980227005887, -0.1514939397243, -0.1996093352975, -0.1513853818318, -0.03632570772067, -0.001403987261732, 0.03498692318517, 0.0040326834285, 0, 200.9499998944, 2000, -358.0087771379, -2000, 7611.725709584, 3186.874154563, 7606.797452729, 3171.357692417, 15.12079002356, 49.66050816148, 33.32589035762, 4.803159240076, -241.3283279131, -9.599337749653, 239.8839219085, -15.45212084153, 5407.745228174, 3885.124105443, 5406.912826891, 4058.575307273, 3, -5.146656546871, -61.00066739353, 4.973203608332, 70.04364546568, -0.4833252915277, 1.516070195583, -0.534688785086, 1.117933980687, 0, 0, 0.2143057149677, -0, -0, -0, -0, -0, 0.2143059692023, -0.001909640480285, 0, 0, 0, 0, 0, 0.01256952023609, -0.001909653838437, -0.02711381184158, 0.01256943231128, 0.02370834367157, 0.01256943231128, 58.87087040831, 58.89125989962, 58.87075431569, 58.89133766391, 145.3317898113, -0.1917462236173, 0.2061563402075, 0, 1, 50.00039163513, 50, 50.00016214715, -0.001303587401919, 0, 0, 0, 0, 0, 0, 0, 0, 145.3333249781, 142.3834799165, 145.3331541084, 142.3832669475, 145.3317898113, 142.3833734203, 145.3333256185, 142.3834799048, 0, 145.3331546722, 142.3832669358, -0.006541743652214, 0, -0.1981878965874, -0.007747446596403, 0.199527358646, -0.007747446596403, 0.7790535604974, 0.7796713148391, -0.7956296785167, -0.795328708662, -0.008288381979705, -0.007915151127738, 0.7792386981767, 0.779584822723, 0, -0.7957915637595, -0.7954151249785, -0, -0, -0, -0, 0.001740138614231, 0.394087939309, 0.3912275553409, 0.3942606994661, 0, 0.3912292238236, 0.393915179152
10.5, 0.1977595626132, -0.1511725340761, -0.1998730621227, -0.1510645595661, -0.03604403630121, -0.001353274735483, 0.03502787480599, 0.004118048524329, 0, 200.5085547088, 2000, -357.5173190206, -2000, 7611.695947735, 3186.901123906, 7606.842774725, 3171.543383394, 15.10828651144, 49.47914595235, 33.31782952905, 4.915818751339, -241.1982754649, -9.323423769723, 240.0191935595, -15.03940327204, 5408.175443665, 3884.872815863, 5406.606012409, 4056.103928459, 3, -5.145505560373, -60.77622191972, 4.974372807334, 69.78211880582, -0.4835728805704, 1.516415086712, -0.5342767153799, 1.121895130055, 0, 0, 0.2143205735634, -0, -0, -0, -0, -0, 0.2143208222645, -0.001939009706064, 0, 0, 0, 0, 0, 0.01240863663715, -0.001939023271538, -0.02714373005217, 0.01240854982569, 0.02367506791177, 0.01240854982569, 59.01152203047, 59.03195997363, 59.01140648129, 59.03203895126, 145.6790145573, -0.1917267562775, 0.2061753377156, 0, 1, 50.00038415874, 50, 50.00015570064, -0.001290864235673, 0, 0, 0, 0, 0, 0, 0, 0, 145.6805492327, 142.7307042591, 145.6803795497, 142.7304927385, 145.6790145573, 142.7305984874, 145.6805498736, 142.7307042476, 0, 145.6803801129, 142.7304927271, -0.006500172672512, 0, -0.1981267394191, -0.007694752744515, 0.1995880457475, -0.007694752744515, 0.7790115068323, 0.7796260077245, -0.7956717488884, -0.7953740150078, -0.008330445036806, -0.007959351874191, 0.7791968483929, 0.7795406225562, 0, -0.7958334071698, -0.7954593263046, -0, -0, 5.551115123126e-17, -0, 0.001739933857631, 0.3940906513713, 0.3912266982413, 0.3942612002842, 0, 0.3912298351017, 0.3939201024584
10.525, 0.1973633053069, -0.1508316956058, -0.200243376293, -0.1507241646818, -0.03603180434161, -0.001364460070311, 0.03491204931376, 0.00255348383281, 0, 205.6146813107, 2000, -364.173799053, -2000, 7611.702199781, 3186.908258306, 7606.860971065, 3171.418043671, 15.12017620517, 49.82939863028, 33.30711436253, 5.12440526567, -241.1241945397, -9.467940084844, 240.0943882414, -15.2547504711, 5408.570248234, 3884.646881094, 5406.206072017, 4056.885963733, 3, -5.031593028801, -61.63504158424, 4.810223010916, 68.69868346189, -0.4834455446492, 1.517248320077, -0.5341458194551, 1.119165350595, 0, 0, 0.2143306402554, -0, -0, -0, -0, -0, 0.2143308926799, -0.001995541817407, 0, 0, 0, 0, 0, 0.01248168139419, -0.001995555779696, -0.02721528659024, 0.0124815940635, 0.0235975457583, 0.0124815940635, 59.1521735063, 59.17266005186, 59.15205879899, 59.17274030291, 146.0262393313, -0.1913739729632, 0.2065270448401, 0, 1, 50.00038074246, 50, 50.00019660419, -0.001071588864828, 0, 0, 0, 0, 0, 0, 0, 0, 146.0277732312, 143.0779286508, 146.0276052442, 143.077718033, 146.0262393313, 143.0778233304, 146.0277738725, 143.0779286393, 0, 146.0276058066, 143.0777180215, -0.006456684685249, 0, -0.1977301934111, -0.00766190955518, 0.1999835292067, -0.00766190955518, 0.7789692521408, 0.7795826946424, -0.7957140344959, -0.795417328647, -0.008372598954198, -0.008003167525602, 0.7791550819312, 0.7794968067472, 0, -0.7958751637642, -0.7955031417984, -0, -5.551115123126e-17, 5.551115123126e-17, -0, 0.001739810160249, 0.3940900973772, 0.3912259115463, 0.3942616502443, 0, 0.391230632014, 0.3939185445101
10.55, 0.2001348441411, -0.158189712709, -0.1974625103232, -0.1580715208756, -0.03821844131751, -0.001224677138676, 0.03368898019768, 0.0004414067820153, 0, 225.841729094, 2000, -386.7867774679, -2000, 7611.689768723, 3185.944916821, 7606.883109361, 3172.216146657, 15.26084361535, 49.90116494522, 33.25433032222, 5.133160101214, -241.199704259, -8.348089890168, 240.0113534437, -13.58265490925, 5407.842582978, 3896.454752089, 5406.818136418, 4047.770949147, 3, -4.819560275018, -65.29430492302, 4.575951964581, 71.45364462233, -0.4835183432894, 1.493515075227, -0.5339693877733, 1.139940761136, 0, 0, 0.2143060636215, -0, -0, -0, -0, -0, 0.2143062605883, -0.001893102069921, 0, 0, 0, 0, 0, 0.01096545880472, -0.001893115312428, -0.02702931021782, 0.01096538210023, 0.02377519029624, 0.01096538210023, 59.29282584743, 59.31336016668, 59.29271030737, 59.31344146416, 146.3734644619, -0.1927755766383, 0.2051263577376, 0, 1, 50.00037177473, 50, 50.00020733074, -0.0009870929247819, 0, 0, 0, 0, 0, 0, 0, 0, 146.3749988891, 143.4251511976, 146.3748295126, 143.424944977, 146.3734644619, 143.4250480774, 146.3749995304, 143.4251511877, 0, 146.3748300754, 143.4249449671, -0.006431935831268, 0, -0.19910776488, -0.007501951401907, 0.1986069266496, -0.007501951401907, 0.7789297112656, 0.7795275943922, -0.795753630357, -0.795472420951, -0.008412694022497, -0.008047834526257, 0.7791142718518, 0.7794521443015, 0, -0.7959159721291, -0.795547813354, 5.551115123126e-17, -0, 5.551115123126e-17, -0, 0.001739872841208, 0.3940874173832, 0.3912273616797, 0.3942381307242, 0, 0.3912294122609, 0.3939367040423
10.575, 0.1992300384944, -0.1553697308488, -0.1983677628979, -0.1552556939097, -0.03752067272615, -0.001301743701528, 0.03417194325771, 0.001592780026637, 0, 219.0174860868, 2000, -379.7811632757, -2000, 7611.659636753, 3186.297200817, 7606.907806696, 3171.884027651, 15.18146956067, 49.88080137553, 33.30315645846, 4.912998096425, -241.2551071661, -8.877809021697, 239.9482805281, -14.38604827562, 5407.464989101, 3892.592471986, 5407.102173246, 4053.358097217, 3, -4.859850305606, -63.6680088056, 4.617652891653, 70.66018246293, -0.4837799070074, 1.502276273517, -0.5337630041157, 1.131693831515, 0, 0, 0.2142653382687, -0, -0, -0, -0, -0, 0.2142655576017, -0.00182687108777, 0, 0, 0, 0, 0, 0.01165023221244, -0.001826883862126, -0.02700152108139, 0.01165015074885, 0.02380557345362, 0.01165015074885, 59.43347731735, 59.45406048279, 59.43336269275, 59.45414242229, 146.7206897039, -0.1923059623358, 0.2055958583409, 0, 1, 50.00036327399, 50, 50.00017893181, -0.001092487046815, 0, 0, 0, 0, 0, 0, 0, 0, 146.7222229475, 143.7723763395, 146.7220553834, 143.7721698159, 146.7206897039, 143.7722730672, 146.7222235865, 143.772376329, 0, 146.7220559483, 143.7721698054, -0.006390902503851, 0, -0.1985972364801, -0.007512969530945, 0.1991173666915, -0.007512969530945, 0.7788891458911, 0.7794904246852, -0.7957941795749, -0.7955095943333, -0.008453015724689, -0.008089715644506, 0.7790735170888, 0.7794102613059, 0, -0.7959567285692, -0.795589692595, -0, -0, 5.551115123126e-17, -0, 0.001739992582107, 0.3940856984577, 0.3912281139481, 0.3942458235792, 0, 0.3912288463644, 0.3939255733363
10.6, 0.1979808956379, -0.1537878996912, -0.1996117372822, -0.1536763289142, -0.03649270290995, -0.001329130612893, 0.03463328216871, 0.002116067278095, 0, 214.2503638595, 2000, -374.8064979163, -2000, 7611.64027284, 3187.000297637, 7606.914462882, 3171.685132569, 15.28045335303, 49.84765089049, 33.19745369013, 5.100248836789, -241.0902660801, -9.213281833337, 240.1135487872, -14.89685897682, 5407.911530986, 3885.498581693, 5406.648809667, 4057.561481685, 3, -4.967712688904, -62.7033852024, 4.715283405312, 69.86701767669, -0.4839311513956, 1.519371089398, -0.5337434152038, 1.124692832493, 0, 0, 0.2142218386223, -0, -0, -0, -0, -0, 0.2142220886315, -0.001884491836949, 0, 0, 0, 0, 0, 0.01246891384567, -0.001884505008867, -0.02708688096332, 0.01246882669286, 0.02372448917237, 0.01246882669286, 59.57412870737, 59.5947608701, 59.57401510825, 59.59484371343, 147.067914858, -0.191785217021, 0.2061166125995, 0, 1, 50.00035334988, 50, 50.00016574032, -0.001105020164487, 0, 0, 0, 0, 0, 0, 0, 0, 147.0694467603, 144.1196021029, 147.0692812865, 144.1193948913, 147.067914858, 144.1194984858, 147.0694473995, 144.1196020916, 0, 147.0692818511, 144.1193948801, -0.006342751694865, 0, -0.1980280376023, -0.00753799644363, 0.1996865959681, -0.00753799644363, 0.7788473039806, 0.7794537312427, -0.7958359970147, -0.7955462924221, -0.008494685242391, -0.008132042965814, 0.7790322576166, 0.7793679315711, 0, -0.7959979927184, -0.7956320175027, 5.551115123126e-17, -0, -0, -0, 0.001740064101854, 0.3940885762624, 0.3912272241474, 0.3942599536487, 0, 0.3912297497087, 0.393917198876
10.625, 0.2002280169514, -0.1582912692446, -0.1973960369208, -0.1581733173256, -0.03748116531629, -0.001059381077535, 0.03368962934891, 0.0004746245397601, 0, 226.4327940752, 2000, -385.7653430676, -2000, 7611.659049507, 3186.209541398, 7606.879802943, 3173.001124813, 15.36002191059, 49.42037254522, 33.2850431938, 6.003281572097, -240.8645377099, -7.41277095523, 240.3333261212, -12.06449541327, 5408.715879384, 3898.54398904, 5405.85196923, 4042.222674771, 3, -4.749377876483, -65.14986814123, 4.55766604091, 71.01232108154, -0.4836862057551, 1.498421404652, -0.5341540351712, 1.156339622796, 0, 0, 0.2141609467198, -0, -0, -0, -0, -0, 0.2141611276665, -0.002028619312402, 0, 0, 0, 0, 0, 0.01041198977436, -0.002028633483659, -0.02711596811829, 0.01041191704006, 0.02369426249854, 0.01041191704006, 59.71478101181, 59.73546080641, 59.71466658947, 59.73554528364, 147.4151401562, -0.1933689252841, 0.2045342020856, 0, 1, 50.00034128498, 50, 50.00018245238, -0.001010630902854, 0, 0, 0, 0, 0, 0, 0, 0, 147.416672297, 144.4668247823, 147.4165055151, 144.466622949, 147.4151401562, 144.4667238564, 147.4166729419, 144.4668247731, 0, 147.4165060746, 144.4666229398, -0.006307873755495, 0, -0.1995767985346, -0.007342346269652, 0.1981391895082, -0.007342346269652, 0.778805590947, 0.7793932207912, -0.795877726177, -0.7956067922821, -0.008537151743212, -0.008178400817673, 0.7789907424191, 0.7793215797134, 0, -0.7960395161583, -0.7956783813487, -0, -0, -0, -0, 0.001740137885738, 0.3940908633497, 0.391225621766, 0.3942339696081, 0, 0.3912313371255, 0.3939477570914
10.65, 0.2057772604665, -0.0009484083111305, -0.1919233762771, -0.0009483991214581, 0.0002455998172463, -0.0006126709139685, 0.04815542050317, 0.006714061103002, 0, 267.1579361902, 2000, -428.146283018, -2000, 7611.703772812, 3184.553665368, 7606.815462076, 3174.893275618, 20.32452291116, 32.53921557774, 28.80277967417, 24.79394192505, -240.7089592213, -5.186069159684, 240.5474144465, -6.209681863794, 5408.459045424, 3922.412279009, 5406.095700013, 4020.102080331, 3, -1.302643613651, -0.1920880901259, 1.263598309292, 1.352190622295, -0.4831685665893, 1.455724335627, -0.5348771543773, 1.204347647653, 0, 0, 0.2140733932943, -0, -0, -0, -0, -0, 0.2140734837027, -0.002062597153371, 0, 0, 0, 0, 0, 0.007079304821481, -0.002062611550207, -0.0265887482387, 0.007079255408552, 0.02421213812223, 0.007079255408552, 59.85543652062, 59.87616041939, 59.85531493941, 59.87624710297, 147.7623657314, -0.2027639406419, 0.195142236824, 0, 1, 50.00033184099, 50, 50.0002893993, -0.0004197974184257, 0, 0, 0, 0, 0, 0, 0, 0, 147.7639035443, 144.8140459011, 147.7637242246, 144.8138522898, 147.7623657314, 144.8139490895, 147.7639042064, 144.8140458951, 0, 147.7637247693, 144.8138522838, -0.006285218276166, 0, -0.2089512343458, -0.007043245610765, 0.1887679142522, -0.007043245610765, 0.778768523824, 0.7793232734554, -0.7959148689701, -0.7956767266665, -0.008577872312879, -0.008225418805819, 0.7789500754997, 0.7792745692331, 0, -0.7960801950136, -0.7957254068447, -5.551115123126e-17, -0, 5.551115123126e-17, -0, 0.001740251409497, 0.394089126116, 0.3912261350745, 0.3941864267142, 0, 0.3912308501277, 0.3939918255179
10.675, 0.2092469717859, 0.08292990558226, -0.1885250325597, 0.0829613102142, 0.01809146183211, -0.0006283316732294, 0.05642120982525, 0.002799901111543, 0, 270.5017115273, 2000, -432.4066029126, -2000, 7611.530764698, 3183.238787871, 7606.975179065, 3176.314886885, 22.42004892058, 24.18438066411, 27.14285978729, 34.25548381496, -241.4741313014, -4.713477948498, 239.7833891315, -5.426846534819, 5405.341891842, 3939.214517355, 5409.254674966, 4006.394556588, 3, 0.329481386495, 33.31205752931, -0.2225728864731, -35.47544289717, -0.4849409121591, 1.418706887835, -0.5332451005894, 1.243693132012, 0, 0, 0.2139903937749, -0, -0, -0, -0, -0, 0.213990437061, -0.001496437157117, 0, 0, 0, 0, 0, 0.004868348260619, -0.001496447594084, -0.02583335229586, 0.004868314306333, 0.02496722690371, 0.004868314306333, 59.99609025408, 60.01686013476, 59.99596501615, 60.0169484263, 148.1095912189, -0.2074682244521, 0.19043876721, 0, 1, 50.00032183617, 50, 50.00037059459, 0.0001415967831126, 0, 0, 0, 0, 0, 0, 0, 0, 148.1111318825, 145.1612679096, 148.1109457327, 145.1610803522, 148.1095912189, 145.1611741269, 148.1111325403, 145.1612679056, 0, 148.1109462803, 145.1610803482, -0.006295493114118, 0, -0.213668683668, -0.006823014965038, 0.1840513516933, -0.006823014965038, 0.7787363871948, 0.7792668186643, -0.7959470129219, -0.7957331758536, -0.008611287083379, -0.008266663342371, 0.7789127836684, 0.7792333282311, 0, -0.7961174921883, -0.7957666549159, -0, -0, -0, -0, 0.001740277761383, 0.3940860453165, 0.3912323469028, 0.394152957706, 0, 0.3912245551367, 0.3940191329271
10.7, 0.2095879360599, 0.002283080230449, -0.1881840675749, 0.002283078914621, -0.003375506959117, -0.0009427625472584, 0.04754539511228, 0.003008839569829, 0, 275.0278158292, 2000, -434.2043556708, -2000, 7610.891961775, 3183.67644925, 7607.630236089, 3176.205570392, 22.20499792718, 33.80347964377, 27.39649606854, 26.40476519943, -242.2423469183, -6.664998199847, 239.0182935449, -7.864903139245, 5400.215721104, 3927.942051436, 5414.494499331, 4016.445180487, 3, -0.6210162436098, -1.847090369425, 0.72357183964, -0.5636673886992, -0.4916135217348, 1.4261086772, -0.5264027537886, 1.243138930881, 0, 0, 0.2139513789378, -0, -0, -0, -0, -0, 0.2139514385529, -0.0002405607518247, 0, 0, 0, 0, 0, 0.00641357250518, -0.0002405624290145, -0.02503792931076, 0.006413527790033, 0.02575521084993, 0.006413527790033, 60.1367404564, 60.15756099306, 60.13661843961, 60.15764886896, 148.4568161029, -0.2026707136241, 0.1952366081224, 0, 1, 50.00031296128, 50, 50.00037552852, 0.0003060627786427, 0, 0, 0, 0, 0, 0, 0, 0, 148.4583537053, 145.5084937923, 148.4581731507, 145.5083044617, 148.4568161029, 145.5083991217, 148.4583543287, 145.508493787, 0, 148.4581737302, 145.5083044564, -0.006331076844004, 0, -0.208909708446, -0.006887519652081, 0.1888107182276, -0.006887519652081, 0.7787076946231, 0.7792453414485, -0.7959757528901, -0.7957546570391, -0.008637199034395, -0.008298770810519, 0.7788786642682, 0.779201218566, 0, -0.796151607867, -0.795798760187, 5.551115123126e-17, -0, -0, 5.551115123126e-17, 0.001740078612598, 0.3940872612443, 0.3912425608085, 0.3941754117707, 0, 0.391214114859, 0.3939991107179
10.725, 0.2096743919084, 0.0988409574143, -0.1881047688303, 0.09888578403876, 0.01871944944576, -0.0009382621803839, 0.05792214079761, 0.00159598661424, 0, 265.098654825, 2000, -426.0067555845, -2000, 7609.712209856, 3182.58477018, 7608.833422242, 3177.430151174, 22.95660569242, 23.45805913033, 26.67830212257, 36.57719940772, -242.7428588192, -6.428393660319, 238.5270718049, -7.014817615133, 5395.37211559, 3931.567292214, 5419.553754843, 4011.053094759, 3, 0.1369776661959, 39.43217037394, -0.01112930478307, -41.9593450898, -0.50399519246, 1.39644778497, -0.5137746896286, 1.275818410589, 0, 0, 0.2139628256839, -0, -0, -0, -0, -0, 0.2139628609813, 0.001373125402358, 0, 0, 0, 0, 0, 0.005760112258308, 0.001373134976814, -0.02344253910572, 0.005760072094768, 0.02734910055024, 0.005760072094768, 60.27739466259, 60.2982612399, 60.27726761226, 60.29834928608, 148.8040403811, -0.2078828562333, 0.1900229763499, 0, 1, 50.00030525346, 50, 50.00037510106, 0.0004049025376154, 0, 0, 0, 0, 0, 0, 0, 0, 148.8055828056, 145.8557170031, 148.8053927683, 145.8555302185, 148.8040403811, 145.8556236061, 148.8055834041, 145.8557169984, 0, 148.8053933664, 145.8555302138, -0.006422325611621, 0, -0.214219086699, -0.006794901382447, 0.1834998465809, -0.006794901382447, 0.778684484451, 0.7792075531563, -0.7959989620148, -0.795792443727, -0.008660707237346, -0.008332063930669, 0.7788445639858, 0.779167926552, 0, -0.7961856952162, -0.7958320544133, -0, -0, -0, -0, 0.001739740913343, 0.3940890215275, 0.3912522140332, 0.3941681906531, 0, 0.3912040316185, 0.3940098524018
10.75, 0.2085433633569, 0.02853819429765, -0.1892250672734, 0.02854193023151, 0.001158954514159, -0.0009114094999965, 0.05073413010819, 0.002468517115063, 0, 268.6805020943, 2000, -426.38299702, -2000, 7608.223467322, 3182.3320174, 7610.375174361, 3177.486700684, 23.76753533085, 30.71637124642, 25.83050192687, 29.50788283639, -242.0985903703, -6.628069121472, 239.1825900354, -7.608565353315, 5394.266289534, 3925.177874575, 5420.707810938, 4017.336257132, 3, -0.2737138667418, 9.448567582626, 0.3799383476123, -12.61882306254, -0.5196670509721, 1.388977742419, -0.4975444317683, 1.279838579277, 0, 0, 0.214004719209, -0, -0, -0, -0, -0, 0.2140047562348, 0.002709331668264, 0, 0, 0, 0, 0, 0.006678458452981, 0.002709350567148, -0.02268325810524, 0.00667841186785, 0.0280937863769, 0.00667841186785, 60.41804529393, 60.43896180549, 60.41792022744, 60.4390491254, 149.1512642889, -0.203491117897, 0.1944137241395, 0, 1, 50.00030105808, 50, 50.00038771991, 0.0005350668972921, 0, 0, 0, 0, 0, 0, 0, 0, 149.1528052596, 146.2029420663, 149.1526187064, 146.2027532755, 149.1512642889, 146.2028476654, 149.1528058272, 146.2029420608, 0, 149.152619335, 146.20275327, -0.006525311472382, 0, -0.2099331210901, -0.006867881794782, 0.1877848403317, -0.006867881794782, 0.7786525564048, 0.7791808350341, -0.7960309704092, -0.7958191643502, -0.008689434545816, -0.008365099795275, 0.7788074520348, 0.7791348891977, 0, -0.7962227869755, -0.7958650887882, -0, -0, -0, -0, 0.00173941486204, 0.3940891266738, 0.3912544189608, 0.3941809178908, 0, 0.3912017302422, 0.3939973354567
10.775, 0.2066185579274, -0.02211328919755, -0.1912082618539, -0.02211107423284, -0.01100212031047, -0.0008737026628642, 0.04548182172166, -8.188341536754e-05, 0, 264.421533044, 2000, -424.0286062595, -2000, 7606.965655783, 3182.197415064, 7611.66322284, 3177.239963442, 20.99039597984, 36.54155343177, 28.97205966845, 24.92454611955, -241.4935973983, -6.705823118582, 239.7579363641, -8.024057039832, 5395.125568555, 3919.629279313, 5419.866175667, 4024.100669781, 3, -0.838828748896, -12.88528990696, 1.065408290911, 7.399876508959, -0.5329604807896, 1.385580791585, -0.4839305209827, 1.275557799479, 0, 0, 0.2140591692798, -0, -0, -0, -0, -0, 0.2140592115921, 0.003569472421511, 0, 0, 0, 0, 0, 0.007570747478323, 0.003569497332959, -0.02218887487042, 0.007570694642212, 0.02857941288144, 0.007570694642212, 60.55869693759, 60.57966213499, 60.5585717185, 60.57974893568, 149.4984880263, -0.2018130984476, 0.1960912801292, 0, 1, 50.00029025414, 50, 50.00043969468, 0.0009405021723493, 0, 0, 0, 0, 0, 0, 0, 0, 149.500029652, 146.5501673783, 149.4998425303, 146.5499752763, 149.4984880263, 146.5500713209, 149.500030203, 146.550167372, 0, 149.4998431752, 146.5499752699, -0.006639858283689, 0, -0.2083714617438, -0.006988340763591, 0.1893460222855, -0.006988340763591, 0.7786147823752, 0.7791513149454, -0.796068792003, -0.7958486870885, -0.008725296731719, -0.008400758305975, 0.7787663013962, 0.7790992289618, 0, -0.7962639251107, -0.7959007455737, -0, -0, 5.551115123126e-17, -0, 0.001739238553947, 0.3940879149372, 0.3912527085717, 0.394191970106, 0, 0.3912034051664, 0.3939838597683
10.8, 0.2083444263909, 0.05654942913255, -0.1895040006189, 0.05656465396128, 0.006914216241895, -0.0006581589073862, 0.0537790681735, -0.002571735810728, 0, 273.8342904244, 2000, -435.2525717481, -2000, 7606.119959529, 3180.883409028, 7612.534130436, 3178.559567846, 22.93369835104, 28.53384130225, 27.35886158506, 33.13098092339, -240.9967890167, -5.426664026152, 240.2548074903, -6.220278122212, 5395.680084149, 3931.711174077, 5419.26769273, 4008.393679844, 3, 0.2237867671282, 19.43996849865, 0.05306903722717, -27.51733704472, -0.5419663064113, 1.349771361344, -0.4746536638272, 1.310779628024, 0, 0, 0.2141368225479, -0, -0, -0, -0, -0, 0.2141368335541, 0.00413890859213, 0, 0, 0, 0, 0, 0.005556965299897, 0.00413893749865, -0.02154359114119, 0.005556926489805, 0.02921766443462, 0.005556926489805, 60.69935111227, 60.72036218767, 60.69922054978, 60.72044908271, 149.845711403, -0.2063494815701, 0.1915543783584, 0, 1, 50.00027888452, 50, 50.0005005954, 0.00144167262678, 0, 0, 0, 0, 0, 0, 0, 0, 149.8472586136, 146.8973903126, 149.8470613872, 146.8972000487, 149.845711403, 146.897295176, 149.8472591607, 146.8973903079, 0, 149.8470620301, 146.897200044, -0.00678722658709, 0, -0.2130576266512, -0.006921472045529, 0.184659298188, -0.006921472045529, 0.7785755232338, 0.7790969770809, -0.7961080868935, -0.7959030188344, -0.008765369442187, -0.008441242498932, 0.7787226354089, 0.7790587480512, 0, -0.7963075784845, -0.7959412330491, 5.551115123126e-17, -0, -0, -0, 0.001739148885902, 0.3940915271765, 0.3912516056407, 0.3941679041739, 0, 0.3912045951653, 0.394015150179
10.825, 0.209158539349, 0.07597060126127, -0.1886605470434, 0.07599789147493, 0.01052032155517, -0.0006931620517627, 0.05567518756877, -0.0004207870783331, 0, 274.0519798634, 2000, -435.5923141539, -2000, 7605.547818204, 3180.600699087, 7613.110245416, 3179.107139766, 23.19521698992, 26.29223338035, 26.82744907276, 34.69427604448, -241.0713166425, -5.700773239701, 240.1815816399, -6.449917186632, 5394.501168108, 3931.058043003, 5420.324270808, 4003.198402242, 3, 0.5104225762783, 28.66859830298, -0.2915114627945, -34.40848010053, -0.5481244745061, 1.339388236184, -0.4684464854713, 1.326193651466, 0, 0, 0.2141992464492, -0, -0, -0, -0, -0, 0.2141992499529, 0.004747922929071, 0, 0, 0, 0, 0, 0.005227808752213, 0.00474795610834, -0.02101858021309, 0.005227772219677, 0.02974166287141, 0.005227772219677, 60.84000401726, 60.86106331624, 60.83987064064, 60.86114882526, 150.1929348533, -0.2074262315407, 0.1904776492173, 0, 1, 50.00026940303, 50, 50.00042305452, 0.0009757042316275, 0, 0, 0, 0, 0, 0, 0, 0, 150.1944853844, 147.2446156262, 150.1942823679, 147.2444230458, 150.1929348533, 147.2445193316, 150.1944859212, 147.2446156218, 0, 150.194283018, 147.2444230414, -0.006947797526229, 0, -0.214296894357, -0.007005741514823, 0.1834200015259, -0.007005741514823, 0.7785353912543, 0.7790575526962, -0.7961482227729, -0.7959424420861, -0.008805160844593, -0.008478402861513, 0.7786789191993, 0.7790215879736, 0, -0.7963512910278, -0.7959783936967, 5.551115123126e-17, -0, -0, 5.551115123126e-17, 0.001739247890934, 0.3940973524978, 0.3912539554105, 0.3941692054449, 0, 0.3912024885876, 0.3940254995506
10.85, 0.2082995904131, 0.09302643679191, -0.1894586266939, 0.09306731318484, 0.01458927748753, -0.000752234744223, 0.05758328842522, 0.001806126168056, 0, 259.8517213153, 2000, -421.2753223498, -2000, 7605.053148433, 3180.34411962, 7613.581302769, 3179.068773236, 22.78575686526, 23.80930747329, 26.79168686317, 35.91046106055, -241.259878807, -6.122388569784, 239.9875233218, -6.75614294574, 5392.579633783, 3929.970940916, 5421.950844907, 4007.233902565, 3, 0.4356365028303, 37.59002242044, -0.3407419229041, -40.14386259725, -0.5534759700144, 1.332989498273, -0.4633368639004, 1.327080079978, 0, 0, 0.2141876666027, -0, -0, -0, -0, -0, 0.2141876682833, 0.005384081561798, 0, 0, 0, 0, 0, 0.005599029321787, 0.00538411918258, -0.02048502031337, 0.00559899019935, 0.03028440828195, 0.00559899019935, 60.98065689222, 61.00176462103, 60.98052099762, 61.00184837198, 150.5401591572, -0.2080202043055, 0.1898836823569, 0, 1, 50.00026443482, 50, 50.0003196807, 0.0002294595885803, 0, 0, 0, 0, 0, 0, 0, 0, 150.5417122699, 147.5918416062, 150.5415039299, 147.5916449336, 150.5401591572, 147.5917432651, 150.541712795, 147.5918416014, 0, 150.5415045891, 147.5916449288, -0.007116478944387, 0, -0.2150615505203, -0.007154607709706, 0.1826553270559, -0.007154607709706, 0.7784951607915, 0.7790243592894, -0.7961883974339, -0.7959756359514, -0.008844896884047, -0.008514149557824, 0.7786350466192, 0.7789858405424, 0, -0.7963951697076, -0.7960141396581, -0, -0, 5.551115123126e-17, -0, 0.001739662384159, 0.3940944156049, 0.3912577844875, 0.3941713707456, 0, 0.3911992464594, 0.3940174604642
10.875, 0.2073799916565, -0.003781913468182, -0.1904597141448, -0.003781870062013, -0.008733338217212, -0.0008304117321908, 0.04730030864928, -0.005498070097254, 0, 271.3764938349, 2000, -432.5582144411, -2000, 7604.565525879, 3181.154560357, 7614.001839414, 3178.695021257, 21.91549811683, 36.21699479506, 28.62703238011, 27.63423724391, -240.8908916285, -6.906100610508, 240.2948759139, -8.132563709812, 5392.414126693, 3921.129698028, 5421.783074586, 4017.519905434, 3, -0.5637767596361, -7.588269154232, 0.8166413415716, -2.792359727949, -0.5587653754481, 1.351056639417, -0.458747345162, 1.317284871324, 0, 0, 0.2140661518464, -0, -0, -0, -0, -0, 0.214066163829, 0.005756895346664, 0, 0, 0, 0, 0, 0.006985126907464, 0.005756935526818, -0.0204962603862, 0.006985078155222, 0.03028195765994, 0.006985078155222, 61.12130779197, 61.14246618887, 61.12117360175, 61.14254768498, 150.8873846074, -0.20295842767, 0.194948577095, 0, 1, 50.00024725551, 50, 50.00049910328, 0.001269522148178, 0, 0, 0, 0, 0, 0, 0, 0, 150.8889355528, 147.9390700291, 150.8887298803, 147.9388666536, 150.8873846074, 147.9389683351, 150.8889360662, 147.9390700229, 0, 150.8887305572, 147.9388666474, -0.007274067367568, 0, -0.2101573263507, -0.007398450226783, 0.1875627413812, -0.007398450226783, 0.7784497567838, 0.7789980437589, -0.7962337710009, -0.7960019548148, -0.008887989956427, -0.008550000431908, 0.7785897195289, 0.7789499871506, 0, -0.7964405266619, -0.7960499880144, -5.551115123126e-17, -5.551115123126e-17, -0, -0, 0.001740341197846, 0.394092975554, 0.3912581141554, 0.3941889817359, 0, 0.3911995806721, 0.393996969372
10.9, 0.2078053942341, 0.09594471520983, -0.189983444808, 0.09598845684936, 0.01554772006056, -0.000694245120551, 0.05799146398283, 0.0009194083903746, 0, 263.9680538193, 2000, -425.3117466274, -2000, 7604.174194174, 3180.337142123, 7614.322627505, 3179.49500404, 23.06202931373, 23.78915233846, 26.70350117456, 36.36037594215, -240.7890528755, -6.03185363027, 240.4299530901, -6.662712916519, 5392.835889532, 3932.618109586, 5421.369193116, 4010.896181657, 3, 0.5730019229792, 38.76883740153, -0.4224695450159, -42.04571638661, -0.5630518377334, 1.330101362321, -0.4551993607887, 1.338210267789, 0, 0, 0.213965337518, -0, -0, -0, -0, -0, 0.2139653351816, 0.005967449668882, 0, 0, 0, 0, 0, 0.005672591433556, 0.005967491279376, -0.0200906640096, 0.005672551879358, 0.03070917886637, 0.005672551879358, 61.26196262537, 61.28316760018, 61.26182226398, 61.28324722802, 151.2346097831, -0.2081482228043, 0.1897596902815, 0, 1, 50.00024206268, 50, 50.00031529578, 0.0002441042577248, 0, 0, 0, 0, 0, 0, 0, 0, 151.2361659616, 148.2862951819, 151.2359484497, 148.2860904326, 151.2346097831, 148.2861928022, 151.2361664777, 148.2862951769, 0, 151.2359491164, 148.2860904275, -0.007450843309856, 0, -0.2155254826388, -0.007448427781382, 0.1821954991976, -0.007448427781382, 0.7784059838983, 0.7789490708714, -0.7962774202218, -0.796050923539, -0.00893317215457, -0.008589942913695, 0.7785431766065, 0.7789100465725, 0, -0.7964870933196, -0.7960899323999, -0, -5.551115123126e-17, -0, -0, 0.001740700013134, 0.3940881312446, 0.3912572749715, 0.3941660974515, 0, 0.3912004035845, 0.3940101650378
10.925, 0.2070980737056, 0.001125084441888, -0.1906826530908, 0.001125099324218, -0.006847823107567, -0.0007542283671303, 0.04793330445504, 0.0006860639251523, 0, 271.1049634809, 2000, -430.5995747391, -2000, 7604.014350776, 3181.17444007, 7614.443764032, 3178.934238219, 22.23856343974, 34.23415327004, 27.63912853228, 26.89842973572, -240.4372464558, -6.680779908626, 240.7909556589, -7.86478063026, 5394.537427251, 3924.998619711, 5419.912124203, 4019.270601325, 3, -0.2504182445865, -2.319121956272, 0.3798596587003, -2.268456499695, -0.5649106357149, 1.350204653422, -0.4537477624582, 1.323837804917, 0, 0, 0.2138958552941, -0, -0, -0, -0, -0, 0.2138958644437, 0.005872690111348, 0, 0, 0, 0, 0, 0.006831624974594, 0.0058727310345, -0.02049685950229, 0.006831577369544, 0.03030838852797, 0.006831577369544, 61.40261332899, 61.42386932106, 61.40247485874, 61.42394625955, 151.5818345034, -0.2030205234302, 0.1948891342233, 0, 1, 50.00023480606, 50, 50.00034940493, 0.000550748080785, 0, 0, 0, 0, 0, 0, 0, 0, 151.5833887085, 148.6335232523, 151.5831741869, 148.6333115457, 151.5818345034, 148.6334173927, 151.5833892228, 148.633523246, 0, 151.583174863, 148.6333115394, -0.007599282739551, 0, -0.2105446941607, -0.0077015213812, 0.1871780720634, -0.0077015213812, 0.7783555293495, 0.7789188462559, -0.7963278552751, -0.7960811507112, -0.008981665531157, -0.008628140652079, 0.7784954946692, 0.7788718466359, 0, -0.7965347933738, -0.79612812794, -0, -0, -0, -0, 0.001740658326971, 0.3940873784527, 0.3912538844719, 0.394181274848, 0, 0.3912033075689, 0.3939934820573
10.95, 0.2085260571631, 0.1192448276908, -0.1892489158213, 0.1193121562704, 0.02199824682398, -0.0006123215595427, 0.06006703335507, -0.0007223733437994, 0, 267.3324204099, 2000, -428.253750872, -2000, 7604.099633997, 3180.231350736, 7614.362149276, 3179.887039461, 23.58843447152, 20.79048746221, 26.08690157526, 38.67410233001, -240.5794046051, -5.537823557195, 240.6881154711, -6.072730870352, 5395.150532074, 3937.97366604, 5419.696479803, 4006.350559324, 3, 1.182222195813, 49.11510333739, -1.059872452028, -51.88486383203, -0.5641886958396, 1.326466510051, -0.4544331785023, 1.348154756777, 0, 0, 0.2138972439541, -0, -0, -0, -0, -0, 0.2138972384956, 0.005743786165624, 0, 0, 0, 0, 0, 0.004955080872801, 0.005743826191045, -0.02024672752996, 0.004955046343694, 0.03056210720663, 0.004955046343694, 61.54326837946, 61.56457012155, 61.54312281432, 61.56464567914, 151.9290583767, -0.2096030889843, 0.1883055642387, 0, 1, 50.00022846396, 50, 50.00030459739, 0.0004196373429308, 0, 0, 0, 0, 0, 0, 0, 0, 151.9306193405, 148.9807473534, 151.9303913295, 148.9805352204, 151.9290583767, 148.9806412823, 151.9306198649, 148.9807473488, 0, 151.9303919867, 148.9805352158, -0.00776165096245, 0, -0.2172906071979, -0.00771703036639, 0.1804311396362, -0.00771703036639, 0.7783093690458, 0.7788637414212, -0.7963739857491, -0.7961362501827, -0.00903025813096, -0.008670335790622, 0.7784476258164, 0.7788296541216, 0, -0.7965826564833, -0.7961703257028, -0, -0, -0, -0, 0.001740244224769, 0.394087324995, 0.3912526637549, 0.3941554294702, 0, 0.3912037362192, 0.3940192205199
10.975, 0.2075414261186, -8.85254624138e-05, -0.1902915875688, -8.852588422158e-05, -0.006491207846394, -0.0007609111770232, 0.04762527372486, -0.003009758390442, 0, 272.7962960133, 2000, -432.6369589093, -2000, 7604.334211466, 3181.330017098, 7614.180939332, 3179.094081911, 22.124481537, 35.20335432906, 28.14985535155, 27.44240326628, -240.5774631329, -6.624970379631, 240.6811292828, -7.794082195104, 5396.02130235, 3925.569184417, 5419.036381324, 4014.277772025, 3, -0.1914696073013, -4.721698738755, 0.4305438667085, -3.382227908811, -0.5618861157713, 1.353051909266, -0.4561766297415, 1.327611549957, 0, 0, 0.213934682234, -0, -0, -0, -0, -0, 0.213934690541, 0.005503223259316, 0, 0, 0, 0, 0, 0.00642846150099, 0.005503261621806, -0.02080269746276, 0.006428416689053, 0.02999101117419, 0.006428416689053, 61.68391811789, 61.70527132737, 61.68377585198, 61.70534467656, 152.2762817456, -0.203033492833, 0.1948741595745, 0, 1, 50.00021646861, 50, 50.00043441494, 0.001307117232466, 0, 0, 0, 0, 0, 0, 0, 0, 152.2778401931, 149.3279749915, 152.2776177219, 149.3277555046, 152.2762817456, 149.3278652419, 152.2778407159, 149.3279749853, 0, 152.2776183898, 149.3277554984, -0.007886512582312, 0, -0.2108437386411, -0.007984554154279, 0.1868770318361, -0.007984554154279, 0.7782578782161, 0.7788353110321, -0.7964255607641, -0.7961646835876, -0.009079612556005, -0.008708902207905, 0.7783999309118, 0.7787910851888, 0, -0.7966303328064, -0.7962088896046, -0, -0, 5.551115123126e-17, 5.551115123126e-17, 0.00173975578901, 0.3940917834195, 0.3912509277929, 0.3941801385859, 0, 0.3912050532167, 0.3940034282531
11, 0.2083689566702, 0.09455976712543, -0.1894292367846, 0.09460185663085, 0.01653075430554, -0.0007265818240589, 0.05766071038635, 0.00133679743893, 0, 264.8392684898, 2000, -425.4710418225, -2000, 7604.559951824, 3180.62566954, 7614.02211433, 3179.60170106, 22.91282290451, 23.94072290522, 26.76629534147, 36.10529469116, -240.9973456201, -6.160487882127, 240.2910493632, -6.788182772432, 5395.358753913, 3933.051782493, 5419.704646862, 4005.740489649, 3, 0.7281595681288, 38.15899611274, -0.5529779872442, -41.19020840441, -0.5596597691875, 1.336110573892, -0.457699401336, 1.341129872316, 0, 0, 0.2139952749961, -0, -0, -0, -0, -0, 0.2139952736531, 0.005450046747267, 0, 0, 0, 0, 0, 0.005267545911768, 0.005450084760592, -0.02055114126623, 0.005267509171618, 0.03023187131957, 0.005267509171618, 61.82457223523, 61.84597204076, 61.82442442341, 61.84604400755, 152.6235048397, -0.2079710307984, 0.1899337695828, 0, 1, 50.00021167245, 50, 50.00029505478, 0.000513104090233, 0, 0, 0, 0, 0, 0, 0, 0, 152.6250690274, 149.6751989478, 152.6248359142, 149.6749781602, 152.6235048397, 149.6750885489, 152.6250695563, 149.6751989427, 0, 152.6248365691, 149.6749781551, -0.008026807006275, 0, -0.2159225238258, -0.008031873259904, 0.1817953821783, -0.008031873259904, 0.7782128032408, 0.7787861371652, -0.7964706779738, -0.7962138540156, -0.009126578538412, -0.008750089498843, 0.7783531385943, 0.7787498994355, 0, -0.7966770939127, -0.7962500784332, -0, -0, -0, -0, 0.001739399908565, 0.3940928347169, 0.3912522482303, 0.3941652338273, 0, 0.3912037211463, 0.3940204356065
11.025, 0.2077504750164, -0.002055110136986, -0.190081583586, -0.002055095086791, -0.006332333682218, -0.0008680589525234, 0.04739622686612, -0.00341577739658, 0, 272.5733118185, 2000, -433.0125597196, -2000, 7604.703767195, 3181.649257687, 7613.919631384, 3178.866318734, 21.96054929599, 35.69116165184, 28.32231003052, 27.4877056197, -240.9993517851, -7.159318002863, 240.2463887583, -8.41860694749, 5395.344242307, 3921.266421518, 5419.432198842, 4015.059264025, 3, -0.2910370300706, -5.887046662816, 0.5330021293748, -2.587410551793, -0.5582799683927, 1.361213684904, -0.4586421685679, 1.321722254737, 0, 0, 0.2139863702524, -0, -0, -0, -0, -0, 0.2139863838868, 0.005360664990645, 0, 0, 0, 0, 0, 0.006796903153516, 0.005360702377433, -0.02089616449107, 0.006796855750323, 0.02987079634895, 0.006796855750323, 61.96522247217, 61.9866733244, 61.96507700612, 61.98674298239, 152.9707286359, -0.2028160905847, 0.1950886418515, 0, 1, 50.00019954429, 50, 50.00041447034, 0.001194391582036, 0, 0, 0, 0, 0, 0, 0, 0, 152.972290767, 150.0224263948, 152.9720616461, 150.0221988745, 152.9707286359, 150.0223126279, 152.9722912922, 150.0224263881, 0, 152.9720623112, 150.0221988678, -0.008136478466532, 0, -0.2108759338014, -0.008276794458975, 0.1868419720697, -0.008276794458975, 0.7781637989896, 0.778758210185, -0.7965197780058, -0.7962417844636, -0.009173870172967, -0.008788537682685, 0.7783064904231, 0.7787114485595, 0, -0.7967237288371, -0.7962885239249, -5.551115123126e-17, -0, 5.551115123126e-17, 5.551115123126e-17, 0.001739467007447, 0.3940952903689, 0.3912522762857, 0.3941887095341, 0, 0.3912042651645, 0.3940018712038
11.05, 0.2079674915433, 0.08547339448355, -0.189818127888, 0.08550770505255, 0.01520762181808, -0.0007802811949978, 0.05685018126861, 0.001880578257732, 0, 263.6208436241, 2000, -424.773494428, -2000, 7604.785180581, 3180.972815265, 7613.83560968, 3179.361026755, 22.6798483181, 25.02766093008, 27.00006704538, 35.23171674364, -241.1857104649, -6.439968681828, 240.0665181628, -7.107535477357, 5395.164949304, 3930.710990357, 5419.350740301, 4009.207238677, 3, 0.5178958661045, 34.32232003619, -0.3673635911967, -37.34194861216, -0.5575440858301, 1.345180152273, -0.4594014664265, 1.334538210018, 0, 0, 0.2139428492949, -0, -0, -0, -0, -0, 0.2139428523697, 0.005301345253767, 0, 0, 0, 0, 0, 0.005688402043432, 0.005301382211804, -0.02069984844336, 0.005688362387324, 0.03007203319121, 0.005688362387324, 62.1058764362, 62.12737414785, 62.10572601507, 62.12744246622, 153.3179528174, -0.2072977393054, 0.1906061010448, 0, 1, 50.00019319066, 50, 50.00026141457, 0.0002711076799343, 0, 0, 0, 0, 0, 0, 0, 0, 153.3195193546, 150.3696505052, 153.3192808346, 150.3694221161, 153.3179528174, 150.369536305, 153.3195198862, 150.3696504995, 0, 153.3192814877, 150.3694221105, -0.008256188527066, 0, -0.2154780721884, -0.008308400065837, 0.1822389604322, -0.008308400065837, 0.7781182344617, 0.7787082714339, -0.7965653061912, -0.796291719769, -0.00922106158666, -0.008830849849786, 0.7782595854194, 0.7786691379895, 0, -0.7967706311589, -0.7963308376891, -5.551115123126e-17, -0, -0, -5.551115123126e-17, 0.001739737324946, 0.3940917129691, 0.3912526339297, 0.394169896483, 0, 0.3912044267137, 0.3940135294552
11.075, 0.2076706055851, 0.005546922395513, -0.1900787195612, 0.005547077473806, -0.003548942381163, -0.0008303649960444, 0.04826629983734, 0.001864478270556, 0, 271.2485981672, 2000, -430.0199083688, -2000, 7604.849096917, 3181.542039581, 7613.747137048, 3178.759562155, 22.4460854006, 33.51601219582, 27.2488594144, 27.19188927663, -240.9573567753, -6.880752148916, 240.2819025448, -8.059130995872, 5396.120603435, 3926.420725078, 5418.235150317, 4017.359985953, 3, -0.1168400774668, -0.01520177581718, 0.1894295786411, -3.498016836158, -0.5569839189981, 1.359936102061, -0.4602166093258, 1.319321636366, 0, 0, 0.2138670140904, -0, -0, -0, -0, -0, 0.2138670276859, 0.005113033551078, 0, 0, 0, 0, 0, 0.006590112079592, 0.005113069171045, -0.02111069701922, 0.006590066169866, 0.02966140586412, 0.006590066169866, 62.24652696364, 62.26807530035, 62.24637853308, 62.26814166692, 153.6651772983, -0.2028768452888, 0.1950286333646, 0, 1, 50.00018705568, 50, 50.00026778762, 0.0003380173872537, 0, 0, 0, 0, 0, 0, 0, 0, 153.6667415768, 150.7168770141, 153.6665065358, 150.7166435793, 153.6651772983, 150.71676029, 153.666742108, 150.7168770074, 0, 153.6665071952, 150.7166435726, -0.008349158029021, 0, -0.2111486099818, -0.008491956327945, 0.1865701254806, -0.008491956327945, 0.7780679284514, 0.7786734388425, -0.7966156231065, -0.7963265542766, -0.009269902326007, -0.008871885053789, 0.7782120842682, 0.7786281010877, 0, -0.7968181455061, -0.7963718711953, -0, -0, -0, 5.551115123126e-17, 0.001740022141708, 0.394087865211, 0.3912507292127, 0.3941784421634, 0, 0.3912066504657, 0.3939972882585
11.1, 0.2081858425281, 0.06050200290517, -0.1896130295193, 0.06051925640034, 0.01052898169748, -0.0007250006958088, 0.05432588372115, -7.336035713015e-05, 0, 259.3596278356, 2000, -416.9995415234, -2000, 7604.904388219, 3180.99161951, 7613.656954538, 3179.050344143, 25.30859551281, 27.45398228474, 24.55901803308, 33.49305144059, -240.8717581285, -6.179061648914, 240.37482151, -6.935008943949, 5396.931695378, 3934.450348919, 5417.624189497, 4013.287604676, 3, 1.292517028782, 22.5117127742, -1.115852990426, -28.32591725368, -0.5565035159904, 1.347458708517, -0.4610624903693, 1.32665910808, 0, 0, 0.2138406910812, -0, -0, -0, -0, -0, 0.2138406971172, 0.004956651716009, 0, 0, 0, 0, 0, 0.005713113853862, 0.004956686238042, -0.02115440199109, 0.005713074063504, 0.02963063985696, 0.005713074063504, 62.38717975406, 62.40877570324, 62.38702860404, 62.40884117971, 154.0124011791, -0.2047622008819, 0.1931431231092, 0, 1, 50.00018126988, 50, 50.00033185589, 0.0008322877203446, 0, 0, 0, 0, 0, 0, 0, 0, 154.0139678757, 151.0641009338, 154.013727641, 151.0638665085, 154.0124011791, 151.0639837153, 154.013968413, 151.064100928, 0, 154.0137282928, 151.0638665027, -0.008446132457502, 0, -0.2131307995468, -0.008527987734326, 0.1845877554666, -0.008527987734326, 0.7780199212361, 0.7786235914989, -0.7966635535398, -0.7963763988847, -0.009318618246229, -0.008915698570224, 0.7781643748801, 0.7785842887919, 0, -0.7968658665271, -0.7964156859323, -0, -0, 5.551115123126e-17, -0, 0.001740004846032, 0.394083924382, 0.3912491133817, 0.3941624475447, 0, 0.3912078676277, 0.3940054012192
11.125, 0.2086107241988, 0.0748378580425, -0.1891822188902, 0.07486413216089, 0.01424341184816, -0.000692709155849, 0.05572269020959, -5.292511353694e-05, 0, 258.7996323173, 2000, -414.8406026351, -2000, 7605.076262869, 3180.689054941, 7613.493815808, 3179.1915409, 26.08681419019, 25.70162952724, 23.73603291561, 34.87215509197, -240.9296906795, -5.85898276958, 240.3374030248, -6.545730873612, 5397.342244936, 3937.662332938, 5417.562428176, 4008.901581535, 3, 1.56454470955, 28.70451840315, -1.398041097885, -34.29399764866, -0.5547896859053, 1.340376660881, -0.462684511809, 1.330403704233, 0, 0, 0.2139034495777, -0, -0, -0, -0, -0, 0.2139034521929, 0.004799783671809, 0, 0, 0, 0, 0, 0.005162507701495, 0.004799817120914, -0.02125016131788, 0.00516247172486, 0.02953508643821, 0.00516247172486, 62.52783176948, 62.54947577357, 62.52767908387, 62.54954079909, 154.3596239652, -0.2052361185486, 0.1926686205836, 0, 1, 50.00017613936, 50, 50.00033433241, 0.001040318746551, 0, 0, 0, 0, 0, 0, 0, 0, 154.3611925718, 151.4113246689, 154.3609493722, 151.4110888701, 154.3596239652, 151.4112067642, 154.361193113, 151.4113246635, 0, 154.3609500199, 151.4110888648, -0.008529653184213, 0, -0.2136878616146, -0.008577950547357, 0.1840300537028, -0.008577950547357, 0.7779713694098, 0.7785756333394, -0.7967120996235, -0.7964243554027, -0.009367503485164, -0.008959868937376, 0.7781164766414, 0.7785401190404, 0, -0.796913760258, -0.7964598569152, -0, -0, -0, -0, 0.001739613119243, 0.394085094103, 0.391248295312, 0.3941560495296, 0, 0.391207990995, 0.3940141386764
11.15, 0.2102129065935, 0.1387173541348, -0.1875686019853, 0.138807290545, 0.02955817130718, -0.0006319404647802, 0.06154848701165, -0.004243707962951, 0, 261.1367006972, 2000, -418.1146913558, -2000, 7605.193465263, 3179.99272718, 7613.419657562, 3179.816041146, 29.86349332955, 18.41298357372, 19.7162452205, 41.24534394058, -240.9832606316, -5.343583394832, 240.2801479382, -5.776711681324, 5396.790551506, 3943.392981427, 5418.374391946, 3997.985929098, 3, 2.600700745811, 56.50153268938, -2.448811707287, -60.87283958631, -0.5536398441612, 1.322643498803, -0.463381565987, 1.346552929031, 0, 0, 0.21402858695, -0, -0, -0, -0, -0, 0.2140285821455, 0.004825687370573, 0, 0, 0, 0, 0, 0.003956197194079, 0.004825721039557, -0.02108697233329, 0.003956169591751, 0.02969165683922, 0.003956169591751, 62.66848431563, 62.6901757263, 62.66832874266, 62.69024051824, 154.7068459669, -0.2073782168657, 0.1905247876244, 0, 1, 50.00017154197, 50, 50.00030139315, 0.0009435539226702, 0, 0, 0, 0, 0, 0, 0, 0, 154.7084181049, 151.7585472952, 154.7081695538, 151.7583119298, 154.7068459669, 151.7584296084, 154.7084186475, 151.7585472911, 0, 154.7081701971, 151.7583119257, -0.008616991786095, 0, -0.2159178782826, -0.008562186952859, 0.1817982193655, -0.008562186952859, 0.7779251610283, 0.7785226230589, -0.7967583339157, -0.7964773631093, -0.009414560659499, -0.009004581242112, 0.7780691543036, 0.7784954080875, 0, -0.7969610627737, -0.7965045705717, 5.551115123126e-17, -0, -0, -0, 0.001739130709484, 0.3940902591098, 0.3912493947145, 0.3941446345556, 0, 0.391206372985, 0.3940358836641
11.175, 0.2096376975599, 0.09662373617352, -0.18815424102, 0.09666724546588, 0.01933775290654, -0.0007291821569717, 0.05768106436602, -0.0003335261073128, 0, 262.9489991184, 2000, -420.9535458438, -2000, 7605.253728221, 3180.215896459, 7613.406867949, 3179.366053471, 27.55490759496, 23.31604623765, 22.07615926012, 36.86544964256, -241.2970419228, -5.879796884424, 239.984742991, -6.479748163513, 5395.779203993, 3936.769347669, 5419.307753186, 4001.436901283, 3, 1.728011955552, 38.2098549849, -1.556609292173, -42.91740520486, -0.5530797464395, 1.328671223305, -0.4634409982502, 1.335874972812, 0, 0, 0.2141384501157, -0, -0, -0, -0, -0, 0.214138448401, 0.00494822259919, 0, 0, 0, 0, 0, 0.004686275549145, 0.00494825715856, -0.02104908814982, 0.004686242819495, 0.02971668866691, 0.004686242819495, 62.80913534318, 62.83087577316, 62.80897988769, 62.83093997468, 155.054068119, -0.205839975671, 0.1920621652106, 0, 1, 50.00016241061, 50, 50.00029293989, 0.0008894734192982, 0, 0, 0, 0, 0, 0, 0, 0, 155.0556409636, 152.1057716047, 155.0553924966, 152.1055328521, 155.054068119, 152.1056522235, 155.0556415016, 152.1057715998, 0, 155.0553931456, 152.1055328472, -0.008688856451797, 0, -0.2144515935114, -0.008685406052139, 0.1832635941485, -0.008685406052139, 0.7778781669188, 0.7784850582113, -0.7968053975445, -0.7965149289607, -0.009460978878977, -0.009047168419652, 0.7780219022543, 0.7784528198982, 0, -0.7970082963341, -0.7965471567375, -0, -0, -0, -0, 0.001738960880369, 0.3940934187526, 0.391251409446, 0.3941578286663, 0, 0.3912045136113, 0.3940290088388
11.2, 0.2069597495944, 0.03232620512106, -0.1907773615807, 0.03233099121199, 0.003466221418626, -0.0009241318641922, 0.05118502276586, 0.005021211802084, 0, 253.255541925, 2000, -414.4804320833, -2000, 7605.250962124, 3180.743563438, 7613.424232057, 3178.421840898, 20.9299236971, 30.34720502682, 28.42999039749, 29.21181715554, -241.8316095975, -6.989721599337, 239.4281108397, -7.99579670524, 5394.655940748, 3927.218178897, 5420.079622773, 4012.60232691, 3, -0.5698612463395, 12.53838533114, 0.6224947272595, -13.1729878785, -0.5531779210921, 1.342931187579, -0.4631858001781, 1.313116921495, 0, 0, 0.2141844191292, -0, -0, -0, -0, -0, 0.2141844284997, 0.005103246026828, 0, 0, 0, 0, 0, 0.006187548829321, 0.005103281684216, -0.02101687161216, 0.006187505595994, 0.02974630175086, 0.006187505595994, 62.94978627056, 62.97157580242, 62.94963131532, 62.9716394482, 155.4012909827, -0.2040426173224, 0.1938591927759, 0, 1, 50.00015265436, 50, 50.00016857228, 0.000143294948081, 0, 0, 0, 0, 0, 0, 0, 0, 155.4028638011, 152.4529967225, 155.4026160052, 152.4527530508, 155.4012909827, 152.4528748801, 155.4028643339, 152.4529967159, 0, 155.402616661, 152.4527530442, -0.00875445687989, 0, -0.2127199270115, -0.008864355192383, 0.1849949001849, -0.008864355192383, 0.7778305610079, 0.7784530728461, -0.796853015006, -0.7965469174885, -0.00950777624554, -0.00908948121959, 0.7779740771872, 0.7784105047636, 0, -0.797056115169, -0.7965894672028, -0, -5.551115123126e-17, -0, -0, 0.001739233550021, 0.3940918099472, 0.3912536471028, 0.3941768539188, 0, 0.3912029759178, 0.3940067659756
11.225, 0.2085925552809, 0.09351260301574, -0.1891903276476, 0.09355332364178, 0.01816427469953, -0.0008265107184894, 0.05749876614266, 0.001012120817445, 0, 264.1231895408, 2000, -425.2024378045, -2000, 7605.01792511, 3180.276680704, 7613.615712738, 3179.064099881, 22.93274980656, 24.21357954642, 26.79598882635, 36.15815155117, -241.6841150148, -6.39052052225, 239.5502464012, -7.011275581435, 5394.061392013, 3932.779799615, 5420.312755119, 4006.870163833, 3, 0.544039668048, 37.44906598151, -0.3988323863095, -40.82175430433, -0.5556962012493, 1.330084039473, -0.4610996603602, 1.328766637412, 0, 0, 0.2141493380302, -0, -0, -0, -0, -0, 0.2141493383895, 0.005321172455928, 0, 0, 0, 0, 0, 0.005369120105251, 0.005321209623832, -0.02064521641607, 0.005369082602698, 0.03012327154933, 0.005369082602698, 63.09043959456, 63.11227611423, 63.09028058088, 63.11233902326, 155.7485146667, -0.2076242057273, 0.1902796589383, 0, 1, 50.0001396323, 50, 50.00022069772, 0.0004307448523095, 0, 0, 0, 0, 0, 0, 0, 0, 155.750090892, 152.8002202838, 155.7498358051, 152.7999766183, 155.7485146667, 152.8000984453, 155.7500914245, 152.8002202781, 0, 155.749836456, 152.7999766126, -0.008840229397274, 0, -0.2163887141208, -0.008864131044899, 0.1813281778823, -0.008864131044899, 0.7777846497829, 0.7784017185904, -0.796898906534, -0.7965982694762, -0.009554779608247, -0.009135205080554, 0.7779256284641, 0.7783647820376, 0, -0.7971045803483, -0.7966351921987, -0, -0, -0, -0, 0.0017398086806, 0.3940919803778, 0.3912548323854, 0.394165775561, 0, 0.391202510166, 0.3940181851947
11.25, 0.2077723682809, -0.003268399745692, -0.1900536425323, -0.003268348644466, -0.005094927082746, -0.0009157159749003, 0.04726770906128, -0.004093994564498, 0, 272.606935427, 2000, -433.7132700031, -2000, 7604.816203085, 3181.356484257, 7613.743527062, 3178.496625836, 21.91332581345, 35.99071444177, 28.48355484769, 27.54385618136, -241.3726980182, -7.20135059932, 239.8164604348, -8.472073970871, 5394.587445456, 3921.380315424, 5419.623367637, 4016.890463745, 3, -0.4206789643868, -6.66088818692, 0.6453412289562, -2.38293585667, -0.557890122364, 1.355479265236, -0.4596796598033, 1.313039909618, 0, 0, 0.2140714622638, -0, -0, -0, -0, -0, 0.2140714771843, 0.005377904982712, 0, 0, 0, 0, 0, 0.006921351506637, 0.005377942519573, -0.02089976555556, 0.006921303197113, 0.02987995540468, 0.006921303197113, 63.23108958927, 63.25297705098, 63.23093327058, 63.25303823152, 156.0957387474, -0.2026445759376, 0.1952625045485, 0, 1, 50.00012665202, 50, 50.00035112787, 0.001194734227861, 0, 0, 0, 0, 0, 0, 0, 0, 156.0973119456, 153.1474470427, 156.0970618386, 153.1471980722, 156.0957387474, 153.1473225499, 156.0973124724, 153.1474470352, 0, 156.0970625017, 153.1471980647, -0.008907744879909, 0, -0.2114756409845, -0.009057115231412, 0.1862444921017, -0.009057115231412, 0.7777330869332, 0.7783682859258, -0.7969504257318, -0.7966317058876, -0.009604398622694, -0.009179316272104, 0.7778758035013, 0.778320668143, 0, -0.7971544389073, -0.7966793006872, 5.551115123126e-17, -0, -0, -0, 0.001740356283889, 0.3940933529222, 0.3912537838401, 0.3941884825513, 0, 0.3912038843176, 0.3939982232931
11.275, 0.2080921078085, 0.09269706116803, -0.1896660396536, 0.09273729675966, 0.01820437787831, -0.0007716023844671, 0.05756967592443, 0.002050759623995, 0, 263.7927052526, 2000, -425.1727454335, -2000, 7604.712725764, 3180.562473842, 7613.780940466, 3179.153217084, 22.81581789348, 23.93520887636, 26.80145735218, 35.84748926307, -241.332790816, -6.218095852981, 239.8942725915, -6.84683797727, 5394.934584728, 3932.473949182, 5419.385875994, 4009.82355582, 3, 0.6041028548964, 37.89132899718, -0.5167337281556, -40.17545204831, -0.5590546657353, 1.336158406404, -0.459209478153, 1.330004739711, 0, 0, 0.2140118338777, -0, -0, -0, -0, -0, 0.2140118356297, 0.005381477763278, 0, 0, 0, 0, 0, 0.005605308175857, 0.005381515304153, -0.02064037359871, 0.005605269073826, 0.03016068443121, 0.005605269073826, 63.37174343692, 63.39367749622, 63.37158209045, 63.39373781035, 156.4429626161, -0.207692870052, 0.1902149437447, 0, 1, 50.00012306867, 50, 50.00017338367, 0.0001592293937934, 0, 0, 0, 0, 0, 0, 0, 0, 156.4445400461, 153.494670041, 156.4442806615, 153.4944216823, 156.4429626161, 153.4945458556, 156.4445405789, 153.494670035, 0, 156.4442813124, 153.4944216762, -0.008996017357047, 0, -0.2166132325614, -0.009034863224191, 0.1811076052126, -0.009034863224191, 0.7776838211856, 0.7783106768314, -0.7969995685724, -0.796689311124, -0.009655364363265, -0.009227871064321, 0.7778247661682, 0.7782721153764, 0, -0.7972054988065, -0.796727857505, -5.551115123126e-17, -0, -0, -0, 0.001740592685117, 0.3940893432287, 0.3912530929697, 0.3941663846692, 0, 0.3912043564041, 0.3940123017882
11.3, 0.2076214504663, 0.00265001205305, -0.1901610894881, 0.002650048314903, -0.003385755080578, -0.0008199687254554, 0.04797178020995, 7.296816715401e-05, 0, 271.9682366729, 2000, -431.2061840147, -2000, 7604.73913746, 3181.323124035, 7613.721002496, 3178.61589412, 22.29644487555, 34.18893379968, 27.62660489443, 27.19323810573, -241.0073093354, -6.732275078033, 240.2208042566, -7.904578876154, 5396.118798518, 3925.929432209, 5418.374215398, 4017.298286806, 3, -0.1759064091271, -1.998769439083, 0.308182604179, -3.162734607013, -0.5588541613037, 1.354783068562, -0.4597651391859, 1.315919485392, 0, 0, 0.2139496431682, -0, -0, -0, -0, -0, 0.2139496562391, 0.005207839569911, 0, 0, 0, 0, 0, 0.006621243561906, 0.005207875878385, -0.02106417023476, 0.006621197399654, 0.02974089790725, 0.006621197399654, 63.5123934145, 63.53437825595, 63.51223470033, 63.5344369893, 156.7901864238, -0.2028311016387, 0.1950784066576, 0, 1, 50.00011480545, 50, 50.00024312178, 0.0006327183909293, 0, 0, 0, 0, 0, 0, 0, 0, 156.7917610195, 153.8418959774, 156.7915064476, 153.8416430615, 156.7901864238, 153.8417695121, 156.7917615513, 153.8418959701, 0, 156.7915071065, 153.8416430542, -0.009062817047405, 0, -0.2118166692821, -0.009200645537315, 0.1859059017035, -0.009200645537315, 0.777628819596, 0.7782708139643, -0.7970545590848, -0.7967291762455, -0.0097087374427, -0.009274722665545, 0.7777726576966, 0.7782252619227, 0, -0.7972576241047, -0.7967747072538, -0, -0, -0, -0, 0.001740596761103, 0.3940884159751, 0.3912507329251, 0.3941794208098, 0, 0.3912063731623, 0.3939974111405
11.325, 0.2091983049018, 0.09871485183244, -0.188653198699, 0.09876052071122, 0.01984143139255, -0.0006934835406049, 0.05813767866757, -0.00459340305285, 0, 272.1690419518, 2000, -431.8396188622, -2000, 7604.860992182, 3180.642357738, 7613.59759275, 3179.504455602, 23.80528177931, 24.32468860878, 26.59538327405, 38.00003611673, -241.0987813682, -5.716868711516, 240.1380831751, -6.350196224178, 5396.210129628, 3936.059547272, 5418.546814105, 4006.283291402, 3, 1.2330795356, 37.18956871657, -0.957327325024, -46.1640336288, -0.5576451801267, 1.337109787361, -0.4609943477524, 1.337693225863, 0, 0, 0.2139318856762, -0, -0, -0, -0, -0, 0.2139318855253, 0.005110099486632, 0, 0, 0, 0, 0, 0.005088916962734, 0.005110135107759, -0.0208240595846, 0.005088881489512, 0.02998270342051, 0.005088881489512, 63.65304734229, 63.67507829473, 63.65288315218, 63.67513650732, 157.1374096723, -0.2084048524736, 0.1895044088759, 0, 1, 50.00010383604, 50, 50.00033841731, 0.001318794642911, 0, 0, 0, 0, 0, 0, 0, 0, 157.1389891844, 154.189118805, 157.138724545, 154.1888668276, 157.1374096723, 154.1889928107, 157.1389897242, 154.1891187993, 0, 157.138725189, 154.188866822, -0.009149196231669, 0, -0.2174777410418, -0.009166499295391, 0.1802445916918, -0.009166499295391, 0.7775781512767, 0.7782102314824, -0.7971052143769, -0.7967897545735, -0.009761560028752, -0.009324763664911, 0.7777203496469, 0.7781752231508, 0, -0.7973099302819, -0.7968247504806, -5.551115123126e-17, -0, 5.551115123126e-17, -0, 0.001740343533421, 0.3940892984071, 0.3912505515899, 0.3941592423751, 0, 0.3912060284798, 0.3940193544391
11.35, 0.2081475000721, 0.03084706934835, -0.1896956933068, 0.03085152013327, 0.003439305899901, -0.0008119703179513, 0.050999369813, -0.001182488621448, 0, 269.3591700139, 2000, -430.0951177227, -2000, 7605.028595067, 3181.224796507, 7613.472560535, 3178.766705614, 22.09504284784, 31.50496459736, 28.04384290891, 30.4589133332, -241.1960158633, -6.585902198753, 240.0592658826, -7.549860514909, 5396.449404014, 3928.116832554, 5418.539929849, 4013.582478098, 3, 0.3136207722677, 9.255310551156, -0.05506903193859, -15.83977301864, -0.5559465514928, 1.352363705971, -0.4622489339469, 1.319404855525, 0, 0, 0.2139825826826, -0, -0, -0, -0, -0, 0.2139825930514, 0.004994791990788, 0, 0, 0, 0, 0, 0.006193454644361, 0.004994826824642, -0.02111502962791, 0.00619341145129, 0.02968266150032, 0.00619341145129, 63.79369746465, 63.81577869288, 63.79353516619, 63.81583557061, 157.4846321094, -0.2046782718796, 0.193229647064, 0, 1, 50.00009913509, 50, 50.00027807791, 0.001078909995412, 0, 0, 0, 0, 0, 0, 0, 0, 157.4862103132, 154.5363437402, 157.4859489801, 154.5360871726, 157.4846321094, 154.5362154495, 157.4862108513, 154.5363437333, 0, 157.4859496306, 154.5360871657, -0.009214436740902, 0, -0.2138152707452, -0.009333486939536, 0.1839057099347, -0.009333486939536, 0.7775237543261, 0.7781707296626, -0.7971596569944, -0.7968292586416, -0.009814750380473, -0.0093718638072, 0.777667939462, 0.7781281211433, 0, -0.7973623242393, -0.7968718487577, -0, 5.551115123126e-17, -0, -5.551115123126e-17, 0.001739891353663, 0.3940899386232, 0.3912500742206, 0.3941750637677, 0, 0.3912060432601, 0.3940048134788
11.375, 0.2086169211341, 0.04355184126865, -0.1892226662178, 0.04356068586396, 0.006421736389616, -0.0007834869566692, 0.05225307045642, -0.0008491114839906, 0, 273.9249436559, 2000, -435.3256711222, -2000, 7605.164330379, 3181.014975913, 7613.393429495, 3179.03443715, 22.54780305089, 30.07366569419, 27.57180079064, 31.62973321754, -241.2739723051, -6.278292782372, 239.9912728478, -7.171317486238, 5396.070771115, 3929.689552004, 5418.966771701, 4008.588071143, 3, 0.3311975613662, 14.71937759771, -0.0763018476795, -21.116240138, -0.5545754611094, 1.346712897121, -0.463026905016, 1.326245408241, 0, 0, 0.2140439276883, -0, -0, -0, -0, -0, 0.2140439336325, 0.004973169444202, 0, 0, 0, 0, 0, 0.005717553514216, 0.004973204147148, -0.0210699393371, 0.005717513617209, 0.02971397698369, 0.005717513617209, 63.93434930655, 63.95647877267, 63.93418535174, 63.95653501519, 157.8318543529, -0.2053570936987, 0.1925493118095, 0, 1, 50.00009124417, 50, 50.00026484513, 0.001069005679385, 0, 0, 0, 0, 0, 0, 0, 0, 157.8334345142, 154.8835669928, 157.8331701092, 154.8833093774, 157.8318543529, 154.8834381787, 157.833435053, 154.8835669864, 0, 157.8331707578, 154.8833093709, -0.009290679962057, 0, -0.214570487209, -0.009371605551986, 0.183148978664, -0.009371605551986, 0.7774716511642, 0.7781182999364, -0.7972118310946, -0.796881686837, -0.009867239408313, -0.009421019803372, 0.7776155286689, 0.7780789657414, 0, -0.797414711723, -0.7969210053482, -0, -0, -0, -0, 0.001739548380496, 0.3940933470188, 0.3912508285827, 0.3941719312008, 0, 0.3912051928668, 0.3940147628367
11.4, 0.2095435368023, 0.1030527478709, -0.1883003248929, 0.103102372604, 0.02089505121977, -0.000714866784895, 0.05846907153358, -0.002704931664116, 0, 262.8796249703, 2000, -422.9305986924, -2000, 7605.084011603, 3180.442965731, 7613.517623581, 3179.449073453, 28.00362486078, 23.17110823113, 21.86588667046, 37.97183611448, -241.0994626177, -5.941178212449, 240.1628689784, -6.52306466488, 5395.734133034, 3934.896407782, 5419.139310952, 4003.132033246, 3, 1.908831777255, 40.07555391989, -1.633969990746, -46.75656282292, -0.5554648853348, 1.333061912474, -0.4616760338887, 1.337041506453, 0, 0, 0.2140777867417, -0, -0, -0, -0, -0, 0.2140777857421, 0.005089535605319, 0, 0, 0, 0, 0, 0.004944843649952, 0.005089571131509, -0.02093769510105, 0.004944809133988, 0.02984165274749, 0.004944809133988, 64.0750012389, 64.09717917451, 64.07483553861, 64.09723441068, 158.1790768799, -0.2061141591609, 0.191789539675, 0, 1, 50.00009045427, 50, 50.00026145036, 0.0009557181581417, 0, 0, 0, 0, 0, 0, 0, 0, 158.1806589115, 155.2307898279, 158.1803912399, 155.2305319109, 158.1790768799, 155.2306608638, 158.180659449, 155.2307898223, 0, 158.1803918882, 155.2305319053, -0.009375681973197, 0, -0.215413041916, -0.009382575916033, 0.1823037052043, -0.009382575916033, 0.7774204242044, 0.7780638180372, -0.7972630681982, -0.7969361667105, -0.009918594460419, -0.00947018587481, 0.7775633989076, 0.7780298006335, 0, -0.7974668203996, -0.7969701723831, 5.551115123126e-17, -0, -0, -0, 0.001739482059206, 0.3940935957026, 0.3912514995075, 0.3941615594728, 0, 0.3912048487101, 0.3940256319325
11.425, 0.2081569147165, 0.01887819114828, -0.1895847688413, 0.01887984688316, 0.0005075870258786, -0.0008426083992508, 0.0496540928181, 0.002898953713479, 0, 269.0577985872, 2000, -427.0846887319, -2000, 7605.113252166, 3180.939568424, 7613.510610923, 3178.552682883, 23.20901689622, 31.74117853134, 26.34111228599, 28.35176783521, -241.2982564292, -6.72477549812, 239.9663035811, -7.784270532381, 5395.310485383, 3928.010380597, 5419.253864418, 4014.390183695, 3, 0.08474593513029, 6.053524998353, -0.0250044876224, -8.676036378792, -0.5552032844884, 1.346771827718, -0.4617025859296, 1.315595282565, 0, 0, 0.2140645874356, -0, -0, -0, -0, -0, 0.2140645973486, 0.005125855451727, 0, 0, 0, 0, 0, 0.006259701100777, 0.005125891227026, -0.02105836895207, 0.006259657412237, 0.02971019738454, 0.006259657412237, 64.21565175722, 64.2378794171, 64.21548725346, 64.23793353547, 158.5262999452, -0.2032070423524, 0.1946974036322, 0, 1, 50.00008455359, 50, 50.00014612919, 0.0003021470277501, 0, 0, 0, 0, 0, 0, 0, 0, 158.5278808298, 155.5780147435, 158.5276152667, 155.5777520637, 158.5262999452, 155.5778833964, 158.5278813633, 155.5780147363, 0, 158.5276159222, 155.5777520565, -0.009441719415837, 0, -0.2125714960437, -0.009555838972986, 0.1851460500046, -0.009555838972986, 0.7773665778231, 0.7780252404152, -0.7973169814743, -0.7969747470793, -0.009971409384401, -0.009517808224207, 0.777510376894, 0.7779821761235, 0, -0.7975198359771, -0.7970177925719, -0, 5.551115123126e-17, 5.551115123126e-17, 5.551115123126e-17, 0.001739672066559, 0.3940892401139, 0.391252343125, 0.3941752757739, 0, 0.3912046209824, 0.394003204454
11.45, 0.2089098561807, 0.09134805524402, -0.1889300211283, 0.09138716258934, 0.01863400287319, -0.0007146135744791, 0.05748031284139, -0.003508082428672, 0, 268.5602960086, 2000, -428.9209599244, -2000, 7605.063508154, 3180.352988081, 7613.524696054, 3179.006748289, 23.60640309727, 24.73560998392, 26.69713788964, 37.19851224597, -241.2442469181, -5.765169193096, 239.9850601572, -6.403488820288, 5395.50549558, 3935.541366541, 5419.035777988, 4009.264704126, 3, 1.089436818379, 34.51162066952, -0.8307377467802, -42.71438191775, -0.5557699190735, 1.332807802615, -0.4615088944626, 1.326436324609, 0, 0, 0.2140443105002, -0, -0, -0, -0, -0, 0.2140443122292, 0.005110772925987, 0, 0, 0, 0, 0, 0.005342522682073, 0.005110808589263, -0.02081111396154, 0.005342485401893, 0.02996409068848, 0.005342485401893, 64.35630525505, 64.37857908338, 64.35613596766, 64.37863303361, 158.873523029, -0.2079903615739, 0.1899153865638, 0, 1, 50.00007207688, 50, 50.00028510177, 0.001230693913271, 0, 0, 0, 0, 0, 0, 0, 0, 158.875108112, 155.9252374536, 158.8748338772, 155.9249747687, 158.873523029, 155.925106105, 158.8751086513, 155.9252374475, 0, 158.874834521, 155.9249747625, -0.009517523455442, 0, -0.2174315835171, -0.009556024686208, 0.180287257128, -0.009556024686208, 0.7773142190532, 0.7779674046947, -0.7973693081226, -0.7970325802464, -0.01002549673964, -0.009569333993628, 0.7774563295337, 0.77793065163, 0, -0.7975738964338, -0.7970693196173, -0, -0, -5.551115123126e-17, -0, 0.001739880963271, 0.39408684483, 0.3912519552755, 0.3941602744488, 0, 0.3912050545147, 0.3940134152112
11.475, 0.2087727338449, 0.1041818710994, -0.1890002938779, 0.1042325809213, 0.02111029912006, -0.0007026993306346, 0.05847500553323, 0.0009584549223718, 0, 265.575582933, 2000, -428.0546445362, -2000, 7605.09605728, 3180.058014103, 7613.47619176, 3179.195464917, 23.1352989122, 22.51319583744, 26.54477604405, 36.96170897618, -241.2785594299, -5.652938307524, 239.9779484062, -6.250131834794, 5396.055741595, 3938.808874082, 5418.687419258, 4004.605588503, 3, 0.8545053626836, 42.65426403667, -0.7317020896709, -45.10978884824, -0.5554717135454, 1.324921386443, -0.4619736522999, 1.331756868817, 0, 0, 0.2140984383285, -0, -0, -0, -0, -0, 0.214098436673, 0.005016656323545, 0, 0, 0, 0, 0, 0.004768102641025, 0.005016691347777, -0.02087649250624, 0.004768069352326, 0.02990673980598, 0.004768069352326, 64.4969569033, 64.51927893352, 64.49678629343, 64.51933255208, 159.2207451901, -0.2084461962151, 0.1894592195237, 0, 1, 50.00006937647, 50, 50.00014414154, 0.000551196458252, 0, 0, 0, 0, 0, 0, 0, 0, 159.222331897, 156.2724602805, 159.2220551486, 156.2721967762, 159.2207451901, 156.2723285229, 159.2223324393, 156.272460275, 0, 159.2220557893, 156.2721967707, -0.009587907156079, 0, -0.2179575419298, -0.009585831009594, 0.1797608897, -0.009585831009594, 0.7772590057305, 0.7779115371988, -0.7974244711962, -0.7970884462122, -0.01008088068471, -0.009621249941433, 0.7774015622496, 0.7778787363104, 0, -0.7976286682962, -0.7971212361932, -0, -5.551115123126e-17, -0, -0, 0.001739764511159, 0.3940882312424, 0.3912508590055, 0.3941537658183, 0, 0.3912057486609, 0.3940226966665
11.5, 0.2096429155826, 0.1247904033868, -0.1881464971452, 0.1248630868346, 0.02603505298858, -0.0007199834425363, 0.06036306687585, -0.001811412617691, 0, 268.2215797584, 2000, -429.491931554, -2000, 7605.125685584, 3179.938973393, 7613.448711434, 3179.273819223, 23.84250954366, 20.42855631026, 25.89773849475, 39.45094010768, -241.4229466454, -5.726573261297, 239.8442642873, -6.217628697042, 5395.552911244, 3937.808297505, 5419.390283725, 4001.875004402, 3, 1.233530272504, 50.97729816127, -1.076467559892, -54.28732758249, -0.5552014827739, 1.321820091677, -0.462221134077, 1.333897451705, 0, 0, 0.2141840402396, -0, -0, -0, -0, -0, 0.2141840373916, 0.005081920489086, 0, 0, 0, 0, 0, 0.004642733893174, 0.005081955997342, -0.02074195491462, 0.004642701453818, 0.03004042114906, 0.004642701453818, 64.63760881913, 64.6599788635, 64.63743615044, 64.66003170306, 159.5679669452, -0.2096763133458, 0.1882293555247, 0, 1, 50.00006372274, 50, 50.00016084977, 0.0006923053156517, 0, 0, 0, 0, 0, 0, 0, 0, 159.5695561321, 156.6196833844, 159.569275589, 156.6194182495, 159.5679669452, 156.6195508115, 159.5695566741, 156.619683379, 0, 159.5692762279, 156.6194182441, -0.009662942275077, 0, -0.2192631755816, -0.009645149254665, 0.1784554387077, -0.009645149254665, 0.7772055559247, 0.7778598926439, -0.7974779258486, -0.7971400902104, -0.01013476820535, -0.009672032221515, 0.7773471940953, 0.777827954035, 0, -0.7976830349779, -0.797172018478, -0, -0, -0, -0, 0.001739556067742, 0.3940919476087, 0.3912518609932, 0.3941557590695, 0, 0.3912043480552, 0.3940281361478
11.525, 0.2103948528548, 0.1485540472646, -0.1874225825104, 0.14865711581, 0.03165043911095, -0.0006870438951526, 0.06241935383348, -0.006909223605764, 0, 273.2074621518, 2000, -434.8130916022, -2000, 7605.107450427, 3179.695484267, 7613.476098525, 3179.672520304, 24.73504396914, 18.25296691551, 25.27880680331, 42.5287248057, -241.4651220006, -5.395611225054, 239.7926632428, -5.828137787977, 5394.799968981, 3939.175540125, 5420.081312994, 3996.451823151, 3, 1.659878793738, 59.90977124546, -1.444374527355, -65.68363848338, -0.5554312296463, 1.314780078536, -0.461894835102, 1.343722524294, 0, 0, 0.2142352170016, -0, -0, -0, -0, -0, 0.2142352109, 0.005203175871539, 0, 0, 0, 0, 0, 0.004150651006794, 0.005203212244404, -0.02055084954108, 0.004150621991822, 0.03022808605492, 0.004150621991822, 64.77826083698, 64.80067883575, 64.7780859558, 64.80073106695, 159.9151890345, -0.2110350871679, 0.1868706956777, 0, 1, 50.00005430139, 50, 50.00020715905, 0.0009378173410559, 0, 0, 0, 0, 0, 0, 0, 0, 159.9167805901, 156.9669063466, 159.916496009, 156.9666404734, 159.9151890345, 156.9667734052, 159.9167811307, 156.9669063418, 0, 159.9164966467, 156.9666404686, -0.009740717896742, 0, -0.2207004310889, -0.009672006917115, 0.1770182659971, -0.009672006917115, 0.7771522477998, 0.7778049342602, -0.7975312534943, -0.7971950474316, -0.01018853851662, -0.009723605694675, 0.7772925815158, 0.7777763810186, 0, -0.7977376432463, -0.7972235924079, -0, -0, -5.551115123126e-17, -0, 0.001739570772314, 0.3940959876479, 0.3912533613483, 0.3941530357384, 0, 0.3912029708291, 0.3940389395574
11.55, 0.2092279667704, 0.1091501616299, -0.1885626612486, 0.1092060057253, 0.02312488089362, -0.0006486128999723, 0.05912551566608, -0.001962720040694, 0, 260.7125914725, 2000, -418.7618071604, -2000, 7604.963369122, 3179.552724672, 7613.634489033, 3178.92355446, 28.36325591721, 21.62324956869, 21.32264307044, 38.38649636291, -240.9717096681, -5.452739008032, 240.2742766744, -6.002039909298, 5395.449817251, 3938.114819162, 5419.188993326, 4004.225014053, 3, 2.024806348378, 43.65789152731, -1.857784876683, -48.90735169259, -0.5569794403937, 1.314575063851, -0.4601959416352, 1.326433927565, 0, 0, 0.2142719526442, -0, -0, -0, -0, -0, 0.2142719497585, 0.005222059134654, 0, 0, 0, 0, 0, 0.004790819742222, 0.005222095652043, -0.02082209364917, 0.004790786240687, 0.02995877393008, 0.004790786240687, 64.9189104936, 64.94137879065, 64.91873825043, 64.94143025631, 160.2624113525, -0.206351816988, 0.1915523858511, 0, 1, 50.00005652666, 50, 50.0001890917, 0.0007569197876931, 0, 0, 0, 0, 0, 0, 0, 0, 160.2640007444, 157.3141296617, 160.2637209901, 157.3138606006, 160.2624113525, 157.3139951255, 160.2640012806, 157.314129656, 0, 160.2637216386, 157.313860595, -0.009804573491022, 0, -0.216079956719, -0.009787977282832, 0.1816371217105, -0.009787977282832, 0.777094860803, 0.7777580101562, -0.7975886203038, -0.7972419723674, -0.01024409089608, -0.009774932879682, 0.7772370463122, 0.7777250528763, 0, -0.7977931721385, -0.7972749186357, -0, 5.551115123126e-17, -0, -0, 0.001739737905053, 0.3940893015773, 0.3912520661612, 0.3941551483848, 0, 0.3912047493239, 0.3940234547699
11.575, 0.208114120005, 0.02998336235746, -0.1897110087685, 0.02998756327168, 0.003358925002024, -0.0007916533764487, 0.05084511443129, -0.00104015932306, 0, 268.640550561, 2000, -430.1761645961, -2000, 7605.005798987, 3180.298521638, 7613.555037408, 3178.320702301, 22.05264985858, 31.42509480492, 28.06588110201, 30.22902647143, -241.2338844521, -6.350056190044, 239.9889209144, -7.296499012041, 5395.669696287, 3930.158022183, 5418.827890556, 4011.732372128, 3, 0.2119924278433, 9.025316224147, 0.01263424769886, -15.34501911315, -0.5565711435649, 1.332063393186, -0.4609921750231, 1.310872987627, 0, 0, 0.2142554125328, -0, -0, -0, -0, -0, 0.2142554188957, 0.005140787834796, 0, 0, 0, 0, 0, 0.005911463518191, 0.005140823778312, -0.02098945979582, 0.005911422186528, 0.02979363272731, 0.005911422186528, 65.05956128195, 65.08207865596, 65.05938945827, 65.08212959251, 160.6096341511, -0.2046166111219, 0.1932901293364, 0, 1, 50.00004132021, 50, 50.00020488286, 0.0009540403453754, 0, 0, 0, 0, 0, 0, 0, 0, 160.6112230666, 157.6613545115, 160.6109440274, 157.661081113, 160.6096341511, 157.6612178051, 160.6112236029, 157.6613545044, 0, 160.6109446783, 157.6610811059, -0.009861989416251, 0, -0.2144015347021, -0.009945765119989, 0.1833180873188, -0.009945765119989, 0.7770371202381, 0.777713940154, -0.7976463634714, -0.7972860444996, -0.01030125541008, -0.009826711901598, 0.7771804484771, 0.7776732720424, 0, -0.7978497881139, -0.7973266958456, -0, -0, -0, -0, 0.001740072035047, 0.3940897485058, 0.3912516277382, 0.3941709978579, 0, 0.39120546924, 0.3940084991537
11.6, 0.2100836512214, 0.1222376353252, -0.1877567644168, 0.1223074203521, 0.02526240559655, -0.0006930867987982, 0.06016696436035, -0.005879517404099, 0, 274.2322101991, 2000, -435.7093667898, -2000, 7604.96308169, 3179.59942467, 7613.561094941, 3179.345398704, 24.40236569816, 21.68036824035, 25.94300372693, 40.27112681618, -241.3470441337, -5.491603923217, 239.8761459632, -6.052545481134, 5394.919295268, 3938.995260225, 5419.601462762, 3999.80273643, 3, 1.36735045291, 47.45276409615, -1.109748521529, -55.63638760692, -0.5570571338244, 1.312718967478, -0.4608914909082, 1.336162804857, 0, 0, 0.2142542523642, -0, -0, -0, -0, -0, 0.214254247117, 0.005259101045624, 0, 0, 0, 0, 0, 0.004406546641215, 0.005259137815968, -0.02060368990001, 0.00440651583194, 0.03018784728312, 0.00440651583194, 65.20021480942, 65.22277850828, 65.20003787353, 65.22282923333, 160.9568566966, -0.2096556185674, 0.1882522207817, 0, 1, 50.00003254392, 50, 50.00024669256, 0.001258329186349, 0, 0, 0, 0, 0, 0, 0, 0, 160.9584502641, 158.0085766938, 160.9581619081, 158.0083046534, 160.9568566966, 158.0084406684, 160.9584508032, 158.0085766885, 0, 160.9581625491, 158.0083046482, -0.009948108191041, 0, -0.2195281389129, -0.009896357996881, 0.178192551258, -0.009896357996881, 0.7769835264969, 0.7776492486327, -0.7976999126682, -0.7973507325313, -0.01035660353849, -0.009881050922962, 0.7771242209648, 0.7776189350011, 0, -0.7979060281706, -0.797381036847, -0, -0, -0, -0, 0.001740241557624, 0.3940928295151, 0.391253123517, 0.3941533947303, 0, 0.3912039268508, 0.3940322643
11.625, 0.2087864508839, 0.04793244128425, -0.1889572403067, 0.04794314674793, 0.007331046816747, -0.0007915542121093, 0.05273551159158, 0.003048951900527, 0, 266.3620262576, 2000, -424.0599426248, -2000, 7604.842511827, 3179.981976703, 7613.675087298, 3178.596574602, 24.80455324159, 28.50728007295, 24.74309896386, 31.34897991363, -241.2823082904, -6.353676391533, 239.9756100051, -7.207995656273, 5394.702190341, 3931.962357499, 5419.88782947, 4008.870300547, 3, 0.6501066163858, 18.39388842598, -0.5893120943378, -21.09850355694, -0.5583596063069, 1.323321059945, -0.4596598885563, 1.318618968791, 0, 0, 0.2142829203555, -0, -0, -0, -0, -0, 0.2142829216866, 0.005402261601123, 0, 0, 0, 0, 0, 0.005573302158039, 0.005402299382518, -0.02079928421398, 0.005573263180722, 0.02999761737136, 0.005573263180722, 65.34086419134, 65.36347883347, 65.34069036713, 65.36352834886, 161.3040789148, -0.2042463549644, 0.1936610231803, 0, 1, 50.00003537618, 50, 50.00010493639, 0.0003980169676642, 0, 0, 0, 0, 0, 0, 0, 0, 161.3056698967, 158.3558009702, 161.3053870945, 158.3555246007, 161.3040789148, 158.3556627787, 161.3056704277, 158.3558009634, 0, 161.3053877506, 158.355524594, -0.01001931400741, 0, -0.2141893017414, -0.01005384220055, 0.1835308827675, -0.01005384220055, 0.7769258321234, 0.7776061135083, -0.7977575733411, -0.7973938696952, -0.01041213205221, -0.009932212011735, 0.7770678624347, 0.7775677721389, 0, -0.7979623896397, -0.7974321961623, -0, 5.551115123126e-17, -5.551115123126e-17, -0, 0.001740208752924, 0.394090802261, 0.3912535555143, 0.3941674037976, 0, 0.3912033570815, 0.3940142007245
11.65, 0.2103020995045, 0.1979248491861, -0.1874799823992, 0.1981085226797, 0.04447676105896, -0.0006153081851936, 0.06671605293423, -0.0150164923215, 0, 247.240218544, 2000, -402.3706712024, -2000, 7604.556042055, 3178.897982554, 7613.951249988, 3179.521776985, 32.75924394667, 12.08486471611, 16.95263095602, 48.33566345055, -240.8958634262, -5.449028126438, 240.2846524736, -5.431425395072, 5394.530341769, 3943.66964764, 5420.071960334, 3999.170001389, 3, 3.908913358035, 81.37812927526, -3.755047849046, -87.31623403834, -0.5614042934042, 1.29732052399, -0.4567259096683, 1.341579521603, 0, 0, 0.2142727977415, -0, -0, -0, -0, -0, 0.2142727887004, 0.005631499221771, 0, 0, 0, 0, 0, 0.004021954421329, 0.005631538602648, -0.02034661521024, 0.004021926296142, 0.03046136469664, 0.004021926296142, 65.48151780846, 65.50417876613, 65.48133868095, 65.50422774498, 161.6513015273, -0.2094965712716, 0.1884094213288, 0, 1, 50.00003189488, 50, 50.00018094981, 0.000798945076493, 0, 0, 0, 0, 0, 0, 0, 0, 161.6528972629, 158.7030226909, 161.6526048245, 158.7027478021, 161.6513015273, 158.7028852417, 161.6528977952, 158.7030226861, 0, 161.6526054713, 158.7027477973, -0.01011374359147, 0, -0.2195356803841, -0.00999997855224, 0.1781830856796, -0.00999997855224, 0.7768720894115, 0.7775406786696, -0.7978112386777, -0.7974593012222, -0.01046742918906, -0.009986974676907, 0.7770110286928, 0.7775130113886, 0, -0.7980192211942, -0.7974869607425, -0, 5.551115123126e-17, 5.551115123126e-17, 5.551115123126e-17, 0.001740251679909, 0.3940888041595, 0.3912538989521, 0.3941440833962, 0, 0.3912029886164, 0.3940335249229
11.675, 0.210279100886, 0.2386557495666, -0.1873994440573, 0.2389241716244, 0.05677493408673, -0.0002708018312975, 0.06719501742871, -0.007620355602291, 0, 227.831951201, 2000, -377.9467382215, -1834.022353916, 7604.428868316, 3177.87151605, 7614.093250803, 3180.257045817, 39.93012580154, 3.71407251152, 8.925807472081, 51.78684816635, -239.8011934394, -3.239434540296, 241.1947883753, -3.112328081921, 5397.085651881, 3956.515687199, 5417.457612062, 3989.669503047, 3, 5.78927876327, 103.6448470114, -5.833118524758, -101.7860859096, -0.5627744521209, 1.275789957856, -0.4552037366151, 1.357229213377, 0, 0, 0.214265519689, -0, -0, -0, -0, -0, 0.2142655097524, 0.005364259323068, 0, 0, 0, 0, 0, 0.002402563719108, 0.005364296832597, -0.02066345367005, 0.002402546919324, 0.03014890805116, 0.002402546919324, 65.62216888165, 65.644878528, 65.6219895143, 65.64492709464, 161.9985240841, -0.2086559946334, 0.189248222811, 0, 1, 50.00003111738, 50, 49.99998237928, -0.0002962439479781, 0, 0, 0, 0, 0, 0, 0, 0, 162.0001199115, 159.0502442517, 161.9998271889, 159.0499708417, 161.9985240841, 159.0501075438, 162.0001204503, 159.0502442488, 0, 161.9998278319, 159.0499708388, -0.01017420906402, 0, -0.2187543813115, -0.009946182550252, 0.1789625993817, -0.009946182550252, 0.7768102093421, 0.7774708886172, -0.7978730787511, -0.7975290890364, -0.01052904260667, -0.01004562514098, 0.776951310364, 0.7774543623011, 0, -0.7980789306242, -0.7975456125831, -0, -5.551115123126e-17, -0, -0, 0.001740234305312, 0.3940854725716, 0.3912488079189, 0.3941184943005, 0, 0.3912081976091, 0.3940524508427
11.7, 0.2082492200489, 0.2527123440772, -0.1893894456017, 0.2530136852147, 0.06208775371117, -0.0002973220183733, 0.07086615413844, -0.02185596078087, 0, 235.7570955124, 2000, -383.3452122517, -2000, 7604.992827458, 3179.410463687, 7613.549076447, 3178.814432066, 36.05926595497, 2.973542859378, 12.86886231184, 53.07264395729, -239.2050301272, -4.428092986128, 241.9228790012, -3.774048182253, 5401.638553971, 3943.399580828, 5412.895805704, 4001.722220581, 3, 5.604659730613, 109.6860802924, -5.73475095124, -108.7508943567, -0.556885465107, 1.316846831372, -0.4608883870735, 1.318236105572, 0, 0, 0.2142678369732, -0, -0, -0, -0, -0, 0.2142678366749, 0.004276971910392, 0, 0, 0, 0, 0, 0.004226477542186, 0.004277001817722, -0.02145626134589, 0.004226447988151, 0.0293478756851, 0.004226447988151, 65.76282068926, 65.78557836182, 65.76263954995, 65.78562671945, 162.3457464367, -0.2107466900749, 0.1871577967458, 0, 1, 50.00002708726, 50, 50.0000040178, -0.0001075426022411, 0, 0, 0, 0, 0, 0, 0, 0, 162.3473435653, 159.3974698323, 162.3470482742, 159.3971902331, 162.3457464367, 159.3973300275, 162.34734413, 159.3974698271, 0, 162.3470488929, 159.3971902279, -0.01015957239696, 0, -0.2208274905024, -0.01017133485052, 0.176889787954, -0.01017133485052, 0.7767410980988, 0.7774237941599, -0.7979422382998, -0.7975761853075, -0.01059988541049, -0.01010526553701, 0.7768876094151, 0.7773947199116, 0, -0.7981426255309, -0.7976052509856, -0, -5.551115123126e-17, -0, -0, 0.001740140973301, 0.3940865309981, 0.3912397364036, 0.3941446212766, 0, 0.3912172877113, 0.3940284407197
11.725, 0.2086308729253, 0.2142431619383, -0.189052612837, 0.2144600327604, 0.05289294837883, 0.0004080564583381, 0.007906251931321, 0.02084332050595, 0, 116.608070965, -149.9286502607, -285.5163841401, 684.9524884819, 7605.44733082, 3176.518156113, 7613.045326198, 3182.410568163, 46.93569133565, 4.863548060185, 1.93785560423, 49.47654007793, -238.2241509834, 2.385109432642, 242.4471494805, 1.249391084565, 5406.608081875, 3989.060571276, 5408.140283282, 3950.833005352, 3, 7.336042825249, 94.39332535689, -7.379524496769, -91.12708781788, -0.5521182412626, 1.24189515857, -0.4661745537469, 1.406837986173, 0, 0, 0.2142355770691, -0, -0, -0, -0, -0, 0.2142356002859, 0.003228273622373, 0, 0, 0, 0, 0, -0.002770244100486, 0.003228296189735, -0.02287212450785, -0.002770224735127, 0.02795828478224, -0.002770224735127, 65.90346846762, 65.92627742508, 65.90329357561, 65.9263270572, 162.6929691013, -0.2025348812623, 0.1953686294976, 0, 1, 50.00001602688, 50, 49.99993067559, -0.0005201763857355, 0, 0, 0, 0, 0, 0, 0, 0, 162.6945605873, 159.7446863839, 162.6942761156, 159.7444197859, 162.6929691013, 159.7445530881, 162.6945611669, 159.7446863871, 0, 162.6942767323, 159.7444197891, -0.01018876228703, 0, -0.2126395332387, -0.009698373876399, 0.1850766986892, -0.009698373876399, 0.7766689691646, 0.7773053858785, -0.7980142053194, -0.7976945933991, -0.01066943294641, -0.01017554960517, 0.7768251446523, 0.7773244381927, 0, -0.798205108964, -0.797675537403, -0, -5.551115123126e-17, 5.551115123126e-17, -0, 0.001740186283849, 0.3940917390049, 0.3912298332064, 0.3940536637401, 0, 0.3912267656074, 0.3941298142697
11.75, 0.2102434233724, 0.221436543612, -0.1874258758098, 0.2216664443213, 0.05356589829571, 0.0001602532292107, 0.01970660028449, 0.008725803160484, 0, 121.6430784677, 234.760309897, -287.1001348122, 134.220136136, 7606.470495811, 3176.907574738, 7612.043115584, 3181.718063086, 46.02778260742, 4.004455559654, 2.845528332605, 49.93520536897, -239.2075110642, 0.825312038361, 241.5185506665, 0.05441395063799, 5405.359111471, 3988.500317376, 5409.341545605, 3954.699230066, 3, 7.067034120705, 96.15705685189, -7.143461655872, -93.8511073521, -0.5413542613142, 1.251731969423, -0.4767211321793, 1.39136906085, 0, 0, 0.2142274802503, -0, -0, -0, -0, -0, 0.214227497629, 0.002628748716149, 0, 0, 0, 0, 0, -0.002449469653947, 0.002628767091121, -0.0232283033526, -0.002449452532253, 0.02759608011107, -0.002449452532253, 66.04411965925, 66.06697700398, 66.04394421587, 66.06702659665, 163.0401915498, -0.2032113197173, 0.1946916762929, 0, 1, 50.0000134826, 50, 49.99995059205, -0.0004054341512424, 0, 0, 0, 0, 0, 0, 0, 0, 163.0417834941, 160.0919094168, 163.0414980011, 160.0916409504, 163.0401915498, 160.0917751864, 163.0417840845, 160.0919094196, 0, 163.0414986076, 160.0916409532, -0.01018188652409, 0, -0.213307772902, -0.009766344703053, 0.1844079736951, -0.009766344703053, 0.7766073314737, 0.7772498048087, -0.7980758774508, -0.7977501737499, -0.01073226514042, -0.01023333679114, 0.7767659400242, 0.7772666510489, 0, -0.7982643067587, -0.7977333246312, -5.551115123126e-17, -0, -0, -5.551115123126e-17, 0.001740124853108, 0.3940884463058, 0.3912323202166, 0.3940547798842, 0, 0.3912243738538, 0.3941221127274
11.775, 0.2091316711532, 0.212636716948, -0.1885677130701, 0.2128477335137, 0.05067356527435, -6.284833618145e-05, 0.02610301596749, 0.008544491423858, 0, 72.5787431943, 493.1888690389, -235.1775671023, -144.8416397904, 7606.862990383, 3177.437011664, 7611.658042003, 3181.530292271, 47.40522924917, 5.076452276749, 1.518647903062, 49.3759239383, -240.0179712038, -0.4506086095547, 240.6337483025, -1.166033534332, 5401.916278048, 3982.307174657, 5412.704520422, 3959.58834088, 3, 7.084733831956, 91.06230933962, -7.105638223037, -90.35995654975, -0.53717838613, 1.263474996144, -0.4808217413002, 1.386513264164, 0, 0, 0.2141850514752, -0, -0, -0, -0, -0, 0.2141850617685, 0.002828191410828, 0, 0, 0, 0, 0, -0.001646369930755, 0.002828211172077, -0.02314919459686, -0.001646358427254, 0.0276748584531, -0.001646358427254, 66.18476967078, 66.20767726867, 66.18459610157, 66.20772604113, 163.3874142838, -0.2004902841914, 0.1974109562056, 0, 1, 50.00000957371, 50, 49.99998674851, -0.0001968378473067, 0, 0, 0, 0, 0, 0, 0, 0, 163.3890042809, 160.4391332938, 163.3887221131, 160.4388630718, 163.3874142838, 160.4389981847, 163.389004862, 160.4391332957, 0, 163.3887227303, 160.4388630737, -0.01019444133077, 0, -0.2105995852783, -0.00983021075261, 0.1871144435796, -0.00983021075261, 0.7765531165155, 0.7772021670682, -0.7981300926826, -0.7977978104011, -0.0107855216247, -0.010286497744, 0.7767111876905, 0.7772134903404, 0, -0.7983190566336, -0.7977864858284, -0, -5.551115123126e-17, -0, -0, 0.001740165740024, 0.3940897453398, 0.3912391786686, 0.3940671170193, 0, 0.3912176744422, 0.3941123736602
11.8, 0.2105383777193, 0.2174587714433, -0.1871378557816, 0.217679646253, 0.05174139501701, -9.361474552679e-05, 0.01181495088631, 0.01460257526479, 0, 107.9833011335, -36.13631680918, -273.6360393293, 479.4512587525, 7606.823131764, 3176.840252912, 7611.69681996, 3181.858653186, 46.60143950834, 3.971495695916, 2.26520108873, 49.84839559998, -240.6926237463, -0.0904950353655, 240.0040677726, -0.8070602282549, 5398.266509391, 3985.759331041, 5416.410450358, 3959.631222331, 3, 6.611725245217, 94.06811193723, -6.678954232645, -91.57515745916, -0.5375367161987, 1.249898030323, -0.4804762747878, 1.394964441041, 0, 0, 0.2141681472764, -0, -0, -0, -0, -0, 0.2141681612339, 0.003382233247448, 0, 0, 0, 0, 0, -0.00189343048584, 0.003382256876189, -0.02252010079919, -0.001893417258168, 0.02830310634631, -0.001893417258168, 66.3254215262, 66.34837652636, 66.32524603802, 66.34842569515, 163.7346367711, -0.2022536207983, 0.1956492152617, 0, 1, 50.00000281027, 50, 49.99993723094, -0.0004054554450249, 0, 0, 0, 0, 0, 0, 0, 0, 163.7362283446, 160.786354669, 163.7359427846, 160.7860854092, 163.7346367711, 160.7862200413, 163.7362289147, 160.7863546712, 0, 163.7359434097, 160.7860854115, -0.01022446782938, 0, -0.2123953180573, -0.009795206131365, 0.185320324292, -0.009795206131365, 0.7765035278648, 0.7771470400093, -0.7981796879871, -0.7978529378346, -0.01083561217374, -0.01033992579423, 0.7766573061972, 0.7771600622677, 0, -0.7983729379877, -0.7978399138562, -0, -0, -0, -0, 0.0017401157828, 0.3940862641739, 0.3912464508355, 0.3940602401612, 0, 0.391210290017, 0.3941122881865
11.825, 0.2086565998603, 0.2177602293509, -0.1890239952809, 0.2179821302687, 0.05129362431969, -0.0001541875018476, 0.0322600920347, 0.04150170247229, 0, 90.81776972828, 987.0874878317, -256.8266759053, -136.8904621369, 7606.256998861, 3177.523494537, 7612.266168863, 3181.732871833, 48.23238141228, 4.725416108162, 0.6190591270733, 49.25801099489, -240.3264468836, -0.9944534402476, 240.280516966, -1.676635826111, 5398.211489428, 3975.620697062, 5416.547262964, 3965.059862656, 3, 6.79283626594, 95.2310745198, -6.851740787245, -90.81916485096, -0.5434282464186, 1.264520950195, -0.474552687089, 1.390934994365, 0, 0, 0.2141583239166, -0, -0, -0, -0, -0, 0.2141583288352, 0.003832008746019, 0, 0, 0, 0, 0, -0.0007653139396907, 0.003832035514497, -0.02233167751745, -0.0007653085936311, 0.02849197775359, -0.0007653085936311, 66.46607178124, 66.48907608126, 66.46589747385, 66.48912518704, 164.0818590634, -0.2000019446884, 0.1979002992255, 0, 1, 49.99999089325, 50, 49.99988237247, -0.0005844508398535, 0, 0, 0, 0, 0, 0, 0, 0, 164.0834492927, 161.133578592, 164.0831662861, 161.1333070183, 164.0818590634, 161.1334428061, 164.083449852, 161.1335785929, 0, 164.0831669228, 161.1333070193, -0.01025014121434, 0, -0.2101700070063, -0.009879380118933, 0.1875450501317, -0.009879380118933, 0.7764493458476, 0.7771015128162, -0.7982338652711, -0.7978984639109, -0.01088829233787, -0.01039321161354, 0.7766018375977, 0.7771067766095, 0, -0.7984284047013, -0.7978931998366, -5.551115123126e-17, -0, -0, -0, 0.001740018120975, 0.3940909555827, 0.3912465609406, 0.3940804368233, 0, 0.3912100168428, 0.394101474342
11.85, 0.210033917957, 0.2185207713513, -0.1876401797732, 0.2187446431454, 0.05064758162866, -6.162398973238e-05, 0.01227293572708, 0.01174994422792, 0, 113.4210716437, -41.07442400332, -277.3655950943, 442.5468903825, 7605.712942994, 3176.574666583, 7612.836122016, 3182.567547431, 46.47826328762, 4.067492711799, 2.376190945091, 49.79483488798, -240.4565688805, -0.02829072819539, 240.2532782629, -0.755176113099, 5397.606216774, 3983.364184924, 5417.217679509, 3956.711703589, 3, 6.578158884581, 94.58798283208, -6.641493652894, -92.15343615549, -0.5491111546951, 1.240607278528, -0.4685990194115, 1.413098309262, 0, 0, 0.2141909116557, -0, -0, -0, -0, -0, 0.2141909285861, 0.004341588502565, 0, 0, 0, 0, 0, -0.00193143029673, 0.00434161883994, -0.02181083882142, -0.001931416800719, 0.02900582809279, -0.001931416800719, 66.60672389768, 66.62977580566, 66.60654696081, 66.62982462807, 164.4290808887, -0.2023338664969, 0.1955680670385, 0, 1, 49.99999446928, 50, 49.99993369334, -0.0003281179093981, 0, 0, 0, 0, 0, 0, 0, 0, 164.4306737758, 161.4807995516, 164.4303859029, 161.4805300589, 164.4290808887, 161.4806648075, 164.4306743284, 161.4807995539, 0, 164.4303865429, 161.4805300612, -0.01031289613036, 0, -0.2125666340997, -0.009803678241045, 0.1851481107723, -0.009803678241045, 0.7763962249377, 0.7770372161716, -0.7982870224441, -0.7979627616673, -0.01094168779525, -0.01044948808621, 0.7765451605795, 0.7770504999384, 0, -0.7984850697267, -0.7979494761108, -0, -0, -0, -5.551115123126e-17, 0.001739818763286, 0.3940915576561, 0.391247768033, 0.3940650113599, 0, 0.3912086795914, 0.3941181039522
11.875, 0.2081700485096, 0.2154677783353, -0.1895118556663, 0.2156858713488, 0.0497972855719, -0.0001161545618175, 0.03096139626211, 0.0313150555455, 0, 86.49679924011, 853.2407826807, -250.4192293637, -158.6808967556, 7605.180649153, 3177.344957089, 7613.375616175, 3182.139713664, 48.03942674086, 4.9382522109, 0.7911879988319, 49.25248235244, -239.9873219909, -0.9799916268369, 240.62899083, -1.665707359578, 5397.961314464, 3972.672354967, 5416.750787281, 3965.371625008, 3, 6.861097154915, 93.78827099959, -6.908248661324, -90.6430947111, -0.5546914378614, 1.25844342371, -0.462943191639, 1.402137197243, 0, 0, 0.2141620578916, -0, -0, -0, -0, -0, 0.2141620617588, 0.004696672010853, 0, 0, 0, 0, 0, -0.0005290633480325, 0.004696704820576, -0.02170154863674, -0.0005290596521599, 0.02911372497629, -0.0005290596521599, 66.74737433845, 66.77047595263, 66.74719823229, 66.77052368421, 164.7763033594, -0.2001360830116, 0.1977649459059, 0, 1, 49.9999861507, 50, 49.99989987086, -0.0005578200270038, 0, 0, 0, 0, 0, 0, 0, 0, 164.7778952021, 161.8280242136, 164.7776090274, 161.8277507799, 164.7763033594, 161.8278874974, 164.7778957464, 161.8280242142, 0, 164.7776096772, 161.8277507806, -0.0103672111262, 0, -0.2104235689002, -0.009947044156006, 0.1872903015558, -0.009947044156006, 0.7763385130277, 0.7769926372401, -0.7983447401354, -0.7980073390918, -0.01099798967696, -0.01050371193167, 0.7764867021324, 0.7769962761671, 0, -0.7985435245694, -0.7980037000305, 5.551115123126e-17, 5.551115123126e-17, -0, -0, 0.001739891713002, 0.3940935816765, 0.3912470609505, 0.3940863100331, 0, 0.3912096092818, 0.3941008533198
11.9, 0.2096212760246, 0.2178011759697, -0.1880503243224, 0.2180244144942, 0.04981812498749, 6.675025679893e-06, 0.01184224836722, 0.01594995689663, 0, 112.9560249965, -27.40297543886, -280.1759459548, 492.4645419833, 7604.883718824, 3176.392737461, 7613.666313028, 3182.954407077, 46.51764900099, 4.053696685666, 2.31853820781, 49.68758215532, -240.0074077815, 0.175101358962, 240.6837681275, -0.5531170464039, 5397.29782643, 3983.704038644, 5417.270753892, 3957.881125446, 3, 6.701887365938, 94.68756514558, -6.765482811069, -91.87527846749, -0.557817537121, 1.234649327234, -0.459882127823, 1.423629446693, 0, 0, 0.2141124900243, -0, -0, -0, -0, -0, 0.2141125079969, 0.005001366323692, 0, 0, 0, 0, 0, -0.001871313819517, 0.005001401245759, -0.0213214263634, -0.001871300753148, 0.02949351248423, -0.001871300753148, 66.88802670861, 66.91117581582, 66.88784769727, 66.91122302008, 165.1235260865, -0.2024483363439, 0.195453649449, 0, 1, 49.9999846241, 50, 49.99990302067, -0.0005763808126604, 0, 0, 0, 0, 0, 0, 0, 0, 165.1251203387, 162.175245712, 165.1248286705, 162.1749737188, 165.1235260865, 162.1751097176, 165.1251208795, 162.1752457142, 0, 165.1248293204, 162.174973721, -0.01045162208381, 0, -0.2128216875347, -0.009894643592736, 0.1848931837396, -0.009894643592736, 0.776281208079, 0.7769251822253, -0.7984020490556, -0.7980747951289, -0.011055903724, -0.01056193532915, 0.7764268019867, 0.7769380525079, 0, -0.7986034261195, -0.7980619231662, -5.551115123126e-17, -0, -0, 5.551115123126e-17, 0.001740065934329, 0.3940900544073, 0.3912483836143, 0.3940643343742, 0, 0.3912085721656, 0.3941157744403
11.925, 0.2079021531235, 0.2159237983629, -0.1897696827051, 0.2161434449719, 0.04931004684533, -5.67959951179e-05, 0.03160555358114, 0.03345009944231, 0, 87.33566516521, 893.1992505723, -252.8388010437, -166.110536762, 7604.595161696, 3177.309634907, 7613.935245583, 3182.487277441, 48.1060422908, 4.85036990688, 0.745314182266, 49.21056079979, -239.5546394887, -0.8335756820781, 241.0396427121, -1.537513488839, 5397.864432022, 3974.23523104, 5416.59076218, 3967.082462095, 3, 6.958386356578, 94.35409417183, -7.024205586527, -90.77147993551, -0.5608657399524, 1.255906506923, -0.4570398115647, 1.411253205382, 0, 0, 0.2140272605684, -0, -0, -0, -0, -0, 0.2140272646651, 0.005131178927698, 0, 0, 0, 0, 0, -0.0005183410253541, 0.005131214727664, -0.02137924440251, -0.0005183374089411, 0.02944043070549, -0.0005183374089411, 67.02867735315, 67.0518762902, 67.02849894969, 67.0519219807, 165.4707491369, -0.2002569527791, 0.1976449817449, 0, 1, 49.99997604804, 50, 49.99987558082, -0.0006917869257697, 0, 0, 0, 0, 0, 0, 0, 0, 165.4723422197, 162.5224710711, 165.4720517283, 162.5221942942, 165.4707491369, 162.5223326833, 165.4723427566, 162.5224710717, 0, 165.4720523844, 162.5221942948, -0.0105227030607, 0, -0.2107011841142, -0.01006866409258, 0.1870136916881, -0.01006866409258, 0.7762195212092, 0.7768786570378, -0.7984637108794, -0.7981213187074, -0.01111647160335, -0.01061776562014, 0.7763655095277, 0.776882222188, 0, -0.7986647261812, -0.7981177534283, -0, -0, -5.551115123126e-17, -0, 0.001740279691968, 0.3940903210066, 0.3912472547708, 0.3940831967348, 0, 0.391209926917, 0.3940974452785
11.95, 0.2094691161657, 0.2184125485213, -0.1882018987278, 0.21863744489, 0.04949087542551, 3.791929441498e-05, 0.01324086845845, 0.01564281865628, 0, 114.2146084629, 24.36094059969, -282.1584575489, 437.2163899513, 7604.505292029, 3176.585721666, 7614.003977061, 3183.270083711, 46.3951322458, 4.046728675921, 2.460118320418, 49.70809610277, -239.6979123245, 0.1597745368527, 240.9950388563, -0.5702106743447, 5397.454326172, 3983.945784178, 5417.11060691, 3959.240243012, 3, 6.766952787873, 95.08849301781, -6.831598157619, -92.16273802989, -0.5618353334594, 1.237570425765, -0.4562926843806, 1.431288604805, 0, 0, 0.2139745842932, -0, -0, -0, -0, -0, 0.2139746019199, 0.005254649676375, 0, 0, 0, 0, 0, -0.001790340998076, 0.005254686319746, -0.02113183413262, -0.001790328513194, 0.0296916142392, -0.001790328513194, 67.16932983217, 67.19257650968, 67.16914829929, 67.19262114826, 165.8179718155, -0.2026469970076, 0.195256064579, 0, 1, 49.99997649696, 50, 49.99989577348, -0.0005581305526737, 0, 0, 0, 0, 0, 0, 0, 0, 165.819567544, 162.8696932105, 165.8192710441, 162.8694169509, 165.8179718155, 162.8695550828, 165.8195680809, 162.8696932126, 0, 165.819271697, 162.869416953, -0.01062030847561, 0, -0.2131897931709, -0.01004984780065, 0.1845262409181, -0.01004984780065, 0.7761591748568, 0.7768106829379, -0.7985240394671, -0.7981892936026, -0.01117766506616, -0.01067699120025, 0.7763034740108, 0.7768229963011, 0, -0.798726769308, -0.7981769787016, -0, -0, -0, -0, 0.001740280261258, 0.3940884599399, 0.3912480723415, 0.3940638528272, 0, 0.3912088904849, 0.3941130670526
11.975, 0.207921391843, 0.2170428748105, -0.1897504634847, 0.2172650346527, 0.0492860437037, -4.027037011348e-05, 0.03165358694294, 0.04202006168283, 0, 91.313462238, 959.2936191326, -258.1606638762, -101.8807073656, 7604.394328021, 3177.704841253, 7614.106036792, 3182.889435949, 48.26001330103, 4.794926137515, 0.5967186311216, 49.16750703862, -239.3488842885, -0.8822663385127, 241.2451552957, -1.586540308616, 5398.198627495, 3972.845981379, 5416.457830275, 3966.549255959, 3, 7.033794221746, 95.32952374636, -7.100206149731, -90.85056721021, -0.5630286199722, 1.263450174559, -0.4551939716898, 1.420165976216, 0, 0, 0.2139055084491, -0, -0, -0, -0, -0, 0.2139055120881, 0.005243004951655, 0, 0, 0, 0, 0, -0.0004563059578485, 0.005243041490219, -0.0213023290073, -0.0004563027778689, 0.02952447359228, -0.0004563027778689, 67.30998042352, 67.33327720266, 67.30979948125, 67.33331995512, 166.165194592, -0.2003176866351, 0.197585225459, 0, 1, 49.99996545791, 50, 49.9998456152, -0.0007854640084497, 0, 0, 0, 0, 0, 0, 0, 0, 166.1667893115, 163.2169189023, 166.1664938842, 163.2166373332, 166.165194592, 163.2167781183, 166.166789847, 163.2169189029, 0, 166.1664945414, 163.2166373338, -0.01070078888898, 0, -0.2109403350619, -0.01024299814777, 0.1867755965702, -0.01024299814777, 0.7760951505833, 0.7767632190516, -0.798588043772, -0.7982367558297, -0.011240690217, -0.01073362984413, 0.7762406134348, 0.7767663575466, 0, -0.7987896330464, -0.7982336172348, 5.551115123126e-17, -0, -0, -0, 0.001740234651781, 0.3940922358069, 0.3912465892385, 0.394085964168, 0, 0.3912101914263, 0.3940985074458
12, 0.2094216913489, 0.217405077452, -0.1882563019805, 0.2176280481868, 0.04916830768692, 6.633220805338e-05, 0.01110124618549, 0.01633715017369, 0, 112.6911023296, -55.94786212313, -279.8213379253, 525.3027272417, 7604.438170316, 3176.784839269, 7614.079274787, 3183.621747279, 46.58829695584, 4.104719237315, 2.269587822041, 49.65539868358, -239.5559510727, 0.2857157100073, 241.1407053579, -0.4464514831733, 5397.980458446, 3984.732941543, 5416.777966792, 3957.740633403, 3, 6.845581363629, 94.65777871532, -6.894974839485, -91.81833777951, -0.5625974747318, 1.24129947628, -0.4554468922113, 1.439479928973, 0, 0, 0.2138772015738, -0, -0, -0, -0, -0, 0.2138772212749, 0.005251216473811, 0, 0, 0, 0, 0, -0.001956056548645, 0.005251253059916, -0.02115299160573, -0.001956042920564, 0.02966884896314, -0.001956042920564, 67.45063280829, 67.47397741389, 67.45044882026, 67.47401899349, 166.512416962, -0.2025299876771, 0.1953726320307, 0, 1, 49.9999701637, 50, 49.9998922756, -0.0005412753294208, 0, 0, 0, 0, 0, 0, 0, 0, 166.5140144603, 163.5641406666, 166.5137130974, 163.5638597244, 166.512416962, 163.5640001979, 166.514014998, 163.564140669, 0, 166.5137137495, 163.5638597268, -0.01080425397967, 0, -0.2132566841845, -0.0102201912842, 0.1844589978778, -0.0102201912842, 0.7760329508186, 0.7766926432474, -0.7986502698434, -0.7983073326138, -0.0113037975252, -0.01079389071983, 0.7761773940593, 0.7767060962929, 0, -0.7988528445903, -0.7982938777326, 5.551115123126e-17, -0, -0, -0, 0.001740043269863, 0.3940891695164, 0.391247024216, 0.3940622847474, 0, 0.391209553195, 0.3941160542855
12.025, 0.2077615251281, 0.2143300872688, -0.1899264347192, 0.2145467339937, 0.04865523124542, -1.60689043327e-05, 0.03062884025775, 0.02170771848607, 0, 83.18677437993, 764.6045812584, -246.4411778269, -216.8054228586, 7604.432461299, 3177.574702142, 7614.115363999, 3182.962611102, 47.90399437162, 4.954313760958, 0.9637257411101, 49.26003267685, -239.3098831254, -0.7079878715676, 241.317341376, -1.417660412121, 5398.763044175, 3976.523595112, 5415.986582014, 3966.412755951, 3, 7.0539620415, 93.06929450075, -7.083612513, -90.78769137607, -0.5626836558449, 1.260831901926, -0.4550422578773, 1.422888199739, 0, 0, 0.2138426296372, -0, -0, -0, -0, -0, 0.2138426356757, 0.005160827986485, 0, 0, 0, 0, 0, -0.0007327040360119, 0.005160863931215, -0.0213732116165, -0.0007326989328256, 0.02944191617769, -0.0007326989328256, 67.59128340899, 67.61467787256, 67.5910999072, 67.61471769207, 166.8596393581, -0.2003459518933, 0.1975547036557, 0, 1, 49.99996794767, 50, 49.99990651005, -0.000416652829081, 0, 0, 0, 0, 0, 0, 0, 0, 166.8612362124, 163.9113657353, 166.8609356753, 163.9110795314, 166.8596393581, 163.9112226343, 166.8612367503, 163.9113657362, 0, 166.8609363298, 163.9110795323, -0.01088596900246, 0, -0.2111535387422, -0.01041160482696, 0.1865602340147, -0.01041160482696, 0.7759677518636, 0.7766435780734, -0.7987155018401, -0.7983563960514, -0.01136814560068, -0.01085136937923, 0.7761136983152, 0.7766486175544, 0, -0.798916527908, -0.7983513563128, -0, -0, -0, -0, 0.001739892005285, 0.3940887087815, 0.3912454647223, 0.3940786382245, 0, 0.3912111304578, 0.3940987793384
12.05, 0.2095998462023, 0.2176319236011, -0.1880743269353, 0.2178551543388, 0.04920081573993, 5.712527951214e-05, 0.01080611207415, 0.01428782044622, 0, 112.2803024849, -82.29534425111, -277.0856702437, 520.4044213875, 7604.55219399, 3176.755700568, 7614.022507111, 3183.682332623, 46.64056294831, 4.091188060006, 2.237919508325, 49.70548996042, -239.6303125411, 0.2708290231323, 241.0711621127, -0.459181341431, 5398.185917267, 3986.729346287, 5416.618815331, 3957.252625738, 3, 6.85315950031, 94.55220387807, -6.907535071783, -91.95439468801, -0.5614504955852, 1.240701035617, -0.4559927472401, 1.441415511767, 0, 0, 0.2138417699488, -0, -0, -0, -0, -0, 0.2138417917374, 0.005163334962629, 0, 0, 0, 0, 0, -0.002136094913621, 0.00516337092453, -0.02122131867953, -0.002136080036121, 0.02958682171383, -0.002136080036121, 67.73193568828, 67.75537770955, 67.73174919422, 67.7554166793, 167.2068613755, -0.2024788184272, 0.1954220576497, 0, 1, 49.99996641622, 50, 49.99990104977, -0.0003767184696895, 0, 0, 0, 0, 0, 0, 0, 0, 167.2084611356, 164.2585873213, 167.2081547752, 164.2583015442, 167.2068613755, 164.2584444354, 167.2084616753, 164.258587324, 0, 167.2081554251, 164.2583015468, -0.01098818829444, 0, -0.2133892066123, -0.01039608014135, 0.1843248134209, -0.01039608014135, 0.7759051747362, 0.7765734461269, -0.7987781151084, -0.7984265290411, -0.01143165415547, -0.01091184922685, 0.7760500843956, 0.7765881372626, 0, -0.79898012995, -0.7984118357163, -0, -0, -5.551115123126e-17, -0, 0.001739695744919, 0.3940876670847, 0.3912466147629, 0.3940583078013, 0, 0.3912098705194, 0.3941170263681
12.075, 0.2078123741758, 0.212247957263, -0.1898841484487, 0.2124602061093, 0.04819621106352, -2.555097269834e-05, 0.02855257642017, 0.008132243679894, 0, 76.37657869064, 580.0430408412, -236.4822453985, -239.6747985771, 7604.526542979, 3177.309323021, 7614.085232868, 3182.949660602, 47.61494217635, 5.117671806822, 1.263915338499, 49.3491132332, -239.4730168421, -0.6495845989851, 241.1782061147, -1.353271229048, 5398.647233812, 3978.930745988, 5416.192049534, 3965.295421452, 3, 7.025288679671, 91.31736567248, -7.033430091284, -90.58974781011, -0.5617393108953, 1.255146880325, -0.4553133772136, 1.4236488466, 0, 0, 0.2138737605779, -0, -0, -0, -0, -0, 0.2138737690428, 0.005139830599919, 0, 0, 0, 0, 0, -0.0009881135661517, 0.005139866408827, -0.02137987647836, -0.000988106682068, 0.02941994932486, -0.000988106682068, 67.87258619435, 67.8960779202, 67.87240015309, 67.89611525494, 167.5540830033, -0.2003673832134, 0.1975308515104, 0, 1, 49.99996966381, 50, 49.99995593793, -2.605295495317e-05, 0, 0, 0, 0, 0, 0, 0, 0, 167.5556826241, 164.6058117, 167.5553769921, 164.6055209798, 167.5540830033, 164.6056663412, 167.5556831627, 164.6058117012, 0, 167.5553776454, 164.6055209811, -0.01106997340219, 0, -0.2113589385564, -0.01057589672318, 0.1863524436673, -0.01057589672318, 0.7758403116745, 0.7765235053295, -0.7988430195994, -0.7984764680736, -0.01149563722747, -0.01096968505278, 0.7759863037212, 0.7765303014145, 0, -0.7990438954724, -0.7984696715201, -0, 5.551115123126e-17, 5.551115123126e-17, -0, 0.001739466972183, 0.3940874240774, 0.3912456954032, 0.3940738430769, 0, 0.3912107212371, 0.3941010050779
12.1, 0.2096813293784, 0.2212644457264, -0.1879822125516, 0.2214949211689, 0.0501736201979, -5.912659000052e-06, 0.01939561487749, 0.008371656755497, 0, 117.1062721337, 216.2915053728, -281.2217112658, 144.3767979293, 7604.63995648, 3176.765978049, 7613.994108338, 3183.277705117, 45.91639515722, 3.902544984238, 2.95725457513, 50.0239670287, -239.8444129118, -0.1340957844443, 240.9007930061, -0.8594747654187, 5397.821484797, 3983.836824, 5417.086975225, 3959.747036955, 3, 6.713346368618, 95.80193729597, -6.785688910767, -93.65654158449, -0.5605676200152, 1.241993587718, -0.456248666665, 1.432458963424, 0, 0, 0.2139319688549, -0, -0, -0, -0, -0, 0.2139319857538, 0.005180976574688, 0, 0, 0, 0, 0, -0.001745719026002, 0.005181012689908, -0.02116312287428, -0.001745706857138, 0.02963046975912, -0.001745706857138, 68.01323851341, 68.03677738576, 68.01304915278, 68.03681421854, 167.9013043304, -0.2029547434569, 0.1949445007415, 0, 1, 49.99996491048, 50, 49.9999177577, -0.0001564640782234, 0, 0, 0, 0, 0, 0, 0, 0, 167.9029074791, 164.9530333587, 167.9025955785, 164.9527418798, 167.9013043304, 164.9528876215, 167.9029080189, 164.953033361, 0, 167.9025962271, 164.952741882, -0.01116432633015, 0, -0.2140414580454, -0.01060350017368, 0.1836709067608, -0.01060350017368, 0.7757778073813, 0.7764580588228, -0.7989055568977, -0.7985419149369, -0.01155924834496, -0.01102992085113, 0.7759223199129, 0.7764700652976, 0, -0.7991078692874, -0.7985299069999, -0, -0, -0, -5.551115123126e-17, 0.001739281300484, 0.3940880637006, 0.391247340871, 0.3940640698888, 0, 0.3912089377761, 0.3941120575124
12.125, 0.2078880983835, 0.2107473303198, -0.1898035986764, 0.2109564500895, 0.04775463799517, -2.339326103277e-05, 0.02452595928989, 0.009008548124111, 0, 66.72430022146, 429.7368538973, -229.9750165878, -75.1000467551, 7604.472716168, 3177.041289656, 7614.175728011, 3183.228235416, 47.31822131701, 5.177135095835, 1.618202132392, 49.40267741231, -239.6360622261, -0.4702508947832, 241.0269789901, -1.179445235701, 5398.173493676, 3979.288417093, 5416.650950321, 3960.161763852, 3, 6.981305815056, 90.43070756333, -6.997369414437, -90.04109235712, -0.5623396670304, 1.247983063874, -0.4543226060922, 1.430867086819, 0, 0, 0.2139691320025, -0, -0, -0, -0, -0, 0.2139691448873, 0.005264925819826, 0, 0, 0, 0, 0, -0.001386054699814, 0.005264962532986, -0.02126969540595, -0.001386045034701, 0.02952197639394, -0.001386045034701, 68.15388884642, 68.17747773855, 68.15370018783, 68.17751292906, 168.2485258269, -0.2005116846518, 0.1973857560145, 0, 1, 49.99996437739, 50, 49.99995778923, 3.508974221626e-05, 0, 0, 0, 0, 0, 0, 0, 0, 168.2501286974, 165.3002570754, 168.2498178653, 165.2999625274, 168.2485258269, 165.3001098031, 168.2501292341, 165.3002570772, 0, 168.2498185197, 165.2999625291, -0.01125256814003, 0, -0.2116862126967, -0.01071514787651, 0.186024323864, -0.01071514787651, 0.7757131132705, 0.7764013187726, -0.7989702573717, -0.7985986541459, -0.01162274927453, -0.0110891341834, 0.7758583532953, 0.776410851815, 0, -0.7991718294059, -0.7985891201818, -0, 5.551115123126e-17, -0, -0, 0.001739289008164, 0.3940921809794, 0.3912466393886, 0.3940731305279, 0, 0.3912098067339, 0.3941112314308
12.15, 0.2048239669401, 0.1928286218261, -0.1929376352478, 0.1930043931778, 0.0451051410288, 0.0003458909842064, -0.02512327605982, -0.01871696728957, 0, -103.1194177403, -1810.483476418, -41.24557203872, 1715.911957708, 7604.092811302, 3174.842154018, 7614.586182518, 3184.690212117, 42.49220525709, 6.199328187656, 6.488341670255, 50.68027979651, -239.6964387084, 3.176086601859, 241.1980892092, 1.975054118007, 5399.279173843, 4002.741216207, 5415.278111722, 3941.967704012, 3, 6.688203854106, 80.96350387953, -6.556863899162, -85.25275486485, -0.5663412820546, 1.197760997235, -0.4499975747278, 1.46686586975, 0, 0, 0.214003457725, -0, -0, -0, -0, -0, 0.2140035179436, 0.005382522460831, 0, 0, 0, 0, 0, -0.004404085293006, 0.005382560006055, -0.02114253663726, -0.004404054572965, 0.02964247178758, -0.004404054572965, 68.29454085885, 68.31817801353, 68.2943496697, 68.31821158428, 168.5957474357, -0.2026234631265, 0.1952699852571, 0, 1, 49.99997043357, 50, 50.00007761545, 0.0006044173646948, 0, 0, 0, 0, 0, 0, 0, 0, 168.5973533091, 165.647476331, 168.5970369745, 165.6471860836, 168.5957474357, 165.6473312129, 168.5973538481, 165.6474763366, 0, 168.5970376237, 165.6471860891, -0.01135832231767, 0, -0.2139042225199, -0.01055870170707, 0.1838023169707, -0.01055870170707, 0.7756495569078, 0.7763160025882, -0.7990338440887, -0.7986839753206, -0.01168648388378, -0.01115369477425, 0.7757939277959, 0.7763462895274, 0, -0.7992362402892, -0.7986536790759, -5.551115123126e-17, -0, 5.551115123126e-17, -0, 0.001739394464728, 0.3940869421424, 0.39124443716, 0.3940264107559, 0, 0.391212541047, 0.3941474735288
12.175, 0.204135056401, 0.1868537815196, -0.1936238858045, 0.1870196101136, 0.04584941096994, 0.0006217952088571, -0.03111374474643, -0.01108876120233, 0, -125.1624142123, -2000, -21.20386731534, 2000, 7604.262828995, 3174.698019879, 7614.382324364, 3184.74785791, 41.86592466948, 6.613857000606, 7.21230136092, 50.66170181401, -238.9255941463, 5.393062591178, 241.9809531, 3.39037960285, 5402.504401736, 4007.511146179, 5411.921612837, 3938.86737743, 3, 6.723622081981, 79.7559178684, -6.602109541237, -82.74582441578, -0.5645678085942, 1.19745572357, -0.4521238049419, 1.465154757047, 0, 0, 0.213984744254, -0, -0, -0, -0, -0, 0.213984811913, 0.004761065019574, 0, 0, 0, 0, 0, -0.004974420614333, 0.004761098224078, -0.02163075618307, -0.004974385922069, 0.02916274099724, -0.004974385922069, 68.43519229817, 68.45887770206, 68.43499976293, 68.45891055342, 168.9429695959, -0.2035719022536, 0.1943233903146, 0, 1, 49.99996484886, 50, 50.00003913711, 0.0004101610793678, 0, 0, 0, 0, 0, 0, 0, 0, 168.9445764562, 165.9946986438, 168.9442578797, 165.9944073651, 168.9429695959, 165.9945530108, 168.9445770101, 165.9946986501, 0, 168.9442585151, 165.9944073714, -0.01139387591937, 0, -0.2148864059585, -0.01059621808752, 0.1828219618777, -0.01059621808752, 0.7755779301101, 0.7762457033104, -0.7991054252766, -0.7987542756911, -0.01175893277554, -0.0112200719384, 0.775725632349, 0.7762799116265, 0, -0.7993045493316, -0.7987200555033, -0, -0, -0, -0, 0.001739700953344, 0.3940852788697, 0.3912380111593, 0.3940169085824, 0, 0.3912192289798, 0.3941536491571
12.2, 0.204819706633, 0.1826184492787, -0.1929299446028, 0.182777164127, 0.04669730019538, 0.0008044474121587, -0.03164433365258, -0.009825874590998, 0, -91.84905957069, -2000, -63.09742973621, 2000, 7604.972022198, 3175.242541691, 7613.620473267, 3184.388950948, 42.26873085133, 6.871303250392, 6.976427918343, 50.48415687682, -238.1695867737, 6.592141852521, 242.7113077218, 4.144606750576, 5406.989581379, 4008.29593056, 5407.50834105, 3936.833710216, 3, 7.10174590492, 79.0637074722, -7.005514154611, -80.6920199268, -0.5571227143293, 1.212791107671, -0.4601200780764, 1.452875901516, 0, 0, 0.2139752421452, -0, -0, -0, -0, -0, 0.2139753053138, 0.0035525701093, 0, 0, 0, 0, 0, -0.005178665860166, 0.003552594883348, -0.02258840592674, -0.005178629746678, 0.02821876702534, -0.005178629746678, 68.57584332531, 68.59957730246, 68.57565021189, 68.59960974868, 169.2901916021, -0.2042311655976, 0.1936669865209, 0, 1, 49.99995795303, 50, 50.00000261896, 0.0002895981567992, 0, 0, 0, 0, 0, 0, 0, 0, 169.2917987132, 166.3419215082, 169.2914794829, 166.3416283839, 169.2901916021, 166.3417749527, 169.2917992934, 166.3419215148, 0, 169.2914800955, 166.3416283906, -0.01138140898971, 0, -0.2155296356763, -0.01066335444517, 0.1821815485314, -0.01066335444517, 0.7755006573331, 0.7761747716483, -0.7991826259524, -0.7988252075082, -0.01183760098576, -0.01128959875911, 0.7756548952044, 0.7762103843858, 0, -0.7993753088626, -0.7987895819041, -0, 5.551115123126e-17, 5.551115123126e-17, 5.551115123126e-17, 0.001739904407826, 0.3940865226525, 0.3912290740158, 0.3940153451425, 0, 0.3912280235844, 0.3941577001625
12.225, 0.2040663400445, 0.1784739597496, -0.1937057428612, 0.1786253048268, 0.04719511556445, 0.001095553561764, -0.03193397170792, -0.008572398855684, 0, -146.5218134519, -2000, -3.583352201396, 2000, 7605.993542406, 3174.843822653, 7612.578435512, 3184.982203386, 40.38800472286, 6.453776585097, 8.861212736373, 51.2375471154, -238.0049937563, 9.757676779811, 242.9562264706, 6.035217038323, 5411.11159782, 4021.451867816, 5403.476044111, 3920.978549574, 3, 7.218989998751, 77.61414142299, -7.084040187114, -78.80376782856, -0.5463676643595, 1.204712204224, -0.4710898069141, 1.464548953821, 0, 0, 0.2139921791406, -0, -0, -0, -0, -0, 0.2139922752545, 0.002168554346053, 0, 0, 0, 0, 0, -0.007281018414006, 0.002168569470983, -0.02366895627234, -0.007280967631684, 0.02714436550175, -0.007280967631684, 68.71649412823, 68.74027658252, 68.71630081649, 68.74030948392, 169.6374132735, -0.2052006120853, 0.1926977332256, 0, 1, 49.99995485435, 50, 49.99998980551, 0.0002347517279331, 0, 0, 0, 0, 0, 0, 0, 0, 169.6390206912, 166.6891421088, 169.6387010765, 166.6888517784, 169.6374132735, 166.6889969528, 169.6390213017, 166.689142118, 0, 169.6387016629, 166.6888517876, -0.01134510902665, 0, -0.2164587487739, -0.01056171719165, 0.1812525908854, -0.01056171719165, 0.7754228381944, 0.7760870163353, -0.7992604120884, -0.7989129696224, -0.01191701928229, -0.01136289702564, 0.7755844508638, 0.7761370832362, 0, -0.7994457626037, -0.7988628772875, -5.551115123126e-17, -5.551115123126e-17, -0, -0, 0.001739922684741, 0.3940892095497, 0.39122085985, 0.3939891365244, 0, 0.3912360595919, 0.394189282575
12.25, 0.205143694078, 0.1763102503418, -0.1926304260754, 0.1764570624372, 0.04710143930171, 0.001128211014886, -0.03225147380092, -0.008895328230378, 0, -162.7217560084, -2000, 17.88645505363, 2000, 7607.288210193, 3174.701404116, 7611.28766686, 3184.845686549, 39.65368084325, 6.633982964045, 9.446552748302, 51.36164851229, -238.3935870946, 10.57347499984, 242.6044506859, 6.570516705821, 5412.522511245, 4029.772635259, 5402.071610821, 3914.196509109, 3, 7.115021427817, 75.61799128195, -6.976790155418, -78.20713702843, -0.5327044642329, 1.20358631555, -0.4847120204702, 1.460561011626, 0, 0, 0.2140125619811, -0, -0, -0, -0, -0, 0.2140126713218, 0.0009700190300635, 0, 0, 0, 0, 0, -0.008375476366128, 0.0009700257969057, -0.0245335575008, -0.008375417939244, 0.02627820975993, -0.008375417939244, 68.8571447012, 68.88097579063, 68.85695168066, 68.8810093384, 169.98463493, -0.2058690953741, 0.1920278623624, 0, 1, 49.99995900861, 50, 50.00002452875, 0.0003518267382808, 0, 0, 0, 0, 0, 0, 0, 0, 169.9862421444, 167.0363629538, 169.985923228, 167.0360743549, 169.98463493, 167.0362186649, 169.9862427791, 167.0363629644, 0, 169.9859237937, 167.0360743655, -0.01127788421754, 0, -0.2170567760755, -0.01049873113674, 0.1806531642341, -0.01049873113674, 0.7753489216431, 0.7760085254555, -0.7993343397047, -0.7989914649309, -0.01199263146949, -0.0114338625459, 0.7755164366371, 0.7760661158198, 0, -0.7995137771176, -0.7989338409116, -0, -0, 5.551115123126e-17, -0, 0.001739896243343, 0.3940876759246, 0.3912180467824, 0.3939725602624, 0, 0.3912388600248, 0.3942027915869
12.275, 0.2037833976496, 0.1875778206703, -0.193973515642, 0.1877427398434, 0.04970760117725, 0.0008605255953704, -0.0310819964846, -0.0115995073111, 0, -184.9271007631, -2000, 37.54766479628, 2000, 7608.471441644, 3175.338890708, 7610.107099779, 3183.523206787, 39.69396618738, 6.311394479832, 9.49653824352, 51.46682687646, -239.2575695363, 8.538182763214, 241.744875034, 5.289510125731, 5411.826751878, 4025.289352577, 5402.783498194, 3924.114499907, 3, 6.499362524302, 79.38648359091, -6.40060465664, -82.9845234715, -0.5201726227601, 1.222264778446, -0.4972164009624, 1.428406747664, 0, 0, 0.214038829619, -0, -0, -0, -0, -0, 0.2140389064004, 0.0001649898352237, 0, 0, 0, 0, 0, -0.00733185666001, 0.0001649909864735, -0.02517878023639, -0.007331805500821, 0.02563337373816, -0.007331805500821, 68.99779427653, 69.02167467705, 68.99760349824, 69.02170886011, 170.331856567, -0.2044441590109, 0.1934532395191, 0, 1, 49.99996012409, 50, 50.00005417722, 0.0005603535270918, 0, 0, 0, 0, 0, 0, 0, 0, 170.3334617797, 167.3835847558, 170.3331472161, 167.3832945408, 170.331856567, 167.3834396576, 170.3334624264, 167.383584765, 0, 170.3331477726, 167.3832945501, -0.01118483921665, 0, -0.2155363647455, -0.01055751849845, 0.1821739923459, -0.01055751849845, 0.7752797027094, 0.7759495240953, -0.7994035567328, -0.7990504620619, -0.01206243685539, -0.01150004058351, 0.7754516239066, 0.7759999395999, 0, -0.7995785903161, -0.7990000207669, -0, -0, -5.551115123126e-17, -0, 0.001739867041654, 0.3940822638527, 0.3912194308459, 0.3939814920879, 0, 0.3912374439173, 0.3941830356175
12.3, 0.2025371140648, 0.1806303946923, -0.1951974504209, 0.1807832432826, 0.04914220047786, 0.0008917077009158, -0.03155070161087, -0.009782095381194, 0, -208.3058012562, -2000, 55.462766556, 2000, 7609.186996746, 3175.363508793, 7609.39360132, 3183.415483166, 38.49728047263, 6.17584874136, 10.72561449026, 51.54615462252, -239.7039042324, 9.428485059985, 241.3471688944, 5.818868884242, 5411.297451456, 4025.821933968, 5403.411782877, 3922.117474089, 3, 6.370732599906, 77.13366249196, -6.320839456624, -79.57357431449, -0.512514090181, 1.225075907315, -0.5048521937227, 1.42325522866, 0, 0, 0.2140920020329, -0, -0, -0, -0, -0, 0.2140920776933, -0.0003079017435696, 0, 0, 0, 0, 0, -0.007515170194914, -0.0003079038930837, -0.0254949754434, -0.00751511773057, 0.02531715943255, -0.00751511773057, 69.13844432264, 69.16237384254, 69.13825470614, 69.16240809774, 170.6790778244, -0.2045753114146, 0.1933226621892, 0, 1, 49.99995533295, 50, 50.00002914582, 0.000565943404519, 0, 0, 0, 0, 0, 0, 0, 0, 170.6806822294, 167.7308051315, 170.6803699976, 167.7305168881, 170.6790778244, 167.7306610193, 170.6806828844, 167.7308051409, 0, 170.6803705472, 167.7305168976, -0.01109063324733, 0, -0.215572108665, -0.01048579430521, 0.1821387778334, -0.01048579430521, 0.7752148573886, 0.7758813871869, -0.7994684020806, -0.7991185999852, -0.01212802829912, -0.01156691698044, 0.7753889380414, 0.7759330630576, 0, -0.7996412758902, -0.7990668970184, 5.551115123126e-17, -0, 5.551115123126e-17, -0, 0.001739758397585, 0.3940837222993, 0.3912204842743, 0.3939804310055, 0, 0.3912361933143, 0.3941870135931
12.325, 0.2050645722196, 0.1731655627336, -0.1927263277392, 0.1733063424853, 0.04828158047678, 0.000999194216474, -0.03233748437402, -0.009461699205483, 0, -159.7948254973, -2000, 20.27480157345, 2000, 7609.735043031, 3175.409771616, 7608.883653727, 3183.26725552, 39.43308350424, 6.935712307022, 9.599886609391, 51.66716230046, -239.3995254255, 10.27888581561, 241.6295844162, 6.409899323515, 5412.212652663, 4025.394554696, 5402.536513958, 3918.67838785, 3, 6.885443594203, 73.30063191137, -6.712754639646, -77.61731387081, -0.5065947509143, 1.228409561637, -0.5103696682595, 1.417508526907, 0, 0, 0.2141949260019, -0, -0, -0, -0, -0, 0.2141950002915, -0.0008563777973547, 0, 0, 0, 0, 0, -0.007733420167676, -0.0008563837816225, -0.02583001364436, -0.00773336612778, 0.02497193698305, -0.00773336612778, 69.27909475631, 69.30307264215, 69.27890540418, 69.30310809125, 171.0262984788, -0.2055614140103, 0.1923327974304, 0, 1, 49.99995923064, 50, 50.0000827504, 0.0008631001274756, 0, 0, 0, 0, 0, 0, 0, 0, 171.0279028436, 168.0780255762, 171.0275921272, 168.0777397875, 171.0262984788, 168.0778826915, 171.0279035099, 168.0780255859, 0, 171.0275926667, 168.0777397972, -0.0109757422391, 0, -0.2164420310662, -0.01039650028634, 0.1812650427706, -0.01039650028634, 0.7751495751209, 0.7758117269223, -0.7995337393135, -0.7991882614955, -0.01219451560368, -0.0116350762229, 0.775325942595, 0.7758649036396, 0, -0.7997042566001, -0.7991350560854, -0, 5.551115123126e-17, -0, -0, 0.001739520473434, 0.3940875731608, 0.3912186601399, 0.3939812821589, 0, 0.3912379379123, 0.3941938641626
12.35, 0.2034519228081, 0.1879449300409, -0.194291199907, 0.1881102455479, 0.05159007930595, 0.0007901823506283, -0.03099335979741, -0.01176699269086, 0, -154.4670590291, -2000, 0.8735548450923, 2000, 7610.271301653, 3176.625352145, 7608.333689614, 3182.186518901, 40.43605485559, 6.409757495142, 8.842200365007, 51.44880294736, -239.5058804109, 8.040559088389, 241.476923693, 4.976200602301, 5413.571203437, 4012.826873692, 5401.188011754, 3927.230862964, 3, 6.522586685741, 79.88770028525, -6.455356360319, -83.1597271455, -0.5007921086335, 1.259133351658, -0.5163136813079, 1.389140024409, 0, 0, 0.2142485618314, -0, -0, -0, -0, -0, 0.214248602797, -0.00147488823765, 0, 0, 0, 0, 0, -0.006202901949666, -0.001474898549158, -0.02643264036829, -0.006202858583088, 0.02437549267852, -0.006202858583088, 69.41974378606, 69.44377075613, 69.41955749774, 69.44380848318, 171.3735196871, -0.2036704992626, 0.1942267313427, 0, 1, 49.99995165713, 50, 50.00003875585, 0.0005747575438094, 0, 0, 0, 0, 0, 0, 0, 0, 171.3751212034, 168.4252474374, 171.3748168794, 168.4249605914, 171.3735196871, 168.4251040221, 171.3751218788, 168.4252474451, 0, 171.3748174119, 168.4249605992, -0.01083651202147, 0, -0.2144095969449, -0.01043496119508, 0.183300426866, -0.01043496119508, 0.7750822545834, 0.775755644132, -0.7996010236003, -0.7992443389769, -0.01226173373469, -0.01170168294891, 0.7752627355714, 0.7757982993758, 0, -0.7997674692768, -0.7992016652736, -5.551115123126e-17, -0, -0, -0, 0.001739582376551, 0.3940915736501, 0.3912159519871, 0.3940063186598, 0, 0.3912406259253, 0.3941768286403
12.375, 0.2051437459193, 0.1925889275557, -0.1926420092302, 0.1927621013698, 0.05251659398756, 0.0005327865354851, -0.01962114618764, 0.006594080019353, 0, -92.20098748218, -1403.212366074, -56.13087063636, 1684.955115765, 7610.813490076, 3177.977503536, 7607.779158514, 3180.931167091, 42.76825644458, 6.38318900096, 6.429003171846, 50.47054533058, -239.5452404411, 5.170133192084, 241.3268202219, 3.206366260192, 5413.479063338, 3999.104082547, 5400.984607077, 3940.858379999, 3, 6.772023407396, 82.4167427149, -6.62273985664, -84.17843505914, -0.4949175724305, 1.293146232739, -0.5223148761594, 1.356646979946, 0, 0, 0.2142287348522, -0, -0, -0, -0, -0, 0.2142287484676, -0.001911532231413, 0, 0, 0, 0, 0, -0.004220902108746, -0.001911545593194, -0.02680546244888, -0.004220872604466, 0.02400361338475, -0.004220872604466, 69.56039333981, 69.58446912864, 69.56020938071, 69.58450909466, 171.7207417264, -0.2023809532776, 0.1955167204771, 0, 1, 49.99994610835, 50, 49.9999843176, 0.0001516672010443, 0, 0, 0, 0, 0, 0, 0, 0, 171.7223404089, 168.7724702977, 171.7220414841, 168.772181828, 171.7207417264, 168.7723260682, 171.7223410892, 168.772470303, 0, 171.7220420126, 168.7721818333, -0.01069461925696, 0, -0.2129767647541, -0.01049403226206, 0.1847337157964, -0.01049403226206, 0.7750174441317, 0.7757039658956, -0.7996658340738, -0.7992960119607, -0.01232676472223, -0.01176699103888, 0.7752004708363, 0.7757329936155, 0, -0.7998297405656, -0.7992669756933, -0, -0, -0, 5.551115123126e-17, 0.001739939575016, 0.3940916697847, 0.3912161343504, 0.3940336561369, 0, 0.3912410321859, 0.3941496834325
12.4, 0.2056112152348, 0.19038388235, -0.1921587678591, 0.1905529739712, 0.05185430723894, 0.00057341984414, -0.0263685748245, 0.01458299459707, 0, -102.0403879201, -1610.467013282, -51.69241568954, 2000, 7611.064270165, 3177.897708701, 7607.473532518, 3181.367872215, 42.45949912123, 6.34405070636, 6.854262826762, 50.50744399924, -239.7128188508, 5.862024636575, 241.1538056268, 3.615080853928, 5412.703964692, 4003.211505916, 5401.521176973, 3937.504440156, 3, 6.720788492821, 82.0362616564, -6.609142654932, -82.50606003938, -0.4920966780743, 1.290886015624, -0.5257092568931, 1.365612654871, 0, 0, 0.2141388623208, -0, -0, -0, -0, -0, 0.2141388803956, -0.002043978527523, 0, 0, 0, 0, 0, -0.00476160606755, -0.00204399280313, -0.02685158406145, -0.004761572811647, 0.02397019906534, -0.004761572811647, 69.70104363132, 69.72516760838, 69.70086075091, 69.72520988529, 172.0679645311, -0.2029038091834, 0.1949964660975, 0, 1, 49.99993659688, 50, 49.99993647866, -0.0001507018610448, 0, 0, 0, 0, 0, 0, 0, 0, 172.0695613496, 169.1196905492, 172.0692649121, 169.1194063184, 172.0679645311, 169.1195484397, 172.0695620324, 169.1196905551, 0, 172.0692654387, 169.1194063243, -0.01057509850197, 0, -0.213379972254, -0.01033982677795, 0.1843331397369, -0.01033982677795, 0.7749562110825, 0.7756325790056, -0.7997270026027, -0.7993674007865, -0.01238846321949, -0.01183465991659, 0.7751395534226, 0.7756653245406, 0, -0.7998906804844, -0.7993346443738, -0, -0, -0, -0, 0.001740461534486, 0.3940909190116, 0.391217678224, 0.3940254737272, 0, 0.3912399634172, 0.3941563642959
12.425, 0.2024307732722, 0.1715594931147, -0.1952754571863, 0.1716968996789, 0.04677418583071, 0.001176035753347, -0.0325876804333, -0.00629774233475, 0, -265.4239023162, -2000, 115.8118103111, 2000, 7610.806806275, 3174.380709879, 7607.701402906, 3184.215501354, 36.48920365446, 5.471954523132, 12.46435056945, 51.62657311122, -240.2158289305, 13.31683221793, 240.8737098666, 8.243469408988, 5412.055455221, 4046.030351541, 5402.134996953, 3903.759608277, 3, 5.676910892084, 74.07542067209, -5.691668047608, -74.30575928628, -0.4946181987003, 1.204723795398, -0.5234998631376, 1.439061069124, 0, 0, 0.2140829451001, -0, -0, -0, -0, -0, 0.2140830678331, -0.001787710546695, 0, 0, 0, 0, 0, -0.01030996009813, -0.001787723025948, -0.02652948435791, -0.01030988812906, 0.02429620775007, -0.01030988812906, 69.84169463075, 69.86586640005, 69.84151147114, 69.8659102376, 172.4151870183, -0.2056238901113, 0.1922764399587, 0, 1, 49.99994538716, 50, 49.99994140127, -0.0001542370862065, 0, 0, 0, 0, 0, 0, 0, 0, 172.4167841591, 169.4669044884, 172.4164863261, 169.4666355135, 172.4151870183, 169.4667700131, 172.4167848421, 169.4669045005, 0, 172.4164868522, 169.4666355256, -0.01050535154463, 0, -0.2160315538199, -0.009784841365938, 0.1816816465052, -0.009784841365938, 0.7748990104929, 0.7755215878967, -0.7997841892177, -0.7994784146343, -0.01244616093255, -0.01190750168778, 0.7750801541064, 0.7755924740793, 0, -0.7999500927199, -0.7994074774548, -0, -0, 5.551115123126e-17, -0, 0.001740650756799, 0.3940818761302, 0.3912189710999, 0.3939401722049, 0, 0.3912387397307, 0.3942235800554
12.45, 0.1989387205672, 0.1567975960516, -0.1986794944031, 0.1569119343906, 0.04094177194, 0.001171810161645, -0.03383805340212, 0.003174296746585, 0, -386.7455420915, -2000, 228.7139937592, 2000, 7610.348068659, 3173.58041833, 7608.11734929, 3185.412522942, 33.16979861996, 5.056311257401, 15.46552099931, 49.49741026016, -240.9986112708, 14.16731185876, 240.1974837556, 8.748507085137, 5409.878020053, 4054.502456413, 5404.66393671, 3893.070888093, 3, 4.350769529717, 71.70143104069, -4.555319923911, -62.82939265849, -0.4992621329672, 1.180062151902, -0.5193112615949, 1.47084841876, 0, 0, 0.21405897182, -0, -0, -0, -0, -0, 0.2140591446312, -0.001123342745567, 0, 0, 0, 0, 0, -0.01169849107422, -0.001123350585393, -0.02605630913607, -0.01169840943071, 0.02476990557921, -0.01169840943071, 69.98234436358, 70.00656540376, 69.98216315577, 70.00660975555, 172.7624090463, -0.2048929736481, 0.1930120998696, 0, 1, 49.99992908831, 50, 49.99970861836, -0.001207517185326, 0, 0, 0, 0, 0, 0, 0, 0, 172.7640045282, 169.8141232525, 172.7637096658, 169.8138605072, 172.7624090463, 169.8139918933, 172.7640051966, 169.8141232659, 0, 172.7637102044, 169.8138605206, -0.01044819589696, 0, -0.2152452541277, -0.009558219941517, 0.1824727082544, -0.009558219941517, 0.7748444073261, 0.7754475843785, -0.7998388112902, -0.7995524265347, -0.01249965541371, -0.01197195866043, 0.7750223220759, 0.7755280139671, 0, -0.8000079471911, -0.7994719312879, 5.551115123126e-17, -0, -0, -0, 0.00174052753021, 0.3940840820801, 0.3912233101024, 0.3939232936688, 0, 0.3912337006176, 0.3942448704914
12.475, 0.202490057338, 0.1594459071879, -0.1951493353878, 0.1595644184179, 0.04011153273615, 0.001146095464, -0.03398642921563, -0.001111712184639, 0, -332.8007979279, -2000, 174.434594496, 2000, 7609.754922145, 3172.662103223, 7608.744030534, 3185.912514813, 34.78804618511, 5.070276009089, 13.92260302426, 50.63804368933, -241.32024839, 14.2691618185, 239.8652773097, 8.828141681375, 5405.809391776, 4056.401200703, 5409.174173089, 3890.292867174, 3, 4.557897563547, 70.24267403511, -4.710662690517, -66.33349302663, -0.5053469357055, 1.156720434453, -0.5128797102391, 1.486354292141, 0, 0, 0.2141639687349, -0, -0, -0, -0, -0, 0.2141641703109, -4.947817732664e-05, 0, 0, 0, 0, 0, -0.01203740314912, -4.947852297442e-05, -0.02506313207794, -0.0120373190579, 0.02576560076012, -0.0120373190579, 70.12299542315, 70.14726414444, 70.12281319985, 70.14730970481, 173.1096296294, -0.2061359105757, 0.191765780799, 0, 1, 49.99994172334, 50, 49.99985633831, -0.0003205334357315, 0, 0, 0, 0, 0, 0, 0, 0, 173.1112265082, 170.1613424656, 173.1109302912, 170.161083411, 173.1096296294, 170.1612129519, 173.1112271548, 170.1613424792, 0, 173.1109308478, 170.1610834246, -0.0104282798327, 0, -0.2164719480336, -0.009423958172647, 0.1812425322446, -0.009423958172647, 0.7747940879607, 0.7753848091958, -0.7998890962471, -0.7996152042585, -0.01254966444639, -0.01203240388736, 0.774965224743, 0.775467568081, 0, -0.8000650270067, -0.7995323758557, 5.551115123126e-17, -0, -0, -0, 0.001739917021843, 0.3940849573708, 0.3912314179641, 0.3939195108271, 0, 0.3912247130855, 0.3942504039144
12.5, 0.2022920413268, 0.1587453162504, -0.1953384189918, 0.1588631647556, 0.03806583792945, 0.001160058335376, -0.03419975800781, -0.0007166150311246, 0, -341.364433406, -2000, 182.2876907436, 2000, 7608.701428872, 3171.788382506, 7609.858272151, 3186.817676381, 34.52579561213, 5.091657310543, 14.11935118608, 50.54374100981, -241.4158139903, 14.53492445661, 239.7891114538, 8.994894174007, 5402.85330276, 4057.60053182, 5412.255025471, 3883.982772749, 3, 4.443151781171, 69.99476881829, -4.610680896159, -65.74993633514, -0.5162940195979, 1.132271262309, -0.5012988654928, 1.511434260857, 0, 0, 0.2142652789893, -0, -0, -0, -0, -0, 0.2142655213388, 0.0012075699444, 0, 0, 0, 0, 0, -0.0125815901368, 0.001207578388302, -0.02406028880931, -0.01258150216077, 0.02675496813752, -0.01258150216077, 70.26364605317, 70.28796290427, 70.26346356448, 70.28800952383, 173.4568502167, -0.2061758787375, 0.1917241698784, 0, 1, 49.99994008909, 50, 49.99984185362, -0.000405724893517, 0, 0, 0, 0, 0, 0, 0, 0, 173.4584480268, 170.5085620582, 173.4581513332, 170.5083064281, 173.4568502167, 170.5084342572, 173.4584486477, 170.5085620722, 0, 173.4581519109, 170.5083064422, -0.01044990190349, 0, -0.2165372439655, -0.009299380112381, 0.1811755566671, -0.009299380112381, 0.7747431528824, 0.7753211496689, -0.7999400987743, -0.7996788675587, -0.01259932334511, -0.01209232124812, 0.7749074444946, 0.7754076493931, 0, -0.8001227821931, -0.7995922918893, -0, -0, -0, -0, 0.001739478514161, 0.3940900469682, 0.3912373095226, 0.3939171209175, 0, 0.3912185728338, 0.3942629730189
12.525, 0.1984443531476, 0.1599540793803, -0.1991722345406, 0.1600740691082, 0.03666095892098, 0.0009981019645807, -0.03364166248301, 0.001299290027788, 0, -388.6707462161, -2000, 229.4494562879, 2000, 7607.389281629, 3172.031494174, 7611.213502637, 3186.978827419, 33.32437489449, 5.174868502723, 15.2138496325, 49.52938651568, -241.4432777852, 12.72829149983, 239.7761122896, 7.784061652554, 5400.56787554, 4046.874012663, 5414.22503201, 3889.912913399, 3, 4.0924478518, 71.81120602909, -4.293178215906, -64.75997612375, -0.5299996145456, 1.134527968678, -0.4871420980319, 1.516969477794, 0, 0, 0.2142807416196, -0, -0, -0, -0, -0, 0.214280962617, 0.002533852431969, 0, 0, 0, 0, 0, -0.01137452894632, 0.002533870152424, -0.02314475545368, -0.01137444939913, 0.0276511880559, -0.01137444939913, 70.40429626074, 70.42866250535, 70.40411458388, 70.42870886894, 173.8040717544, -0.2046047401443, 0.1932962425557, 0, 1, 49.99992963988, 50, 49.99974481745, -0.001049950237216, 0, 0, 0, 0, 0, 0, 0, 0, 173.8056691038, 170.8557846179, 173.8053735436, 170.8555276442, 173.8040717544, 170.8556561439, 173.805669697, 170.8557846307, 0, 173.8053741456, 170.855527657, -0.01050381183915, 0, -0.2150234201061, -0.009348259548259, 0.1826903736457, -0.009348259548259, 0.7746902437928, 0.7752723348835, -0.7999931256183, -0.7997276751889, -0.01265002422052, -0.01214943382026, 0.7748482856955, 0.7753505401799, 0, -0.8001819265331, -0.7996494078204, -0, -0, -0, -5.551115123126e-17, 0.001739567573124, 0.3940948259732, 0.3912418647414, 0.39393849022, 0, 0.391214645613, 0.3942511617263
12.55, 0.2010279498695, 0.151134805215, -0.1965484143887, 0.1512427697192, 0.03334831410909, 0.001211452153067, -0.03478672044737, 0.002007277625816, 0, -366.5912087855, -2000, 203.4130517049, 2000, 7606.06540411, 3170.591300544, 7612.531530802, 3188.356451521, 33.53793873247, 5.343614213936, 14.95040693387, 49.74115019594, -241.0993913112, 14.74023647923, 240.0856729172, 9.137841975691, 5398.202901767, 4058.463665816, 5416.109884813, 3882.181414642, 3, 4.295715946575, 67.97313962357, -4.576054339017, -61.58259986258, -0.5438786060446, 1.096803977963, -0.4733236317887, 1.553795420353, 0, 0, 0.2142049319382, -0, -0, -0, -0, -0, 0.2142052285251, 0.003844882155213, 0, 0, 0, 0, 0, -0.0127746783204, 0.00384490902531, -0.02203028399761, -0.01277458904448, 0.02877172017449, -0.01277458904448, 70.54494851521, 70.56936245023, 70.54476395909, 70.56940823799, 174.1512943761, -0.2063586541962, 0.1915416046129, 0, 1, 49.99993151042, 50, 49.99974888492, -0.001197691164252, 0, 0, 0, 0, 0, 0, 0, 0, 174.1528938926, 171.2030051907, 174.1525929689, 171.2027512913, 174.1512943761, 171.2028782551, 174.152894462, 171.2030052048, 0, 174.1525935888, 171.2027513054, -0.01061415387715, 0, -0.2168918827408, -0.009236420721804, 0.1808212298587, -0.009236420721804, 0.7746366683913, 0.7752024746171, -0.8000466577026, -0.7997975440649, -0.01270281168163, -0.01220966873465, 0.7747871020181, 0.7752903014593, 0, -0.8002431076883, -0.7997096389286, 5.551115123126e-17, -0, 5.551115123126e-17, -0, 0.001740074267857, 0.3940909811605, 0.3912465788443, 0.3939154012334, 0, 0.3912108871594, 0.3942665610876
12.575, 0.1968290614427, 0.1574173121741, -0.2007731771146, 0.1575349890419, 0.03478367531531, 0.001107072627465, -0.03330859596817, 0.001074371151334, 0, -406.2896081942, -2000, 244.6060710507, 2000, 7604.934612201, 3171.129461038, 7613.605890495, 3187.493491635, 32.98782237068, 4.968305255056, 15.54406501183, 49.69090212779, -240.5882025615, 12.9598332064, 240.588773574, 7.933801361126, 5398.329834713, 4049.016303289, 5415.766266254, 3900.348503436, 3, 3.734020670401, 71.11234336765, -3.973352586327, -64.4469612643, -0.5557778154084, 1.109940631683, -0.4620163135333, 1.534286588724, 0, 0, 0.2140882234212, -0, -0, -0, -0, -0, 0.2140884556846, 0.004658789349537, 0, 0, 0, 0, 0, -0.01077353676664, 0.004658821872185, -0.02154574907848, -0.01077346155778, 0.02925812842432, -0.01077346155778, 70.68559942814, 70.71006248061, 70.68541486399, 70.71010729545, 174.4985174943, -0.2049570424025, 0.1929468135192, 0, 1, 49.99992915868, 50, 49.99974169149, -0.001248542165963, 0, 0, 0, 0, 0, 0, 0, 0, 174.5001163916, 171.5502298946, 174.4998151121, 171.5499704292, 174.4985174943, 171.5501001741, 174.5001169452, 171.5502299068, 0, 174.4998157471, 171.5499704414, -0.01071412439588, 0, -0.2155920843425, -0.009438902196742, 0.1821247190423, -0.009438902196742, 0.7745749755846, 0.7751578797112, -0.8001083634463, -0.7998421267597, -0.01276277516007, -0.01226802329335, 0.7747221004861, 0.7752319520991, 0, -0.8003081349063, -0.7997679986858, -0, 5.551115123126e-17, -0, -0, 0.001740583135747, 0.3940822990028, 0.391246327248, 0.3939342235075, 0, 0.3912115699766, 0.394230374498
12.6, 0.1974505515667, 0.158673652845, -0.2001245800792, 0.1587936502862, 0.03406242498262, 0.001255306310049, -0.03344796029944, -0.0005632411909996, 0, -395.8182844112, -2000, 232.6367768716, 2000, 7604.066713369, 3170.38413777, 7614.424909643, 3188.371999994, 33.33699041035, 5.339993768314, 15.2726914017, 50.18227490608, -240.0386145952, 13.97573686464, 241.1376150395, 8.614562765473, 5399.033901075, 4057.42340185, 5415.284915507, 3893.844274887, 3, 4.258063183997, 70.87160429723, -4.553111695766, -65.90424781242, -0.5649541416504, 1.088621833228, -0.4533541549004, 1.558140699478, 0, 0, 0.2140261072232, -0, -0, -0, -0, -0, 0.2140263899879, 0.00522102637288, 0, 0, 0, 0, 0, -0.01185411857066, 0.005221062799314, -0.02114934179623, -0.01185403586635, 0.02966970709167, -0.01185403586635, 70.82625129395, 70.85076248805, 70.82606465663, 70.8508066157, 174.8457399132, -0.2052724910603, 0.192631542401, 0, 1, 49.99993180849, 50, 49.99980273613, -0.0007577450383564, 0, 0, 0, 0, 0, 0, 0, 0, 174.8473404464, 171.8974521702, 174.8470350486, 171.8971926191, 174.8457399132, 171.8973224081, 174.847340991, 171.8974521837, 0, 174.8470356909, 171.8971926325, -0.01085273556308, 0, -0.2160476488747, -0.009442022664801, 0.1816693289525, -0.009442022664801, 0.7745104680822, 0.7750874083794, -0.8001727836859, -0.7999126039427, -0.0128265266916, -0.01233106571657, 0.7746548855992, 0.7751689067361, 0, -0.8003753658636, -0.7998310381692, -0, -0, -0, -5.551115123126e-17, 0.001740616905037, 0.3940804022464, 0.391244925734, 0.3939174748326, 0, 0.3912125273973, 0.3942433296602
12.625, 0.2005794392445, 0.1530157853927, -0.1970338594229, 0.1531276562665, 0.03196896472872, 0.00140451130303, -0.03457781426737, 0.001332647274738, 0, -362.7339029555, -2000, 204.5409012028, 2000, 7603.510171763, 3169.582686451, 7614.970861961, 3189.657214615, 33.69152334035, 5.111056573517, 14.84724153988, 50.22740244586, -239.9074149077, 15.49781954062, 241.2883843127, 9.626076608251, 5398.426731233, 4065.132547868, 5416.341755223, 3881.215425896, 3, 4.674752138447, 68.86575857356, -4.886573306189, -63.05052448683, -0.5708857626705, 1.065686166321, -0.4475359139595, 1.59068859001, 0, 0, 0.2140355462705, -0, -0, -0, -0, -0, 0.2140359017604, 0.005764978063808, 0, 0, 0, 0, 0, -0.01332795574008, 0.005765018288871, -0.02064216302729, -0.01332786274478, 0.0301874107143, -0.01332786274478, 70.96690366542, 70.99146268093, 70.96671361207, 70.99150551938, 175.1929614668, -0.2068245617263, 0.1910781462213, 0, 1, 49.99993272663, 50, 49.99979045567, -0.0007590652868298, 0, 0, 0, 0, 0, 0, 0, 0, 175.1945654106, 172.2446743353, 175.1942533227, 172.2444148763, 175.1929614668, 172.2445446209, 175.1945659463, 172.2446743504, 0, 175.19425397, 172.2444148914, -0.01101636206749, 0, -0.2177652473934, -0.009438668699435, 0.1799503575583, -0.009438668699435, 0.774446196865, 0.7750145640187, -0.8002369824679, -0.7999854572217, -0.01289076649088, -0.01239377641466, 0.77458715155, 0.7751061915941, 0, -0.8004430983909, -0.7998937444234, -0, -0, -0, -5.551115123126e-17, 0.001740226070109, 0.3940853001212, 0.3912461364987, 0.3939021157417, 0, 0.3912104202928, 0.3942684845006
12.65, 0.2007440639698, 0.1575033948748, -0.1969106718447, 0.1576219269898, 0.03295722064438, 0.001325631578701, -0.0340882985474, -0.0003926991913797, 0, -350.2318110968, -2000, 193.2665348406, 2000, 7603.166809114, 3169.755799164, 7615.35578927, 3189.458859384, 34.22263997645, 5.07331823208, 14.37453556962, 50.40948996479, -239.8610690908, 14.54866209336, 241.3426667607, 8.995962344652, 5397.812983934, 4059.313580674, 5417.228943802, 3884.624853039, 3, 4.79239770332, 70.15058361675, -4.915291396114, -65.65687882359, -0.5745912045326, 1.06945304902, -0.4433962007354, 1.586915404725, 0, 0, 0.2140917554657, -0, -0, -0, -0, -0, 0.2140920882716, 0.006159516792792, 0, 0, 0, 0, 0, -0.01265920006726, 0.006159559793321, -0.02033684704436, -0.01265911169179, 0.03048488469286, -0.01265911169179, 71.10755522994, 71.13216281983, 71.10736320991, 71.13220408215, 175.5401825353, -0.2067011282866, 0.1912001693721, 0, 1, 49.99993514004, 50, 49.99982619251, -0.0005629606819415, 0, 0, 0, 0, 0, 0, 0, 0, 175.5417888696, 172.5918982328, 175.5414727699, 172.5916338786, 175.5401825353, 172.5917660703, 175.5417893974, 172.5918982474, 0, 175.5414734235, 172.5916338932, -0.01117001469963, 0, -0.2177965865558, -0.009616750852614, 0.1799175891249, -0.009616750852614, 0.7743797039671, 0.774958855182, -0.8003035102337, -0.8000411610754, -0.01295680494287, -0.01245408195687, 0.7745185742404, 0.7750458877293, 0, -0.8005116563323, -0.7999540516431, -0, -0, -0, -0, 0.001739738126941, 0.3940877011045, 0.3912473598483, 0.3939137083522, 0, 0.3912086519097, 0.3942616938569
12.675, 0.1964813340177, 0.1481158642885, -0.2012000702809, 0.1482207424672, 0.03072054752697, 0.001110112579444, -0.03403558453754, -0.0008648103807611, 0, -395.7751144668, -2000, 237.4205885744, 2000, 7602.839953237, 3170.688188888, 7615.73684726, 3188.774142953, 33.28367314307, 8.52566072919, 15.76121349271, 49.17498571592, -239.8437316272, 11.87688145442, 241.3717442982, 7.556501664331, 5398.033557404, 4046.290495585, 5416.88903684, 3894.321992522, 3, 4.324836127055, 64.83528568875, -4.400715280407, -62.85447428308, -0.5781309700431, 1.0911644634, -0.4392873998935, 1.570081146439, 0, 0, 0.2141120009186, -0, -0, -0, -0, -0, 0.2141122688768, 0.006404179311717, 0, 0, 0, 0, 0, -0.01101272944393, 0.006404224028728, -0.02032837109688, -0.01101265254818, 0.03047157236822, -0.01101265254818, 71.24820567332, 71.27286317514, 71.24801398725, 71.27290230448, 175.8874040056, -0.2040669036867, 0.1938349133539, 0, 1, 49.99992570991, 50, 49.99987631685, -0.0002506921471118, 0, 0, 0, 0, 0, 0, 0, 0, 175.8890105572, 172.9391235824, 175.8886942973, 172.9388518934, 175.8874040056, 172.9389877509, 175.8890110788, 172.9391235954, 0, 175.8886949596, 172.9388519065, -0.01131851299285, 0, -0.2153108663231, -0.009883576249913, 0.1824038929183, -0.009883576249913, 0.7743104659595, 0.7749105476748, -0.8003728774522, -0.8000894579849, -0.01302461555241, -0.01251370808507, 0.7744492782216, 0.7749862656518, 0, -0.8005809329879, -0.8000136818219, -5.551115123126e-17, -0, -0, 5.551115123126e-17, 0.001739573074873, 0.3940910161387, 0.3912469204795, 0.3939396530906, 0, 0.3912093290635, 0.3942423791867
12.7, 0.2004806300339, 0.1566524148614, -0.1971629324008, 0.1567698295748, 0.03290529041374, 0.001334197784694, -0.03412366420169, -0.0002316364287264, 0, -352.826369411, -2000, 195.545656133, 2000, 7602.649317015, 3169.436207545, 7615.970182313, 3189.507763421, 34.12719826141, 5.088793419594, 14.44476046649, 50.28397042901, -239.6848418167, 14.43979514482, 241.5097366058, 8.926861940135, 5397.713385459, 4059.653534935, 5416.953675523, 3884.923479953, 3, 4.842040619283, 69.95390875209, -4.983148417967, -65.34369242468, -0.5802453574, 1.060914512062, -0.4367228993084, 1.590443406797, 0, 0, 0.2141306954983, -0, -0, -0, -0, -0, 0.2141310361471, 0.006595346431336, 0, 0, 0, 0, 0, -0.01266219497576, 0.006595392491209, -0.02002376231103, -0.01266210654722, 0.03077363982095, -0.01266210654722, 71.38885858731, 71.41356327353, 71.38866242411, 71.4136008578, 176.2346255637, -0.2066722617398, 0.1912264641249, 0, 1, 49.99993509137, 50, 49.99981374573, -0.000694632566693, 0, 0, 0, 0, 0, 0, 0, 0, 176.2362364798, 173.2863451642, 176.23591176, 173.2860729807, 176.2346255637, 173.2862090875, 176.2362370003, 173.2863451792, 0, 176.2359124187, 173.2860729958, -0.01148996411067, 0, -0.2180888254262, -0.009901563427591, 0.1796228359637, -0.009901563427591, 0.7742428079148, 0.7748353673517, -0.8004405297362, -0.8001646475903, -0.01309309109201, -0.01257754867111, 0.7743795403541, 0.7749224203392, 0, -0.8006506477081, -0.8000775176814, -0, -5.551115123126e-17, -0, -0, 0.001739603131444, 0.394087065063, 0.3912475590047, 0.3939130311479, 0, 0.3912091991988, 0.394261098978
12.725, 0.1993194813939, 0.1500716929632, -0.1982731856345, 0.1501795713625, 0.03178835270866, 0.001407089237346, -0.03468388922122, 0.002822166945773, 0, -379.9050699666, -2000, 218.4860841071, 2000, 7602.497165163, 3169.158475467, 7616.115104551, 3189.764002615, 33.31562735944, 5.025760599343, 15.15804509432, 49.75116108444, -239.6151524899, 15.17531096869, 241.5859723135, 9.413446417209, 5398.403406173, 4063.519036716, 5416.104446093, 3881.908556879, 3, 4.656325495169, 68.61767448579, -4.907379505081, -61.22918617662, -0.5819558862697, 1.053565449556, -0.4350857332739, 1.597105520674, 0, 0, 0.2141170959757, -0, -0, -0, -0, -0, 0.2141174594057, 0.006606291785884, 0, 0, 0, 0, 0, -0.01316079995819, 0.006606337916336, -0.02006613234548, -0.01316070805921, 0.03072991023528, -0.01316070805921, 71.52951012787, 71.55426351414, 71.52931228403, 71.55429923749, 176.5818474558, -0.2064006971977, 0.1914992257284, 0, 1, 49.99992997325, 50, 49.99973858685, -0.001072368754926, 0, 0, 0, 0, 0, 0, 0, 0, 176.5834601557, 173.6335683578, 176.5831316774, 173.6332930898, 176.5818474558, 173.6334307397, 176.583460677, 173.6335683736, 0, 176.5831323356, 173.6332931057, -0.01164481161736, 0, -0.2179719527005, -0.01001377415154, 0.1797409225336, -0.01001377415154, 0.7741721306865, 0.7747685802813, -0.8005112186633, -0.8002314372133, -0.01316347263019, -0.01264090777302, 0.7743091519696, 0.7748590594249, 0, -0.8007210389618, -0.800140874971, -0, -0, -0, -0, 0.00173979803316, 0.3940862171002, 0.3912461843603, 0.3939053301729, 0, 0.391210891051, 0.3942671040276
12.75, 0.1999241627546, 0.1494673702107, -0.1976657324672, 0.1495742734179, 0.03176902444939, 0.001458893922562, -0.03497524289462, 0.003396442672516, 0, -376.2992241152, -2000, 215.8534805026, 2000, 7602.501669345, 3168.944063174, 7616.087667734, 3190.177580001, 33.21639868854, 4.979262330418, 15.26893527388, 49.82892680809, -239.6297601635, 15.78538059927, 241.5686874994, 9.812084732565, 5398.964985137, 4067.444245805, 5415.550774592, 3876.212596191, 3, 4.78190659811, 68.57371310006, -5.039666970264, -60.66677964314, -0.5820199390355, 1.04695074648, -0.4352599504471, 1.607309419143, 0, 0, 0.2141143277621, -0, -0, -0, -0, -0, 0.2141147222849, 0.006520722211999, 0, 0, 0, 0, 0, -0.01385801900441, 0.006520767743758, -0.02013780207238, -0.01385792223938, 0.03066426965983, -0.01385792223938, 71.67016189742, 71.69496371693, 71.66996189392, 71.69499802953, 176.9290691893, -0.2066735004851, 0.1912269999659, 0, 1, 49.99992802017, 50, 49.99972625308, -0.001107415980675, 0, 0, 0, 0, 0, 0, 0, 0, 176.9306840744, 173.9807915793, 176.930351185, 173.9805136994, 176.9290691893, 173.9806526562, 176.9306845986, 173.9807915961, 0, 176.9303518403, 173.9805137163, -0.01179137858975, 0, -0.2183910580673, -0.01010878937372, 0.1793223744888, -0.01010878937372, 0.7741009863002, 0.7746996810189, -0.8005823297881, -0.8003003405359, -0.01323470324469, -0.01270501312882, 0.7742384965819, 0.7747949515804, 0, -0.8007917024954, -0.800204977838, -0, -0, 5.551115123126e-17, -5.551115123126e-17, 0.001739909188301, 0.3940879796663, 0.3912450655054, 0.3938975099013, 0, 0.3912119942222, 0.3942784494312
12.775, 0.1986617263501, 0.1540554769219, -0.1989611479722, 0.1541687383262, 0.03353606841387, 0.001321576199098, -0.03438266269894, 0.002965455467849, 0, -374.5798581177, -2000, 216.717528902, 2000, 7602.620390593, 3169.572267328, 7615.948614197, 3189.471730924, 33.39929841921, 4.846773287648, 15.11084123856, 49.57017983518, -239.7134029822, 14.34011203363, 241.4838372569, 8.843155460967, 5399.401537526, 4059.768934984, 5415.226335268, 3883.720794408, 3, 4.872862457512, 70.67068777298, -5.066166769158, -62.4676865102, -0.5808749049385, 1.063214221465, -0.4366174788772, 1.589367402676, 0, 0, 0.2141339844505, -0, -0, -0, -0, -0, 0.2141343254799, 0.006377063998048, 0, 0, 0, 0, 0, -0.0127577129261, 0.006377108534872, -0.0203169402175, -0.01275762382775, 0.03048842929726, -0.01275762382775, 71.81081300365, 71.83566380803, 71.81061208926, 71.83569665186, 177.2762906978, -0.205720105043, 0.1921813901855, 0, 1, 49.99992743702, 50, 49.99971982515, -0.0011385303574, 0, 0, 0, 0, 0, 0, 0, 0, 177.2779067303, 174.3280161985, 177.2775718075, 174.3277320914, 177.2762906978, 174.3278741608, 177.2779072571, 174.3280162143, 0, 177.277572462, 174.3277321073, -0.01191425736878, 0, -0.2175598588003, -0.01033532325501, 0.1801545392872, -0.01033532325501, 0.7740291131638, 0.7746449322169, -0.8006541892714, -0.8003550812019, -0.01330629575836, -0.01276732582431, 0.7741678463833, 0.7747326418419, 0, -0.8008623616921, -0.8002672934905, -0, -0, -0, -0, 0.001739904205596, 0.3940881478709, 0.3912441954474, 0.3939128011217, 0, 0.3912126411563, 0.3942634946201
12.8, 0.2001997479242, 0.1495316386652, -0.1973948321352, 0.1496382238186, 0.03251973781192, 0.00138625891962, -0.03500574512797, 0.003471499427427, 0, -376.1861871176, -2000, 215.8719374031, 2000, 7602.714750769, 3169.076583963, 7615.848823986, 3189.976863173, 33.29568681238, 4.922497062814, 15.16813679083, 49.67567041521, -239.9024744708, 15.29484660968, 241.3015786563, 9.478782562479, 5399.176133922, 4065.882925152, 5415.495468509, 3876.521535025, 3, 4.744284231162, 68.51868271909, -4.993481122864, -60.56115449459, -0.5799798853555, 1.050443693681, -0.4375685842582, 1.602204562841, 0, 0, 0.2141546094312, -0, -0, -0, -0, -0, 0.214154994101, 0.006343574946155, 0, 0, 0, 0, 0, -0.01372248660857, 0.006343619257629, -0.02029052089724, -0.01372239075386, 0.03051843481075, -0.01372239075386, 71.95146486623, 71.97636402026, 71.95126153981, 71.9763954338, 177.6235121794, -0.2065322694154, 0.1913689752072, 0, 1, 49.99992917407, 50, 49.99972599962, -0.001118098358704, 0, 0, 0, 0, 0, 0, 0, 0, 177.6251307643, 174.6752386004, 177.6247910179, 174.6749530066, 177.6235121794, 174.6750958206, 177.6251312927, 174.6752386175, 0, 177.6247916697, 174.6749530237, -0.01204647883457, 0, -0.2185043420565, -0.01038940848744, 0.1792097742193, -0.01038940848744, 0.7739592506849, 0.7745736008588, -0.8007240278303, -0.8004264184195, -0.01337651059032, -0.01283202405549, 0.7740978036517, 0.7746679404121, 0, -0.8009324048513, -0.8003319885231, 5.551115123126e-17, 5.551115123126e-17, -0, 5.551115123126e-17, 0.001739889207026, 0.3940892272829, 0.3912446445224, 0.393900620326, 0, 0.3912121049253, 0.3942778342397
12.825, 0.1951877471147, 0.1030104723338, -0.2024243593995, 0.103061228585, 0.02185614037062, 0.0009468820184088, -0.03806917361445, 0.006918791192703, 0, -409.040472876, -2000, 247.6036208918, 2000, 7602.853247966, 3170.667511235, 7615.713032487, 3188.02934579, 31.90168010594, 13.68011158253, 16.83758986814, 43.59698129678, -240.1156670089, 9.906964261366, 241.1122158833, 6.983993636723, 5399.798330475, 4045.875333228, 5414.855901067, 3898.814032696, 3, 3.535573126265, 46.71907180966, -3.753907547657, -42.31826434859, -0.5786117086487, 1.091468122707, -0.4389082859074, 1.55412219653, 0, 0, 0.2141789329516, -0, -0, -0, -0, -0, 0.2141791834518, 0.006168361657136, 0, 0, 0, 0, 0, -0.01065711835097, 0.00616840475449, -0.02076161664769, -0.01065704389174, 0.0300362742647, -0.01065704389174, 72.0921139466, 72.11706406352, 72.09191378257, 72.11709413522, 177.9707336618, -0.2010092256687, 0.1968935355776, 0, 1, 49.99992961596, 50, 49.99981718641, -0.0005940861251026, 0, 0, 0, 0, 0, 0, 0, 0, 177.9723497191, 175.0224647647, 177.9720153545, 175.0221693137, 177.9707336618, 175.022317053, 177.9723502463, 175.0224647785, 0, 177.9720160154, 175.0221693275, -0.01213428763464, 0, -0.2130672995294, -0.01074799612331, 0.1846483539996, -0.01074799612331, 0.7738854844454, 0.7745338153523, -0.8007978741919, -0.8004661841807, -0.01344828736354, -0.01289288404201, 0.7740272538711, 0.77460708848, 0, -0.8010029596721, -0.800392856564, -0, -0, -0, -0, 0.001739892847873, 0.394086955966, 0.3912434039347, 0.3939404805696, 0, 0.3912133807036, 0.3942334313624
12.85, 0.1988411106376, 0.1567011186779, -0.1987571312209, 0.1568176543413, 0.03475232519813, 0.001239533625058, -0.034133601062, 0.001300193460439, 0, -388.8645954612, -2000, 228.3553679757, 2000, 7602.8825436, 3169.51751242, 7615.681520614, 3189.344894355, 33.29195926985, 5.057579422781, 15.26019121927, 49.79231592446, -240.1519776812, 13.94667639761, 241.0490151896, 8.567799709817, 5399.396228835, 4060.527599058, 5415.193285254, 3882.174070043, 3, 4.646465523872, 70.82187423774, -4.890426705825, -64.11236844779, -0.5783838006998, 1.061546432695, -0.4391590510423, 1.587214150671, 0, 0, 0.2141850858262, -0, -0, -0, -0, -0, 0.2141854310017, 0.006192343823454, 0, 0, 0, 0, 0, -0.01292477797088, 0.006192387090853, -0.02047494425089, -0.01292468766268, 0.03033044878292, -0.01292468766268, 72.23276727049, 72.25776390762, 72.23256180128, 72.257793279, 178.3179553007, -0.2055728350506, 0.1923289417315, 0, 1, 49.99992952588, 50, 49.99975774387, -0.0009375178739582, 0, 0, 0, 0, 0, 0, 0, 0, 178.319576311, 175.3696857251, 178.3192321281, 175.3693921502, 178.3179553007, 175.3695389542, 178.3195768423, 175.3696857417, 0, 178.3192327786, 175.3693921668, -0.01225790502266, 0, -0.2177556275861, -0.01067974783257, 0.1799590079232, -0.01067974783257, 0.7738174551499, 0.7744509832502, -0.8008658482363, -0.8005490294615, -0.01351801769612, -0.01296012517279, 0.7739572672941, 0.7745398411107, 0, -0.8010729420165, -0.8004600914562, -5.551115123126e-17, 5.551115123126e-17, -0, -0, 0.001739968900281, 0.3940889325339, 0.3912442056384, 0.3939112895813, 0, 0.3912127075655, 0.3942665754866
12.875, 0.2016178192059, 0.161457182926, -0.1960057010047, 0.1615806794834, 0.03568978840886, 0.001162200778455, -0.03398272810864, -0.001638310727012, 0, -343.2809893597, -2000, 185.8957050662, 2000, 7602.917017861, 3169.713383584, 7615.636965548, 3189.44613008, 34.59634627402, 5.224887979977, 14.07252676878, 50.41657306125, -240.3405624454, 13.32078266038, 240.8212801271, 8.165139924702, 5398.204866484, 4058.34459231, 5416.257619933, 3882.765508845, 3, 4.983974051573, 71.23405206245, -5.167350570893, -67.52203643179, -0.5780975335126, 1.065476705948, -0.4395509882153, 1.589376412768, 0, 0, 0.2141532638603, -0, -0, -0, -0, -0, 0.2141536025243, 0.006329102042447, 0, 0, 0, 0, 0, -0.01272372169547, 0.006329146252268, -0.02029336224854, -0.01272363281852, 0.0305198732019, -0.01272363281852, 72.37341919748, 72.39846431019, 72.37321136012, 72.39849237451, 178.6651773505, -0.2063512448399, 0.1915492115647, 0, 1, 49.99993270856, 50, 49.99982939449, -0.0006531228935165, 0, 0, 0, 0, 0, 0, 0, 0, 178.6668002864, 175.716909581, 178.6664518247, 175.7166128367, 178.6651773505, 175.7167612254, 178.6668008152, 175.7169095975, 0, 178.666452476, 175.7166128532, -0.01236729857668, 0, -0.2186441258262, -0.01079504546324, 0.1790691874083, -0.01079504546324, 0.7737490858528, 0.7743885931412, -0.8009341652571, -0.8006114177395, -0.01358666604149, -0.01302389689952, 0.7738876589057, 0.7744760697055, 0, -0.8011425512922, -0.8005238635045, -5.551115123126e-17, -0, -0, -0, 0.001740147488792, 0.3940905180705, 0.3912465793111, 0.3939156385096, 0, 0.3912105866904, 0.3942653976313
12.9, 0.1960003053412, 0.1272381020898, -0.2016373538065, 0.12731496399, 0.02836300796542, 0.0008762141320667, -0.03572661419501, 0.00437806620302, 0, -414.3286994976, -2000, 252.2112062022, 2000, 7602.806327233, 3171.047946586, 7615.707758477, 3188.103645791, 32.33703162055, 10.21368153729, 16.35300683466, 46.17703591133, -240.5374847411, 9.899241938927, 240.6656130117, 6.535652454135, 5398.30270583, 4042.561557514, 5416.075022249, 3902.538169595, 3, 3.462197294766, 57.24243869718, -3.633718219447, -52.4190150066, -0.5793307340719, 1.100159781299, -0.4387376961635, 1.55496336166, 0, 0, 0.2140677901073, -0, -0, -0, -0, -0, 0.214068024574, 0.006392878475767, 0, 0, 0, 0, 0, -0.0101471005788, 0.006392923095439, -0.02047595876734, -0.01014702975654, 0.03033197300575, -0.01014702975654, 72.51406905087, 72.53916501806, 72.51386316425, 72.539190852, 179.0124000615, -0.2027316647294, 0.1951732528636, 0, 1, 49.99992761526, 50, 49.99978889888, -0.0009631706583912, 0, 0, 0, 0, 0, 0, 0, 0, 179.0140209149, 176.0641355825, 179.0136754394, 176.0638307027, 179.0124000615, 176.0639831561, 179.0140214399, 176.064135596, 0, 179.0136760995, 176.0638307162, -0.0124525178989, 0, -0.2151090866467, -0.01109099974209, 0.1826087813935, -0.01109099974209, 0.7736774718186, 0.7743442256905, -0.8010058379668, -0.8006557695003, -0.01365670397487, -0.01308597954097, 0.7738172916932, 0.7744139933552, 0, -0.8012129411941, -0.8005859524371, -0, -0, -0, -0, 0.001740439627185, 0.3940865478766, 0.3912463839684, 0.393947082353, 0, 0.391210951112, 0.3942260134002
12.925, 0.1944801598649, 0.08935802304239, -0.2031423512836, 0.08939633181371, 0.01980735415025, 0.0009362321837768, -0.03923305886226, 0.00744319408546, 0, -410.0987489841, -2000, 248.3709815086, 2000, 7602.781554509, 3170.851922978, 7615.717344365, 3188.008033415, 31.68402857512, 15.33706232211, 17.18678336343, 42.46080746915, -240.1509350647, 9.704276541104, 241.0633244686, 7.067867158323, 5399.982586715, 4047.404627353, 5414.433337218, 3903.484076116, 3, 3.287391254166, 40.68389989273, -3.488645893933, -37.06228196402, -0.5796608860738, 1.096302351096, -0.4385688956466, 1.552944662294, 0, 0, 0.2140120059017, -0, -0, -0, -0, -0, 0.214012247867, 0.006177334751957, 0, 0, 0, 0, 0, -0.01042951698486, 0.006177377844753, -0.02083038276174, -0.01042944422938, 0.02998148094317, -0.01042944422938, 72.6547194759, 72.67986443393, 72.65451436561, 72.67989018596, 179.3596224668, -0.2000989676496, 0.19780580376, 0, 1, 49.99992839877, 50, 49.99983203638, -0.0005944723002109, 0, 0, 0, 0, 0, 0, 0, 0, 179.3612422472, 176.4113583786, 179.3608981569, 176.4110514116, 179.3596224668, 176.4112049091, 179.3612427749, 176.4113583926, 0, 179.3608988184, 176.4110514256, -0.01253484410162, 0, -0.2125573930648, -0.01116692971866, 0.1851603621512, -0.01116692971866, 0.7736026745987, 0.7742739802896, -0.801080614147, -0.8007260158897, -0.01373061149086, -0.01315428400855, 0.7737449134609, 0.7743456879879, 0, -0.801285325937, -0.800654256005, -0, -0, -0, -5.551115123126e-17, 0.001740480815314, 0.3940807816152, 0.39124303672, 0.393937434455, 0, 0.3912142226601, 0.3942241287754
12.95, 0.1978465813896, 0.1573374916327, -0.1997816152967, 0.1574548815846, 0.03638731672544, 0.001225442183095, -0.03373374344068, 0.001067622916779, 0, -398.5063084011, -2000, 237.1811696072, 2000, 7602.903000497, 3169.802425738, 7615.603215689, 3188.760553399, 33.20455017588, 4.642051716542, 15.3657725201, 49.87050382332, -240.0484575982, 13.65274017406, 241.1644247592, 8.376189145676, 5400.88235151, 4060.231367625, 5413.940257844, 3890.98498406, 3, 4.299904675435, 71.28999974651, -4.488721599182, -64.59552856489, -0.578451707091, 1.070780896713, -0.4397035258822, 1.572383380932, 0, 0, 0.2140732632637, -0, -0, -0, -0, -0, 0.2140735758187, 0.005977127601597, 0, 0, 0, 0, 0, -0.01226480871871, 0.005977169321631, -0.02070030757761, -0.01226472311134, 0.03011581636596, -0.01226472311134, 72.79537276684, 72.82056367635, 72.79516230675, 72.82058932559, 179.7068435247, -0.2053245417538, 0.1925794863984, 0, 1, 49.99993495828, 50, 49.99977809894, -0.0007396907597827, 0, 0, 0, 0, 0, 0, 0, 0, 179.7084685942, 176.7585788973, 179.7081147626, 176.7582732404, 179.7068435247, 176.7584260852, 179.7084691317, 176.7585789137, 0, 179.7081154081, 176.7582732568, -0.0126249003656, 0, -0.2178735246125, -0.01111927086691, 0.1798434183573, -0.01111927086691, 0.7735308406063, 0.7741907496908, -0.8011524120339, -0.8008092567346, -0.01380455631559, -0.01322489673927, 0.773672190562, 0.7742750703889, 0, -0.8013580416352, -0.8007248638675, -5.551115123126e-17, -5.551115123126e-17, -0, -0, 0.001740039992353, 0.3940804527724, 0.3912412446819, 0.3939118806811, 0, 0.3912152044087, 0.3942490248637
12.975, 0.2019911246807, 0.1680163059209, -0.1956651073309, 0.1681498895254, 0.03898736172577, 0.001143514010766, -0.03326570302579, -0.004419465320996, 0, -315.8940062257, -2000, 158.4497713004, 2000, 7603.231582792, 3169.927774792, 7615.33721303, 3188.367631344, 35.76596100544, 5.056067314428, 13.09225025278, 51.10815452836, -240.0801674635, 12.77462679376, 241.0895654081, 7.837759633002, 5400.364994806, 4055.308546111, 5414.827029039, 3891.102509729, 3, 5.194108830195, 73.30311532137, -5.304824792294, -71.55298524606, -0.5750598596439, 1.07475973054, -0.4424399855688, 1.562926508275, 0, 0, 0.2142329325588, -0, -0, -0, -0, -0, 0.2142332276832, 0.005853762347595, 0, 0, 0, 0, 0, -0.01189954908958, 0.00585380326752, -0.02069722679153, -0.01189946590776, 0.03011717275478, -0.01189946590776, 72.93602428577, 72.96126272405, 72.9358116552, 72.9612885001, 180.0540634492, -0.2061538551941, 0.1917454060281, 0, 1, 49.99994159676, 50, 49.9999203834, 0.0001756832700891, 0, 0, 0, 0, 0, 0, 0, 0, 180.055691331, 177.1058012984, 180.0553340618, 177.1054926204, 180.0540634492, 177.1056469755, 180.0556918706, 177.1058013145, 0, 180.055334704, 177.1054926365, -0.01269437017111, 0, -0.2187722697983, -0.01122917390832, 0.1789397751459, -0.01122917390832, 0.7734584683684, 0.7741255024223, -0.8012247661808, -0.8008745012966, -0.0138776398066, -0.0132926539, 0.7735997976512, 0.7742073139922, 0, -0.8014304041251, -0.8007926217922, 5.551115123126e-17, -5.551115123126e-17, -0, -5.551115123126e-17, 0.001739348470066, 0.3940852394533, 0.3912422752804, 0.3939216876278, 0, 0.3912134379276, 0.3942487912788
13, 0.1970089897045, 0.1460127927222, -0.2006153632576, 0.1461135473449, 0.03357251582514, 0.001010337923514, -0.03449204059828, 0.001235802865928, 0, -402.6489668538, -2000, 242.1004089624, 2000, 7603.267719278, 3170.214002298, 7615.368725087, 3188.082823614, 32.96213474137, 8.103577814876, 15.75609715305, 48.2544501973, -240.4914852181, 11.53333805771, 240.7547825739, 7.296412740386, 5400.121730514, 4047.879659323, 5415.102519866, 3891.008733297, 3, 4.260321391698, 64.99757801419, -4.448354499113, -60.63313989151, -0.5747271094645, 1.081174075057, -0.4420616152883, 1.555991671947, 0, 0, 0.2143910475006, -0, -0, -0, -0, -0, 0.214391321733, 0.005899837911127, 0, 0, 0, 0, 0, -0.01136799442776, 0.005899879214036, -0.02081586834351, -0.01136791484436, 0.02997089652414, -0.01136791484436, 73.07667396063, 73.10196236906, 73.07646276524, 73.10198705617, 180.4012833849, -0.2035893195861, 0.1943109096303, 0, 1, 49.99993609493, 50, 49.99984082408, -0.0002737509872906, 0, 0, 0, 0, 0, 0, 0, 0, 180.4029113662, 177.453023626, 180.4025560486, 177.4527119256, 180.4012833849, 177.4528677913, 180.4029119028, 177.4530236414, 0, 180.4025566966, 177.4527119411, -0.01276350970545, 0, -0.2162763568184, -0.01133911946092, 0.1814366235279, -0.01133911946092, 0.7733859077998, 0.7740615617808, -0.8012974933174, -0.8009384383761, -0.01394909637215, -0.01336024732725, 0.773528047416, 0.7741397217508, 0, -0.8015021321828, -0.8008602164053, -5.551115123126e-17, -0, -0, -0, 0.001738964857179, 0.394092732888, 0.3912427595772, 0.3939364869488, 0, 0.3912128896649, 0.3942489788271
13.025, 0.2014320566512, 0.1595035812026, -0.1961915969337, 0.159623892579, 0.03664055244363, 0.001167770834486, -0.03409934348423, -0.001192297208267, 0, -346.9491701159, -2000, 187.2984540745, 2000, 7603.289737161, 3169.316082747, 7615.385232243, 3188.790616135, 34.41317778848, 5.198073840608, 14.20952539101, 50.25081756164, -240.4884691734, 13.52999781243, 240.7030622942, 8.324825142425, 5398.594548112, 4055.775414996, 5416.188700361, 3881.206835906, 3, 4.93328568423, 70.70171699019, -5.110419237967, -66.6008785774, -0.5745374223684, 1.059091344461, -0.4418437184795, 1.574214784076, 0, 0, 0.214460796704, -0, -0, -0, -0, -0, 0.2144611277776, 0.00608315374758, 0, 0, 0, 0, 0, -0.01265049354564, 0.006083196361541, -0.02047129559865, -0.01265040492622, 0.03031584638616, -0.01265040492622, 73.21732632671, 73.24266193261, 73.21711151146, 73.24268609199, 180.7485043646, -0.2062646064358, 0.1916328478415, 0, 1, 49.99993996879, 50, 49.99983265393, -0.0005321772589481, 0, 0, 0, 0, 0, 0, 0, 0, 180.7501359805, 177.8002444694, 180.7497743511, 177.7999337698, 180.7485043646, 177.8000891368, 180.7501365149, 177.8002444866, 0, 180.7497749966, 177.7999337869, -0.01284922147147, 0, -0.2190386392496, -0.01130271554634, 0.1786715046808, -0.01130271554634, 0.7733164589925, 0.7739831346356, -0.8013669184616, -0.8010168731083, -0.01401959586214, -0.01342985660347, 0.7734562467806, 0.7740701088788, 0, -0.8015739115033, -0.8009298220857, -0, -5.551115123126e-17, -0, -0, 0.001739202159947, 0.3940946295865, 0.3912458026207, 0.393920756504, 0, 0.3912107247199, 0.394268502669
13.05, 0.1975695131587, 0.1592744122541, -0.200031316896, 0.1593944347465, 0.03678807950655, 0.001052354896994, -0.03357751524021, 0.001117960902471, 0, -390.6040173134, -2000, 231.057058787, 2000, 7603.111026424, 3170.145833452, 7615.522307995, 3188.274808526, 33.3533081772, 5.189149578885, 15.18156460235, 49.38791876089, -240.465641432, 12.20364764325, 240.7106050479, 7.438962030443, 5398.598242211, 4047.257256189, 5415.526058756, 3890.618174425, 3, 4.584810139119, 72.1550492016, -4.821318058393, -65.08380034008, -0.5764543229848, 1.078771487916, -0.4403602581225, 1.560360068572, 0, 0, 0.2143700338805, -0, -0, -0, -0, -0, 0.2143703116135, 0.006162880679341, 0, 0, 0, 0, 0, -0.01135119331159, 0.006162923815273, -0.02053215194781, -0.01135111386138, 0.03025426669283, -0.01135111386138, 73.35797690664, 73.3833623134, 73.35776257018, 73.38338487217, 181.0957271516, -0.2046436064026, 0.193257052462, 0, 1, 49.99992972847, 50, 49.99972835764, -0.001296102524536, 0, 0, 0, 0, 0, 0, 0, 0, 181.0973578281, 178.1474691444, 181.0969968337, 178.1471537888, 181.0957271516, 178.1473114822, 181.0973583603, 178.1474691601, 0, 181.0969974835, 178.1471538044, -0.01291612284189, 0, -0.2174843326624, -0.01147209415445, 0.1802290967613, -0.01147209415445, 0.7732432194827, 0.773924489873, -0.8014401829206, -0.8010755094646, -0.01409197729549, -0.01349743418635, 0.7733834228389, 0.7740025345737, 0, -0.8016467561829, -0.8009974029464, -0, -0, -0, -0, 0.001740072857339, 0.3940937418372, 0.3912457951133, 0.3939377268185, 0, 0.3912120449452, 0.3942497568558
13.075, 0.1968887538001, 0.1585703687151, -0.2007081356849, 0.158689498243, 0.0370241915461, 0.001074694194634, -0.0332915521947, 0.0006705095516874, 0, -407.2982731278, -2000, 245.5690460504, 2000, 7603.001912727, 3170.223381999, 7615.528432375, 3187.952614507, 32.99103985196, 5.027988206584, 15.56272182145, 49.5768507052, -240.3127555378, 12.28638960321, 240.8442283083, 7.486669446934, 5399.206576781, 4049.621804711, 5414.606685038, 3897.583297049, 3, 4.124992840842, 71.75231293672, -4.37891085871, -65.19607539208, -0.5776444530968, 1.081843131361, -0.4402500180641, 1.552506293467, 0, 0, 0.2142194718676, -0, -0, -0, -0, -0, 0.2142197353281, 0.00609894663042, 0, 0, 0, 0, 0, -0.01101780255718, 0.006098989258914, -0.02060234067021, -0.01101772554877, 0.03020312698794, -0.01101772554877, 73.49862845629, 73.52406261907, 73.49841299813, 73.52408397388, 181.4429506717, -0.2048341235912, 0.1930704189643, 0, 1, 49.99993149908, 50, 49.99973973367, -0.001335721125766, 0, 0, 0, 0, 0, 0, 0, 0, 181.4445813549, 178.494692797, 181.4442182865, 178.4943746177, 181.4429506717, 178.4945337227, 181.4445818895, 178.4946928123, 0, 181.4442189343, 178.494374633, -0.01298577118799, 0, -0.217744289118, -0.01157481488735, 0.179973082303, -0.01157481488735, 0.7731684693774, 0.7738567135878, -0.8015148456695, -0.8011432833929, -0.01416672830081, -0.01356750420259, 0.7733091515776, 0.7739324651679, 0, -0.801721070723, -0.8010674735731, -0, -0, -0, -0, 0.001740918660126, 0.3940844497838, 0.3912445831194, 0.3939330170101, 0, 0.3912138765509, 0.3942358825576
13.1, 0.1949152262195, 0.09678941312573, -0.2026963932449, 0.09683412374772, 0.02184465934961, 0.0009307375073764, -0.03859558468738, 0.00766258829547, 0, -407.7076783966, -2000, 246.9546306424, 2000, 7603.006313545, 3170.83477765, 7615.424079127, 3187.703091783, 31.77216455685, 14.54414159309, 17.04042635601, 42.88652620944, -240.1628992597, 9.74367305608, 241.0177409523, 6.983438672024, 5400.626300515, 4047.328709477, 5413.378981917, 3902.919778162, 3, 3.467977012245, 44.24121335249, -3.695763607694, -39.68486918457, -0.5776436596571, 1.09588371755, -0.4413026059675, 1.545331583307, 0, 0, 0.2140874535905, -0, -0, -0, -0, -0, 0.2140876925507, 0.005880300191273, 0, 0, 0, 0, 0, -0.01046490856434, 0.005880341240898, -0.02105868587851, -0.01046483551049, 0.02976881221241, -0.01046483551049, 73.63927821665, 73.66476279486, 73.63906514977, 73.66478328691, 181.7901739085, -0.2005153329706, 0.1973917137073, 0, 1, 49.99992987194, 50, 49.99980333518, -0.0008584756337399, 0, 0, 0, 0, 0, 0, 0, 0, 181.7918015527, 178.8419172558, 181.7914427515, 178.841595609, 181.7901739085, 178.8417564471, 181.7918020884, 178.8419172705, 0, 181.7914434051, 178.8415956237, -0.01304808013016, 0, -0.213486118191, -0.01170095763274, 0.1842337888022, -0.01170095763274, 0.7730899755465, 0.773789493254, -0.8015932315049, -0.8012105001733, -0.01424367047333, -0.01363852613035, 0.773233772881, 0.7738614443127, 0, -0.8017964923073, -0.8011384965733, -0, -0, -0, -0, 0.001741249825978, 0.3940814192359, 0.3912417538518, 0.3939375856414, 0, 0.3912163237263, 0.3942252528305
13.125, 0.1940765860678, 0.05780670019957, -0.2036091298611, 0.05782277897703, 0.01223136173199, 0.0008155557966874, -0.0423970359486, 0.006042876542227, 0, -412.3251914348, -2000, 252.990435321, 2000, 7603.13906233, 3171.429698175, 7615.247671125, 3187.666872188, 30.98227957863, 19.61423003091, 18.34429336252, 39.40428762645, -240.2951764299, 8.273689892966, 240.9201555625, 6.506112266239, 5401.176116225, 4042.612056708, 5413.420856627, 3904.057118742, 3, 2.859075260948, 25.29823805809, -2.937947193415, -24.94131181239, -0.5762922645524, 1.109220942849, -0.4431179007496, 1.542999039876, 0, 0, 0.2140568127577, -0, -0, -0, -0, -0, 0.2140570340379, 0.005734655573313, 0, 0, 0, 0, 0, -0.01004068614123, 0.005734695594754, -0.02131408221851, -0.01004061606889, 0.02952384148065, -0.01004061606889, 73.77992852758, 73.80546277545, 73.77971635498, 73.80548243889, 182.1373959542, -0.1981313275696, 0.1997770160329, 0, 1, 49.99992810092, 50, 49.9999250212, -8.907000151961e-06, 0, 0, 0, 0, 0, 0, 0, 0, 182.1390226542, 179.1891412067, 182.1386653149, 179.1888164394, 182.1373959542, 179.1889788373, 182.1390231906, 179.1891412209, 0, 182.1386659713, 179.1888164536, -0.01311440206548, 0, -0.2111674750167, -0.01181447350893, 0.1865537164062, -0.01181447350893, 0.7730128794084, 0.7737213836834, -0.8016702755777, -0.8012786070167, -0.01431999831462, -0.01370955150163, 0.7731584203081, 0.7737904196646, 0, -0.801871863656, -0.8012095226678, -0, -5.551115123126e-17, -0, -0, 0.001740891592847, 0.39408498481, 0.3912406579566, 0.3939469818858, 0, 0.391216241176, 0.3942229877341
13.15, 0.1970473867795, 0.1555052775949, -0.2005435784525, 0.1556197081516, 0.03626165307806, 0.001110170683589, -0.03379649630561, 0.00159074177445, 0, -399.9893656602, -2000, 237.5971482816, 2000, 7603.303743873, 3170.327395526, 7615.141281899, 3188.184907939, 33.03033686214, 5.608958533793, 15.37302937711, 48.89782749145, -240.2711389688, 12.55855114339, 240.969194555, 7.716562863909, 5400.999636017, 4053.275860721, 5414.15619615, 3894.12308472, 3, 4.481813649459, 70.57454007564, -4.748664246892, -63.5625611858, -0.5745969872874, 1.083969814348, -0.4442071537409, 1.557370563362, 0, 0, 0.2141649802454, -0, -0, -0, -0, -0, 0.2141652576355, 0.005682958827825, 0, 0, 0, 0, 0, -0.01153335349754, 0.005682998528574, -0.02097875610403, -0.0115332729267, 0.02985311695782, -0.0115332729267, 73.92058207168, 73.94616221046, 73.92036393327, 73.94618154209, 182.4846165145, -0.2042900151904, 0.1936154204527, 0, 1, 49.99994035703, 50, 49.99977444892, -0.0008056126435592, 0, 0, 0, 0, 0, 0, 0, 0, 182.4862493002, 179.5363614033, 182.4858812758, 179.5360378694, 182.4846165145, 179.5361996527, 182.4862498438, 179.5363614196, 0, 182.4858819173, 179.5360378857, -0.01319044606396, 0, -0.2174034642156, -0.01176960602822, 0.1803147483909, -0.01176960602822, 0.7729397791974, 0.773637489696, -0.8017433891696, -0.8013625089829, -0.01439556269658, -0.01378318301091, 0.7730830304296, 0.7737167844197, 0, -0.8019472248405, -0.8012831504416, -0, -0, -0, -0, 0.001740034740367, 0.3940842560146, 0.3912410103558, 0.3939257373166, 0, 0.3912147751915, 0.3942427747126
13.175, 0.1964450045793, 0.134102790275, -0.2011080412339, 0.1341878636729, 0.03069438110941, 0.0009838105157404, -0.03564597883029, 0.007761748931947, 0, -406.4913958425, -2000, 243.4714402861, 2000, 7603.425801643, 3170.725686049, 7615.114576456, 3187.970965269, 32.33849918682, 8.245151155276, 15.68246651449, 45.58845477585, -240.4778708033, 11.17412472148, 240.8001180414, 7.093854965443, 5400.568960184, 4046.54662978, 5414.647090915, 3894.954752174, 3, 3.969365668085, 62.87298987268, -4.307397234607, -52.58086988487, -0.5733425547487, 1.093210437146, -0.444463903698, 1.551982239965, 0, 0, 0.2142525407249, -0, -0, -0, -0, -0, 0.2142527967734, 0.005698856902407, 0, 0, 0, 0, 0, -0.01098543655909, 0.005698896746779, -0.02103003147015, -0.01098535975319, 0.02977853095621, -0.01098535975319, 74.06123250512, 74.08686225703, 74.06101458304, 74.08688039499, 182.8318372433, -0.2027626471134, 0.1951401783559, 0, 1, 49.99994105386, 50, 49.99968417672, -0.001355135443304, 0, 0, 0, 0, 0, 0, 0, 0, 182.833470491, 179.8835844567, 182.8331027451, 179.8832578752, 182.8318372433, 179.8834211816, 182.8334710323, 179.8835844723, 0, 182.8331033902, 179.8832578909, -0.01325670480523, 0, -0.2159421215769, -0.01188047038533, 0.1817734926789, -0.01188047038533, 0.772864204831, 0.7735703142531, -0.8018190847699, -0.8014296808371, -0.01447065095598, -0.01385412411714, 0.7730078065203, 0.7736458444789, 0, -0.8020224106466, -0.8013540927132, -0, -0, 5.551115123126e-17, -0, 0.001739478240488, 0.3940901308223, 0.3912418681474, 0.3939391428991, 0, 0.3912137975786, 0.3942411187454
13.2, 0.1892701729473, -0.08170253225721, -0.208576760546, -0.08167172478306, -0.02094215050827, 0.0004198121723153, -0.05672287278472, -0.001392994390037, 0, -441.0186584494, -2000, 281.26987514, 2000, 7603.681246516, 3173.536178232, 7614.902059858, 3185.690771123, 22.91284812973, 35.16599030817, 26.95459822425, 24.18576094945, -241.0432331203, 4.701034166323, 240.2346532363, 3.997527877281, 5400.530892096, 4012.436950003, 5414.339717705, 3924.710265651, 3, -1.251773744685, -38.01240353674, 1.507656777196, 31.5015407263, -0.5706831250122, 1.164324806606, -0.4466725626663, 1.491212034191, 0, 0, 0.2142341243021, -0, -0, -0, -0, -0, 0.214234229887, 0.005530691155099, 0, 0, 0, 0, 0, -0.006357305862284, 0.005530729817068, -0.02175218568686, -0.00635726142218, 0.02903145538512, -0.00635726142218, 74.20187922065, 74.2275626045, 74.20166923952, 74.22757907457, 183.179059181, -0.1921217926052, 0.2057825074355, 0, 1, 49.99993585715, 50, 50.00009707509, 0.0008492457731081, 0, 0, 0, 0, 0, 0, 0, 0, 183.1806852847, 180.2308126985, 183.180331576, 180.2304743403, 183.179059181, 180.2306435288, 183.1806858169, 180.2308127079, 0, 183.1803322416, 180.2304743497, -0.01328399084113, 0, -0.205325785425, -0.01230888627253, 0.1923914128682, -0.01230888627253, 0.7727828405358, 0.7735347583305, -0.8019006099367, -0.8014652150196, -0.0145483049065, -0.01392150153671, 0.7729313735204, 0.7735784754434, 0, -0.8020988350207, -0.8014214785168, -0, -0, -0, -0, 0.00173959651481, 0.3940944724589, 0.3912419421392, 0.3940070952838, 0, 0.3912144124937, 0.3941818496341
13.225, 0.1892530984157, 0.001047082225789, -0.2085772954408, 0.001047097547126, 0.00161906130147, 0.0007129755881907, -0.04729439938394, -0.001217169817639, 0, -447.5111781232, -2000, 285.5325616704, 2000, 7603.843734696, 3173.387730378, 7614.742057722, 3185.914311285, 28.67766591767, 26.48169872135, 21.43318985091, 34.57594633012, -239.9737705179, 6.611309743376, 241.2551791117, 5.55420830599, 5403.604612553, 4018.603312398, 5410.799986999, 3921.419794304, 3, 0.7389705691084, -1.629785672146, -0.5194492382417, -4.646314248568, -0.568989585186, 1.163935716869, -0.4483384799046, 1.492936788629, 0, 0, 0.214156747089, -0, -0, -0, -0, -0, 0.2141568648092, 0.004922261647396, 0, 0, 0, 0, 0, -0.007042615940174, 0.004922296031324, -0.02213302450643, -0.00704256674503, 0.02864266158975, -0.00704256674503, 74.34253129008, 74.36826243687, 74.34231882776, 74.3682782491, 183.5262818546, -0.1946827110563, 0.2032230737882, 0, 1, 49.99992487449, 50, 50.00007480394, 0.0007239170759017, 0, 0, 0, 0, 0, 0, 0, 0, 183.5279094517, 180.5780349928, 183.5275517029, 180.5776962344, 183.5262818546, 180.577865624, 183.5279100001, 180.5780350032, 0, 183.5275523508, 180.5776962448, -0.01330725408557, 0, -0.2079085906889, -0.0123234447175, 0.1898101883641, -0.0123234447175, 0.7727010246075, 0.7734520614122, -0.8019824804045, -0.8015479140547, -0.01463156481276, -0.01399948616698, 0.7728521557282, 0.7735004896687, 0, -0.8021780543817, -0.8014994620026, -0, -0, -0, -0, 0.001740044721379, 0.3940916074745, 0.3912358181946, 0.3939948111424, 0, 0.3912214650853, 0.3941884038065
13.25, 0.1872515411497, -0.09811528834163, -0.2105912293441, -0.09807141424403, -0.0205133875491, 0.0007900403129959, -0.05772818896597, -0.004467086473585, 0, -440.9766581262, -2000, 280.7585977115, 2000, 7604.583249652, 3174.652812785, 7613.963966172, 3184.755009064, 26.74675329344, 37.77910024223, 23.71060056541, 24.5281462554, -239.1042527947, 6.263859865444, 242.109177347, 5.606974729673, 5409.071378415, 4012.7799859, 5405.187184975, 3929.891654901, 3, -0.4448391003792, -44.94687949298, 0.6922275503192, 36.01016698444, -0.561226011662, 1.197993094247, -0.4565056106057, 1.460867649646, 0, 0, 0.2140794560702, -0, -0, -0, -0, -0, 0.2140795362927, 0.003553355069297, 0, 0, 0, 0, 0, -0.006006683956804, 0.003553379872962, -0.02356786911036, -0.006006642028304, 0.02721673013241, -0.006006642028304, 74.4831800541, 74.50896222395, 74.48297178899, 74.50897759772, 183.8735045202, -0.1895587314158, 0.2083480206598, 0, 1, 49.99992455966, 50, 50.00014851639, 0.001190116215978, 0, 0, 0, 0, 0, 0, 0, 0, 183.8751275218, 180.9252593593, 183.8747779067, 180.9249163429, 183.8735045202, 180.9250878601, 183.8751280913, 180.9252593683, 0, 183.8747785392, 180.9249163519, -0.01326582851688, 0, -0.2027378193389, -0.01247834611778, 0.19498195987, -0.01247834611778, 0.7726088330022, 0.7733786526593, -0.8020746283646, -0.8016213186433, -0.01472307603573, -0.01408001840751, 0.7727697572567, 0.7734199585887, 0, -0.8022604712436, -0.8015799954038, -0, -0, -0, -5.551115123126e-17, 0.001740389752238, 0.3940889703037, 0.3912249243163, 0.3940064122056, 0, 0.3912326507107, 0.3941715284019
13.275, 0.1880588004425, -0.0848490161184, -0.2097875796187, -0.08481607490241, -0.01630987444034, 0.0008892961312963, -0.05654903255692, -0.002925428670994, 0, -438.2064674733, -2000, 277.5463948032, 2000, 7605.792599503, 3174.927989867, 7612.711927535, 3184.488330647, 26.9510549843, 36.43403861281, 23.43174673544, 26.03985272305, -238.9030049062, 7.00871562455, 242.3177702013, 6.322983363437, 5413.194497729, 4019.202372823, 5401.342640434, 3924.055952729, 3, -0.1270419250877, -38.88895782265, 0.3806597152285, 30.89729402464, -0.5484993015747, 1.206766232692, -0.4696802456221, 1.452211755293, 0, 0, 0.2140679808765, -0, -0, -0, -0, -0, 0.2140680668535, 0.002031208056267, 0, 0, 0, 0, 0, -0.006894993145049, 0.002031222233292, -0.02473831806749, -0.006894945021034, 0.02605732932552, -0.006894945021034, 74.62383084869, 74.64966133818, 74.62362251931, 74.64967739191, 184.220726441, -0.1904258804946, 0.2074820293795, 0, 1, 49.99992717332, 50, 50.00013726176, 0.001206727147722, 0, 0, 0, 0, 0, 0, 0, 0, 184.222349225, 181.2724810431, 184.2219998862, 181.2721383709, 184.220726441, 181.2723097173, 184.2223498251, 181.2724810534, 0, 184.2220004892, 181.2721383812, -0.01320589785774, 0, -0.20354067748, -0.01246582117941, 0.1941802277835, -0.01246582117941, 0.7725187760374, 0.7732887830537, -0.8021646295506, -0.801711191073, -0.01481498687266, -0.01416377961431, 0.7726876887036, 0.7733361960448, 0, -0.8023425592327, -0.8016637552734, -0, 5.551115123126e-17, 5.551115123126e-17, -0, 0.001740335695535, 0.3940883852684, 0.3912167075629, 0.3939936179184, 0, 0.3912403128457, 0.3941831526185
13.3, 0.1880604505118, -0.1286508280369, -0.2098009770989, -0.1285738532434, -0.02628646910114, 0.0007461539101081, -0.06087579451985, -0.006506329245902, 0, -440.3241944395, -2000, 279.4961422348, 2000, 7607.207958119, 3176.03793031, 7611.290749739, 3183.584696358, 25.82376133291, 41.13356283174, 24.58435286568, 20.94778399285, -239.3608106028, 6.028212394808, 241.8808558785, 5.493622734131, 5414.772319275, 4012.544798914, 5400.102582272, 3926.948716718, 3, -0.649694228634, -58.15478833909, 0.9382636694757, 49.8423768572, -0.5335635292695, 1.236029405535, -0.4846775734712, 1.427067668956, 0, 0, 0.2141067654057, -0, -0, -0, -0, -0, 0.2141068256059, 0.0007446521892808, 0, 0, 0, 0, 0, -0.006202907071408, 0.0007446573885406, -0.02584551133425, -0.006202863762171, 0.0249523029762, -0.006202863762171, 74.76448002535, 74.79036054398, 74.76427466164, 74.79037705986, 184.5679477691, -0.1879247617029, 0.2099832632993, 0, 1, 49.99992881578, 50, 50.00015221731, 0.001341454748781, 0, 0, 0, 0, 0, 0, 0, 0, 184.5695679628, 181.6197038152, 184.5692243339, 181.6193592558, 184.5679477691, 181.6195315448, 184.5695685817, 181.6197038245, 0, 184.5692249191, 181.6193592651, -0.01311363121229, 0, -0.2009431227325, -0.01253447657111, 0.1967778560618, -0.01253447657111, 0.7724319739169, 0.7732131435052, -0.8022514223357, -0.8017868280353, -0.0149024317978, -0.01424417769532, 0.7726084450831, 0.7732557988452, 0, -0.8024218075136, -0.8017441542358, -0, -0, -0, -0, 0.001740030942106, 0.3940921356232, 0.3912135611552, 0.3940068805617, 0, 0.3912427864397, 0.3941773906846
13.325, 0.189945375621, -0.05178043254439, -0.2079011724754, -0.05176782542432, -0.007188199627959, 0.0007308251490343, -0.05326483185652, -0.001413533457088, 0, -436.5904624142, -2000, 275.9845431547, 2000, 7608.452309723, 3175.895922674, 7610.079920213, 3183.567324348, 27.62722823935, 32.59875750469, 22.60186527927, 28.95025633133, -239.9630029322, 6.63644839002, 241.2903384827, 5.805928097083, 5413.970624528, 4017.422217434, 5401.016645789, 3920.654938179, 3, 0.1700569145324, -24.87720400568, 0.08962838574418, 17.89325214176, -0.5203779274794, 1.234868001547, -0.4975107884422, 1.425260380602, 0, 0, 0.2141685644398, -0, -0, -0, -0, -0, 0.2141686322653, -8.837694304692e-05, 0, 0, 0, 0, 0, -0.007012452289141, -8.837756046266e-05, -0.02617967738204, -0.007012403299316, 0.02461190476455, -0.007012403299316, 74.90513167492, 74.93105945057, 74.90492425849, 74.93107695738, 184.9151688796, -0.1919528727084, 0.2059540869192, 0, 1, 49.99993163189, 50, 50.0001180178, 0.001121249627003, 0, 0, 0, 0, 0, 0, 0, 0, 184.9167911058, 181.9669238546, 184.9164442567, 181.9665819428, 184.9151688796, 181.9667529092, 184.916791745, 181.9669238651, 0, 184.9164448224, 181.9665819533, -0.01301846653758, 0, -0.2048748222318, -0.01243815887885, 0.19284506124, -0.01243815887885, 0.7723537368826, 0.7731272686517, -0.8023296889094, -0.8018727060321, -0.01498345456042, -0.0143244857688, 0.7725324903951, 0.773175489777, 0, -0.8024977489575, -0.8018244613146, -0, -0, -0, -0, 0.001739744387822, 0.3940935456982, 0.3912151571207, 0.3939971639467, 0, 0.3912409666016, 0.3941899274497
13.35, 0.1883034435133, -0.1442010051219, -0.2095125530333, -0.1441034626807, -0.02855322335794, 0.0005945494826605, -0.06211327045366, -0.006120910661116, 0, -438.6347570187, -2000, 277.0979228135, 2000, 7609.355218492, 3177.156153522, 7609.207395025, 3182.412261545, 25.55036751425, 41.9421269527, 24.49237035976, 18.44303688921, -240.2246479646, 5.44292165051, 241.0360136635, 4.92879302102, 5414.24465953, 4005.351259608, 5400.530951081, 3931.177290973, 3, -1.123675087635, -63.65957276477, 1.328517871028, 58.0836968799, -0.5107387018334, 1.268544176846, -0.5068284939342, 1.393815135903, 0, 0, 0.2141759173345, -0, -0, -0, -0, -0, 0.214175951541, -0.0008193946520448, 0, 0, 0, 0, 0, -0.005375178691327, -0.0008194003768625, -0.02699151993954, -0.005375141137124, 0.02379300608708, -0.005375141137124, 75.04577965883, 75.07175865562, 75.04557769853, 75.07177698885, 185.2623905959, -0.1868257228651, 0.2110802355614, 0, 1, 49.99993357936, 50, 50.00007451603, 0.0007771752369883, 0, 0, 0, 0, 0, 0, 0, 0, 185.2640075927, 182.3141466091, 185.2636713105, 182.3138030279, 185.2623905959, 182.3139748266, 185.2640082347, 182.3141466172, 0, 185.2636718723, 182.313803036, -0.01288355698195, 0, -0.1996096900642, -0.01249889036995, 0.1981092122192, -0.01249889036995, 0.7722736364625, 0.7730610772037, -0.8024098266058, -0.8019388922515, -0.01506269398187, -0.01440193592317, 0.7724579329971, 0.7730980418736, 0, -0.8025722952335, -0.80190191372, -0, -5.551115123126e-17, -0, -5.551115123126e-17, 0.001739794698853, 0.3940950893509, 0.3912146086622, 0.3940212108964, 0, 0.3912419364829, 0.3941689678053
13.375, 0.1906670650607, 0.0003071198084993, -0.2072008952753, 0.0003071189809096, 0.006186759117135, 0.0007534885797311, -0.04762509299565, -0.007133125877584, 0, -440.3415310752, -2000, 279.0553649647, 2000, 7609.900800951, 3176.046868413, 7608.662256695, 3183.492621063, 28.79381552372, 28.17977534786, 22.00261892848, 35.99974239945, -240.4826105821, 7.542093693039, 240.7240224179, 6.416953826932, 5413.992024178, 4022.7227392, 5400.495977201, 3915.811638671, 3, 0.8384171133779, -5.154329043952, -0.5338507178691, -6.765013433907, -0.5048384961447, 1.241529615747, -0.5127219008608, 1.420096745319, 0, 0, 0.2141386910583, -0, -0, -0, -0, -0, 0.2141387613379, -0.001253516192959, 0, 0, 0, 0, 0, -0.007747546434368, -0.001253524947785, -0.02686635687048, -0.007747492324186, 0.02391493742479, -0.007747492324186, 75.18643277467, 75.21245709176, 75.18622616076, 75.21247750592, 185.6096128642, -0.1946037072012, 0.2033028319503, 0, 1, 49.99992871421, 50, 50.00023033372, 0.001671612897826, 0, 0, 0, 0, 0, 0, 0, 0, 185.6112335179, 182.6613648068, 185.610889414, 182.6610287094, 185.6096128642, 182.6611967695, 185.6112341815, 182.6613648182, 0, 185.6108899568, 182.6610287208, -0.01277528050056, 0, -0.2072799378458, -0.01222664395809, 0.1904395893534, -0.01222664395809, 0.7722013347066, 0.7729632371252, -0.8024821505945, -0.8020367414129, -0.01513843125527, -0.01448346317278, 0.7723847767839, 0.7730165116974, 0, -0.8026454519236, -0.801983438043, -0, -0, -0, -0, 0.001740076788583, 0.3940930896463, 0.3912151123215, 0.3939866044874, 0, 0.3912420058053, 0.3941995748052
13.4, 0.1891968505738, -0.1365083482125, -0.2085919193745, -0.1364203560214, -0.02760071253926, 0.0005318551618387, -0.0618545222684, -0.005555429790308, 0, -413.6826828713, -2000, 257.7617225393, 2000, 7610.465983899, 3176.863218983, 7608.093114957, 3181.907201425, 20.37540124396, 41.58820637294, 29.4911372569, 18.72957782473, -241.0193049941, 5.62123130256, 240.2027783567, 5.162213752849, 5413.746715178, 4013.757607713, 5400.665921962, 3931.96617861, 3, -2.454649470652, -61.12851656276, 2.609965699197, 55.0433319114, -0.4987231856165, 1.264709740216, -0.5188773093758, 1.382101092864, 0, 0, 0.2141416231133, -0, -0, -0, -0, -0, 0.2141416584594, -0.001657965241556, 0, 0, 0, 0, 0, -0.005927194589654, -0.001657976821457, -0.02739437060794, -0.005927153191999, 0.02339728081134, -0.005927153191999, 75.32708106913, 75.35315577425, 75.32687945708, 75.35317777383, 185.9568347379, -0.1901735166516, 0.2077311023753, 0, 1, 49.99994350225, 50, 50.00009823134, 0.0008606267728356, 0, 0, 0, 0, 0, 0, 0, 0, 185.9584505198, 183.0085865872, 185.9581162064, 183.0082493795, 185.9568347379, 183.0084179921, 185.9584511815, 183.0085865959, 0, 185.9581167502, 183.0082493882, -0.01263082953874, 0, -0.202703291179, -0.0122670348809, 0.1950142746199, -0.0122670348809, 0.7721249759584, 0.772899223223, -0.8025584380282, -0.8021007491064, -0.01521377155383, -0.01455999540779, 0.7723120235726, 0.7729399823294, 0, -0.8027182043976, -0.802059973145, -0, -0, -0, -0, 0.001740172037978, 0.3940859303751, 0.3912155992776, 0.3940044648087, 0, 0.3912416687294, 0.3941673959415
13.425, 0.1889273148357, -0.1432036464535, -0.2088615099473, -0.1431067893194, -0.02945268614275, 0.000438518653128, -0.0622269658141, -0.005423504917653, 0, -423.5446461313, -2000, 265.7565747396, 2000, 7610.633662136, 3177.154595305, 7607.902011601, 3181.444441149, 19.44450915653, 41.81687099439, 30.29715886618, 17.52311669846, -241.3228991307, 5.061706646683, 239.9007548884, 4.56197455569, 5413.211145133, 4009.07763129, 5401.428840554, 3936.82279532, 3, -2.491939760321, -63.42603528541, 2.647444025314, 58.64199491246, -0.4967767320057, 1.273115713859, -0.5210685772179, 1.369963962198, 0, 0, 0.214176460237, -0, -0, -0, -0, -0, 0.2141764859974, -0.001713974182423, 0, 0, 0, 0, 0, -0.005236104550821, -0.001713986157409, -0.02742966192088, -0.00523606796809, 0.02336758053561, -0.00523606796809, 75.46773096019, 75.49385460476, 75.46753097341, 75.49387768092, 186.3040562037, -0.1900187609354, 0.2078865482762, 0, 1, 49.99994705355, 50, 50.00007898921, 0.0008410559680509, 0, 0, 0, 0, 0, 0, 0, 0, 186.3056704706, 183.3558073139, 186.3053396586, 183.3554717277, 186.3040562037, 183.3556395285, 186.3056711323, 183.3558073216, 0, 186.3053402025, 183.3554717354, -0.01250947568078, 0, -0.2024270324591, -0.01220804699579, 0.1952911726488, -0.01220804699579, 0.7720533652881, 0.7728276202434, -0.8026300209496, -0.8021723505816, -0.01528544554307, -0.01463635100239, 0.7722406543838, 0.7728636278333, 0, -0.8027895838907, -0.8021363298381, -0, 5.551115123126e-17, -0, -0, 0.001740068868137, 0.3940857549016, 0.3912166660348, 0.3940137879338, 0, 0.3912401490542, 0.3941577218694
13.45, 0.1897575260512, -0.0952753460051, -0.2080491485996, -0.09523232832078, -0.01820062646631, 0.000518758850054, -0.05791830045959, -0.001554437609315, 0, -418.3205433092, -2000, 261.5758571647, 2000, 7610.66324122, 3176.616543132, 7607.880967696, 3181.769876518, 22.58996074792, 36.99844821056, 27.30082113548, 23.14868106651, -241.2213527409, 5.76768064457, 240.0425007534, 5.143707474637, 5412.589130675, 4012.685028559, 5402.326288617, 3930.830181751, 3, -1.748563958562, -43.48976939247, 1.937584880327, 37.51041330346, -0.496287863575, 1.26027118873, -0.5214681547385, 1.378270012469, 0, 0, 0.2142728435983, -0, -0, -0, -0, -0, 0.2142728791549, -0.001640469747914, 0, 0, 0, 0, 0, -0.005931790342922, -0.001640481219667, -0.02725232908702, -0.005931748862378, 0.02354313709753, -0.005931748862378, 75.60838154659, 75.63455309145, 75.6081815535, 75.63457760094, 186.6512769797, -0.1916256724541, 0.206279609926, 0, 1, 49.99994866838, 50, 50.00011731642, 0.001131404082677, 0, 0, 0, 0, 0, 0, 0, 0, 186.6528915709, 183.7030261173, 186.6525614189, 183.7026951727, 186.6512769797, 183.7028606536, 186.6528922332, 183.7030261259, 0, 186.6525619626, 183.7026951813, -0.01240478626602, 0, -0.2039298839415, -0.01203919293141, 0.1937882180392, -0.01203919293141, 0.7719832274787, 0.7727449486555, -0.8027001680577, -0.8022550250154, -0.01535625031327, -0.01471423880882, 0.7721693063221, 0.7727857395861, 0, -0.8028609290471, -0.8022142172037, -5.551115123126e-17, -0, -5.551115123126e-17, -0, 0.001739752323539, 0.3940881301487, 0.3912179056851, 0.3940066014173, 0, 0.3912383608184, 0.3941696588801
13.475, 0.1896739456075, -0.05031860294451, -0.2080778422615, -0.05030658936946, -0.007102974561526, 0.0006172541996213, -0.05304633527373, 0.002986676689373, 0, -429.6658538436, -2000, 272.6315569325, 2000, 7610.569295643, 3176.206072354, 7608.01205999, 3181.876379307, 24.56396131888, 31.35556970104, 25.01177234138, 27.93146267268, -240.979925577, 6.54128422501, 240.3098934868, 5.7290150306, 5412.863342559, 4013.905633327, 5402.122157731, 3926.861762402, 3, -0.7011085595917, -22.38268606878, 0.7766998238916, 19.60757761132, -0.497099580412, 1.251478237492, -0.5202650923715, 1.380757666374, 0, 0, 0.2143923610927, -0, -0, -0, -0, -0, 0.2143924025181, -0.001606258621232, 0, 0, 0, 0, 0, -0.006307824360843, -0.001606269866282, -0.02713537651687, -0.006307780201499, 0.02364894276008, -0.006307780201499, 75.74903208042, 75.77525161931, 75.74883210161, 75.77527740575, 186.9984975115, -0.1932734821723, 0.2046315653632, 0, 1, 49.99995017885, 50, 50.00003511633, 0.0006753545531608, 0, 0, 0, 0, 0, 0, 0, 0, 187.0001126213, 184.0502452422, 186.999783059, 184.0499180192, 186.9984975115, 184.0500816397, 187.0001132857, 184.0502452512, 0, 186.9997836008, 184.0499180282, -0.01230364880564, 0, -0.2054769499702, -0.0119038062895, 0.1922408560411, -0.0119038062895, 0.7719118982995, 0.7726644046644, -0.8027715596957, -0.8023355708882, -0.01542815464596, -0.01479219704498, 0.7720971783145, 0.7727077811867, 0, -0.8029330433466, -0.8022921752767, -0, -5.551115123126e-17, -5.551115123126e-17, -0, 0.001739489889529, 0.3940908667395, 0.3912173598253, 0.3940041696575, 0, 0.3912387671561, 0.3941775638216
13.5, 0.1894229521481, -0.05889937438715, -0.2083724949066, -0.05888304841805, -0.00926959978475, 0.0006988280091797, -0.05397468290417, 0.001002475953897, 0, -431.2743374124, -2000, 272.1278201247, 2000, 7610.56889819, 3176.082991508, 7608.024597757, 3181.984655693, 24.25225899066, 32.78772126301, 25.5157879044, 27.75941801885, -240.6982420166, 7.022849256506, 240.5748963535, 6.231041779443, 5413.592027687, 4014.475682885, 5401.220683624, 3923.191658977, 3, -0.7862180793204, -26.84453580139, 0.9516012482016, 22.23827199954, -0.4969383108034, 1.248575060734, -0.5202961158625, 1.382875477095, 0, 0, 0.2144578749704, -0, -0, -0, -0, -0, 0.214457920101, -0.001730929992541, 0, 0, 0, 0, 0, -0.00661509634022, -0.001730942117793, -0.02725168653611, -0.006615050001441, 0.02353000568887, -0.006615050001441, 75.88968200885, 75.91595006925, 75.88948341089, 75.91597766588, 187.345718646, -0.1930952784926, 0.2048093703515, 0, 1, 49.99994812407, 50, 50.00007065022, 0.0007881393700689, 0, 0, 0, 0, 0, 0, 0, 0, 187.347332671, 184.397465154, 187.3470061721, 184.3971411753, 187.345718646, 184.397303174, 187.3473333374, 184.3974651634, 0, 187.3470067119, 184.3971411847, -0.01220139786985, 0, -0.2051960287482, -0.01178578553356, 0.1925213320464, -0.01178578553356, 0.7718377901127, 0.7725834171302, -0.802845681347, -0.8024165600456, -0.01550232241519, -0.01487107157635, 0.7720238636039, 0.7726289065144, 0, -0.8030063535869, -0.8023710496671, 5.551115123126e-17, -0, -0, -0, 0.001739598544387, 0.3940939542042, 0.3912159078846, 0.3940030338623, 0, 0.3912405632555, 0.3941848745462
13.525, 0.189909042894, -0.09081271768269, -0.2078758882688, -0.09077407946726, -0.01713190414311, 0.0007334382567067, -0.05732755065682, 0.001409380789797, 0, -431.0870524764, -2000, 270.0209102664, 2000, 7610.539418502, 3176.237701809, 7608.030562244, 3182.005576856, 26.90989891109, 35.77237252336, 22.8452816199, 24.43200279543, -240.2828176355, 6.88499111439, 240.9626017067, 6.231831630065, 5414.149871999, 4013.725008964, 5400.298463901, 3923.054677083, 3, -0.4125132969245, -39.67107447445, 0.5546032213937, 36.63396412406, -0.4970880215834, 1.252088927302, -0.5203901703733, 1.382488095183, 0, 0, 0.2144352768672, -0, -0, -0, -0, -0, 0.2144353203921, -0.001828334804392, 0, 0, 0, 0, 0, -0.00657062379667, -0.001828347609271, -0.02750245392403, -0.006570577779121, 0.02328422690751, -0.006570577779121, 76.03033108009, 76.0566487629, 76.03013587333, 76.05667804747, 187.692940784, -0.1901660394878, 0.2077395404331, 0, 1, 49.99994329444, 50, 50.00001404298, 0.0003510594829613, 0, 0, 0, 0, 0, 0, 0, 0, 187.6945513024, 184.7446860749, 187.6942315029, 184.7443644342, 187.692940784, 184.7445252638, 187.694551965, 184.7446860842, 0, 187.6942320455, 184.7443644434, -0.01210482529965, 0, -0.2021692687103, -0.01170073574977, 0.1955490239061, -0.01170073574977, 0.771762848698, 0.7725056901764, -0.802920599137, -0.802494287338, -0.01557628044174, -0.01494910448853, 0.7719506339212, 0.7725508739121, 0, -0.8030795938198, -0.8024490828892, -0, -0, -0, -0, 0.001740082750184, 0.3940948383588, 0.3912147958229, 0.3940045292639, 0, 0.391242401032, 0.3941851474537
13.55, 0.1898303098885, -0.05686179551671, -0.2079167977205, -0.05684653109024, -0.009716059377677, 0.0006992674691792, -0.05391454774096, 0.002603671238248, 0, -430.423630215, -2000, 272.1378588848, 2000, 7610.629566273, 3176.001634892, 7607.892600073, 3182.232416762, 24.28516486694, 32.37133170663, 25.3297653279, 27.57477719284, -240.7016830366, 7.056010323601, 240.5335950435, 6.250145431266, 5412.879018764, 4018.453775104, 5401.223918461, 3922.481121305, 3, -0.8252602474323, -25.43311960666, 0.8875056167161, 22.3610858156, -0.4959894760263, 1.24606162575, -0.5219894027293, 1.388483134062, 0, 0, 0.2143436595559, -0, -0, -0, -0, -0, 0.2143437098738, -0.001775357793143, 0, 0, 0, 0, 0, -0.00695486809956, -0.001775370216371, -0.02726863250501, -0.006954819432555, 0.02352707013052, -0.006954819432555, 76.17098260779, 76.19734735005, 76.17078620118, 76.19737895607, 188.0401637282, -0.1931780273832, 0.204729121193, 0, 1, 49.99994651541, 50, 50.0000088498, 0.0001778760107824, 0, 0, 0, 0, 0, 0, 0, 0, 188.0417745731, 185.0919068187, 188.0414528711, 185.0915884649, 188.0401637282, 185.0917476515, 188.0417752396, 185.0919068284, 0, 188.0414534112, 185.0915884746, -0.0120216660897, 0, -0.2050990359955, -0.01158116118917, 0.1926208703994, -0.01158116118917, 0.7716917462931, 0.7724254457534, -0.8029916596698, -0.8025745336754, -0.01564851884173, -0.01502670746002, 0.7718779361678, 0.7724732706512, 0, -0.8031523118609, -0.8025266855713, -0, -0, -0, -5.551115123126e-17, 0.001740674743905, 0.3940906993911, 0.3912173281659, 0.3939951090992, 0, 0.3912405568198, 0.394186289683
13.575, 0.1909122677945, 0.01035610521401, -0.2068409382297, 0.01035658675032, 0.006429946408376, 0.0008007929387192, -0.04649853353018, 0.007191734209211, 0, -442.4686080801, -2000, 280.0447499054, 2000, 7610.44423635, 3175.506695869, 7607.985692819, 3182.970039302, 28.42208162611, 24.41896071341, 20.89818608672, 34.46928664389, -240.6015756917, 8.218548400064, 240.6206361486, 6.842548075315, 5411.878938204, 4026.460254445, 5402.258765514, 3918.327446179, 3, 0.5574007538072, 5.736333809041, -0.4930892574112, -4.095109967925, -0.4977898324869, 1.233041455206, -0.5211582743094, 1.406223036659, 0, 0, 0.2142145490661, -0, -0, -0, -0, -0, 0.2142146180047, -0.001537906985029, 0, 0, 0, 0, 0, -0.007836080191876, -0.001537917733712, -0.02695142065059, -0.007836025424578, 0.02386148414203, -0.007836025424578, 76.31163398826, 76.33804620245, 76.31143679183, 76.33807968369, 188.387387082, -0.1953354996351, 0.2025751336379, 0, 1, 49.9999433105, 50, 49.99988680843, -0.0005437539948234, 0, 0, 0, 0, 0, 0, 0, 0, 188.3889975725, 185.4391273037, 188.3886748074, 185.4388133407, 188.387387082, 185.4389703329, 188.3889982379, 185.4391273145, 0, 188.3886753492, 185.4388133514, -0.0119547368125, 0, -0.2071908395045, -0.01142143246998, 0.1905325984111, -0.01142143246998, 0.7716220737682, 0.7723423096378, -0.8030612539802, -0.8026576737991, -0.01571877619173, -0.01510378501096, 0.7718060986375, 0.7723961919777, 0, -0.8032241888444, -0.8026037619996, -0, -0, 5.551115123126e-17, -0, 0.001741121334892, 0.3940868611544, 0.3912193213828, 0.3939791591552, 0, 0.3912384944273, 0.3941945631537
13.6, 0.1881311100641, -0.1427459949761, -0.209637507031, -0.1426506568776, -0.03070125386218, 0.0006107698626406, -0.06171582521489, -3.296639202752e-05, 0, -443.3304912551, -2000, 281.1982226294, 2000, 7610.271703272, 3176.978635741, 7608.1047475, 3182.000836021, 25.0643886337, 40.34189338415, 24.26055340095, 17.46444604239, -240.5203999862, 5.840331261369, 240.7320184041, 5.418734908917, 5411.993454631, 4010.200000674, 5402.40335204, 3934.698450453, 3, -1.568688547989, -59.68026890164, 1.667780619141, 61.394424068, -0.4994673429148, 1.268953719358, -0.5200456053458, 1.38058114498, 0, 0, 0.2141122690776, -0, -0, -0, -0, -0, 0.2141123001036, -0.001411775990752, 0, 0, 0, 0, 0, -0.005471384768064, -0.001411785848465, -0.02733080536615, -0.005471346564425, 0.02349566460839, -0.005471346564425, 76.45228118946, 76.47874539757, 76.45209148786, 76.4787801875, 188.7346100892, -0.1869555623857, 0.210956205418, 0, 1, 49.99994372693, 50, 49.99989271669, -0.0004702136513394, 0, 0, 0, 0, 0, 0, 0, 0, 188.7362128949, 185.7863515272, 188.7359041054, 185.7860348197, 188.7346100892, 185.786193181, 188.7362135421, 185.7863515348, 0, 188.7359046626, 185.7860348273, -0.01186658671414, 0, -0.1987213224136, -0.01152127308882, 0.1990032872934, -0.01152127308882, 0.7715471389241, 0.7722851004015, -0.8031361195465, -0.8027148749372, -0.01579048084322, -0.01517725473748, 0.7717337542289, 0.7723227257507, 0, -0.8032965562637, -0.8026772352257, 5.551115123126e-17, -0, -5.551115123126e-17, -5.551115123126e-17, 0.001741143092733, 0.3940867527339, 0.3912190920354, 0.394011551987, 0, 0.3912382074387, 0.3941619534808
13.625, 0.190244748374, -0.02018193915912, -0.2075893957643, -0.02018002939476, -0.001750219700196, 0.0007373390140297, -0.04978356726573, 2.357509082085e-05, 0, -442.2086619958, -2000, 280.5273809233, 2000, 7610.010780055, 3176.177330035, 7608.366553934, 3183.304447966, 28.11443976396, 28.98801648643, 21.98625291765, 32.39670507478, -240.5030160377, 7.336655746481, 240.7366681079, 6.307693787693, 5411.334762281, 4020.67209211, 5403.402302988, 3922.142375848, 3, 0.1562369622971, -10.77365217579, 0.07109890157089, 5.52681156052, -0.5020908933745, 1.247096973318, -0.5174183964984, 1.412671933323, 0, 0, 0.214059827826, -0, -0, -0, -0, -0, 0.2140598878835, -0.001118632503674, 0, 0, 0, 0, 0, -0.007140171085143, -0.001118640310689, -0.02671848818477, -0.007140121253702, 0.02410834572796, -0.007140121253702, 76.59293434641, 76.6194442523, 76.59274002191, 76.61948076016, 189.0818325275, -0.1936905025186, 0.2042210791321, 0, 1, 49.99994042543, 50, 50.0000760257, 0.000680659770265, 0, 0, 0, 0, 0, 0, 0, 0, 189.0834390096, 186.133571315, 189.0831221511, 186.1332602512, 189.0818325275, 186.1334157928, 189.0834396636, 186.1335713247, 0, 189.0831227036, 186.1332602609, -0.01182450897306, 0, -0.2054165434631, -0.01131596315592, 0.1923079239487, -0.01131596315592, 0.771479224104, 0.7721962348273, -0.8032040311637, -0.8028037466848, -0.01586056834145, -0.01525464512175, 0.7716616590315, 0.7722453334045, 0, -0.8033686507126, -0.8027546236481, -0, -0, -0, -0, 0.00174080098308, 0.3940888271511, 0.3912204061434, 0.3939906899843, 0, 0.3912362157588, 0.394186964318
13.65, 0.1883823545749, -0.1334666234072, -0.2094297388631, -0.1333833906676, -0.02978154316983, 0.0005579080823881, -0.06122526800642, -0.004203931215307, 0, -424.2592014526, -2000, 266.6246655254, 2000, 7609.964734807, 3177.021268046, 7608.481369678, 3182.123690575, 20.04284677605, 40.88070051003, 29.70446175453, 18.93311152446, -240.7665107635, 5.600990239555, 240.4920820034, 5.115711809621, 5411.178704544, 4008.572764305, 5403.801703642, 3936.385655687, 3, -2.412885689682, -59.18081178035, 2.608612527434, 54.23735501429, -0.5024735766978, 1.268980989418, -0.5163183355668, 1.384881148595, 0, 0, 0.2140874025997, -0, -0, -0, -0, -0, 0.2140874333994, -0.001016202151616, 0, 0, 0, 0, 0, -0.005231196509931, -0.00101620924559, -0.02679958644858, -0.005231159991877, 0.02402007723045, -0.005231159991877, 76.73358355714, 76.76014352679, 76.73339232586, 76.76018061609, 189.429054127, -0.1906226055158, 0.2072850138867, 0, 1, 49.99995304463, 50, 50.00008460268, 0.0007265419195339, 0, 0, 0, 0, 0, 0, 0, 0, 189.4306578587, 186.4807941072, 189.4303468917, 186.4804806576, 189.429054127, 186.4806373896, 189.4306585047, 186.4807941144, 0, 189.4303474512, 186.4804806648, -0.01175960410453, 0, -0.2022834044518, -0.01140275546279, 0.1954371036986, -0.01140275546279, 0.7714056970292, 0.772135851541, -0.8032775767082, -0.8028641238328, -0.01593291525323, -0.01532815565096, 0.7715886858798, 0.7721718254715, 0, -0.8034415931676, -0.8028281367734, -0, -5.551115123126e-17, -0, -0, 0.001740200750085, 0.3940866931583, 0.3912207167567, 0.394014793648, 0, 0.3912354203932, 0.3941585926686
13.675, 0.1880391875057, -0.1121571020116, -0.2098707697399, -0.1120986496089, -0.02406996275358, 0.0006598621189467, -0.05930135415078, -0.01077942498077, 0, -442.7695838665, -2000, 282.1622098767, 2000, 7609.704726963, 3177.204420333, 7608.805298639, 3182.672981035, 26.44464784247, 40.47395458274, 24.64808089649, 24.18967534753, -240.1835992006, 6.071951289236, 241.0638070863, 5.446388819354, 5412.079619539, 4006.339772784, 5402.960979596, 3931.056686016, 3, -0.8371282222554, -54.50126930868, 1.229661176868, 39.98782409651, -0.5051111444705, 1.271628412129, -0.5130117203921, 1.396311683943, 0, 0, 0.2141046769472, -0, -0, -0, -0, -0, 0.2141047115022, -0.0009211407906276, 0, 0, 0, 0, 0, -0.005455553334146, -0.0009211472220286, -0.02685420123969, -0.00545551524375, 0.02394191562088, -0.00545551524375, 76.87423322744, 76.90084272591, 76.87404403154, 76.90088025795, 189.7762757731, -0.1887346223653, 0.2091729393756, 0, 1, 49.9999401261, 50, 50.00032323449, 0.002259210417291, 0, 0, 0, 0, 0, 0, 0, 0, 189.7778776694, 186.8280155655, 189.7775706125, 186.827703948, 189.7762757731, 186.8278597642, 189.7778783106, 186.8280155729, 0, 189.7775711757, 186.8277039554, -0.01171935518058, 0, -0.2003549470845, -0.01133610524346, 0.1973655765089, -0.01133610524346, 0.7713322802899, 0.7720586132045, -0.803351132011, -0.802941363108, -0.01600545789921, -0.01540385059947, 0.7715156412335, 0.7720961304171, 0, -0.8035146154399, -0.8029038316161, -0, -0, -0, -0, 0.001739806757744, 0.3940942248482, 0.3912189219309, 0.3940192416944, 0, 0.3912370953655, 0.394169208002
13.7, 0.188211993154, -0.1614999867442, -0.2095981598397, -0.1613783209314, -0.037414323679, 0.0006262385696541, -0.06389067935847, -0.009268146144237, 0, -410.0950670965, -2000, 254.8712444508, 2000, 7609.879792225, 3176.653416915, 7608.723422272, 3182.077310625, 19.0155351425, 44.5423153344, 30.84643331503, 16.26795763122, -240.4547309137, 5.817294426801, 240.7954364613, 5.562483316178, 5411.885060978, 4010.21194843, 5403.11151305, 3933.079383126, 3, -3.093402008627, -71.97551752285, 3.295818502841, 65.51051365446, -0.5031921864733, 1.259924623169, -0.5139522150329, 1.386054345498, 0, 0, 0.2142124856752, -0, -0, -0, -0, -0, 0.2142125214898, -0.001002563805436, 0, 0, 0, 0, 0, -0.0055895798748, -0.001002570812383, -0.02684011620464, -0.005589540809326, 0.02394486916086, -0.005589540809326, 77.01488401957, 77.04154137816, 77.01469453897, 77.04158032111, 190.1234965562, -0.1896388089413, 0.2082639545899, 0, 1, 49.99995767396, 50, 50.00013157606, 0.001077842536703, 0, 0, 0, 0, 0, 0, 0, 0, 190.1250993435, 187.1752354116, 190.1247919877, 187.1749250645, 190.1234965562, 187.1750802456, 190.1250999872, 187.1752354192, 0, 190.1247925485, 187.1749250721, -0.0116778606824, 0, -0.2012176490683, -0.01128988981267, 0.1964980251234, -0.01128988981267, 0.7712584891973, 0.771981589744, -0.8034249569374, -0.8030183871745, -0.01607980900704, -0.01547995307549, 0.77144175414, 0.772020027889, 0, -0.8035884604173, -0.80297993404, -0, -0, -0, -0, 0.00173936424114, 0.3940883533722, 0.3912193095428, 0.3940115281083, 0, 0.3912367954897, 0.394165178636
13.725, 0.190624408942, 0.002230127196374, -0.2072513679977, 0.002230153968905, 0.00212171479348, 0.0007390536418896, -0.04733250670593, -0.007157408506418, 0, -442.1168190746, -2000, 281.0927503318, 2000, 7609.607580583, 3175.582743882, 7609.025853046, 3183.149827285, 28.85477892441, 27.94090448918, 21.94895364918, 36.0265287687, -240.3461565624, 7.224800189503, 240.8901898096, 6.146678904399, 5411.011481056, 4019.901941645, 5403.923665889, 3919.98087056, 3, 0.6404711013461, -4.616611159979, -0.3155517573557, -7.301119366036, -0.5059710715272, 1.232342069629, -0.5108534283111, 1.412726288283, 0, 0, 0.214289149789, -0, -0, -0, -0, -0, 0.2142892161427, -0.0006808910900254, 0, 0, 0, 0, 0, -0.007240998758428, -0.0006808958521996, -0.02628941501503, -0.007240948114971, 0.02447736467991, -0.007240948114971, 77.15553660321, 77.18224046226, 77.15534319139, 77.18227951466, 190.4707176346, -0.1949891100712, 0.2029151798045, 0, 1, 49.99994783603, 50, 50.00026941001, 0.002034364484707, 0, 0, 0, 0, 0, 0, 0, 0, 190.472324542, 187.5224545867, 190.4720099858, 187.5221487084, 190.4707176346, 187.5223016572, 190.4723251892, 187.5224545964, 0, 190.4720105434, 187.5221487181, -0.01167937648638, 0, -0.2065715276726, -0.01112732586232, 0.1911456750332, -0.01112732586232, 0.7711906190462, 0.7718955577875, -0.8034929425094, -0.8031044250879, -0.0161492626814, -0.0155546289721, 0.7713701245272, 0.7719453498881, 0, -0.8036600814061, -0.8030546078323, -0, -0, -0, 5.551115123126e-17, 0.001739267376566, 0.3940917470399, 0.3912210514851, 0.3939922240616, 0, 0.391235176119, 0.3941912700183
13.75, 0.1904708612646, 0.01209258620839, -0.2073530012608, 0.01209331387108, 0.005081011418837, 0.0008248625383084, -0.04615821614632, -0.001992034759774, 0, -434.9126254218, -2000, 275.394909283, 2000, 7609.563553773, 3175.308758948, 7609.092110205, 3183.141038163, 29.16771331456, 26.0333206285, 21.07432824676, 36.31589847894, -240.1584010369, 7.934811151931, 241.0816331939, 6.676694853854, 5410.638248511, 4019.294317744, 5404.212213483, 3917.822833281, 3, 0.5491872573405, 2.286668924191, -0.3288172399054, -9.384056351483, -0.5063605024883, 1.226669677537, -0.5102265059126, 1.412436609301, 0, 0, 0.2144011989368, -0, -0, -0, -0, -0, 0.214401268331, -0.0005974916539696, 0, 0, 0, 0, 0, -0.007353352904333, -0.0005974958372168, -0.02617314000588, -0.007353301421274, 0.0245899591183, -0.007353301421274, 77.29618731857, 77.32293947114, 77.29599367455, 77.32297911819, 190.8179383299, -0.1955668698702, 0.2023367178969, 0, 1, 49.99995320723, 50, 50.00014858574, 0.001308683222734, 0, 0, 0, 0, 0, 0, 0, 0, 190.8195461029, 187.8696752183, 190.8192313407, 187.8693703885, 190.8179383299, 187.8695228132, 190.8195467489, 187.8696752281, 0, 190.8192318992, 187.8693703983, -0.01165733365289, 0, -0.2071276336768, -0.01108918322092, 0.1905887843168, -0.01108918322092, 0.7711187507567, 0.7718207020473, -0.8035648261818, -0.8031792814247, -0.0162213669488, -0.01562871186874, 0.7712974626394, 0.7718712668964, 0, -0.8037327336663, -0.8031286906339, -0, -0, -0, -0, 0.001739235837974, 0.3940945015841, 0.3912217953396, 0.3939934343693, 0, 0.3912346009938, 0.3941955687989
13.775, 0.187914202969, -0.1101250937072, -0.2098565127952, -0.1100689782194, -0.02399096200564, 0.0007430476090816, -0.05875827159657, 0.002526120417414, 0, -442.6153362908, -2000, 280.6758596535, 2000, 7609.525751901, 3176.20644833, 7609.107577805, 3182.105442653, 25.87472436475, 37.20803411951, 23.57835520308, 21.612184779, -239.8464019438, 6.476548425705, 241.4208994948, 5.916682347562, 5412.402655073, 4007.557356435, 5402.273361637, 3927.883312746, 3, -0.9933542341859, -46.32274155864, 1.108595464964, 46.20237296604, -0.5066892631287, 1.250242112627, -0.5101276920911, 1.386110854588, 0, 0, 0.2144547778343, -0, -0, -0, -0, -0, 0.2144548176856, -0.000832557780769, 0, 0, 0, 0, 0, -0.0057737537491, -0.0008325636127098, -0.02677326850825, -0.0057737133051, 0.02399407078855, -0.0057737133051, 77.43683517621, 77.46363874696, 77.43664721266, 77.46367896819, 191.1651596884, -0.1889215472707, 0.208982954215, 0, 1, 49.99995659063, 50, 49.99995983612, 5.946341902219e-05, 0, 0, 0, 0, 0, 0, 0, 0, 191.1667626068, 188.2168982663, 191.1664582813, 188.2165905235, 191.1651596884, 188.2167444027, 191.1667632464, 188.2168982741, 0, 191.1664588455, 188.2165905312, -0.01161217965938, 0, -0.2004348407954, -0.01119515250043, 0.1972824289424, -0.01119515250043, 0.7710408580904, 0.7717582283827, -0.8036427005967, -0.8032417495488, -0.0162968993146, -0.01570204739129, 0.7712236661224, 0.7717979335777, 0, -0.803806540733, -0.8032020283603, -0, -0, 5.551115123126e-17, -0, 0.001739525914325, 0.3940961726313, 0.3912182786926, 0.3940168160145, 0, 0.3912384649733, 0.3941755292482
13.8, 0.1906606296955, 0.009641618268007, -0.2071339931672, 0.009642084682905, 0.004249437092444, 0.000909987974312, -0.04664310027774, 0.0001432640717122, 0, -428.2281105325, -2000, 268.8324056646, 2000, 7609.62275639, 3174.95218585, 7608.960938168, 3183.179544831, 28.38401470787, 26.22524566878, 21.54893304834, 35.43620471198, -239.8468196078, 8.464776992755, 241.3693085094, 7.14682843675, 5412.484812304, 4025.611815128, 5401.829875208, 3913.659394398, 3, 0.4068084776313, 2.200361301492, -0.2505272413457, -7.236727793849, -0.50560868146, 1.218336103591, -0.511726907561, 1.414289709007, 0, 0, 0.2144047929393, -0, -0, -0, -0, -0, 0.2144048736989, -0.00098655025306, 0, 0, 0, 0, 0, -0.008112876850976, -0.0009865571604736, -0.02651446011107, -0.008112820048349, 0.02426485707324, -0.008112820048349, 77.57748858823, 77.6043376087, 77.577295543, 77.60437933392, 191.5123822632, -0.1957955112838, 0.2021103941948, 0, 1, 49.9999567482, 50, 50.00007357013, 0.0005551498250395, 0, 0, 0, 0, 0, 0, 0, 0, 191.5139893927, 188.5641176075, 191.5136759568, 188.5638152988, 191.5123822632, 188.5639664639, 191.5139900477, 188.5641176182, 0, 191.5136765075, 188.5638153095, -0.01159810995175, 0, -0.2072957747463, -0.01099747077712, 0.1904228972186, -0.01099747077712, 0.7709694019953, 0.7716647966046, -0.8037140936708, -0.8033351901713, -0.0163710068671, -0.01577939511082, 0.7711504427293, 0.7717205824883, 0, -0.8038797832743, -0.80327937271, -0, -0, -0, -0, 0.001740143770804, 0.3940923554024, 0.3912181158545, 0.3939808490084, 0, 0.3912393476336, 0.3942038617965
13.825, 0.1893219116491, -0.1051528472082, -0.2084508738507, -0.1051014656159, -0.02305416435634, 0.0006998155600252, -0.05858595285004, 0.0002708465955157, 0, -433.984584518, -2000, 272.6590943794, 2000, 7609.700529004, 3176.19867998, 7608.804494903, 3182.003022964, 26.54570950576, 37.26401725669, 23.25765288301, 22.53133314374, -239.9551472987, 6.229284435347, 241.2628889175, 5.622663680789, 5412.509704663, 4012.602242141, 5401.631725153, 3930.398214395, 3, -0.6901248087916, -45.90583656337, 0.8026601575196, 42.84552464977, -0.5047280797347, 1.249787221883, -0.5134327138888, 1.383898460605, 0, 0, 0.2143110277751, -0, -0, -0, -0, -0, 0.2143110683598, -0.001079811635785, 0, 0, 0, 0, 0, -0.005957094517309, -0.001079819189564, -0.02695160313713, -0.005957052844966, 0.02384752494498, -0.005957052844966, 77.71813685155, 77.74503733987, 77.71794921596, 77.74507893647, 191.8596053233, -0.1894472895416, 0.2084604325714, 0, 1, 49.99995549624, 50, 50.00002353916, 0.0002627619471626, 0, 0, 0, 0, 0, 0, 0, 0, 191.8612068734, 188.9113420363, 191.8609033126, 188.9110357496, 191.8596053233, 188.9111889009, 191.8612075186, 188.9113420442, 0, 191.860903872, 188.9110357575, -0.01155476462183, 0, -0.2009025704327, -0.01114218101032, 0.1968179246933, -0.01114218101032, 0.7708944338827, 0.7716089405923, -0.8037889591409, -0.803391038139, -0.01644370025638, -0.01585007530453, 0.7710784594789, 0.7716499055484, 0, -0.8039517991461, -0.8033500561575, -0, -0, -0, -5.551115123126e-17, 0.001740726508126, 0.3940886428336, 0.3912180648755, 0.3940067663124, 0, 0.3912397435513, 0.3941705193548
13.85, 0.1910083877148, 0.01969636529255, -0.2068115957365, 0.01969821407982, 0.006790434442634, 0.0008568014674346, -0.04554635835123, -0.0007434388628443, 0, -431.8444899688, -2000, 271.7113530617, 2000, 7609.771556106, 3175.083653747, 7608.666274387, 3183.183425593, 29.24672645554, 25.27211171538, 20.91187518281, 36.81532827076, -240.1251198396, 8.27573373256, 241.0719345819, 6.9166635842, 5411.595147553, 4028.009630212, 5402.728705132, 3917.154300488, 3, 0.6430250175133, 5.931022335976, -0.4435890498778, -11.89146491405, -0.503919487663, 1.221147171785, -0.5149491071132, 1.413553786415, 0, 0, 0.214255940692, -0, -0, -0, -0, -0, 0.2142560192127, -0.001036040058096, 0, 0, 0, 0, 0, -0.008033373676462, -0.001036047301948, -0.02653138240585, -0.008033317508551, 0.02428114357525, -0.008033317508551, 77.85879012843, 77.88573624429, 77.85859774957, 77.88577921465, 192.2068279395, -0.1959599307218, 0.2019502655522, 0, 1, 49.99995526694, 50, 50.00010748011, 0.0008137693527114, 0, 0, 0, 0, 0, 0, 0, 0, 192.2084333895, 189.2585616986, 192.2081212684, 189.2582606917, 192.2068279395, 189.2584112057, 192.2084340452, 189.2585617092, 0, 192.2081218192, 189.2582607022, -0.01154011169519, 0, -0.2074022008546, -0.01095011364638, 0.1903207658101, -0.01095011364638, 0.7708260203419, 0.7715193623754, -0.8038573088351, -0.8034806243419, -0.01651453520169, -0.01592537696874, 0.7710071774408, 0.771574600909, 0, -0.8040231088911, -0.8034253548465, -0, -0, -0, 5.551115123126e-17, 0.001740897215272, 0.3940864862353, 0.3912198880414, 0.3939760725614, 0, 0.3912375570888, 0.3941968999093
13.875, 0.1883881611463, -0.1306222978106, -0.2093687239602, -0.1305426906149, -0.02970747868515, 0.0005826282801283, -0.06097486236409, -0.002524787373425, 0, -424.2755329625, -2000, 267.7189691539, 2000, 7609.88982175, 3176.383897979, 7608.548713596, 3181.629107995, 20.16425693497, 40.19430205246, 29.4317942808, 19.02641044305, -240.5992631555, 5.676393525851, 240.6387886676, 5.19599093808, 5411.604003602, 4010.761543374, 5403.077909653, 3935.162208767, 3, -2.315098431008, -57.16938483363, 2.39711054895, 53.85843880431, -0.5026171845407, 1.254608658474, -0.5162478963306, 1.375225787616, 0, 0, 0.2142954946108, -0, -0, -0, -0, -0, 0.2142955281791, -0.001091933439494, 0, 0, 0, 0, 0, -0.005478470992721, -0.001091941076964, -0.02686581852096, -0.005478432674105, 0.02395525237832, -0.005478432674105, 77.9994385855, 78.02643564677, 77.99925084662, 78.02647888333, 192.5540494891, -0.190709011392, 0.2071994045913, 0, 1, 49.99996653923, 50, 50.00006016538, 0.0005946624179934, 0, 0, 0, 0, 0, 0, 0, 0, 192.5556509807, 189.605785696, 192.5553473207, 189.6054800568, 192.5540494891, 189.6056328837, 192.5556516277, 189.6057857033, 0, 192.5553478792, 189.6054800641, -0.01149014440027, 0, -0.2021000088792, -0.01111862419666, 0.1956211114277, -0.01111862419666, 0.7707525317964, 0.7714672684434, -0.8039307370586, -0.8035327091007, -0.01658615821555, -0.01599503915677, 0.7709359724876, 0.7715049424155, 0, -0.8040943114751, -0.8034950207291, -0, 5.551115123126e-17, -5.551115123126e-17, -0, 0.001740539878795, 0.3940857315131, 0.3912198693358, 0.3940104333714, 0, 0.391236862399, 0.3941610296548
13.9, 0.1907256214163, 0.02343758704843, -0.2070826639194, 0.0234402056532, 0.007950213142408, 0.0008214494006939, -0.04495425643745, 0.002320080727486, 0, -439.1174511723, -2000, 278.323141436, 2000, 7609.722884928, 3175.259996204, 7608.731566753, 3183.022148151, 28.75210578095, 24.04158224052, 21.05942516203, 36.66317942001, -240.2587284772, 8.060232685244, 241.0020189776, 6.66813224424, 5411.790685397, 4022.931614543, 5403.238550126, 3917.539911343, 3, 0.7745908391361, 9.031081413825, -0.5975017665694, -12.14301985672, -0.504310242103, 1.22591567291, -0.5143915385525, 1.408989630594, 0, 0, 0.2143600092802, -0, -0, -0, -0, -0, 0.2143600803099, -0.0009795122130727, 0, 0, 0, 0, 0, -0.007637440099546, -0.0009795190683442, -0.02647477445563, -0.007637386648049, 0.02433665413396, -0.007637386648049, 78.14009126321, 78.16713458851, 78.13989949585, 78.16717870521, 192.9012707216, -0.1962405553805, 0.2016688938521, 0, 1, 49.99996084272, 50, 50.00005325115, 0.0006296266548086, 0, 0, 0, 0, 0, 0, 0, 0, 192.9028762294, 189.9530047692, 192.9025654093, 189.9527046504, 192.9012707216, 189.9528547198, 192.9028768844, 189.9530047792, 0, 192.9025659607, 189.9527046604, -0.01147917502026, 0, -0.2076220556464, -0.01091780434072, 0.1901000784863, -0.01091780434072, 0.7706847659174, 0.7713778513194, -0.8039985643454, -0.803622134079, -0.01665580137197, -0.01606960999697, 0.770865536313, 0.7714303687098, 0, -0.8041647430175, -0.8035695887037, 5.551115123126e-17, 5.551115123126e-17, -0, -5.551115123126e-17, 0.001740113887913, 0.3940911603177, 0.3912194987026, 0.3939861885027, 0, 0.3912365413006, 0.3941961321327
13.925, 0.1899822092716, -0.01096887144284, -0.2078573683379, -0.01096834063263, -3.077626956414e-05, 0.0008194410304531, -0.04870946883307, -0.001042161874966, 0, -440.3256028343, -2000, 278.943051043, 2000, 7609.742627597, 3175.531465171, 7608.764378529, 3182.907952135, 28.35541838609, 28.21091294598, 21.7784487451, 33.71640000653, -240.1204990213, 7.761771253981, 241.1389121779, 6.647354813356, 5412.403325573, 4018.807813861, 5402.596748775, 3917.427460831, 3, 0.3977631825735, -7.073782677297, -0.152780630035, 0.9638209880537, -0.504048049026, 1.23258687812, -0.514103930085, 1.405336811297, 0, 0, 0.2144174396693, -0, -0, -0, -0, -0, 0.2144175041423, -0.001064278665429, 0, 0, 0, 0, 0, -0.0073467488737, -0.001064286117943, -0.02665746460647, -0.007346697429087, 0.02414160081641, -0.007346697429087, 78.28074095036, 78.30783362169, 78.28055117383, 78.30787862312, 193.2484920508, -0.1942857443526, 0.2036222460027, 0, 1, 49.99995895876, 50, 50.00012212379, 0.0009876737589726, 0, 0, 0, 0, 0, 0, 0, 0, 193.2500960726, 190.3002265431, 193.2497890129, 190.2999266231, 193.2484920508, 190.3000765927, 193.2500967259, 190.3002265527, 0, 193.2497895656, 190.2999266327, -0.01144081718799, 0, -0.2056281637278, -0.01091057252505, 0.1920925083355, -0.01091057252505, 0.7706124457138, 0.7713073853051, -0.8040709482647, -0.8036925990863, -0.01672747874552, -0.01614207438188, 0.770794462977, 0.7713579048662, 0, -0.8042357955683, -0.80364205363, -0, -0, -5.551115123126e-17, -0, 0.001739869545236, 0.3940953799528, 0.3912182777256, 0.3939944035064, 0, 0.3912378203527, 0.3941963563992
13.95, 0.1892971824993, -0.06543786825322, -0.2085526714929, -0.06541798587481, -0.01347943096415, 0.0007311504446396, -0.05467691566328, -0.002734414975095, 0, -440.0082796021, -2000, 278.7436457731, 2000, 7609.801560837, 3175.926246385, 7608.740466223, 3182.405620442, 27.22008126351, 34.31832108941, 23.11901609568, 27.88076455925, -240.1157150625, 6.756776717445, 241.1313196744, 5.982105373804, 5412.732778411, 4014.229213262, 5401.976421001, 3922.629095044, 3, -0.3410836969247, -31.50850306232, 0.6110829914262, 23.38881506744, -0.5033760066304, 1.242619285202, -0.5144086146526, 1.393230643168, 0, 0, 0.2144234683398, -0, -0, -0, -0, -0, 0.2144235191275, -0.001160653970067, 0, 0, 0, 0, 0, -0.006638002790259, -0.001160662097898, -0.0269060103202, -0.006637956305936, 0.023883945826, -0.006637956305936, 78.42139031998, 78.44853283567, 78.4212033784, 78.44857850307, 193.5957140079, -0.1912971218104, 0.2066099566552, 0, 1, 49.99995818684, 50, 50.00016398906, 0.001143812785505, 0, 0, 0, 0, 0, 0, 0, 0, 193.5973154535, 190.6474487707, 193.5970136345, 190.6471481373, 193.5957140079, 190.6472984627, 193.5973161031, 190.6474487794, 0, 193.5970141899, 190.647148146, -0.01139968626447, 0, -0.2025974565645, -0.01093652273316, 0.1951223324833, -0.01093652273316, 0.7705399394639, 0.7712405830952, -0.8041435031769, -0.8037593987826, -0.01679897123579, -0.01621375031388, 0.7707236535245, 0.771286230055, 0, -0.804306591608, -0.8037137306828, -5.551115123126e-17, -5.551115123126e-17, -0, -0, 0.001739975784901, 0.3940947599963, 0.3912176206518, 0.3940035248194, 0, 0.3912390568026, 0.3941859951732
13.975, 0.1887885649715, -0.07862895571809, -0.2090884901964, -0.07860024862784, -0.01616124649594, 0.0007105586655198, -0.05599857327627, -0.008572758512797, 0, -441.914383812, -2000, 280.795422713, 2000, 7609.855874252, 3176.442523334, 7608.675281355, 3182.464006933, 27.12488427846, 36.75032572684, 23.85424783902, 27.78516671142, -240.1252782863, 6.57530649372, 241.0796974334, 5.832965669314, 5412.616045125, 4010.545003156, 5401.732807369, 3924.386482864, 3, -0.3662891615494, -39.78685522276, 0.6910727843785, 26.16406721957, -0.5027523406449, 1.254341691584, -0.5151456279888, 1.392548812312, 0, 0, 0.2143454985875, -0, -0, -0, -0, -0, 0.2143455424236, -0.00121742534196, 0, 0, 0, 0, 0, -0.006243665473541, -0.001217433861151, -0.02699022549735, -0.006243621782461, 0.02380003948735, -0.006243621782461, 78.56204068975, 78.58923225285, 78.56185485142, 78.58927877049, 193.9429368654, -0.1905768143402, 0.2073308240211, 0, 1, 49.99995276721, 50, 50.00029326237, 0.001834296516574, 0, 0, 0, 0, 0, 0, 0, 0, 193.944536725, 190.99467163, 193.9442370177, 190.9943710887, 193.9429368654, 190.9945213676, 193.9445373742, 190.9946716382, 0, 193.9442375733, 190.9943710969, -0.01135875241371, 0, -0.20183593087, -0.01093317297523, 0.1958844840079, -0.01093317297523, 0.7704689858226, 0.7711715526675, -0.8042144598028, -0.8038284280094, -0.01686972467052, -0.01628549226384, 0.7706532750219, 0.7712144887231, 0, -0.8043769754846, -0.8037854732508, -0, -5.551115123126e-17, -0, -0, 0.001740389388293, 0.3940966794469, 0.3912178529178, 0.3940108641882, 0, 0.3912395423271, 0.3941824947057
14, 0.1899039080455, -0.02156704615085, -0.207917588181, -0.021564918753, -0.002347614405524, 0.0008181219035135, -0.04990275821742, -0.001001915905344, 0, -440.2587208751, -2000, 278.459094898, 2000, 7609.913255586, 3175.78617612, 7608.574734594, 3182.939738229, 28.12213718816, 29.39432381543, 22.05257156722, 32.59374318268, -240.0769807647, 7.697633409403, 241.1362040913, 6.643409057228, 5412.606247168, 4020.803803721, 5401.663802634, 3919.537901206, 3, 0.2474834008774, -11.6545491366, -0.04051008195922, 5.493045953765, -0.5020967249491, 1.238735220447, -0.5162544722953, 1.404931444004, 0, 0, 0.214266188903, -0, -0, -0, -0, -0, 0.2142662508597, -0.001294323071518, 0, 0, 0, 0, 0, -0.007338454894571, -0.001294332122116, -0.02687164444128, -0.007338403580508, 0.02392855079221, -0.007338403580508, 78.70269264703, 78.72993125254, 78.70250484879, 78.72997939503, 194.2901598109, -0.1937204512295, 0.2041883934559, 0, 1, 49.99995765362, 50, 50.00010418187, 0.0006639257469379, 0, 0, 0, 0, 0, 0, 0, 0, 194.2917608007, 191.3418922083, 194.2914577476, 191.3415950215, 194.2901598109, 191.3417436244, 194.291761457, 191.3418922178, 0, 194.2914582973, 191.341595031, -0.01132226404957, 0, -0.204943581354, -0.01081114294661, 0.192778071001, -0.01081114294661, 0.7703995064857, 0.7710902909334, -0.8042838886173, -0.8039096939469, -0.01694045779774, -0.01635922656912, 0.7705829859878, 0.7711407529526, 0, -0.8044472819103, -0.8038592060909, -0, -0, -0, 5.551115123126e-17, 0.001740692425221, 0.3940912898902, 0.3912178728162, 0.3939904274383, 0, 0.3912396794212, 0.3941921523421
14.025, 0.1903569354257, -0.01203169601115, -0.2074346790786, -0.01203102945057, -0.0004804723742661, 0.0007754311103797, -0.04894807662103, 0.001581867048245, 0, -434.3408927682, -2000, 274.2573583299, 2000, 7609.981266355, 3175.699827875, 7608.472608741, 3182.818500951, 26.79617007628, 27.89902896414, 23.01929919837, 32.64829158601, -240.3001773769, 7.514872179639, 240.9373881193, 6.438392433053, 5412.334366075, 4023.606279417, 5402.06745452, 3922.058972382, 3, 0.06521353884864, -6.52432171257, 0.07989719101638, 2.836108679478, -0.5013316074848, 1.236938961296, -0.5173797446664, 1.403060564582, 0, 0, 0.2141978538889, -0, -0, -0, -0, -0, 0.21419791599, -0.001317428644111, 0, 0, 0, 0, 0, -0.007358847455001, -0.0013174378504, -0.02681538484762, -0.007358796031159, 0.02399504004858, -0.007358796031159, 78.84334382544, 78.87063051822, 78.84315561092, 78.87067960153, 194.6373826369, -0.1949521444973, 0.2029571060751, 0, 1, 49.99996424661, 50, 50.00005257086, 0.0003693106481119, 0, 0, 0, 0, 0, 0, 0, 0, 194.6389834703, 191.6891138307, 194.6386797977, 191.6888177718, 194.6373826369, 191.6889658108, 194.638984129, 191.6891138402, 0, 194.6386803456, 191.6888177814, -0.01128108187952, 0, -0.2061343426171, -0.0107701104605, 0.1915877362117, -0.0107701104605, 0.7703302451067, 0.7710184185707, -0.8043530932687, -0.8039815665939, -0.01701020666171, -0.01643095949182, 0.7705133407083, 0.7710690201002, 0, -0.8045169402505, -0.8039309390838, -0, -0, -0, -0, 0.00174073950147, 0.3940859875347, 0.3912184145919, 0.3939848447995, 0, 0.391238875144, 0.39418713027
14.05, 0.1898912826314, -0.03733731271497, -0.2079569934726, -0.03733083062262, -0.006547530512894, 0.0007157305608647, -0.05161986537313, -0.001903565193085, 0, -440.249958637, -2000, 278.9480236258, 2000, 7609.948393309, 3176.113523008, 7608.492920438, 3182.651436678, 27.84942442033, 31.14856048376, 22.47839422284, 30.76876810918, -240.3077895345, 6.874262368359, 240.9263650544, 5.977179207767, 5412.204525373, 4018.843395432, 5402.537327452, 3925.576107308, 3, 0.02059419323168, -19.12361228588, 0.2396302734411, 11.86667782493, -0.5016269205942, 1.246696106889, -0.5172192531552, 1.398128945896, 0, 0, 0.2141803850948, -0, -0, -0, -0, -0, 0.2141804370888, -0.001251591372042, 0, 0, 0, 0, 0, -0.00675881779335, -0.001251600116829, -0.02688202741167, -0.006758770570241, 0.02393018046742, -0.006758770570241, 78.98399356837, 79.01132989255, 78.98380756544, 79.01137926712, 194.9846048494, -0.19278938074, 0.205120479342, 0, 1, 49.99996101711, 50, 50.00015444133, 0.001110078926588, 0, 0, 0, 0, 0, 0, 0, 0, 194.9862034997, 192.0363361967, 194.9859039531, 192.0360400227, 194.9846048494, 192.0361881185, 194.986204153, 192.0363362055, 0, 194.9859045058, 192.0360400314, -0.01124027761228, 0, -0.2039305181902, -0.01077429988448, 0.1937921784979, -0.01077429988448, 0.7702608883222, 0.7709523688513, -0.8044224444713, -0.8040476142596, -0.01707871000726, -0.01650113507187, 0.7704444391062, 0.7709988455254, 0, -0.8045858481559, -0.8040011156691, -0, -0, 5.551115123126e-17, -0, 0.001740467777115, 0.3940872288291, 0.3912186730255, 0.3939943331244, 0, 0.3912379393275, 0.3941801245337
14.075, 0.1889104823432, -0.08719605945508, -0.2089474955563, -0.08716065912861, -0.01840254733024, 0.0006644548927294, -0.05686126187069, -0.001411311279979, 0, -430.7424036515, -2000, 270.4641225188, 2000, 7610.041950384, 3176.579548528, 7608.43998503, 3182.249849966, 22.77330081679, 36.15332205491, 27.2092463865, 24.8388860889, -240.4888788517, 6.42179881536, 240.7812929925, 5.755153946483, 5412.315995356, 4011.944388935, 5402.733887808, 3929.091960154, 3, -1.331948879778, -39.88178269542, 1.61989744287, 33.61004154752, -0.5005982410165, 1.258548602325, -0.5178238862168, 1.387800913924, 0, 0, 0.2142411290828, -0, -0, -0, -0, -0, 0.2142411685054, -0.001303503872014, 0, 0, 0, 0, 0, -0.006004082287561, -0.001303512984676, -0.02693942073507, -0.006004040313912, 0.02387026420615, -0.006004040313912, 79.12464382906, 79.15202906916, 79.12445878318, 79.15207937959, 195.3318261677, -0.1922912944601, 0.2056157979135, 0, 1, 49.99996969075, 50, 50.00014152454, 0.001040133015689, 0, 0, 0, 0, 0, 0, 0, 0, 195.3334242678, 192.3835583408, 195.3331266592, 192.3832616747, 195.3318261677, 192.3834100155, 195.3334249207, 192.3835583486, 0, 195.333127212, 192.3832616825, -0.0111908117749, 0, -0.2033827203216, -0.01079220058469, 0.194337165775, -0.01079220058469, 0.7701910404637, 0.770886867719, -0.8044922909708, -0.8041131129886, -0.01714848854194, -0.01657182577438, 0.7703749830317, 0.7709281559319, 0, -0.8046552853578, -0.8040718074806, -0, -0, -0, -5.551115123126e-17, 0.001739950571167, 0.3940905990822, 0.3912184507897, 0.3940080767432, 0, 0.3912375479437, 0.3941731214211
14.1, 0.1880576106927, -0.1413688779766, -0.2097574502554, -0.1412757971227, -0.03135108594403, 0.0006637175203122, -0.06182883269351, -0.005027353333101, 0, -438.6916878029, -2000, 277.0168062958, 2000, 7609.99679597, 3176.962641602, 7608.543101501, 3181.969011245, 25.50144240865, 41.55555606468, 24.43839695757, 18.80930426223, -240.07945125, 5.900884740306, 241.2020476437, 5.446170942844, 5413.470505551, 4006.775584227, 5401.57151266, 3930.997386535, 3, -1.35225285152, -62.14998035907, 1.555443567737, 57.54587337302, -0.5010260044535, 1.268112432366, -0.5167882879908, 1.380490186398, 0, 0, 0.2142881418222, -0, -0, -0, -0, -0, 0.2142881731712, -0.001404537463975, 0, 0, 0, 0, 0, -0.005491432694289, -0.001404547287263, -0.02732489254967, -0.00549139428765, 0.02346681281942, -0.00549139428765, 79.26529226862, 79.29272821634, 79.26511178796, 79.29277927285, 195.679047665, -0.1871869468069, 0.2107196583113, 0, 1, 49.99996789173, 50, 50.00009102376, 0.0007355818541924, 0, 0, 0, 0, 0, 0, 0, 0, 195.6806418511, 192.7307802549, 195.6803527141, 192.7304835237, 195.679047665, 192.7306318964, 195.6806424966, 192.730780262, 0, 195.680353272, 192.7304835308, -0.01114215835326, 0, -0.1982282204504, -0.01079456928242, 0.1994912051135, -0.01079456928242, 0.7701190555482, 0.7708194332769, -0.804564377525, -0.8041805460047, -0.01721864230958, -0.01664278526275, 0.7703056290825, 0.7708571971442, 0, -0.8047246179059, -0.8041427676697, -0, -0, -0, -0, 0.001739655745643, 0.3940938498127, 0.3912161497225, 0.3940183735205, 0, 0.3912398645699, 0.3941693261049
14.125, 0.188059813743, -0.1464633463338, -0.209781269927, -0.1463632982882, -0.03279588101144, 0.0006053811272678, -0.06233182500792, -0.007925972783366, 0, -441.7475629902, -2000, 280.2254656059, 2000, 7610.032647317, 3177.094546018, 7608.546922851, 3181.768130365, 25.42863125532, 42.64443979504, 24.81963452307, 18.56278868941, -240.1996110169, 5.50285074423, 241.0602216556, 5.00649565148, 5413.140102599, 4004.657815909, 5401.657333485, 3933.179710577, 3, -1.429627979748, -65.74830226608, 1.687972982038, 58.5259177248, -0.5006054567382, 1.271519037166, -0.516791206632, 1.37575655853, 0, 0, 0.2142991028271, -0, -0, -0, -0, -0, 0.2142991302552, -0.001388961047589, 0, 0, 0, 0, 0, -0.00517981710992, -0.00138897076293, -0.02732278454415, -0.00517978087899, 0.02345810846726, -0.00517978087899, 79.4059426788, 79.43342744715, 79.40576297919, 79.43347911607, 196.0262696107, -0.186881488059, 0.2110242159081, 0, 1, 49.99996678523, 50, 50.00015206416, 0.00105090334656, 0, 0, 0, 0, 0, 0, 0, 0, 196.0278631243, 193.0780020067, 196.0275754872, 193.0777056741, 196.0262696107, 193.0778538471, 196.0278637687, 193.0780020134, 0, 196.0275760459, 193.0777056808, -0.01110280222204, 0, -0.1978834061981, -0.01078006798443, 0.199835149213, -0.01078006798443, 0.7700504365302, 0.770751396237, -0.8046330545898, -0.804248582322, -0.01728715720425, -0.01671296529741, 0.7702369959889, 0.7707870175459, 0, -0.8047932354607, -0.8042129481408, -5.551115123126e-17, -0, -0, -0, 0.00173969086416, 0.3940937857138, 0.3912168079025, 0.3940225923821, 0, 0.3912396936364, 0.3941649790455
14.15, 0.1893813661888, -0.08058780780747, -0.2084134841561, -0.08055746042321, -0.01762189378124, 0.000607999398572, -0.05628497575395, 0.0002442688561138, 0, -427.9856484362, -2000, 269.3696888382, 2000, 7610.095309564, 3176.162803914, 7608.505790082, 3181.835150772, 22.92440446343, 35.16183302912, 26.85314375001, 24.69660927617, -240.6278209771, 6.040420866185, 240.6320030079, 5.364993061352, 5411.704895347, 4013.828917547, 5402.893158659, 3930.957578283, 3, -1.33616981622, -36.6037033711, 1.501682267309, 31.75614506747, -0.4999062377157, 1.249824056842, -0.5172625149574, 1.380503609358, 0, 0, 0.2143275451396, -0, -0, -0, -0, -0, 0.2143275850067, -0.00125297018715, 0, 0, 0, 0, 0, -0.006005452710859, -0.001252978953605, -0.02686828240453, -0.006005410693754, 0.02391178988123, -0.006005410693754, 79.54659550635, 79.57412648371, 79.5464118141, 79.57417894907, 196.3734914446, -0.1924947687017, 0.2054093409032, 0, 1, 49.99997740584, 50, 50.00010249262, 0.0007302394288326, 0, 0, 0, 0, 0, 0, 0, 0, 196.3750887338, 193.4252217503, 196.374793937, 193.4249282985, 196.3734914446, 193.4250750321, 196.3750893853, 193.425221758, 0, 196.3747944906, 193.4249283062, -0.0110780467452, 0, -0.2034736574427, -0.01067526769711, 0.1942432822463, -0.01067526769711, 0.7699855093872, 0.7706749671567, -0.8046979761326, -0.804325014157, -0.0173541311235, -0.01678371760546, 0.7701689667921, 0.7707162643999, 0, -0.8048612539396, -0.8042836996108, -0, -0, -0, -0, 0.001739776226744, 0.3940868638753, 0.3912196683483, 0.3940043227012, 0, 0.3912372305529, 0.3941694050494
14.175, 0.1895799851062, -0.03885233477775, -0.2082115249003, -0.03884535437841, -0.006914217781896, 0.0006985494745585, -0.05170204465369, 0.001513215262438, 0, -432.4083709118, -2000, 272.7791115407, 2000, 7609.995163102, 3175.963587354, 7608.584576322, 3182.13989445, 25.31158860715, 30.53685143578, 24.48055494875, 29.61534262292, -240.4150464206, 6.792005244853, 240.8419418109, 5.91230332912, 5411.719816569, 4015.388381001, 5402.873500296, 3927.66853818, 3, -0.4773633392532, -18.07920519866, 0.631528283873, 14.03298028081, -0.5009173846831, 1.244961227446, -0.5164734671673, 1.386924194568, 0, 0, 0.2143436269746, -0, -0, -0, -0, -0, 0.214343672818, -0.001193979826969, 0, 0, 0, 0, 0, -0.006356810121187, -0.001193988181949, -0.02674123734057, -0.006356765639136, 0.02404166989854, -0.006356765639136, 79.68724668317, 79.71482579789, 79.68706225947, 79.71487871162, 196.7207133366, -0.1939869219159, 0.2039183218221, 0, 1, 49.99997598145, 50, 50.00008540318, 0.0006905979893838, 0, 0, 0, 0, 0, 0, 0, 0, 196.7223113052, 193.7724428987, 196.7220153632, 193.7721512431, 196.7207133366, 193.772297079, 196.7223119583, 193.7724429068, 0, 196.7220159156, 193.7721512512, -0.01104686184243, 0, -0.2049351040586, -0.01060992876155, 0.1927829453424, -0.01060992876155, 0.769918159017, 0.7706020915796, -0.8047653166592, -0.8043978911097, -0.01742196491113, -0.01685417702018, 0.7701007489241, 0.770645804631, 0, -0.8049294813616, -0.8043541586714, -0, -0, -0, 5.551115123126e-17, 0.001739892360625, 0.3940885863005, 0.3912196390306, 0.3940012159396, 0, 0.3912372693418, 0.3941759566613
14.2, 0.1881486751197, -0.129344058464, -0.2096288706855, -0.1292663679458, -0.02823581301157, 0.0006946409973016, -0.06060932488415, -0.002277473201457, 0, -436.0364930087, -2000, 274.1884826231, 2000, 7609.949338012, 3176.691879913, 7608.604003962, 3181.568074647, 25.91310653626, 39.86396705952, 23.87977920402, 19.91930820297, -239.9101974379, 6.057089289482, 241.3451562713, 5.563214709173, 5413.436552926, 4006.869289557, 5401.255322489, 3933.226212249, 3, -1.147875785531, -56.09949993804, 1.274514690755, 52.95936701925, -0.5013620238548, 1.263178827199, -0.5163046228602, 1.371503144692, 0, 0, 0.2143730104566, -0, -0, -0, -0, -0, 0.2143730398234, -0.001397224740829, 0, 0, 0, 0, 0, -0.005336706560313, -0.001397234520714, -0.02727409330974, -0.005336669206246, 0.02351444955852, -0.005336669206246, 79.8278948292, 79.8555252206, 79.82771567185, 79.85557833772, 197.0679350784, -0.1879542342898, 0.209952079424, 0, 1, 49.99997469538, 50, 50.000060675, 0.0005541146754971, 0, 0, 0, 0, 0, 0, 0, 0, 197.0695283507, 194.119665642, 197.0692421964, 194.1193726158, 197.0679350784, 194.1195191358, 197.069528997, 194.1196656489, 0, 197.0692427537, 194.1193726227, -0.01099500883499, 0, -0.198848514412, -0.01065978718139, 0.1988705585563, -0.01065978718139, 0.7698453646608, 0.7705391337625, -0.8048380848119, -0.8044608458109, -0.01749263722805, -0.01692414937398, 0.7700315913647, 0.7705758335808, 0, -0.8049986507392, -0.8044241323287, -0, -0, -0, -0, 0.00173993282364, 0.3940915366353, 0.3912162175224, 0.3940181869571, 0, 0.3912404942973, 0.3941648863136
14.225, 0.1888504432074, -0.08557796975704, -0.2089888041017, -0.0855439867663, -0.01785126073557, 0.0007585166039394, -0.05668501961781, -0.0035011075852, 0, -436.1470479737, -2000, 276.2270889159, 2000, 7610.066172508, 3176.362858199, 7608.47237043, 3182.066921394, 26.94634505273, 36.55194194332, 23.44689322071, 25.86396832524, -239.8813230351, 6.739851628867, 241.350944142, 6.055858041412, 5414.06534147, 4012.258314961, 5400.617143525, 3925.433253804, 3, -0.6441447885688, -40.13088251318, 0.8933378373161, 31.69173310178, -0.500100623213, 1.254316317188, -0.51772094397, 1.38353093352, 0, 0, 0.2143870882737, -0, -0, -0, -0, -0, 0.2143871295743, -0.001592759214428, 0, 0, 0, 0, 0, -0.006291967830787, -0.001592770364422, -0.02730706187251, -0.006291923784618, 0.02348359758224, -0.006291923784618, 79.96854625898, 79.99622419964, 79.96836584311, 79.9962784283, 197.4151570057, -0.1903007995313, 0.2076063573167, 0, 1, 49.99997118248, 50, 50.00019032599, 0.001278477862974, 0, 0, 0, 0, 0, 0, 0, 0, 197.4167514701, 194.4668864144, 197.4164631196, 194.4665961823, 197.4151570057, 194.4667413063, 197.4167521247, 194.4668864224, 0, 197.4164636698, 194.4665961903, -0.01095773540475, 0, -0.2011576930869, -0.01055814142325, 0.1965622030274, -0.01055814142325, 0.7697761862044, 0.7704605339065, -0.8049072555294, -0.804539448849, -0.01756283147891, -0.01699618013102, 0.7699626373935, 0.7705038017501, 0, -0.8050676113306, -0.8044961620121, 5.551115123126e-17, -0, -0, -0, 0.001740019951777, 0.3940939303242, 0.3912149648485, 0.3940074511801, 0, 0.3912417656565, 0.3941804094682
14.25, 0.1903119975577, 0.00437459346352, -0.2075111502635, 0.004374692059769, 0.004036465008451, 0.0008682823054955, -0.04706865825051, -0.002775842771145, 0, -438.4715611567, -2000, 277.962472457, 2000, 7610.220127374, 3175.728544679, 7608.305625363, 3182.906243695, 28.39386878094, 27.05818452542, 21.91105331571, 35.78945745416, -240.0405351161, 8.23497050033, 241.1804527727, 6.972150532496, 5413.742359332, 4021.556002755, 5400.804099135, 3914.961177103, 3, 0.6625477393279, -1.334942778362, -0.4505334908443, -6.414967166317, -0.498446114207, 1.23802346678, -0.5195095960023, 1.403833574832, 0, 0, 0.2143669264257, -0, -0, -0, -0, -0, 0.2143669914909, -0.001694535228477, 0, 0, 0, 0, 0, -0.007724626999802, -0.001694547088715, -0.02709539356817, -0.007724572934631, 0.02369714350135, -0.007724572934631, 80.10919880348, 80.13692315259, 80.10901504362, 80.1369789057, 197.7623793229, -0.1953312291882, 0.2025765302216, 0, 1, 49.99997177388, 50, 50.00016665668, 0.001065342170276, 0, 0, 0, 0, 0, 0, 0, 0, 197.7639766501, 194.8141068377, 197.7636822964, 194.8138206286, 197.7623793229, 194.8139637428, 197.7639773158, 194.8141068474, 0, 197.7636828374, 194.8138206382, -0.01092324920379, 0, -0.2061544732672, -0.0104117940756, 0.1915660358113, -0.0104117940756, 0.7697095702725, 0.7703788418988, -0.8049738635081, -0.80462114641, -0.01763142882102, -0.01706802065797, 0.7698945764485, 0.7704319591827, 0, -0.8051356773836, -0.8045680004986, 5.551115123126e-17, 5.551115123126e-17, -0, -0, 0.001740221974458, 0.3940950988289, 0.3912156089253, 0.3939889286848, 0, 0.3912413926346, 0.394201268973
14.275, 0.1895454818323, -0.07146881512229, -0.208286251122, -0.07144497699104, -0.0145158290872, 0.0007468216623413, -0.0554059409766, -0.002516886977859, 0, -436.4656735556, -2000, 276.1564790008, 2000, 7610.361774898, 3176.337098631, 7608.134909625, 3182.479724253, 27.21418571007, 34.9841441357, 23.11216220204, 27.30280957659, -240.1579536114, 6.948259558744, 241.0611845546, 6.197009437824, 5413.337248884, 4016.239189098, 5401.04137205, 3921.754502192, 3, -0.5251276164885, -34.02484980211, 0.7565064497509, 26.15544589603, -0.4969170146475, 1.252901458871, -0.5213443822812, 1.392813324756, 0, 0, 0.2142947099367, -0, -0, -0, -0, -0, 0.2142947586015, -0.001758797906783, 0, 0, 0, 0, 0, -0.006847039305973, -0.00175881020851, -0.02737310685404, -0.006846991415387, 0.02342638766221, -0.006846991415387, 80.24984777485, 80.27762232078, 80.24966800372, 80.27767929105, 198.1096022465, -0.1910145509124, 0.2068938901374, 0, 1, 49.99997049181, 50, 50.00016157886, 0.0009426211857511, 0, 0, 0, 0, 0, 0, 0, 0, 198.1111953949, 195.1613297764, 198.1109084146, 195.1610428913, 198.1096022465, 195.1611863425, 198.1111960532, 195.161329785, 0, 198.1109089617, 195.1610428999, -0.01086917811135, 0, -0.2017826882893, -0.0104363862164, 0.1959385384975, -0.0104363862164, 0.7696404624925, 0.7703163682284, -0.8050429362483, -0.8046836168898, -0.01769909254455, -0.01713652914001, 0.769827365319, 0.7703634521729, 0, -0.8052029010568, -0.8046365104529, -0, -5.551115123126e-17, -5.551115123126e-17, -0, 0.00174054014424, 0.3940936289676, 0.3912164150168, 0.3939995207144, 0, 0.3912409207397, 0.3941877372208
14.3, 0.19101647391, 0.02193212316521, -0.2067810044864, 0.02193437161279, 0.008006421456799, 0.0008191885241084, -0.04522496676728, 0.001621500029277, 0, -439.1518706007, -2000, 277.7213837531, 2000, 7610.329113612, 3175.700155171, 7608.13187046, 3183.15735399, 28.78109362173, 24.40082146012, 21.11408673689, 36.69749895871, -240.3849653682, 8.195699929643, 240.832870149, 6.784535232589, 5412.174213093, 4025.420017926, 5402.149627261, 3916.64614057, 3, 0.7301157733169, 7.95490399795, -0.5742524019898, -11.70132151021, -0.4972159649596, 1.237020803145, -0.5214217513932, 1.409778272622, 0, 0, 0.2142006689264, -0, -0, -0, -0, -0, 0.2142007381038, -0.00159978674318, 0, 0, 0, 0, 0, -0.007882536656305, -0.001599797922902, -0.02694452265382, -0.007882481571456, 0.02386211698883, -0.007882481571456, 80.39050052003, 80.41832148414, 80.39031731686, 80.41837989627, 198.4568254313, -0.1961217926139, 0.2017877781276, 0, 1, 49.99997275586, 50, 50.00005722704, 0.0002974147314566, 0, 0, 0, 0, 0, 0, 0, 0, 198.4584209862, 195.5085505712, 198.4581279079, 195.5082673612, 198.4568254313, 195.508408976, 198.4584216504, 195.508550581, 0, 198.4581284507, 195.5082673709, -0.0108349339569, 0, -0.2068573673672, -0.01030269212122, 0.1908650433958, -0.01030269212122, 0.7695773166535, 0.7702395780059, -0.8051060474338, -0.8047604114362, -0.01776400088058, -0.01720619974168, 0.7697612941504, 0.7702937800744, 0, -0.8052689867066, -0.8047061795578, -0, 5.551115123126e-17, -0, -0, 0.001740780434853, 0.3940895718099, 0.3912187332081, 0.3939812312956, 0, 0.3912387118324, 0.3941979123242
14.325, 0.1881500609009, -0.1463674895149, -0.2096924190259, -0.1462674363861, -0.03263077231378, 0.0006013739325266, -0.06243465526786, -0.008413886937841, 0, -440.7299471464, -2000, 278.9667073388, 2000, 7610.23122037, 3177.202161476, 7608.201762442, 3181.996495113, 25.49771241481, 42.80426828792, 24.85563273498, 18.83152721416, -240.3722004099, 5.648538418989, 240.8547954719, 5.162823356863, 5412.367475562, 4008.710186337, 5402.090659296, 3934.23810488, 3, -1.51345875178, -66.05495553188, 1.766371171348, 58.25450690656, -0.4982048045463, 1.273682142252, -0.5207294626869, 1.379952060896, 0, 0, 0.2141170064183, -0, -0, -0, -0, -0, 0.2141170355524, -0.00153201105987, 0, 0, 0, 0, 0, -0.005396782067354, -0.001532021757597, -0.02742248039051, -0.005396744382958, 0.02339131041968, -0.005396744382958, 80.53114756321, 80.55902099621, 80.53097227499, 80.55907995432, 198.8040484739, -0.1868243524897, 0.2110856659516, 0, 1, 49.9999719154, 50, 50.00016775863, 0.0009913381416068, 0, 0, 0, 0, 0, 0, 0, 0, 198.8056361959, 195.855775319, 198.8053576469, 195.8554882581, 198.8040484739, 195.8556317953, 198.8056368413, 195.8557753258, 0, 198.8053582051, 195.8554882649, -0.01077222365517, 0, -0.1974954039247, -0.0104427802275, 0.2002274997109, -0.0104427802275, 0.7695079455819, 0.7701910393441, -0.8051753824092, -0.8048089414826, -0.01782985216929, -0.01727183147786, 0.7696951865029, 0.7702281519488, 0, -0.8053351068014, -0.8047718149045, -0, -0, -0, -0, 0.001740792858747, 0.3940886951729, 0.3912183466747, 0.3940145197933, 0, 0.3912388306241, 0.3941628705525
14.35, 0.1882901689472, -0.1301966808708, -0.2096202534272, -0.1301175189004, -0.02917662335283, 0.0005815744616547, -0.06126207248139, -0.01318081537397, 0, -442.4481494565, -2000, 281.9472552074, 2000, 7610.027405684, 3177.143636755, 7608.418229657, 3182.292074645, 26.04301500101, 42.69338272493, 25.16627964863, 22.08236191573, -240.471049251, 5.615061696825, 240.746247098, 5.032612867517, 5411.958448362, 4008.897039947, 5402.795524732, 3932.434755444, 3, -1.153834346742, -63.01928324001, 1.544966259862, 47.59590381626, -0.5003130759946, 1.270763295825, -0.5184915459463, 1.38750677061, 0, 0, 0.2141102537043, -0, -0, -0, -0, -0, 0.2141102865653, -0.001295341107296, 0, 0, 0, 0, 0, -0.005541006475421, -0.001295350151833, -0.02719413528824, -0.00554096778638, 0.02361631327843, -0.00554096778638, 80.67179850894, 80.69972013089, 80.67162305968, 80.69977993307, 199.1512706513, -0.1876393889671, 0.2102703183826, 0, 1, 49.99996992192, 50, 50.0003748531, 0.002341782557052, 0, 0, 0, 0, 0, 0, 0, 0, 199.1528584387, 196.2029968297, 199.152579668, 196.2027114731, 199.1512706513, 196.2028541583, 199.1528590813, 196.2029968366, 0, 199.1525802294, 196.20271148, -0.01074124454081, 0, -0.1982803230923, -0.01038078179058, 0.1994422877586, -0.01038078179058, 0.7694439390749, 0.7701222177168, -0.805239407191, -0.8048777637979, -0.01789387515073, -0.01733966130396, 0.7696296212317, 0.7701603220884, 0, -0.8054006674137, -0.8048396446963, -0, 5.551115123126e-17, -5.551115123126e-17, -0, 0.001740433206225, 0.3940903051338, 0.391219162213, 0.3940141474803, 0, 0.3912374258796, 0.3941664627874
14.375, 0.1899001352156, -0.05781908892714, -0.2079185746787, -0.05780348345501, -0.01217144435349, 0.0006599837999945, -0.05400024517754, 0.0001436557260355, 0, -423.3236822597, -2000, 265.8460312323, 2000, 7609.939016492, 3176.073354473, 7608.575798886, 3182.554583813, 24.69747847734, 33.02250289397, 25.21985394056, 27.59676821587, -240.6353538637, 6.576583033705, 240.6514257599, 5.80694173789, 5411.077792576, 4017.025122714, 5404.027191815, 3926.554042037, 3, -1.063715689885, -27.19902305549, 1.271883730695, 21.64839120904, -0.5012176270213, 1.245915302261, -0.5168630223759, 1.396907872441, 0, 0, 0.2142305406748, -0, -0, -0, -0, -0, 0.2142305909635, -0.001064971228753, 0, 0, 0, 0, 0, -0.006556184535175, -0.001064978673123, -0.02667245541116, -0.006556138706387, 0.0241293668183, -0.006556138706387, 80.81245125057, 80.84041889201, 80.81227172673, 80.8404799754, 199.4984914661, -0.1932032480539, 0.2047030809848, 0, 1, 49.9999847499, 50, 50.00014288984, 0.001037901351312, 0, 0, 0, 0, 0, 0, 0, 0, 199.5000836512, 196.5502159764, 199.4997977296, 196.5499340546, 199.4984914661, 196.5500750236, 199.5000842991, 196.5502159845, 0, 199.4997982872, 196.5499340626, -0.01071977523165, 0, -0.2038246464287, -0.01025583054235, 0.1938945148357, -0.01025583054235, 0.7693816336629, 0.7700463249664, -0.8053017403515, -0.8049536601129, -0.0179581133131, -0.01740857357135, 0.7695637545331, 0.7700914086573, 0, -0.8054665028996, -0.8049085558, -0, -0, -5.551115123126e-17, -0, 0.001739724708953, 0.394088065981, 0.3912209181816, 0.3939979553435, 0, 0.3912349709, 0.3941781766186
14.4, 0.190751517543, 0.01843080420243, -0.2070513525361, 0.01843243714766, 0.00664572190578, 0.0008227188736177, -0.04553365811535, 0.001261145601867, 0, -431.9244361963, -2000, 273.3593164438, 2000, 7609.725600922, 3175.452782963, 7608.858499348, 3183.222990431, 28.8405699736, 24.82435570115, 21.04003603288, 36.25438669193, -240.2864082286, 8.066002559132, 240.9893952016, 6.725027064811, 5411.36497451, 4021.407573033, 5403.791418112, 3916.916771988, 3, 0.5121006852595, 6.375996503271, -0.337681372586, -10.52541232103, -0.5034406966672, 1.230442561221, -0.5139125971814, 1.41329689136, 0, 0, 0.2143313422693, -0, -0, -0, -0, -0, 0.2143314126075, -0.000922213772039, 0, 0, 0, 0, 0, -0.007572154242585, -0.0009222202245722, -0.02641062269706, -0.007572101262171, 0.02437155365902, -0.007572101262171, 80.95310284355, 80.9811179267, 80.95292146182, 80.98117978146, 199.8457124431, -0.1960226173566, 0.2018827225234, 0, 1, 49.99998276967, 50, 50.00010234079, 0.0008297580366833, 0, 0, 0, 0, 0, 0, 0, 0, 199.8473069231, 196.8974360583, 199.8470177867, 196.8971573374, 199.8457124431, 196.897296707, 199.8473075735, 196.8974360675, 0, 199.8470183417, 196.8971573466, -0.01069986856714, 0, -0.2066250624102, -0.01013938510802, 0.1910930964386, -0.01013938510802, 0.7693171522786, 0.7699701823865, -0.8053663286971, -0.8050298067058, -0.01802345448686, -0.01747772953924, 0.7694974850467, 0.7700222512526, 0, -0.8055327451965, -0.8049777103311, -0, -0, -0, -0, 0.00173931242291, 0.3940932990036, 0.3912203469343, 0.3939892245015, 0, 0.3912354398687, 0.3941973735058
14.425, 0.1880124721366, -0.1403751450414, -0.2097843574504, -0.1402833999609, -0.03199144934628, 0.0006156375649085, -0.06182898429791, -0.005177625388589, 0, -423.7515550888, -2000, 265.810708899, 2000, 7609.80011473, 3176.55150379, 7608.838878793, 3181.74693934, 19.69959755439, 41.60717136492, 29.99870903222, 18.4324651982, -240.4665012023, 5.814600113838, 240.7888498694, 5.390515659926, 5412.016305953, 4006.309550041, 5402.873246251, 3932.203286072, 3, -2.477526940071, -62.05920567018, 2.652975306606, 57.0456261168, -0.5026479860782, 1.258895459807, -0.5141267365541, 1.377480614218, 0, 0, 0.214399674501, -0, -0, -0, -0, -0, 0.2143997068521, -0.001057633323586, 0, 0, 0, 0, 0, -0.005370272403288, -0.00105764072834, -0.02684063850484, -0.005370234804926, 0.02393462069312, -0.005370234804926, 81.09375114584, 81.12181724652, 81.09357467115, 81.12187954405, 200.1929338425, -0.1904352035775, 0.2074671396972, 0, 1, 49.99998949674, 50, 50.00011994705, 0.0007941349362534, 0, 0, 0, 0, 0, 0, 0, 0, 200.1945243081, 197.2446596358, 200.1942441455, 197.2443769331, 200.1929338425, 197.2445182911, 200.194524951, 197.2446596424, 0, 200.1942447066, 197.2443769397, -0.01064944879061, 0, -0.2009855501531, -0.01028423711929, 0.1967295791261, -0.01028423711929, 0.7692468627738, 0.7699190136423, -0.8054366414921, -0.8050809679042, -0.018091798622, -0.01754403946219, 0.7694301311628, 0.7699559443929, 0, -0.805600075188, -0.8050440233172, -0, 5.551115123126e-17, 5.551115123126e-17, -0, 0.001739290758413, 0.394093112974, 0.391219048097, 0.3940193019544, 0, 0.3912372701539, 0.3941669239936
14.45, 0.189431982817, -0.04753320529276, -0.2084013776692, -0.04752279092688, -0.009170884622927, 0.0007565477631325, -0.05264086782907, -0.002205689896536, 0, -442.0374208167, -2000, 280.2313396765, 2000, 7609.663640278, 3175.980543477, 7608.958292173, 3182.618858061, 27.61425865692, 32.25712364943, 22.69230048445, 29.88627982597, -240.0432373473, 6.980448600233, 241.1881313156, 6.109633900769, 5412.346705354, 4014.283568022, 5402.166465884, 3922.589638197, 3, -0.08345857828039, -23.50385905984, 0.32318015143, 15.89721000352, -0.504069074952, 1.243862520672, -0.5128810994516, 1.397953410282, 0, 0, 0.2143695734703, -0, -0, -0, -0, -0, 0.2143696254847, -0.001040911175525, 0, 0, 0, 0, 0, -0.006644801029993, -0.001040918461157, -0.02673925316574, -0.006644754521452, 0.02403022931894, -0.006644754521452, 81.23440259939, 81.26251649126, 81.23422497607, 81.26257953831, 200.5401563323, -0.1923432717369, 0.2055615973897, 0, 1, 49.99997818022, 50, 50.00016890237, 0.00106230076435, 0, 0, 0, 0, 0, 0, 0, 0, 200.5417475869, 197.5918803568, 200.5414654287, 197.5916010924, 200.5401563323, 197.5917407327, 200.5417482334, 197.5918803649, 0, 200.5414659867, 197.5916011005, -0.01063246810107, 0, -0.2028770440286, -0.01015915896093, 0.1948406586453, -0.01015915896093, 0.769181106348, 0.7698408710525, -0.8055024475667, -0.8051591147808, -0.01815816024235, -0.01761341757612, 0.7693636821477, 0.7698865647489, 0, -0.8056665347196, -0.8051133999011, -0, -0, -0, -0, 0.001739752531569, 0.3940947451523, 0.3912183902546, 0.3940034165376, 0, 0.3912386778095, 0.3941860737671
14.475, 0.1891064003239, -0.09174340728264, -0.2086687308836, -0.09170425950226, -0.0201596322548, 0.0006999211509047, -0.0574407985593, -0.0009246894221406, 0, -418.5805268445, -2000, 262.2525960025, 2000, 7609.856772871, 3176.161486813, 7608.731139789, 3182.17718817, 22.85831875222, 36.70941543421, 26.98930741396, 23.98798711567, -240.2493720072, 6.516329498145, 240.9804267737, 5.890379598386, 5412.028327578, 4013.82491548, 5402.188190864, 3927.826951175, 3, -1.650715977269, -41.54338451325, 1.775051934029, 35.97235818931, -0.5020317244696, 1.248942435117, -0.5152730435032, 1.38794781195, 0, 0, 0.2143157736371, -0, -0, -0, -0, -0, 0.2143158176442, -0.001176759878963, 0, 0, 0, 0, 0, -0.006232030420976, -0.001176768111305, -0.02684275172933, -0.00623198682341, 0.02394054211728, -0.00623198682341, 81.3750532936, 81.4032158161, 81.37487627077, 81.40327997335, 200.8873791323, -0.1921081963387, 0.2057962882137, 0, 1, 49.99998643245, 50, 50.00011810844, 0.0006374980435519, 0, 0, 0, 0, 0, 0, 0, 0, 200.8889693956, 197.9391026909, 200.8886884882, 197.9388232566, 200.8873791323, 197.9389629814, 200.8889700437, 197.9391026985, 0, 200.8886890449, 197.9388232642, -0.01059319164218, 0, -0.2026023280236, -0.01016533581414, 0.1951149846866, -0.01016533581414, 0.7691135628731, 0.769775768595, -0.8055699080961, -0.8052242159332, -0.01822584540792, -0.01768135901852, 0.7692968456618, 0.769818623929, 0, -0.8057333828115, -0.805181341966, -0, -0, -0, -0, 0.001740223932577, 0.3940899858495, 0.3912190241428, 0.394004330507, 0, 0.3912386347891, 0.3941756411919
14.5, 0.1907308066387, 0.002716516853271, -0.2070868256801, 0.002716556200119, 0.002567411337806, 0.0008248082598646, -0.04738037543657, -0.001077328512374, 0, -432.3399782417, -2000, 271.9586627526, 2000, 7609.771967413, 3175.361552571, 7608.734464568, 3183.017460821, 28.85316441871, 27.00062703481, 21.30520522523, 34.89692951795, -240.0921195212, 7.848332862369, 241.1099492138, 6.666734085133, 5411.927186869, 4025.595110709, 5402.372279679, 3919.223630953, 3, 0.4186361533024, -1.444327502943, -0.2194279725827, -4.693546511564, -0.5029087123071, 1.228244913193, -0.5152508419564, 1.4090993139, 0, 0, 0.214243376373, -0, -0, -0, -0, -0, 0.2142434471937, -0.00113123116085, 0, 0, 0, 0, 0, -0.007708441689381, -0.001131239069337, -0.02665314483203, -0.007708387799662, 0.02414289449972, -0.007708387799662, 81.51570525785, 81.54391511831, 81.51552629385, 81.5439799723, 201.2346021405, -0.1950401982998, 0.2028680429459, 0, 1, 49.99998151424, 50, 50.00013434353, 0.0007876065155053, 0, 0, 0, 0, 0, 0, 0, 0, 201.2361936471, 198.2863231798, 201.2359092521, 198.2860476883, 201.2346021405, 198.2861854433, 201.2361942999, 198.286323189, 0, 201.2359098051, 198.2860476975, -0.01057706624258, 0, -0.2055189670431, -0.01002190515882, 0.1922021170423, -0.01002190515882, 0.7690492927182, 0.7696968071854, -0.805634126693, -0.8053031829746, -0.01829108327125, -0.01775016873483, 0.7692312809285, 0.7697498120913, 0, -0.8057989830177, -0.805250149561, -0, -5.551115123126e-17, -0, -0, 0.001740566746147, 0.3940868303561, 0.3912192262227, 0.3939808826681, 0, 0.3912382674985, 0.3941927780442
14.525, 0.1896210364855, -0.08976507372363, -0.2081558573653, -0.08972767770315, -0.01916252857485, 0.0007034325756871, -0.05706890880829, 0.002102237367587, 0, -432.3756438598, -2000, 271.3650630685, 2000, 7609.766507956, 3176.268339691, 7608.706850153, 3182.092704614, 26.97747302592, 35.40724957062, 22.76971097362, 24.16732695201, -240.0652318442, 6.391630917633, 241.1788823078, 5.726184136659, 5412.248434147, 4013.964975412, 5402.36008316, 3930.921061236, 3, -0.4411697276373, -38.9400863722, 0.5606603468134, 36.56029229924, -0.5029541841093, 1.251541948736, -0.5155542205243, 1.385339704752, 0, 0, 0.2142491839353, -0, -0, -0, -0, -0, 0.2142492248388, -0.001152075442368, 0, 0, 0, 0, 0, -0.00601795869811, -0.001152083497016, -0.02694112868542, -0.006017916624289, 0.02386783437782, -0.006017916624289, 81.65635408677, 81.68461469113, 81.65617923895, 81.68467951248, 201.5818242497, -0.1902971276499, 0.2076110586828, 0, 1, 49.99998563354, 50, 50.000053906, 0.0004293704159863, 0, 0, 0, 0, 0, 0, 0, 0, 201.5834119806, 198.6335466943, 201.5831352125, 198.6332684182, 201.5818242497, 198.6334075635, 201.5834126251, 198.6335467016, 0, 201.5831357728, 198.6332684255, -0.01053509504836, 0, -0.2007328125196, -0.01012320259926, 0.1969881632847, -0.01012320259926, 0.7689819107837, 0.7696435320008, -0.8057014331687, -0.8053564521034, -0.01835672772518, -0.01781506814979, 0.7691658651069, 0.7696849152148, 0, -0.8058644112484, -0.8053150515143, -5.551115123126e-17, -5.551115123126e-17, -0, -0, 0.001740433492284, 0.394086764722, 0.3912185853683, 0.3940040516606, 0, 0.3912382925813, 0.3941694777835
14.55, 0.190012523046, -0.001291412372165, -0.2078561527989, -0.001291408753335, 0.002467414609079, 0.0008645217439469, -0.04766456178409, -0.005596187437264, 0, -441.2085205327, -2000, 280.1060158495, 2000, 7609.790094811, 3175.831582724, 7608.682359097, 3183.42860802, 28.71406299882, 28.19283288966, 21.93870394274, 35.91831086879, -240.0493673765, 8.180082498037, 241.1729882104, 6.972944704046, 5412.609246347, 4020.74848287, 5402.243741283, 3914.798102376, 3, 0.6352905224947, -5.043603709362, -0.3338725709955, -5.401419862895, -0.5026947958741, 1.238404788014, -0.5158255428463, 1.416029903067, 0, 0, 0.2142640503036, -0, -0, -0, -0, -0, 0.2142641195843, -0.001218155563735, 0, 0, 0, 0, 0, -0.00767792582206, -0.001218164081558, -0.02674511420589, -0.007677872135318, 0.02405999425194, -0.007677872135318, 81.79700641536, 81.82531349821, 81.79682852803, 81.82538015873, 201.9290461619, -0.1948458327265, 0.2030632927749, 0, 1, 49.99997951652, 50, 50.00025575275, 0.00162787017102, 0, 0, 0, 0, 0, 0, 0, 0, 201.9306367306, 198.98076747, 201.9303544878, 198.9804935851, 201.9290461619, 198.9806305367, 201.9306373849, 198.9807674792, 0, 201.9303550397, 198.9804935943, -0.01050911003569, 0, -0.2052562907517, -0.00996345841972, 0.1924656258938, -0.00996345841972, 0.7689175914082, 0.7695626521438, -0.8057657807611, -0.8054373381838, -0.01842274549521, -0.01788453251287, 0.7691002069559, 0.7696154485097, 0, -0.8059300711182, -0.8053845135354, -0, -0, 5.551115123126e-17, -0, 0.00174019630777, 0.3940960655998, 0.391217867246, 0.3939905373333, 0, 0.3912385237892, 0.3942015938663
14.575, 0.1889993290241, -0.1244818375768, -0.2087996511693, -0.1244094565421, -0.02838659851348, 0.0006546748253062, -0.06074424660969, -0.004113084867061, 0, -415.222424267, -2000, 259.744805565, 2000, 7610.020539843, 3176.37166544, 7608.503373973, 3182.197075375, 21.05614020256, 40.38909812201, 28.77519924323, 20.35947641944, -240.4521072399, 6.193218480443, 240.8029717863, 5.729405125827, 5412.50982884, 4013.194756474, 5402.312186932, 3926.790805604, 3, -2.326861199642, -55.99020464916, 2.499681839706, 49.95586178384, -0.5002637807651, 1.253366491986, -0.517718233427, 1.38834256138, 0, 0, 0.2143063691501, -0, -0, -0, -0, -0, 0.2143064120832, -0.001352714666621, 0, 0, 0, 0, 0, -0.006261451120618, -0.001352724129072, -0.02705414312616, -0.006261407321077, 0.02374829786499, -0.006261407321077, 81.93765546369, 81.96601249859, 81.9374811506, 81.96608034975, 202.2762679156, -0.190900562449, 0.2070051271621, 0, 1, 49.99999160536, 50, 50.00014400617, 0.0008250835859488, 0, 0, 0, 0, 0, 0, 0, 0, 202.2778554669, 199.3279900089, 202.2775798473, 199.3277139438, 202.2762679156, 199.3278519839, 202.2778561157, 199.3279900165, 0, 202.2775804033, 199.3277139513, -0.01045901079062, 0, -0.2012597186986, -0.01004277236393, 0.1964587355477, -0.01004277236393, 0.7688500449227, 0.769506824374, -0.8058333215352, -0.8054931608365, -0.01848906927336, -0.01795010104012, 0.7690347706579, 0.7695498821603, 0, -0.8059954834217, -0.8054500842406, -0, -5.551115123126e-17, -5.551115123126e-17, -0, 0.00173995917697, 0.3940916454933, 0.3912180642982, 0.3940055857818, 0, 0.3912383883313, 0.3941777052048
14.6, 0.1877162256608, -0.2504380252108, -0.2100150890109, -0.2501442904248, -0.06022759023355, 0.0004177632818831, -0.07005138872462, -0.02117952027746, 0, -403.2630010511, -2000, 248.9229394691, 2000, 7610.098030407, 3177.035266467, 7608.458698746, 3180.858756718, 13.03814953692, 52.85304123202, 36.05321484587, 3.621562242103, -241.1317567455, 4.065968324038, 239.9993545715, 4.82493873925, 5410.768321762, 4003.163081967, 5403.884608377, 3943.203904383, 3, -5.123751126192, -106.9320641811, 5.171840260302, 107.8354895972, -0.4994375214327, 1.270271312725, -0.5182004817892, 1.358150582385, 0, 0, 0.2143120041701, -0, -0, -0, -0, -0, 0.2143120235674, -0.001149125398073, 0, 0, 0, 0, 0, -0.004345072844551, -0.001149133436808, -0.02708938306287, -0.004345042448696, 0.02371104606728, -0.004345042448696, 82.07830455993, 82.10671191397, 82.07813383075, 82.10677981531, 202.6234901166, -0.1867954755051, 0.2111082701051, 0, 1, 49.99999786693, 50, 49.99997276371, -0.0001736928579369, 0, 0, 0, 0, 0, 0, 0, 0, 202.6250745072, 199.6752131724, 202.6248052917, 199.6749340486, 202.6234901166, 199.6750736158, 202.6250751435, 199.6752131777, 0, 202.6248058585, 199.6749340539, -0.01042604624381, 0, -0.1971215037328, -0.01015404028058, 0.2005950091234, -0.01015404028058, 0.7687863274763, 0.7694574324207, -0.8058970370071, -0.8055425473748, -0.01855119067171, -0.01801267190245, 0.7689712955165, 0.7694873134664, 0, -0.8060589431882, -0.8055126572713, -0, -0, -0, 5.551115123126e-17, 0.001739955825999, 0.3940852907131, 0.3912215333217, 0.3940255704168, 0, 0.3912352561233, 0.3941450110093
14.625, 0.1896665950691, -0.2381753002642, -0.207992365785, -0.2379088764744, -0.05893807826538, 8.916079200893e-05, -0.06555074370339, -0.01521309924024, 0, -347.6376290629, -1813.751328546, 196.2710119038, 1869.676141448, 7609.990968301, 3177.496432246, 7608.594852247, 3180.053859937, 7.04991637213, 51.49369978947, 41.86564346659, 3.743380075575, -241.8580583322, 2.338553081698, 239.0662176888, 1.992268323744, 5406.930629643, 3993.356711691, 5407.626261185, 3955.229445442, 3, -6.421486910607, -102.1848750068, 6.321933593547, 103.1558307507, -0.5005590891813, 1.279833624863, -0.5167735925604, 1.341495978225, 0, 0, 0.2143390475755, -0, -0, -0, -0, -0, 0.2143390562304, -0.000520473460257, 0, 0, 0, 0, 0, -0.002762975684026, -0.0005204771021607, -0.0262215547937, -0.002762956350818, 0.02458083760793, -0.002762956350818, 82.21895742053, 82.24741148099, 82.21878269281, 82.24747930067, 202.9707120378, -0.1918160841598, 0.2060852706766, 0, 1, 50.00000519757, 50, 49.99998518725, -3.14267317982e-05, 0, 0, 0, 0, 0, 0, 0, 0, 202.9723002084, 200.0224361172, 202.9720237987, 200.0221546809, 202.9707120378, 200.0222954024, 202.9723008401, 200.0224361206, 0, 202.9720243716, 200.0221546843, -0.01042795572689, 0, -0.2021472901287, -0.01023816482575, 0.1955668013509, -0.01023816482575, 0.7687304819959, 0.76940807293, -0.8059528531021, -0.8055919037564, -0.01860863315365, -0.01807291166908, 0.7689095278935, 0.7694270748428, 0, -0.8061206953354, -0.805572898181, -0, -0, -5.551115123126e-17, -0, 0.001739899518461, 0.3940830810586, 0.3912291808826, 0.3940451056938, 0, 0.3912278001293, 0.3941210564233
14.65, 0.189578680594, -0.2359778091366, -0.2081131392185, -0.2357165470503, -0.05976728436252, 0.0002926283479395, -0.06994117495565, -0.01996411873191, 0, -389.0264609371, -2000, 240.7571427968, 2000, 7609.080404826, 3175.509943003, 7609.512567982, 3182.194443639, 14.1640898428, 51.68392754876, 35.17924750133, 6.248978172975, -242.0453103137, 4.076465986593, 239.1027090567, 4.279628717508, 5404.168254245, 4010.84546364, 5410.490670733, 3933.693441, 3, -5.433578006814, -102.7215310072, 5.398500146459, 100.9917858721, -0.510127955326, 1.22690703038, -0.5071290193854, 1.39707007643, 0, 0, 0.2143943240465, -0, -0, -0, -0, -0, 0.2143943723786, 0.0005973905018783, 0, 0, 0, 0, 0, -0.005590989959593, 0.0005973946841492, -0.02558156384832, -0.00559095081789, 0.02521066336064, -0.00559095081789, 82.35960693188, 82.38811036403, 82.35943474146, 82.38817936581, 203.3179335952, -0.1876899090796, 0.2102129095391, 0, 1, 50.00000116165, 50, 50.00005605299, 0.0004616101845846, 0, 0, 0, 0, 0, 0, 0, 0, 203.3195201184, 200.3696546363, 203.3192477558, 200.3693802324, 203.3179335952, 200.369517441, 203.3195207224, 200.369654643, 0, 203.3192483555, 200.3693802391, -0.01049848528762, 0, -0.1980939842391, -0.009982341998728, 0.1996215615794, -0.009982341998728, 0.7686749274829, 0.7693257918777, -0.8060084775545, -0.8056741917169, -0.01866138994695, -0.01813574470271, 0.7688496058976, 0.769364239596, 0, -0.8061806177946, -0.8056357290015, -0, -5.551115123126e-17, -0, -0, 0.001739761510232, 0.3940871107685, 0.3912346855975, 0.3940102661248, 0, 0.3912220922661, 0.3941639554122
14.675, 0.1887457895193, -0.2436343546506, -0.2089162312774, -0.2433558836055, -0.06328600463788, 4.003620082673e-05, -0.07008065296966, -0.02013147630667, 0, -384.0651605088, -2000, 235.9887338392, 2000, 7608.075231141, 3175.763746846, 7610.52698084, 3181.892895458, 10.2241233852, 52.16683866714, 38.78281040256, 3.416847470241, -242.4928904178, 2.417345038235, 238.5501623651, 2.160229269902, 5400.573315432, 3998.418183995, 5414.142143754, 3943.447388782, 3, -6.274988356488, -105.0584950101, 6.177989868064, 105.7851079175, -0.5207207417194, 1.230679575135, -0.4964380886139, 1.392316184349, 0, 0, 0.2144576443323, -0, -0, -0, -0, -0, 0.2144576770452, 0.001894707804425, 0, 0, 0, 0, 0, -0.003983578853013, 0.00189472107692, -0.02450019291975, -0.003983550948089, 0.02629376648434, -0.003983550948089, 82.50025851526, 82.5288099036, 82.50008469523, 82.5288789367, 203.6651550799, -0.1885276959569, 0.2093742519833, 0, 1, 50.00000557233, 50, 49.99999196349, 2.252068705572e-05, 0, 0, 0, 0, 0, 0, 0, 0, 203.6667436331, 200.7168780523, 203.6664680687, 200.7166006799, 203.6651550799, 200.7167393709, 203.6667442142, 200.7168780571, 0, 203.6664686913, 200.7166006847, -0.01057564660725, 0, -0.199012956542, -0.01009032798914, 0.1987016578384, -0.01009032798914, 0.7686220117914, 0.7692806117529, -0.8060613758666, -0.8057193676298, -0.01871325593357, -0.01819197842165, 0.7687893093419, 0.769308007463, 0, -0.806240908285, -0.8056919643063, 5.551115123126e-17, -0, -5.551115123126e-17, 5.551115123126e-17, 0.001739657822904, 0.3940897743734, 0.3912418500566, 0.3940350225855, 0, 0.3912148150922, 0.3941445261614
14.7, 0.1896925867526, -0.2229766397812, -0.2079796786786, -0.2227441642858, -0.0592792041753, 0.0001681363378957, -0.06898393372281, -0.01643181518521, 0, -393.4474504479, -2000, 243.1107647366, 2000, 7606.674418429, 3174.42079917, 7611.920681691, 3183.384371368, 14.46919193781, 49.67115389606, 34.62970134254, 6.839647214135, -242.3260328399, 3.410474525506, 238.8279539369, 3.163236259127, 5397.885827852, 4006.667849683, 5416.654101076, 3933.922486608, 3, -5.429354759572, -96.52938116116, 5.345821586536, 96.29677140743, -0.5355065291673, 1.194520674625, -0.4817249887745, 1.431460851259, 0, 0, 0.214449226805, -0, -0, -0, -0, -0, 0.2144492902652, 0.003345218278522, 0, 0, 0, 0, 0, -0.005271651762849, 0.003345241710055, -0.02339192526333, -0.005271614837877, 0.02739920474101, -0.005271614837877, 82.64091012868, 82.66950978284, 82.64073485168, 82.66957854629, 204.0123773741, -0.1883600536792, 0.2095428759065, 0, 1, 50.00000472203, 50, 50.0000040736, -3.38916142108e-05, 0, 0, 0, 0, 0, 0, 0, 0, 204.0139674208, 201.0640991477, 204.0136887511, 201.0638242845, 204.0123773741, 201.0639617224, 204.0139679755, 201.064099154, 0, 204.0136894, 201.0638242908, -0.01070834106901, 0, -0.1989821571351, -0.009999047354694, 0.1987334571107, -0.009999047354694, 0.7685684355161, 0.7692126661194, -0.8061149748421, -0.8057873165629, -0.01876511576806, -0.01825106607342, 0.7687281675385, 0.7692489186013, 0, -0.8063020527394, -0.8057510507482, 5.551115123126e-17, -0, -0, -0, 0.001739868927235, 0.3940910438137, 0.39124720678, 0.3940185882731, 0, 0.3912098076571, 0.3941634993543
14.725, 0.1871208580203, -0.2362247136271, -0.2105503430392, -0.2359644886369, -0.0633976143368, -6.772979165295e-05, -0.06558210188732, -0.001834533764478, 0, -394.1075257885, -1731.079040047, 244.5037356981, 1986.737337432, 7605.448374261, 3175.631941551, 7613.114784009, 3182.544983058, 8.511336836108, 51.50869711316, 40.47633401202, 3.017215074238, -242.1666602526, 1.327257928855, 238.7828326523, 0.6535162983134, 5396.445368664, 3987.594205232, 5417.770637618, 3953.893376909, 3, -6.381633191295, -101.2504907532, 6.288299950475, 102.7364388458, -0.5485008435252, 1.221756534662, -0.4690640402764, 1.411587056378, 0, 0, 0.2143509328795, -0, -0, -0, -0, -0, 0.2143509564376, 0.004461404274651, 0, 0, 0, 0, 0, -0.002442204187067, 0.004461435495852, -0.02251055481286, -0.002442187096477, 0.02829164150306, -0.002442187096477, 82.78156236375, 82.81021032133, 82.78138468171, 82.81027768586, 204.3596006873, -0.1893069923011, 0.2085959898617, 0, 1, 50.00000178949, 50, 49.99994736848, -0.0004756797057757, 0, 0, 0, 0, 0, 0, 0, 0, 204.3611923437, 201.411325951, 204.3609091117, 201.4110436298, 204.3596006873, 201.4111847934, 204.3611928804, 201.411325954, 0, 204.3609097781, 201.4110436328, -0.01083195218428, 0, -0.2000560482364, -0.01027035521642, 0.1976596621034, -0.01027035521642, 0.7685100813976, 0.7691763479634, -0.8061732629523, -0.8058236281641, -0.01882238983988, -0.0183068423209, 0.7686637960897, 0.7691931443121, 0, -0.8063664331954, -0.8058068289539, 5.551115123126e-17, 5.551115123126e-17, -5.551115123126e-17, -0, 0.001740355875461, 0.3940901514526, 0.3912500786312, 0.3940565848906, 0, 0.3912075805196, 0.3941237180147
14.75, 0.1882824236746, -0.2566793598829, -0.2093899449831, -0.2563735893857, -0.06833392494806, 0.0002812080601262, -0.0707765221503, -0.02189682942681, 0, -385.3432835444, -2000, 231.7058984921, 2000, 7604.277842352, 3174.043576966, 7614.230200883, 3183.978837657, 12.08452325478, 52.82674700759, 36.83086327784, 2.431023710315, -241.4323866184, 3.26513240787, 239.6397068904, 3.71685766784, 5396.630668499, 4004.639246352, 5417.511291239, 3943.434455633, 3, -5.956339090812, -109.2163381889, 5.860729620088, 111.2832767124, -0.560951248703, 1.181235218696, -0.4571919378254, 1.44941460854, 0, 0, 0.2142426213282, -0, -0, -0, -0, -0, 0.2142426817654, 0.005317608562185, 0, 0, 0, 0, 0, -0.004435338902182, 0.005317645737562, -0.02197534416959, -0.004435307894948, 0.02883583427455, -0.004435307894948, 82.92221400349, 82.95091066073, 82.9220352364, 82.95097684205, 204.7068241667, -0.1879827742778, 0.2099221613623, 0, 1, 50.00000318353, 50, 49.99993547771, -0.0005691945551543, 0, 0, 0, 0, 0, 0, 0, 0, 204.7084163843, 201.7585476406, 204.7081305496, 201.7582670578, 204.7068241667, 201.7584073546, 204.7084169052, 201.758547646, 0, 204.7081312328, 201.7582670632, -0.01100418096698, 0, -0.1989060911231, -0.01020711851207, 0.1988116327135, -0.01020711851207, 0.7684467343298, 0.769099600271, -0.8062365700083, -0.8059003794554, -0.01888409052745, -0.01836988329574, 0.7685967941726, 0.7691301018484, 0, -0.8064334561478, -0.8058698684399, 5.551115123126e-17, 5.551115123126e-17, -5.551115123126e-17, -0, 0.0017407161573, 0.3940835907495, 0.3912497109269, 0.3940226298028, 0, 0.3912080952934, 0.3941445516963
14.775, 0.18769012886, -0.2116794570501, -0.2100143102962, -0.2114718936182, -0.05662935779776, -0.0002423220522851, -0.002434612269052, 0.0400407590026, 0, -274.4545346381, 1026.019736345, 107.6885060587, -214.6144933002, 7604.069784242, 3177.929370442, 7614.362693566, 3180.953535327, 1.144555231011, 49.23037562146, 47.93809927546, 4.981735166293, -241.0226364488, -1.115546046793, 239.5729770162, -2.162513225976, 5397.340063397, 3958.827334888, 5417.098763673, 3986.229567976, 3, -7.218522389601, -88.63156805572, 7.159260506261, 92.96569526164, -0.5633229097548, 1.277183914998, -0.4556171703138, 1.369882421565, 0, 0, 0.2141396131264, -0, -0, -0, -0, -0, 0.2141396037788, 0.005356928547991, 0, 0, 0, 0, 0, 0.001985762688971, 0.00535696596225, -0.02145937588338, 0.001985748819957, 0.02938489704385, 0.001985748819957, 83.06286920088, 83.09161151943, 83.06268208954, 83.09167538675, 205.0540474917, -0.1965708471667, 0.2013343613919, 0, 1, 49.99999285892, 50, 49.99987929563, -0.0007327566826706, 0, 0, 0, 0, 0, 0, 0, 0, 205.0556463677, 202.1057796514, 205.0553457962, 202.105481716, 205.0540474917, 202.1056306811, 205.0556468986, 202.1057796488, 0, 205.055346462, 202.1054817134, -0.01110073140103, 0, -0.2075927408916, -0.01083837424663, 0.1901252205099, -0.01083837424663, 0.7683784644489, 0.7690870091575, -0.8063046375533, -0.8059129636089, -0.01895557431929, -0.01842663542156, 0.768525000366, 0.7690733500157, 0, -0.8065052731239, -0.8059266208588, -0, 5.551115123126e-17, -0, 5.551115123126e-17, 0.001740816058933, 0.3940865964736, 0.3912482991252, 0.3941138895344, 0, 0.3912089151566, 0.3940593034128
14.8, 0.1865448844253, -0.2201109146033, -0.2111606569248, -0.2198873257862, -0.05663913106922, -3.715487081121e-06, -0.01379973231842, 0.01437309775173, 0, -292.0636100595, 392.6968078172, 126.7839414579, 49.24408741437, 7604.00517842, 3177.832209903, 7614.446214316, 3180.83279745, 2.513427948163, 49.82608814003, 46.51549359571, 4.141972997675, -240.0412805163, -0.04541854292107, 240.6685399819, -0.810146448302, 5401.706569036, 3961.588068449, 5413.171065877, 3983.816392278, 3, -6.742211267658, -92.26200699781, 6.689563573764, 95.15661323113, -0.5641918148276, 1.277335009067, -0.4545557619635, 1.365823179221, 0, 0, 0.2141811853025, -0, -0, -0, -0, -0, 0.2141811780646, 0.004828874431673, 0, 0, 0, 0, 0, 0.001610824055238, 0.004828908170953, -0.02202455147054, 0.001610812800511, 0.02881540430112, 0.001610812800511, 83.20352035453, 83.23231175832, 83.20333264584, 83.23237426298, 205.4012692402, -0.1954910968952, 0.20241341847, 0, 1, 49.99999997106, 50, 49.99993597874, -0.0002961593548144, 0, 0, 0, 0, 0, 0, 0, 0, 205.402869073, 202.4530031654, 205.4025671584, 202.4527019466, 205.4012692402, 202.4528525539, 205.4028696153, 202.4530031633, 0, 205.4025678146, 202.4527019444, -0.01120932680526, 0, -0.2066194514087, -0.010957822778, 0.1910977969197, -0.010957822778, 0.768300322294, 0.7690159600451, -0.8063828005802, -0.8059840117733, -0.01903351756538, -0.01849510519961, 0.7684507141931, 0.7690048800871, 0, -0.8065795516657, -0.8059950904864, -5.551115123126e-17, -0, -0, -5.551115123126e-17, 0.001740283756731, 0.3940862503814, 0.391239599443, 0.3941083901461, 0, 0.3912167412298, 0.3940641106166
14.825, 0.18870364137, -0.2023730343124, -0.209042695808, -0.2021840579959, -0.05095583984441, 3.846967764344e-05, -0.002791030328355, 0.007748731801447, 0, -197.6968101712, 760.8509163453, 35.22450104496, -436.0961268923, 7604.935963294, 3178.849411787, 7613.573984979, 3180.185587008, 3.492811704814, 49.66147768368, 45.76676675506, 5.771589547514, -239.6017239843, -0.1481361046938, 241.1675900078, -0.8412793225896, 5405.758112549, 3955.833718357, 5409.337886903, 3983.202408209, 3, -6.545164410042, -86.68363891233, 6.588485343068, 85.21042016525, -0.5546003793439, 1.303510990584, -0.463537475268, 1.3473713733, 0, 0, 0.2142395453903, -0, -0, -0, -0, -0, 0.2142395409723, 0.003578394574652, 0, 0, 0, 0, 0, 0.001983331918085, 0.003578419590474, -0.02294209980618, 0.001983318053117, 0.02788786547105, 0.001983318053117, 83.34417211701, 83.37301143047, 83.34398245309, 83.3730740915, 205.7484907308, -0.1967208622258, 0.2011800288756, 0, 1, 50.00000409659, 50, 50.00005006047, 0.0003329006360596, 0, 0, 0, 0, 0, 0, 0, 0, 205.7500926614, 202.8002282319, 205.7497873642, 202.7999219452, 205.7484907308, 202.8000750859, 205.7500932298, 202.8002282293, 0, 205.7497879951, 202.7999219426, -0.01126241178391, 0, -0.2078988594238, -0.01114218172298, 0.1898147512945, -0.01114218172298, 0.7682173195625, 0.7689477833761, -0.8064658469304, -0.8060521877861, -0.01911837945488, -0.01856584388937, 0.7683739735812, 0.7689341407481, 0, -0.806656268528, -0.8060658285268, -0, -0, -0, -5.551115123126e-17, 0.00173976278906, 0.3940925932633, 0.3912315261812, 0.3941198529146, 0, 0.3912243801774, 0.3940653336121
14.85, 0.1872624710744, -0.2119367362822, -0.2104418980939, -0.2117285282482, -0.05189348982877, 8.479833131819e-05, 0.0008508608199264, 0.03678451551643, 0, -269.5153314604, 1128.401512711, 99.47161515218, -365.9339058929, 7605.972137287, 3179.327584407, 7612.581287041, 3179.964069431, 0.9945133804829, 49.30951040673, 47.98045173477, 4.474366452786, -239.4261061085, 0.1894412834418, 241.2203395094, -0.5496065487279, 5409.416686056, 3958.098529475, 5405.580060929, 3977.809568799, 3, -6.518353967042, -88.25656235752, 6.474080986352, 92.03401219468, -0.5438587867286, 1.316376792818, -0.473824290913, 1.339662671737, 0, 0, 0.2142524650722, -0, -0, -0, -0, -0, 0.2142524633829, 0.002275234272366, 0, 0, 0, 0, 0, 0.001428403540034, 0.00227525017998, -0.02399431044922, 0.001428393553224, 0.02682458888292, 0.001428393553224, 83.4848231506, 83.51371157243, 83.48463306022, 83.51377299813, 206.0957127882, -0.196929702933, 0.2009717814975, 0, 1, 49.99999566496, 50, 49.99989699392, -0.000580994589478, 0, 0, 0, 0, 0, 0, 0, 0, 206.0973153778, 203.1474515573, 206.0970089302, 203.1471428736, 206.0957127882, 203.1472972136, 206.0973159729, 203.1474515554, 0, 206.0970095362, 203.1471428717, -0.01129180592641, 0, -0.2081331578994, -0.01122937882368, 0.1895810761357, -0.01122937882368, 0.7681352637624, 0.7688717418079, -0.8065479615991, -0.8061282284321, -0.01920168636347, -0.01863806818515, 0.7682990994664, 0.7688619164454, 0, -0.8067311265279, -0.8061380528157, -0, -0, -0, -0, 0.001739634431176, 0.394095708943, 0.3912242352439, 0.3941153414523, 0, 0.3912318693522, 0.3940760764337
14.875, 0.1903221384162, -0.2009740078443, -0.2073960549658, -0.2007855272654, -0.04892487569219, -7.767334201374e-05, -0.004429828382966, 0.01685766082731, 0, -198.0679515178, 769.3704837369, 29.21616395148, -305.1858126425, 7607.411839211, 3179.699855971, 7611.180462502, 3178.981369564, 3.457490130332, 49.67958772192, 45.81952193198, 5.666032712713, -240.2035667064, -0.5941223292851, 240.5389869085, -1.346262805108, 5409.195275263, 3959.496726352, 5405.490934247, 3982.444760356, 3, -6.469695959937, -86.27531302878, 6.470134809551, 85.64701730324, -0.5288283503568, 1.328371911517, -0.4884454659785, 1.315827619038, 0, 0, 0.2142486576089, -0, -0, -0, -0, -0, 0.2142486586686, 0.001206767816757, 0, 0, 0, 0, 0, 0.001662979432911, 0.00120677625374, -0.02475521957622, 0.001662967806456, 0.02605485515485, 0.001662967806456, 83.62547408589, 83.65441115004, 83.62528398378, 83.65447268726, 206.4429351214, -0.1966663594036, 0.2012332023414, 0, 1, 50.00000327195, 50, 50.00001406611, 2.308204478447e-05, 0, 0, 0, 0, 0, 0, 0, 0, 206.4445376922, 203.4946748579, 206.444231242, 203.4943632992, 206.4429351214, 203.4945190763, 206.4445383054, 203.4946748556, 0, 206.4442318315, 203.494363297, -0.01129124019858, 0, -0.2078664045964, -0.01133396606775, 0.189845942919, -0.01133396606775, 0.7680583934585, 0.7688045489558, -0.8066248773916, -0.8061954208921, -0.0192800338662, -0.01870687413126, 0.768227424924, 0.7687931101293, 0, -0.8068027864664, -0.8062068583918, -0, -0, -5.551115123126e-17, -0, 0.001739738995829, 0.3940896995484, 0.3912246740909, 0.394112556156, 0, 0.3912320493207, 0.3940668429409
14.9, 0.1880143802786, -0.2152030567392, -0.209655425252, -0.21498641052, -0.05059977202439, -8.124827503369e-05, -0.004644269483879, 0.01767962425265, 0, -279.7267338019, 778.8385056387, 111.3470637667, -295.056648701, 7608.315895189, 3179.994396575, 7610.272579983, 3178.619029976, 1.665213615384, 49.62055204488, 47.32938754893, 4.51377731337, -240.4669173918, -0.2991217822163, 240.182306311, -1.102009396102, 5409.86547558, 3960.489164538, 5404.660788677, 3983.000515546, 3, -6.594834908525, -90.54570178812, 6.498279490497, 93.38020785659, -0.5193729688931, 1.338061303263, -0.4979387826946, 1.30449283582, 0, 0, 0.2142312065609, -0, -0, -0, -0, -0, 0.2142312093428, 0.0004105337905139, 0, 0, 0, 0, 0, 0.001631334243477, 0.0004105366602479, -0.02540772332589, 0.001631322840121, 0.0254002084892, 0.001631322840121, 83.76612454904, 83.7951112372, 83.76593539334, 83.7951718575, 206.7901575693, -0.1959533301298, 0.2019474193041, 0, 1, 50.00000102091, 50, 49.99992756157, -0.0004056746727555, 0, 0, 0, 0, 0, 0, 0, 0, 206.7917592241, 203.8418974548, 206.7914543663, 203.8415849081, 206.7901575693, 203.8417411792, 206.7917598512, 203.8418974525, 0, 206.7914549432, 203.8415849059, -0.01126611550243, 0, -0.2071258143896, -0.01136990882405, 0.190587743818, -0.01136990882405, 0.7679853253192, 0.7687356092458, -0.8066979634993, -0.8062643603814, -0.01935369119481, -0.01877559602774, 0.7681588115706, 0.7687243881474, 0, -0.8068714032087, -0.8062755802029, -0, -0, -0, -0, 0.001739916775233, 0.3940881575294, 0.3912233370803, 0.3941105791938, 0, 0.3912337050042, 0.3940657358651
14.925, 0.1881094828899, -0.2120685418469, -0.2095748262887, -0.211857641761, -0.04890302591851, -0.0001396761072761, 0.00220014863798, 0.04048436162505, 0, -269.2364839019, 1212.793474991, 101.2815172235, -393.5540959831, 7609.174786513, 3180.770863617, 7609.382408552, 3178.268290444, 0.9820363898196, 49.36018272998, 48.00922518871, 4.645131218569, -240.723564946, -0.5426291215132, 239.8833594784, -1.407291664645, 5410.723474764, 3956.005119317, 5403.884892377, 3983.71051932, 3, -6.756866883456, -88.55564764602, 6.691742136639, 92.78620513559, -0.5103548214605, 1.358099309534, -0.5072831546663, 1.292525970789, 0, 0, 0.2142242826415, -0, -0, -0, -0, -0, 0.2142242893299, -0.000376996289629, 0, 0, 0, 0, 0, 0.002007732352974, -0.0003769989247571, -0.02597735576609, 0.002007718319426, 0.02483876161246, 0.002007718319426, 83.90677529185, 83.93581067496, 83.9065864402, 83.93587176756, 207.1373798495, -0.196346973773, 0.2015546424535, 0, 1, 49.99999682681, 50, 49.99989152642, -0.000563678279868, 0, 0, 0, 0, 0, 0, 0, 0, 207.1389810038, 204.1891205614, 207.1386770473, 204.1888070509, 207.1373798495, 204.1889638034, 207.1389816461, 204.1891205586, 0, 207.1386776105, 204.1888070481, -0.01120662797652, 0, -0.2074578476098, -0.01140497162582, 0.1902565527465, -0.01140497162582, 0.7679139124035, 0.7686697733717, -0.8067693335227, -0.8063301963925, -0.01942620717835, -0.01884402100129, 0.7680912873782, 0.7686559629138, 0, -0.8069389401898, -0.8063440049164, -0, -0, -0, -0, 0.001739997887967, 0.3940919164526, 0.3912216261746, 0.3941195114725, 0, 0.391235252295, 0.3940643214327
14.95, 0.1933792115203, -0.1921580484224, -0.2043936633411, -0.1919837271963, -0.04567894973277, -0.0004413402804135, 0.02546595989233, 0.0184903118667, 0, -49.03112325912, 2000, -104.2377905201, -1543.093611752, 7610.180873215, 3181.563392457, 7608.383642209, 3177.024777093, 6.721954133481, 50.47463992662, 42.57640893858, 6.139153443299, -241.4209185465, -2.478867287005, 239.4635847958, -3.988681984708, 5409.400494267, 3949.224833225, 5405.309318237, 3992.59443951, 3, -6.33647522071, -83.16371294973, 6.464431534783, 82.62816744186, -0.4997718694696, 1.377108155582, -0.5177885711544, 1.26480423197, 0, 0, 0.2142708907999, -0, -0, -0, -0, -0, 0.2142709087313, -0.0009413206051434, 0, 0, 0, 0, 0, 0.00314287329824, -0.0009413271876482, -0.02637743028706, 0.003142851320778, 0.02444079009751, 0.003142851320778, 84.04742544525, 84.07650929413, 84.04723799706, 84.07657240347, 207.484601596, -0.1949519658628, 0.2029474738947, 0, 1, 50.0000030426, 50, 50.00002141156, 0.0001376982181989, 0, 0, 0, 0, 0, 0, 0, 0, 207.4862013733, 204.53634329, 207.4859008174, 204.5360278653, 207.484601596, 204.5361855733, 207.4862020208, 204.5363432857, 0, 207.4859013758, 204.536027861, -0.01113601698174, 0, -0.2059907030794, -0.01147460656689, 0.1917214727987, -0.01147460656689, 0.7678454553403, 0.7686118888656, -0.8068377724146, -0.8063880819189, -0.01949538081485, -0.01890971357592, 0.7680255632781, 0.7685902694468, 0, -0.8070046603858, -0.8064096965987, -0, -0, -0, -0, 0.001739859344679, 0.3940898208486, 0.3912242603456, 0.3941330176676, 0, 0.3912324159622, 0.3940466240297
14.975, 0.194384614132, -0.1927424224611, -0.2033864488499, -0.1925661643642, -0.04724377728404, -0.0005697577106871, 0.01750964813421, -0.004013875882638, 0, -52.57242294835, 1535.649707865, -94.19297469358, -1407.485127051, 7610.335905511, 3180.781860239, 7608.251297361, 3177.341186663, 6.065587186569, 50.41351808342, 43.06593975966, 6.566628274946, -242.4072211643, -2.667749014193, 238.4597002127, -4.230353844206, 5406.263374132, 3955.632044592, 5408.436856301, 3988.317825554, 3, -6.405400143523, -85.14583003702, 6.535086667282, 82.4066931008, -0.4981057068052, 1.357366629268, -0.5192163314716, 1.275719859966, 0, 0, 0.2143175089755, -0, -0, -0, -0, -0, 0.2143175188005, -0.0006006288741086, 0, 0, 0, 0, 0, 0.002368646556285, -0.0006006330760383, -0.02603228150331, 0.002368629985624, 0.02477879563672, 0.002368629985624, 84.18807624572, 84.21720861739, 84.18788891912, 84.21727227926, 207.8318233516, -0.1952507411668, 0.2026463987972, 0, 1, 50.00001479994, 50, 50.00008792447, 0.0004488732599224, 0, 0, 0, 0, 0, 0, 0, 0, 207.8334234528, 204.8835637249, 207.8331229067, 204.8832513282, 207.8318233516, 204.8834075233, 207.8334240928, 204.8835637216, 0, 207.833123472, 204.883251325, -0.01111797655686, 0, -0.2062727097113, -0.0113644517058, 0.1914371529298, -0.0113644517058, 0.7677866973038, 0.7685427253437, -0.8068965705965, -0.8064572450207, -0.01955408672661, -0.01897355157816, 0.7679644513648, 0.7685264322582, 0, -0.8070657638644, -0.8064735354145, -5.551115123126e-17, -5.551115123126e-17, 5.551115123126e-17, -0, 0.001739750968816, 0.3940876989958, 0.3912305106661, 0.3941202545545, 0, 0.3912261848159, 0.3940551434371
15, 0.194913123919, -0.1801231643113, -0.2028712931254, -0.1799683870614, -0.04606697153799, -0.001103704327179, 0.03150387113501, -0.01124038339406, 0, -11.82638013801, 2000, -130.149272603, -2000, 7610.102780561, 3182.024109786, 7608.500759297, 3175.994206509, 8.495689849386, 51.66507459382, 40.61475060936, 6.944648720913, -243.3326012946, -5.839631410772, 237.6303820905, -9.337583165349, 5401.436681702, 3934.410794875, 5413.130100488, 4009.724798614, 3, -6.852435671268, -81.2988063151, 7.012696174775, 76.72120038468, -0.5005155883389, 1.386757302641, -0.5166348171694, 1.244311532842, 0, 0, 0.2143325700976, -0, -0, -0, -0, -0, 0.2143326095922, 0.0002774116498136, 0, 0, 0, 0, 0, 0.00545779388117, 0.000277413590826, -0.02538489497081, 0.005457755693966, 0.02542167865954, 0.005457755693966, 84.32872630994, 84.35790793904, 84.32854065012, 84.35797246922, 208.1790454375, -0.1928497240539, 0.2050455889917, 0, 1, 50.0000192402, 50, 50.00013550956, 0.0006544439486262, 0, 0, 0, 0, 0, 0, 0, 0, 208.1806438643, 205.2307883889, 208.1803468879, 205.2304712277, 208.1790454375, 205.2306298008, 208.180644481, 205.2307883814, 0, 208.1803474752, 205.2304712201, -0.0111028038174, 0, -0.2038589168448, -0.01153777772237, 0.1938491227773, -0.01153777772237, 0.76773187302, 0.768507688742, -0.8069514195633, -0.8064922864698, -0.01960747920597, -0.01902983798711, 0.7679052108717, 0.7684701424733, 0, -0.8071249983583, -0.8065298184475, -0, -0, -0, -0, 0.001739798560165, 0.3940875125612, 0.3912401275738, 0.3941625265088, 0, 0.3912168338018, 0.3940124986136
