Time,Alpha_L1,Alpha_L2,Alpha_R1,Alpha_R2,AVz,Ay,Ay_SM,Az_SM,Bk_Stat,FsExt_L1,FsExt_L2,FsExt_R1,FsExt_R2,Fs_L1,Fs_L2,Fs_R1,Fs_R2,Fx_L1,Fx_L2,Fx_R1,Fx_R2,Fy_L1,Fy_L2,Fy_R1,Fy_R2,Fz_L1,Fz_L2,Fz_R1,Fz_R2,GearStat,JncR_L1,JncR_L2,JncR_R1,JncR_R2,Jnc_L1,Jnc_L2,Jnc_R1,Jnc_R2,Lat_Targ,Lat_Veh,Pitch,PitchGL1,PitchGL2,PitchGR1,PitchGR2,PitchO1,Pitch_A2,Roll,RollGL1,RollGL2,RollGR1,RollGR2,RollO_1,Roll_A2,Roll_E,Roll_L1,Roll_L2,Roll_R1,Roll_R2,Rot_L1,Rot_L2,Rot_R1,Rot_R2,Station,Steer_L1,Steer_R1,Steer_SW,VisO_1,Vx,VxTarget,Vxz_Fwd,Vz_SM,W1_L1,W1_L2,W1_R1,W1_R2,W2_L1,W2_L2,W2_R1,W2_R2,Xctc_L1,Xctc_L2,Xctc_R1,Xctc_R2,Xo,X_A2,X_L1,X_L2,X_Obj_1,X_R1,X_R2,Yaw,YawO_1,Yaw_L1,Yaw_L2,Yaw_R1,Yaw_R2,Yctc_L1,Yctc_L2,Yctc_R1,Yctc_R2,Yo,Y_A2,Y_L1,Y_L2,Y_Obj_1,Y_R1,Y_R2,Zgnd_L1,Zgnd_L2,Zgnd_R1,Zgnd_R2,Zo,Z_A2,Z_L1,Z_L2,Z_Obj_1,Z_R1,Z_R2
0, 0.199998063726, -0, -0.199998063726, -0, 0, -7.14929133647e-22, 8.744681099472e-19, 0.004296896428479, 0, 0, -0.04836808707356, 0, -0.04836808707356, 7654.675257732, 3118.5147, 7654.675257732, 3118.5147, 0.3883352848696, 5.901769907657e-12, 0.3883352848696, 5.901769907657e-12, 0.02406545669712, -0, -0.02406545669712, -0, 5455.378999288, 3958.898720687, 5455.378999288, 3958.898720687, 3, 0, -0, 0, 0, 0, 0, 0, -0, 0, 0, 0.2521204935192, -0, -0, -0, -0, -0, 0.2521204935192, 0, 0, 0, 0, -0, 0, 0, 0, -0.0008800619174435, 0, 0.0008800619174435, -0, 0.0007003304375138, 0.00070033470422, 0.0007003304375138, 0.00070033470422, 0, -0.2, 0.2, 0, 1, 50, 50, 50, 0, 0, 0, 0, 0, 0, 0, 0, 0, 0.001716103253121, -2.948299318688, 0.001716103253121, -2.948299318688, 0, -2.948299318688, 0.001716124224018, -2.948299318688, 0, 0.001716124224018, -2.948299318688, 0, 0, -0.199998063726, 0, 0.199998063726, 0, 0.7874939922467, 0.7875, -0.7874939922467, -0.7875, 0, -0, 0.7875, 0.7875, 0, -0.7875, -0.7875, -0, -0, -0, -0, 0.00113648687554, 0.3941137475684, 0.3911327111107, 0.3941137475684, 0, 0.3911327111107, 0.3941137475684
0.025, 0.1979619423164, 2.974051431602e-05, -0.1979624515136, 2.974051836759e-05, 6.437975895271e-06, -2.377765882506e-07, -1.027647873374e-06, 0.003894389966132, 0, 0, -15.26294430797, 0, -15.39659105055, 7652.525697267, 3118.695488458, 7652.525810099, 3118.693694753, -32.71074006756, -21.65609357606, -32.71116506147, -21.65256060668, -132.5927453111, -0.001972955209011, 132.5922177315, -0.001972967506358, 5457.78389413, 3953.994460646, 5457.784952084, 3954.018539284, 3, -1.787394246838, 0.4200712589203, -1.787764350811, 0.395539099109, -0.02255321691369, 0.003438262155603, -0.02255203281772, 0.003393555224965, 0, 0, 0.2518974338705, -0, -0, -0, -0, -0, 0.2518974338705, 1.191257503058e-07, 0, 0, 0, 0, 0, 1.744915796712e-06, 1.191269015869e-07, -0.008254747323325, 1.744898933278e-06, 0.008254956016629, 1.744898933278e-06, 0.1412638996934, 0.1412569668548, 0.1412638994617, 0.141256967558, 0.3471959477394, -0.1988708336025, 0.1988703670646, 0, 1, 49.9910611805, 50, 49.99098996477, 0.003724789490521, 0, 0, 0, 0, 0, 0, 0, 0, 0.3489080825973, -2.601109972803, 0.3489080824191, -2.601109976439, 0.3471959477394, -2.601109974621, 0.3489082781539, -2.601109972803, 0, 0.3489082779802, -2.601109976439, 5.523435389067e-09, 0, -0.198836458521, -1.322580873979e-07, 0.1988360021081, -1.322580873979e-07, 0.7874418730113, 0.787500015004, -0.7874418703263, -0.787499984996, 1.426734132686e-09, 3.001268797937e-09, 0.7874982234568, 0.7875000030013, 0, -0.7874982221962, -0.7874999969987, -0, -0, -5.551115123126e-17, -0, 0.001154272188353, 0.394123493028, 0.3911279164703, 0.3941235170107, 0, 0.3911279143626, 0.3941234690453
0.05, 0.1971824454113, 8.740935478719e-05, -0.1972213573039, 8.740939419895e-05, 3.855182695345e-05, -2.204211606087e-06, 1.310102013428e-07, 0.002698006194443, 0, 0, -23.68683796158, 0, -24.58739642293, 7647.281908815, 3119.284070768, 7647.275383345, 3119.226715592, -40.21284614159, -28.12648284391, -40.21366451323, -28.12660354907, -192.2108395768, -0.02612519090677, 192.221579564, -0.02612831163726, 5459.642230041, 3940.944176438, 5459.623146036, 3941.60838818, 3, -2.466132932701, 0.3822497381799, -2.473300786194, 0.2948874120062, -0.07761254931516, 0.01478306300787, -0.0776811025732, 0.013352874501, 0, 0, 0.2511844521552, -0, -0, -0, -0, -0, 0.2511844521587, -3.875821504734e-06, 0, 0, 0, 0, 0, 4.813368148949e-05, -3.87585875055e-06, -0.01281306373513, 4.813321893954e-05, 0.01280734901862, 4.813321893954e-05, 0.2817878539773, 0.2817597222145, 0.2817878584856, 0.2817596939325, 0.694328164195, -0.198464351457, 0.1984652138036, 0, 1, 49.98040872579, 50, 49.98026579805, 0.006680004682808, 0, 0, 0, 0, 0, 0, 0, 0, 0.6960340283224, -2.253982348886, 0.696034042257, -2.253982455259, 0.694328164195, -2.253982402073, 0.6960343312119, -2.253982348886, 0, 0.6960343450143, -2.253982455259, 5.035882672463e-07, 0, -0.1984095826158, -3.869691910504e-06, 0.198411477195, -3.869691910504e-06, 0.7874116691157, 0.7875003733586, -0.7874117451275, -0.787499626642, -4.362154779439e-08, 4.224048961363e-08, 0.787499135758, 0.7875000422402, 0, -0.7874991727676, -0.7874999577592, -0, -0, -0, -0, 0.001205668494172, 0.3941488520271, 0.3911242088851, 0.3941495135926, 0, 0.3911242469098, 0.3941481904617
0.075, 0.1967367178397, 9.780786851458e-05, -0.1968976242575, 9.780793626342e-05, 0.0001095315745001, -1.403390586336e-06, 5.909265869329e-06, 0.001182205760265, 0, 0, -26.32045071016, 0, -27.82210237096, 7640.862834547, 3119.567032216, 7640.81584968, 3119.389339926, -50.08262459001, -36.68781331044, -50.08313410265, -36.69704704208, -218.0037575868, -0.04815058206179, 218.0735412337, -0.04816845926215, 5453.584628358, 3931.772368415, 5453.422117082, 3933.585557738, 3, -2.970356819797, 0.07731391347678, -3.000827086636, -0.0749626665025, -0.1450913420835, 0.02051695428164, -0.1455855754401, 0.01608551329811, 0, 0, 0.2498830479272, -0, -0, -0, -0, -0, 0.2498830479568, -2.975458156534e-05, 0, 0, 0, 0, 0, 0.0001313970577388, -2.975486454526e-05, -0.01582902868942, 0.0001313958081035, 0.01578419613888, 0.0001313958081035, 0.4222679480447, 0.4222078354922, 0.422267968847, 0.4222077430087, 1.041388168383, -0.1983456817575, 0.1983482065205, 0, 1, 49.96819706241, 50, 49.96798322543, 0.008393724860332, 0, 0, 0, 0, 0, 0, 0, 0, 1.04308373378, -1.906931894398, 1.043083794402, -1.906932202574, 1.041388168383, -1.906932048486, 1.043084107724, -1.906931894398, 0, 1.043084167301, -1.906932202574, 2.258919120072e-06, 0, -0.1982762743273, -1.121091481681e-05, 0.1982835124264, -1.121091481681e-05, 0.7873931087171, 0.7875009192941, -0.7873936972897, -0.78749908071, -3.346149082012e-07, 1.535538230075e-08, 0.7875011667694, 0.7875000153533, 0, -0.7875014493783, -0.7874999846425, -0, -0, -0, -0, 0.001285525559714, 0.3941659781602, 0.3911362706743, 0.3941677841256, 0, 0.3911365944863, 0.3941641721947
0.1, 0.1964931133722, 5.018267845216e-05, -0.1968512999754, 5.018271846913e-05, 0.0002307673676121, 5.477556497749e-06, 1.698669687498e-05, -8.548606858607e-06, 0, 0, -25.51093980894, 0, -27.54496132005, 7633.162017381, 3119.494524935, 7632.991955083, 3119.133308127, -60.48382855139, -45.9615327847, -60.4821168568, -45.98176150782, -228.6190952218, -0.04820255363987, 228.8183559521, -0.04823895007094, 5446.024865268, 3929.911063371, 5445.483336138, 3932.987980516, 3, -3.462550531595, -0.1152475079515, -3.539911107142, -0.3278045156456, -0.2261570185833, 0.01968585799466, -0.2279486187433, 0.01068280621217, 0, 0, 0.2481044239708, -0, -0, -0, -0, -0, 0.2481044240728, -0.0001044249789208, 0, 0, 0, 0, 0, 0.0002229760566412, -0.0001044259579633, -0.01837168641528, 0.0002229739661357, 0.018213939225, 0.0002229739661357, 0.562696955933, 0.562591946275, 0.562697012967, 0.5625917811878, 1.388362793841, -0.1984667648808, 0.1984676781628, 0, 1, 49.95417371823, 50, 49.95392621325, 0.00886759340921, 0, 0, 0, 0, 0, 0, 0, 0, 1.390044733318, -1.559970942262, 1.390044897831, -1.559971513059, 1.388362793841, -1.559971227661, 1.39004516758, -1.559970942262, 0, 1.390045328396, -1.55997151306, 6.402384359236e-06, 0, -0.1983826695112, -2.076463574572e-05, 0.1983970704337, -2.076463574572e-05, 0.7873784351863, 0.7875012960673, -0.7873804595388, -0.7874987039445, -1.150709108926e-06, -2.378961991031e-07, 0.7875038557096, 0.7874997620978, 0, -0.7875048034905, -0.7875002378902, -0, -0, -0, -0, 0.00138260903904, 0.3941684272441, 0.391151324782, 0.3941714919027, 0, 0.391152403869, 0.3941653625856
0.125, 0.1965428851962, -2.945026571436e-05, -0.1971091749604, -2.945028800758e-05, 0.0004070732710496, 1.812740350936e-05, 3.110534748673e-05, -0.0006486102805364, 0, 0, -24.22052510356, 0, -26.824444835, 7624.82726452, 3119.255559782, 7624.398145207, 3118.653014068, -70.26437188893, -54.74332774497, -70.25873750062, -54.77258436664, -232.7629072558, -0.02327974307601, 233.1502210173, -0.02331612334594, 5441.585162185, 3930.907240386, 5440.413498234, 3934.998116786, 3, -3.472507101808, -0.1788352230213, -3.61633347981, -0.4465747579125, -0.3140321428895, 0.01586768159176, -0.3185602154236, 0.0008500087792407, 0, 0, 0.2462617662753, -0, -0, -0, -0, -0, 0.2462617665015, -0.0002496718767058, 0, 0, 0, 0, 0, 0.0002964549638947, -0.0002496741828778, -0.02078651131619, 0.0002964522256214, 0.02041184725987, 0.0002964522256214, 0.7030688623173, 0.7029061285965, 0.7030689813547, 0.7029059173567, 1.735234478886, -0.198661834117, 0.1986464378951, 0, 1, 49.93834119089, 50, 49.93812264835, 0.008547323162389, 0, 0, 0, 0, 0, 0, 0, 0, 1.736902265344, -1.21311369038, 1.736902614007, -1.213114534686, 1.735234478886, -1.213114112534, 1.736902757137, -1.213113690381, 0, 1.736903096974, -1.213114534687, 1.426556642977e-05, 0, -0.1985600617596, -3.071437985509e-05, 0.1985748062677, -3.071437985509e-05, 0.7873647984214, 0.7875012106774, -0.7873694732051, -0.7874987893434, -2.671473820988e-06, -8.287715416939e-07, 0.787506707769, 0.7874991712178, 0, -0.7875088255557, -0.7875008287609, -0, -0, -5.551115123126e-17, -0, 0.001481251855188, 0.3941654329059, 0.3911601631779, 0.394169507484, 0, 0.3911624980893, 0.3941613583278
0.15, 0.1968882361554, -0.0001066819935285, -0.1976489923455, -0.000106682054676, 0.0006340602306133, 3.266779235967e-05, 4.42120322746e-05, -0.001116621509559, 0, 0, -24.39907736655, 0, -27.57544976536, 7617.092464073, 3118.935867157, 7616.238351293, 3118.040072892, -78.55373921342, -62.15223503389, -78.54220068852, -62.1871500756, -234.3812512462, 0.01532733268833, 234.9648490077, 0.01531752384173, 5440.508421361, 3929.081114244, 5438.530138878, 3933.77753233, 3, -2.997609939281, -0.2489216843761, -3.21310174741, -0.5645848352569, -0.3957057574531, 0.01067105738926, -0.4047317439098, -0.01166041106021, 0, 0, 0.2448056553414, -0, -0, -0, -0, -0, 0.2448056557276, -0.0004717613320345, 0, 0, 0, 0, 0, 0.0003403369270348, -0.0004717656382254, -0.02299258911711, 0.0003403338205013, 0.02228666998034, 0.0003403338205013, 0.8433795123748, 0.8431476593203, 0.8433797451985, 0.8431474543285, 2.081985949916, -0.1988945543528, 0.1988882040099, 0, 1, 49.92089272056, 50, 49.92075425952, 0.007771012207775, 0, 0, 0, 0, 0, 0, 0, 0, 2.083642300339, -0.8663740471324, 2.083642973781, -0.8663751261475, 2.081985949916, -0.8663745866416, 2.083642844906, -0.866374047134, 0, 2.08364350177, -0.8663751261491, 2.719244857277e-05, 0, -0.1987709383703, -3.925270574682e-05, 0.1988219877774, -3.925270574682e-05, 0.78735222677, 0.7875005795291, -0.7873606990516, -0.7874994204984, -4.864141989466e-06, -1.761823957347e-06, 0.7875091978512, 0.787498238162, 0, -0.7875128523348, -0.7875017618099, -0, -0, 5.551115123126e-17, -0, 0.001568060894953, 0.3941684674765, 0.3911623023258, 0.3941731451838, 0, 0.3911662450316, 0.3941637897693
0.175, 0.1974223773805, -0.0001609744527114, -0.1982217632414, -0.0001609744899355, 0.0009003582406787, 4.5013661858e-05, 5.31281516362e-05, -0.001671381660946, 0, 0, -25.99834878037, 0, -29.65332576988, 7610.846455193, 3118.459595378, 7609.408691398, 3117.22933136, -84.75732678642, -67.65406050398, -84.74023271938, -67.691824092, -235.1826587716, 0.05323859826131, 235.9225370954, 0.05326900508848, 5441.927139006, 3922.949811343, 5439.079788754, 3927.861147662, 3, -2.259625195105, -0.4100878911014, -2.536063702414, -0.7594208305602, -0.4617442158849, 0.002623401420985, -0.4769562059531, -0.02805931909421, 0, 0, 0.2439716745004, -0, -0, -0, -0, -0, 0.2439716750554, -0.0007598857986778, 0, 0, 0, 0, 0, 0.0003559114576192, -0.0007598926876616, -0.02485394562408, 0.0003559082310212, 0.02372556052927, 0.0003559082310212, 0.9836270712339, 0.9833168346607, 0.983627442618, 0.983316702357, 2.428604315916, -0.1991380891125, 0.199071724893, 0, 1, 49.90215572307, 50, 49.90211177013, 0.006545916959864, 0, 0, 0, 0, 0, 0, 0, 0, 2.430253676398, -0.5197633832217, 2.430254780952, -0.5197646062537, 2.428604315916, -0.5197639947396, 2.430254265688, -0.5197633832236, 0, 2.430255343584, -0.5197646062556, 4.631927195413e-05, 0, -0.1989877454475, -4.449179272763e-05, 0.1990188217966, -4.449179272763e-05, 0.7873414130289, 0.7874995020418, -0.7873543424639, -0.7875004979881, -7.490896976703e-06, -2.946531726253e-06, 0.7875110904167, 0.7874970534528, 0, -0.7875163187381, -0.7875029465163, -5.551115123126e-17, -0, -0, -0, 0.001635190766356, 0.3941804671647, 0.3911594708894, 0.3941853589339, 0, 0.3911651461672, 0.3941755753955
0.2, 0.1979268618767, -0.0001883014096987, -0.1987197709594, -0.0001883013580653, 0.001186092444343, 5.263651691493e-05, 5.640969062668e-05, -0.002149989057441, 0, 0, -27.63771807493, 0, -31.60848490173, 7606.461472847, 3117.727356659, 7604.321278928, 3116.14006185, -88.54989548777, -71.01579933928, -88.5276933082, -71.05436306855, -235.8517202601, 0.08125784643305, 236.6788529959, 0.08132400222025, 5444.872612318, 3915.695569175, 5441.197028509, 3920.51943372, 3, -1.455146671197, -0.6153502399857, -1.770483900192, -0.9763022159716, -0.5081510392901, -0.01022140324192, -0.5308142568873, -0.04983514893884, 0, 0, 0.2437145220622, -0, -0, -0, -0, -0, 0.2437145227661, -0.00109100678201, 0, 0, 0, 0, 0, 0.0003495726045448, -0.001091016652036, -0.02629967308324, 0.0003495694420902, 0.0246850893307, 0.0003495694420902, 1.123811977771, 1.123416693885, 1.123812569852, 1.12341670844, 2.775082546198, -0.1992596971441, 0.1991907904069, 0, 1, 49.88253546787, 50, 49.88256415318, 0.004841417259208, 0, 0, 0, 0, 0, 0, 0, 0, 2.776729023235, -0.1732892177758, 2.776730775825, -0.1732904379252, 2.775082546198, -0.1732898278524, 2.776729647075, -0.1732892177776, 0, 2.776731361621, -0.1732904379271, 7.238743065975e-05, 0, -0.19907724515, -4.438692866286e-05, 0.1991599772151, -4.438692866286e-05, 0.7873328849747, 0.7874981616103, -0.7873503204751, -0.7875018384186, -1.019257308824e-05, -4.243442178604e-06, 0.7875124296199, 0.7874957565429, 0, -0.7875188457093, -0.7875042434273, 5.551115123126e-17, -0, -0, -0, 0.001680262054999, 0.3941950049699, 0.3911535990073, 0.3941998096158, 0, 0.391160925791, 0.3941902003239
0.225, 0.1983895961156, -0.0001933356170946, -0.1990851352292, -0.0001933354392791, 0.001466972527769, 5.42310840306e-05, 5.356390087262e-05, -0.002233698922167, 0, 0, -28.07966412181, 0, -32.18627690569, 7603.914691004, 3116.76212017, 7601.012187249, 3114.819996559, -89.84975181903, -72.22452254433, -89.82298092804, -72.26229762118, -236.6112263436, 0.09675971173336, 237.4371728094, 0.09684640634611, 5448.399207076, 3911.683884905, 5444.017435033, 3916.205811973, 3, -0.7233640146664, -0.7455808841943, -1.050400457251, -1.091977200835, -0.535120728344, -0.0275081126832, -0.5658723066692, -0.076019586025, 0, 0, 0.2438180763009, -0, -0, -0, -0, -0, 0.2438180771091, -0.001436457808038, 0, 0, 0, 0, 0, 0.0003276920029976, -0.001436470814305, -0.0273143095564, 0.0003276890359691, 0.02519469247583, 0.0003276890359691, 1.263936584901, 1.26345247522, 1.263937463403, 1.263452715766, 3.121418526167, -0.1993188911811, 0.1992510087996, 0, 1, 49.86246676349, 50, 49.86253075436, 0.002868744304035, 0, 0, 0, 0, 0, 0, 0, 0, 3.123064794955, 0.1730448988752, 3.123067386194, 0.1730438820903, 3.121418526167, 0.1730443904813, 3.123065442921, 0.1730448988738, 0, 3.123067984348, 0.1730438820889, 0.0001055879548606, 0, -0.1990988760804, -3.698887758977e-05, 0.1992511844426, -3.698887758977e-05, 0.7873269465254, 0.787496747984, -0.7873482300013, -0.7875032520414, -1.258542066945e-05, -5.5065769063e-06, 0.7875134146197, 0.7874944934101, 0, -0.7875202318271, -0.7875055065639, -0, -0, -0, -0, 0.00170495075016, 0.3942032971082, 0.3911465706781, 0.3942078010196, 0, 0.3911553059375, 0.3941987931968
0.25, 0.1988195767591, -0.0001827017338488, -0.1993439035289, -0.0001827014318767, 0.001718371371004, 5.006020859975e-05, 4.535590560259e-05, -0.001798592051576, 0, 0, -27.18991115111, 0, -31.26731216477, 7602.922473231, 3115.728861216, 7599.262265252, 3113.460154564, -88.79781588444, -71.41833483193, -88.7679237951, -71.45403644836, -237.4988134857, 0.1011085328492, 238.2373199372, 0.1011990148817, 5451.780860398, 3912.782971135, 5446.868727221, 3916.859330196, 3, -0.148045744534, -0.7211066312381, -0.4595247710958, -1.027518062362, -0.5456313427298, -0.04618518893051, -0.5844200775878, -0.1029065301571, 0, 0, 0.2440649297306, -0, -0, -0, -0, -0, 0.2440649305827, -0.001767302327397, 0, 0, 0, 0, 0, 0.0002954028823836, -0.001767318361683, -0.0279367573493, 0.0002954002022924, 0.02533577401546, 0.0002954002022924, 1.404004396746, 1.403430752267, 1.404005625731, 1.403431300088, 3.467613140599, -0.19937710564, 0.1993096794834, 0, 1, 49.84237496153, 50, 49.84244432441, 0.001053939636601, 0, 0, 0, 0, 0, 0, 0, 0, 3.469260397929, 0.5192386806597, 3.469264010275, 0.5192381078322, 3.467613140599, 0.5192383942452, 3.469261060701, 0.519238680659, 0, 3.469264612066, 0.5192381078315, 0.0001454953099783, 0, -0.1991144187892, -2.083847595693e-05, 0.1993490566117, -2.083847595693e-05, 0.7873235918202, 0.7874954250107, -0.7873474649555, -0.7875045750101, -1.433080049307e-05, -6.607387036025e-06, 0.7875143059279, 0.7874933926024, 0, -0.7875204274192, -0.7875066073765, -0, -5.551115123126e-17, -5.551115123126e-17, -0, 0.001713274849059, 0.3942015514875, 0.3911398322689, 0.394205611606, 0, 0.3911496256484, 0.3941974913689
0.275, 0.1991240226876, -0.0001631017770178, -0.1994945948162, -0.0001631013891767, 0.001905151086913, 4.091017865179e-05, 3.288068844214e-05, -0.001028224407724, 0, 0, -25.77823540108, 0, -29.68911635966, 7603.069187717, 3114.832707193, 7598.712801606, 3112.288579384, -85.71838940197, -68.85072355261, -85.68667869879, -68.88303957486, -238.4552652006, 0.09723150330535, 239.029070103, 0.0973131596166, 5454.56023267, 3917.43689605, 5449.31758002, 3920.980968353, 3, 0.2358089435038, -0.5612930401086, -0.03615050886916, -0.8068084183162, -0.5441188822153, -0.06241885944665, -0.5902451286034, -0.1260769032801, 0, 0, 0.2443369683976, -0, -0, -0, -0, -0, 0.2443369692293, -0.002058131430543, 0, 0, 0, 0, 0, 0.0002568294841775, -0.002058150145098, -0.02824528763631, 0.0002568271488525, 0.02521959739214, 0.0002568271488525, 1.544019425584, 1.543358482674, 1.54402108516, 1.543359416517, 3.813668939038, -0.1993771057379, 0.1993672632966, 0, 1, 49.82264450684, 50, 49.82270582698, -0.0002062884226346, 0, 0, 0, 0, 0, 0, 0, 0, 3.815317479618, 0.8652942628078, 3.815322309338, 0.8652943886977, 3.813668939038, 0.8652943257529, 3.815318149543, 0.8652942628079, 0, 3.815322908672, 0.8652943886979, 0.0001909381608454, 0, -0.1990675321865, 4.579659871642e-06, 0.1994524625193, 4.579659871642e-06, 0.7873225336287, 0.7874943217502, -0.7873473433093, -0.7875056782656, -1.518412509167e-05, -7.445218819855e-06, 0.7875153512318, 0.7874925547733, 0, -0.7875195105093, -0.7875074452109, 5.551115123126e-17, -0, -0, -0, 0.001710230376716, 0.3941928108881, 0.3911342946387, 0.3941963408406, 0, 0.391144747806, 0.3941892809356
0.3, 0.1992878400185, -0.0001379240757411, -0.1994865454048, -0.0001379236553019, 0.002022184334321, 3.101517550526e-05, 2.045560006905e-05, -0.0002593365778279, 0, 0, -24.73901026906, 0, -28.37138753874, 7603.900954743, 3114.198910853, 7598.957080587, 3111.447821371, -81.05087023084, -64.86816141839, -81.01877546666, -64.89684798136, -239.3772453477, 0.08785858659103, 239.7832369925, 0.08792472519263, 5456.438161511, 3922.556896586, 5451.075258494, 3925.534362479, 3, 0.4230830698762, -0.3554239877218, 0.2091146628206, -0.5253922462576, -0.5354777864258, -0.07387013675322, -0.5877104941204, -0.1427457485365, 0, 0, 0.2446016598414, -0, -0, -0, -0, -0, 0.2446016605978, -0.002288930170007, 0, 0, 0, 0, 0, 0.000215769030426, -0.002288951028329, -0.02832868964498, 0.0002157670642065, 0.02497002095321, 0.0002157670642065, 1.683985904671, 1.683242298754, 1.683988041586, 1.683243688488, 4.159589944353, -0.1993186543269, 0.1993672633924, 0, 1, 49.80359499876, 50, 49.80364520412, -0.000762587295838, 0, 0, 0, 0, 0, 0, 0, 0, 4.161239779396, 1.211215675445, 4.161245941006, 1.211216741753, 4.159589944353, 1.2112162086, 4.161240450927, 1.211215675446, 0, 4.161246534553, 1.211216741754, 0.0002401594807613, 0, -0.1989593766772, 3.87904533254e-05, 0.1995026364863, 3.87904533254e-05, 0.7873233619729, 0.7874935356831, -0.7873471851897, -0.7875064643277, -1.500462607833e-05, -7.948755294796e-06, 0.7875167470748, 0.7874920512389, 0, -0.7875176470742, -0.7875079487495, -0, -0, -5.551115123126e-17, -0, 0.001701031092553, 0.394183176034, 0.391130553464, 0.3941861416375, 0, 0.391141247201, 0.3941802104305
0.325, 0.1993638498688, -0.0001115220631413, -0.1993908592052, -0.0001115216588911, 0.002068274762427, 1.981573717825e-05, 7.79191963296e-06, 0.000259834006701, 0, 0, -24.3448098448, 0, -27.60857387809, 7604.956385042, 3113.82978065, 7599.581451823, 3110.951353606, -75.27227458711, -59.87531002735, -75.24130949699, -59.9001900257, -240.1925341792, 0.07521715269755, 240.4126271965, 0.07526629959503, 5457.188431708, 3926.086160713, 5451.918700508, 3928.517881655, 3, 0.4245965523586, -0.1872133073947, 0.2813909514984, -0.2733886516375, -0.5245106904641, -0.08052164284424, -0.5812287369652, -0.1526092090643, 0, 0, 0.2448362641515, -0, -0, -0, -0, -0, 0.2448362647984, -0.002445281973013, 0, 0, 0, 0, 0, 0.0001762203491268, -0.002445304298888, -0.02827739556448, 0.0001762187402172, 0.02469655001996, 0.0001762187402172, 1.823908124136, 1.823088178136, 1.823910771475, 1.823090084169, 4.505382037442, -0.199261255088, 0.1993672635277, 0, 1, 49.78546684652, 50, 49.78550196535, -0.0007396103638159, 0, 0, 0, 0, 0, 0, 0, 0, 4.50703300194, 1.557008617774, 4.507040565178, 1.557010841184, 4.505382037442, 1.557009729481, 4.507033671888, 1.557008617776, 0, 4.507041152376, 1.557010841186, 0.0002914324355207, 0, -0.1988508108678, 8.088380625557e-05, 0.1995549792044, 8.088380625557e-05, 0.7873256163948, 0.7874931391249, -0.7873464433001, -0.787506860881, -1.372340371662e-05, -8.073206792129e-06, 0.7875186506026, 0.7874919267887, 0, -0.7875150375664, -0.7875080732023, -0, -0, -0, -0, 0.001690728653025, 0.394176689199, 0.391129059075, 0.3941791112318, 0, 0.3911395678469, 0.3941742671662
0.35, 0.1993467405653, -9.161686613945e-05, -0.1991708630415, -9.161649242267e-05, 0.00203998555818, 8.276101098099e-06, -4.903080355967e-06, 0.00049579528238, 0, 0, -24.22592380337, 0, -27.02106295224, 7605.813127915, 3113.652646939, 7600.186989656, 3110.73174819, -68.83658179847, -54.28205078654, -68.80693766264, -54.3035604585, -240.846033821, 0.06204413263499, 240.8747591182, 0.06207828831861, 5456.683844544, 3928.118806322, 5451.700919799, 3930.062790927, 3, 0.2630914945604, -0.08274460292209, 0.1975756827508, -0.08080417379996, -0.5156062102957, -0.08376974164572, -0.574941590184, -0.1569321497641, 0, 0, 0.2449740959545, -0, -0, -0, -0, -0, 0.2449740964798, -0.002519713233768, 0, 0, 0, 0, 0, 0.0001408753954564, -0.002519736265123, -0.0281835201207, 0.0001408741078013, 0.02450434219928, 0.0001408741078013, 1.963790266202, 1.962901376611, 1.963793420816, 1.962903848154, 4.851053006648, -0.1992021450203, 0.1993093570118, 0, 1, 49.76841777156, 50, 49.76842763948, -0.0003885883506067, 0, 0, 0, 0, 0, 0, 0, 0, 4.852704425654, 1.902680243942, 4.852713375162, 1.902683801383, 4.851053006648, 1.902682022665, 4.852705093009, 1.902680243944, 0, 4.852713957774, 1.902683801385, 0.0003429395789426, 0, -0.198740528611, 0.0001294135442591, 0.1995493436574, 0.0001294135442591, 0.7873287678718, 0.7874931662334, -0.7873446329414, -0.7875068337673, -1.136093859566e-05, -7.802927103351e-06, 0.7875211617394, 0.7874921970685, 0, -0.7875119152613, -0.7875078029227, 5.551115123126e-17, -0, -0, -0, 0.001683859901628, 0.394173125898, 0.3911300645444, 0.3941750621376, 0, 0.3911400022364, 0.3941711896583
0.375, 0.1992507497528, -3.435464530132e-05, -0.198964549103, -3.435450312824e-05, 0.00193942981589, -3.771429403093e-06, 5.753620820773e-05, 0.000573843856445, 0, 0, -21.11001968839, 0, -28.79247506865, 7606.122086592, 3113.60445099, 7600.432219033, 3110.717844324, -62.13507154958, -48.45632827148, -62.11813426591, -48.47353411907, -241.3063674494, 0.04548890717256, 241.1409938833, 0.04551215699852, 5454.952726825, 3930.038538881, 5450.406794442, 3931.658509452, 3, -0.02334524553295, 0.00772894336585, -0.01146293228809, 0.05625301057469, -0.5123949100099, -0.08479116345906, -0.572395385664, -0.1571001980194, 0, 0, 0.2449150552198, -0, -0, -0, -0, -0, 0.2449150556526, -0.002512160329443, 0, 0, 0, 0, 0, 0.0001173949593901, -0.002512183280694, -0.02812973269127, 0.0001173938868723, 0.024467624056, 0.0001173938868723, 2.103636269898, 2.102686403943, 2.103639953633, 2.102689475789, 5.196611851951, -0.1991443402823, 0.1993093570723, 0, 1, 49.75252870503, 50, 49.75250072975, 8.930329526651e-05, 0, 0, 0, 0, 0, 0, 0, 0, 5.198262331365, 2.248238716208, 5.198272678529, 2.248243715351, 5.196611851951, 2.248241215782, 5.198262997092, 2.248238716211, 0, 5.198273260418, 2.248243715353, 0.0003928021245933, 0, -0.1986331188613, 0.0001818601677444, 0.1995993876085, 0.0001818601677444, 0.7873322809209, 0.7874936668336, -0.7873414962949, -0.7875063331617, -8.029561840555e-06, -7.14078207145e-06, 0.7875243093047, 0.7874928592123, 0, -0.7875085290536, -0.7875071407765, -0, -0, -0, -5.551115123126e-17, 0.001683994572084, 0.394169624453, 0.3911335131661, 0.3941712379695, 0, 0.3911425802822, 0.3941680109365
0.4, 0.1998508497754, 0.04371108807541, -0.198015033781, 0.04371987546638, 0.01252835570628, 4.508431157434e-05, -0.0002517319864351, 0.0007780801820455, 0, 0, -223.7864483993, 0, 174.3231215914, 7605.614664879, 3113.170990769, 7600.11014068, 3111.403365951, -52.83863516827, -47.85851588399, -58.16207328006, -37.57867240153, -241.6995433518, 0.7219969854974, 241.1185958828, 0.7193080545337, 5452.150909835, 3939.133828122, 5448.241619975, 3928.38991728, 3, 0.2709205725614, 18.68668955002, -0.9570096062688, -18.4135741589, -0.5177671504459, -0.09652107349608, -0.5758156891139, -0.1410847767971, 0, 0, 0.2445793262633, -0, -0, -0, -0, -0, 0.2445793245015, -0.002399157699776, 0, 0, 0, 0, 0, -0.0007785826285217, -0.002399179558576, -0.02806474419563, -0.000778575534896, 0.02476043734615, -0.000778575534896, 2.243450281605, 2.242446879505, 2.243453187858, 2.242450689403, 5.542067654828, -0.2006967710292, 0.197730022641, 0, 1, 49.73781498326, 50, 49.73774252936, 0.0006227890157235, 0, 0, 0, 0, 0, 0, 0, 0, 5.543716419338, 2.593691553563, 5.543725736405, 2.593699951866, 5.542067654828, 2.593695752686, 5.543717088598, 2.593691553534, 0, 5.543726320716, 2.593699951837, 0.0004318854491911, 0, -0.200146917551, 0.0003055157602951, 0.198058010713, 0.0003055157602951, 0.7873365661767, 0.7874875275224, -0.7873359831818, -0.7875124726006, -3.595346121399e-06, -7.116362637874e-06, 0.787528153631, 0.7874928835535, 0, -0.7875050167642, -0.7875071162787, -0, -0, -0, -0, 0.001693328788793, 0.3941638209343, 0.3911390946917, 0.3941531198279, 0, 0.3911468925196, 0.3941745220407
0.425, 0.2013309464254, -0.01416201194621, -0.196211426394, -0.01416099869737, -0.002446303319345, -0.0003061392479357, 0.02038469098091, 0.006001388655899, 0, 0, 852, 0, -852, 7604.465727692, 3115.794072255, 7598.851018773, 3109.618228641, -52.31825484225, -34.16652664349, -46.37291688197, -41.50219747473, -241.6718472686, -2.635313523257, 241.2456263682, -2.726291446927, 5448.672673851, 3915.225446977, 5445.446035989, 3960.521212699, 3, -1.207049757748, -4.877357526408, -0.2210223599663, 7.684126892941, -0.5301442820168, -0.0361384859026, -0.5893885782567, -0.1921493351804, 0, 0, 0.2439565412608, -0, -0, -0, -0, -0, 0.2439565672799, -0.002390986893142, 0, 0, 0, 0, 0, 0.003282463451608, -0.002391008566697, -0.02842317840881, 0.003282433697358, 0.0250058967139, 0.003282433697358, 2.383233728184, 2.382185869045, 2.383237493562, 2.382190502754, 5.887428580867, -0.1999117500671, 0.1985607034099, 0, 1, 49.72423616702, 50, 49.72406421544, 0.0008871588557096, 0, 0, 0, 0, 0, 0, 0, 0, 5.889071681777, 2.939053203651, 5.889083727349, 2.93905426432, 5.887428580867, 2.939053734001, 5.889072356681, 2.939053203666, 0, 5.889084320157, 2.939054264335, 0.0005065980318063, 0, -0.19928594651, 3.858531904597e-05, 0.1989626264115, 3.858531904597e-05, 0.7873377461802, 0.7875215507143, -0.787331677087, -0.78747845187, -3.910269188762e-07, -1.031468370349e-06, 0.7875317839772, 0.7874989672391, 0, -0.7875023887827, -0.7875010301759, -0, -0, -0, -5.551115123126e-17, 0.001712532663846, 0.3941556301702, 0.3911460222416, 0.3942007454747, 0, 0.3911524606838, 0.3941105148658
0.45, 0.1976425977859, -0.07794375729036, -0.1996810129297, -0.07791489766399, -0.01799710434968, -0.0005090617888823, 0.01526212248281, 0.00316750543511, 0, 0, 902, 0, -902, 7602.314826712, 3117.892973325, 7596.949072984, 3109.209233162, -48.77911629001, -21.74615625355, -38.18585832715, -44.29038884616, -241.6203833079, -4.612192389793, 241.2247839166, -4.609715343921, 5445.00617947, 3900.156756437, 5442.121967101, 3979.713628753, 3, -2.463004616792, -32.78755623417, 0.4076156680667, 33.9126878627, -0.5530679119159, 0.009852521346592, -0.6097720326388, -0.2108638596866, 0, 0, 0.2430563234656, -0, -0, -0, -0, -0, 0.2430563881153, -0.002261261301362, 0, 0, 0, 0, 0, 0.005765274159949, -0.002261281647998, -0.02908094922256, 0.005765222284946, 0.0253519578324, 0.005765222284946, 2.522987967062, 2.521905832679, 2.522996162965, 2.521910254033, 6.232702093587, -0.1952345253968, 0.2033340944893, 0, 1, 49.71171366486, 50, 49.71155476029, 0.001740709661525, 0, 0, 0, 0, 0, 0, 0, 0, 6.234334781304, 3.284324638882, 6.234355010852, 3.284321737122, 6.232702093587, 3.284323187929, 6.234335455435, 3.284324638809, 0, 6.234355626455, 3.284321737049, 0.0005612442032389, 0, -0.1945516762389, -0.000105561025049, 0.2037896183168, -0.000105561025049, 0.7873376527739, 0.7875431506847, -0.7873265825714, -0.7874568572859, 3.917846624346e-06, 3.486341154937e-06, 0.7875361847678, 0.7875034823532, 0, -0.7874996596556, -0.7874965096709, 5.551115123126e-17, 5.551115123126e-17, 5.551115123126e-17, -0, 0.001741118908757, 0.3941515215254, 0.3911533237609, 0.3942307614376, 0, 0.3911590812961, 0.3940722816131
0.475, 0.1974452273031, -0.0838315175832, -0.1997356830625, -0.08379837787819, -0.01911323788836, -0.0004543845799203, 0.01606914696406, 0.002627073313761, 0, 0, 952, 0, -952, 7599.488699328, 3118.915862989, 7594.26026696, 3110.187109103, -44.03503220894, -16.90126200973, -32.9831730723, -40.36754689659, -241.2637730153, -4.399047048906, 241.4091845269, -4.338056098275, 5441.837318417, 3901.308122261, 5438.076944692, 3982.372600224, 3, -2.752889931462, -34.94643324974, 0.1320049186746, 36.22009834464, -0.5831221929277, 0.02914083772921, -0.6384893470473, -0.1949906022822, 0, 0, 0.2419311900051, -0, -0, -0, -0, -0, 0.241931256899, -0.002276214284039, 0, 0, 0, 0, 0, 0.005874525827623, -0.002276234576038, -0.02977008240569, 0.005874473457828, 0.0260139958262, 0.005874473457828, 2.662718582803, 2.661607050342, 2.66272715791, 2.661611602488, 6.577894599072, -0.1953394321955, 0.2033718491846, 0, 1, 49.7001387366, 50, 49.69994932468, 0.00215114533174, 0, 0, 0, 0, 0, 0, 0, 0, 6.579518775836, 3.629511519081, 6.579540083833, 3.62950947352, 6.577894599072, 3.629510496248, 6.57951946617, 3.629511519029, 0, 6.579540715763, 3.629509473467, 0.000602678085314, 0, -0.1946127951987, -7.441399424824e-05, 0.2038664926094, -7.441399424824e-05, 0.7873365568155, 0.7875444526701, -0.7873207154941, -0.7874555556069, 6.260250967107e-06, 4.036997173004e-06, 0.7875397967139, 0.7875040328573, 0, -0.7874983159499, -0.787495958863, -0, 5.551115123126e-17, -0, -0, 0.001777651567667, 0.3941477262924, 0.3911596338161, 0.3942284678039, 0, 0.3911671370828, 0.3940669847809
0.5, 0.1963320746314, -0.09002585134781, -0.2008157413901, -0.08998775901878, -0.0204551358659, -0.0003700836001679, 0.01658507521313, 0.001684476142627, 0, 0, 1000, 0, -1000, 7596.239288657, 3119.888667073, 7590.81569638, 3111.552482104, -41.04532855177, -12.65941015072, -27.71910477702, -36.90792526338, -240.8399989503, -3.960576590427, 241.6162067301, -3.829167408282, 5439.220984908, 3906.645069256, 5433.696968219, 3980.763731557, 3, -2.948702388352, -37.5611064103, -0.08793364912676, 38.61137625265, -0.6176599958998, 0.04687127350961, -0.6752064967567, -0.1691118447975, 0, 0, 0.2406086580212, -0, -0, -0, -0, -0, 0.2406087169606, -0.002483250645045, 0, 0, 0, 0, 0, 0.005371180631341, -0.002483272541358, -0.03075371800685, 0.005371133270809, 0.02666894286344, 0.005371133270809, 2.802424642195, 2.801289806344, 2.802433821976, 2.80129461875, 6.923011863741, -0.1953916246146, 0.2035000702877, 0, 1, 49.68936605321, 50, 49.68916114266, 0.002421057134787, 0, 0, 0, 0, 0, 0, 0, 0, 6.924625997459, 3.974621624882, 6.924648555601, 3.974621422753, 6.923011863741, 3.974621523812, 6.92462671064, 3.974621624877, 0, 6.924649203986, 3.974621422748, 0.0006437756066306, 0, -0.194620428528, -7.353103926548e-06, 0.2040336422235, -7.353103926548e-06, 0.7873327901336, 0.7875399298344, -0.7873160308311, -0.7874600770861, 6.464357574706e-06, 2.97775339475e-06, 0.7875427480939, 0.7875029742931, 0, -0.7874981067424, -0.7874970187864, -0, -0, 5.551115123126e-17, -0, 0.001820202106721, 0.3941440134068, 0.3911648420883, 0.3942178367753, 0, 0.3911758600789, 0.3940701900383
0.525, 0.196484272196, -0.09091128177353, -0.2007424712263, -0.09087238452377, -0.02070700484425, -0.0003295449125007, 0.01631545653248, 0.001138154913704, 0, 0, 1000, 0, -1000, 7592.716448316, 3120.805907603, 7586.849617312, 3112.97249122, -38.40677617614, -9.950723433658, -24.3704462538, -33.93502161211, -240.7017494968, -3.659456129807, 241.5678904161, -3.459926604331, 5436.334537889, 3913.796178431, 5430.26056724, 3979.133447194, 3, -3.052740376944, -38.09970994027, -0.2280443641493, 38.94461626323, -0.6550995635137, 0.06377322059921, -0.7174636081422, -0.1406455526459, 0, 0, 0.2391654331842, -0, -0, -0, -0, -0, 0.2391654823595, -0.002699078972857, 0, 0, 0, 0, 0, 0.004734816101746, -0.002699102487604, -0.03181138398291, 0.00473477485172, 0.02744385347341, 0.00473477485172, 2.94210688359, 2.94095338932, 2.942116345426, 2.940958521969, 7.268058035371, -0.1957531121773, 0.2033462991849, 0, 1, 49.67922741865, 50, 49.67901815106, 0.002557900768561, 0, 0, 0, 0, 0, 0, 0, 0, 7.2696614855, 4.319659656131, 7.269684777616, 4.319661567809, 7.268058035371, 4.31966061201, 7.269662224422, 4.319659656171, 0, 7.269685444475, 4.319661567849, 0.0006842250116217, 0, -0.1949378094909, 6.954354765566e-05, 0.2039177343387, 6.954354765566e-05, 0.7873290178315, 0.7875347332382, -0.7873103427773, -0.7874652721384, 7.013180861763e-06, 2.159963552823e-06, 0.7875461997451, 0.7875021572741, 0, -0.7874977124877, -0.787497837347, -0, 5.551115123126e-17, 5.551115123126e-17, -0, 0.001866298308918, 0.3941385149634, 0.3911705880394, 0.3942035919241, 0, 0.391182703, 0.3940734380027
0.55, 0.1949615327619, -0.09070523117809, -0.2024580999757, -0.09066627043172, -0.02153577681006, -0.0001974238148731, 0.01550925639767, 0.001041392333742, 0, 0, 1000, 0, -1000, 7588.784060617, 3120.527078303, 7582.939472062, 3115.642174757, -39.12080221814, -8.599940029203, -20.64881474486, -31.09680397065, -240.994303143, -1.909980190924, 241.1050232075, -1.98135943937, 5433.016160862, 3933.999979612, 5428.391863812, 3963.320194285, 3, -3.175803481776, -38.3084812553, -0.1485579205199, 39.31628418747, -0.6969530114642, 0.05018868208601, -0.7590774806524, -0.07935618697221, 0, 0, 0.2377067427538, -0, -0, -0, -0, -0, 0.2377067567399, -0.002586275327878, 0, 0, 0, 0, 0, 0.002124756861022, -0.002586297585851, -0.03265606883399, 0.002124738575119, 0.02851994182912, 0.002124738575119, 3.081764513725, 3.080595090079, 3.081774312437, 3.080601567486, 7.613035550188, -0.1962188458556, 0.2031047884728, 0, 1, 49.66949461764, 50, 49.66928934279, 0.002588534746385, 0, 0, 0, 0, 0, 0, 0, 0, 7.614628456717, 4.664626477091, 7.614651879402, 4.664635068187, 7.613035550188, 4.664630772719, 7.61462921702, 4.664626477171, 0, 7.61465257163, 4.664635068266, 0.0006983570350058, 0, -0.1953866998631, 0.0003125292114655, 0.2036865663249, 0.0003125292114655, 0.7873288615409, 0.7875154435047, -0.7873005707247, -0.7874845575548, 1.180320093908e-05, 8.27028970733e-07, 0.7875518140276, 0.7875008264758, 0, -0.7874952891579, -0.7874991724178, -0, -0, -0, -0, 0.001913147590327, 0.3941341429821, 0.3911771951068, 0.3941633463831, 0, 0.3911864219283, 0.394104939581
0.575, 0.194848826208, -0.0759811271905, -0.2028730500121, -0.07595369964136, -0.01796962362978, 0.0001706614522371, -0.0342757290292, 0.0007747466214964, 0, 0, -1000, 0, 1000, 7584.303392711, 3118.383573547, 7579.732874238, 3119.838800421, -32.89242968022, -12.90576135998, -26.12438391741, -25.6950458794, -241.4953297971, 2.114983029776, 240.6896616275, 1.877457869042, 5429.341541893, 3969.988035737, 5428.424878282, 3930.044125619, 3, -2.709963795927, -32.66145576764, -0.4398006668583, 32.55425681891, -0.744629814052, -0.008103468758916, -0.7933048722708, 0.02126667723885, 0, 0, 0.2363777369057, -0, -0, -0, -0, -0, 0.2363777412242, -0.001826529041245, 0, 0, 0, 0, 0, -0.002894627131705, -0.001826544585415, -0.03305126502229, -0.00289460249799, 0.03000911449893, -0.00289460249799, 3.221395612607, 3.220212360671, 3.22140614572, 3.220218786265, 7.957944610097, -0.195667601343, 0.2038791155314, 0, 1, 49.65990495592, 50, 49.65975204956, 0.002728754842418, 0, 0, 0, 0, 0, 0, 0, 0, 7.959527662895, 5.009522604564, 7.959551597067, 5.009543646241, 7.957944610097, 5.009533125136, 7.959528430358, 5.009522604298, 0, 7.959552328079, 5.009543645975, 0.0006680423506318, 0, -0.1948648722714, 0.0007654598449737, 0.2044250848858, 0.0007654598449737, 0.7873350844314, 0.7874799664668, -0.7872845997492, -0.7875200354026, 2.40675989667e-05, -1.228118314318e-07, 0.7875607392666, 0.7874998761129, 0, -0.7874894853874, -0.7875001217366, -0, -0, -0, 5.551115123126e-17, 0.00195767979881, 0.3941314415674, 0.3911845135165, 0.3940916567964, 0, 0.3911863509694, 0.3941712263384
0.6, 0.1956353288324, 0.01269096244086, -0.2024222263002, 0.01269168028653, 0.004242756682921, 0.0002170298919035, -0.02430748504899, 0.002534579948657, 0, 0, -1000, 0, 1000, 7580.080432056, 3118.872345214, 7576.850169314, 3121.273657775, -24.76281316674, -21.9621851887, -30.89434695465, -14.74460599077, -241.8246787182, 2.728871471097, 240.6235291685, 2.573344231193, 5427.270284332, 3970.180793588, 5428.41226664, 3927.834136816, 3, -1.267370778849, 5.922895958331, -1.598293692879, -4.736182083974, -0.7895824530132, 0.0007087888788615, -0.8242157418589, 0.05284135598938, 0, 0, 0.2352478835303, -0, -0, -0, -0, -0, 0.2352478916572, -0.00117286774467, 0, 0, 0, 0, 0, -0.003068747433737, -0.001172877630845, -0.03330077870717, -0.003068721567292, 0.03152208010935, -0.003068721567292, 3.361002233252, 3.359804968277, 3.361011023739, 3.359811215001, 8.302785190377, -0.1981865343264, 0.2015595300511, 0, 1, 49.65048279208, 50, 49.65032350157, 0.002375029741289, 0, 0, 0, 0, 0, 0, 0, 0, 8.304361531746, 5.354356827465, 8.304382521908, 5.354379884986, 8.302785190377, 5.354368355916, 8.304362314979, 5.354356827156, 0, 8.304383281066, 5.354379884677, 0.0006744723269042, 0, -0.1973770067993, 0.0008387928071104, 0.202106274193, 0.0008387928071104, 0.787341148774, 0.7874833477281, -0.787269375433, -0.7875166543621, 3.461168637473e-05, 4.456192866593e-06, 0.7875685095075, 0.787504454979, 0, -0.7874845908074, -0.7874955425932, -0, -0, -0, -0, 0.001997646712665, 0.3941334506992, 0.3911886385405, 0.3940912727543, 0, 0.3911863705455, 0.3941756286442
0.625, 0.2033943233323, 0.09182495584318, -0.1950043651428, 0.09186444788376, 0.02318699179892, 0.00029426911361, -0.01545753097079, 0.000186538192477, 0, 0, -1000, 0, 1000, 7576.463405185, 3119.684729147, 7574.160629133, 3122.049011698, -15.45699778793, -27.05038081405, -34.10972139507, -4.633651507239, -241.5466956364, 2.691464732615, 241.238335824, 3.21022087838, 5427.163216687, 3967.168686987, 5427.141318207, 3928.641061861, 3, 0.03255618608079, 39.27800128633, -2.540643897442, -38.93417875023, -0.828155017518, 0.01803623553689, -0.8530797147758, 0.06958337564312, 0, 0, 0.234278455211, -0, -0, -0, -0, -0, 0.234278462522, -0.0009174021863719, 0, 0, 0, 0, 0, -0.00279199236891, -0.0009174098556103, -0.03365110139693, -0.00279196902879, 0.03276179624762, -0.00279196902879, 3.500587532799, 3.49937663886, 3.500591687076, 3.499384086904, 8.647559821902, -0.2033608779634, 0.1965533604666, 0, 1, 49.64147657499, 50, 49.64135175927, 0.002139540100048, 0, 0, 0, 0, 0, 0, 0, 0, 8.649132628405, 5.699126593734, 8.649146662484, 5.69915008913, 8.647559821902, 5.699138341146, 8.649133440548, 5.699126593448, 0, 8.649147432015, 5.699150088843, 0.0006932887576943, 0, -0.2025316941457, 0.0008547219162923, 0.1971143298867, 0.0008547219162923, 0.787343619497, 0.7874880895801, -0.7872585865756, -0.7875119121145, 3.983659344855e-05, 7.294589327091e-06, 0.787573372108, 0.7875072935667, 0, -0.7874822675625, -0.7874927043881, -0, -0, -0, -0, 0.002032702879233, 0.3941356471926, 0.3911888504252, 0.394097273064, 0, 0.3911888975666, 0.3941740213211
0.65, 0.2047292741049, 0.1051933925669, -0.1939432120741, 0.1052452137457, 0.02592936160554, 6.132643223546e-05, 0.01072024496996, -0.002076726225969, 0, 0, -37.81451017674, 0, 14.06887235469, 7573.638617064, 3121.663259568, 7571.447026958, 3121.348670292, -8.921746130421, -22.79763278024, -32.96929388416, -1.180353792567, -241.6252583608, 0.6951620411486, 241.5383643881, 0.6227340161276, 5427.054376894, 3951.675513499, 5425.736211381, 3945.513386929, 3, 0.2867713002144, 45.09704110971, -2.52603033371, -44.28706373633, -0.8584054772427, 0.06520089448338, -0.8822441892288, 0.05087160573258, 0, 0, 0.2333694862999, -0, -0, -0, -0, -0, 0.2333694859749, -0.0009676494417425, 0, 0, 0, 0, 0, -0.0004465525503678, -0.0009676574683852, -0.03448128734222, -0.0004465488462495, 0.03332651257711, -0.0004465488462495, 3.640150286202, 3.638932551714, 3.640155693516, 3.638941509705, 8.992273241848, -0.2018553366371, 0.1982027588507, 0, 1, 49.63307696811, 50, 49.63294011166, 0.001631957256341, 0, 0, 0, 0, 0, 0, 0, 0, 8.993838037162, 6.043838062996, 8.993855048851, 6.04385696098, 8.992273241848, 6.043847511951, 8.993838863004, 6.043838062959, 0, 8.993855838331, 6.043856960943, 0.0007273595075156, 0, -0.2009892089997, 0.0006874760126273, 0.1987960194708, 0.0006874760126273, 0.7873409346312, 0.7875086234144, -0.7872539796483, -0.78749137652, 4.130489080112e-05, 1.169523026995e-05, 0.7875763554818, 0.7875116951497, 0, -0.7874815178375, -0.7874883046891, -0, -0, 5.551115123126e-17, -0, 0.002063886503169, 0.3941342739916, 0.3911890638674, 0.3941281364153, 0, 0.3911916943601, 0.3941404115679
0.675, 0.205248472053, 0.1088287756508, -0.1936318402981, 0.1088838929779, 0.0252336058311, -3.862214526625e-05, 0.02174186809215, -0.005834486057381, 0, 0, 370.4354891533, 0, -446.9103079756, 7570.95388829, 3122.239694528, 7569.131795702, 3122.06754443, -3.751038419612, -18.8935378419, -29.13610339396, 2.182520672679, -241.9142373443, -0.06799313225322, 241.6044952915, -0.2640909995841, 5425.385430173, 3954.026751318, 5425.425864021, 3948.070973429, 3, 0.263051301773, 46.04386082898, -2.330733431168, -45.3616977101, -0.8872909170188, 0.07630923730811, -0.9071425139103, 0.06831598505754, 0, 0, 0.2324369347668, -0, -0, -0, -0, -0, 0.2324369345916, -0.0007222793894261, 0, 0, 0, 0, 0, -0.0004315989941685, -0.0007222853329391, -0.03496001916071, -0.0004315954426437, 0.03411019220807, -0.0004315954426437, 3.779696997583, 3.7784768752, 3.779702844519, 3.778486168884, 9.33693115417, -0.2012247076454, 0.1989598347345, 0, 1, 49.62543295562, 50, 49.62529302098, 0.001296044046849, 0, 0, 0, 0, 0, 0, 0, 0, 9.338488950159, 6.388491586233, 9.33850669865, 6.388510737712, 9.33693115417, 6.388501161936, 9.338489784878, 6.388491586197, 0, 9.338507509726, 6.388510737676, 0.0007182094437507, 0, -0.2003663301567, 0.0006966976971135, 0.1995413020762, 0.0006966976971135, 0.7873420268985, 0.7875120398278, -0.7872462829832, -0.7874879601004, 4.624106450495e-05, 1.500874636238e-05, 0.787580718326, 0.7875150086658, 0, -0.7874791721354, -0.7874849911731, 5.551115123126e-17, 5.551115123126e-17, -0, -0, 0.00209271822546, 0.3941293847251, 0.3911923864811, 0.3941234526754, 0, 0.391192309433, 0.3941353167748
0.7, 0.204695148527, 0.02645430366555, -0.1943151621787, 0.0264574738431, 0.004299957062979, -0.0004920966237942, 0.02847609329801, 0.003863356174309, 0, 0, 1000, 0, -1000, 7568.232205174, 3124.57352993, 7567.133508889, 3121.088757013, -13.6925358092, -6.122258111633, -9.41673482302, -5.110336197888, -242.6644765818, -3.703416978129, 241.299748746, -4.212406038246, 5422.390877246, 3933.931987829, 5425.910654077, 3975.861653933, 3, -1.147839075778, 11.82651049231, -0.8838857923553, -9.228526661474, -0.9165253337326, 0.1316463564374, -0.9287555483949, 0.04260989278226, 0, 0, 0.2314582362634, -0, -0, -0, -0, -0, 0.2314582500075, -0.0001994159257704, 0, 0, 0, 0, 0, 0.003038528431908, -0.0001994175529399, -0.03500741464721, 0.003038503638697, 0.0352418267612, 0.003038503638697, 3.919231615783, 3.918014123215, 3.919235392457, 3.918022159131, 9.681539323701, -0.2037972320502, 0.196506158765, 0, 1, 49.61861883955, 50, 49.61842458898, 0.0008527205118229, 0, 0, 0, 0, 0, 0, 0, 0, 9.683092135988, 6.733098786458, 9.683106031629, 6.733110905537, 9.681539323701, 6.733104846159, 9.683092982611, 6.733098786619, 0, 9.683106859264, 6.733110905698, 0.0007122674338011, 0, -0.202945208308, 0.0004408711633471, 0.1970776625453, 0.0004408711633471, 0.7873473047983, 0.7875453751403, -0.7872348604182, -0.7874546270278, 5.435616882931e-05, 2.447303544885e-05, 0.7875863234278, 0.7875244719048, 0, -0.7874754753065, -0.7874755258339, -0, -0, -0, -0, 0.002120609399984, 0.3941217189261, 0.3911983515273, 0.3941634815417, 0, 0.3911913390398, 0.3940799563105
0.725, 0.2021086719356, -0.04520177501932, -0.1969949153546, -0.04519204974258, -0.01340351140514, -0.0006209825770986, 0.0206055951308, 0.00498015742051, 0, 0, 1000, 0, -1000, 7565.182372125, 3125.7311791, 7565.517688396, 3121.549079743, -10.6699677656, 9.137051749204, -2.076724732808, -9.38896681912, -242.9337236869, -4.807273705959, 241.1215621564, -5.100891509657, 5419.964218897, 3928.744564224, 5425.281569851, 3988.010390302, 3, -2.304523832028, -17.99818206168, 0.2341590266918, 21.7864121668, -0.9492744579483, 0.1566964524131, -0.9463223916348, 0.05222325594706, 0, 0, 0.2304394938607, -0, -0, -0, -0, -0, 0.2304395166548, 0.0004954967136405, 0, 0, 0, 0, 0, 0.004294832304523, 0.0004955007212212, -0.03534002398784, 0.004294797568165, 0.03608004790537, 0.004294797568165, 4.058753106838, 4.057546773071, 4.058760262583, 4.057554472059, 10.02610373625, -0.1992237070712, 0.2011957387486, 0, 1, 49.61271244709, 50, 49.61248490695, 0.0007253168987099, 0, 0, 0, 0, 0, 0, 0, 0, 10.02764650991, 7.077659829078, 10.02766613307, 7.077669706389, 10.02610373625, 7.077664767919, 10.02764734546, 7.077659829263, 0, 10.02766700041, 7.077669706575, 0.0006806397951298, 0, -0.1984025425863, 0.0003593195210977, 0.2017328956084, 0.0003593195210977, 0.7873510544031, 0.7875613620559, -0.7872249958249, -0.7874386423379, 6.379410369116e-05, 3.181766169022e-05, 0.7875923470235, 0.7875318154338, 0, -0.787471334418, -0.7874681801104, -0, -0, -0, -5.551115123126e-17, 0.002148777739317, 0.3941147847946, 0.391203184113, 0.3941738145017, 0, 0.3911925886334, 0.3940557550876
0.75, 0.1961339306585, -0.1008722310852, -0.2030693994258, -0.1008248542121, -0.02595207029524, -0.0002954984895019, 0.01016055878646, -0.005044044901523, 0, 0, 783.4281365513, 0, -850.7055454622, 7561.97811229, 3125.5173476, 7563.925326303, 3123.591093239, -10.67423498247, 16.98244392045, 8.883930300452, -7.479259224739, -242.613658625, -1.983064891036, 241.3103406852, -2.347836300458, 5418.450566555, 3941.276467229, 5423.191187759, 3980.43157847, 3, -2.754497897947, -42.52025700361, 0.6493546095221, 43.18476922689, -0.9836061376667, 0.1481026659465, -0.9637232457672, 0.09959583307085, 0, 0, 0.2293953325676, -0, -0, -0, -0, -0, 0.2293953395593, 0.001073425403242, 0, 0, 0, 0, 0, 0.002837463605163, 0.001073434006613, -0.03562580338471, 0.002837440863425, 0.03699250827376, 0.002837440863425, 4.198267934476, 4.197078052893, 4.198276447293, 4.197085092603, 10.37063064952, -0.1978459183375, 0.2026942115194, 0, 1, 49.60774230103, 50, 49.6075924616, 0.001382572858248, 0, 0, 0, 0, 0, 0, 0, 0, 10.37216551369, 7.422180935644, 10.37218624619, 7.422193953682, 10.37063064952, 7.422187444824, 10.37216635038, 7.422180935805, 0, 10.37218714182, 7.422193953844, 0.0006261028049671, 0, -0.1970787638461, 0.0004735737561749, 0.2031738343095, 0.0004735737561749, 0.7873536672179, 0.7875537995618, -0.7872161307087, -0.7874462023158, 7.097147391762e-05, 3.428124476002e-05, 0.7875969129607, 0.7875342802522, 0, -0.7874687018425, -0.7874657177627, -0, -0, -5.551115123126e-17, -0, 0.002178199720049, 0.3941098520608, 0.3912061981478, 0.3941488511756, 0, 0.3911967487676, 0.3940708529461
0.775, 0.1952494648962, -0.09412448987749, -0.2040116392711, -0.09408332528428, -0.02515008420594, -0.0002712130340109, 0.01521410850674, 9.380021653833e-06, 0, 0, 1000, 0, -1000, 7559.01842669, 3126.102062995, 7561.812378329, 3125.039700086, -5.418088346447, 21.2893958096, 13.97304996066, -2.679806991138, -242.3268096955, -1.711261144312, 241.4318765279, -2.569201450784, 5417.042648286, 3946.917297095, 5420.480603277, 3977.292741428, 3, -2.738247462778, -39.50247302568, 0.4916113670889, 40.63897148786, -1.015456691734, 0.1576028766866, -0.9865209045222, 0.1331000773864, 0, 0, 0.2283192717848, -0, -0, -0, -0, -0, 0.2283192745246, 0.001310129288336, 0, 0, 0, 0, 0, 0.002201225041015, 0.001310139690577, -0.03614385217316, 0.002201207563738, 0.03772565457673, 0.002201207563738, 4.337778301578, 4.336609983944, 4.337786842157, 4.336617384891, 10.71512658972, -0.1972467492886, 0.203425606185, 0, 1, 49.60368635856, 50, 49.60352002235, 0.001528405485293, 0, 0, 0, 0, 0, 0, 0, 0, 10.71665397455, 7.76667193625, 10.71667447755, 7.766685644742, 10.71512658972, 7.766678790628, 10.71665482103, 7.766671936381, 0, 10.71667539402, 7.766685644874, 0.0005787730845932, 0, -0.1965255090707, 0.0004986912679804, 0.2038556636704, 0.0004986912679804, 0.7873525417488, 0.7875517541151, -0.7872107515532, -0.7874482469876, 7.378581613931e-05, 3.661262124441e-05, 0.7875993264004, 0.7875366120103, 0, -0.7874683318818, -0.7874633867678, -0, 5.551115123126e-17, -0, -0, 0.002209590765809, 0.3941073602286, 0.3912090005499, 0.3941376146552, 0, 0.3912021450732, 0.3940771058019
0.8, 0.1960503950875, -0.09051262228285, -0.2032690120744, -0.09047440222132, -0.02549075333984, -0.0004319431136858, 0.01555458166468, -0.0002916352532714, 0, 0, 1000, 0, -1000, 7555.933753312, 3127.242853634, 7559.467592458, 3125.876080803, 0.09585454778666, 25.77761657069, 18.16940332278, 3.061913053089, -242.46017021, -2.686296257823, 241.0464113205, -4.09436431695, 5414.03324643, 3944.546198452, 5418.949670619, 3982.741037381, 3, -2.852887021414, -38.49389754227, 0.4435418264564, 39.30882608629, -1.048648482633, 0.1810664537225, -1.011804486535, 0.1518735248804, 0, 0, 0.2271942168375, -0, -0, -0, -0, -0, 0.227194220942, 0.001706210027157, 0, 0, 0, 0, 0, 0.00276787487877, 0.001706223441043, -0.03653826082435, 0.002767853118455, 0.03866508194699, 0.002767853118455, 4.477286102964, 4.476145486974, 4.477294216625, 4.476152521288, 11.05959810129, -0.1968721347215, 0.2039441684357, 0, 1, 49.60053202162, 50, 49.60036453077, 0.001724556775188, 0, 0, 0, 0, 0, 0, 0, 0, 11.06111808109, 8.11113968632, 11.06113748825, 8.111151213772, 11.05959810129, 8.111145450185, 11.06111893546, 8.111139686459, 0, 11.06113842963, 8.111151213911, 0.000515283915444, 0, -0.1962135101986, 0.0004193487914187, 0.2043077416215, 0.0004193487914187, 0.7873529524106, 0.7875611379315, -0.787203411219, -0.7874388638641, 7.834039370118e-05, 4.209858421375e-05, 0.7876024338509, 0.7875420976442, 0, -0.7874674077473, -0.7874579004758, -5.551115123126e-17, -0, -5.551115123126e-17, 5.551115123126e-17, 0.002243313844927, 0.394104295122, 0.391214993665, 0.3941423377902, 0, 0.3912051904632, 0.3940662524538
0.825, 0.1940336723034, -0.1249960857911, -0.2053503540676, -0.1249235454275, -0.03328686755871, 0.0001012707928038, -0.03854260383873, -0.00299766897457, 0, 0, -1000, 0, 1000, 7552.291255588, 3125.157246314, 7557.28774756, 3129.794782259, 7.375701992478, 29.92219727064, 19.93138525359, 5.656484215924, -242.0874586445, 1.452202202314, 241.1413921543, 1.350240272732, 5410.694087552, 3980.193427459, 5417.525777106, 3952.482630454, 3, -3.119479180831, -52.25678833953, 0.5308408861188, 54.11043962989, -1.08771120813, 0.1255059424558, -1.035382541759, 0.2471159292166, 0, 0, 0.2260045064024, -0, -0, -0, -0, -0, 0.2260045188109, 0.002414421398042, 0, 0, 0, 0, 0, -0.002008125044707, 0.002414440181469, -0.03686690727512, -0.002008109422256, 0.03975591283633, -0.002008109422256, 4.616792442406, 4.615685751158, 4.616801494454, 4.615691258055, 11.40405144737, -0.1946669255923, 0.206308506678, 0, 1, 49.59821694239, 50, 49.59801435389, 0.001689839102512, 0, 0, 0, 0, 0, 0, 0, 0, 11.40556285878, 8.455582874064, 11.40558254741, 8.455603673954, 11.40405144737, 8.455593273827, 11.40556371169, 8.455582873881, 0, 11.40558352597, 8.455603673772, 0.0003948233625936, 0, -0.1941281890334, 0.0007566640919178, 0.2065481228418, 0.0007566640919178, 0.7873550770876, 0.7875282361488, -0.7871939242006, -0.7874717646812, 8.603687421708e-05, 4.204816074415e-05, 0.7876068068205, 0.7875420476084, 0, -0.787465370607, -0.7874579512869, -5.551115123126e-17, -0, -0, -0, 0.002279339286953, 0.3940989279871, 0.3912216439371, 0.3940713275917, 0, 0.3912080218068, 0.3941265283825
0.85, 0.2017858493626, 0.09348708789881, -0.1977040539437, 0.0935284291738, 0.0198349661964, 0.0003333596675686, -0.01550874452728, -0.0006458127560175, 0, 0, -1000, 0, 1000, 7548.649946994, 3124.898797009, 7554.762748744, 3131.944415914, 25.8724907119, 10.49803586785, 9.932342503483, 33.6565748717, -241.2205634392, 3.187614245802, 241.6244208642, 2.739759103399, 5408.059602553, 3995.147673041, 5415.429232337, 3942.91841486, 3, -0.02770316229733, 40.11642638202, -2.672349622119, -39.07174695299, -1.126780363613, 0.1153470476106, -1.062609769335, 0.298075811348, 0, 0, 0.224769017321, -0, -0, -0, -0, -0, 0.2247690524602, 0.002860338618279, 0, 0, 0, 0, 0, -0.003784909989894, 0.002860360628169, -0.03677235475225, -0.003784880865777, 0.04136440001843, -0.003784880865777, 4.756304572668, 4.755231491643, 4.756304924115, 4.755237176203, 11.74849196188, -0.2038117024603, 0.1973322427298, 0, 1, 49.59667244407, 50, 49.59648776479, 0.001951766727283, 0, 0, 0, 0, 0, 0, 0, 0, 11.75000221224, 8.800016354912, 11.75000668552, 8.800039624839, 11.74849196188, 8.800027989491, 11.75000310346, 8.800016354528, 0, 11.75000765893, 8.800039624454, 0.0002998790656142, 0, -0.2033691287384, 0.000846519714108, 0.1974713761991, 0.000846519714108, 0.7873583006954, 0.7875188612686, -0.7871828189547, -0.7874811419959, 9.034274168288e-05, 4.489291813736e-05, 0.7876093880451, 0.787544891114, 0, -0.7874652510008, -0.7874551052777, -0, -0, -0, -5.551115123126e-17, 0.002317158954911, 0.3940935588135, 0.391226892329, 0.3940415376402, 0, 0.3912121904151, 0.3941455799869
0.875, 0.2054948227678, 0.1087184530406, -0.1941243351484, 0.1087741131141, 0.02277552820107, 2.43201677022e-05, 0.01499624235087, -0.001259754003622, 0, 0, 137.3588107104, 0, -132.1722607479, 7545.293217427, 3127.665896417, 7551.722681938, 3131.13735276, 33.38627068361, 13.31000555785, 9.940844505138, 36.00565084659, -240.8414834088, -0.002367170111872, 241.5809381406, -0.1934045213233, 5406.106681104, 3974.548845271, 5412.90280434, 3967.232081074, 3, -0.06296663899774, 46.65331871355, -2.719561777276, -44.98081733592, -1.162908201192, 0.1800890247209, -1.095282154327, 0.2757172347833, 0, 0, 0.2235311586753, -0, -0, -0, -0, -0, 0.2235311612534, 0.002947455275129, 0, 0, 0, 0, 0, -0.0005302256353055, 0.002947477706243, -0.03753426773965, -0.0005302216001427, 0.04216613079353, -0.0005302216001427, 4.895815045952, 4.894784513632, 4.895814880758, 4.894790937232, 12.09292428114, -0.2028070513209, 0.1985153699828, 0, 1, 49.5958423321, 50, 49.59564432989, 0.001995106951958, 0, 0, 0, 0, 0, 0, 0, 0, 12.09442586443, 9.144447445261, 12.09443005414, 9.144461925296, 12.09292428114, 9.144454685245, 12.09442676987, 9.144447445228, 0, 12.09443105209, 9.144461925263, 0.0002463848271452, 0, -0.2024157686126, 0.0005267586666657, 0.1985987677713, 0.0005267586666657, 0.7873538872232, 0.7875489937302, -0.7871790998798, -0.7874510062707, 9.035699736776e-05, 5.264068173125e-05, 0.787610179596, 0.7875526406147, 0, -0.7874670097477, -0.7874473592513, -0, -5.551115123126e-17, -5.551115123126e-17, -5.551115123126e-17, 0.002355979536042, 0.3940898596182, 0.3912307792364, 0.3940825720045, 0, 0.3912172191484, 0.394097147232
0.9, 0.2048186261884, 0.03001443681953, -0.1949791372691, 0.03001872811511, 0.003193218431883, -0.0003520244826358, 0.02907337559603, 0.0006545287783381, 0, 0, 1000, 0, -1000, 7541.865378186, 3130.51427553, 7548.649832915, 3130.212340651, 25.55829721702, 27.13561212482, 24.72413372386, 29.87144740715, -241.3786795164, -2.976965735467, 240.9126272426, -3.17274793694, 5403.713944423, 3951.300932626, 5411.163965095, 3993.080897609, 3, -1.292689255405, 12.75949149764, -1.49282678987, -11.78856523871, -1.199735440735, 0.2472969533668, -1.128311877346, 0.2501382211637, 0, 0, 0.2223185922128, -0, -0, -0, -0, -0, 0.2223185917758, 0.003130982847736, 0, 0, 0, 0, 0, 0.003027678087812, 0.003131006417743, -0.03814050651059, 0.003027655295654, 0.04314562170893, 0.003027655295654, 5.035329712808, 5.034346668158, 5.035328074237, 5.034352141573, 12.43735277254, -0.2036847104716, 0.1978208202582, 0, 1, 49.59564163356, 50, 49.59546547128, 0.002151964175085, 0, 0, 0, 0, 0, 0, 0, 0, 12.4388471896, 9.488874905603, 12.43884841334, 9.488879870872, 12.43735277254, 9.488877388303, 12.43884811394, 9.488874905669, 0, 12.43884943058, 9.488879870938, 0.0001841069380689, 0, -0.2033541370014, 0.0001806278924299, 0.1978390109326, 0.0001806278924299, 0.7873508606623, 0.7875817874071, -0.787173875705, -0.787418214784, 9.137346900186e-05, 6.096173391897e-05, 0.7876112957261, 0.7875609606305, 0, -0.7874684761465, -0.7874390371627, -0, -0, 5.551115123126e-17, 5.551115123126e-17, 0.002394982711377, 0.3940872685432, 0.3912355429094, 0.3941288820541, 0, 0.3912206779915, 0.3940456550323
0.925, 0.2050085289128, 0.02990785128152, -0.1949826348143, 0.02991210452899, 0.00279861548528, -0.0003659482383523, 0.0289089581489, 0.001294700848374, 0, 0, 1000, 0, -1000, 7538.331615366, 3131.137803172, 7545.727305231, 3131.514290494, 26.25712228678, 29.62084182773, 30.06268336524, 32.38567229922, -241.5296391347, -2.839284158186, 240.5167621406, -3.039204867227, 5401.298645384, 3954.60101004, 5409.841664184, 3991.236260132, 3, -1.356467514891, 13.00556643236, -1.398398712244, -11.29017937442, -1.237799491003, 0.2586548508927, -1.159753288742, 0.2804734126689, 0, 0, 0.2211386214388, -0, -0, -0, -0, -0, 0.2211386184967, 0.003448305499104, 0, 0, 0, 0, 0, 0.002654854669553, 0.003448331183086, -0.03863504228423, 0.002654834895571, 0.04423531337787, 0.002654834895571, 5.174849496226, 5.173917181667, 5.174845861476, 5.17392280827, 12.78178154673, -0.2048639557053, 0.1968240775172, 0, 1, 49.59601785931, 50, 49.59582757192, 0.002010563987236, 0, 0, 0, 0, 0, 0, 0, 0, 12.78326958779, 9.833298720903, 12.78326669842, 9.833302614774, 12.78178154673, 9.833300667883, 12.78327052999, 9.833298720948, 0, 12.78326773559, 9.833302614819, 8.84007405438e-05, 0, -0.2046279568181, 0.0001416522969812, 0.1967432225221, 0.0001416522969812, 0.7873489601876, 0.7875831206987, -0.7871675127127, -0.7874168809873, 9.363018187942e-05, 6.485964885016e-05, 0.7876127753161, 0.7875648588011, 0, -0.787469555675, -0.7874351395034, 5.551115123126e-17, 5.551115123126e-17, -0, -5.551115123126e-17, 0.002433418705923, 0.394085819029, 0.3912403519985, 0.3941223083219, 0, 0.3912233063826, 0.3940493297361
0.95, 0.1983015009745, -0.09427264737086, -0.2019141758751, -0.09423141171336, -0.02721444600783, -0.0004683254595206, 0.01537796094035, -0.001536711514363, 0, 0, 1000, 0, -1000, 7534.760297582, 3132.249873186, 7543.000514574, 3132.192307638, 22.81359214928, 45.39222384912, 38.93533492501, 21.88227331641, -241.8433385328, -3.341051928353, 239.9415634799, -3.625804455222, 5399.432369111, 3950.688803192, 5408.389907167, 3997.361275498, 3, -3.012792082542, -40.003970085, 0.3568284452403, 40.95748612992, -1.276233826794, 0.2829617340767, -1.189148212959, 0.2951642954917, 0, 0, 0.2199945492512, -0, -0, -0, -0, -0, 0.2199945471549, 0.003825967530328, 0, 0, 0, 0, 0, 0.003382223982338, 0.003825995733147, -0.03957487292418, 0.003382199050724, 0.04485473731149, 0.003382199050724, 5.31437166559, 5.313497841935, 5.314373038104, 5.313502409962, 13.12621432604, -0.1978525659072, 0.2040118352456, 0, 1, 49.59690551039, 50, 49.59673834416, 0.001984318604353, 0, 0, 0, 0, 0, 0, 0, 0, 13.12769035549, 10.1777278964, 13.12769512025, 10.17772834765, 13.12621432604, 10.17772812204, 13.12769128799, 10.17772789641, 0, 13.12769620986, 10.17772834766, -6.110707491828e-06, 0, -0.1977081729628, 1.641574875936e-05, 0.2038350130569, 1.641574875936e-05, 0.7873441628058, 0.7875935221861, -0.7871641429418, -0.787406480558, 9.630187303631e-05, 7.025785748008e-05, 0.7876143981456, 0.7875702564854, 0, -0.7874704175207, -0.7874297407704, -0, -0, -0, -0, 0.002470599978091, 0.3940836147729, 0.3912440652993, 0.394130101299, 0, 0.3912261950397, 0.3940371282467
0.975, 0.1946559747713, -0.1254061847366, -0.2057902431834, -0.1253336514815, -0.0338246755863, 7.451272724377e-05, -0.03842656458316, -0.004245732566256, 0, 0, -1000, 0, 1000, 7531.153539427, 3129.877416988, 7540.583575032, 3136.054716928, 26.23186193914, 47.63192533103, 40.31135353243, 23.0105716359, -241.3956743188, 1.320325886194, 240.2827518786, 1.142221257629, 5398.111268972, 3988.733367313, 5406.864839864, 3963.549846975, 3, -2.984041593422, -52.4154536934, 0.4508846036017, 53.94044320474, -1.315048329346, 0.2218352759158, -1.21531264793, 0.3896137366915, 0, 0, 0.2189033020343, -0, -0, -0, -0, -0, 0.2189033175949, 0.004276614482985, 0, 0, 0, 0, 0, -0.001824979395721, 0.00427664569574, -0.04014899768627, -0.001824966076253, 0.04576197437157, -0.001824966076253, 5.453902815001, 5.453088688793, 5.453904815979, 5.453091699321, 13.4706542876, -0.1959599252893, 0.2060767346394, 0, 1, 49.59824976501, 50, 49.59807584356, 0.001756372794931, 0, 0, 0, 0, 0, 0, 0, 0, 13.47212276728, 10.52215786808, 13.4721270143, 10.52216750624, 13.4706542876, 10.52216268709, 13.47212370491, 10.52215786801, 0, 13.47212813644, 10.52216750617, -0.0001446356444132, 0, -0.1959525880595, 0.0003506196374605, 0.2057587773328, 0.0003506196374605, 0.7873415343011, 0.7875552444966, -0.7871590297421, -0.7874447562729, 9.921478073753e-05, 6.779619757256e-05, 0.7876156918998, 0.7875677957834, 0, -0.7874715014534, -0.7874322033882, -0, -0, 5.551115123126e-17, -0, 0.002505887904228, 0.3940793989891, 0.3912466942448, 0.3940543158015, 0, 0.3912292281227, 0.3941044821766
1, 0.1964415164959, 0.03842617162516, -0.2042567227414, 0.03843337282163, 0.006391455285284, 0.0003672383641588, -0.02131639428541, -8.533971453904e-05, 0, 0, -1000, 0, 1000, 7528.071273658, 3129.372507718, 7538.008606146, 3138.25250822, 38.89381895121, 31.61829822194, 32.21182361039, 43.94115399172, -240.5445393796, 3.308291102861, 241.0959271107, 3.079697240771, 5397.416063995, 4005.630698353, 5405.198773485, 3948.061870837, 3, -0.4014895748673, 16.79430463156, -1.94118299142, -16.16605879723, -1.348358576742, 0.2065302498888, -1.243174105287, 0.4420041761524, 0, 0, 0.2178764612631, -0, -0, -0, -0, -0, 0.2178765111765, 0.004391645161178, 0, 0, 0, 0, 0, -0.004171851882194, 0.004391676913481, -0.04051345803244, -0.004171821719237, 0.04679406254724, -0.004171821719237, 5.593444381849, 5.592689344396, 5.593441364411, 5.592692059829, 13.81510425742, -0.2008922109081, 0.2013064012112, 0, 1, 49.60000107172, 50, 49.59986189672, 0.001763731885125, 0, 0, 0, 0, 0, 0, 0, 0, 13.81657009882, 10.86660166618, 13.81656492838, 10.86661398444, 13.81510425742, 10.86660782509, 13.8165710693, 10.86660166596, 0, 13.81656604862, 10.86661398422, -0.0002530426468029, 0, -0.2009926359602, 0.0004481171915716, 0.2008768840503, 0.0004481171915716, 0.7873382066568, 0.7875388208607, -0.7871550502573, -0.7874611832661, 9.802763622839e-05, 6.751241404584e-05, 0.787614853869, 0.7875675103025, 0, -0.7874745720741, -0.7874324854744, -0, -0, 5.551115123126e-17, -0, 0.002538791367163, 0.3940779944044, 0.391248077363, 0.3940206549349, 0, 0.3912325412868, 0.3941353338739
1.025, 0.200795862098, 0.086265634007, -0.2001236458545, 0.0863010539246, 0.01773928089151, 0.0005842298705943, -0.01682799883904, 0.0004788268320409, 0, 0, -1000, 0, 1000, 7525.406231507, 3128.860005061, 7535.456793655, 3140.278771655, 43.03221438286, 27.68639110281, 31.80753771619, 51.35154133884, -240.1666443939, 5.086837181012, 241.4239260951, 4.702409359505, 5396.728821556, 4022.48167404, 5403.962874713, 3932.331954547, 3, 0.4142557455719, 38.04285992673, -2.598601516366, -35.39824667336, -1.3773059561, 0.1907546109632, -1.270739033635, 0.4911343485347, 0, 0, 0.2169451174535, -0, -0, -0, -0, -0, 0.2169452171537, 0.004391057008252, 0, 0, 0, 0, 0, -0.006532897559576, 0.004391088485457, -0.04091693696472, -0.006532850728921, 0.04769429442052, -0.006532850728921, 5.732994195769, 5.732300694843, 5.732986361702, 5.732303671131, 14.15956662092, -0.2051884485565, 0.1971573638182, 0, 1, 49.60212825976, 50, 49.60194896499, 0.001304349287797, 0, 0, 0, 0, 0, 0, 0, 0, 14.16103023501, 11.21105844956, 14.16101618017, 11.21107332119, 14.15956662092, 11.21106588495, 14.16103123661, 11.21105844913, 0, 14.16101729777, 11.21107332077, -0.0003579218559702, 0, -0.2053929017364, 0.0005410042498099, 0.1966202772454, 0.0005410042498099, 0.7873338972218, 0.7875215588848, -0.7871525063913, -0.7874784512828, 9.548692518473e-05, 6.648634998684e-05, 0.7876133005016, 0.7875664811959, 0, -0.7874781773532, -0.787433508496, -0, -0, -5.551115123126e-17, -5.551115123126e-17, 0.002568931878487, 0.3940768762944, 0.3912494444137, 0.3939870857377, 0, 0.391234998167, 0.3941666668511
1.05, 0.2057691124141, 0.1061752849834, -0.1953844914626, 0.1062281989372, 0.02190158792062, -3.708869706098e-05, 0.02129732277411, 0.002309273727755, 0, 0, 429.2887518815, 0, -357.3148800694, 7523.289937278, 3133.243782667, 7532.835156123, 3137.347078604, 51.54985894645, 29.9330045212, 26.98655882697, 51.47521352784, -240.0905742103, -0.8337529416371, 241.34607676, -1.022332732367, 5395.258420538, 3977.966609532, 5403.834943822, 3977.593625822, 3, 0.4079473572471, 45.34266606063, -2.374288648023, -43.91923149903, -1.400481377821, 0.2975153424098, -1.299141311999, 0.4166633130974, 0, 0, 0.2160856006659, -0, -0, -0, -0, -0, 0.2160856008334, 0.004306029920167, 0, 0, 0, 0, 0, -2.702908288406e-05, 0.004306060543751, -0.0416704345086, -2.702889066025e-05, 0.04812590462893, -2.702889066025e-05, 5.872550413064, 5.871923470866, 5.872543188576, 5.871926837217, 14.50404411187, -0.2023296499737, 0.2001514268291, 0, 1, 49.60459551103, 50, 49.60445529189, 0.001263349902595, 0, 0, 0, 0, 0, 0, 0, 0, 14.50550039195, 11.55554018513, 14.50548869822, 11.55553877348, 14.50404411187, 11.5555394793, 14.50550139799, 11.55554018513, 0, 14.50548984287, 11.55553877348, -0.0003982097177933, 0, -0.2025721312913, -5.1353524438e-05, 0.1995731503238, -5.1353524438e-05, 0.7873270365361, 0.7875770131983, -0.7871531433374, -0.7874229868012, 9.229748163866e-05, 7.719910128952e-05, 0.7876115872895, 0.7875771991009, 0, -0.7874817616182, -0.7874228008983, -0, -0, -0, -0, 0.002596284058246, 0.3940761352237, 0.3912523697903, 0.394075763726, 0, 0.3912352505449, 0.3940765067214
1.075, 0.2012720702696, -0.08640758359478, -0.2000967534213, -0.08637296243009, -0.02494117709549, -0.0005993288095068, 0.01665073263059, 0.0001419246824051, 0, 0, 1000, 0, -1000, 7521.24611281, 3136.61091529, 7530.610274091, 3135.121007558, 35.73885027813, 54.48776054498, 46.21466735309, 30.90897517617, -241.5712117368, -4.708478365881, 240.0153432381, -5.047961743269, 5394.401995778, 3944.55315531, 5403.356577789, 4013.857287796, 3, -2.469142577062, -35.9102270718, 0.6822354755138, 38.32880252155, -1.42284477598, 0.3802292924172, -1.323326353139, 0.3598111409158, 0, 0, 0.2153016332672, -0, -0, -0, -0, -0, 0.215301638476, 0.00427969174064, 0, 0, 0, 0, 0, 0.005022275746912, 0.004279721956464, -0.04248139148244, 0.005022240288486, 0.04838100527614, 0.005022240288486, 6.01211527377, 6.011559127153, 6.012111057213, 6.011561093221, 14.8485389858, -0.1976620394273, 0.2049415332066, 0, 1, 49.60737590319, 50, 49.60721936131, 0.0009222208433038, 0, 0, 0, 0, 0, 0, 0, 0, 14.84998714702, 11.90003775607, 14.84998047373, 11.90002335026, 14.8485389858, 11.90003055285, 14.84998814924, 11.90003775576, 0, 14.8499816518, 11.90002334994, -0.0004457639492373, 0, -0.1979495545014, -0.0005240588093174, 0.2043154262162, -0.0005240588093174, 0.7873198155671, 0.7876197671274, -0.7871547684501, -0.7873802388573, 8.955044463287e-05, 8.522178654069e-05, 0.7876099053675, 0.7875852187283, 0, -0.7874851293434, -0.7874147751552, -5.551115123126e-17, -0, -0, -0, 0.002620861805483, 0.3940732948575, 0.3912540717485, 0.3941423228776, 0, 0.3912362019979, 0.3940042668374
1.1, 0.1970721670961, -0.09863755978734, -0.2045144971203, -0.09859266792727, -0.02736060679017, -0.0002479593181768, 0.004154053918228, -0.002244386543105, 0, 0, 586.9605690471, 0, -585.3653624082, 7519.061937319, 3134.902665277, 7528.992860986, 3137.970115361, 32.45682366995, 54.98229596886, 52.84710458198, 32.62441590036, -241.7493902052, -1.279133738163, 239.7455352279, -1.449341692934, 5394.315817917, 3973.079687728, 5402.331138493, 3987.193320297, 3, -2.28012471873, -41.64713509286, 0.7071878581908, 42.36886969294, -1.446752981989, 0.3360299435101, -1.341122402874, 0.4297189580326, 0, 0, 0.214589697479, -0, -0, -0, -0, -0, 0.2145896926142, 0.004429967505837, 0, 0, 0, 0, 0, 0.00102277524991, 0.004429998576145, -0.04283087568541, 0.001022768076558, 0.04899170237606, 0.001022768076558, 6.151693023692, 6.151207132305, 6.151687116419, 6.151208083751, 15.19305336359, -0.1992122010852, 0.2034990566389, 0, 1, 49.61045476886, 50, 49.61035157721, 0.001025159457143, 0, 0, 0, 0, 0, 0, 0, 0, 15.19449878092, 12.24454573697, 15.19448743238, 12.24453773444, 15.19305336359, 12.24454173567, 15.19449979989, 12.24454573694, 0, 15.19448861623, 12.2445377344, -0.000559949237683, 0, -0.1996131214598, -0.0002911183514156, 0.2027570590902, -0.0002911183514156, 0.7873159715019, 0.7875887598506, -0.787153559139, -0.78741124038, 8.829293504368e-05, 8.172529588875e-05, 0.7876084478998, 0.7875817251603, 0, -0.7874880918443, -0.7874182745685, -0, 5.551115123126e-17, -5.551115123126e-17, -0, 0.002642797747873, 0.3940714411643, 0.3912542416408, 0.3940854985672, 0, 0.3912382411615, 0.3940573837613
1.125, 0.1964359213851, -0.03660383003085, -0.2053190124883, -0.03659781381656, -0.01155940170848, 0.0002327189097322, -0.02969317340275, 0.0004465277161253, 0, 0, -1000, 0, 1000, 7517.147785461, 3132.922200511, 7527.523377143, 3141.068386752, 43.53682622033, 48.25538665628, 46.73687554895, 43.6887678142, -240.9217766468, 2.448758922812, 240.5861578963, 2.259349477392, 5394.028608934, 4004.298515038, 5401.639067102, 3956.980287427, 3, -0.9952189067204, -14.80361962039, -0.4267694430718, 16.0852521278, -1.467782699024, 0.2853901628936, -1.357400861973, 0.5054525201743, 0, 0, 0.2139454937134, -0, -0, -0, -0, -0, 0.2139455320556, 0.004574046440236, 0, 0, 0, 0, 0, -0.003429018698486, 0.004574078328738, -0.04320333929022, -0.003428994792837, 0.04946466744449, -0.003428994792837, 6.291282215817, 6.290869100504, 6.291275437821, 6.290869249173, 15.53758943161, -0.1990325712664, 0.20377550886, 0, 1, 49.61387263952, 50, 49.61376245827, 0.0008122058295721, 0, 0, 0, 0, 0, 0, 0, 0, 15.53903151087, 12.58907522611, 15.53901767097, 12.58907460859, 15.53758943161, 12.58907491736, 15.53903253836, 12.58907522612, 0, 15.53901886719, 12.5890746086, -0.0006757119166562, 0, -0.1995483349634, -2.246426404087e-05, 0.2029165273154, -2.246426404087e-05, 0.7873116612084, 0.7875540457439, -0.787153444164, -0.7874459570766, 8.675407105339e-05, 7.762836543917e-05, 0.7876066814562, 0.7875776269551, 0, -0.7874912076284, -0.7874223702242, -0, 5.551115123126e-17, -0, 5.551115123126e-17, 0.002662406235367, 0.3940704387341, 0.3912548118605, 0.3940233090254, 0, 0.3912396170144, 0.3941175684427
1.15, 0.1970000148433, 0.00143008893597, -0.2048908352816, 0.001430109661763, -0.001511836335728, 0.0003718822395583, -0.02528874150154, -0.0005871581169164, 0, 0, -1000, 0, 1000, 7515.763569094, 3133.367200279, 7525.835870587, 3141.795630617, 51.55204952819, 47.12296975263, 45.91266792101, 51.3989392799, -240.1187148432, 3.129515779207, 241.0818994051, 2.930586715463, 5394.018398191, 4007.556485244, 5400.429279421, 3954.468663218, 3, -0.2594604964548, 1.250721833496, -1.050619849121, -0.661598948028, -1.483176487427, 0.2954049454281, -1.376022382614, 0.521310983637, 0, 0, 0.2133260612098, -0, -0, -0, -0, -0, 0.213326105368, 0.004368468571195, 0, 0, 0, 0, 0, -0.003847124801218, 0.004368498850388, -0.04371401861493, -0.003847098135792, 0.04971954005168, -0.003847098135792, 6.430886302809, 6.430549336405, 6.430878197032, 6.43054814975, 15.88215065671, -0.1995245606011, 0.2033669869685, 0, 1, 49.6178145194, 50, 49.61772148058, 0.0008000745711932, 0, 0, 0, 0, 0, 0, 0, 0, 15.88358963474, 12.93363470115, 15.88357326151, 12.93363267179, 15.88215065671, 12.9336336865, 15.88359067729, 12.93363470118, 0, 15.88357446106, 12.93363267183, -0.0007455983888175, 0, -0.2001087722818, -7.38243668172e-05, 0.2024376932033, -7.38243668172e-05, 0.7873045313664, 0.7875502666386, -0.7871565756359, -0.7874497369104, 8.116495392888e-05, 7.672448824829e-05, 0.7876030388665, 0.7875767227124, 0, -0.7874960815678, -0.7874232737359, -0, -0, -0, -0, 0.002680609260224, 0.394069695179, 0.3912548295555, 0.3940168188623, 0, 0.3912420254428, 0.3941225714956
1.175, 0.2015598109529, 0.08293012793851, -0.2003897941129, 0.08296292771341, 0.01852308687155, 0.0006796843532134, -0.01702098478229, 0.000251614944391, 0, 0, -1000, 0, 1000, 7514.582901739, 3132.430975295, 7524.07063055, 3143.796136388, 58.54046271574, 41.37781125686, 47.54219060388, 64.82022917928, -239.3565888495, 5.605157234951, 241.315952542, 5.283054307857, 5393.978196947, 4029.993418285, 5398.578362381, 3935.351612549, 3, 0.9959282213343, 36.89509771491, -2.337736155356, -34.4305199803, -1.49645235253, 0.2709187687776, -1.395430082316, 0.569428846656, 0, 0, 0.212678529476, -0, -0, -0, -0, -0, 0.2126786334907, 0.00399760426396, 0, 0, 0, 0, 0, -0.006858424544337, 0.003997631804619, -0.04399458567238, -0.006858377294933, 0.05016891128086, -0.006858377294933, 6.570510741038, 6.570251575014, 6.570496600714, 6.57025021574, 16.22674194274, -0.2058203974468, 0.1971485312755, 0, 1, 49.62246022404, 50, 49.62231031502, 0.0004506049033314, 0, 0, 0, 0, 0, 0, 0, 0, 16.22818184532, 13.27822138998, 16.22815456595, 13.27822339486, 16.22674194274, 13.27822239236, 16.22818292798, 13.27822138992, 0, 16.22815573871, 13.2782233948, -0.0008212725583149, 0, -0.2064797715966, 7.293392582677e-05, 0.1961424044906, 7.293392582677e-05, 0.7872980769825, 0.7875241954424, -0.7871592260443, -0.7874758158399, 7.372939085319e-05, 7.136004647204e-05, 0.7875985003179, 0.787571354404, 0, -0.7875018038306, -0.7874286343111, -0, 5.551115123126e-17, 5.551115123126e-17, -0, 0.002698814484615, 0.3940663865884, 0.3912549081712, 0.3939721218423, 0, 0.3912457098523, 0.3941606513344
1.2, 0.2053851784682, 0.09299085203942, -0.1966012234099, 0.09303151722961, 0.02037540042169, 0.0003770114027199, -0.01541602034309, -0.002275746386087, 0, 0, -1000, 0, 1000, 7513.507963068, 3134.675672481, 7522.075216051, 3142.705146534, 66.82233083221, 45.91623508602, 49.24339306712, 68.5793859514, -238.9137900011, 2.653046400008, 240.9661238646, 2.469330635448, 5392.380793071, 4014.103426047, 5397.41642963, 3956.708572388, 3, 0.8635237208801, 39.70259003076, -2.282707333012, -39.11929771083, -1.508638907734, 0.3250204884086, -1.417263804902, 0.5405841385762, 0, 0, 0.211943977046, -0, -0, -0, -0, -0, 0.2119440225994, 0.003680244587162, 0, 0, 0, 0, 0, -0.004159242868246, 0.003680269766601, -0.04459548799907, -0.004159214411786, 0.0503111110345, -0.004159214411786, 6.710153775134, 6.70998022374, 6.710139109141, 6.709979497353, 16.57136931323, -0.20509657795, 0.1979537828742, 0, 1, 49.62793792941, 50, 49.62782204883, 0.0007530268550465, 0, 0, 0, 0, 0, 0, 0, 0, 16.5728042493, 13.62284971385, 16.57277667267, 13.6228438733, 16.57136931323, 13.62284679368, 16.57280534307, 13.62284971395, 0, 16.57277785339, 13.6228438734, -0.0008552055760338, 0, -0.2057882124375, -0.0002124691157259, 0.1969138356043, -0.0002124691157259, 0.7872903151221, 0.7875454452894, -0.7871631463133, -0.7874545588496, 6.745733584345e-05, 7.40488863062e-05, 0.7875948442943, 0.787574046806, 0, -0.7875066971251, -0.7874259490334, -0, -0, -0, -0, 0.002718550606291, 0.3940609431864, 0.3912580870774, 0.3940037769976, 0, 0.391248023607, 0.3941181093751
1.225, 0.2068256266767, 0.1073842073816, -0.1951471422138, 0.1074379288565, 0.02349104492045, 2.786060166711e-05, 0.0192091698758, 0.01188615680492, 0, 0, 420.5863362387, 0, -201.8283747503, 7512.123650133, 3137.372268493, 7520.02626263, 3141.641903575, 75.54697829506, 50.43646882274, 50.76253108816, 72.53215001843, -238.6529812197, -0.3806131174838, 240.2320950749, -0.5719920662441, 5389.605417153, 3993.626795386, 5396.622882859, 3981.49062441, 3, 0.6003704699935, 46.3557473521, -2.230388846606, -43.88428941911, -1.524138102149, 0.3887895431196, -1.439685124396, 0.511382093311, 0, 0, 0.2110879619387, -0, -0, -0, -0, -0, 0.2110879674192, 0.003578892532833, 0, 0, 0, 0, 0, -0.0008794739713242, 0.00357891682145, -0.04517319102484, -0.0008794680027005, 0.05055597251253, -0.0008794680027005, 6.849820379926, 6.849739026532, 6.849806801312, 6.849739183513, 16.91603916935, -0.2025686244035, 0.2005769415212, 0, 1, 49.63430360835, 50, 49.63412635201, 0.0006330456486152, 0, 0, 0, 0, 0, 0, 0, 0, 16.91746687399, 13.96752033046, 16.91744181854, 13.96750595197, 16.91603916935, 13.96751314127, 16.91746796849, 13.96752033052, 0, 16.91744302065, 13.96750595203, -0.000883083480696, 0, -0.2032866465125, -0.0005230645081239, 0.1995089727231, -0.0005230645081239, 0.7872839888255, 0.7875722638287, -0.7871652284969, -0.7874277362912, 6.378544421564e-05, 7.83123856713e-05, 0.7875924673641, 0.7875783122601, 0, -0.7875104526924, -0.7874216874887, 5.551115123126e-17, -5.551115123126e-17, -0, 5.551115123126e-17, 0.002741039692947, 0.39405665591, 0.3912636126225, 0.3940445680903, 0, 0.3912496029051, 0.3940687437297
1.25, 0.2034518713124, -0.06631099805133, -0.1985357841752, -0.0662903211724, -0.01929802082519, -0.0006117096775869, 0.01830362276387, -0.00185333795222, 0, 0, 1000, 0, -1000, 7510.098877189, 3140.660055375, 7518.100687534, 3139.874876444, 63.94135605141, 76.18303354739, 72.65263097306, 57.37361095722, -240.3486892354, -4.300775058921, 237.6462048752, -4.53280669749, 5386.712745385, 3964.133925168, 5395.307703236, 4017.408567775, 3, -2.279686870428, -28.92082131028, 0.4525012056226, 28.92668648677, -1.546324116892, 0.4679629138237, -1.460754221424, 0.4647130799265, 0, 0, 0.2101467829358, -0, -0, -0, -0, -0, 0.210146783573, 0.003742448543198, 0, 0, 0, 0, 0, 0.003860662370308, 0.003742473715822, -0.04568610777296, 0.003860636402723, 0.0509783093611, 0.003860636402723, 6.989513422214, 6.989531276661, 6.98950192309, 6.989531212288, 17.26075739436, -0.1993959432093, 0.2038608618884, 0, 1, 49.64156931497, 50, 49.64144394574, 0.001258673117497, 0, 0, 0, 0, 0, 0, 0, 0, 17.26217671855, 14.3122400616, 17.26215526098, 14.31221447559, 17.26075739436, 14.31222726817, 17.26217780834, 14.31224006117, 0, 17.26215649294, 14.31221447516, -0.0009071569263935, 0, -0.2001368655228, -0.0009307747828572, 0.2027681118423, -0.0009307747828572, 0.7872792820362, 0.7876113377424, -0.7871651119235, -0.7873886656251, 6.284132670646e-05, 8.478463066731e-05, 0.7875912678332, 0.7875847827391, 0, -0.7875132223297, -0.7874152134777, 5.551115123126e-17, -0, -5.551115123126e-17, -0, 0.002766829764676, 0.3940502555866, 0.3912693721378, 0.3941033179795, 0, 0.3912522202284, 0.3939971931937
1.275, 0.1978940547138, -0.09485392033531, -0.2040901814391, -0.09481196325431, -0.02587310500852, -0.0004653510414449, 0.01490236781753, -0.002641617222294, 0, 0, 1000, 0, -1000, 7507.368253985, 3140.002248939, 7516.312845606, 3141.923556905, 63.51895577136, 81.41672465926, 81.62710979192, 58.87009791139, -240.4366273608, -2.357349864337, 236.5048846163, -2.529191302717, 5384.029170867, 3981.772156203, 5393.419265454, 4006.87697879, 3, -2.684794159434, -40.22588048465, 0.5933530091822, 41.35809372987, -1.57594594975, 0.4491329955793, -1.480376353543, 0.5136668832314, 0, 0, 0.2091503937841, -0, -0, -0, -0, -0, 0.2091503878218, 0.004166193259857, 0, 0, 0, 0, 0, 0.001819275232656, 0.004166221017586, -0.04602871611232, 0.001819263111612, 0.05171252217125, 0.001819263111612, 7.129236148747, 7.129357992911, 7.129225058219, 7.129357425623, 17.60552969643, -0.1985736800657, 0.2048108398711, 0, 1, 49.64967880776, 50, 49.6495190568, 0.001430149391837, 0, 0, 0, 0, 0, 0, 0, 0, 17.60694223748, 14.65700616686, 17.60692034929, 14.65698402869, 17.60552969643, 14.6569950976, 17.60694333137, 14.65700616668, 0, 17.60692160435, 14.65698402852, -0.0009865189545217, 0, -0.1993934887911, -0.0008053481942143, 0.2036369290245, -0.0008053481942143, 0.7872761660577, 0.7875953235101, -0.7871626454331, -0.7874046771283, 6.388727716414e-05, 8.281148019229e-05, 0.7875904958006, 0.7875828110054, 0, -0.7875157728587, -0.787417188045, -0, -0, -0, -0, 0.00279597490325, 0.3940431779538, 0.3912747160295, 0.3940681827571, 0, 0.3912559775621, 0.3940181731504
1.3, 0.198100309932, -0.09003808255236, -0.2039231089967, -0.09000018718548, -0.0255131038807, -0.0005610091954251, 0.01544017138292, -0.002426242747946, 0, 0, 1000, 0, -1000, 7504.381666492, 3141.057108926, 7514.236930565, 3142.768466433, 68.00404211088, 84.85750956461, 84.65602257278, 62.34381374632, -240.1134150043, -3.119184573621, 235.9207422846, -3.303897995886, 5381.197918597, 3978.918364307, 5391.58799125, 4011.70781271, 3, -2.852014177213, -38.36920695186, 0.5518074034609, 39.59312501772, -1.608353676564, 0.4709392584592, -1.503000945525, 0.5319922779352, 0, 0, 0.2080980995213, -0, -0, -0, -0, -0, 0.2080980921535, 0.004596485831566, 0, 0, 0, 0, 0, 0.002376158093186, 0.00459651614878, -0.04635969942468, 0.002376142420776, 0.05259378946015, 0.002376142420776, 7.268989476506, 7.269218816589, 7.268977867767, 7.269219590411, 17.95036148525, -0.1979546481089, 0.2055771072644, 0, 1, 49.6585116622, 50, 49.65834579656, 0.001696285692988, 0, 0, 0, 0, 0, 0, 0, 0, 17.95176703007, 15.00183447401, 17.9517442612, 15.00181010495, 17.95036148525, 15.00182228923, 17.95176812881, 15.00183447376, 0, 17.95174554202, 15.0018101047, -0.001055555385848, 0, -0.1988431177921, -0.0008865041224577, 0.2043319019124, -0.0008865041224577, 0.7872724025735, 0.7876003326752, -0.7871601023693, -0.7873996684907, 6.413446143722e-05, 8.399060879377e-05, 0.7875889971724, 0.7875839898373, 0, -0.7875192510043, -0.7874160086197, -0, -0, -0, -0, 0.002828102118173, 0.3940412086482, 0.3912803541501, 0.3940738674613, 0, 0.3912596200394, 0.3940085498351
1.325, 0.197312876958, -0.01519201237904, -0.2048050937281, -0.01519097054646, -0.00691370852614, 0.0001242964200459, -0.02745304466876, -0.001751226289873, 0, 0, -1000, 0, 1000, 7500.791912343, 3138.101883184, 7512.345360983, 3147.513353426, 79.26347752987, 76.56623626869, 79.45979069526, 76.18207403369, -238.5970489996, 2.186795845564, 236.7472258997, 2.002697919074, 5378.172538739, 4022.853445045, 5390.161680343, 3969.688056235, 3, -1.457582091257, -6.518568311152, -0.9732316685396, 7.111575042674, -1.647133314625, 0.393942184895, -1.523745601632, 0.6473977000324, 0, 0, 0.2070241994791, -0, -0, -0, -0, -0, 0.2070242490962, 0.005364829348396, 0, 0, 0, 0, 0, -0.003852744292953, 0.00536486436913, -0.04642984759974, -0.003852719143017, 0.0538424799392, -0.003852719143017, 7.408774470097, 7.409115140193, 7.408760634247, 7.409115711719, 18.2952570307, -0.1994419876871, 0.2042530853233, 0, 1, 49.66793483982, 50, 49.66778342036, 0.001957530378232, 0, 0, 0, 0, 0, 0, 0, 0, 18.29665749384, 15.34671882664, 18.29662962144, 15.34670672922, 18.2952570307, 15.34671277813, 18.29665860324, 15.34671882684, 0, 18.29663092329, 15.34670672942, -0.001191631025228, 0, -0.2004671422751, -0.0004400833842239, 0.2028682582297, -0.0004400833842239, 0.7872709093683, 0.787550641754, -0.7871547138626, -0.7874493617602, 6.699702236557e-05, 7.713623747435e-05, 0.7875879878676, 0.7875771344339, 0, -0.787522392165, -0.7874228619589, 5.551115123126e-17, -0, -5.551115123126e-17, -0, 0.002862264188975, 0.3940393004027, 0.3912863804133, 0.3939863468283, 0, 0.3912624533748, 0.3940922539771
1.35, 0.2014741943803, 0.08354823851242, -0.2007586206898, 0.08358131120753, 0.01736671173175, 0.0004935817926512, -0.01692247965438, -0.0004346981446301, 0, 0, -1000, 0, 1000, 7497.424096576, 3137.360303803, 7509.998448509, 3149.848790186, 86.28336346077, 66.26078595551, 76.06186114171, 89.35220775073, -237.2634305984, 4.636826153401, 237.5712362314, 4.398836412005, 5376.319196803, 4040.912734681, 5388.054802249, 3954.125625683, 3, 0.08758965497621, 37.13615283039, -2.613716565189, -34.00776693964, -1.683502533859, 0.3727852232945, -1.549318163754, 0.7030861536078, 0, 0, 0.2059626943284, -0, -0, -0, -0, -0, 0.2059627998727, 0.005723070787298, 0, 0, 0, 0, 0, -0.006289214152495, 0.005723107764439, -0.046493733106, -0.006289173517685, 0.05517346415119, -0.006289173517685, 7.548592448514, 7.549045436623, 7.54857223876, 7.549045512912, 18.64021952232, -0.2056811087249, 0.1981820506787, 0, 1, 49.67779957224, 50, 49.67758656849, 0.001645968322936, 0, 0, 0, 0, 0, 0, 0, 0, 18.64161805205, 15.69167438887, 18.64157889949, 15.69166588544, 18.64021952232, 15.69167013739, 18.64161919813, 15.6916743891, 0, 18.64158019293, 15.69166588567, -0.001293216355747, 0, -0.2068085045913, -0.0003093399862538, 0.1966917993293, -0.0003093399862538, 0.787266369494, 0.7875293312513, -0.7871519257252, -0.7874706782141, 6.412219459922e-05, 7.257867285609e-05, 0.7875838871509, 0.7875725739172, 0, -0.7875286972026, -0.7874274165715, -0, -0, -0, 5.551115123126e-17, 0.002897145356696, 0.3940368120083, 0.3912900719745, 0.3939503706652, 0, 0.3912666416943, 0.3941232533514
1.375, 0.202524847377, 0.08463611567611, -0.1998990150319, 0.08467000546296, 0.01680287663191, 0.0005614327172383, -0.01713600552484, -0.0002094166928353, 0, 0, -1000, 0, 1000, 7494.228603714, 3137.589574694, 7507.478839189, 3151.440437337, 87.41911630145, 67.21695080086, 77.10683473982, 90.48556590673, -236.9769275256, 5.127687436235, 237.6032240658, 4.869015218903, 5375.009345041, 4048.267253541, 5386.162678552, 3946.431441904, 3, 0.1186004373792, 37.62879328403, -2.595813926278, -34.10375915903, -1.718182734271, 0.3742371017391, -1.576639558665, 0.7406942775819, 0, 0, 0.2049261869402, -0, -0, -0, -0, -0, 0.2049263243402, 0.005947476504571, 0, 0, 0, 0, 0, -0.007379750203254, 0.005947514545815, -0.04701817996275, -0.00737970300114, 0.05605456595969, -0.00737970300114, 7.688438601141, 7.689007356472, 7.688416647155, 7.689008625986, 18.9852512431, -0.2062062733596, 0.1978270431464, 0, 1, 49.68793781735, 50, 49.68772131857, 0.001506879600235, 0, 0, 0, 0, 0, 0, 0, 0, 18.98664399516, 16.03670113239, 18.98660154801, 16.03669288268, 18.9852512431, 16.0366970078, 18.98664515767, 16.03670113266, 0, 18.98660285906, 16.03669288295, -0.001392998016978, 0, -0.2074324052875, -0.0003001102214307, 0.1962348426908, -0.0003001102214307, 0.787257345164, 0.7875181641534, -0.7871535428658, -0.7874818488892, 5.898151905386e-05, 6.890966256568e-05, 0.787578446531, 0.7875689031197, 0, -0.7875363349541, -0.7874310837945, -5.551115123126e-17, -0, -5.551115123126e-17, -0, 0.002931301760323, 0.3940371494253, 0.3912926783173, 0.3939357193349, 0, 0.3912704050229, 0.3941385795158
1.4, 0.2075571772535, 0.1143989178858, -0.1951072174704, 0.114460124154, 0.02312352860461, -9.920393402294e-05, 0.02778562029127, 0.009270253536076, 0, 0, 728.4064704901, 0, -521.5695134505, 7491.517844025, 3142.315923849, 7504.743252886, 3148.20767901, 92.16680096714, 67.46529783106, 72.90671386045, 90.76779233322, -236.8975944371, -1.160227234959, 237.6264904285, -1.346851233587, 5372.858374564, 3998.390164747, 5386.05733732, 3997.457068932, 3, 0.2122461950627, 49.30238164047, -2.509902510397, -46.78906567224, -1.747716601973, 0.4892008788597, -1.606336532673, 0.6585977736907, 0, 0, 0.203966247515, -0, -0, -0, -0, -0, 0.2039662481044, 0.006092954065849, 0, 0, 0, 0, 0, -6.761878310987e-05, 0.006092992673338, -0.04754252350754, -6.761835465188e-05, 0.0568851501625, -6.761835465188e-05, 7.828314058985, 7.829000016714, 7.828291097814, 7.829002191747, 19.33035303435, -0.2051534616985, 0.1990432266699, 0, 1, 49.69820236029, 50, 49.69802305613, 0.00146314764024, 0, 0, 0, 0, 0, 0, 0, 0, 19.33173901054, 16.38180704567, 19.33169630744, 16.3817810301, 19.33035303435, 16.38179403789, 19.33174018033, 16.38180704568, 0, 19.33169764583, 16.38178103011, -0.00143963476109, 0, -0.2064251319309, -0.0009464016070491, 0.1974023685921, -0.0009464016070491, 0.7872474647328, 0.7875756485048, -0.7871562561425, -0.7874243512814, 5.258666386494e-05, 7.611363839612e-05, 0.7875721505756, 0.7875761135304, 0, -0.7875447204023, -0.7874238862536, -0, -0, -0, -0, 0.002963133002563, 0.3940360087311, 0.3912969601626, 0.3940350793528, 0, 0.3912706092756, 0.3940369381094
1.425, 0.2059691039667, 0.01062339567667, -0.1969995041734, 0.01062397032859, -0.001699401851955, -0.0004291034859524, 0.02700785293121, -0.002555117229156, 0, 0, 1000, 0, -1000, 7488.874405497, 3144.772149744, 7502.457108147, 3147.008188705, 82.04577476545, 79.78984777025, 82.51138539775, 79.01893642742, -238.0114934387, -3.341262714765, 236.8377747091, -3.544645582418, 5372.240461361, 3974.932954792, 5385.465583685, 4021.985867198, 3, -1.134585896494, 4.284826668452, -0.8586099720856, -4.103363743446, -1.776454525368, 0.5491749672674, -1.631355523154, 0.6267928779864, 0, 0, 0.2031267272418, -0, -0, -0, -0, -0, 0.2031267138003, 0.006232555236113, 0, 0, 0, 0, 0, 0.003409789709365, 0.006232594403743, -0.04808393337233, 0.003409768281152, 0.05758240363525, 0.003409768281152, 7.968217884599, 7.969022628302, 7.968194306205, 7.969022872316, 19.67552476276, -0.204345234623, 0.2000006331894, 0, 1, 49.70845549491, 50, 49.70835454167, 0.001575953042233, 0, 0, 0, 0, 0, 0, 0, 0, 19.67690517055, 16.72697936389, 19.6768614747, 16.72694361027, 19.67552476276, 16.72696148655, 19.67690634945, 16.72697936336, 0, 19.67686283554, 16.72694360974, -0.001514456354147, 0, -0.2056904872805, -0.001300654956353, 0.1982833115578, -0.001300654956353, 0.7872365336377, 0.7876004987159, -0.7871606136231, -0.7873995036673, 4.526793529353e-05, 7.704784173038e-05, 0.7875649180201, 0.7875770462443, 0, -0.7875538405347, -0.7874229505608, -0, -0, 5.551115123126e-17, -5.551115123126e-17, 0.002991188472892, 0.3940349407146, 0.3912981879794, 0.3940818061651, 0, 0.3912717833108, 0.3939880752641
1.45, 0.197854459317, -0.1004012739532, -0.205418476129, -0.1003551054545, -0.02840659586273, -0.0002549999740209, 0.0004223936357794, -0.01105546153321, 0, 0, 394.4193514445, 0, -495.3739778256, 7486.517943339, 3143.651290296, 7500.641914536, 3148.997117619, 71.13614085852, 89.34664383021, 90.94679090444, 66.9924296288, -239.0387482185, -0.9388520544561, 236.2232100224, -1.109677951681, 5373.289140873, 3994.679994096, 5384.257266979, 4003.238680813, 3, -2.308200180451, -42.72643297197, 0.6558910482718, 42.7815838746, -1.802305705324, 0.5202502426769, -1.651342284202, 0.6762343345112, 0, 0, 0.2024601366875, -0, -0, -0, -0, -0, 0.2024601317799, 0.006293011925549, 0, 0, 0, 0, 0, 0.0006202234724863, 0.006293051213973, -0.04892982073426, 0.0006202196003422, 0.05781036319845, 0.0006202196003422, 8.108147428447, 8.10907131833, 8.108126379062, 8.109070747267, 20.02076532397, -0.2003275213136, 0.2041424935364, 0, 1, 49.71858837673, 50, 49.71851336536, 0.00130893166762, 0, 0, 0, 0, 0, 0, 0, 0, 20.02213943515, 17.07221498726, 20.02209864999, 17.07218246511, 20.02076532397, 17.0721987261, 20.02214061203, 17.07221498717, 0, 20.02210004394, 17.07218246503, -0.001634865225452, 0, -0.2017907195602, -0.001183099458709, 0.2023046458185, -0.001183099458709, 0.7872223109042, 0.7875731314381, -0.7871691009123, -0.7874268683184, 3.629071779465e-05, 6.886619199705e-05, 0.7875564704848, 0.787568865978, 0, -0.7875638868779, -0.787431133594, -0, -0, -0, -0, 0.003014243985471, 0.3940339455198, 0.3912960940864, 0.3940424701082, 0, 0.3912741887473, 0.3940254209315
1.475, 0.1981013697452, 0.0316553201465, -0.2055254834144, 0.03166024812151, 0.004154198260708, 0.000381218424011, -0.02208674637394, -0.00798661373004, 0, 0, -1000, 0, 1000, 7484.698490686, 3141.260311817, 7499.173273025, 3152.709275814, 82.81989232641, 73.21254185002, 77.26978302186, 83.61038978769, -237.6284395796, 3.378200580295, 238.2800092285, 3.172575996033, 5373.959935662, 4029.552448647, 5384.407513825, 3962.907446255, 3, 0.164999264328, 10.91025317721, -1.304245639893, -16.24518822526, -1.822454752381, 0.4583983877737, -1.667716257927, 0.76687731524, 0, 0, 0.2019475053478, -0, -0, -0, -0, -0, 0.201947581046, 0.006389154687954, 0, 0, 0, 0, 0, -0.004829571962994, 0.006389194374872, -0.04927974521478, -0.004829541963754, 0.05832583610682, -0.004829541963754, 8.248105406938, 8.24914417023, 8.248081868555, 8.24914355814, 20.36607365628, -0.201673573362, 0.2028995898692, 0, 1, 49.72848305362, 50, 49.72857125473, 0.001789513636227, 0, 0, 0, 0, 0, 0, 0, 0, 20.36744663865, 17.41751649585, 20.36740059078, 17.417492785, 20.36607365628, 17.41750464092, 20.36744783269, 17.41751649635, 0, 20.36740198751, 17.4174927855, -0.001777342282651, 0, -0.2032784545483, -0.0008625597430731, 0.200917951671, -0.0008625597430731, 0.7872110815099, 0.7875244723162, -0.7871756893632, -0.7874755331005, 2.744652355053e-05, 5.768374244186e-05, 0.7875476296715, 0.7875576808556, 0, -0.7875739952123, -0.7874423133707, -0, -0, -0, -0, 0.003031670042695, 0.394039381175, 0.3912947557942, 0.3939730016907, 0, 0.3912738858833, 0.3941057606592
1.5, 0.206346921792, 0.09753544183811, -0.1974967847675, 0.09758034052951, 0.01991869280647, 0.0001985552261517, -0.003070036629191, 0.001639282118243, 0, 0, -504.9555592859, 0, 586.4564404103, 7483.839868852, 3143.027937104, 7497.777864895, 3151.118280829, 87.95646399016, 64.32494587367, 67.60688628912, 86.17440629177, -237.1797992674, 0.8547721519787, 239.4599580239, 0.6918758911217, 5374.55148888, 4009.92863579, 5385.418071128, 3982.682818669, 3, 1.070840775496, 41.77880553849, -1.890491412118, -41.0287108237, -1.832469202809, 0.5034002984846, -1.683327136302, 0.728405178185, 0, 0, 0.2016633992715, -0, -0, -0, -0, -0, 0.20166342185, 0.00620851955765, 0, 0, 0, 0, 0, -0.001974426104158, 0.006208558014101, -0.04945832706101, -0.001974413874355, 0.05877849168078, -0.001974413874355, 8.388088990605, 8.389239871313, 8.388061052793, 8.389239374874, 20.71144724966, -0.2045500424623, 0.200091836741, 0, 1, 49.73810855338, 50, 49.73806432487, 0.0005094436740387, 0, 0, 0, 0, 0, 0, 0, 0, 20.71282137964, 17.76289287661, 20.71276877657, 17.76286020922, 20.71144724966, 17.76287654319, 20.71282259538, 17.76289287689, 0, 20.71277016395, 17.7628602095, -0.0018501597748, 0, -0.2062273715361, -0.001188383252089, 0.1980360554031, -0.001188383252089, 0.7871995392824, 0.7875424756474, -0.7871838037475, -0.787457524949, 1.557273071052e-05, 5.605395011701e-05, 0.7875373059607, 0.7875560533132, 0, -0.7875851987756, -0.7874439454129, -0, -0, -0, -0, 0.003042876190814, 0.3940392313851, 0.3912935763509, 0.3940120941171, 0, 0.3912718696631, 0.3940663686531
1.525, 0.2074563701781, 0.07475304872443, -0.1966372661135, 0.07477937927538, 0.01404550425391, -0.0002439778776992, 0.03369047866406, -0.0009096314526134, 0, 0, 1000, 0, -1000, 7483.51704297, 3145.402589295, 7496.87018221, 3149.069002931, 79.3954619514, 66.78071669641, 72.30825091604, 80.23837867648, -238.6186162709, -2.321904656496, 238.9090877291, -2.509141414657, 5375.719075398, 3982.478255743, 5386.455838761, 4007.109854231, 3, 0.6946765349222, 32.33050687955, -1.10276069556, -30.65096184083, -1.836883459744, 0.5627431943971, -1.693803563282, 0.6779212116825, 0, 0, 0.2015339514505, -0, -0, -0, -0, -0, 0.2015339410112, 0.005973742505438, 0, 0, 0, 0, 0, 0.001784981175048, 0.005973779460158, -0.04967694401755, 0.00178497013288, 0.05893932780595, 0.00178497013288, 8.528095160973, 8.529357041034, 8.528064477806, 8.529356424442, 21.05688468584, -0.2064055687591, 0.1982788958963, 0, 1, 49.74739245286, 50, 49.74734487679, -3.114944780953e-05, 0, 0, 0, 0, 0, 0, 0, 0, 21.0582600592, 18.10833499515, 21.05820292604, 18.10829149657, 21.05688468584, 18.10831324552, 21.05826129165, 18.10833499481, 0, 21.05820430404, 18.10829149623, -0.001911324907806, 0, -0.2081434161586, -0.001582403183116, 0.196161502801, -0.001582403183116, 0.7871871895487, 0.7875670151759, -0.7871940722721, -0.7874329849877, 2.997592671239e-06, 5.473925736223e-05, 0.7875264471738, 0.7875547385749, 0, -0.7875965635594, -0.7874452600601, -0, -0, -5.551115123126e-17, -0, 0.003048119340519, 0.3940422427271, 0.3912912491905, 0.3940667761918, 0, 0.3912698012696, 0.3940177092625
1.55, 0.2005367790913, -0.09419787125966, -0.2037879148932, -0.09415691008029, -0.02694091580635, -0.0004633836305371, 0.0152004615194, -0.003168808319509, 0, 0, 1000, 0, -1000, 7483.449453055, 3146.074106629, 7496.684732721, 3148.699941229, 66.19472755767, 83.59255090594, 81.43759775451, 60.33089792572, -240.3661814529, -3.056612897932, 237.8975172033, -3.242516591357, 5377.138350964, 3974.504187618, 5387.653763458, 4011.387731641, 3, -1.505421245028, -40.22449029965, 1.517793568937, 40.7355875188, -1.838575195131, 0.5794318003026, -1.696638924896, 0.6691229727304, 0, 0, 0.2015355155403, -0, -0, -0, -0, -0, 0.2015355033656, 0.00593469953733, 0, 0, 0, 0, 0, 0.002672844466919, 0.005934736251093, -0.05023863265557, 0.002672827932037, 0.05852717054786, 0.002672827932037, 8.668119848134, 8.669494655167, 8.668094002946, 8.669493296207, 21.40238384292, -0.1993421203022, 0.2053535216099, 0, 1, 49.75631955915, 50, 49.7563170256, -0.000289555456801, 0, 0, 0, 0, 0, 0, 0, 0, 21.40375533417, 18.45383655741, 21.40370583552, 18.45378858645, 21.40238384292, 18.45381257137, 21.40375653876, 18.45383655685, 0, 21.40370725264, 18.45378858589, -0.001996725696391, 0, -0.2011633482546, -0.001745100886382, 0.2031522201565, -0.001745100886382, 0.7871732136671, 0.78756849065, -0.787207172218, -0.7874315103332, -7.55517098307e-06, 5.010805488965e-05, 0.787516304889, 0.7875501068327, 0, -0.7876068463146, -0.787449890723, -0, -0, -0, 5.551115123126e-17, 0.003047775260999, 0.3940459239544, 0.3912884186048, 0.394082660552, 0, 0.3912674178519, 0.3940091873569
1.575, 0.1971201064562, -0.1188355438276, -0.2073679478986, -0.1187704955248, -0.0322670264057, -5.057656901786e-05, -0.03775770695614, -0.004883294289871, 0, 0, -1000, 0, 1000, 7483.526592553, 3143.442792821, 7497.268795233, 3151.278056165, 63.28332900886, 81.91276614409, 80.13868117738, 57.88106117434, -240.7028643668, 0.7777220541602, 238.3146368134, 0.600489053608, 5378.369149429, 4004.95844396, 5389.283596174, 3979.976694582, 3, -1.390800421467, -50.17620609039, 1.746274800427, 51.20663343888, -1.838777028343, 0.5150358723886, -1.691430595011, 0.7342782028514, 0, 0, 0.2016506130025, -0, -0, -0, -0, -0, 0.2016506331753, 0.006163017911458, 0, 0, 0, 0, 0, -0.001810355616972, 0.006163056081225, -0.05015081501106, -0.001810344404861, 0.05853655588685, -0.001810344404861, 8.808168350577, 8.809651384976, 8.808142286923, 8.809649034552, 21.74794244104, -0.1983448177231, 0.2063379748231, 0, 1, 49.76488427456, 50, 49.76488031708, -0.0007693396244822, 0, 0, 0, 0, 0, 0, 0, 0, 21.74931556692, 18.79939212562, 21.74926434258, 18.79935142616, 21.74794244104, 18.79937177621, 21.74931676419, 18.79939212594, 0, 21.74926576589, 18.79935142648, -0.002125003851065, 0, -0.2002945265608, -0.001480575840098, 0.2040082530154, -0.001480575840098, 0.7871643143677, 0.7875268260262, -0.7872164224085, -0.7874731742342, -1.549893431101e-05, 3.927638652138e-05, 0.787506803735, 0.7875392757305, 0, -0.787616157258, -0.7874607229575, -0, -5.551115123126e-17, -0, -0, 0.003042426043769, 0.3940468771554, 0.3912859673414, 0.3940219949349, 0, 0.3912641711094, 0.3940717593758
1.6, 0.2008242213968, 0.06877509236363, -0.2037922953555, 0.06879760161407, 0.01394920090143, 0.0003945081967212, -0.018064421983, -0.002582651855205, 0, 0, -1000, 0, 1000, 7484.134496683, 3141.592607793, 7498.104383535, 3153.05210704, 74.25554944817, 59.13152642457, 65.4165325496, 78.19483564181, -239.5791286334, 3.542504282551, 240.177460752, 3.332856434266, 5379.972830926, 4026.590369594, 5390.670372272, 3957.404060708, 3, 1.625985130821, 29.00352927002, -0.9338056325338, -29.84825373894, -1.833396532899, 0.4700781371099, -1.683566929691, 0.7790109957161, 0, 0, 0.2018574006745, -0, -0, -0, -0, -0, 0.201857479374, 0.006221504596505, 0, 0, 0, 0, 0, -0.005013733119029, 0.006221543207569, -0.0496331196945, -0.005013702003643, 0.05878660026562, -0.005013702003643, 8.948240224506, 8.949825744837, 8.948207897446, 8.949823130022, 22.09355818971, -0.2044308577223, 0.2002159019693, 0, 1, 49.77308690198, 50, 49.77314352658, -0.0007736318022601, 0, 0, 0, 0, 0, 0, 0, 0, 22.09493840249, 19.14500674936, 22.09487591117, 19.14497052288, 22.09355818971, 19.14498863691, 22.09493962407, 19.14500675015, 0, 22.09487729688, 19.14497052367, -0.002234601574219, 0, -0.2064918469211, -0.001317856755266, 0.1977754544556, -0.001317856755266, 0.7871568362069, 0.7874945480466, -0.7872252564148, -0.7875054575668, -2.581980300828e-05, 2.902663331224e-05, 0.7874957872386, 0.78752902341, 0, -0.7876266960874, -0.7874709701433, -0, -0, -0, -0, 0.003032831969204, 0.3940478128038, 0.3912827758365, 0.3939789021378, 0, 0.3912614068605, 0.3941167234697
1.625, 0.2063036408758, 0.09168638333255, -0.1983637770511, 0.091726133882, 0.01946805715457, 0.0003257854779743, -0.01526120440652, -0.002845487908878, 0, 0, -1000, 0, 1000, 7485.41258461, 3142.356335541, 7498.929486748, 3151.874972328, 76.58729971539, 55.44893684436, 59.01218645383, 77.73181016329, -239.2278802299, 2.249758971242, 241.1120559165, 2.080333345614, 5382.032050864, 4016.133286085, 5391.623970523, 3968.031427168, 3, 2.003432209781, 39.12645149395, -1.083006360569, -39.15982092979, -1.820949031886, 0.4909904903146, -1.675773764357, 0.7509609075232, 0, 0, 0.2021781923219, -0, -0, -0, -0, -0, 0.2021782383691, 0.00596876422041, 0, 0, 0, 0, 0, -0.00348580365248, 0.00596880138078, -0.04947873276205, -0.003485781950666, 0.05851408803464, -0.003485781950666, 9.088329799444, 9.090017265247, 9.088294757017, 9.090014552174, 22.43922840868, -0.2056590909364, 0.1989309013382, 0, 1, 49.78095078549, 50, 49.78100011846, -0.00104088184895, 0, 0, 0, 0, 0, 0, 0, 0, 22.44061287764, 19.49068157642, 22.44054642915, 19.49063952786, 22.43922840868, 19.49066055278, 22.44061410302, 19.49068157706, 0, 22.44054779903, 19.4906395285, -0.002298540880677, 0, -0.2077842988362, -0.001529653943658, 0.1964271418925, -0.001529653943658, 0.7871450546606, 0.787499049856, -0.787239236556, -0.7875009524975, -3.993456051902e-05, 2.302189646616e-05, 0.7874829477943, 0.7875230201584, 0, -0.7876388134005, -0.7874769763655, -0, -5.551115123126e-17, -0, -0, 0.003019721053748, 0.3940476439787, 0.3912786747182, 0.3939997337607, 0, 0.3912595091683, 0.3940955541966
1.65, 0.2080052595488, 0.1095978398861, -0.1966759584781, 0.1096542702855, 0.02359141977316, 7.576974646366e-05, 0.01946260195685, 0.008047245153434, 0, 0, 397.702628605, 0, -217.1916766321, 7487.191208297, 3144.011052371, 7499.758656411, 3150.15118326, 76.97766831876, 53.45634840232, 55.07866018369, 76.23500973422, -239.4498150702, -0.1119591656736, 241.379473269, -0.2933111693841, 5383.95390265, 3995.955803841, 5392.589035552, 3984.138345089, 3, 2.134296797419, 47.01428501708, -1.045307586008, -46.10971828253, -1.803260684947, 0.5325706575719, -1.667973544877, 0.7085161703506, 0, 0, 0.20256861995, -0, -0, -0, -0, -0, 0.2025686276114, 0.005542371535177, 0, 0, 0, 0, 0, -0.0008563773385438, 0.005542406174307, -0.04954271861726, -0.0008563719863254, 0.05789521352432, -0.0008563719863254, 9.228436946036, 9.230225141935, 9.228401504332, 9.230222935703, 22.78495122451, -0.2045943410922, 0.199927207114, 0, 1, 49.78848266279, 50, 49.78851710024, -0.001281074795941, 0, 0, 0, 0, 0, 0, 0, 0, 22.78633854252, 19.83641082947, 22.78627195102, 19.83636052578, 22.78495122451, 19.83638567781, 22.78633976346, 19.83641082966, 0, 22.78627331297, 19.83636052597, -0.002345039552704, 0, -0.2067654840903, -0.00182996113702, 0.1973787478505, -0.00182996113702, 0.7871306887558, 0.787511422729, -0.7872564941042, -0.7874885766436, -5.616099568583e-05, 1.73127407091e-05, 0.787469015564, 0.7875173122511, 0, -0.7876518428588, -0.7874826867697, 5.551115123126e-17, -0, -0, -0, 0.003004113940108, 0.3940516990108, 0.391274845952, 0.3940399286336, 0, 0.3912575910222, 0.3940634693881
1.675, 0.2077319944341, 0.04069007402204, -0.1969452196042, 0.04069785215242, 0.006457544007322, -0.0003520198069837, 0.03007078529757, -0.001621121602587, 0, 0, 1000, 0, -1000, 7488.980126185, 3145.671585224, 7500.923073741, 3148.023778894, 65.74724696737, 61.16663537522, 63.3149459951, 66.72966775283, -240.9522398115, -2.944517240118, 240.4363704099, -3.131965766594, 5385.002832435, 3972.723255435, 5394.159499551, 4005.593822249, 3, 1.048259820628, 16.5438823733, 0.1771203110539, -17.27328506577, -1.785403134315, 0.5754562277405, -1.656590426559, 0.656853973233, 0, 0, 0.2030227287718, -0, -0, -0, -0, -0, 0.2030227189251, 0.005342272204262, 0, 0, 0, 0, 0, 0.002382035756744, 0.005342305742663, -0.04929199191755, 0.00238202080259, 0.05749602108209, 0.00238202080259, 9.368562785521, 9.370449677208, 9.368525795794, 9.370446978882, 23.13072459604, -0.2054438977764, 0.1989991317589, 0, 1, 49.7957144694, 50, 49.79579426262, -0.0011135831808, 0, 0, 0, 0, 0, 0, 0, 0, 23.13211655648, 20.18219120506, 23.13204716624, 20.18213169852, 23.13072459604, 20.18216145117, 23.13211777651, 20.18219120444, 0, 23.1320485121, 20.1821316979, -0.002393194954731, 0, -0.207663703714, -0.002164745240337, 0.1964034716629, -0.002164745240337, 0.7871194870508, 0.7875293205832, -0.7872711064129, -0.7874706796538, -6.978802015452e-05, 1.293804407887e-05, 0.7874560998321, 0.7875129368015, 0, -0.7876637260886, -0.7874870607133, -0, -0, -0, -0, 0.002986899416301, 0.3940534687056, 0.391272757928, 0.3940862083139, 0, 0.3912544653544, 0.3940207290972
1.7, 0.2079275867582, 0.03800139469577, -0.1967233743627, 0.03800813359456, 0.005497251881763, -0.0004142035723561, 0.02956867107164, -0.00504627254057, 0, 0, 1000, 0, -1000, 7490.594282153, 3145.443338147, 7502.442375638, 3148.12882158, 61.77198622176, 60.94409583026, 64.69787100697, 65.80444449194, -241.7036041343, -2.941374097028, 240.0024567098, -3.136509846437, 5385.409416232, 3972.588531504, 5396.026394145, 4001.68817487, 3, 0.9190092833786, 13.54675544508, 0.4154390007917, -17.65471775396, -1.769325838925, 0.5695374942545, -1.641541574972, 0.6602489135367, 0, 0, 0.2034715557668, -0, -0, -0, -0, -0, 0.2034715460527, 0.005407720940716, 0, 0, 0, 0, 0, 0.002108767802313, 0.005407755040271, -0.04881875898726, 0.002108754505107, 0.05727345580619, 0.002108754505107, 9.508706415911, 9.510689491197, 9.508667467937, 9.510687324706, 23.47654723738, -0.206531712999, 0.1978272913025, 0, 1, 49.80266394087, 50, 49.80282883353, -0.0006708899728041, 0, 0, 0, 0, 0, 0, 0, 0, 23.47794427934, 20.52801721774, 23.47787117394, 20.52795639537, 23.47654723738, 20.527986806, 23.47794549443, 20.52801721718, 0, 23.47787250606, 20.52795639481, -0.002469119517462, 0, -0.2088287503629, -0.002212612615533, 0.1951560447832, -0.002212612615533, 0.7871107306436, 0.7875193648931, -0.7872835188522, -0.7874806349992, -8.073909366399e-05, 4.86177552165e-06, 0.7874441110247, 0.787504860655, 0, -0.7876746150217, -0.7874951371039, -0, -0, -0, -0, 0.002969086944806, 0.3940574930535, 0.3912719507673, 0.394086476762, 0, 0.3912507479649, 0.3940285093449
1.725, 0.2023333307755, -0.08427378960555, -0.2021837419399, -0.08424067532882, -0.02409520973698, -0.000764917787891, 0.01682367211257, -0.0006964084531356, 0, 0, 1000, 0, -1000, 7492.127126743, 3146.949010533, 7504.09589953, 3145.872058432, 56.19562144462, 73.09352947302, 66.82597964335, 49.57610500807, -242.4222553366, -5.637098282118, 239.5759804328, -5.943537880231, 5386.105114949, 3948.940428095, 5397.275534724, 4026.909877695, 3, -0.9717138564986, -35.96883033625, 2.205075901787, 37.14750894586, -1.754088016009, 0.6093660422759, -1.624996366763, 0.6057321675716, 0, 0, 0.2039298488029, -0, -0, -0, -0, -0, 0.2039298498458, 0.005518031427361, 0, 0, 0, 0, 0, 0.005650222823323, 0.005518066379423, -0.0488942253795, 0.005650187034167, 0.05649022046715, 0.005650187034167, 9.648863097012, 9.65094532733, 9.648830219594, 9.650942389066, 23.82241720806, -0.1979091532938, 0.206362678202, 0, 1, 49.80936590643, 50, 49.80939219756, -0.00147252930543, 0, 0, 0, 0, 0, 0, 0, 0, 23.82381223584, 20.87389406426, 23.82374974182, 20.87382396754, 23.82241720806, 20.87385901417, 23.82381340285, 20.87389406253, 0, 23.82375111286, 20.87382396581, -0.002519311463872, 0, -0.2002556750069, -0.002549997555667, 0.2036436299683, -0.002549997555667, 0.7870981294808, 0.7875402423868, -0.7872998312752, -0.7874597637116, -9.167186303556e-05, 1.379761963225e-06, 0.787432024213, 0.7875013751529, 0, -0.7876855764119, -0.787498615629, -0, -0, -5.551115123126e-17, -5.551115123126e-17, 0.002951273776653, 0.3940559240742, 0.3912705644744, 0.3941335828882, 0, 0.391248264948, 0.3939782652602
1.75, 0.1995648813638, -0.09718679210473, -0.2048639747982, -0.09714327732628, -0.02602298000344, -0.0004685484817749, 0.01521157554945, -0.00280826132733, 0, 0, 1000, 0, -1000, 7493.581948325, 3145.650630014, 7505.757176296, 3146.844739763, 52.35888298488, 71.83564093781, 68.21836083942, 48.24669810246, -242.2662776914, -3.146093706971, 239.8864676718, -3.341007474099, 5387.718762627, 3962.476756681, 5397.303687267, 4012.555455431, 3, -0.8519339097872, -41.55213204706, 2.067263113879, 41.26529049577, -1.739724716211, 0.5786544528364, -1.608310811907, 0.6296859520165, 0, 0, 0.2043445013514, -0, -0, -0, -0, -0, 0.2043444919453, 0.005484933279154, 0, 0, 0, 0, 0, 0.003629060047599, 0.005484968162995, -0.04855164183573, 0.003629036967147, 0.05613394490981, 0.003629036967147, 9.789040128598, 9.791216801928, 9.789005794374, 9.791211763416, 24.16833332353, -0.1988581086945, 0.2053297578318, 0, 1, 49.81582637827, 50, 49.81588648594, -0.001214396289566, 0, 0, 0, 0, 0, 0, 0, 0, 24.16973300006, 21.21981131928, 24.1696672048, 21.21974360989, 24.16833332353, 21.21977746351, 24.16973416483, 21.2198113182, 0, 24.16966855976, 21.21974360882, -0.002598723564873, 0, -0.2012849217636, -0.002463150554966, 0.2025321577427, -0.002463150554966, 0.7870866389885, 0.7875137353295, -0.7873149983323, -0.7874862663743, -0.000105201943687, -1.122454190428e-05, 0.7874181915011, 0.7874887731507, 0, -0.7876983106031, -0.7875112222346, -0, -0, -0, 5.551115123126e-17, 0.002934128332516, 0.3940567400342, 0.3912673520274, 0.3941066192161, 0, 0.3912482112584, 0.3940068608522
1.775, 0.1966760858164, -0.1191909885916, -0.2076380952393, -0.119125637222, -0.03120936038455, 8.330484202647e-05, -0.03783155998172, -0.004028908624972, 0, 0, -1000, 0, 1000, 7495.036763237, 3142.246500689, 7507.281423771, 3149.774425258, 50.92130910725, 70.66959878684, 67.2669399403, 46.85789295058, -241.7964836653, 1.491649938038, 240.5065878382, 1.311020184484, 5389.785567017, 4003.488664351, 5396.645992418, 3971.964071419, 3, -0.8799565599776, -50.2736503174, 2.013992312232, 50.93679006441, -1.725256737535, 0.4947957742727, -1.593119659702, 0.7037871905198, 0, 0, 0.2047463117928, -0, -0, -0, -0, -0, 0.2047463360552, 0.005316042200313, 0, 0, 0, 0, 0, -0.002284497132266, 0.005316076143111, -0.04846980248006, -0.002284482545898, 0.055541196786, -0.002284482545898, 9.929232497155, 9.931501832087, 9.929198175403, 9.931496866362, 24.51429370001, -0.1979208339737, 0.2061887226345, 0, 1, 49.82206736171, 50, 49.82210213339, -0.001230048658047, 0, 0, 0, 0, 0, 0, 0, 0, 24.51569688858, 21.56576855075, 24.51562987032, 21.56571119727, 24.51429370001, 21.56573987458, 24.51569804656, 21.56576855132, 0, 24.51563121599, 21.56571119784, -0.002702807901345, 0, -0.2004516829722, -0.002086420649987, 0.2032887727063, -0.002086420649987, 0.7870722390054, 0.787454305696, -0.7873329590562, -0.7875456945117, -0.0001208014739337, -2.998269578674e-05, 0.7874032291824, 0.7874700161561, 0, -0.7877122249828, -0.7875299815477, 5.551115123126e-17, -0, -5.551115123126e-17, -0, 0.002917908998101, 0.3940563216631, 0.3912632353618, 0.3940249226662, 0, 0.3912495253515, 0.39408772066
1.8, 0.1981162517413, 0.002502251070299, -0.2061388014891, 0.002502293314744, -0.00124969170393, 0.0003097622118177, -0.02528036371169, -0.006754882037013, 0, 0, -1000, 0, 1000, 7496.673251419, 3141.24879634, 7508.436581764, 3150.638822206, 60.75855174899, 57.2573972001, 56.00482984341, 61.21266752928, -241.0028408877, 2.815103515308, 241.4249833967, 2.617133568325, 5390.197546101, 4014.430583023, 5397.433712587, 3957.826578345, 3, 1.00023014522, -1.656337843868, 0.1660688940699, -4.057913818586, -1.708908980635, 0.4702749401763, -1.581740606199, 0.7248792975691, 0, 0, 0.2051337922969, -0, -0, -0, -0, -0, 0.2051338453614, 0.005157450368556, 0, 0, 0, 0, 0, -0.004101930502847, 0.005157483423508, -0.04816360321173, -0.004101904213051, 0.05521284486891, -0.004101904213051, 10.06944165064, 10.0718011945, 10.06940494648, 10.07179609696, 24.8602968486, -0.1997776822853, 0.2042589898278, 0, 1, 49.82810160227, 50, 49.82830009704, -9.73707427628e-05, 0, 0, 0, 0, 0, 0, 0, 0, 24.86170509318, 21.91177308445, 24.861633551, 21.9117174986, 24.8602968486, 21.91174529252, 24.86170625494, 21.91177308545, 0, 24.86163487552, 21.91171749959, -0.002777773562, 0, -0.2023842825882, -0.002022117521505, 0.2012848660461, -0.002022117521505, 0.7870593889033, 0.7874287353084, -0.7873491658839, -0.787571267747, -0.0001362011021784, -4.305481604365e-05, 0.7873882873809, 0.7874569426754, 0, -0.7877261881776, -0.7875430523075, -0, -0, -0, 5.551115123126e-17, 0.002902863771321, 0.3940595038095, 0.3912624164499, 0.3940031253189, 0, 0.3912479583556, 0.3941158823001
1.825, 0.197678758925, -0.01634881008392, -0.2064312760533, -0.01634767052031, -0.005043116508221, 0.000335281116542, -0.02721510181356, -0.002979943118907, 0, 0, -1000, 0, 1000, 7498.386621477, 3141.372229995, 7509.314997346, 3149.972358475, 59.36701872388, 57.51241209391, 54.89918011634, 57.59947298475, -240.8845741238, 2.87722024639, 241.6577760766, 2.680873060364, 5391.076085199, 4010.897354537, 5397.555949106, 3960.063390023, 3, 0.7021664076144, -7.740869251744, 0.3093664740595, 5.454557477901, -1.691772462305, 0.4754230853642, -1.573213693034, 0.7084705257447, 0, 0, 0.2055366948069, -0, -0, -0, -0, -0, 0.2055367384275, 0.004791607252826, 0, 0, 0, 0, 0, -0.003683792271063, 0.004791638083784, -0.04817593846972, -0.003683768568335, 0.05461831714154, -0.003683768568335, 10.2096647612, 10.2121150276, 10.20962798695, 10.21210851428, 25.20634111872, -0.1988951728806, 0.205073239726, 0, 1, 49.83395013597, 50, 49.83405894144, -0.0004545252246726, 0, 0, 0, 0, 0, 0, 0, 0, 25.20775230751, 22.25782085176, 25.20768064724, 22.25776232652, 25.20634111872, 22.25779159008, 25.20775346475, 22.2578208527, 0, 25.20768196253, 22.25776232746, -0.002820495542436, 0, -0.2015441128005, -0.002129047296922, 0.2020581476002, -0.002129047296922, 0.7870433806904, 0.787419736523, -0.7873682429732, -0.787580265645, -0.0001540189031965, -5.492885939653e-05, 0.7873723619482, 0.7874450689693, 0, -0.7877412052709, -0.7875549266881, 5.551115123126e-17, -5.551115123126e-17, -5.551115123126e-17, -5.551115123126e-17, 0.00288904842024, 0.3940607952567, 0.3912606663018, 0.394010163818, 0, 0.3912477187478, 0.3941114266953
1.85, 0.1998657829597, 0.05499869331654, -0.2041265545686, 0.0550131682986, 0.01273135692812, 0.0005110056120877, -0.01945152070767, -0.001975263216985, 0, 0, -1000, 0, 1000, 7500.02249819, 3140.553188772, 7510.028457358, 3150.337450625, 60.28238834734, 48.47675848608, 51.86155436987, 64.80783981417, -240.528413414, 4.178723627799, 242.0685237601, 3.943085828569, 5392.54669357, 4020.592446316, 5396.872982268, 3948.587073054, 3, 1.740672470973, 23.13601136107, -0.8433127420891, -24.73022283067, -1.675409230083, 0.4566186164744, -1.56639987734, 0.7176774214813, 0, 0, 0.2059045534888, -0, -0, -0, -0, -0, 0.2059046226986, 0.004276086570478, 0, 0, 0, 0, 0, -0.005218023929076, 0.004276114182962, -0.0480441919428, -0.005217990234303, 0.05422560018186, -0.005217990234303, 10.34990467165, 10.35244189376, 10.34986366118, 10.3524349699, 25.55242574338, -0.2033869152087, 0.2005198904957, 0, 1, 49.83961261077, 50, 49.83969765793, -0.0004743240092475, 0, 0, 0, 0, 0, 0, 0, 0, 25.5538433372, 22.60390676481, 25.55376413444, 22.60384943939, 25.55242574338, 22.60387810341, 25.55384451723, 22.60390676612, 0, 25.55376541057, 22.6038494407, -0.002863906200404, 0, -0.2060794649471, -0.0020853997786, 0.197462421627, -0.0020853997786, 0.7870275805181, 0.7873936671472, -0.7873868038955, -0.7876063383411, -0.0001735647324279, -7.044788137113e-05, 0.7873556595637, 0.7874295483313, 0, -0.7877570859093, -0.787570444094, -0, -0, -0, -0, 0.002876687332873, 0.3940625685657, 0.3912577375596, 0.3939908500667, 0, 0.3912490817861, 0.3941342870646
1.875, 0.2069460798356, 0.100973730985, -0.1969224664745, 0.1010213575638, 0.02300633158526, 0.0001588607829642, 0.006958309502356, 0.0004089163122909, 0, 0, -126.729070243, 0, 181.3697092412, 7501.745408738, 3142.318703586, 7510.414916359, 3147.867558742, 65.95922750845, 44.13565458704, 43.90010293223, 65.99016246862, -240.2934966511, 0.6492891666261, 242.255247419, 0.4745937235357, 5392.74279717, 3998.119883626, 5397.300732768, 3972.06780542, 3, 1.972619932476, 42.66114219263, -1.199973913492, -43.1312822015, -1.658080566178, 0.5019382168184, -1.563033822842, 0.6578989754513, 0, 0, 0.2062384142549, -0, -0, -0, -0, -0, 0.2062384292171, 0.003784004903675, 0, 0, 0, 0, 0, -0.001887919810711, 0.003784029417885, -0.0480729455506, -0.001887907580132, 0.05372892949375, -0.001887907580132, 10.49015751365, 10.49278085273, 10.49011499176, 10.49277553989, 25.8985494924, -0.2037121261117, 0.2001391728339, 0, 1, 49.84510267199, 50, 49.84515297075, -0.0005693723274366, 0, 0, 0, 0, 0, 0, 0, 0, 25.89997013444, 22.95003646739, 25.89988961352, 22.94997025981, 25.8985494924, 22.95000336414, 25.89997131706, 22.95003646793, 0, 25.8998908755, 22.94997026036, -0.002869202518146, 0, -0.2064095966276, -0.002408517308948, 0.1970778795655, -0.002408517308948, 0.7870112741932, 0.7874078939223, -0.7874055724724, -0.7875921055412, -0.0001924095726687, -7.912140078141e-05, 0.7873395492538, 0.7874208774759, 0, -0.7877724621579, -0.7875791202775, -0, -0, -0, -0, 0.002865729409436, 0.3940615658328, 0.3912573467504, 0.3940356175478, 0, 0.391248232889, 0.3940875141179
1.9, 0.2087482145105, 0.1096119723676, -0.1950235855469, 0.1096676082883, 0.02432281670573, -2.420851360847e-05, 0.01423690775156, 0.007448155811453, 0, 0, 192.5896598566, 0, -30.2538212189, 7502.870704632, 3142.357874222, 7511.155302731, 3147.432566379, 65.60826490677, 42.82105922984, 42.38088068264, 65.35631232787, -241.0278441561, -0.3451537148471, 241.5515565089, -0.5331556218231, 5391.554487167, 3994.593061207, 5399.050170562, 3974.774875276, 3, 1.747034718148, 46.35261921981, -1.075820397354, -45.80273128023, -1.646949359607, 0.5029095242203, -1.555968306231, 0.648229595346, 0, 0, 0.2065262210293, -0, -0, -0, -0, -0, 0.2065262316357, 0.003848776293157, 0, 0, 0, 0, 0, -0.001436167441929, 0.003848801296619, -0.04776919441211, -0.001436158111969, 0.0536183417904, -0.001436158111969, 10.63042380947, 10.63313250316, 10.63038052251, 10.63312870445, 26.24471125054, -0.2037888871367, 0.200015930131, 0, 1, 49.8504141146, 50, 49.85043569925, -0.0006176629799503, 0, 0, 0, 0, 0, 0, 0, 0, 26.24613462315, 23.29620049435, 26.24605274727, 23.29613233001, 26.24471125054, 23.29616641261, 26.24613579897, 23.29620049478, 0, 26.24605400561, 23.29613233044, -0.002907799945657, 0, -0.2065258125364, -0.002479700999089, 0.1969161711432, -0.002479700999089, 0.7870000071692, 0.7874007569419, -0.7874190243228, -0.7875992420778, -0.0002049042933943, -8.936512337777e-05, 0.7873262099802, 0.7874106338917, 0, -0.7877851555992, -0.7875893641385, 5.551115123126e-17, -0, -0, -0, 0.002856081549955, 0.3940623824096, 0.3912597156358, 0.3940426431806, 0, 0.3912447486621, 0.3940821216386
1.925, 0.2076781164788, 0.04319274203472, -0.1960269548495, 0.04320121942618, 0.007650196587486, -0.0005093546623914, 0.0301635161789, -0.0008352272938159, 0, 0, 1000, 0, -1000, 7503.489059093, 3144.069320569, 7512.20879849, 3145.129861249, 54.94073123716, 51.05619616046, 51.4098114013, 56.68717137246, -242.4854133699, -3.574601071309, 240.2817970375, -3.775440989662, 5390.26173269, 3966.953046438, 5400.901028953, 4002.699652833, 3, 0.4814556880566, 17.24079364764, 0.1315544254811, -17.80133588441, -1.641121643918, 0.5466441484444, -1.545583382386, 0.5920292151377, 0, 0, 0.2068099079347, -0, -0, -0, -0, -0, 0.2068099019636, 0.004240980663999, 0, 0, 0, 0, 0, 0.002590454713343, 0.004241008291148, -0.04722602733539, 0.002590437838376, 0.05378810549882, 0.002590437838376, 10.77070356803, 10.77349725101, 10.77065931214, 10.77349325009, 26.59090939638, -0.2043410010556, 0.1994228420715, 0, 1, 49.8555607012, 50, 49.85561000967, -0.0003374378556448, 0, 0, 0, 0, 0, 0, 0, 0, 26.59233557949, 23.64240429046, 26.5922521157, 23.64232710087, 26.59090939638, 23.64236569479, 26.5923367452, 23.64240428959, 0, 26.59225337405, 23.64232709999, -0.00293075718722, 0, -0.2071026138511, -0.002808024161788, 0.1962992484717, -0.002808024161788, 0.7869915461299, 0.7874234905737, -0.787429461728, -0.7875765091445, -0.000214191075545, -9.432549071457e-05, 0.7873140419126, 0.7874056727587, 0, -0.787796748783, -0.7875943237401, -5.551115123126e-17, -5.551115123126e-17, 5.551115123126e-17, -0, 0.002847428448877, 0.3940620985024, 0.3912622939179, 0.394097702692, 0, 0.3912410606082, 0.3940264943128
1.95, 0.2077016154864, 0.0505042656311, -0.1959671040234, 0.05051601693447, 0.0091901856584, -0.000512046005494, 0.03096532938996, -0.003986244313266, 0, 0, 1000, 0, -1000, 7503.674378845, 3143.637641563, 7513.529747164, 3145.329502011, 51.18829021204, 49.94672666616, 53.72534624691, 57.45546083201, -242.8697195544, -3.242431299627, 239.9299940936, -3.440732927951, 5389.911513219, 3965.974927043, 5401.815789695, 4000.570530184, 3, 0.5298853213688, 18.97955284903, 0.08092006875725, -22.61407457653, -1.639840230138, 0.5355421198217, -1.532402694751, 0.5974774033413, 0, 0, 0.2070762313911, -0, -0, -0, -0, -0, 0.2070762235052, 0.004759460931486, 0, 0, 0, 0, 0, 0.002507044829363, 0.004759492016093, -0.04654964013017, 0.002507028455663, 0.05413382920134, 0.002507028455663, 10.91099705926, 10.91387354093, 10.91095016446, 10.91386982304, 26.93714288618, -0.2066597084003, 0.1970673280502, 0, 1, 49.86054075537, 50, 49.86066844941, 0.0002188212780862, 0, 0, 0, 0, 0, 0, 0, 0, 26.93857334038, 23.98863929504, 26.93848511048, 23.98856183297, 26.93714288618, 23.98860056316, 26.93857450259, 23.98863929419, 0, 26.93848636133, 23.98856183212, -0.002989124649809, 0, -0.2094819307035, -0.002817936428181, 0.1938838568606, -0.002817936428181, 0.7869833350483, 0.7874122250513, -0.7874394169772, -0.7875877745516, -0.0002234175646685, -0.0001050174277034, 0.7873012124567, 0.787394980866, 0, -0.7878090631049, -0.7876050157214, -0, -0, -0, -0, 0.002839643587924, 0.3940651933905, 0.3912629953459, 0.3940996511625, 0, 0.3912392361532, 0.3940307356184
1.975, 0.1972175279537, -0.1063677496711, -0.2063652073958, -0.106315385571, -0.02828378809423, -0.0001938484919741, -0.02395255494185, 0.01766568578852, 0, 0, -338.2307360411, 0, 653.1688504306, 7503.680869689, 3141.412183916, 7514.904015121, 3147.080469571, 39.02419543583, 62.52469378067, 63.49665034154, 40.67080855676, -243.1802097839, 0.04756719511746, 239.5479965472, -0.1428337735583, 5390.87674859, 3986.872682461, 5401.402998611, 3978.099011357, 3, -1.337902238947, -45.00218458372, 1.822552468359, 45.99774997033, -1.640425440016, 0.4811770168497, -1.518621769818, 0.6415878562384, 0, 0, 0.20734504535, -0, -0, -0, -0, -0, 0.2073450505373, 0.005197942841752, 0, 0, 0, 0, 0, -0.0006358029681701, 0.005197976878333, -0.04652587784481, -0.0006357988049041, 0.05386562394058, -0.0006357988049041, 11.05129930374, 11.05426228139, 11.05125718811, 11.05425679961, 27.28341040931, -0.2006711594366, 0.2030206847265, 0, 1, 49.86536487727, 50, 49.86537206991, -0.0004254569021215, 0, 0, 0, 0, 0, 0, 0, 0, 27.28483943378, 24.33490517145, 27.28475784867, 24.33483350645, 27.28341040931, 24.33486933915, 27.28484056266, 24.33490517165, 0, 27.284759131, 24.33483350665, -0.003076190354342, 0, -0.2035802783281, -0.002607048882846, 0.1997509085037, -0.002607048882846, 0.7869690324725, 0.7873742377526, -0.7874552403583, -0.787625760714, -0.0002350092551893, -0.0001213886075593, 0.7872867461701, 0.7873786105287, 0, -0.7878230557239, -0.7876213877439, -5.551115123126e-17, -5.551115123126e-17, -5.551115123126e-17, -0, 0.002832503905266, 0.3940667612369, 0.3912610726987, 0.3940580225206, 0, 0.3912400601718, 0.3940754999531
2, 0.2015362811925, 0.08523801313202, -0.2019825312598, 0.08527240381997, 0.01869115056769, 0.0004614791260315, -0.01663980220659, 0.0001359219522897, 0, 0, -1000, 0, 1000, 7503.93496701, 3138.107988036, 7515.922720675, 3149.649562834, 55.54479867405, 39.44129101054, 45.18600696123, 62.69406904034, -241.331979287, 4.352491763789, 241.6239618306, 4.092936235349, 5391.690718125, 4022.652744955, 5401.136669071, 3943.057203675, 3, 1.688692399623, 37.3545949042, -1.255527670706, -35.72397428254, -1.638370637242, 0.4002389880367, -1.508525447258, 0.7073157465448, 0, 0, 0.2076069539196, -0, -0, -0, -0, -0, 0.2076070439125, 0.005399586152681, 0, 0, 0, 0, 0, -0.005768062361368, 0.00539962159902, -0.04598403272734, -0.005768024496331, 0.05413126090924, -0.005768024496331, 11.19161851474, 11.19466089553, 11.19157134932, 11.19465584322, 27.62971096839, -0.2054293408617, 0.1982319546364, 0, 1, 49.8700272173, 50, 49.87001624678, -0.0004937735588136, 0, 0, 0, 0, 0, 0, 0, 0, 27.63114639442, 24.6812018133, 27.63105569317, 24.68113959955, 27.62971096839, 24.68117070799, 27.6311475368, 24.68120181487, 0, 27.63105695026, 24.68113960112, -0.003177808381564, 0, -0.2084418622197, -0.002263228644485, 0.1948593238001, -0.002263228644485, 0.7869558597064, 0.7873189591288, -0.7874698661506, -0.7876810476235, -0.0002503681701454, -0.0001413732191286, 0.7872698718815, 0.787358622176, 0, -0.7878394959978, -0.7876413686142, -5.551115123126e-17, -0, -0, -0, 0.002825890886413, 0.3940660239507, 0.3912594542331, 0.3939867455235, 0, 0.391240588999, 0.3941453023779
2.025, 0.2057272832755, 0.1018899826129, -0.1977575133265, 0.1019387289924, 0.02193293719791, 9.370345472185e-05, 0.005819464352325, -0.003493004189893, 0, 0, -207.1227974062, 0, 205.0716391806, 7504.739051614, 3140.214136717, 7516.320880599, 3146.735513859, 60.21483870864, 39.22911223222, 38.77678047058, 61.27494645996, -240.8470600812, 0.3891748573903, 242.0883518924, 0.2223293735889, 5392.101103571, 3993.183590709, 5401.296975293, 3973.768898213, 3, 1.669837537587, 42.87865173392, -1.229382396337, -43.6888666965, -1.630564619073, 0.4540993630243, -1.504944538119, 0.6366858010655, 0, 0, 0.2078673276514, -0, -0, -0, -0, -0, 0.2078673407086, 0.005233289449675, 0, 0, 0, 0, 0, -0.001406927541914, 0.005233323890564, -0.04603988272726, -0.00140691828282, 0.05382080588486, -0.00140691828282, 11.33194676318, 11.33506988126, 11.33189972199, 11.33506569511, 27.97604338989, -0.2033403767216, 0.2002905993161, 0, 1, 49.87453945664, 50, 49.87459109593, -8.246046967315e-05, 0, 0, 0, 0, 0, 0, 0, 0, 27.97747990364, 25.02754080022, 27.97739068692, 25.02746732586, 27.97604338989, 25.02750406349, 27.97748103612, 25.02754080067, 0, 27.97739194981, 25.02746732632, -0.003209352128414, 0, -0.2063840205153, -0.002672870012458, 0.196887321479, -0.002672870012458, 0.7869365367219, 0.7873396057319, -0.7874905221343, -0.7876603930291, -0.0002702154643599, -0.0001507172473145, 0.7872509296651, 0.7873492816584, 0, -0.7878580317269, -0.787650716153, -0, -0, 5.551115123126e-17, -0, 0.002819636804, 0.3940647882388, 0.3912586364262, 0.3940454508957, 0, 0.3912402716612, 0.394084125582
2.05, 0.2077664257961, 0.1049995886167, -0.1956737390836, 0.1050512319948, 0.02225671773313, 4.154442428273e-05, 0.006414466006261, 0.01298981147047, 0, 0, -73.16459770757, 0, 311.5126988496, 7505.32609464, 3140.221476041, 7516.867519368, 3146.523803574, 61.10482193173, 38.28521563872, 36.21405041838, 60.26605972133, -240.952368688, 0.002384813710356, 242.021013673, -0.1873944241266, 5392.007139225, 3989.966177263, 5402.012954674, 3973.216190231, 3, 1.596566283941, 44.88426816769, -1.190376073536, -44.01176880531, -1.625021819023, 0.4534709532903, -1.499805672294, 0.631968368305, 0, 0, 0.2081078828804, -0, -0, -0, -0, -0, 0.2081078938942, 0.005277682080655, 0, 0, 0, 0, 0, -0.001213823935053, 0.005277716894133, -0.04586589636949, -0.001213815928289, 0.05375550954751, -0.001213815928289, 11.47228676917, 11.47548920022, 11.47223870668, 11.47548551183, 28.32240675839, -0.2031914066069, 0.2004134698406, 0, 1, 49.87888925068, 50, 49.8788988999, -0.0002924638123209, 0, 0, 0, 0, 0, 0, 0, 0, 28.32384589541, 25.37390645642, 28.32375479526, 25.37383067277, 28.32240675839, 25.373868565, 28.32384702318, 25.37390645682, 0, 28.32375605694, 25.37383067317, -0.003280764921063, 0, -0.2063069038855, -0.002756878479442, 0.1969387943933, -0.002756878479442, 0.7869193460903, 0.7873268025285, -0.7875089657991, -0.7876731960017, -0.0002881010663142, -0.0001648483612518, 0.787232551083, 0.7873351505504, 0, -0.7878760281835, -0.7876648472729, 5.551115123126e-17, -0, -0, -0, 0.00281368364133, 0.3940685433702, 0.391258824559, 0.3940518601162, 0, 0.3912388458266, 0.3940852266243
2.075, 0.2063720181677, 0.02652512592648, -0.1970769304063, 0.02652845914651, 0.002784278628254, -0.0004231481365224, 0.02850407435372, -0.003756106197498, 0, 0, 1000, 0, -1000, 7505.928463726, 3142.225222961, 7517.368502036, 3144.067171813, 46.14517001506, 48.67407289759, 50.05983303015, 50.83162992423, -242.3509100633, -3.131077417372, 240.8562372236, -3.33272816157, 5392.018104009, 3961.198247496, 5402.628259918, 4000.143887076, 3, 0.3170427249676, 9.240983381794, 0.1444569517353, -12.5153398719, -1.619300790082, 0.5039525881115, -1.495108057589, 0.5714901450794, 0, 0, 0.2083537649094, -0, -0, -0, -0, -0, 0.2083537552288, 0.005278429817511, 0, 0, 0, 0, 0, 0.00282227980852, 0.005278464718247, -0.04560369295707, 0.002822261147861, 0.05377733553057, 0.002822261147861, 11.61263834469, 11.61591912102, 11.61258776109, 11.61591446182, 28.6687998009, -0.2053941818876, 0.1981853279413, 0, 1, 49.88309162144, 50, 49.88320484881, 0.0002989054916115, 0, 0, 0, 0, 0, 0, 0, 0, 28.67024293259, 25.72030575118, 28.67014729083, 25.72021945195, 28.6687998009, 25.7202626005, 28.67024406614, 25.72030575012, 0, 28.67014853845, 25.72021945089, -0.003325707144011, 0, -0.2085553957214, -0.003139416953675, 0.1946653884092, -0.003139416953675, 0.7869022136264, 0.7873445804707, -0.7875273706652, -0.7876554190757, -0.0003067782954055, -0.0001748303223272, 0.7872136280462, 0.7873251675402, 0, -0.7878945809848, -0.7876748281848, -5.551115123126e-17, 5.551115123126e-17, -5.551115123126e-17, -0, 0.002807857892251, 0.3940703758819, 0.3912588041461, 0.3941091663595, 0, 0.3912376199797, 0.3940315854043
2.1, 0.2009951457785, -0.08364373783531, -0.2023858768971, -0.08361126033352, -0.02404871417318, -0.0006954226565193, 0.0169399801457, -0.0003349857379429, 0, 0, 1000, 0, -1000, 7506.426588789, 3143.415289537, 7517.951591677, 3142.13961659, 41.52482636154, 60.21273177608, 52.5109188101, 36.8195826574, -242.6764200625, -5.359108392728, 240.6239603366, -5.710118779953, 5392.476729302, 3942.126925158, 5402.785940673, 4020.395150208, 3, -1.369487997924, -35.66790047452, 1.744883155808, 36.6905722641, -1.614654645998, 0.5349860651912, -1.489536399926, 0.5250707879344, 0, 0, 0.2085913865698, -0, -0, -0, -0, -0, 0.2085913894264, 0.00531124508213, 0, 0, 0, 0, 0, 0.005671875886003, 0.005311280279987, -0.04594121449044, 0.005671838298478, 0.05321604458769, 0.005671838298478, 11.75299633634, 11.75635834933, 11.75295129493, 11.75635303935, 29.01522165788, -0.1974390368685, 0.2061129473287, 0, 1, 49.88715464621, 50, 49.88715506152, -0.0003841046471845, 0, 0, 0, 0, 0, 0, 0, 0, 29.01666166707, 26.06673241268, 29.01657559615, 26.06663808228, 29.01522165788, 26.06668524514, 29.01666276575, 26.06673241034, 0, 29.01657688068, 26.06663807994, -0.003382071912819, 0, -0.2006551482488, -0.003431577179589, 0.202538519599, -0.003431577179589, 0.7868808138506, 0.7873526241891, -0.7875499318527, -0.7876473807032, -0.000325611716896, -0.0001863880549554, 0.7871945325287, 0.7873136066741, 0, -0.7879133090192, -0.787686382784, -5.551115123126e-17, -0, -0, -0, 0.002802142338921, 0.3940691991893, 0.3912578887089, 0.3941471555884, 0, 0.3912373094533, 0.3939912427902
2.125, 0.1976548174561, -0.09689208969385, -0.2057137583691, -0.09684888546731, -0.02647841526814, -0.0003012296087667, 0.01206818301622, 0.002641645612151, 0, 0, 931.2434804281, 0, -853.3889694385, 7506.791098145, 3140.995152521, 7518.64468753, 3144.050834659, 36.63482566233, 58.55470667318, 55.89269835673, 36.15435744287, -242.6887697479, -1.74566624031, 240.625092414, -1.920208460685, 5393.391107164, 3968.917832971, 5402.500373473, 3993.773665238, 3, -1.230939972264, -41.41208912599, 1.621671127106, 41.29363542004, -1.611414573924, 0.4757471146765, -1.482798636177, 0.5732474727555, 0, 0, 0.2088045760211, -0, -0, -0, -0, -0, 0.2088045671032, 0.005347056592971, 0, 0, 0, 0, 0, 0.001801231571272, 0.005347092100623, -0.0457601102172, 0.001801219610099, 0.05317486200156, 0.001801219610099, 11.89336812695, 11.8968070475, 11.8933211953, 11.89680031469, 29.36167147654, -0.1990930018263, 0.2044329386076, 0, 1, 49.89107339129, 50, 49.89110219543, -0.0002269119196651, 0, 0, 0, 0, 0, 0, 0, 0, 29.36311533882, 26.41317993885, 29.36302456252, 26.41309178239, 29.36167147654, 26.41313585993, 29.36311644274, 26.41317993816, 0, 29.36302583476, 26.4130917817, -0.00348416895525, 0, -0.2024117128083, -0.003206979764371, 0.2007563574823, -0.003206979764371, 0.7868621900582, 0.7873049220347, -0.7875697161695, -0.7876950762764, -0.0003450754343674, -0.0002074655528303, 0.7871746705418, 0.7872925328244, 0, -0.787932812695, -0.7877074639301, -0, -0, -0, -5.551115123126e-17, 0.002796533651459, 0.3940690321776, 0.3912560682293, 0.3940937889826, 0, 0.3912378785731, 0.3940442753725
2.15, 0.1974264132995, -0.09928728544061, -0.2059216536533, -0.09924184291947, -0.02739772196837, -0.0001600546607448, -0.007821122105766, 0.001414644318183, 0, 0, 155.6646963161, 0, -90.45016301021, 7507.29890442, 3139.698674639, 7519.188633504, 3144.9294785, 34.36106789275, 57.46266329488, 56.64749937704, 35.87426675863, -242.7239749549, -0.4146227471734, 240.6444116836, -0.587600977978, 5394.08270769, 3982.719584032, 5402.473077351, 3979.37950293, 3, -1.202393230348, -42.6707780274, 1.59666538971, 42.30346063342, -1.606656332938, 0.4435334272177, -1.477635304054, 0.5961152124071, 0, 0, 0.2090159459416, -0, -0, -0, -0, -0, 0.2090159478238, 0.005306960373536, 0, 0, 0, 0, 0, -0.0002420461945997, 0.00530699568631, -0.04564350991109, -0.0002420445840231, 0.05306837472607, -0.0002420445840231, 12.03374955271, 12.03726370866, 12.03370085871, 12.03725726119, 29.70814803457, -0.2001033508814, 0.2033972655521, 0, 1, 49.89485458186, 50, 49.89489040917, -0.0001808168518629, 0, 0, 0, 0, 0, 0, 0, 0, 29.70959528078, 26.75965630284, 29.70950071028, 26.75957028305, 29.70814803457, 26.75961329304, 29.70959638787, 26.75965630293, 0, 29.70950197286, 26.75957028314, -0.003574190378784, 0, -0.2035123493262, -0.003129251493446, 0.1996308509125, -0.003129251493446, 0.7868425622424, 0.7872718485294, -0.7875905130364, -0.7877281491357, -0.0003655793497318, -0.0002264855659155, 0.787154245383, 0.7872735132525, 0, -0.7879528825051, -0.7877264843844, 5.551115123126e-17, -0, -0, -0, 0.002790917669188, 0.3940696224198, 0.3912546911745, 0.3940662956458, 0, 0.391237933622, 0.3940729491938
2.175, 0.1969126885264, -0.06172381283807, -0.2064142667583, -0.06170646252372, -0.01728086892909, 0.0001909100873088, -0.03233564786864, -0.001218051605999, 0, 0, -1000, 0, 1000, 7507.843298334, 3137.945689995, 7519.693997198, 3146.26090791, 41.83745334642, 51.47121607963, 47.93150638176, 41.23827554343, -242.0555833177, 2.145904353904, 241.5285874374, 1.95765252569, 5394.385835743, 4001.268711065, 5402.858709256, 3960.009168705, 3, -0.38598731646, -26.64390551875, 0.7935822634618, 25.67913726224, -1.601519321447, 0.4011152062932, -1.472837544411, 0.6291901391664, 0, 0, 0.2092322973021, -0, -0, -0, -0, -0, 0.2092323319542, 0.005304550915561, 0, 0, 0, 0, 0, -0.002989961933155, 0.005304586285411, -0.04563076844801, -0.00298994199672, 0.05285352375326, -0.00298994199672, 12.17413934338, 12.17772961555, 12.17409084422, 12.17772183034, 30.05465033103, -0.1985799986292, 0.2048965419904, 0, 1, 49.8985011648, 50, 49.8985531794, -7.800710930336e-05, 0, 0, 0, 0, 0, 0, 0, 0, 30.05609921417, 27.10615750835, 30.0560044053, 27.1060752496, 30.05465033103, 27.10611638005, 30.05610031317, 27.10615750943, 0, 30.05600567163, 27.10607525068, -0.003667112159244, 0, -0.2020817857426, -0.002992431265427, 0.2010378026288, -0.002992431265427, 0.7868222373652, 0.7872330426225, -0.7876120389628, -0.7877669573739, -0.0003858423972855, -0.0002463930729554, 0.7871338330455, 0.7872536047807, 0, -0.7879729406145, -0.7877463909266, -5.551115123126e-17, 5.551115123126e-17, -0, -0, 0.002785270857933, 0.3940704398222, 0.3912540874033, 0.3940293446606, 0, 0.3912371667873, 0.3941115349839
2.2, 0.2054982452852, 0.09241053418355, -0.1977893867599, 0.09245092936994, 0.02040313853766, 0.0003264132156383, -0.01517094997377, -0.002677431427401, 0, 0, -1000, 0, 1000, 7508.632852441, 3137.520930486, 7519.962477711, 3145.923439322, 53.23966055037, 34.41116390572, 35.05550342868, 56.79274212353, -240.91198445, 2.31887674324, 242.676694569, 2.140004972637, 5395.146151353, 4004.076659902, 5402.777643244, 3958.365343967, 3, 1.768380483421, 39.15015472968, -1.365023855158, -40.0995421408, -1.593768960561, 0.3925517135675, -1.47050130969, 0.6219359925437, 0, 0, 0.2094743979523, -0, -0, -0, -0, -0, 0.2094744365621, 0.00502956023885, 0, 0, 0, 0, 0, -0.003312569379714, 0.005029593852764, -0.04530342841278, -0.003312547241056, 0.05295935940451, -0.003312547241056, 12.31454170671, 12.31820307459, 12.31448644278, 12.31819544051, 30.40117727089, -0.2050302002719, 0.1984178701033, 0, 1, 49.90203571212, 50, 49.90208928226, -3.586705807289e-05, 0, 0, 0, 0, 0, 0, 0, 0, 30.4026334011, 27.45268613089, 30.40252751187, 27.45260231462, 30.40117727089, 27.45264422397, 30.40263452738, 27.4526861321, 0, 30.40252873945, 27.45260231583, -0.003728774693852, 0, -0.2085947005816, -0.003049091134249, 0.1944968164688, -0.003049091134249, 0.7868024976097, 0.7872125706946, -0.7876329291092, -0.7877874297075, -0.0004093171212471, -0.0002646464477875, 0.7871118566826, 0.787235351121, 0, -0.7879945537339, -0.7877646440165, -0, 5.551115123126e-17, -0, -0, 0.002779558240599, 0.394069280214, 0.3912525746047, 0.394023751015, 0, 0.391237327606, 0.3941148094131
2.225, 0.2050634270004, 0.09662201998804, -0.1981914755709, 0.09666616229688, 0.02204133731445, 0.0002418736544128, -0.004218027834626, 0.002583708424032, 0, 0, -554.4387235441, 0, 630.8024618773, 7509.65597727, 3138.450023296, 7519.98713367, 3144.692250153, 53.89174299702, 33.97782548647, 33.45056823178, 56.00809153822, -240.7067030053, 1.302483712281, 242.9117362729, 1.131717897355, 5396.416981858, 3992.206147632, 5402.134976723, 3967.330108101, 3, 1.864489205662, 41.47514824797, -1.475233093303, -41.59665305166, -1.583609053397, 0.416781136158, -1.470745137511, 0.5905088267704, 0, 0, 0.2097088955925, -0, -0, -0, -0, -0, 0.2097089115082, 0.0045153365009, 0, 0, 0, 0, 0, -0.00180269603823, 0.004515366745719, -0.04564001188759, -0.001802683963414, 0.05239990369411, -0.001802683963414, 12.45494953478, 12.45868539899, 12.45489445921, 12.45867660884, 30.7477284154, -0.2038753262358, 0.19954718276, 0, 1, 49.90546257541, 50, 49.90549572365, -0.0001240291966175, 0, 0, 0, 0, 0, 0, 0, 0, 30.74918595019, 27.79924112336, 30.74908053942, 27.79915173921, 30.7477284154, 27.79919643199, 30.74918707873, 27.79924112406, 0, 30.74908176088, 27.79915173992, -0.00376383530641, 0, -0.2074734666951, -0.003251640801739, 0.1955929084255, -0.003251640801739, 0.7867772168904, 0.7872054928658, -0.7876593782978, -0.7877945053774, -0.0004354483530701, -0.0002821076534492, 0.7870888723629, 0.7872178906886, 0, -0.7880171839161, -0.7877821059955, -0, -0, -0, -0, 0.002773981497126, 0.394072174849, 0.3912500412465, 0.3940473979173, 0, 0.3912386113301, 0.3940969517808
2.25, 0.2073007154719, 0.1143611771839, -0.1959153822564, 0.1144224798542, 0.02579108205621, 4.246800141887e-05, 0.03006590643652, 0.003838684423861, 0, 0, 771.4348938143, 0, -656.3733004324, 7510.782464066, 3139.229718025, 7519.873983644, 3143.483562305, 53.15802800492, 32.85810651563, 33.40653436183, 56.1768605097, -241.0218085642, -0.2739113877679, 242.6434916412, -0.4590552148383, 5397.139152098, 3982.830976527, 5401.925157805, 3975.037842415, 3, 1.868040890513, 48.88833058821, -1.505757522182, -48.53788793834, -1.572300388691, 0.4365139219695, -1.472417742104, 0.5612824074311, 0, 0, 0.2099367682377, -0, -0, -0, -0, -0, 0.209936771821, 0.003972758519976, 0, 0, 0, 0, 0, -0.0005647463367443, 0.003972785188338, -0.04585018110985, -0.0005647425457362, 0.05196950178172, -0.0005647425457362, 12.59536713593, 12.59917506582, 12.59531051697, 12.59916724854, 31.09430317718, -0.204893081552, 0.1985048391454, 0, 1, 49.90881271793, 50, 49.90883016034, -0.0002159402915076, 0, 0, 0, 0, 0, 0, 0, 0, 31.09576357385, 28.14581929452, 31.09565564282, 28.14572505439, 31.09430317718, 28.14577217469, 31.0957647133, 28.14581929476, 0, 31.09565684762, 28.14572505462, -0.003793474097405, 0, -0.2085199205662, -0.003428293424826, 0.1945222888143, -0.003428293424826, 0.7867528904409, 0.7871960455309, -0.7876848663366, -0.7878039517261, -0.0004616032579804, -0.0003000688627876, 0.7870659798939, 0.7871999296892, 0, -0.7880397334164, -0.7878000674148, 5.551115123126e-17, -0, -0, -0, 0.00276865994179, 0.3940738358186, 0.391248601515, 0.3940660737328, 0, 0.3912390319727, 0.3940815979043
2.275, 0.2043660323001, -0.04220130487083, -0.1988357544424, -0.0421929814227, -0.0126921362778, -0.0004715983762944, 0.02085916437948, -0.001882045964118, 0, 0, 1000, 0, -1000, 7511.74074417, 3141.382897474, 7519.865619352, 3140.916192946, 39.22277394688, 51.87059692053, 47.07687272345, 38.4940069907, -242.5162425683, -3.692003842314, 241.2436244382, -3.925044548341, 5396.778057045, 3954.799592807, 5402.656444586, 4002.587093337, 3, -0.594046340843, -19.33316646379, 0.9616518806554, 17.57796756817, -1.562755082634, 0.4911133047376, -1.472978977532, 0.4974726234946, 0, 0, 0.2101298593631, -0, -0, -0, -0, -0, 0.2101298582445, 0.003694273044117, 0, 0, 0, 0, 0, 0.003463024731709, 0.003694297888699, -0.04614685685878, 0.003463001442466, 0.05146492089347, 0.003463001442466, 12.73579152174, 12.73967410052, 12.73573758866, 12.73966548855, 31.44090138508, -0.2010831987785, 0.2022913815441, 0, 1, 49.91209792547, 50, 49.9121639879, 6.329805982164e-05, 0, 0, 0, 0, 0, 0, 0, 0, 31.44236083455, 28.49242333643, 31.44225752406, 28.49231887134, 31.44090138508, 28.4923711023, 31.44236196048, 28.49242333485, 0, 31.44225874031, 28.49231886976, -0.003806066664836, 0, -0.2047213656476, -0.003800259726744, 0.1982979412854, -0.003800259726744, 0.7867297039117, 0.7872103478233, -0.7877091545206, -0.787789651589, -0.0004843673532298, -0.0003134700407116, 0.787044819879, 0.7871865267887, 0, -0.7880605747476, -0.7878134668701, -0, -5.551115123126e-17, -0, -0, 0.002763805112516, 0.3940743153299, 0.3912493192012, 0.3941219124419, 0, 0.3912375783367, 0.3940267182179
2.3, 0.200551627242, -0.08753099119617, -0.2025888695297, -0.08749524570765, -0.02303121100282, -0.0006495988277746, 0.01658220502707, -0.0008507292064902, 0, 0, 1000, 0, -1000, 7512.390147549, 3142.298247174, 7520.084628612, 3139.479881135, 36.7484514174, 56.55884271463, 48.78704896318, 32.88988697836, -242.8275072974, -5.003250417081, 240.9221189111, -5.352547228983, 5396.661066785, 3941.093157505, 5403.038128882, 4017.681431144, 3, -1.315845980515, -37.36328893946, 1.603245437802, 37.99513292334, -1.556443550767, 0.5158262676374, -1.471143875773, 0.4615732727162, 0, 0, 0.2102957920476, -0, -0, -0, -0, -0, 0.210295807343, 0.00357706036203, 0, 0, 0, 0, 0, 0.005550135184794, 0.003577084456347, -0.04635232509934, 0.005550097800512, 0.05107705585815, 0.005550097800512, 12.87622479708, 12.88018199675, 12.87617350948, 12.88017192655, 31.7875225867, -0.1974603594751, 0.2058914503078, 0, 1, 49.91534251569, 50, 49.91534393552, -0.0002892603580857, 0, 0, 0, 0, 0, 0, 0, 0, 31.78898096386, 28.83904794556, 31.78888215177, 28.83893782416, 31.7875225867, 28.83899288219, 31.78898207491, 28.83904794289, 0, 31.78888338065, 28.8389378215, -0.00382776373314, 0, -0.2011193138151, -0.00400602613204, 0.201877613736, -0.00400602613204, 0.786707783809, 0.7872090494089, -0.7877320283451, -0.7877909541307, -0.0005055041106526, -0.0003291252129456, 0.7870243030845, 0.7871708691675, 0, -0.7880807993427, -0.7878291195934, -5.551115123126e-17, -0, -0, -0, 0.002759473376065, 0.3940729318278, 0.3912495511169, 0.3941492149685, 0, 0.3912368203797, 0.3939966486871
2.325, 0.1971355972137, -0.09581774567359, -0.2059757819084, -0.09577521207214, -0.02438254317627, -0.0002656852537589, 0.01448469629297, -0.0004224741433176, 0, 0, 1000, 0, -971.0345727828, 7512.8238941, 3140.013847257, 7520.419502148, 3141.382300045, 32.87430715447, 55.14125418122, 52.3210122165, 32.99734104364, -242.7711259997, -1.508585418384, 240.89630384, -1.677265240583, 5397.721413961, 3968.690505918, 5402.179040539, 3990.994638861, 3, -1.220262600918, -40.98045702448, 1.480786657037, 40.71111426868, -1.552376620098, 0.4599689969416, -1.468094694122, 0.5089488443359, 0, 0, 0.2104335362509, -0, -0, -0, -0, -0, 0.2104335322304, 0.003397573134563, 0, 0, 0, 0, 0, 0.001616317336578, 0.003397596049882, -0.04638840686893, 0.001616306435216, 0.05087802698361, 0.001616306435216, 13.016668731, 13.02069807314, 13.01661641997, 13.02068732156, 32.13416648472, -0.1986840557517, 0.2046484224957, 0, 1, 49.918549102, 50, 49.91857123134, -0.000123283655592, 0, 0, 0, 0, 0, 0, 0, 0, 32.13562727149, 29.18568876873, 32.13552560324, 29.185585814, 32.13416648472, 29.18563729064, 32.13562839046, 29.185688768, 0, 32.13552681947, 29.18558581327, -0.003881924252297, 0, -0.2023969371278, -0.003745315440348, 0.2005810263824, -0.003745315440348, 0.7866862074676, 0.7871572462232, -0.7877544632758, -0.7878427510386, -0.0005278771671594, -0.0003538691279333, 0.7870029713942, 0.7871461288762, 0, -0.7881018767862, -0.7878538671321, 5.551115123126e-17, -0, -0, -0, 0.002755719222554, 0.3940720265914, 0.3912474386728, 0.3940942418633, 0, 0.3912385329196, 0.3940498113196
2.35, 0.1968159802961, -0.1080833716839, -0.2062654233411, -0.1080291212218, -0.02751887217294, 0.0001495626341227, -0.03723282498473, -0.003816534923236, 0, 0, -1000, 0, 1000, 7513.115228495, 3137.161556501, 7520.797455578, 3143.912338845, 36.91351280141, 54.5879856472, 48.16376038317, 33.88321225355, -242.4127292531, 2.034009447093, 241.3034816464, 1.853056244289, 5397.94505375, 4002.518899626, 5402.113904657, 3957.494336102, 3, -1.20046679847, -46.56371792873, 1.432185526111, 45.81210873356, -1.549784492259, 0.3889997297514, -1.464591732854, 0.5726097514004, 0, 0, 0.2105603705752, -0, -0, -0, -0, -0, 0.210560401014, 0.003414626046836, 0, 0, 0, 0, 0, -0.003262802607692, 0.003414649104941, -0.04644196075223, -0.003262780574955, 0.05067957998419, -0.003262780574955, 13.15712040719, 13.1612220566, 13.15706910088, 13.16121193964, 32.48083266176, -0.196825163391, 0.2064927594494, 0, 1, 49.92172322194, 50, 49.92175783671, 2.459654843498e-05, 0, 0, 0, 0, 0, 0, 0, 0, 32.48229387864, 29.5323506334, 32.48219314198, 29.53225704911, 32.48083266176, 29.53230384259, 32.48229498899, 29.53235063474, 0, 32.4821943642, 29.53225705044, -0.003950782559751, 0, -0.2006065926491, -0.003404435033757, 0.2023571359248, -0.003404435033757, 0.7866653895195, 0.7870987000522, -0.7877760548679, -0.7879012997212, -0.0005481419002988, -0.0003788589235464, 0.7869825188133, 0.7871211384094, 0, -0.788122113388, -0.7878788562565, -5.551115123126e-17, -0, -0, -0, 0.00275251776166, 0.3940716993255, 0.3912469928791, 0.3940268541427, 0, 0.3912386638732, 0.3941165445082
2.375, 0.1977343939375, -0.06030090565727, -0.2053195024189, -0.06028389886105, -0.01644212576104, 0.0001188971439358, -0.03263422870459, -0.001435875705274, 0, 0, -1000, 0, 1000, 7513.341007285, 3136.653422302, 7521.148303516, 3144.234108753, 39.52798382722, 49.33012645409, 45.37329782342, 39.05358722963, -242.7022970751, 2.048380956225, 241.0159192231, 1.860090697679, 5396.605127657, 4005.620942758, 5403.557026369, 3952.995945981, 3, -0.6876721527425, -26.71511846668, 0.8904297786867, 25.52643066139, -1.54787542708, 0.3757179531781, -1.461375600578, 0.5812341698315, 0, 0, 0.2106843478943, -0, -0, -0, -0, -0, 0.2106843877155, 0.003660516412421, 0, 0, 0, 0, 0, -0.003813584509666, 0.003660541160079, -0.04610517078155, -0.003813558727326, 0.05089680514609, -0.003813558727326, 13.29758208425, 13.30175437619, 13.2975291904, 13.3017453233, 32.82752082958, -0.1981039947352, 0.2052007089714, 0, 1, 49.92487393283, 50, 49.92491989651, 0.0001678988952271, 0, 0, 0, 0, 0, 0, 0, 0, 32.82898441997, 29.87903909979, 32.82888068337, 29.8789460616, 32.82752082958, 29.87899258225, 32.82898552956, 29.87903910134, 0, 32.82888190269, 29.87894606315, -0.003996701897417, 0, -0.2019324907658, -0.003384568817135, 0.2010182512731, -0.003384568817135, 0.7866481180349, 0.78707652916, -0.7877939607064, -0.7879234715807, -0.0005659421217972, -0.000397242038069, 0.7869629496785, 0.7871027548436, 0, -0.7881414999931, -0.7878972389197, -0, -0, 5.551115123126e-17, -0, 0.002749856166858, 0.3940730898754, 0.3912496639111, 0.3940206745401, 0, 0.3912357878151, 0.3941255052107
2.4, 0.2065607485271, 0.09615101653347, -0.1964452433538, 0.09619402588729, 0.02166786419342, 4.830073346075e-05, -0.01022313809755, 0.001286571605198, 0, 0, -791.4067127851, 0, 846.2761200606, 7513.356128889, 3137.25157856, 7521.619253735, 3143.147249806, 52.31154315257, 32.70233515301, 32.05151122997, 54.5178190866, -241.8762216619, 0.650851031672, 241.7282248404, 0.4911998048194, 5395.428288704, 3992.869295169, 5404.78460111, 3966.240866374, 3, 1.355523109839, 40.57828826093, -1.21061327992, -40.76263907703, -1.548157695941, 0.3918836984117, -1.456861946065, 0.55476331077, 0, 0, 0.2108169223267, -0, -0, -0, -0, -0, 0.2108169382987, 0.003993820927973, 0, 0, 0, 0, 0, -0.001929686855431, 0.003993847962995, -0.04539707714047, -0.001929673793057, 0.05151323331898, -0.001929673793057, 13.43805463954, 13.442295601, 13.43799568742, 13.44228678171, 33.17423072745, -0.2039922983692, 0.1992997379229, 0, 1, 49.92800470015, 50, 49.92802397298, 7.457382548304e-05, 0, 0, 0, 0, 0, 0, 0, 0, 33.17569996797, 30.22575163625, 33.17558679027, 30.22565414477, 33.17423072745, 30.22570289133, 33.17570109257, 30.22575163707, 0, 33.17558798792, 30.22565414559, -0.004027697121244, 0, -0.2078543287911, -0.003546571425667, 0.1950838616255, -0.003546571425667, 0.7866331006515, 0.7870742394534, -0.7878094503532, -0.7879257584225, -0.0005834595393292, -0.0004124874500079, 0.7869430987834, 0.7870875105947, 0, -0.7881611967303, -0.7879124854947, -0, 5.551115123126e-17, 5.551115123126e-17, -0, 0.00274769381987, 0.3940725992172, 0.3912520120721, 0.3940460768778, 0, 0.3912333386863, 0.3940991215566
2.425, 0.2055466506459, 0.0946441252028, -0.1974324356256, 0.09468622045308, 0.02207686011859, 0.0001404596788846, -0.006851071782174, 0.0023657806824, 0, 0, -655.3920567006, 0, 725.5012212904, 7513.386065797, 3137.360731549, 7521.981663982, 3142.800262783, 52.37137609007, 32.64298661219, 31.72874591969, 54.36452270594, -241.368963508, 1.026809991968, 242.2089286596, 0.861164055536, 5396.347612727, 3988.898975249, 5403.85608674, 3968.817327571, 3, 1.47452013577, 40.5070948433, -1.366610277547, -40.57600680335, -1.548296348088, 0.3957108999771, -1.453485611664, 0.5453903460768, 0, 0, 0.2109289782983, -0, -0, -0, -0, -0, 0.2109289893684, 0.003988188869596, 0, 0, 0, 0, 0, -0.001455260171107, 0.0039882158952, -0.04538956658806, -0.001455250309733, 0.05144590575868, -0.001455250309733, 13.57853294192, 13.58284598101, 13.5784736087, 13.58283579587, 33.52096248258, -0.2038294299834, 0.1994545234639, 0, 1, 49.93110724731, 50, 49.93112150226, 8.548537519722e-05, 0, 0, 0, 0, 0, 0, 0, 0, 33.52243278269, 30.57248480749, 33.52231904326, 30.57238538452, 33.52096248258, 30.57243509664, 33.52243390638, 30.57248480812, 0, 33.52232024011, 30.57238538515, -0.004057802465379, 0, -0.207721505004, -0.003616835745816, 0.1952086913966, -0.003616835745816, 0.7866107400742, 0.7870574741295, -0.787832206024, -0.7879425232404, -0.0006059283605754, -0.0004325155059551, 0.7869206854715, 0.787067482671, 0, -0.7881834943285, -0.7879325136829, -0, 5.551115123126e-17, -0, -0, 0.002746087328516, 0.3940739876191, 0.3912501807905, 0.394053985978, 0, 0.3912351887289, 0.3940939892602
2.45, 0.2074095409386, 0.1202882336167, -0.1955449577256, 0.1203561393121, 0.02792116373878, -8.457499278806e-05, 0.03818513577183, -0.004359980536844, 0, 0, 1000, 0, -1000, 7513.849515834, 3138.804328945, 7521.825443777, 3140.963654284, 48.67527580782, 31.38039740514, 35.19029943753, 55.44072497315, -241.3989987218, -1.091716714029, 242.2317415254, -1.26574380905, 5397.74282046, 3971.538152767, 5402.429326977, 3986.439809951, 3, 1.731839987827, 51.54822174858, -1.662074098648, -51.33262814472, -1.543871325892, 0.4325223441346, -1.455539889012, 0.5001339491325, 0, 0, 0.211028290319, -0, -0, -0, -0, -0, 0.2110282866117, 0.003538725605612, 0, 0, 0, 0, 0, 0.001079880927652, 0.003538749608055, -0.04549221510636, 0.001079873603093, 0.05128450447209, 0.001079873603093, 13.71902116186, 13.72340399381, 13.71895863576, 13.72339400635, 33.86771585532, -0.2073057852687, 0.195973764403, 0, 1, 49.93418281477, 50, 49.93418732573, 5.066587601863e-05, 0, 0, 0, 0, 0, 0, 0, 0, 33.86918944629, 30.91924183945, 33.86907049755, 30.91913543327, 33.86771585532, 30.91918863586, 33.86919059139, 30.91924183894, 0, 33.86907166935, 30.91913543277, -0.004063664201459, 0, -0.211203291355, -0.003870872736357, 0.191722552017, -0.003870872736357, 0.7865848875398, 0.7870551951413, -0.7878583763936, -0.787944801544, -0.0006339301656336, -0.0004522304467531, 0.7868955316028, 0.7870477676162, 0, -0.7882085652171, -0.7879522285097, 5.551115123126e-17, -0, -5.551115123126e-17, -0, 0.00274493606503, 0.3940737270588, 0.3912474009372, 0.3940885693468, 0, 0.3912380318667, 0.3940588847707
2.475, 0.2061802225872, 0.02909411198532, -0.1968002682197, 0.02909812289867, 0.005347390365832, -0.0002602649857143, 0.02886832402293, -0.004527724764962, 0, 0, 1000, 0, -1000, 7514.413579712, 3139.665148839, 7521.490717572, 3140.111605069, 40.22306110028, 42.74457855429, 43.8447082447, 45.89660380698, -241.9684718476, -2.205414864511, 241.6728098333, -2.392931944571, 5398.090472655, 3962.396695997, 5402.041305723, 3993.439649504, 3, 0.4110514244868, 10.30062520142, -0.2920020422383, -14.35109561326, -1.538399569908, 0.4536011820851, -1.45947993791, 0.478282805259, 0, 0, 0.2110912932389, -0, -0, -0, -0, -0, 0.2110912904188, 0.00314718382339, 0, 0, 0, 0, 0, 0.002249595004093, 0.003147205182834, -0.04584482784641, 0.002249579736547, 0.05089204179222, 0.002249579736547, 13.85951576463, 13.86397053928, 13.85945413964, 13.86396023987, 34.21449087746, -0.2057098283596, 0.1975668953375, 0, 1, 49.93722642788, 50, 49.93733702831, 0.0006700329596866, 0, 0, 0, 0, 0, 0, 0, 0, 34.21596417322, 31.26601920949, 34.21584668272, 31.26590873809, 34.21449087746, 31.26596397271, 34.21596531857, 31.26601920841, 0, 34.21584785512, 31.26590873701, -0.004082301071077, 0, -0.2096246133643, -0.00401875862288, 0.1932984461331, -0.00401875862288, 0.7865576786215, 0.7870419710052, -0.787885805376, -0.7879580263345, -0.0006612193422245, -0.0004735000968652, 0.7868707299813, 0.787026497359, 0, -0.7882333149801, -0.7879734975527, -0, -0, 5.551115123126e-17, -0, 0.002744212105573, 0.3940758599099, 0.391246706484, 0.3941067791863, 0, 0.3912388072066, 0.3940449406335
2.5, 0.2072184068371, 0.03608805164578, -0.1957305050202, 0.03609404628831, 0.006093120835346, -0.0003517815933988, 0.02930642282811, -0.001936966175497, 0, 0, 1000, 0, -1000, 7514.644503936, 3139.257528139, 7521.439486939, 3140.234180499, 39.99645208638, 41.58867887638, 43.43927578954, 45.80894209978, -242.4609893904, -2.575733330082, 241.1930051126, -2.770434678547, 5397.038873258, 3966.197475605, 5403.08326565, 3990.288778242, 3, 0.2516125309499, 13.95628186202, -0.1917012441316, -15.60364289561, -1.536394858113, 0.4429384251495, -1.46043474342, 0.4826678083576, 0, 0, 0.2111496719311, -0, -0, -0, -0, -0, 0.2111496684085, 0.003190667110569, 0, 0, 0, 0, 0, 0.001745828542188, 0.003190688777107, -0.04576707745335, 0.001745816687049, 0.05094590029712, 0.001745816687049, 14.00001949515, 14.00454425804, 13.99995710851, 14.00453540274, 34.56128703565, -0.2059330257299, 0.1973415602166, 0, 1, 49.94024280308, 50, 49.94028994498, 0.0002954712899694, 0, 0, 0, 0, 0, 0, 0, 0, 34.56276153232, 31.61281540571, 34.56264243899, 31.61270494779, 34.56128703565, 31.61276017591, 34.5627626772, 31.61281540487, 0, 34.56264361097, 31.61270494695, -0.004127458152978, 0, -0.2098932097992, -0.004018268273095, 0.1930277029255, -0.004018268273095, 0.7865356546948, 0.7870174239243, -0.7879079551338, -0.7879825729335, -0.0006833910829252, -0.000494582074588, 0.7868481768041, 0.7870054156232, 0, -0.7882558306634, -0.7879945797724, -0, -0, -0, -0, 0.002743698316501, 0.3940752127116, 0.3912488017273, 0.394099208033, 0, 0.3912367312632, 0.3940512173903
2.525, 0.20155095415, -0.08245979190077, -0.2013649905855, -0.08242772604598, -0.02293248339438, -0.0008083529132012, 0.01697871534537, 5.397451981742e-05, 0, 0, 1000, 0, -1000, 7514.552177681, 3141.184505744, 7521.676943902, 3137.974718267, 35.78146108235, 55.30271564623, 46.84880359356, 31.93425393057, -243.3016984773, -5.916619021282, 240.3463753115, -6.376034951242, 5395.59556333, 3938.27691639, 5404.558616412, 4019.75215753, 3, -1.679800016971, -35.34788959212, 1.675666047848, 36.79504480182, -1.53776556815, 0.4916358304854, -1.458340482451, 0.4269372060928, 0, 0, 0.2111957064006, -0, -0, -0, -0, -0, 0.2111957258049, 0.003551325933984, 0, 0, 0, 0, 0, 0.005904280211448, 0.003551350060127, -0.04598590533171, 0.005904240100636, 0.05071811926814, 0.005904240100636, 14.14052769901, 14.14512701751, 14.14047194885, 14.14511752126, 34.90810415528, -0.197208800877, 0.2060629675934, 0, 1, 49.94322536925, 50, 49.94319221913, -0.0001820008799433, 0, 0, 0, 0, 0, 0, 0, 0, 34.90957316799, 31.9596372173, 34.90946566401, 31.9595173562, 34.90810415528, 31.95957728366, 34.90957427066, 31.95963721421, 0, 34.90946688333, 31.95951735311, -0.004150285086035, 0, -0.201190909041, -0.004360339786924, 0.2017271433977, -0.004360339786924, 0.7865131297184, 0.787032227598, -0.7879305131086, -0.7879677762036, -0.0007021519387584, -0.0005083829760808, 0.78682714858, 0.7869916105623, 0, -0.7882768304915, -0.7880083765144, -0, -0, -0, -0, 0.002743305922209, 0.3940736741289, 0.3912516756493, 0.394154824767, 0, 0.3912337936985, 0.3939925234907
2.55, 0.1961191984168, -0.1218092090865, -0.2068058856653, -0.1217404284593, -0.03120564882764, -1.732225889351e-05, -0.03807781349963, -0.004084503661524, 0, 0, -1000, 0, 1000, 7513.894527052, 3136.723458116, 7522.467348092, 3142.279439507, 33.32199433343, 54.66546495768, 48.9139857845, 30.50973828327, -242.904812911, 0.9908430945306, 240.724639881, 0.8077941827085, 5395.832984383, 3989.36957488, 5404.41134657, 3968.965762199, 3, -1.712580069345, -51.64041791889, 1.72091360333, 52.39981586279, -1.545079661216, 0.3810777909546, -1.45044922358, 0.5338475246771, 0, 0, 0.2112325970604, -0, -0, -0, -0, -0, 0.2112326085403, 0.004077225633195, 0, 0, 0, 0, 0, -0.001478606585903, 0.004077253341747, -0.04567881351752, -0.001478596537459, 0.05101044411973, -0.001478596537459, 14.28104725307, 14.28571801671, 14.28099148189, 14.28570674565, 35.25494193252, -0.1969668925345, 0.2063045643031, 0, 1, 49.9461670231, 50, 49.94615225988, -7.338304001379e-05, 0, 0, 0, 0, 0, 0, 0, 0, 35.25641212501, 32.30646741109, 35.25630276137, 32.30636277471, 35.25494193252, 32.30641509357, 35.25641321958, 32.30646741176, 0, 35.25630398853, 32.30636277538, -0.004256544871507, 0, -0.2010563603914, -0.003806490753481, 0.2018613736982, -0.003806490753481, 0.7864937546454, 0.7869519158686, -0.7879499678208, -0.7880480811801, -0.0007203073184202, -0.0005379130494376, 0.7868056761291, 0.7869620849504, 0, -0.7882982815365, -0.7880379110493, 5.551115123126e-17, -0, -0, -0, 0.002742928607252, 0.394073371047, 0.3912512043766, 0.3940530485244, 0, 0.3912340852926, 0.3940936935696
2.575, 0.1979155637769, -0.005091177249966, -0.2050317010389, -0.005091078035007, -0.002770574248508, 0.0003018866162269, -0.02621329697422, -0.002199091267518, 0, 0, -1000, 0, 1000, 7513.64427977, 3135.245911736, 7522.859307409, 3143.669324512, 43.6950149263, 41.84357103462, 38.36907150778, 44.39041985019, -241.8567023056, 2.954075335078, 241.8525289752, 2.753788204552, 5396.77797624, 4006.36361744, 5403.622337949, 3951.338605189, 3, 0.1483859765173, -2.877141915182, -0.09017153049981, 1.266860001645, -1.54812147822, 0.3438562909009, -1.446737741703, 0.5687519919205, 0, 0, 0.2112768421009, -0, -0, -0, -0, -0, 0.2112768876651, 0.004191368203194, 0, 0, 0, 0, 0, -0.003987506986815, 0.004191396699385, -0.0454912860578, -0.003987479876804, 0.05118066034707, -0.003987479876804, 14.42157593831, 14.4263154637, 14.42151760584, 14.42630483195, 35.60179989773, -0.1991835365822, 0.2040873506581, 0, 1, 49.94906447898, 50, 49.94911230583, 0.0002986505428093, 0, 0, 0, 0, 0, 0, 0, 0, 35.60327271953, 32.65332336709, 35.6031586974, 32.65322292073, 35.60179989773, 32.65327314566, 35.60327382198, 32.65332336884, 0, 35.60315991473, 32.65322292248, -0.004323278521665, 0, -0.2033404095513, -0.003654064891473, 0.199576745072, -0.003654064891473, 0.7864707908243, 0.7869096226819, -0.7879730261331, -0.7880903779293, -0.0007438553596141, -0.000562952180503, 0.7867814302235, 0.7869370443109, 0, -0.7883225035858, -0.7880629486719, -0, -0, -0, -0, 0.002742439569676, 0.394074000816, 0.3912493229421, 0.394019195027, 0, 0.3912356559858, 0.3941288066049
2.6, 0.2018338968262, 0.08442295192305, -0.2010888160187, 0.0844567089892, 0.01916634530841, 0.0005722943808501, -0.01682861824107, 0.0001892695997245, 0, 0, -1000, 0, 1000, 7513.716197187, 3133.820091873, 7522.95605142, 3144.841343505, 46.15671154102, 30.93425276835, 35.02990464551, 54.32892820746, -241.4051136478, 5.123653518734, 242.3321267991, 4.772462646336, 5397.104323754, 4022.809033106, 5403.498333326, 3934.75844939, 3, 1.564939368112, 37.16104040072, -1.548265593304, -35.53349396323, -1.547765050744, 0.308777802782, -1.446099472103, 0.5984022199275, 0, 0, 0.2113456927224, -0, -0, -0, -0, -0, 0.2113457866134, 0.004152121961206, 0, 0, 0, 0, 0, -0.006380776742488, 0.004152150208972, -0.04513624578339, -0.006380733332968, 0.0515208359653, -0.006380733332968, 14.56211402177, 14.56692072854, 14.56204973518, 14.56690992975, 35.94867757944, -0.205570514987, 0.1976971515522, 0, 1, 49.95192172583, 50, 49.95188927321, -0.0001607569706342, 0, 0, 0, 0, 0, 0, 0, 0, 35.95015622943, 33.00019941408, 35.95003149365, 33.00010260867, 35.94867757944, 33.00015101407, 35.95015735799, 33.00019941677, 0, 35.95003267942, 33.00010261137, -0.004388038695778, 0, -0.2097934473283, -0.003521613490262, 0.1931204264366, -0.003521613490262, 0.7864476537774, 0.7868672040994, -0.7879962256227, -0.7881328026923, -0.0007695682616672, -0.000588913307163, 0.7867558681305, 0.786911080322, 0, -0.7883480262576, -0.7880889069363, -0, -0, -0, 5.551115123126e-17, 0.00274174248049, 0.3940741335299, 0.3912486747651, 0.3939864337459, 0, 0.391235900925, 0.394161833314
2.625, 0.2033063925824, 0.08740464099338, -0.1996232265325, 0.08744058332857, 0.01905511998533, 0.0005331014051028, -0.01676089399701, -0.0006796440910833, 0, 0, -1000, 0, 1000, 7513.821642697, 3133.475584297, 7523.049621534, 3144.995946805, 46.31648281042, 30.63000788099, 34.35103065702, 54.24593552059, -241.577273711, 4.903178334021, 242.1949852917, 4.569048936374, 5396.818362318, 4025.526904897, 5403.995257149, 3931.119021027, 3, 1.487897440769, 37.69152041196, -1.449136688199, -36.83678981997, -1.547057392021, 0.299646539839, -1.445502890932, 0.6033694663163, 0, 0, 0.2114206823583, -0, -0, -0, -0, -0, 0.2114207879282, 0.004204152919155, 0, 0, 0, 0, 0, -0.006841472331291, 0.004204181541199, -0.04505814078763, -0.00684142575454, 0.05157221880721, -0.00684142575454, 14.70265723085, 14.70753265304, 14.70259188398, 14.70752292877, 36.29557485661, -0.2058286439824, 0.1974357114821, 0, 1, 49.95473265437, 50, 49.95471977868, -6.821760705999e-05, 0, 0, 0, 0, 0, 0, 0, 0, 36.29705505535, 33.34709722521, 36.29692824886, 33.3469999461, 36.29557485661, 33.34704858856, 36.29705618366, 33.34709722812, 0, 36.29692943384, 33.34699994901, -0.004448010033085, 0, -0.2101117793915, -0.003538845880857, 0.1927987573103, -0.003538845880857, 0.7864230371344, 0.7868411672572, -0.7880209772123, -0.7881588409665, -0.0007943317534142, -0.0006117821634808, 0.7867307185867, 0.7868882107205, 0, -0.7883731278212, -0.7881117750474, -0, 5.551115123126e-17, -0, -0, 0.002740882253823, 0.3940750510493, 0.391249244829, 0.3939810192932, 0, 0.3912349107217, 0.3941690828055
2.65, 0.2026113825294, 0.08715436896067, -0.2003160492494, 0.08718995129739, 0.01856441798736, 0.0004155540827645, -0.0168104582268, 0.0001091831148644, 0, 0, -1000, 0, 1000, 7513.684029354, 3133.551625854, 7523.406408119, 3144.895119807, 45.56035811396, 30.19297744393, 34.54246858151, 53.67991809499, -242.0566707078, 4.230159207987, 241.7633522715, 3.937336981566, 5395.632027887, 4021.417476944, 5405.385897021, 3933.626987661, 3, 1.37181864959, 37.74512199466, -1.333074112281, -36.12338793265, -1.548901583751, 0.3005656391779, -1.442145142962, 0.6014722698789, 0, 0, 0.2114798116321, -0, -0, -0, -0, -0, 0.2114799088935, 0.004581271538239, 0, 0, 0, 0, 0, -0.006361928489793, 0.004581302745171, -0.04477377255769, -0.00636188515355, 0.05182286352105, -0.00636188515355, 14.84320758517, 14.84815213214, 14.84314178894, 14.84814264206, 36.64249164684, -0.2054263452501, 0.1978349756434, 0, 1, 49.95749159269, 50, 49.95745700662, -0.0002429947483039, 0, 0, 0, 0, 0, 0, 0, 0, 36.64397285474, 33.69401534664, 36.64384483925, 33.6939159329, 36.64249164684, 33.69396564253, 36.64397397416, 33.6940153494, 0, 36.64384603203, 33.69391593567, -0.004515704914356, 0, -0.2097781756427, -0.003616499914797, 0.193129352859, -0.003616499914797, 0.7864011533688, 0.7868242160416, -0.7880430368551, -0.78817579053, -0.0008156586886337, -0.0006320306116129, 0.7867068948541, 0.7868679629651, 0, -0.7883968964285, -0.7881320241883, -0, -0, -0, -0, 0.002739923674452, 0.3940766465104, 0.3912516095665, 0.3939892057845, 0, 0.3912321389796, 0.3941640872362
2.675, 0.2072551475416, 0.104923424373, -0.1956704730412, 0.1049747773055, 0.02240385693086, -0.0001246202429025, 0.01408831684529, 0.01678981414458, 0, 0, 255.7706562904, 0, 37.46770828507, 7513.644117407, 3136.940425138, 7523.684969024, 3141.509664563, 52.22335742093, 30.68796419493, 27.33567899174, 52.11811678435, -241.8955849947, -0.9871815972434, 241.8161514164, -1.179627191659, 5394.833931391, 3977.028354921, 5406.386179774, 3977.30332999, 3, 1.254836386257, 44.88889717991, -1.19657861983, -43.71616735159, -1.549725393174, 0.3845287646347, -1.439602762749, 0.5171123525046, 0, 0, 0.2115180816295, -0, -0, -0, -0, -0, 0.2115180815001, 0.004841631140392, 0, 0, 0, 0, 0, 1.992666580386e-05, 0.004841664132792, -0.04465289560849, 1.992653001821e-05, 0.05190801643874, 1.992653001821e-05, 14.98376471232, 14.98877857095, 14.98369956544, 14.98876941794, 36.98942767516, -0.2026137213017, 0.2006435061415, 0, 1, 49.96020149613, 50, 49.96017562133, -0.0002502282998776, 0, 0, 0, 0, 0, 0, 0, 0, 36.99090780033, 34.04095898678, 36.99078247686, 34.04084478348, 36.98942767516, 34.04090188512, 36.9909089019, 34.04095898677, 0, 36.9907836888, 34.04084478347, -0.004540300753689, 0, -0.2069905446105, -0.004154518733469, 0.195912959155, -0.004154518733469, 0.7863770186184, 0.7868548823007, -0.7880673531132, -0.7881451135589, -0.0008389451834416, -0.0006452526827473, 0.7866819359784, 0.786854745247, 0, -0.7884217922683, -0.7881452506125, -0, -0, -0, -0, 0.002738864169108, 0.3940773588795, 0.3912532000438, 0.3940776327591, 0, 0.391230145859, 0.394077085
2.7, 0.2054290015042, -0.0218005162147, -0.1975182317381, -0.0217983545512, -0.008751634139061, -0.0004895769082772, 0.02330537909236, -0.001400703686085, 0, 0, 1000, 0, -1000, 7513.522076396, 3138.833942769, 7524.075359998, 3139.213974678, 37.30968219769, 46.23312527352, 41.96144990911, 37.69587164331, -242.7366923257, -3.714137217025, 241.1789919165, -3.947549161748, 5395.434214766, 3951.385841379, 5406.035052666, 4005.800517575, 3, -0.6085152681085, -10.19479034359, 0.7113592790066, 9.158311782284, -1.551390351443, 0.4326448841223, -1.435859912169, 0.4608716409558, 0, 0, 0.2115666909116, -0, -0, -0, -0, -0, 0.2115666852582, 0.004969781176587, 0, 0, 0, 0, 0, 0.003943277733045, 0.004969815057809, -0.04453983608324, 0.003943250850141, 0.05196808203455, 0.003943250850141, 15.1243296587, 15.12941256092, 15.12426381517, 15.12940214106, 37.33638227163, -0.2024932660506, 0.2007587135198, 0, 1, 49.9628624167, 50, 49.96289397723, 6.868480382177e-05, 0, 0, 0, 0, 0, 0, 0, 0, 37.33786335251, 34.38791840768, 37.33773679446, 34.38779427233, 37.33638227163, 34.38785633787, 37.33786445088, 34.38791840554, 0, 37.33773800826, 34.38779427019, -0.004583416684916, 0, -0.2069135843522, -0.004515829531399, 0.1959847865733, -0.004515829531399, 0.7863511709249, 0.7868634372605, -0.7880934901578, -0.7881365615776, -0.0008647694865535, -0.0006636834347518, 0.7866553153172, 0.7868363122543, 0, -0.7884483400866, -0.7881636791238, 5.551115123126e-17, 5.551115123126e-17, -0, -0, 0.002737578562076, 0.3940745146455, 0.3912520048615, 0.39412871253, 0, 0.3912308449433, 0.3940203167609
2.725, 0.1960385134302, -0.1058086019172, -0.2069090862283, -0.1057571930608, -0.02847849317569, -7.662836315348e-05, -0.01686671256234, 0.01422196869707, 0, 0, -92.01650210505, 0, 347.3755003125, 7513.342260692, 3136.311445637, 7524.557472046, 3141.507938778, 26.80627378882, 51.73052123429, 51.62019485092, 29.87688521688, -242.7967462992, 0.2272561065958, 241.0032029483, 0.04270574152337, 5396.755338458, 3980.937060933, 5405.050299803, 3976.666998362, 3, -1.373021079848, -44.45666179823, 1.464059055164, 45.60919616997, -1.553659852511, 0.3704410895432, -1.431148047363, 0.5181351979893, 0, 0, 0.2116368208917, -0, -0, -0, -0, -0, 0.211636823219, 0.005061794977151, 0, 0, 0, 0, 0, -0.0003094393633372, 0.005061829508554, -0.0446634039601, -0.0003094372523662, 0.05179836203596, -0.0003094372523662, 15.26490041797, 15.27005335485, 15.26483611133, 15.27004121519, 37.68335489658, -0.2004964674897, 0.2027495837353, 0, 1, 49.96547201826, 50, 49.96545448452, -0.0001654555013104, 0, 0, 0, 0, 0, 0, 0, 0, 37.68483614765, 34.73488771976, 37.68471022068, 34.73477067719, 37.68335489658, 34.73482919864, 37.68483723899, 34.73488771992, 0, 37.68471144216, 34.73477067735, -0.004688780911091, 0, -0.2050216261695, -0.004257806461888, 0.1978708707239, -0.004257806461888, 0.7863226704175, 0.7868042668605, -0.7881222140366, -0.7881957288136, -0.000891897500224, -0.0006936027010273, 0.786627656589, 0.786806395113, 0, -0.7884759068121, -0.7881936005151, -0, -5.551115123126e-17, -0, -0, 0.002736024427195, 0.3940740995368, 0.391249372485, 0.3940698464864, 0, 0.391232807651, 0.3940783525872
2.75, 0.1958694402692, -0.08730816742041, -0.2070860927422, -0.08727344950352, -0.02319618367485, 0.0002672450926216, -0.03487451713783, -0.00181706138066, 0, 0, -1000, 0, 1000, 7513.689981917, 3134.92555473, 7524.566325171, 3142.591801962, 34.63564584664, 48.92729666077, 43.34354992852, 33.31472217872, -241.8951015044, 2.481998226175, 242.1142386722, 2.299179649079, 5398.049434066, 3997.530091731, 5404.131399531, 3958.932557391, 3, -0.808195843849, -37.06422522401, 0.9409977728763, 36.59414979417, -1.550391414291, 0.3369434537539, -1.431391927571, 0.5453192964634, 0, 0, 0.2117568015581, -0, -0, -0, -0, -0, 0.2117568311745, 0.004781025100535, 0, 0, 0, 0, 0, -0.002797054220284, 0.004781057753526, -0.04501646286542, -0.002797035117353, 0.05137458003196, -0.002797035117353, 15.40547806978, 15.41070017568, 15.40541500746, 15.41068705389, 38.03034487774, -0.1976675957584, 0.2055715704986, 0, 1, 49.96802684324, 50, 49.96805568822, 0.0001443929464616, 0, 0, 0, 0, 0, 0, 0, 0, 38.03182604558, 35.08187665521, 38.03170194131, 35.08176249995, 38.03034487774, 35.08181957897, 38.03182713079, 35.08187665661, 0, 38.0317031696, 35.08176250134, -0.004769541299143, 0, -0.2022720995717, -0.004152771417538, 0.2006135750092, -0.004152771417538, 0.7862905761729, 0.7867582121851, -0.7881546842954, -0.7882417855546, -0.0009234216548909, -0.0007225489279445, 0.7865979712505, 0.7867774480652, 0, -0.7885054849602, -0.7882225459211, -0, -0, -0, 5.551115123126e-17, 0.002734141761458, 0.3940752359357, 0.3912467927193, 0.3940367921764, 0, 0.3912346407342, 0.3941136796949
2.775, 0.2037348887891, 0.09467035312571, -0.1992080937693, 0.09471278334333, 0.02087365911518, 0.0004449132163235, -0.01529575674135, -0.002349800150656, 0, 0, -1000, 0, 1000, 7514.257883761, 3133.958443972, 7524.386623554, 3143.223358437, 46.65264869798, 29.08758753309, 30.5910419749, 52.51871623149, -241.0328308632, 3.361666925608, 242.9762536013, 3.138989519994, 5398.47386838, 4009.152142403, 5404.048963593, 3945.624187549, 3, 1.738654795387, 40.47168286171, -1.597020119458, -40.82762453644, -1.544778951131, 0.3133034458922, -1.433595669586, 0.5620001098391, 0, 0, 0.2118966774814, -0, -0, -0, -0, -0, 0.2118967356531, 0.004440756629133, 0, 0, 0, 0, 0, -0.004603691366137, 0.004440786998272, -0.04478546209959, -0.004603659882929, 0.05153668974514, -0.004603659882929, 15.54606656327, 15.55135228042, 15.54599630667, 15.55134021751, 38.3773521875, -0.2049225284404, 0.1983064304681, 0, 1, 49.9705302695, 50, 49.97055638388, 0.0001228546427382, 0, 0, 0, 0, 0, 0, 0, 0, 38.37884049839, 35.42888386926, 38.37870404764, 35.42877112489, 38.3773521875, 35.42882749934, 38.37884161714, 35.42888387152, 0, 38.37870523473, 35.42877112716, -0.004842248273881, 0, -0.2096005357255, -0.004101445145221, 0.1932749537355, -0.004101445145221, 0.7862622623191, 0.7867177392187, -0.788183343658, -0.78828226183, -0.0009553050134056, -0.0007505976107399, 0.7865680792059, 0.7867493978296, 0, -0.7885352515577, -0.788250593051, -5.551115123126e-17, 5.551115123126e-17, -5.551115123126e-17, 5.551115123126e-17, 0.002732100594452, 0.394076914734, 0.391245948469, 0.3940136398787, 0, 0.3912348039551, 0.3941401895892
2.8, 0.2054078552357, -0.03156965099993, -0.19756247763, -0.03156507692041, -0.01053651672809, -0.0003985045292861, 0.02217080203148, -0.004312963386892, 0, 0, 1000, 0, -1000, 7515.140962304, 3138.632798842, 7523.90649474, 3138.470879183, 35.52690536088, 46.82444066361, 41.62640077303, 36.10363683216, -242.2787088391, -3.407480903511, 241.8118370061, -3.633961273893, 5398.235390526, 3951.86217575, 5404.543717703, 4000.039646169, 3, -0.4750244182886, -15.7227168835, 0.6823967785158, 11.80400022346, -1.535893329367, 0.4298301714333, -1.438978815669, 0.4433145469804, 0, 0, 0.2120121837156, -0, -0, -0, -0, -0, 0.2120121813243, 0.003981650986446, 0, 0, 0, 0, 0, 0.00349128516683, 0.00398167824558, -0.04515706005403, 0.003491261264997, 0.05107812339949, 0.003491261264997, 15.68665741468, 15.69201147799, 15.68658830107, 15.6919986384, 38.72437693627, -0.2023404825629, 0.2008817030973, 0, 1, 49.97297152384, 50, 49.97308504986, 0.0005850567075429, 0, 0, 0, 0, 0, 0, 0, 0, 38.72586455175, 35.77591890809, 38.72573108919, 35.77578669708, 38.72437693627, 35.77585280057, 38.72586566585, 35.77591890608, 0, 38.72573228144, 35.77578669507, -0.004835932575961, 0, -0.2070106940953, -0.004809608054203, 0.1958581528875, -0.004809608054203, 0.7862299634747, 0.7867576556042, -0.7882161157921, -0.7882423417706, -0.0009879173103228, -0.0007663559419875, 0.7865383182375, 0.7867336398215, 0, -0.7885648915327, -0.7882663517054, -0, -0, -5.551115123126e-17, -0, 0.002730097291126, 0.3940797783302, 0.3912464215327, 0.3941277638585, 0, 0.3912338211935, 0.394031792802
2.825, 0.1965824627306, -0.1050737143589, -0.2063452836749, -0.1050226842474, -0.02765190690568, -7.10620243454e-05, -0.01811344313723, 0.01306363621339, 0, 0, -146.9072892869, 0, 385.6580613002, 7515.31279838, 3136.058652959, 7524.138302522, 3140.616209766, 25.55463927212, 50.60540109637, 50.39557320246, 28.86992210878, -242.8559652223, 0.2501765807086, 241.1241450642, 0.06552509137351, 5398.402283303, 3981.574729193, 5404.600467121, 3971.442887464, 3, -1.318549338509, -44.39684191148, 1.441667541006, 45.37324739558, -1.534439186992, 0.3670260976619, -1.436876936202, 0.4972543623831, 0, 0, 0.2121155260634, -0, -0, -0, -0, -0, 0.2121155309247, 0.004001822857442, 0, 0, 0, 0, 0, -0.0007342259506252, 0.004001850281391, -0.04528362199806, -0.0007342209191086, 0.05088004865553, -0.0007342209191086, 15.82725443193, 15.83267703161, 15.82718691618, 15.83266273352, 39.07141865407, -0.2005516239501, 0.2026601616625, 0, 1, 49.97536576189, 50, 49.97535092276, -0.0002079554616281, 0, 0, 0, 0, 0, 0, 0, 0, 39.07290661256, 36.12295721865, 39.07277389953, 36.12283236551, 39.07141865407, 36.12289479248, 39.07290772059, 36.12295721905, 0, 39.07277509741, 36.12283236591, -0.004923660938301, 0, -0.2053090029321, -0.004541941812153, 0.1975495379168, -0.004541941812153, 0.7862015321456, 0.7866981414773, -0.788244904556, -0.7883018537033, -0.001015293125747, -0.0007968061633484, 0.7865107509061, 0.7867031912977, 0, -0.7885923276515, -0.7882968036244, -5.551115123126e-17, -0, -0, -0, 0.002728099586776, 0.3940786676801, 0.391246088395, 0.3940685762043, 0, 0.3912337093503, 0.394088759156
2.85, 0.1965659912936, -0.05344037050732, -0.2063608984937, -0.05342728733416, -0.01447892810941, 0.0002476421235312, -0.03162115198333, -0.0008632743419103, 0, 0, -1000, 0, 1000, 7515.576580062, 3134.315139184, 7524.275703178, 3141.907386916, 35.83590884933, 44.21227001549, 39.67778104912, 35.88616899784, -242.2245140576, 2.547525886194, 241.9630072809, 2.365756756487, 5398.848012348, 4002.04585119, 5404.40212591, 3952.940893823, 3, -0.4302805675408, -23.05181255183, 0.5785765280845, 22.36811813894, -1.532005298459, 0.3247182509551, -1.435753645469, 0.5301970899557, 0, 0, 0.2122076508371, -0, -0, -0, -0, -0, 0.2122076879887, 0.003914226019036, 0, 0, 0, 0, 0, -0.003558497570333, 0.003914252866001, -0.04547143615556, -0.003558473163404, 0.05060669624966, -0.003558473163404, 15.96785785198, 15.97334768476, 15.96779157401, 15.97333333758, 39.41847691632, -0.1979698722263, 0.2052340052661, 0, 1, 49.97770039624, 50, 49.97772781981, 2.655741460532e-05, 0, 0, 0, 0, 0, 0, 0, 0, 39.41996456395, 36.47001328326, 39.41983375873, 36.46989289513, 39.41847691632, 36.46995309107, 39.41996566294, 36.47001328513, 0, 39.4198349653, 36.469892897, -0.00499069318037, 0, -0.2027934988448, -0.00437951220033, 0.2000572986077, -0.00437951220033, 0.7861721325768, 0.7866497823619, -0.7882747628558, -0.7883502160746, -0.001043956600707, -0.0008257419056384, 0.7864826331679, 0.786674254275, 0, -0.7886203197222, -0.7883257380863, -5.551115123126e-17, -0, -0, -0, 0.002726077339012, 0.3940767056692, 0.3912451994731, 0.3940277963492, 0, 0.3912341061052, 0.3941256149892
2.875, 0.2048826235816, 0.09876884670269, -0.198025747408, 0.09881451657577, 0.02223912218891, 0.000214696873304, -0.01296536854292, 0.0003576603852241, 0, 0, -909.3949603187, 0, 954.1005970047, 7515.95195516, 3134.498048843, 7524.304947401, 3141.442181676, 46.71184946412, 28.008879375, 28.00554587379, 50.85054442254, -241.622206469, 1.699829325291, 242.5107328453, 1.532100463462, 5398.714539547, 3998.960811665, 5404.835941189, 3956.452619482, 3, 1.582246126998, 41.95275740437, -1.43726265018, -42.14604899818, -1.5283889163, 0.329702939398, -1.435760074865, 0.5191105390788, 0, 0, 0.2122994928148, -0, -0, -0, -0, -0, 0.2122995224607, 0.003807804062832, 0, 0, 0, 0, 0, -0.003080448648401, 0.00380783020248, -0.04512445345858, -0.00308042750201, 0.05088028726869, -0.00308042750201, 16.10847094766, 16.11402348413, 16.10839861179, 16.11401019446, 39.76555118674, -0.2039440811347, 0.1992488197769, 0, 1, 49.97998195916, 50, 49.97999856906, -2.708289845255e-05, 0, 0, 0, 0, 0, 0, 0, 0, 39.76704438709, 36.81708911676, 39.76690376669, 36.81696627409, 39.76555118674, 36.81702769708, 39.76704551006, 36.81708911841, 0, 39.76690494324, 36.81696627574, -0.005031447748682, 0, -0.2088097174388, -0.004468804219645, 0.1940302231801, -0.004468804219645, 0.7861461103095, 0.7866282360926, -0.7883011535951, -0.7883717613931, -0.001072848323503, -0.0008505756898825, 0.7864542416315, 0.7866494207767, 0, -0.7886485779763, -0.7883505721564, -0, -5.551115123126e-17, -0, -0, 0.002723975938194, 0.3940762808735, 0.3912454672283, 0.3940339420368, 0, 0.3912332402772, 0.3941186197103
2.9, 0.2071171666556, 0.1170123895882, -0.1957788480545, 0.117076365863, 0.02679423954721, -0.0001395406489235, 0.03771582596803, -0.00352343535184, 0, 0, 1000, 0, -1000, 7516.450556667, 3136.710846486, 7524.225313296, 3139.091787291, 45.66479896409, 27.39378440503, 28.40379988348, 50.77127651506, -241.9426490228, -1.336810225409, 242.2463549002, -1.51413462491, 5398.639064017, 3970.876913296, 5405.236815718, 3983.310146495, 3, 1.661310327282, 50.11611982202, -1.520386258582, -49.49196152665, -1.523489190114, 0.385369849554, -1.436911348356, 0.4600872608444, 0, 0, 0.2123984823399, -0, -0, -0, -0, -0, 0.212398478922, 0.003618260717468, 0, 0, 0, 0, 0, 0.0009010013062707, 0.003618285579116, -0.04509374884332, 0.0009009951153896, 0.05082388241034, 0.0009009951153896, 16.24908778361, 16.25470558802, 16.24901359768, 16.25469161084, 40.11264099918, -0.2054378764794, 0.1977466059064, 0, 1, 49.98220392634, 50, 49.98220136717, -0.0001285172946795, 0, 0, 0, 0, 0, 0, 0, 0, 40.11413621851, 37.16418426949, 40.11399294072, 37.16405159893, 40.11264099918, 37.16411793369, 40.11413734879, 37.16418426897, 0, 40.11399410681, 37.16405159841, -0.005040434222413, 0, -0.2103125472026, -0.004826325550883, 0.1925191343369, -0.004826325550883, 0.786117407203, 0.7866343568879, -0.7883303184878, -0.788365637719, -0.001102853533951, -0.0008718374148278, 0.786425328948, 0.7866281596939, 0, -0.788677357044, -0.7883718345236, 5.551115123126e-17, 5.551115123126e-17, -0, 5.551115123126e-17, 0.002721780497199, 0.3940775028798, 0.391245617743, 0.3940898865782, 0, 0.3912324420645, 0.3940651191814
2.925, 0.2019308592255, -0.08481464063523, -0.200955237075, -0.08478106441931, -0.0230013638854, -0.00058044795396, 0.01664718866807, 0.0001425758589723, 0, 0, 1000, 0, -1000, 7516.887567408, 3138.840569152, 7524.220095753, 3136.773256732, 31.4342971061, 50.83405763667, 41.96520553592, 27.63450534438, -242.9316175217, -4.513444401227, 241.351485447, -4.861146310991, 5399.20604394, 3943.983570856, 5404.975906909, 4009.249119147, 3, -1.441967563213, -35.8937802808, 1.5717519447, 37.44710748237, -1.519218835888, 0.4387556107251, -1.437273575357, 0.4024689420369, 0, 0, 0.2125018576382, -0, -0, -0, -0, -0, 0.2125018663559, 0.003409931925217, 0, 0, 0, 0, 0, 0.004729610036637, 0.003409955378217, -0.04564861896963, 0.004729577507311, 0.05018137186128, 0.004729577507311, 16.38970648572, 16.39539287129, 16.38963812209, 16.39537859162, 40.45974600554, -0.1977748053538, 0.2053996561028, 0, 1, 49.98436956036, 50, 49.98434267297, -0.0002823212859339, 0, 0, 0, 0, 0, 0, 0, 0, 40.46123683127, 37.51129443706, 40.46110377754, 37.51115227226, 40.45974600554, 37.51122335172, 40.4612379338, 37.51129443412, 0, 40.46110497462, 37.51115226932, -0.005048563940071, 0, -0.2026554159637, -0.005171709780605, 0.2001663997975, -0.005171709780605, 0.786084468999, 0.7866384326443, -0.788363715888, -0.7883615663055, -0.001133391293901, -0.0008940967062047, 0.7863961789129, 0.7866058974027, 0, -0.7887063675164, -0.7883940908151, -5.551115123126e-17, -0, -0, -0, 0.002719524642757, 0.3940784521534, 0.3912444853009, 0.3941434576794, 0, 0.39123296567, 0.3940134466274
2.95, 0.1979938867144, -0.1007922495038, -0.2049010766484, -0.1007450960799, -0.02634507003574, -0.0001856122042631, -0.006235725154539, -0.00106352395995, 0, 0, 202.7288191285, 0, -175.1928099322, 7516.93722778, 3136.127255074, 7524.613825393, 3139.174017152, 25.60740878294, 49.52220830826, 47.1859221991, 27.55322885884, -243.179132725, -0.6224853186008, 241.0322780005, -0.7919230817952, 5399.355531159, 3975.194111656, 5405.105879433, 3978.290996916, 3, -1.35656129556, -43.3638120027, 1.51632008702, 43.02779306021, -1.519018609272, 0.3717869036375, -1.43345650122, 0.4627976026119, 0, 0, 0.21260588415, -0, -0, -0, -0, -0, 0.2126058831148, 0.003534227399182, 0, 0, 0, 0, 0, 0.0002244225341643, 0.003534251730873, -0.04543468926836, 0.0002244209891189, 0.05030775499697, 0.0002244209891189, 16.53033450294, 16.53608566369, 16.53026445265, 16.53607035873, 40.80686586759, -0.1999670191747, 0.20319609238, 0, 1, 49.98648361008, 50, 49.9865040343, -1.802544208711e-05, 0, 0, 0, 0, 0, 0, 0, 0, 40.80835973548, 37.85841046527, 40.80822205877, 37.85827684351, 40.80686586759, 37.85834365426, 40.80836084513, 37.85841046514, 0, 40.80822324519, 37.85827684338, -0.005124962824523, 0, -0.2049247556331, -0.004860928795421, 0.1978858635753, -0.004860928795421, 0.7860577670335, 0.7865753350672, -0.7883908699444, -0.7884246592767, -0.001160648939324, -0.0009262056637982, 0.7863680158568, 0.7865737914961, 0, -0.7887343843701, -0.7884262028237, -0, -5.551115123126e-17, -0, -0, 0.002717240799113, 0.3940782020801, 0.3912441886788, 0.3940812866271, 0, 0.391232706004, 0.394075117533
2.975, 0.195915805501, -0.1142033142499, -0.2069651283044, -0.1141429329054, -0.02899866887403, -2.154044287008e-05, -0.02980788859711, 0.001559129671018, 0, 0, -661.7027604616, 0, 740.9420265986, 7517.154132023, 3135.399722783, 7524.834527791, 3139.729371029, 26.06729888325, 49.69559727925, 46.09444762136, 26.61064860258, -242.9058165841, 0.6256937279014, 241.3595964893, 0.4485822577023, 5399.697272291, 3982.833029057, 5405.038223493, 3970.1420179, 3, -1.384762723291, -48.508714624, 1.534504159285, 48.86868165824, -1.517051746098, 0.3544215793036, -1.431436866333, 0.4762369660712, 0, 0, 0.2126978639527, -0, -0, -0, -0, -0, 0.2126978696473, 0.003510411347596, 0, 0, 0, 0, 0, -0.000919681764885, 0.003510435536238, -0.04551137514429, -0.0009196754278209, 0.05013969390926, -0.0009196754278209, 16.67096668442, 16.67678350899, 16.67089740172, 16.67676706827, 41.15400031395, -0.1984610137818, 0.2046930739857, 0, 1, 49.98853566072, 50, 49.98853757713, -0.0001383933095945, 0, 0, 0, 0, 0, 0, 0, 0, 41.15549434184, 38.20554457324, 41.15535762805, 38.20541227539, 41.15400031395, 38.20547842485, 41.15549544543, 38.20554457377, 0, 41.15535881918, 38.20541227592, -0.005170698641457, 0, -0.2034641193653, -0.0048127674229, 0.1993376640041, -0.0048127674229, 0.7860281398785, 0.7865388417037, -0.7884209785259, -0.7884611529428, -0.001189863698845, -0.0009548301186317, 0.7863389118353, 0.7865451670017, 0, -0.7887633454749, -0.788454827239, 5.551115123126e-17, -0, -0, -0, 0.002714977340736, 0.3940787100618, 0.3912435075042, 0.3940660696125, 0, 0.3912328417826, 0.3940913505112
3, 0.2006175065343, 0.07465405495724, -0.2022593118026, 0.07468029932786, 0.0171265250307, 0.0004491497056339, -0.01769815113032, -0.001234517896886, 0, 0, -1000, 0, 1000, 7517.29470102, 3132.725035201, 7525.131070719, 3142.218122009, 40.70886149409, 28.35861617126, 30.96830505634, 48.86601887316, -241.958535572, 4.159654189, 242.4263728634, 3.87244563908, 5399.88870821, 4014.886149884, 5405.130656542, 3937.84290115, 3, 1.431921265111, 31.73485005657, -1.263790038647, -32.290882945, -1.515871095725, 0.2876921644458, -1.428620204256, 0.5387636669257, 0, 0, 0.2127876875736, -0, -0, -0, -0, -0, 0.2127877587913, 0.003547702662234, 0, 0, 0, 0, 0, -0.005583106837157, 0.003547727128486, -0.04511689595935, -0.005583068334255, 0.05044255082406, -0.005583068334255, 16.81160715917, 16.81748504921, 16.81153253305, 16.81746978085, 41.5011488469, -0.2041485930939, 0.198995610824, 0, 1, 49.99052880092, 50, 49.99055428388, -3.45290520461e-06, 0, 0, 0, 0, 0, 0, 0, 0, 41.50264834349, 38.55268896001, 41.50250195642, 38.55256550311, 41.5011488469, 38.55262723457, 41.50264946849, 38.55268896302, 0, 41.50250312005, 38.55256550612, -0.005242572141473, 0, -0.2092250059946, -0.004491148538866, 0.1935670856924, -0.004491148538866, 0.786001553737, 0.7864737954851, -0.7884480466273, -0.7885262071537, -0.001218751528021, -0.000987805628513, 0.7863096316029, 0.7865121882135, 0, -0.7887924815189, -0.7884877994705, 5.551115123126e-17, -0, -0, 5.551115123126e-17, 0.002712698695702, 0.3940789532575, 0.3912431282883, 0.3940022169544, 0, 0.3912326558379, 0.3941556895607
3.025, 0.205598312699, 0.09886893814077, -0.1972583708944, 0.09891464319694, 0.02274284371815, 0.0001002449512166, -0.00011625420761, 0.001253181374256, 0, 0, -402.9902223403, 0, 459.4871286953, 7517.759548029, 3134.878222273, 7525.112507639, 3139.785039911, 45.96625830971, 26.68220569138, 24.89991475483, 48.60260312054, -241.7430250957, 0.651118297632, 242.5804074714, 0.4842777340695, 5399.633395116, 3986.961131759, 5405.682456865, 3965.956935381, 3, 1.555139630202, 42.09442631131, -1.393962374343, -42.16164508584, -1.51129650064, 0.3422271000091, -1.429109205751, 0.4782331175505, 0, 0, 0.2128876628698, -0, -0, -0, -0, -0, 0.21288767339, 0.003424054823322, 0, 0, 0, 0, 0, -0.001522114856759, 0.003424078459048, -0.04514850211508, -0.001522104349905, 0.05032346086044, -0.001522104349905, 16.95225027977, 16.95819180725, 16.95217513565, 16.95817663509, 41.84831093462, -0.2033861932396, 0.1997463518954, 0, 1, 49.99247118891, 50, 49.99248532082, -5.795124514133e-05, 0, 0, 0, 0, 0, 0, 0, 0, 41.84981096177, 38.89985634199, 41.84966491695, 38.8997231222, 41.84831093462, 38.89978973298, 41.84981208348, 38.89985634287, 0, 41.84966608231, 38.89972312309, -0.005247777129025, 0, -0.2084676114175, -0.004846305733752, 0.1943129823938, -0.004846305733752, 0.7859713024875, 0.7864792756433, -0.7884787473878, -0.7885207192783, -0.001249485809326, -0.001010252826456, 0.7862795965895, 0.7864897440786, 0, -0.7888223681216, -0.7885102497315, 5.551115123126e-17, -0, -0, -0, 0.00271036359561, 0.3940787667263, 0.3912436367099, 0.394057846212, 0, 0.3912315573496, 0.3940996872407
3.05, 0.2051261712421, -0.002290114477879, -0.1977429245023, -0.002290090117511, -0.002643221562471, -0.0004018356334972, 0.02534037278252, -0.002426683626201, 0, 0, 1000, 0, -1000, 7518.231879253, 3137.459815601, 7525.083727751, 3137.149857384, 32.44247481446, 40.32525380507, 38.1414100724, 36.06918628324, -242.8737086783, -3.039106238117, 241.589415866, -3.246293703766, 5399.801135145, 3954.842167637, 5405.813416717, 3996.311771249, 3, -0.1921538237442, -2.28367874109, 0.389272290225, 0.3555556560335, -1.506629726725, 0.4063171941869, -1.429698566544, 0.4125049689237, 0, 0, 0.212983029349, -0, -0, -0, -0, -0, 0.2129830284045, 0.003230196499274, 0, 0, 0, 0, 0, 0.003005185200789, 0.003230218816807, -0.04521661724586, 0.003005164438011, 0.05015700770567, 0.003005164438011, 17.09289821987, 17.09890315754, 17.09282270589, 17.09888793748, 42.19548632476, -0.2033822841769, 0.1997416798881, 0, 1, 49.99434935981, 50, 49.99441128136, 0.0002211008151712, 0, 0, 0, 0, 0, 0, 0, 0, 42.19698717932, 39.24703754573, 42.19684081212, 39.24689353979, 42.19548632476, 39.24696554087, 42.19698830269, 39.24703754384, 0, 42.19684197361, 39.2468935379, -0.005245524442786, 0, -0.2084611231099, -0.005238687288134, 0.1943110986838, -0.005238687288134, 0.7859401143592, 0.7864874134431, -0.7885104635103, -0.7885125821399, -0.001281363595019, -0.001033253877311, 0.786248873318, 0.7864667417478, 0, -0.7888529474338, -0.7885332495024, 5.551115123126e-17, -0, -0, -0, 0.002708030224857, 0.3940805234232, 0.3912433021997, 0.3941218278092, 0, 0.3912312974701, 0.3940392190372
3.075, 0.2004495010531, -0.08898263290455, -0.2023908206037, -0.08894556961058, -0.02419241414734, -0.0005699298021651, 0.01594933501235, -0.00150571536524, 0, 0, 1000, 0, -1000, 7518.35405176, 3137.847817438, 7525.411340937, 3136.454676661, 27.93199839381, 49.38731751563, 41.7048434369, 26.02293128106, -243.314292751, -4.141751037051, 241.1475574493, -4.460491575505, 5399.684627475, 3947.533085658, 5406.208931103, 4003.95496331, 3, -1.509194775274, -38.54932685659, 1.668753828619, 38.63153438819, -1.505622665237, 0.4162188119288, -1.426538661681, 0.3961899777315, 0, 0, 0.2130846702216, -0, -0, -0, -0, -0, 0.2130846743813, 0.003360313497395, 0, 0, 0, 0, 0, 0.00408873434847, 0.003360336736075, -0.04541475881522, 0.004088706072497, 0.04987165695264, 0.004088706072497, 17.2335486148, 17.23961882729, 17.23347732504, 17.23960366951, 42.5426745367, -0.1978068208511, 0.2053050119607, 0, 1, 49.99617717565, 50, 49.99618628034, -0.0001029625473086, 0, 0, 0, 0, 0, 0, 0, 0, 42.54417264168, 39.5942277699, 42.54403319556, 39.59408053704, 42.5426745367, 39.59415415084, 42.54417374, 39.59422776727, 0, 42.5440343833, 39.59408053442, -0.005282581323473, 0, -0.2029218621191, -0.005356076965042, 0.1998383865519, -0.005356076965042, 0.7859093235638, 0.7864687406933, -0.7885416978657, -0.7885312564352, -0.001309963988363, -0.001059379978303, 0.7862194358118, 0.7864406145757, 0, -0.7888822325484, -0.7885593745323, -0, 5.551115123126e-17, -0, -5.551115123126e-17, 0.002705671976898, 0.3940801901829, 0.3912435332166, 0.394136387272, 0, 0.391230511294, 0.3940239930937
3.1, 0.1973286070805, -0.1024766454275, -0.2055068214321, -0.1024278022689, -0.02720768105361, -0.0001607997541129, -0.01865069661302, 0.002233654293233, 0, 0, -253.8053754487, 0, 330.2241287522, 7518.129628059, 3134.924483214, 7526.08092623, 3139.208411213, 22.54711983367, 47.51428147057, 46.40206534706, 26.00636321032, -243.562207946, -0.08982487307791, 240.8174273657, -0.2690906832509, 5399.185614732, 3980.107937132, 5406.970427113, 3971.187208759, 3, -1.46639419188, -44.05790736695, 1.625031925982, 44.10107592626, -1.508262792802, 0.3433576771815, -1.419801557616, 0.4652470448101, 0, 0, 0.2131702184584, -0, -0, -0, -0, -0, 0.2131702224648, 0.003786318636516, 0, 0, 0, 0, 0, -0.0006464600310007, 0.003786344842319, -0.044948098138, -0.0006464555567636, 0.05024533167843, -0.0006464555567636, 17.37420681231, 17.3803390126, 17.37413335171, 17.38032329373, 42.88987540075, -0.2002580624805, 0.2028434560806, 0, 1, 49.9979472763, 50, 49.99795610103, -0.0001194097742988, 0, 0, 0, 0, 0, 0, 0, 0, 42.89137679361, 39.94142433105, 42.89123197826, 39.94128649911, 42.88987540075, 39.94135541547, 42.89137789426, 39.94142433144, 0, 42.89123315961, 39.9412864995, -0.005371225542339, 0, -0.2054634332065, -0.005014087951018, 0.1972867069691, -0.005014087951018, 0.7858837327938, 0.7864031490172, -0.7885677757798, -0.7885968450521, -0.001335887065346, -0.001092401696017, 0.7861906592063, 0.7864075952384, 0, -0.7889108607181, -0.7885923986304, -0, -0, -0, -0, 0.00270336477724, 0.3940803832957, 0.3912445297784, 0.3940714981081, 0, 0.391228992141, 0.3940892684834
3.125, 0.1963237919351, -0.09619010755667, -0.2064995611708, -0.09614722761495, -0.02546560401574, 0.0001107094513323, -0.03607170130434, -0.002062263929556, 0, 0, -1000, 0, 1000, 7517.991430091, 3133.43226857, 7526.659305807, 3140.490560916, 29.48191413404, 45.73865684267, 38.92682111741, 27.71318822768, -243.0149332168, 1.853842109517, 241.5376547725, 1.674576695783, 5399.306963909, 3995.786445157, 5407.121967703, 3955.81094945, 3, -1.240516574702, -41.24208108295, 1.400645983196, 41.21531497266, -1.509984273005, 0.3062210377578, -1.414000059694, 0.4978407400021, 0, 0, 0.2132533515475, -0, -0, -0, -0, -0, 0.2132533797534, 0.004071778513642, 0, 0, 0, 0, 0, -0.002896911466308, 0.00407180671715, -0.04491394594408, -0.002896891400747, 0.05018281940337, -0.002896891400747, 17.51486732858, 17.5210629124, 17.51479592322, 17.52104723649, 43.23708837939, -0.1966278193052, 0.2064646619132, 0, 1, 49.99965626257, 50, 49.99966709345, -0.0001084759212062, 0, 0, 0, 0, 0, 0, 0, 0, 43.2385886881, 40.28863554643, 43.23844720689, 40.28850160267, 43.23708837939, 40.28856857624, 43.23858976885, 40.28863554812, 0, 43.23844840801, 40.28850160437, -0.005441091959848, 0, -0.2019030936194, -0.004872642390554, 0.2008382333658, -0.004872642390554, 0.785853965262, 0.7863571177087, -0.7885980579849, -0.7886428786088, -0.001364072568243, -0.001122955645701, 0.7861606583458, 0.7863770405, 0, -0.7889407157391, -0.7886229517914, -0, -0, -0, -0, 0.002701055621886, 0.3940800817726, 0.3912442882299, 0.3940402655419, 0, 0.3912286906415, 0.3941198980033
3.15, 0.1977622517566, -0.00036447407909, -0.2050611728397, -0.0003644743780969, -0.002355391970858, 0.000216250142063, -0.02586874299291, -0.001527002769741, 0, 0, -1000, 0, 1000, 7517.869977021, 3132.583022022, 7527.221193139, 3141.15675649, 34.83418304972, 35.1194529052, 33.06402055886, 38.36076758683, -242.7498642446, 2.581962094086, 241.8558328325, 2.393726745279, 5399.166737577, 4003.384509641, 5407.554726728, 3948.18644299, 3, 0.1652516163881, -0.8808220368616, 0.01512603213521, -0.2318158500709, -1.511529206419, 0.2849887919349, -1.408368162056, 0.5150312910975, 0, 0, 0.213338430308, -0, -0, -0, -0, -0, 0.213338477062, 0.004365977443714, 0, 0, 0, 0, 0, -0.004000048282843, 0.004366007709149, -0.04447467997137, -0.004000020554248, 0.05052762931854, -0.004000020554248, 17.65553479869, 17.66179047211, 17.65546007287, 17.66177532819, 43.58431301921, -0.1998201076911, 0.2032623095236, 0, 1, 50.00131022831, 50, 50.00134975025, 6.748967496172e-05, 0, 0, 0, 0, 0, 0, 0, 0, 43.58581701211, 40.63585986342, 43.58566936317, 40.63572718329, 43.58431301921, 40.63579352567, 43.58581809959, 40.63585986573, 0, 43.58567055283, 40.63572718561, -0.00551105625398, 0, -0.2051669375112, -0.004826673729984, 0.1975645379177, -0.004826673729984, 0.7858262478259, 0.786320206512, -0.7886262736844, -0.7886797917377, -0.001392792772722, -0.001152280489957, 0.7861299415556, 0.7863477147966, 0, -0.7889712851734, -0.7886522757766, -0, 5.551115123126e-17, -5.551115123126e-17, -0, 0.002698723458899, 0.3940801076526, 0.391244569905, 0.3940251294987, 0, 0.3912278265029, 0.3941350858065
3.175, 0.1970488853631, 0.009104585185208, -0.2057807404101, 0.009105027779012, 0.0009466287168931, 0.0002841361808712, -0.02438238105244, -0.003178932778162, 0, 0, -1000, 0, 1000, 7517.993734759, 3132.959019032, 7527.53819268, 3140.833661955, 36.50431055469, 33.94452243406, 30.96375178337, 39.73434797379, -242.2801824662, 2.7572746377, 242.3402968243, 2.553823534932, 5399.662383432, 3997.269413754, 5407.355857523, 3952.072756089, 3, 0.5198361812522, 2.841724083926, -0.3057282883833, -5.559800687243, -1.510507064508, 0.2948427327706, -1.405293597149, 0.5056368189904, 0, 0, 0.2134226013196, -0, -0, -0, -0, -0, 0.2134226364002, 0.004390734800877, 0, 0, 0, 0, 0, -0.003275274388036, 0.004390765261956, -0.044417626824, -0.003275251665705, 0.0504911381952, -0.003275251665705, 17.79620497755, 17.80252296018, 17.79612971248, 17.80250577689, 43.9315489486, -0.1996538086327, 0.2034183991655, 0, 1, 50.00290735772, 50, 50.0029887834, 0.0003206487291691, 0, 0, 0, 0, 0, 0, 0, 0, 43.93305406829, 40.98309780594, 43.93290535097, 40.9829621591, 43.9315489486, 40.98302998446, 43.93305515375, 40.98309780788, 0, 43.93290654041, 40.98296216104, -0.005560268403358, 0, -0.205049997675, -0.004934598034142, 0.1976714793741, -0.004934598034142, 0.785794017287, 0.7862963364319, -0.788658995894, -0.7887036603002, -0.001425217958587, -0.001181134641408, 0.7860973206682, 0.7863188611513, 0, -0.7890037585622, -0.7886811304341, -0, -0, -0, -5.551115123126e-17, 0.00269638214275, 0.3940823278722, 0.3912435828651, 0.394037311281, 0, 0.3912282228762, 0.3941273444634
3.2, 0.205456923338, 0.1007164124744, -0.197327585091, 0.1007643389208, 0.02306236160806, 0.000135621438822, 0.01459779746373, 0.002625917817088, 0, 0, 176.3953614358, 0, -95.68414873745, 7518.636753276, 3134.569091781, 7527.347894089, 3138.816442153, 44.94123949125, 24.88498360621, 21.4598126361, 46.40289153113, -241.2537930402, 0.4057596247873, 243.2620432894, 0.2314009622583, 5401.136268628, 3978.736203033, 5406.17141951, 3971.811566696, 3, 1.642784957311, 43.30011447519, -1.478888073863, -43.3440399832, -1.504027379618, 0.3359909588745, -1.407534323144, 0.4562646504164, 0, 0, 0.2135258744135, -0, -0, -0, -0, -0, 0.2135258774832, 0.003872208918247, 0, 0, 0, 0, 0, -0.0005018088811877, 0.003872235808015, -0.04452396070654, -0.000501805396502, 0.05029826883666, -0.000501805396502, 17.93688089017, 17.94325784254, 17.93680151312, 17.9432411311, 44.27879559689, -0.2029228701833, 0.2001366605732, 0, 1, 50.0044540872, 50, 50.0044665678, -8.615065957363e-05, 0, 0, 0, 0, 0, 0, 0, 0, 44.28030428457, 41.33034881667, 44.28014988244, 41.33020519529, 44.27879559689, 41.3302770063, 44.28030539005, 41.33034881699, 0, 44.28015104758, 41.3302051956, -0.005576598329732, 0, -0.2083349381974, -0.00522469786499, 0.1943740154645, -0.00522469786499, 0.785757645775, 0.7862866663179, -0.7886958025465, -0.7887133271942, -0.001464123230152, -0.001209879014008, 0.7860616729068, 0.7862901176816, 0, -0.7890392504069, -0.7887098757097, -0, -0, -0, -0, 0.002693977398063, 0.3940811277043, 0.3912406462762, 0.3940742306561, 0, 0.3912305834719, 0.3940880247524
3.225, 0.2068067075694, 0.1076538477817, -0.1959634438899, 0.1077081291811, 0.02385358894848, 6.132836669065e-05, 0.02208832512497, 0.003288562778297, 0, 0, 466.6057737846, 0, -376.632773782, 7519.192184053, 3134.524719838, 7527.236457079, 3138.763627636, 45.4637471599, 24.20321851902, 20.28030879097, 46.19377309774, -241.4221038453, -0.1144240448631, 243.0995975139, -0.3078718330258, 5401.45903171, 3980.567429017, 5406.12044559, 3968.975231476, 3, 1.618734638826, 46.11434666125, -1.464086950757, -45.4786402607, -1.498454629785, 0.334006596493, -1.408950788234, 0.4558638415226, 0, 0, 0.213614075798, -0, -0, -0, -0, -0, 0.2136140810017, 0.003591555054775, 0, 0, 0, 0, 0, -0.0008400538929287, 0.003591580016208, -0.04469564998948, -0.0008400480545651, 0.05003269367833, -0.0008400480545651, 18.07755880727, 18.08399566762, 18.07747891958, 18.08398023951, 44.62605291425, -0.20264016412, 0.2004092106511, 0, 1, 50.00594076583, 50, 50.00593572976, -0.0001893806219358, 0, 0, 0, 0, 0, 0, 0, 0, 44.62756277782, 41.6776071574, 44.62740726133, 41.67746230853, 44.62605291425, 41.6775347335, 44.62756388633, 41.67760715793, 0, 44.62740842165, 41.67746230906, -0.005627122686251, 0, -0.2081020478431, -0.005269351794247, 0.1945969561083, -0.005269351794247, 0.785722205538, 0.7862527769522, -0.7887317349427, -0.7887472165563, -0.001500096808824, -0.001241441925788, 0.7860274045346, 0.7862585546592, 0, -0.789073369481, -0.7887414385108, -0, -5.551115123126e-17, -0, -0, 0.002691631234736, 0.3940821287819, 0.3912400024092, 0.3940705827684, 0, 0.3912306866012, 0.3940936747953
3.25, 0.2003505115956, -0.08965653461474, -0.2024184535415, -0.08961898663758, -0.0247027708171, -0.0005525987818295, 0.01588694092914, -0.001593964851585, 0, 0, 1000, 0, -1000, 7519.673619916, 3137.115031334, 7527.197373247, 3135.895379347, 25.57911703848, 47.48749976781, 39.63063269792, 24.10088108141, -243.2459365995, -4.142795573518, 241.431132439, -4.485290999648, 5400.44333272, 3946.806150479, 5407.399617405, 4003.305735896, 3, -1.45107848022, -38.88094544445, 1.612095340576, 38.84943636679, -1.493642168978, 0.3992446724947, -1.409590995963, 0.3848815354005, 0, 0, 0.2137043982701, -0, -0, -0, -0, -0, 0.2137044012572, 0.00357199072136, 0, 0, 0, 0, 0, 0.004094365775878, 0.003572015567819, -0.04491861902857, 0.00409433729602, 0.04971615808461, 0.00409433729602, 18.21823826436, 18.22473817831, 18.21816210384, 18.22472137723, 44.97332034726, -0.1979069757815, 0.2051312357248, 0, 1, 50.00736996205, 50, 50.00738099049, -0.0001059319336152, 0, 0, 0, 0, 0, 0, 0, 0, 44.97482788312, 42.02488083081, 44.97467829283, 42.02472403468, 44.97332034726, 42.02480242994, 44.97482897193, 42.024880828, 0, 44.97467947367, 42.02472403187, -0.005646900293392, 0, -0.2033877034739, -0.005703972389585, 0.1993003395216, -0.005703972389585, 0.7856880591311, 0.7862629874904, -0.7887663710004, -0.7887370087262, -0.001532741702872, -0.001265171554697, 0.7859947823221, 0.7862348225322, 0, -0.7891058418558, -0.7887651656416, -0, 5.551115123126e-17, -0, -0, 0.002689285515217, 0.39408156086, 0.3912420245227, 0.3941378353473, 0, 0.3912281403326, 0.3940252863727
3.275, 0.1970164613065, -0.1052823974831, -0.2057436453247, -0.1052309502659, -0.02799317981168, -0.0001094143862031, -0.02422613928685, 0.01117199610603, 0, 0, -400.4200221524, 0, 608.1892125793, 7519.484914602, 3134.077677059, 7527.821863618, 3138.845938821, 19.81063273952, 45.49341000139, 44.72925928314, 23.83982590487, -243.5006933521, 0.234581143981, 241.0773515466, 0.04912051720119, 5400.073949648, 3981.238824519, 5408.044863797, 3968.095548308, 3, -1.468745623715, -44.72776026622, 1.618156351322, 45.69143298641, -1.495870245701, 0.323569298521, -1.403285982095, 0.45834541399, 0, 0, 0.2137858578687, -0, -0, -0, -0, -0, 0.213785864394, 0.003948975059116, 0, 0, 0, 0, 0, -0.0009524562043599, 0.003949002548791, -0.04448359814955, -0.0009524495741509, 0.05005852430973, -0.0009524495741509, 18.35892427607, 18.365483507, 18.35884571977, 18.36546584365, 45.32059761622, -0.200539977253, 0.2024883707781, 0, 1, 50.00874614426, 50, 50.00873269899, -0.0002382813939766, 0, 0, 0, 0, 0, 0, 0, 0, 45.32210865135, 42.37215362361, 45.32195321006, 42.37200660174, 45.32059761622, 42.37208011329, 45.32210974409, 42.37215362422, 0, 45.32195438267, 42.37200660235, -0.005744192210369, 0, -0.2061195744535, -0.005348401836505, 0.1965588181766, -0.005348401836505, 0.7856597601371, 0.7861927531749, -0.7887951553842, -0.7888072401807, -0.001561470412719, -0.001300692522119, 0.785963513343, 0.7861993039381, 0, -0.7891369629106, -0.7888006889823, -0, -0, 5.551115123126e-17, -0, 0.002686974891098, 0.3940823362276, 0.3912427626629, 0.394069245315, 0, 0.3912268529462, 0.3940954271402
3.3, 0.1969071862037, -0.03610807885007, -0.2058749994179, -0.03610211661536, -0.01051170374906, 0.0002035054847497, -0.02966705448497, -0.003635827000551, 0, 0, -1000, 0, 1000, 7519.389999179, 3132.655498603, 7528.354170316, 3140.135201573, 33.99304562847, 37.860703974, 30.43765180659, 33.23780041079, -242.5661114299, 2.194534054441, 242.2054660219, 2.011320020274, 5400.480416153, 3996.259062646, 5407.920759097, 3952.257408793, 3, -0.2456886661389, -17.18009575611, 0.4701314493482, 13.71262645735, -1.497103492848, 0.2884131741535, -1.397930927442, 0.4904646389624, 0, 0, 0.2138766259974, -0, -0, -0, -0, -0, 0.2138766587338, 0.004159383393192, 0, 0, 0, 0, 0, -0.003188675924462, 0.004159412372157, -0.04449751640245, -0.00318865370869, 0.04994314171329, -0.00318865370869, 18.49961149087, 18.50623146881, 18.4995348058, 18.50621361578, 45.66788414537, -0.1970550142459, 0.2059642623559, 0, 1, 50.01006447502, 50, 50.01016513542, 0.0004385469918378, 0, 0, 0, 0, 0, 0, 0, 0, 45.66939425174, 42.71943864816, 45.66924194312, 42.71929523844, 45.66788414537, 42.71936694529, 45.66939532673, 42.71943865016, 0, 45.66924313328, 42.71929524043, -0.005816927568769, 0, -0.2027072008309, -0.005216997980882, 0.1999623520138, -0.005216997980882, 0.7856271921208, 0.786144769855, -0.7888282707633, -0.7888552260551, -0.001592620436934, -0.001333296385264, 0.7859310398023, 0.7861666991307, 0, -0.7891692905846, -0.7888332919012, 5.551115123126e-17, -0, -0, -0, 0.002684635612426, 0.3940831503146, 0.3912419528951, 0.3940393239662, 0, 0.3912271008542, 0.394126976663
3.325, 0.2062326709189, 0.1043394943436, -0.1964944707853, 0.1043905995896, 0.02359566290889, -1.841561964622e-05, 0.01971297970583, 0.01217475802628, 0, 0, 438.1374221476, 0, -217.1726251699, 7519.814067563, 3134.501704436, 7528.372099187, 3138.014121543, 44.14536515493, 23.43897099627, 19.15722765133, 44.89183352401, -241.8162243537, -0.5330847901738, 242.8222341489, -0.7204972816154, 5400.922568868, 3972.761128706, 5407.768795338, 3975.622542298, 3, 1.537840447607, 45.04703749136, -1.386015459253, -44.07630270997, -1.492893206957, 0.3351160149253, -1.397964761052, 0.4379679478373, 0, 0, 0.2139816068209, -0, -0, -0, -0, -0, 0.2139816057405, 0.003947788827059, 0, 0, 0, 0, 0, 0.0002073585855182, 0.003947816358825, -0.04424472859452, 0.0002073571394155, 0.05011048843088, 0.0002073571394155, 18.64030571871, 18.64698193992, 18.6402232274, 18.64696447968, 46.0151795118, -0.2024320748149, 0.2005751678257, 0, 1, 50.01133398279, 50, 50.01132240524, -0.000200826481483, 0, 0, 0, 0, 0, 0, 0, 0, 46.01669467701, 43.06673888201, 46.01653372202, 43.0665866672, 46.0151795118, 43.06666277447, 46.01669577434, 43.06673888187, 0, 46.01653488388, 43.06658666707, -0.005835865315996, 0, -0.2081041009761, -0.005537311592079, 0.1945535661448, -0.005537311592079, 0.7855937910918, 0.7861406144828, -0.7888621014124, -0.7888593781721, -0.001628963419556, -0.001360808057586, 0.7858959118504, 0.7861391882596, 0, -0.7892042642798, -0.7888608043748, -5.551115123126e-17, -0, -0, -0, 0.002682261441163, 0.3940832831936, 0.3912410734498, 0.3940861332072, 0, 0.391227402573, 0.3940804331801
3.35, 0.2069014519542, 0.1117949636162, -0.1958179255419, 0.1118536663412, 0.02546450373592, -0.000194901386029, 0.03760877390958, -0.003009823175545, 0, 0, 1000, 0, -1000, 7520.283104164, 3135.529005744, 7528.347283493, 3136.656299977, 36.82752012783, 23.47073633295, 25.91861413633, 44.92758587878, -242.172737201, -1.954770159937, 242.6440246316, -2.129097764648, 5401.67900699, 3959.634483556, 5407.279756986, 3988.852715888, 3, 1.63488920695, 48.02768810095, -1.480428346691, -47.57882339484, -1.488204133159, 0.3619695845917, -1.398441279436, 0.40431528122, 0, 0, 0.2140916604992, -0, -0, -0, -0, -0, 0.2140916559455, 0.003657340312473, 0, 0, 0, 0, 0, 0.002117363035102, 0.003657365844902, -0.04414387564245, 0.002117348253583, 0.05011222305243, 0.002117348253583, 18.78100213353, 18.78773580228, 18.78091555747, 18.78771732908, 46.36248343757, -0.2070602457301, 0.195937152722, 0, 1, 50.01254807207, 50, 50.01254924945, -0.0001285664456529, 0, 0, 0, 0, 0, 0, 0, 0, 46.36400305201, 43.41404603074, 46.3638347424, 43.41388799592, 46.36248343757, 43.41396701187, 46.36400417134, 43.41404602928, 0, 46.36383587643, 43.41388799446, -0.005864360046921, 0, -0.2127610929334, -0.00574903385207, 0.1898869215344, -0.00574903385207, 0.7855586966868, 0.7861231297611, -0.7888977220378, -0.7888768633857, -0.001666476149911, -0.001391430037307, 0.7858601275301, 0.7861085654607, 0, -0.789239897695, -0.7888914255353, -0, -5.551115123126e-17, -0, -0, 0.002679892094756, 0.3940831798111, 0.3912395671326, 0.3941122816362, 0, 0.3912283767423, 0.3940540779861
3.375, 0.2070745647063, 0.1173427524182, -0.1956340626899, 0.1174075538128, 0.02753131089618, -6.487770137443e-05, 0.0380784423384, -0.003948623316915, 0, 0, 1000, 0, -1000, 7520.906543733, 3135.340561104, 7528.151950229, 3136.837905252, 38.32431790013, 22.11026941675, 23.84447936783, 45.59865266069, -241.7816806865, -1.110473685512, 243.0300298314, -1.291103798785, 5402.680170676, 3963.758490104, 5406.506673573, 3983.146743943, 3, 1.850187884674, 50.46559758431, -1.695754527784, -50.34065245738, -1.481897972713, 0.3579351374547, -1.400712227743, 0.4077618599132, 0, 0, 0.2141715597777, -0, -0, -0, -0, -0, 0.2141715562225, 0.003217057754248, 0, 0, 0, 0, 0, 0.001405012177062, 0.003217080229767, -0.04443423574203, 0.001405002361213, 0.04973140037266, 0.001405002361213, 18.92169962096, 18.92849232742, 18.92161267941, 18.92847267212, 46.70979592648, -0.2069010994, 0.1960858297363, 0, 1, 50.01370857259, 50, 50.01371414468, -0.0001442471859018, 0, 0, 0, 0, 0, 0, 0, 0, 46.71131651002, 43.76135917736, 46.71114739019, 43.76120083132, 46.70979592648, 43.76128000337, 46.71131763605, 43.76135917639, 0, 46.71114851628, 43.76120083035, -0.005900113232253, 0, -0.2126365540787, -0.005760355333005, 0.190001199783, -0.005760355333005, 0.7855202413417, 0.7860833775407, -0.7889366499984, -0.788916614973, -0.001705716578368, -0.001426282429851, 0.7858236533275, 0.7860737133535, 0, -0.789276226662, -0.7889262782132, -5.551115123126e-17, -0, -0, -5.551115123126e-17, 0.002677649786025, 0.3940847556245, 0.3912375712506, 0.3941040666343, 0, 0.3912299190142, 0.3940654446147
3.4, 0.2053472665262, -0.004952878804057, -0.1973662179578, -0.004952778046869, -0.002736226878728, -0.0002414844563825, 0.02510379627642, -0.001546444980798, 0, 0, 1000, 0, -1000, 7521.733812763, 3136.245752535, 7527.735421367, 3135.845420103, 28.28467627487, 36.28843271301, 33.50425439465, 31.78722572841, -242.3060781817, -2.309903846632, 242.5738943212, -2.507846045364, 5403.665383383, 3956.22800959, 5405.732609858, 3991.073419909, 3, -0.01308826448183, -2.747061558772, 0.1860627211195, 1.515988924462, -1.473439241657, 0.3804534623826, -1.405302666475, 0.383148886945, 0, 0, 0.2142258520903, -0, -0, -0, -0, -0, 0.2142258517445, 0.002623156026766, 0, 0, 0, 0, 0, 0.002525148802473, 0.002623174362367, -0.04501147804149, 0.002525131152056, 0.04906145927325, 0.002525131152056, 19.06239864389, 19.06925072126, 19.06231387915, 19.06923101878, 47.0571165949, -0.2037196269666, 0.1992582705132, 0, 1, 50.01481457587, 50, 50.01485151281, 4.728070320759e-07, 0, 0, 0, 0, 0, 0, 0, 0, 47.05863567707, 44.10868210301, 47.05847033601, 44.10851955057, 47.0571165949, 44.108600825, 47.05863680071, 44.10868210122, 0, 47.05847146543, 44.10851954878, -0.005911779855181, 0, -0.2094645281114, -0.005913376783348, 0.1931644529667, -0.005913376783348, 0.7854795204067, 0.786057775185, -0.7889778680169, -0.7889422179562, -0.001746276257, -0.001459589413417, 0.7857868725182, 0.7860404056276, 0, -0.7893128714387, -0.7889595844545, -0, -0, -5.551115123126e-17, 5.551115123126e-17, 0.002675507111653, 0.3940843607433, 0.3912356055994, 0.3941190673272, 0, 0.391231464917, 0.3940496541593
3.425, 0.206664346433, 0.004905901162342, -0.1960551569685, 0.004905999353712, -0.001307020886579, -0.0003805785881827, 0.02585479269313, -0.003360844796554, 0, 0, 1000, 0, -1000, 7522.183477266, 3136.085802988, 7527.686981624, 3135.953630921, 28.25177338985, 35.77735178224, 33.1696572319, 32.86058140983, -242.9627584944, -2.962488227996, 241.9313847214, -3.170800426168, 5402.693289162, 3958.756010535, 5406.940675758, 3989.042336356, 3, -0.08416889184993, -0.02889102769815, 0.2878970205599, -2.907880972382, -1.468923995892, 0.3756510001882, -1.406027588351, 0.3865074933181, 0, 0, 0.2142716193522, -0, -0, -0, -0, -0, 0.214271618142, 0.002589568989222, 0, 0, 0, 0, 0, 0.002194764788757, 0.002589587097788, -0.0449548297005, 0.00219474944112, 0.04903226781057, 0.00219474944112, 19.20310176825, 19.2100106077, 19.20301625102, 19.20999230144, 47.40444487673, -0.2040765172246, 0.1988917259633, 0, 1, 50.01586907079, 50, 50.01595058262, 0.0002679653924454, 0, 0, 0, 0, 0, 0, 0, 0, 47.40596510827, 44.4560107742, 47.40579813084, 44.45584784323, 47.40444487673, 44.45592930715, 47.40596623262, 44.45601077264, 0, 47.40579925722, 44.45584784166, -0.005950535155657, 0, -0.2098603527671, -0.005927147539343, 0.1927592210115, -0.005927147539343, 0.7854462554262, 0.7860234789691, -0.7890115829907, -0.788976513759, -0.00177997093092, -0.00149161301541, 0.7857532222372, 0.7860083821931, 0, -0.7893463850348, -0.7889916082239, -5.551115123126e-17, -0, -0, -0, 0.002673378551313, 0.3940838658992, 0.3912375423452, 0.3941140315624, 0, 0.3912290585828, 0.3940537002361
3.45, 0.2073553195486, 0.02950873654715, -0.1953426533766, 0.02951263874697, 0.004283530677835, -0.0005209890213512, 0.02859367689504, -0.001492529715883, 0, 0, 1000, 0, -1000, 7522.125419677, 3135.995322744, 7528.152174662, 3135.973601506, 28.44753482155, 32.71887335852, 32.24337473905, 35.0851397705, -243.7195863829, -3.542009374319, 241.2088966691, -3.749364337942, 5400.614069675, 3956.145428026, 5409.304237214, 3991.614412737, 3, 0.03815444547513, 10.96944912762, 0.1419394173694, -12.37514312273, -1.469736660706, 0.3728424629316, -1.401366832002, 0.3876212015127, 0, 0, 0.21433167698, -0, -0, -0, -0, -0, 0.2143316750506, 0.003107779846691, 0, 0, 0, 0, 0, 0.002570337501129, 0.003107801591232, -0.04443166497418, 0.002570319517096, 0.04946855850839, 0.002570319517096, 19.34380771339, 19.35077310853, 19.34372072621, 19.35075529131, 47.75178014815, -0.2052001847326, 0.197758234161, 0, 1, 50.0168749383, 50, 50.01691951668, 7.392846325283e-05, 0, 0, 0, 0, 0, 0, 0, 0, 47.75330224139, 44.8033468728, 47.75313239821, 44.80318288761, 47.75178014815, 44.80326487837, 47.75330335889, 44.80334687096, 0, 47.75313352761, 44.80318288577, -0.005998893045196, 0, -0.2110342953036, -0.005965497824912, 0.1915756821466, -0.005965497824912, 0.7854187406826, 0.7859972646675, -0.7890395520988, -0.7890027283804, -0.001807533014487, -0.001520410672466, 0.7857221383373, 0.7859795842667, 0, -0.7893773291799, -0.7890204056116, -0, -0, -0, 5.551115123126e-17, 0.002671173353145, 0.3940839041445, 0.391241687002, 0.3941192318185, 0, 0.391224347734, 0.3940485764706
3.475, 0.202853707081, -0.0859965143734, -0.1998120253267, -0.08596166031758, -0.02397952300123, -0.0007525062213327, 0.01635261003171, 1.685024477656e-05, 0, 0, 1000, 0, -1000, 7521.75878452, 3136.958851949, 7528.932975772, 3134.866408969, 24.66292470512, 45.21091593203, 35.1368959799, 22.00272239898, -244.1105733263, -5.175912925395, 240.8274580001, -5.734146030835, 5399.914361621, 3939.256447181, 5410.297368503, 4008.538468116, 3, -1.754384190709, -36.95451012129, 1.888876077022, 38.31709406391, -1.473781393244, 0.3970565351396, -1.393381854657, 0.3604126774084, 0, 0, 0.2144039764617, -0, -0, -0, -0, -0, 0.214403985807, 0.003688006085355, 0, 0, 0, 0, 0, 0.005020673090033, 0.003688031907039, -0.04439272646044, 0.005020637937884, 0.04942335763043, 0.005020637937884, 19.48451251615, 19.49153802235, 19.48443098169, 19.49151979789, 48.09912209015, -0.1976869584112, 0.2052603987664, 0, 1, 50.01783164221, 50, 50.01780617336, -0.0003270603296634, 0, 0, 0, 0, 0, 0, 0, 0, 48.10063992666, 45.15069185596, 48.10047961536, 45.15052248915, 48.09912209015, 45.15060716884, 48.10064100362, 45.15069185225, 0, 48.1004807877, 45.15052248544, -0.006035840572774, 0, -0.2035580531216, -0.006161272132465, 0.1990410614522, -0.006161272132465, 0.7853874515692, 0.7859873376321, -0.7890712722126, -0.7890126593082, -0.001835417758443, -0.001547193092069, 0.7856905845589, 0.7859527993314, 0, -0.7894087388005, -0.7890471855155, -0, -5.551115123126e-17, -0, -5.551115123126e-17, 0.00266891341035, 0.3940838680933, 0.3912430810485, 0.39415287409, 0, 0.3912223696519, 0.3940148620966
3.5, 0.1975990698097, -0.09076971414437, -0.2050700694889, -0.09073129761041, -0.02487219070916, -0.0005263210134338, 0.01552140020536, -0.001488942682384, 0, 0, 1000, 0, -1000, 7521.269010281, 3135.699698119, 7529.841140832, 3136.008626809, 20.93716971713, 44.16077528573, 38.37724183982, 21.70690296393, -244.0281671119, -3.264637712385, 240.8740370496, -3.543273401308, 5400.473916499, 3951.016585696, 5410.007101731, 3996.447613904, 3, -1.604375648795, -39.25062275839, 1.762298992382, 39.27885999575, -1.479125741675, 0.3655459992361, -1.38405599853, 0.3894227448641, 0, 0, 0.2144785372907, -0, -0, -0, -0, -0, 0.2144785332981, 0.004160564282432, 0, 0, 0, 0, 0, 0.003292258787183, 0.004160593433011, -0.04407075168996, 0.003292235720462, 0.04965935103178, 0.003292235720462, 19.62522226746, 19.63230479525, 19.62514068851, 19.63228606546, 48.44647046509, -0.1975070807215, 0.2054290305785, 0, 1, 50.0187389748, 50, 50.01874798648, -0.0001171348487506, 0, 0, 0, 0, 0, 0, 0, 0, 48.44798939507, 45.49803907635, 48.44782795424, 45.4978727894, 48.44647046509, 45.49795593048, 48.44799046365, 45.49803907396, 0, 48.44782913275, 45.49787278701, -0.006106395780484, 0, -0.2034498765728, -0.006049231782462, 0.1991381939093, -0.006049231782462, 0.7853560346426, 0.7859415633785, -0.7891031300452, -0.7890584304434, -0.001866016230931, -0.001581077749517, 0.7856569681926, 0.7859189165613, 0, -0.7894422085134, -0.7890810720604, -0, -0, -0, -0, 0.00266665693177, 0.3940841983538, 0.3912419680949, 0.3941294483818, 0, 0.391222946479, 0.3940389483258
3.525, 0.1949669003623, -0.1159798608567, -0.207695727691, -0.1159176833913, -0.03059246534597, -1.097510092763e-06, -0.03760666869205, -0.004065656803509, 0, 0, -1000, 0, 1000, 7520.914389641, 3132.838526496, 7530.616391605, 3138.604693294, 21.12349160006, 43.95866945653, 37.65749771425, 20.69495428708, -243.2864550722, 0.8680760120306, 241.6518268452, 0.6880887216986, 5401.298619737, 3983.211057106, 5409.434339889, 3964.908475418, 3, -1.528738462354, -49.74721616552, 1.6878167067, 49.41141006371, -1.483051604842, 0.2947947988056, -1.376112516525, 0.4548223652132, 0, 0, 0.2145617129211, -0, -0, -0, -0, -0, 0.2145617237092, 0.004493414299883, 0, 0, 0, 0, 0, -0.001326336606347, 0.004493445806966, -0.04387751500829, -0.001326327306357, 0.04975739184753, -0.001326327306357, 19.76593405261, 19.77307351768, 19.76585249129, 19.77305393057, 48.7938248673, -0.1966189289382, 0.206308159733, 0, 1, 50.01959671546, 50, 50.01961541133, -5.062566820193e-05, 0, 0, 0, 0, 0, 0, 0, 0, 48.79534491032, 45.84538937561, 48.79518241302, 45.84523177193, 48.7938248673, 45.84531057468, 48.79534597008, 45.84538937652, 0, 48.79518359849, 45.84523177284, -0.006204041908593, 0, -0.2026600245635, -0.005733349661199, 0.1999192460036, -0.005733349661199, 0.7853219338693, 0.7858709343197, -0.7891377364728, -0.7891290582169, -0.001899335098556, -0.001619939395906, 0.7856215466751, 0.7858800564504, 0, -0.789477485347, -0.7891199352422, -0, -0, -0, -0, 0.002664399851896, 0.3940835461768, 0.391240326273, 0.3940653165137, 0, 0.3912240868577, 0.3941017758398
3.55, 0.2001117690289, 0.08335199814683, -0.2025324715451, 0.08338505242239, 0.01881119853111, 0.0004654954387817, -0.01657057770102, -0.0004946718563133, 0, 0, -1000, 0, 1000, 7520.96599856, 3130.809652643, 7530.975908807, 3140.577030813, 34.3224401366, 21.33248945795, 23.89424017201, 43.87479998047, -242.1310793283, 4.211140017339, 242.8815101447, 3.845980860286, 5401.90225671, 4007.226134888, 5409.081407496, 3939.643454017, 3, 1.616045835247, 36.29663480889, -1.467904581508, -35.78259721239, -1.482713169356, 0.2445890185402, -1.372519750567, 0.5035761814325, 0, 0, 0.2146429811753, -0, -0, -0, -0, -0, 0.2146430456204, 0.004521123560997, 0, 0, 0, 0, 0, -0.004897526774774, 0.004521155286392, -0.0433493630497, -0.004897492408322, 0.05019649801616, -0.004897492408322, 19.90665148271, 19.91384370147, 19.90656252304, 19.91382348936, 49.14118505426, -0.2046957889165, 0.1982211527942, 0, 1, 50.02040124896, 50, 50.02039940481, -0.0001529925849354, 0, 0, 0, 0, 0, 0, 0, 0, 49.14271236401, 46.19274697143, 49.14253648598, 46.1925952825, 49.14118505426, 46.19267113021, 49.14271345319, 46.19274697467, 0, 49.14253763302, 46.19259528574, -0.006290254212553, 0, -0.2108250705584, -0.005518181263347, 0.191744255136, -0.005518181263347, 0.7852878350566, 0.7858075065766, -0.7891723003439, -0.7891924918725, -0.001936713224855, -0.001658807317572, 0.7855838403733, 0.7858411861532, 0, -0.789515048265, -0.7891588007884, -5.551115123126e-17, -0, -0, -0, 0.002662187074621, 0.3940847898064, 0.3912391265545, 0.3940174763795, 0, 0.3912247872947, 0.3941521032334
3.575, 0.2065738844283, 0.1069258786992, -0.1960494606798, 0.1069797998998, 0.02393009332708, 9.26724361971e-05, 0.01580766188957, 0.006531549991867, 0, 0, 235.3302523873, 0, -96.09388034887, 7521.683193467, 3133.363107513, 7530.667777638, 3137.838041406, 40.37640418009, 20.35026443251, 17.24428714881, 42.80363392054, -241.6746244965, 0.2325255857621, 243.2330438221, 0.04582834859665, 5402.746079005, 3977.343561623, 5408.482902396, 3969.014515515, 3, 1.657106134026, 46.1413223555, -1.513909761896, -45.50710272958, -1.47538877309, 0.308436647181, -1.375930686032, 0.4358194603633, 0, 0, 0.214733581859, -0, -0, -0, -0, -0, 0.2147335857689, 0.004028966494501, 0, 0, 0, 0, 0, -0.0006035825470861, 0.004028994790229, -0.04367499670708, -0.0006035783081111, 0.04978510682673, -0.0006035783081111, 20.04736732321, 20.05461473205, 20.04727775361, 20.05459528258, 49.48855058808, -0.203597696853, 0.1993088700281, 0, 1, 50.02116591474, 50, 50.02116118348, -0.0001595835934833, 0, 0, 0, 0, 0, 0, 0, 0, 49.4900783452, 46.54011869932, 49.48990284333, 46.53995562627, 49.48855058808, 46.54003716322, 49.49007943692, 46.54011869975, 0, 49.48990398734, 46.5399556267, -0.006305298068019, 0, -0.2097407282969, -0.00593231602051, 0.1928183983982, -0.00593231602051, 0.7852455023826, 0.7858062311354, -0.7892150775098, -0.7891937605098, -0.001979940125046, -0.001689613223704, 0.7855437299841, 0.7858103825115, 0, -0.789555017416, -0.7891896089589, -0, -0, -0, 5.551115123126e-17, 0.002659988677393, 0.3940853006981, 0.3912374439454, 0.3940770048355, 0, 0.3912259819864, 0.3940935965608
3.6, 0.2052268344918, -0.03357166969921, -0.1974090581065, -0.03356648455338, -0.01119241368747, -0.0003862513734766, 0.02188101324376, -0.001404379744867, 0, 0, 1000, 0, -1000, 7522.271172612, 3135.628156685, 7530.480615659, 3135.378327727, 25.60002232755, 38.01216165096, 31.79922205485, 26.76455615174, -242.716932789, -3.33157564985, 242.3498001616, -3.581541979856, 5402.861623956, 3949.719614805, 5408.595954875, 3996.15350599, 3, -0.5582964975491, -15.39256400877, 0.7328472034393, 13.95181723949, -1.469406960227, 0.3649322213097, -1.378067161878, 0.3751804636633, 0, 0, 0.2148249064019, -0, -0, -0, -0, -0, 0.2148249046503, 0.003737608778049, 0, 0, 0, 0, 0, 0.003364933521468, 0.003737635049882, -0.04391935629257, 0.003364909869354, 0.0494463386548, 0.003364909869354, 20.18808419838, 20.19538768403, 20.18799532736, 20.19536773633, 49.83592124108, -0.2020160211643, 0.2008820306519, 0, 1, 50.02187573408, 50, 50.02192375813, 0.0001524064121966, 0, 0, 0, 0, 0, 0, 0, 0, 49.83744908414, 46.88749485283, 49.83727469145, 46.88732127731, 49.83592124108, 46.88740806252, 49.83745017382, 46.88749485028, 0, 49.83727583679, 46.88732127476, -0.006331586370425, 0, -0.2081843460463, -0.006314377551024, 0.194366473016, -0.006314377551024, 0.7852049446519, 0.7858028835263, -0.7892561451114, -0.7891971096253, -0.002020616130481, -0.001720257217295, 0.7855048406759, 0.7857797366423, 0, -0.789593771635, -0.7892202510769, -0, -0, -0, -5.551115123126e-17, 0.002657841064848, 0.3940857830646, 0.3912372125008, 0.3941320319601, 0, 0.3912257587854, 0.3940395341691
3.625, 0.1966171253485, -0.1060709735973, -0.2059965996484, -0.1060189781966, -0.02795300853519, -2.82930084628e-05, -0.02474766837323, 0.0134618725921, 0, 0, -404.8752644775, 0, 646.7709639331, 7522.39198521, 3133.077339558, 7530.750738429, 3137.75335182, 15.82444542917, 41.95193385695, 40.78589886542, 20.35541760043, -243.2021324907, 0.5308670714546, 241.7159440355, 0.3422388919131, 5402.693196917, 3979.288314209, 5408.985434687, 3965.947500286, 3, -1.322746315806, -44.82639550806, 1.455732958617, 45.82351154067, -1.468322279648, 0.3020684895356, -1.375405440699, 0.4342164592782, 0, 0, 0.2149150694103, -0, -0, -0, -0, -0, 0.2149150759044, 0.003839074025375, 0, 0, 0, 0, 0, -0.0009667712771705, 0.003839101033069, -0.04394194104125, -0.0009667644760303, 0.04934689895309, -0.0009667644760303, 20.32880232197, 20.33616260395, 20.3287147854, 20.33614084616, 50.18329670342, -0.2005862175924, 0.2023008317862, 0, 1, 50.02254639902, 50, 50.02253237299, -0.0001998561555387, 0, 0, 0, 0, 0, 0, 0, 0, 50.18482509492, 47.2348669443, 50.18465086783, 47.23470106094, 50.18329670342, 47.23478400332, 50.18482617815, 47.234866945, 0, 50.18465201868, 47.23470106164, -0.00642276452494, 0, -0.2068455576955, -0.00603455030147, 0.1956944026941, -0.00603455030147, 0.7851677502, 0.7857330299188, -0.7892937261897, -0.7892669615697, -0.002056924188567, -0.001760316317404, 0.7854678007229, 0.7857396792027, 0, -0.7896306730305, -0.7892603118375, -0, -5.551115123126e-17, 5.551115123126e-17, -5.551115123126e-17, 0.002655750487597, 0.3940864184554, 0.3912375478945, 0.3940731307921, 0, 0.3912249835149, 0.3940997061186
3.65, 0.1962348082811, -0.09322660622926, -0.2063729540654, -0.09318639893578, -0.02481595990358, 0.0001763211441526, -0.03584823291901, -0.001999900352994, 0, 0, -1000, 0, 1000, 7522.539143681, 3131.691270131, 7530.989384359, 3138.828810495, 23.56989157411, 40.09315782211, 32.66339890048, 22.81389619155, -242.893048808, 2.079343299954, 242.2022778986, 1.901254742498, 5402.877908763, 3994.818667017, 5409.011811145, 3950.751000901, 3, -1.113554967346, -40.13135167144, 1.262004802718, 39.70153123011, -1.466952580902, 0.2677968413819, -1.373071034049, 0.4621031427492, 0, 0, 0.2150106251512, -0, -0, -0, -0, -0, 0.2150106566796, 0.003872918421088, 0, 0, 0, 0, 0, -0.003193459883776, 0.003872945691109, -0.04410838267068, -0.003193437398114, 0.04909159869778, -0.003193437398114, 20.4695214637, 20.47693743166, 20.46943612462, 20.47691624059, 50.53067660211, -0.196702609347, 0.2061759494466, 0, 1, 50.02316906408, 50, 50.02319088881, 9.560801746625e-06, 0, 0, 0, 0, 0, 0, 0, 0, 50.53220386346, 47.58224541372, 50.53203323294, 47.5820828076, 50.53067660211, 47.58216411293, 50.53220493074, 47.58224541599, 0, 50.5320344001, 47.58208280987, -0.006492799906476, 0, -0.2030312608898, -0.00591532982504, 0.1995003895594, -0.00591532982504, 0.7851292646164, 0.7856803879928, -0.7893326870299, -0.7893196060597, -0.002094055210213, -0.00179764425269, 0.7854304514476, 0.7857023503272, 0, -0.7896678905269, -0.7892976388326, -0, -0, -5.551115123126e-17, -0, 0.002653691099067, 0.394086085376, 0.3912371790694, 0.3940421932784, 0, 0.3912249324697, 0.3941299774737
3.675, 0.2026532765099, 0.08447556942146, -0.1999269043187, 0.08450914516622, 0.01865506346702, 0.000494694284872, -0.01704959673049, 9.845578108869e-05, 0, 0, -1000, 0, 1000, 7522.491193837, 3129.578371134, 7531.410888229, 3140.644627397, 33.39969523305, 19.88951645207, 22.12760926477, 43.06486858943, -242.511178469, 4.881731249991, 242.5956862652, 4.397587617338, 5402.250896385, 4017.888405309, 5409.846532213, 3928.130916418, 3, 1.507512474806, 36.6463816981, -1.390679661862, -35.50712686417, -1.467625807472, 0.2155887753396, -1.368814062689, 0.5081392779169, 0, 0, 0.2151006246366, -0, -0, -0, -0, -0, 0.2151007213149, 0.004134783621438, 0, 0, 0, 0, 0, -0.006504472917711, 0.004134812759685, -0.04335335033555, -0.006504427080301, 0.04976967185517, -0.006504427080301, 20.61024710166, 20.6177134218, 20.61015363911, 20.61769257473, 50.87806073894, -0.2055882130141, 0.1972802450578, 0, 1, 50.02374936805, 50, 50.02373055486, -0.0002281785480648, 0, 0, 0, 0, 0, 0, 0, 0, 50.8795959564, 47.92962688918, 50.87941068153, 47.92947013639, 50.87806073894, 47.92954851724, 50.87959705178, 47.92962689363, 0, 50.87941181152, 47.92947014085, -0.006578219161494, 0, -0.2120051118947, -0.005702395467228, 0.1905165819867, -0.005702395467228, 0.785097733451, 0.7856196841239, -0.7893646113128, -0.7893803182247, -0.002128835455665, -0.001835579003348, 0.7853937654463, 0.7856644120219, 0, -0.7897044435129, -0.7893355700286, -0, -0, -0, -0, 0.002651695104141, 0.3940856355864, 0.3912384320327, 0.3939962356976, 0, 0.3912232656849, 0.3941750354751
3.7, 0.2054406458345, 0.09749963634184, -0.1971338777546, 0.09754419609795, 0.02177842391302, 6.493768800469e-05, -0.00496678702097, 0.001806279226812, 0, 0, -589.8530625178, 0, 649.4288970674, 7522.757306091, 3132.333917244, 7531.504777456, 3137.779765578, 37.92545423136, 19.74935238304, 17.19724219217, 41.54069230825, -242.3282137931, 0.5502489965957, 242.7003231684, 0.384089356077, 5402.010214938, 3982.274036554, 5410.283889208, 3963.023687742, 3, 1.469019656805, 41.5070280391, -1.334747417566, -41.56702287749, -1.465006722774, 0.2846817795125, -1.367990057856, 0.4364486064527, 0, 0, 0.2151770696846, -0, -0, -0, -0, -0, 0.2151770804449, 0.004124308499249, 0, 0, 0, 0, 0, -0.001395018679688, 0.004124337584339, -0.0434022709887, -0.001395008841927, 0.0496443549507, -0.001395008841927, 20.75096964015, 20.75849066559, 20.75087670299, 20.75846943809, 51.22544888951, -0.2034552037158, 0.199403965145, 0, 1, 50.02428614213, 50, 50.02429694333, -6.195541511078e-05, 0, 0, 0, 0, 0, 0, 0, 0, 51.22698360862, 48.2770215591, 51.22680040576, 48.27685256937, 51.22544888951, 48.27693706526, 51.22698469428, 48.27702156013, 0, 51.22680154538, 48.2768525704, -0.006594477778386, 0, -0.2098881057486, -0.006147554413538, 0.1926244637385, -0.006147554413538, 0.7850592479689, 0.7856262793397, -0.7894034943072, -0.7893737120613, -0.002167008476744, -0.001864121344323, 0.7853556144152, 0.7856358738893, 0, -0.7897424700349, -0.789364116578, -0, -0, -0, -0, 0.002649780025866, 0.3940863567315, 0.3912389112248, 0.3940671830773, 0, 0.3912223951985, 0.3941055303857
3.725, 0.2067784270675, 0.1123673365533, -0.1957817904207, 0.1124265605025, 0.02525414636227, -5.776780510925e-05, 0.02746562427501, 0.002641099490052, 0, 0, 655.2589262595, 0, -566.7450439024, 7523.023544948, 3133.20749592, 7531.590133167, 3136.751926025, 37.46464876014, 18.92076988617, 17.17921939866, 41.82896399422, -242.2953718128, -0.6389283670116, 242.7545169208, -0.822166743881, 5402.722599558, 3971.452773233, 5409.771048928, 3973.638017847, 3, 1.567123824444, 48.13294862232, -1.443127250707, -47.71896166071, -1.462380731625, 0.3065048391825, -1.367251027039, 0.4111650838709, 0, 0, 0.2152511922374, -0, -0, -0, -0, -0, 0.2152511913986, 0.003964545187794, 0, 0, 0, 0, 0, 0.000158358536861, 0.003964573165481, -0.04342450737471, 0.0001583574193371, 0.04954349260933, 0.0001583574193371, 20.89169427557, 20.89926844219, 20.89159987892, 20.89924736592, 51.57284064671, -0.2043298653817, 0.1985216369653, 0, 1, 50.02477977604, 50, 50.02477813011, -0.0001356818508227, 0, 0, 0, 0, 0, 0, 0, 0, 51.57437705717, 48.62441607803, 51.57419151259, 48.62424219496, 51.57284064671, 48.62432913638, 51.5743781481, 48.62441607791, 0, 51.57419264448, 48.62424219484, -0.006629561424367, 0, -0.2107977189531, -0.006325565487443, 0.1917073608358, -0.006325565487443, 0.7850195717338, 0.7856023100329, -0.7894435868059, -0.7893976803746, -0.002207517654596, -0.001898774370251, 0.7853160889254, 0.7856012208275, 0, -0.7897818747389, -0.789398769568, -0, -0, -0, -0, 0.002647901022775, 0.3940865629556, 0.3912374920173, 0.394088739494, 0, 0.3912234173884, 0.3940843864171
3.75, 0.207240711554, 0.119214495863, -0.1953129869292, 0.1192812472402, 0.02734490849916, -0.0001619075233763, 0.03822448056992, -0.003968007171487, 0, 0, 1000, 0, -1000, 7523.388690991, 3134.108685324, 7531.569974076, 3135.708853624, 33.97016314019, 18.70078262785, 20.2706440763, 42.15702817731, -242.3279608828, -1.643141381357, 242.8030629355, -1.814272332251, 5403.443085444, 3960.467771248, 5409.250369657, 3984.411941618, 3, 1.756220025835, 51.08341989612, -1.630420043481, -50.92453960736, -1.458716062734, 0.3299469821048, -1.367614158782, 0.384550700006, 0, 0, 0.2153219736474, -0, -0, -0, -0, -0, 0.2153219688357, 0.003720932215467, 0, 0, 0, 0, 0, 0.001735166753312, 0.003720958491255, -0.04341535470434, 0.00173515450032, 0.04947563808472, 0.00173515450032, 21.03242047767, 21.04004776692, 21.03232348621, 21.04002520231, 51.92023572338, -0.2070151756512, 0.1958284646839, 0, 1, 50.0252305254, 50, 50.02523497719, -0.0001027616142276, 0, 0, 0, 0, 0, 0, 0, 0, 51.92177499354, 48.97181392474, 51.92158472823, 48.97163495819, 51.92023572338, 48.97172444011, 51.9217760983, 48.97181392338, 0, 51.9215858425, 48.97163495683, -0.006662885318431, 0, -0.2135163543796, -0.006510493956508, 0.1889810395131, -0.006510493956508, 0.7849794135941, 0.7855777174331, -0.7894841520978, -0.7894222731211, -0.002249218419927, -0.001934212430446, 0.7852758671485, 0.7855657821245, 0, -0.7898219776625, -0.7894342069854, -0, -0, -0, -0, 0.002646053422694, 0.3940867730136, 0.3912360568342, 0.3941106217889, 0, 0.3912244549981, 0.3940629242384
3.775, 0.2061966130622, 0.0970756697294, -0.1963494406785, 0.09712010882359, 0.02258332044146, -0.0001471072507055, 0.03632689491087, -0.001853136478429, 0, 0, 1000, 0, -1000, 7524.028519012, 3134.616820512, 7531.266934416, 3135.159967913, 31.66544206548, 21.09357312168, 22.14174908945, 39.43625812029, -242.1050512737, -1.753312724793, 243.0694912154, -1.930640262256, 5404.570492656, 3956.587433926, 5408.310381013, 3987.678936375, 3, 1.515813312103, 41.78107929618, -1.392637836553, -41.71103308284, -1.452170616892, 0.3434602328801, -1.370950563293, 0.3698575163811, 0, 0, 0.2153800645322, -0, -0, -0, -0, -0, 0.2153800615114, 0.003213089926229, 0, 0, 0, 0, 0, 0.002253113836164, 0.003213112628075, -0.04379043387544, 0.002253097917069, 0.04902680519371, 0.002253097917069, 21.17314625573, 21.18082763786, 21.1730493157, 21.1808037321, 52.2676339361, -0.206421106719, 0.1964145577374, 0, 1, 50.02564177273, 50, 50.02564663004, -0.0001197533336785, 0, 0, 0, 0, 0, 0, 0, 0, 52.26917360595, 49.31921392923, 52.26898336374, 49.31903197528, 52.2676339361, 49.31912295046, 52.26917471727, 49.31921392744, 0, 52.2689844712, 49.31903197349, -0.006687524450222, 0, -0.2129454686174, -0.006619170541746, 0.1895441339376, -0.006619170541746, 0.7849353372424, 0.7855428756985, -0.7895286173568, -0.7894571150091, -0.002293959362538, -0.001972616738415, 0.7852343502483, 0.7855273773976, 0, -0.789863379829, -0.7894726108744, -0, -0, -5.551115123126e-17, -0, 0.002644264037003, 0.3940873837886, 0.3912338090547, 0.3941183514205, 0, 0.3912263301192, 0.3940564161567
3.8, 0.2069799555806, 0.1175379387119, -0.1955584633828, 0.1176029213509, 0.02806736182806, -1.152433781734e-05, 0.03804596475941, -0.004233738685936, 0, 0, 1000, 0, -1000, 7524.789177617, 3134.147431342, 7530.836134261, 3135.447481661, 34.08932291511, 18.12306663689, 19.27222016962, 41.73618641754, -241.7671340158, -0.7940813803665, 243.3831729676, -0.9702594365401, 5405.780238899, 3965.724790353, 5407.287435797, 3979.501629706, 3, 1.907904628266, 50.39014508851, -1.782629466516, -50.69699099193, -1.444345140332, 0.3327793751303, -1.375624884178, 0.3766986064795, 0, 0, 0.215432978015, -0, -0, -0, -0, -0, 0.2154329757884, 0.002595575681483, 0, 0, 0, 0, 0, 0.0009983688480896, 0.002595594029341, -0.04420026423041, 0.0009983617907729, 0.0485467381532, 0.0009983617907729, 21.31387315035, 21.32160767794, 21.31377561551, 21.3215831651, 52.61503494078, -0.2067445802783, 0.1960828247609, 0, 1, 50.02601611317, 50, 50.02602969073, -7.734079219669e-05, 0, 0, 0, 0, 0, 0, 0, 0, 52.61657559607, 49.66661469615, 52.61638413556, 49.66643356652, 52.61503494078, 49.66652413054, 52.61657671961, 49.66661469536, 0, 52.61638523012, 49.66643356573, -0.006713246404145, 0, -0.2132930874344, -0.006589182911363, 0.1891884353582, -0.006589182911363, 0.7848908042847, 0.7854930578658, -0.7895735162806, -0.7895069319581, -0.002339598722015, -0.002013803883999, 0.7851926138574, 0.7854861907888, 0, -0.7899050025163, -0.7895137985568, -5.551115123126e-17, -0, -0, 5.551115123126e-17, 0.002642504080506, 0.3940864278086, 0.3912313970535, 0.3941001497602, 0, 0.3912283706491, 0.3940727058571
3.825, 0.20499538251, 0.005928817338671, -0.1975512529221, 0.005928987888878, 0.0004191333729478, -0.0002481258031872, 0.02629314867334, -0.001600304896862, 0, 0, 1000, 0, -1000, 7525.687555186, 3135.204321323, 7530.260994365, 3134.306365766, 23.84585512538, 31.36407561077, 29.28487085655, 29.14374982242, -242.538791433, -2.312140182184, 242.6784760826, -2.502671468446, 5406.224441385, 3956.112845713, 5407.05088469, 3989.206408545, 3, 0.1527361298218, 1.764394243958, -0.004929475761034, -3.167823896225, -1.435065306985, 0.3593299626436, -1.381816838539, 0.3481247527557, 0, 0, 0.2154848008385, -0, -0, -0, -0, -0, 0.2154848022035, 0.001990679928744, 0, 0, 0, 0, 0, 0.002398197543957, 0.001990694007427, -0.04476648022608, 0.002398180583308, 0.0479071164374, 0.002398180583308, 21.45459935947, 21.46238781869, 21.45450394258, 21.46236322521, 52.96243840226, -0.2039505649167, 0.1988693506268, 0, 1, 50.02634676732, 50, 50.02639036723, 0.0001210125423101, 0, 0, 0, 0, 0, 0, 0, 0, 52.96397761067, 50.0140205374, 52.96378977985, 50.0138349077, 52.96243840226, 50.01392772061, 52.96397873367, 50.01402053546, 0, 52.96379087593, 50.01383490576, -0.006711258198599, 0, -0.2104948970583, -0.00675288792982, 0.1919793298443, -0.00675288792982, 0.7848459859853, 0.7854650129763, -0.7896187272762, -0.7895349774642, -0.002384360704424, -0.002051477179494, 0.7851516611742, 0.7854485166611, 0, -0.7899458463969, -0.7895514710201, -0, -0, -0, -0, 0.002640754957405, 0.3940863350589, 0.3912305091866, 0.3941192967749, 0, 0.3912288455425, 0.394053373343
3.85, 0.1994385266817, -0.09518264067928, -0.2030912667491, -0.0951401131457, -0.02461654905406, -0.0003367996629564, 0.01473015115058, -0.002051562268194, 0, 0, 1000, 0, -1000, 7526.060354573, 3134.662356217, 7530.221070249, 3134.561648937, 17.16353020718, 41.15178803012, 35.333521398, 18.39752792541, -243.449263902, -2.218186758053, 241.702227503, -2.428070331129, 5405.343323033, 3961.525423317, 5408.163570108, 3984.36834659, 3, -1.399213613068, -41.31429997681, 1.528461452723, 41.03755471536, -1.431280834108, 0.3461948973004, -1.38238706605, 0.3554017322561, 0, 0, 0.2155662509895, -0, -0, -0, -0, -0, 0.2155662502154, 0.001990176354153, 0, 0, 0, 0, 0, 0.001655362496899, 0.001990190439917, -0.04503603153069, 0.001655350780912, 0.04757304582444, 0.001655350780912, 21.59532497365, 21.60316813972, 21.59523394483, 21.60314365515, 53.30984372633, -0.1988408157041, 0.2039689930964, 0, 1, 50.02664581389, 50, 50.02666387294, 1.37847873969e-05, 0, 0, 0, 0, 0, 0, 0, 0, 53.31138018737, 50.36142572526, 53.3111989924, 50.36124104546, 53.30984372633, 50.36133338403, 53.31138128986, 50.36142572393, 0, 53.31120010959, 50.36124104413, -0.00673889865169, 0, -0.2054116754961, -0.006718332185044, 0.1970525579532, -0.006718332185044, 0.7848066551368, 0.7854224007334, -0.7896583806384, -0.7895775890964, -0.002421777490139, -0.00208897983985, 0.7851141723584, 0.7854110144177, 0, -0.7899832167224, -0.7895889740974, -5.551115123126e-17, -5.551115123126e-17, -0, -5.551115123126e-17, 0.002638919686895, 0.3940857630129, 0.3912322629595, 0.3941085149285, 0, 0.3912266309391, 0.3940630110973
3.875, 0.1967971556465, -0.1108673607057, -0.2057215950304, -0.1108097153412, -0.02821554462437, -0.0001482536313804, -0.02760556952355, 0.003522251810498, 0, 0, -564.1959315649, 0, 664.7559334515, 7525.886719785, 3132.897758216, 7530.729145291, 3136.204613233, 15.70973174651, 40.60584794792, 36.32490304707, 17.61087014315, -243.8565723684, -0.05258963953493, 241.2844550462, -0.2322558780457, 5403.918823269, 3978.644380068, 5409.818811339, 3965.643728215, 3, -1.59148095266, -47.60754281317, 1.71034981312, 48.0931394047, -1.433231829996, 0.3024483966805, -1.377213806801, 0.39637663604, 0, 0, 0.2156599760291, -0, -0, -0, -0, -0, 0.2156599805264, 0.002473779940612, 0, 0, 0, 0, 0, -0.0009421207343678, 0.002473797464379, -0.04467228864689, -0.0009421140606182, 0.04786093891587, -0.0009421140606182, 21.73605310138, 21.74394888169, 21.73596231831, 21.74392407918, 53.6572508245, -0.1983842510363, 0.2044182398367, 0, 1, 50.02690811377, 50, 50.02690862976, -5.887883438574e-05, 0, 0, 0, 0, 0, 0, 0, 0, 53.65878815678, 50.70883049989, 53.65860652479, 50.70865149149, 53.6572508245, 50.70874099642, 53.65878924822, 50.70883050062, 0, 53.65860765099, 50.70865149222, -0.006788920203109, 0, -0.2050064245198, -0.006512016385937, 0.1974506275408, -0.006512016385937, 0.7847737357467, 0.7853663870562, -0.7896917026862, -0.789633602984, -0.002453956036916, -0.002127127988514, 0.7850787714622, 0.7853728668187, 0, -0.790018501786, -0.7896271227957, -0, -0, -5.551115123126e-17, -5.551115123126e-17, 0.002637081557115, 0.3940873623887, 0.3912351025519, 0.3940744135322, 0, 0.3912233320098, 0.3941003112451
3.9, 0.1979014496966, 0.005439779640873, -0.204618304643, 0.005439911067585, 0.0004227833058461, 0.0001763666870753, -0.02527875792794, -0.001026154026645, 0, 0, -1000, 0, 1000, 7525.50110755, 3130.86523821, 7531.447733927, 3138.063062428, 27.24269397034, 27.24856367109, 24.56760272781, 31.92712453492, -243.4243125222, 2.553015928598, 241.8538587763, 2.352232009709, 5403.449015845, 3998.909891453, 5410.474846358, 3943.943494226, 3, 0.1498002477019, 1.63334375095, -0.01199121725669, -2.50427870434, -1.437406360525, 0.2518977964487, -1.369827100817, 0.4431636167315, 0, 0, 0.2157590343408, -0, -0, -0, -0, -0, 0.2157590730487, 0.002972542499516, 0, 0, 0, 0, 0, -0.003983260483008, 0.002972563575767, -0.04420048871377, -0.003983232240643, 0.04825411657779, -0.003983232240643, 21.87678250821, 21.88472916371, 21.87669016297, 21.88470510478, 54.0046595487, -0.1996923118303, 0.2031030534852, 0, 1, 50.02712778165, 50, 50.02716174463, 0.0001325985817347, 0, 0, 0, 0, 0, 0, 0, 0, 54.00619904178, 51.05623620258, 54.00601446867, 51.05606385105, 54.0046595487, 51.05615002981, 54.00620012887, 51.05623620557, 0, 54.00601559625, 51.05606385405, -0.006841488150634, 0, -0.2063687618908, -0.006269850836969, 0.1960813032925, -0.006269850836969, 0.7847407413177, 0.7853062787991, -0.7897251196602, -0.7896937155768, -0.002486913491542, -0.002166321132314, 0.7850425561392, 0.7853336722496, 0, -0.7900546023407, -0.7896663145142, -0, -0, -0, 5.551115123126e-17, 0.002635292949574, 0.3940887904962, 0.3912360409216, 0.3940340430887, 0, 0.3912220229158, 0.3941435379037
3.925, 0.2014013711135, 0.08553496731772, -0.2010884270157, 0.08556932794718, 0.02030260989541, 0.0004508554919395, -0.01668910752676, -3.135388715008e-05, 0, 0, -1000, 0, 1000, 7525.248838488, 3129.596116524, 7532.020086646, 3138.985601657, 31.21740108939, 17.93156565815, 19.96083572353, 41.16911821802, -242.7917024245, 4.676106598136, 242.4694566151, 4.180953976532, 5403.837783012, 4011.032218461, 5410.229345153, 3932.28729252, 3, 1.464606367902, 37.23004725519, -1.367623256551, -36.17038867012, -1.440177418481, 0.2211585585254, -1.363958176971, 0.4668092334265, 0, 0, 0.2158517122544, -0, -0, -0, -0, -0, 0.2158517834731, 0.003227207352443, 0, 0, 0, 0, 0, -0.005706423723303, 0.003227230254009, -0.04368611249604, -0.005706383228478, 0.04870393787342, -0.005706383228478, 22.01751382122, 22.02551008176, 22.0174167255, 22.02548565195, 54.35206979555, -0.2048900913487, 0.1978962104243, 0, 1, 50.02731787994, 50, 50.02730040288, -0.0001816422374933, 0, 0, 0, 0, 0, 0, 0, 0, 54.35361409637, 51.40364499175, 54.35342120326, 51.40347606241, 54.35206979555, 51.40356053129, 54.35361519809, 51.40364499596, 0, 54.35342231089, 51.40347606662, -0.006881768262231, 0, -0.2116087251545, -0.006145357512097, 0.1908323722318, -0.006145357512097, 0.7847057777657, 0.7852548272852, -0.7897604084883, -0.7897451714667, -0.002523683381417, -0.002205922794842, 0.7850040795756, 0.7852940687698, 0, -0.7900929630998, -0.7897059143595, -0, -0, -0, -0, 0.002633604098741, 0.3940883252258, 0.391235269179, 0.394009894025, 0, 0.391222509363, 0.3941667564265
3.95, 0.2057148575034, 0.09345156258963, -0.1967698797398, 0.09349248187503, 0.0215782189611, 0.0002071041164052, -0.01513449100891, -0.001836283916566, 0, 0, -1000, 0, 1000, 7525.343925976, 3131.075202859, 7532.224461571, 3137.290098145, 34.98914578776, 17.85537463724, 15.88046845818, 39.96316180454, -242.3841142661, 1.866262859804, 242.810762788, 1.680952383239, 5404.127026616, 3991.164571019, 5410.063389852, 3952.286241318, 3, 1.459781021303, 39.7616116993, -1.348394486204, -40.05668149801, -1.439307199806, 0.2584199329039, -1.361947739808, 0.4248999525749, 0, 0, 0.2159246720888, -0, -0, -0, -0, -0, 0.2159246959208, 0.003237003253909, 0, 0, 0, 0, 0, -0.002817403431373, 0.003237026240522, -0.04364658465225, -0.002817383424561, 0.0486806469054, -0.002817383424561, 22.15824327443, 22.16629059344, 22.15814562573, 22.16626670175, 54.69948144988, -0.2044170534865, 0.1983610407136, 0, 1, 50.0274745219, 50, 50.02748979345, -3.378614175906e-06, 0, 0, 0, 0, 0, 0, 0, 0, 54.70102626531, 51.75106041417, 54.70083336882, 51.75088458174, 54.69948144988, 51.75097250012, 54.70102736362, 51.75106041633, 0, 54.70083447856, 51.7508845839, -0.006891601664355, 0, -0.2111456116483, -0.006396480146363, 0.1912873991718, -0.006396480146363, 0.7846657779429, 0.7852399074403, -0.7898007322325, -0.7897600846489, -0.002563878161783, -0.00224071025648, 0.7849638094149, 0.785259283884, 0, -0.7901331280834, -0.7897407043969, -0, 5.551115123126e-17, -0, -0, 0.002632043198258, 0.3940881959256, 0.3912346932024, 0.3940494724897, 0, 0.3912228400863, 0.3941269193615
3.975, 0.2047969274833, 0.09685721965178, -0.1976778625785, 0.09690135627008, 0.02294573090911, 0.0001546277151353, -0.002028740907325, -0.001453211357839, 0, 0, -501.1858037033, 0, 512.7985059465, 7525.617315371, 3131.979086142, 7532.229920761, 3136.364421105, 35.75481421257, 17.72726093881, 14.7393710314, 39.56536641884, -242.0458690385, 1.039898056399, 243.132763454, 0.8649544676718, 5404.638893721, 3980.124847158, 5409.675201705, 3962.582444631, 3, 1.570016567211, 41.45260289783, -1.464959889834, -41.78969189501, -1.436571369296, 0.2814881411231, -1.362025825344, 0.4009238411728, 0, 0, 0.2159760685357, -0, -0, -0, -0, -0, 0.2159760762518, 0.003072283724004, 0, 0, 0, 0, 0, -0.001271248678972, 0.003072305551298, -0.04379428372604, -0.001271239647344, 0.04847200629927, -0.001271239647344, 22.29897236112, 22.30707185118, 22.29887519021, 22.30704677161, 55.04689429977, -0.2033169699529, 0.1994543894937, 0, 1, 50.02759681286, 50, 50.02761076004, -3.480012410949e-05, 0, 0, 0, 0, 0, 0, 0, 0, 55.04843895221, 52.09847573791, 55.04824710861, 52.09829557679, 55.04689429977, 52.09838565835, 55.04844004856, 52.09847573891, 0, 55.04824821983, 52.09829557779, -0.006906333851533, 0, -0.2100596577523, -0.00655395027196, 0.1923667665773, -0.00655395027196, 0.7846230912131, 0.7852125980981, -0.7898437396628, -0.7897873919855, -0.002606600696045, -0.002278653167423, 0.7849221304582, 0.7852213414867, 0, -0.7901747115304, -0.7897786478215, -5.551115123126e-17, -0, -0, -0, 0.002630592759238, 0.3940889368634, 0.3912336727775, 0.3940714643509, 0, 0.391223614577, 0.3941064093758
4, 0.2068933339983, 0.1105145716758, -0.195568245566, 0.1105717762511, 0.0254362641044, 5.092060008047e-05, 0.02180971413281, 0.002259844869955, 0, 0, 436.6315743076, 0, -357.30516037, 7526.003062527, 3132.436940652, 7532.106392134, 3135.837739906, 35.9962521193, 16.81040991642, 14.14699536042, 39.70385201018, -242.0690172702, 0.09775908209194, 243.106522024, -0.08950136262396, 5405.304305205, 3976.428439188, 5409.149497492, 3966.602162755, 3, 1.57985557242, 47.35660985064, -1.488971419121, -46.97687371597, -1.43264731089, 0.2921896219242, -1.363452687638, 0.3884792903708, 0, 0, 0.2160136791414, -0, -0, -0, -0, -0, 0.2160136826267, 0.00278969280837, 0, 0, 0, 0, 0, -0.0007120826778012, 0.002789712634877, -0.04393105350637, -0.0007120776170246, 0.04827662368574, -0.0007120776170246, 22.43970224622, 22.44785172722, 22.43960407127, 22.4478279303, 55.39430804841, -0.2039137475356, 0.1988523395105, 0, 1, 50.02768753087, 50, 50.02768186399, -0.0001641845925905, 0, 0, 0, 0, 0, 0, 0, 0, 55.39585375668, 52.44589087029, 55.39566033406, 52.44570822909, 55.39430804841, 52.44579955026, 55.39585485968, 52.44589087086, 0, 55.39566143722, 52.44570822966, -0.00692708639209, 0, -0.2106766489944, -0.006644171602788, 0.1917446642391, -0.006644171602788, 0.7845797230345, 0.7851767279261, -0.7898874186802, -0.7898232616058, -0.002650808534925, -0.002318369067567, 0.7848796951524, 0.7851816255767, 0, -0.7902170573499, -0.7898183637119, -0, -0, -0, -0, 0.002629206221874, 0.3940886149079, 0.3912323465421, 0.3940788277799, 0, 0.3912246629226, 0.3940984020358
4.025, 0.2077717035239, 0.1208836699598, -0.1946853992717, 0.1209518883075, 0.02789201629241, -0.0002040579140131, 0.03825224585693, -0.003951903787221, 0, 0, 1000, 0, -1000, 7526.288997818, 3133.636759376, 7532.080090951, 3134.491318959, 31.61692300863, 16.76455823499, 18.2397190805, 40.2630170348, -242.6119448848, -1.833869178997, 242.662875708, -1.996001557315, 5404.741088505, 3961.048115131, 5409.870293489, 3982.890328794, 3, 1.666602438957, 51.58309940299, -1.573435435217, -51.30840470832, -1.42976500714, 0.3226273223469, -1.363854569613, 0.3548547065679, 0, 0, 0.2160541681249, -0, -0, -0, -0, -0, 0.2160541655341, 0.002754847247622, 0, 0, 0, 0, 0, 0.001582843932707, 0.00275486683382, -0.04372564730006, 0.001582832679207, 0.04842289155795, 0.001582832679207, 22.58043299679, 22.58863242903, 22.58033201507, 22.58860771179, 55.74172228922, -0.2071054680887, 0.1956548773396, 0, 1, 50.02774319625, 50, 50.02774153228, -0.0001270732798331, 0, 0, 0, 0, 0, 0, 0, 0, 55.74327082703, 52.79330804519, 55.74307232515, 52.79311949959, 55.74172228922, 52.79321377109, 55.74327194161, 52.79330804389, 0, 55.74307341308, 52.79311949829, -0.006946785490284, 0, -0.2138888354433, -0.006858963361015, 0.1885268948693, -0.006858963361015, 0.7845399736632, 0.7851562302494, -0.789927482899, -0.789843759066, -0.002692033069107, -0.00235465133414, 0.7848385440111, 0.7851453427226, 0, -0.7902581191514, -0.7898546453909, -0, -0, -0, -0, 0.002627810405969, 0.3940877105628, 0.3912334695603, 0.3941094657557, 0, 0.3912232262317, 0.39406595537
4.05, 0.2010530988757, -0.08648820856631, -0.2013921611006, -0.08645339360119, -0.02253317360763, -0.0005502470465366, 0.01672239946328, 0.0004215469018665, 0, 0, 1000, 0, -1000, 7526.693896874, 3135.81767345, 7531.932408681, 3132.353678588, 19.35555835391, 40.41918423432, 30.08627761315, 17.31279083155, -243.1395859632, -4.420669118815, 242.1682473428, -4.997916240798, 5405.181039337, 3934.932047783, 5409.602649295, 4008.054163801, 3, -1.434434357394, -36.35009461296, 1.507512003591, 37.93863254802, -1.425633907148, 0.3772324304375, -1.365530774767, 0.3007545633336, 0, 0, 0.2160948156951, -0, -0, -0, -0, -0, 0.216094836281, 0.002517643390808, 0, 0, 0, 0, 0, 0.005298954560144, 0.002517661297288, -0.04442319194493, 0.005298916872135, 0.04767104199891, 0.005298916872135, 22.72115844582, 22.7294130684, 22.7210649952, 22.72938693511, 56.08913681599, -0.1974942960358, 0.2052593048604, 0, 1, 50.02777100077, 50, 50.02773669354, -0.0003070317613615, 0, 0, 0, 0, 0, 0, 0, 0, 56.09067898748, 53.14072732397, 56.090493791, 53.14052982484, 56.08913681599, 53.14062856984, 56.09068006892, 53.1407273194, 0, 56.09049491665, 53.14052982028, -0.006942119486655, 0, -0.2042702685284, -0.007184676996841, 0.1981388582084, -0.007184676996841, 0.7844931622648, 0.7851458730557, -0.7899745778849, -0.7898541212971, -0.002735703823198, -0.002390570837098, 0.7847964951385, 0.7851094196037, 0, -0.7903000806953, -0.7898905612779, -0, -0, -0, -0, 0.00262641266632, 0.3940886574664, 0.3912325895005, 0.394161488259, 0, 0.3912237636923, 0.3940158266739
4.075, 0.196410543163, -0.1040633764924, -0.2060448761127, -0.1040132847307, -0.02624976599582, 2.830853110647e-05, -0.01928976726039, 0.001845106800319, 0, 0, -283.3514157189, 0, 350.3436089637, 7526.699457932, 3132.292931241, 7532.190583872, 3135.662696866, 12.48194069094, 38.63455478576, 36.67773247116, 17.37222886208, -243.0752719562, 0.8026169343227, 242.1029421118, 0.622041519153, 5406.194317723, 3978.277221256, 5408.767013538, 3965.403030753, 3, -1.296225393583, -44.28589818264, 1.393331511871, 44.31456388067, -1.425688044205, 0.2899779157703, -1.362949108845, 0.3836059515357, 0, 0, 0.2161521546836, -0, -0, -0, -0, -0, 0.2161521591229, 0.002472024201313, 0, 0, 0, 0, 0, -0.0009329564656541, 0.002472041792663, -0.04433973271127, -0.0009329498266221, 0.0476994442009, -0.0009329498266221, 22.86188840002, 22.87019303783, 22.8617930499, 22.87016607485, 56.43655127383, -0.2002937508385, 0.2024527002958, 0, 1, 50.0277757096, 50, 50.02778213347, -5.345347031777e-05, 0, 0, 0, 0, 0, 0, 0, 0, 56.43809645424, 53.4881358526, 56.43790605045, 53.48795068195, 56.43655127383, 53.48804326803, 56.43809754881, 53.48813585336, 0, 56.43790716042, 53.4879506827, -0.007012192233726, 0, -0.2071400872176, -0.006736188564826, 0.1952620065948, -0.006736188564826, 0.7844521732121, 0.7850545009817, -0.790015850135, -0.7899454883419, -0.002777514248212, -0.002439076727533, 0.7847549345884, 0.7850609177255, 0, -0.7903415483205, -0.7899390711806, -5.551115123126e-17, -0, -0, -0, 0.002624973751327, 0.3940879678242, 0.3912305714597, 0.3940751449253, 0, 0.3912254281434, 0.3941007907231
4.1, 0.1979656216502, 0.02480978300185, -0.2044913636911, 0.02481269835144, 0.005182435590416, 0.0003741034386447, -0.02311488133814, -0.0009232827788121, 0, 0, -1000, 0, 1000, 7526.834562593, 3130.025955047, 7532.319366879, 3137.779610799, 27.00485554022, 24.08213707373, 22.0460638268, 33.19300944046, -242.5930744263, 3.577399061658, 242.7611688116, 3.318699316048, 5405.98407766, 4005.415925082, 5409.15178579, 3937.792195526, 3, 0.6577327985815, 10.12988635849, -0.5402629638421, -11.09164279946, -1.42437566005, 0.2332680531695, -1.361720795049, 0.4370680592271, 0, 0, 0.2162208280527, -0, -0, -0, -0, -0, 0.2162208787931, 0.002511134099126, 0, 0, 0, 0, 0, -0.004900501964883, 0.002511151980146, -0.04426632670581, -0.004900467070137, 0.04770749546258, -0.004900467070137, 23.00261750106, 23.0109714519, 23.00252136242, 23.01094564825, 56.78396550719, -0.2006378769035, 0.2021037806294, 0, 1, 50.02774535726, 50, 50.02777964104, 0.0001435077203366, 0, 0, 0, 0, 0, 0, 0, 0, 56.78551205598, 53.83554642623, 56.7853198744, 53.83536888992, 56.78396550719, 53.83545766188, 56.78551315086, 53.83554643003, 0, 56.78532098225, 53.83536889372, -0.00707007320429, 0, -0.2075423213744, -0.006458464300512, 0.194855116926, -0.006458464300512, 0.784411700588, 0.7849828606354, -0.7900566802233, -0.7900171351192, -0.0028181614689, -0.002483431139716, 0.7847139610481, 0.7850165609769, 0, -0.7903824327535, -0.7899834232563, -0, -0, -0, -0, 0.002623531623541, 0.3940884366855, 0.3912309906521, 0.3940210823734, 0, 0.3912246616193, 0.3941557909975
4.125, 0.2072793717793, 0.1200627804654, -0.1951510107311, 0.1201298408728, 0.02771205057234, -0.0002010995743294, 0.03797131255385, -0.003590422950623, 0, 0, 1000, 0, -1000, 7527.221691642, 3133.196784888, 7532.199387451, 3134.36147868, 32.28678659135, 16.08880722064, 16.25306142289, 39.61052474537, -242.8108246448, -1.613980817715, 242.4920203294, -1.782176366385, 5404.811332603, 3964.170270799, 5410.486638932, 3978.533405682, 3, 1.55739875806, 51.18542786809, -1.467540195037, -50.67124438801, -1.420416377117, 0.312759509001, -1.363097631737, 0.3524865739763, 0, 0, 0.2163082269645, -0, -0, -0, -0, -0, 0.2163082248646, 0.002485603901522, 0, 0, 0, 0, 0, 0.00104085609809, 0.002485621615061, -0.04388272310477, 0.001040848680531, 0.0480380972079, 0.001040848680531, 23.14334842699, 23.15174966784, 23.14324712448, 23.1517244456, 57.13137924522, -0.2056601507871, 0.1970739271988, 0, 1, 50.02769255399, 50, 50.02769036953, -4.549866806938e-05, 0, 0, 0, 0, 0, 0, 0, 0, 57.13293008507, 54.18296718868, 57.13273054024, 54.18277634066, 57.13137924522, 54.1828717638, 57.13293119666, 54.18296718781, 0, 57.13273162704, 54.18277633979, -0.007054408736193, 0, -0.2125503484407, -0.006942721277023, 0.1898395721454, -0.006942721277023, 0.784373077266, 0.784992084416, -0.7900955695663, -0.790007904281, -0.002859358930048, -0.002515069045344, 0.784672720088, 0.7849849250433, 0, -0.7904235773516, -0.790015063134, -0, -0, -5.551115123126e-17, -0, 0.002622081477049, 0.3940889404962, 0.3912333288118, 0.3941032464075, 0, 0.3912220006641, 0.394074634585
4.15, 0.1993963001382, -0.09326155056758, -0.2030357968219, -0.09322093790796, -0.02429533573182, -0.0004794881958869, 0.01554010108911, -0.001793786428296, 0, 0, 1000, 0, -1000, 7527.2786092, 3134.623545162, 7532.397191382, 3132.784992507, 16.48314736006, 39.9130236189, 31.85850611574, 16.65150281146, -243.570888768, -3.434007110211, 241.7410054391, -3.810028488203, 5405.025835359, 3944.295180608, 5410.39995686, 3997.215270694, 3, -1.540843704017, -40.2853676042, 1.638276740027, 40.06064292561, -1.419918450928, 0.3488406517006, -1.361136632116, 0.3131618888278, 0, 0, 0.2163891210939, -0, -0, -0, -0, -0, 0.2163891280442, 0.002537412801275, 0, 0, 0, 0, 0, 0.003834970509235, 0.002537430897555, -0.04428136801584, 0.003834943159248, 0.04758751250189, 0.003834943159248, 23.28407318861, 23.29252830301, 23.28397823904, 23.2925016058, 57.47879258458, -0.1979205247906, 0.2048064790987, 0, 1, 50.02761212571, 50, 50.02762724229, 4.8791507286e-05, 0, 0, 0, 0, 0, 0, 0, 0, 57.48033866307, 54.53038414952, 57.48014976022, 54.53018677458, 57.47879258458, 54.53028545874, 57.48033974394, 54.53038414621, 0, 57.48015088065, 54.53018677128, -0.007061840383657, 0, -0.2048165324457, -0.007180159174468, 0.197566382917, -0.007180159174468, 0.7843292455775, 0.7849747100013, -0.7901396668178, -0.7900252811594, -0.002900224010993, -0.00255166297097, 0.7846316102701, 0.7849483290814, 0, -0.7904645979724, -0.7900516550234, -5.551115123126e-17, -0, -5.551115123126e-17, -0, 0.002620727090917, 0.3940901281498, 0.3912328994213, 0.3941428374028, 0, 0.3912221759049, 0.3940374188969
4.175, 0.1951092942307, -0.1196266033158, -0.2073113582239, -0.1195601720478, -0.03028695648212, 0.0001051437606339, -0.03810319337657, -0.003997585486867, 0, 0, -1000, 0, 1000, 7527.008753829, 3131.084146341, 7532.908984689, 3136.056346647, 16.87695590033, 39.36131595153, 31.13665254799, 15.87890123325, -243.1607122379, 1.545210975552, 242.1687410322, 1.375015739214, 5405.576762962, 3985.521740106, 5409.940728581, 3956.313460689, 3, -1.562454184826, -51.05693636693, 1.645016626848, 51.17093406187, -1.422851488577, 0.2610733413264, -1.35588421081, 0.3953702519469, 0, 0, 0.2164611153531, -0, -0, -0, -0, -0, 0.2164611297966, 0.00276735120924, 0, 0, 0, 0, 0, -0.002116642104229, 0.002767370958526, -0.0442578817195, -0.002116626998855, 0.0475530854517, -0.002116626998855, 23.42479993817, 23.43330571749, 23.42470647337, 23.43327871428, 57.82620539278, -0.1958675078857, 0.2068546861869, 0, 1, 50.02750724599, 50, 50.02751156192, -2.916320279809e-05, 0, 0, 0, 0, 0, 0, 0, 0, 57.82775133769, 54.87779108182, 57.8275637053, 54.87760581224, 57.82620539278, 54.87769844874, 57.82775240757, 54.87779108353, 0, 57.82756483609, 54.87760581395, -0.007138625765776, 0, -0.2028403197194, -0.006739787236314, 0.1995378912075, -0.006739787236314, 0.7842884533279, 0.7848862742051, -0.7901807722239, -0.7901137159728, -0.002939748485808, -0.002599162374963, 0.7845906568393, 0.7849008316393, 0, -0.7905054690285, -0.7900991563892, -0, 5.551115123126e-17, -0, -0, 0.002619478232204, 0.394089805308, 0.3912318020802, 0.3940607133962, 0, 0.3912230908971, 0.3941188972197
4.2, 0.1967423415662, -0.07779004132151, -0.2056696193942, -0.07776188774373, -0.02079093983832, 0.0001656669581362, -0.03441540466445, -0.0004356351487131, 0, 0, -1000, 0, 1000, 7526.90137148, 3130.198960071, 7533.236271204, 3136.839278079, 20.11917091271, 34.54792337205, 27.64132725188, 20.69189307193, -243.2209162091, 2.166770263491, 242.1549345671, 1.992425672963, 5405.099509821, 3994.600066693, 5410.492822393, 3946.98283288, 3, -1.01246733035, -33.42054719077, 1.08726990696, 33.55794351302, -1.424079789209, 0.2382675012179, -1.352565124902, 0.4157517352649, 0, 0, 0.2165112696447, -0, -0, -0, -0, -0, 0.2165113007617, 0.003003909143389, 0, 0, 0, 0, 0, -0.003450687416259, 0.003003930590813, -0.04398084918263, -0.00345066277908, 0.04778085966053, -0.00345066277908, 23.56552773891, 23.57408170227, 23.56543265951, 23.5740558507, 58.17361762243, -0.1971905529184, 0.2055266586662, 0, 1, 50.02737624242, 50, 50.02737788093, -6.262251061361e-05, 0, 0, 0, 0, 0, 0, 0, 0, 58.17516550165, 55.22520239543, 58.17497470482, 55.22501928946, 58.17361762243, 55.2251108452, 58.17516657204, 55.22520239819, 0, 58.17497583316, 55.22501929222, -0.007190647741548, 0, -0.2042164042942, -0.006661078916484, 0.198156931195, -0.006661078916484, 0.7842491056883, 0.7848359905077, -0.7902203809166, -0.7901640017049, -0.002979400316212, -0.002640271356827, 0.7845494182591, 0.7848597218931, 0, -0.790546632094, -0.7901402646068, -5.551115123126e-17, 5.551115123126e-17, -0, -5.551115123126e-17, 0.002618359856357, 0.3940900561582, 0.3912327542401, 0.3940426286346, 0, 0.3912219898151, 0.3941374836819
4.225, 0.1976708468149, 0.02215031306872, -0.2047500272568, 0.02215265474615, 0.004313401022475, 0.0002428473548197, -0.02313061374461, -0.001635123032894, 0, 0, -1000, 0, 1000, 7526.724676779, 3129.954322251, 7533.610579894, 3137.13210937, 26.95023193119, 23.6615083107, 20.76616158803, 32.16513822811, -242.9698950565, 2.688707289634, 242.407355892, 2.470180085544, 5404.324085537, 3995.099507747, 5411.353750482, 3945.700121856, 3, 0.5351800745986, 8.686808096825, -0.433647893743, -10.287372966, -1.426032889517, 0.2323237793623, -1.348744391605, 0.4221830952355, 0, 0, 0.2165414726424, -0, -0, -0, -0, -0, 0.2165415071751, 0.003324806993761, 0, 0, 0, 0, 0, -0.003579834987023, 0.003324830738966, -0.04353841079318, -0.003579809420626, 0.04817710681395, -0.003579809420626, 23.70625559295, 23.71485807944, 23.70615766721, 23.71483110804, 58.52102908638, -0.2001337447752, 0.2025792789218, 0, 1, 50.02722174138, 50, 50.02726620425, 0.0001718534416559, 0, 0, 0, 0, 0, 0, 0, 0, 58.5225798012, 55.57261418955, 58.52238376552, 55.57243075137, 58.52102908638, 55.57252247333, 58.52258087637, 55.57261419241, 0, 58.522384886, 55.57243075424, -0.007239237777282, 0, -0.2072098556412, -0.006673164052265, 0.1951594188234, -0.006673164052265, 0.784210803954, 0.7847956380333, -0.7902589313679, -0.7902043543584, -0.003018563846216, -0.002679735579668, 0.7845080965601, 0.7848202575421, 0, -0.7905878867661, -0.7901797287014, -0, -0, 5.551115123126e-17, -5.551115123126e-17, 0.002617341908261, 0.3940908362531, 0.3912343012169, 0.3940416336776, 0, 0.3912202725539, 0.3941400388286
4.25, 0.2056018781881, 0.1008080572859, -0.1967915795362, 0.1008557724587, 0.02326861484325, 2.798866480113e-05, 0.0138790719203, 0.002005038669554, 0, 0, 142.4020877884, 0, -75.07910261034, 7526.902385885, 3131.775696404, 7533.629152719, 3135.030822306, 35.38905604074, 16.42846875081, 11.81382331851, 37.77578516027, -242.1951703467, -0.02669546696005, 243.0396187217, -0.2005475607239, 5404.91742537, 3972.500610547, 5410.867491738, 3970.170562954, 3, 1.432878327692, 43.08751718763, -1.362159066576, -43.17081429649, -1.424266779418, 0.2783693620599, -1.348650234397, 0.3704332146728, 0, 0, 0.2165807910571, -0, -0, -0, -0, -0, 0.216580791849, 0.003179236415619, 0, 0, 0, 0, 0, -0.0001688520165578, 0.003179259129431, -0.04344203475479, -0.000168850810216, 0.04823998353093, -0.000168850810216, 23.84698307314, 23.8556329622, 23.84688176956, 23.85560637579, 58.86843932653, -0.2026261136433, 0.2000803102173, 0, 1, 50.02704945843, 50, 50.02705547439, -4.660876488348e-05, 0, 0, 0, 0, 0, 0, 0, 0, 58.86999247982, 55.92002872875, 58.86979212495, 55.91983690969, 58.86843932653, 55.91993281936, 58.86999356554, 55.92002872889, 0, 58.86979323249, 55.91983690983, -0.007246616104043, 0, -0.2097099559365, -0.006978046007548, 0.1926527832049, -0.006978046007548, 0.784167353219, 0.7847817309082, -0.7903025397953, -0.7902182574178, -0.003063577578727, -0.002717101873564, 0.7844639867991, 0.7847828922826, 0, -0.7906319253826, -0.7902170960297, -0, -0, -0, -0, 0.002616306333836, 0.394088972933, 0.3912331197649, 0.3940866521685, 0, 0.3912212408352, 0.3940912936976
4.275, 0.2069606858735, 0.115371524551, -0.195424665651, 0.1154338172415, 0.02598401339787, -5.5751903255e-05, 0.03258444419631, 0.001267557962191, 0, 0, 842.4148240299, 0, -772.1711270363, 7527.019763635, 3131.942569859, 7533.702516934, 3134.80943419, 33.05608925934, 15.29022943673, 13.89864840665, 38.57250711982, -242.3991372357, -0.6448425356894, 242.9007716277, -0.8272265184925, 5405.362714435, 3970.853017563, 5410.550280812, 3971.532221972, 3, 1.55098248264, 49.32021735654, -1.487036265654, -48.87733365325, -1.423131967297, 0.2817284049509, -1.34798003436, 0.3656581147504, 0, 0, 0.2166200677264, -0, -0, -0, -0, -0, 0.2166200675185, 0.003101492269191, 0, 0, 0, 0, 0, 4.922003947011e-05, 0.003101514435603, -0.04336420319688, 4.921968769626e-05, 0.04827487852314, 4.921968769626e-05, 23.98770926982, 23.99640663771, 23.98760573223, 23.99638104854, 59.21584825548, -0.2047366810883, 0.1979658125412, 0, 1, 50.02685245518, 50, 50.02684690804, -9.184850019495e-05, 0, 0, 0, 0, 0, 0, 0, 0, 59.21740373714, 56.26743870522, 59.21719927888, 56.26724511426, 59.21584825548, 56.2673419097, 59.21740483203, 56.26743870518, 0, 59.21720037483, 56.26724511422, -0.007286577947617, 0, -0.2118607654838, -0.007042504859489, 0.1904981437767, -0.007042504859489, 0.7841237874968, 0.784741751697, -0.790346333679, -0.7902582364059, -0.003108127940854, -0.002758580895095, 0.7844198889104, 0.7847414131558, 0, -0.7906759581053, -0.790258574946, -5.551115123126e-17, -0, -0, -5.551115123126e-17, 0.002615277473063, 0.3940892577294, 0.3912322331377, 0.3940899342278, 0, 0.3912218725286, 0.394088581231
4.3, 0.2061643269825, 0.04062384329402, -0.1962501139674, 0.04063159626997, 0.007570446534544, -0.0003386074248271, 0.03020355086405, -0.002690463811681, 0, 0, 1000, 0, -1000, 7527.238827429, 3133.430372735, 7533.673357768, 3133.333753182, 21.91712201998, 25.28042046923, 25.24951636783, 30.64434950031, -243.1327491211, -2.663538900044, 242.2687552906, -2.844761378428, 5404.966338594, 3951.866015586, 5411.083750328, 3989.224071253, 3, 0.4286320283977, 15.70076967364, -0.3064592292727, -18.48176054151, -1.420930273704, 0.3186305899053, -1.348383650711, 0.3286313117285, 0, 0, 0.216666417921, -0, -0, -0, -0, -0, 0.2166664165458, 0.003070910538913, 0, 0, 0, 0, 0, 0.002707233571652, 0.00307093249615, -0.04327804312306, 0.00270721421487, 0.04831389329428, 0.00270721421487, 24.1284342635, 24.13718050252, 24.1283293543, 24.13715374627, 59.56325565693, -0.2059534466513, 0.1967455933666, 0, 1, 50.0266305904, 50, 50.0267086417, 0.0004136685631009, 0, 0, 0, 0, 0, 0, 0, 0, 59.56481277372, 56.61484972417, 59.56460569503, 56.61464923375, 59.56325565693, 56.61474947659, 59.56481387285, 56.6148497218, 0, 59.56460678469, 56.61464923138, -0.007312362361332, 0, -0.2131036155908, -0.007293494928406, 0.1892519453408, -0.007293494928406, 0.7840804449126, 0.7847217699158, -0.7903899356119, -0.7902782190815, -0.0031521630347, -0.002796845282875, 0.784375958577, 0.7847031474577, 0, -0.7907198255616, -0.7902968380234, -0, -0, -0, -5.551115123126e-17, 0.002614243286061, 0.3940905472824, 0.3912330231756, 0.3941277565011, 0, 0.3912208096161, 0.3940533380636
4.325, 0.1986955177524, -0.09601659954001, -0.2036925220853, -0.09597378261867, -0.0255095333096, -0.0003697202976604, 0.01508325695145, -0.002128919998873, 0, 0, 1000, 0, -1000, 7527.276321073, 3133.371527986, 7533.836280132, 3133.025364989, 14.69663584827, 38.82074798343, 31.87409338616, 15.73165217226, -243.3825791404, -2.656799938304, 241.9533681429, -2.927612768009, 5405.252489286, 3950.60868315, 5410.918349297, 3991.579141722, 3, -1.483080318306, -41.41911958557, 1.55912888143, 41.05206483597, -1.420625543526, 0.3180859259587, -1.34676568548, 0.3218465274395, 0, 0, 0.2167373413093, -0, -0, -0, -0, -0, 0.2167373407422, 0.003105754862316, 0, 0, 0, 0, 0, 0.002969014297233, 0.003105777083233, -0.04369273596552, 0.002968993054813, 0.04786522825, 0.002968993054813, 24.26915475836, 24.27795342134, 24.26905583372, 24.27792551602, 59.91066122888, -0.1984319654793, 0.2042599500216, 0, 1, 50.02639806639, 50, 50.02641514, 7.377206291823e-05, 0, 0, 0, 0, 0, 0, 0, 0, 59.91221405236, 56.96225638493, 59.91201654192, 56.96205414197, 59.91066122888, 56.96215526083, 59.91221512307, 56.96225638231, 0, 59.91201766408, 56.96205413934, -0.007356962975833, 0, -0.2056250599764, -0.007357249664393, 0.1967233938702, -0.007357249664393, 0.7840339186049, 0.7846822336508, -0.7904366218337, -0.7903177554789, -0.003195727801201, -0.002838182118769, 0.7843322636062, 0.7846618103315, 0, -0.7907634484059, -0.7903381745691, -0, -0, -0, -0, 0.002613163757279, 0.3940894538286, 0.3912324510054, 0.3941302610582, 0, 0.3912211416714, 0.394048646599
4.35, 0.1959003871453, -0.114533147628, -0.2064771632523, -0.1144723407511, -0.02984133494174, 2.293192357206e-05, -0.03399495756935, 0.002353637896609, 0, 0, -816.8405443487, 0, 903.2922669548, 7527.092903565, 3130.868157902, 7534.206897387, 3135.508220024, 13.69689799738, 38.23091663213, 32.60776153204, 15.09493608114, -243.2244372728, 0.8362231639793, 242.0998992833, 0.6557852776384, 5405.391574153, 3979.799901711, 5410.867299256, 3960.918922473, 3, -1.528374372407, -48.76414315441, 1.587267174497, 49.25231334461, -1.422643044621, 0.2553466233307, -1.342973216679, 0.3838401902319, 0, 0, 0.2167919505349, -0, -0, -0, -0, -0, 0.2167919594696, 0.003304683783325, 0, 0, 0, 0, 0, -0.001368251650066, 0.003304707439447, -0.04359152279116, -0.001368241855696, 0.04792263273422, -0.001368241855696, 24.40987739808, 24.41872489762, 24.40977848446, 24.41869674628, 60.2580652508, -0.197909244622, 0.2047787062794, 0, 1, 50.02614275251, 50, 50.02613681655, -6.672976286667e-05, 0, 0, 0, 0, 0, 0, 0, 0, 60.25961904546, 57.30965665983, 60.2594203517, 57.30946255607, 60.2580652508, 57.30955960911, 60.25962011142, 57.30965666099, 0, 60.25942147769, 57.30946255723, -0.007440289273848, 0, -0.2051860031931, -0.007061159588008, 0.1971585660397, -0.007061159588008, 0.7839913101326, 0.7846056357983, -0.7904794661104, -0.7903943526901, -0.003237749551182, -0.002884947426678, 0.7842889638224, 0.7846150463684, 0, -0.7908066847202, -0.7903849412218, -0, -0, 5.551115123126e-17, -0, 0.002612190237735, 0.3940909173934, 0.3912321744704, 0.3940721116372, 0, 0.3912212430371, 0.3941097231496
4.375, 0.1969643366651, -0.008520457567568, -0.2054291770194, -0.008520152787677, -0.003270729518692, 0.0002772639204584, -0.02655232811399, -0.002406855053225, 0, 0, -1000, 0, 1000, 7527.044536891, 3129.641607525, 7534.426977441, 3136.728305447, 25.6480705827, 26.59905917415, 20.8043867518, 28.35341421527, -242.6660216097, 2.676752064332, 242.7526578109, 2.475249596645, 5405.303790159, 3993.595965056, 5411.020873102, 3946.113542296, 3, 0.1765308674219, -4.602934084703, -0.07527175769918, 2.4079957056, -1.423241811893, 0.2249859822618, -1.34075594507, 0.4137254724193, 0, 0, 0.2168330593733, -0, -0, -0, -0, -0, 0.2168330923705, 0.003422995299291, 0, 0, 0, 0, 0, -0.00344091811034, 0.003423019811623, -0.04344895379267, -0.00344089346983, 0.04802173345238, -0.00344089346983, 24.55059975865, 24.55949549007, 24.55049967433, 24.55946683877, 60.60546759122, -0.1985191054797, 0.2041663757249, 0, 1, 50.02586553766, 50, 50.02592614211, 0.0003048940069759, 0, 0, 0, 0, 0, 0, 0, 0, 60.60702285875, 57.65705746731, 60.60682179534, 57.65686663464, 60.60546759122, 57.65696205384, 60.60702392471, 57.65705747018, 0, 60.60682291978, 57.6568666375, -0.007504470348244, 0, -0.2058605579764, -0.006942163126716, 0.1964816414652, -0.006942163126716, 0.7839483563498, 0.7845473391143, -0.7905226603865, -0.7904526521649, -0.00328088505623, -0.002928989366528, 0.7842450366634, 0.7845710034329, 0, -0.7908505554187, -0.7904289821659, -0, 5.551115123126e-17, -0, -0, 0.002611316708801, 0.3940919220908, 0.3912323500783, 0.3940446288411, 0, 0.3912209365466, 0.3941392153405
4.4, 0.2048272434234, 0.09618739394405, -0.197534213492, 0.09623101207603, 0.02239892646849, 0.0002257133471926, -0.007677481080511, -0.004728256256462, 0, 0, -743.1219453255, 0, 705.5906608166, 7527.3640915, 3130.434197283, 7534.27282332, 3135.677494104, 33.13759891174, 15.64218966504, 12.75292422448, 37.74455587793, -241.976857848, 1.579250935895, 243.335464502, 1.390110741558, 5405.810789132, 3984.481109021, 5410.554136662, 3956.787361738, 3, 1.559126091932, 41.04123814302, -1.499416105714, -41.63649935189, -1.419978134028, 0.2457550909992, -1.34246143174, 0.3877769422244, 0, 0, 0.2168691047496, -0, -0, -0, -0, -0, 0.2168691192325, 0.003158034297492, 0, 0, 0, 0, 0, -0.002006888261704, 0.003158056919937, -0.04329988978587, -0.002006873885546, 0.04814448495473, -0.002006873885546, 24.69132333645, 24.70026487571, 24.6912178524, 24.70023617308, 60.95286804892, -0.2036912909275, 0.1989876891099, 0, 1, 50.02558031747, 50, 50.02559711059, 2.208547599795e-05, 0, 0, 0, 0, 0, 0, 0, 0, 60.95442775314, 58.00446034447, 60.9542183342, 58.0042650209, 60.95286804892, 58.00436268439, 60.95442884225, 58.00446034618, 0, 60.95421943167, 58.00426502261, -0.007526454009436, 0, -0.2110553020938, -0.007105534062738, 0.1912804387611, -0.007105534062738, 0.7839033334948, 0.7845155658719, -0.7905678023456, -0.7904844229828, -0.003328533677981, -0.002970624926765, 0.7841989951016, 0.7845293685344, 0, -0.7908965364138, -0.7904706183879, -0, -0, -0, -0, 0.00261049861133, 0.3940903698073, 0.391231340891, 0.3940627863937, 0, 0.3912218655968, 0.3941179532209
4.425, 0.2060258188235, 0.08380269801864, -0.1963325215794, 0.08383569423156, 0.01891767254656, -0.0001665463601355, 0.03482290285718, -0.001195622774838, 0, 0, 1000, 0, -1000, 7527.906377803, 3132.796047609, 7533.872295719, 3133.237920373, 27.17378452659, 19.22570684434, 18.68204299034, 34.37807625033, -242.3892597697, -1.778183756262, 243.0237735482, -1.948409590883, 5406.570697498, 3958.125624859, 5409.861238026, 3984.007532543, 3, 1.167172619664, 35.63823621579, -1.11162070256, -35.97469018618, -1.414374279769, 0.3047039484156, -1.346751666036, 0.3270506840454, 0, 0, 0.2168836601821, -0, -0, -0, -0, -0, 0.2168836580534, 0.002688259528258, 0, 0, 0, 0, 0, 0.001875589325012, 0.002688278788076, -0.04351987907582, 0.0018755758876, 0.047889147421, 0.0018755758876, 24.83204412488, 24.84103316355, 24.83193690298, 24.84100440022, 61.30026666829, -0.2054005901504, 0.1972770465644, 0, 1, 50.02526954381, 50, 50.02527976911, -1.656635656707e-05, 0, 0, 0, 0, 0, 0, 0, 0, 61.30182779959, 58.3518637587, 61.30161573238, 58.35165852873, 61.30026666829, 58.35176114203, 61.30182890308, 58.35186375702, 0, 61.30161681429, 58.35165852705, -0.007523847530009, 0, -0.212761164792, -0.007465911927629, 0.1895733435478, -0.007465911927629, 0.7838549440276, 0.7845026233216, -0.7906163878679, -0.7904973641511, -0.003378385568401, -0.003010270924713, 0.7841521065891, 0.7844897219677, 0, -0.7909433796592, -0.7905102638172, -0, -5.551115123126e-17, -0, -0, 0.002609775507129, 0.3940895085962, 0.3912298259917, 0.3941152873887, 0, 0.3912232473336, 0.3940637298037
4.45, 0.1999079267206, -0.0867017965529, -0.2024418515271, -0.08666676860076, -0.02283061409238, -0.0005480261723547, 0.0165940531833, -0.0004264977026177, 0, 0, 1000, 0, -1000, 7528.383942373, 3134.665893631, 7533.537972804, 3131.246437611, 16.48614511636, 38.89918169221, 29.08499109163, 15.73483667905, -243.0979897767, -4.451785672148, 242.2968005235, -5.100370193314, 5406.76126826, 3936.295614814, 5409.770665264, 4006.433888904, 3, -1.379011321765, -36.94418040552, 1.418781878146, 37.67087042284, -1.409444378271, 0.3517351586807, -1.350347438891, 0.2773908242966, 0, 0, 0.2169124978037, -0, -0, -0, -0, -0, 0.2169125169987, 0.002379007776905, 0, 0, 0, 0, 0, 0.005082724183799, 0.002379024825647, -0.04420386096438, 0.005082687759602, 0.04717949311516, 0.005082687759602, 24.97275978186, 24.981800826, 24.97265904438, 24.98177104755, 61.64766294131, -0.1973144839353, 0.205358475165, 0, 1, 50.02494841065, 50, 50.02493461132, -0.0001197039525958, 0, 0, 0, 0, 0, 0, 0, 0, 61.6492187408, 58.69926421943, 61.64901774044, 58.69905078265, 61.64766294131, 58.6991574963, 61.64921981904, 58.69926421469, 0, 61.64901885175, 58.69905077791, -0.007528855931883, 0, -0.2046773990266, -0.007764461281727, 0.1976524839847, -0.007764461281727, 0.7838045622591, 0.7844848887272, -0.790666896765, -0.7905151030079, -0.003426144200678, -0.003050066624265, 0.784106395049, 0.7844499230462, 0, -0.7909890429634, -0.7905500562947, -0, -0, -0, -5.551115123126e-17, 0.002609009740416, 0.3940889132863, 0.3912294427934, 0.3941587721248, 0, 0.3912234317774, 0.3940190544479
4.475, 0.1965153723316, -0.1041800649756, -0.2058413067659, -0.1041297510571, -0.0263462825218, 1.982534622424e-06, -0.02005145654606, 0.002372373047657, 0, 0, -308.7949114305, 0, 382.5858016195, 7528.426008228, 3131.35014559, 7533.641692546, 3134.564513579, 10.5630560091, 36.97840182881, 34.87296521903, 15.61655353275, -243.1875377763, 0.6219397541266, 242.0823950103, 0.4407285013188, 5406.80329442, 3976.813420581, 5409.845392166, 3964.666594725, 3, -1.327266268155, -44.35264853054, 1.378225331425, 44.52821435434, -1.409081468163, 0.269388037765, -1.349352951281, 0.3594905047744, 0, 0, 0.2169545506415, -0, -0, -0, -0, -0, 0.2169545546723, 0.002396515574205, 0, 0, 0, 0, 0, -0.0008802464370006, 0.002396532755074, -0.04404201470439, -0.0008802401264676, 0.04731056437742, -0.0008802401264676, 25.1134787075, 25.1225673456, 25.11337576527, 25.12253644312, 61.99505676837, -0.2002546012744, 0.2024149402956, 0, 1, 50.02461455956, 50, 50.02461657969, -2.373575780074e-06, 0, 0, 0, 0, 0, 0, 0, 0, 61.99661566201, 59.0466524686, 61.99640906077, 59.04645084026, 61.99505676837, 59.0465516552, 61.99661675212, 59.04665246937, 0, 61.99641015816, 59.04645084104, -0.007600447344326, 0, -0.2076897097128, -0.007334890587067, 0.1946368061724, -0.007334890587067, 0.7837613506027, 0.7843930787497, -0.7907102690208, -0.7906069085301, -0.003470264266677, -0.003100860448311, 0.784062078153, 0.7843991330057, 0, -0.7910333101216, -0.7906008539024, 5.551115123126e-17, -0, -0, -0, 0.002608215993474, 0.3940901593008, 0.391229359927, 0.3940780608687, 0, 0.3912232821811, 0.3941022577329
4.5, 0.1956769923736, -0.1198754662651, -0.2066750110239, -0.1198085502393, -0.0305098436339, 0.0001355861391281, -0.03836777441354, -0.004270118319995, 0, 0, -1000, 0, 1000, 7528.508172831, 3130.206608859, 7533.709855096, 3135.545880954, 15.88457844627, 38.25515615796, 29.45259740621, 14.79231845134, -243.1190074424, 1.754287047203, 242.2788163976, 1.591730543697, 5406.718151705, 3989.946312421, 5410.02644703, 3951.071569586, 3, -1.573790760235, -51.4438631197, 1.628409139841, 51.32638177819, -1.408290992311, 0.2407353075585, -1.348726749084, 0.3847880943187, 0, 0, 0.2170116576015, -0, -0, -0, -0, -0, 0.2170116782202, 0.002421642620286, 0, 0, 0, 0, 0, -0.002817143703143, 0.002421659990433, -0.04427123049838, -0.002817123496255, 0.04704538261241, -0.002817123496255, 25.25419390516, 25.26333164733, 25.25409401731, 25.2633016596, 62.34244805621, -0.1957739842173, 0.2068929799578, 0, 1, 50.02426402347, 50, 50.02427386177, 5.413465259198e-05, 0, 0, 0, 0, 0, 0, 0, 0, 62.34400475813, 59.39404218765, 62.34380332809, 59.39384393524, 62.34244805621, 59.39394306388, 62.34400583048, 59.39404219009, 0, 62.34380444421, 59.39384393767, -0.007641984704168, 0, -0.2032496865624, -0.007212080273425, 0.1990742988214, -0.007212080273425, 0.7837157660393, 0.7843346725985, -0.7907560498544, -0.7906653168278, -0.003514153394556, -0.003145945435529, 0.7840180589349, 0.7843540473738, 0, -0.7910772798874, -0.7906459382449, 5.551115123126e-17, -0, -0, 5.551115123126e-17, 0.002607413773909, 0.3940906191631, 0.3912295283277, 0.3940518992997, 0, 0.3912229230051, 0.3941293390264
4.525, 0.1971378932245, -0.06174067675042, -0.2052154670312, -0.06172279966815, -0.01683672128609, 0.0001161914169213, -0.032839842727, -0.0009203647800302, 0, 0, -1000, 0, 1000, 7528.313735497, 3129.655032434, 7534.042231623, 3136.139511945, 20.12434523447, 31.92032697785, 25.18211981721, 21.38298400926, -243.460083019, 1.912125870356, 241.9831432402, 1.737542235214, 5405.360842124, 3993.915619683, 5411.421968697, 3945.572722103, 3, -0.8436571733233, -27.30049745171, 0.9066181025609, 26.35249276642, -1.410404219544, 0.2261392464656, -1.34533060639, 0.3999450025941, 0, 0, 0.2170489940325, -0, -0, -0, -0, -0, 0.2170490249687, 0.002817542464192, 0, 0, 0, 0, 0, -0.003503274358981, 0.002817562681036, -0.04385936515619, -0.003503249221946, 0.04742598002832, -0.003503249221946, 25.3949104141, 25.4040947754, 25.3948087862, 25.40406567805, 62.68983708391, -0.1973204347365, 0.2053435114299, 0, 1, 50.02389981373, 50, 50.02392764684, 0.0001302175620618, 0, 0, 0, 0, 0, 0, 0, 0, 62.69139572841, 59.7414309009, 62.69119093581, 59.74123377596, 62.68983708391, 59.74133234144, 62.69139679914, 59.74143090391, 0, 62.69119205191, 59.74123377897, -0.007690159824828, 0, -0.2048458541048, -0.007171064797034, 0.1974751732036, -0.007171064797034, 0.7836760901059, 0.7842881936834, -0.7907958933288, -0.7907117969247, -0.003553993632094, -0.003187705552936, 0.7839755727424, 0.7843122868071, 0, -0.7911197198442, -0.7906876979129, -0, -0, -0, -0, 0.002606735410435, 0.3940921423492, 0.3912322342938, 0.3940439920529, 0, 0.39122014094, 0.3941402926455
4.55, 0.2037006339557, 0.09235690787772, -0.1986357328722, 0.09239672546393, 0.02097645432214, 0.0002537242841072, -0.01579909236207, -0.00154948043812, 0, 0, -1000, 0, 1000, 7527.90726824, 3128.795286659, 7534.572085575, 3136.802774273, 29.98946613008, 14.94387498229, 15.0553124364, 38.21327833374, -243.0802186356, 2.952049161986, 242.306763432, 2.658659200704, 5404.189235982, 4000.564070132, 5412.614711131, 3940.112336545, 3, 1.332745154364, 39.16513382037, -1.290180214345, -39.29871028772, -1.414739781717, 0.2050738599109, -1.33985403143, 0.4170114251453, 0, 0, 0.2170763159745, -0, -0, -0, -0, -0, 0.2170763631464, 0.003326794048467, 0, 0, 0, 0, 0, -0.004380767787307, 0.003326817925378, -0.04302470494612, -0.004380736346077, 0.04824146867722, -0.004380736346077, 25.53562835091, 25.54485710341, 25.53551991737, 25.54482806414, 63.03722369165, -0.2045808482119, 0.1980787799226, 0, 1, 50.02352613517, 50, 50.02353121637, -1.908657772966e-05, 0, 0, 0, 0, 0, 0, 0, 0, 63.03878835465, 60.08881664521, 63.03857191252, 60.08862119512, 63.03722369165, 60.0887189239, 63.03878944252, 60.08881664895, 0, 63.03857300572, 60.08862119886, -0.007743532303804, 0, -0.212162832389, -0.007110136710034, 0.1901539063424, -0.007110136710034, 0.783639039144, 0.7842400909273, -0.7908330295304, -0.7907599015491, -0.003593323340221, -0.003229773797035, 0.7839328241305, 0.7842702178375, 0, -0.791162422376, -0.7907297654316, -0, -0, -0, -0, 0.00260614473991, 0.3940909586024, 0.3912345724912, 0.3940307477126, 0, 0.3912177603112, 0.3941511694923
4.575, 0.2055858079411, 0.1003215126351, -0.1967419406569, 0.1003686950409, 0.02325507417348, -4.745243835676e-05, 0.01422354875406, 0.003283632377639, 0, 0, 163.6658444456, 0, -79.52612494992, 7527.831302076, 3131.342963703, 7534.756136711, 3134.208403382, 34.30213780106, 15.51147551873, 10.58860952565, 36.62815861338, -242.5260820483, -0.4289330303972, 242.7583886122, -0.6054360659434, 5404.84393172, 3968.209813019, 5411.993007653, 3972.804508247, 3, 1.365887938236, 42.91650998456, -1.330308502326, -42.81948312729, -1.415614332359, 0.2691216987235, -1.338002818555, 0.3517838050087, 0, 0, 0.2170913690829, -0, -0, -0, -0, -0, 0.2170913676868, 0.003339133862359, 0, 0, 0, 0, 0, 0.0003329646928899, 0.003339157831158, -0.04310968681415, 0.000332962302837, 0.04813317275677, 0.000332962302837, 25.67634131918, 25.68561864597, 25.67623372627, 25.68558869621, 63.38460779026, -0.202448740439, 0.2002086096041, 0, 1, 50.02314188854, 50, 50.0231412427, -4.760298106893e-05, 0, 0, 0, 0, 0, 0, 0, 0, 63.38617124492, 60.43620626275, 63.38595743349, 60.43599996394, 63.38460779026, 60.43610311305, 63.38617232398, 60.43620626245, 0, 63.38595853646, 60.43599996364, -0.007744102848352, 0, -0.2100309467833, -0.00750479433641, 0.1922835787505, -0.00750479433641, 0.7835925911628, 0.7842346519899, -0.7908796019207, -0.7907653345258, -0.003639194301211, -0.003267631442232, 0.7838869554887, 0.784232361789, 0, -0.7912082563213, -0.7907676246735, -0, -0, -0, -0, 0.002605624048666, 0.3940906231793, 0.3912332678806, 0.394095199569, 0, 0.3912189993858, 0.3940860467897
4.6, 0.2065874660113, 0.1054993357451, -0.1957326925676, 0.1055515187706, 0.02374596993783, 4.539788764153e-05, 0.01395655785068, 0.004676884104865, 0, 0, 155.8476426335, 0, -51.31949711144, 7527.798667518, 3130.803146946, 7534.887838611, 3134.828017508, 35.0062546007, 14.74470862047, 9.743012842057, 36.82347979809, -242.2406473947, 0.1808841042395, 243.0223862283, -0.0109717194152, 5405.778961834, 3975.943993632, 5411.116375398, 3964.255677406, 3, 1.431483975915, 45.317661807, -1.406164276074, -44.61023839303, -1.416034442623, 0.2544931429319, -1.336697615952, 0.3677109290745, 0, 0, 0.2171042505238, -0, -0, -0, -0, -0, 0.2171042553984, 0.003270375970861, 0, 0, 0, 0, 0, -0.0008470195371652, 0.003270399448892, -0.04316111276837, -0.0008470134564548, 0.04806098090815, -0.0008470134564548, 25.81705387808, 25.82637789834, 25.81694557408, 25.82634921349, 63.73198918392, -0.2025297918276, 0.2001256719488, 0, 1, 50.02274755912, 50, 50.02273177203, -0.0001293769958343, 0, 0, 0, 0, 0, 0, 0, 0, 63.73355344017, 60.7835872342, 63.73333820821, 60.78338219688, 63.73198918392, 60.7834847163, 63.73355452118, 60.78358723496, 0, 63.73333930878, 60.78338219764, -0.007791609083641, 0, -0.2101593007876, -0.007458903812728, 0.1921533969577, -0.007458903812728, 0.7835452064579, 0.7841801870451, -0.7909270962099, -0.7908197997809, -0.003686717079406, -0.003313980445849, 0.7838399205282, 0.784186012795, 0, -0.7912552591503, -0.7908139736867, -0, -0, -0, -5.551115123126e-17, 0.002605123761436, 0.3940914345475, 0.391231405007, 0.3940797927983, 0, 0.3912207460784, 0.3941030762968
4.625, 0.2080166606705, 0.1173210495031, -0.1943043449496, 0.1173853586778, 0.02613166213978, -0.0001779187398664, 0.03771455552783, -0.003743761306858, 0, 0, 1000, 0, -1000, 7527.846571155, 3131.709977161, 7534.938110453, 3133.855977232, 30.31134013331, 14.64538252046, 14.38954778311, 37.69624612556, -242.7524941389, -1.492727647091, 242.627838756, -1.661728222743, 5405.1321952, 3963.925507135, 5411.813218881, 3976.715148576, 3, 1.529210759996, 49.78919247484, -1.497401256399, -49.7970801259, -1.415605451623, 0.2769848132646, -1.336241406897, 0.3438567690218, 0, 0, 0.2171184991433, -0, -0, -0, -0, -0, 0.2171184959965, 0.003358754135915, 0, 0, 0, 0, 0, 0.0009268294914501, 0.003358778251578, -0.04284899306393, 0.0009268228369151, 0.04835007488545, 0.0009268228369151, 25.95776663368, 25.9671366556, 25.95765482874, 25.96710770776, 64.07936778854, -0.2063227765356, 0.1963309593859, 0, 1, 50.02233909838, 50, 50.0223401046, -4.638920756483e-05, 0, 0, 0, 0, 0, 0, 0, 0, 64.08093538713, 61.1309682843, 64.08071367889, 61.13075821828, 64.07936778854, 61.13086325044, 64.08093647991, 61.13096828345, 0, 64.08071476397, 61.13075821743, -0.007832943327811, 0, -0.2139948188723, -0.00764183918052, 0.1883162157193, -0.00764183918052, 0.7835008513399, 0.7841507498539, -0.7909715767443, -0.7908492363433, -0.003732520109149, -0.003355618103982, 0.783793435076, 0.7841443747886, 0, -0.7913017125354, -0.7908556109965, -0, -0, -0, -0, 0.002604631777161, 0.3940909953113, 0.391232694986, 0.394103733998, 0, 0.3912193562836, 0.3940782566246
4.65, 0.2030027742052, -0.05880013070233, -0.1993248956467, -0.05878401914923, -0.01725055927139, -0.0005289700558324, 0.01919257299098, -0.0003053750430942, 0, 0, 1000, 0, -1000, 7527.913688756, 3133.559311071, 7534.95926791, 3132.095143935, 17.81447889873, 35.41728812059, 26.90253888358, 18.48460101988, -243.4479450115, -4.040083861152, 241.9801146891, -4.47287625715, 5404.775974077, 3940.938882551, 5412.205001976, 3999.393297584, 3, -1.175851423636, -25.79388896539, 1.214334734454, 25.3983981333, -1.414976717683, 0.3225348103778, -1.33609117341, 0.2999148430298, 0, 0, 0.2171170773945, -0, -0, -0, -0, -0, 0.2171170822617, 0.003413377328488, 0, 0, 0, 0, 0, 0.004236027718834, 0.003413401836021, -0.04317651523375, 0.004235997305012, 0.04800330482169, 0.004235997305012, 26.09847399044, 26.10789437301, 26.09836705491, 26.10786470164, 64.42674371072, -0.1995834604077, 0.2030683238074, 0, 1, 50.02192158486, 50, 50.02193155347, -3.625498563939e-06, 0, 0, 0, 0, 0, 0, 0, 0, 64.42830709804, 61.4783483728, 64.42809379669, 61.47813002132, 64.42674371072, 61.47823919302, 64.42830816464, 61.47834836876, 0, 64.42809491237, 61.47813001728, -0.007861366966738, 0, -0.2072826379367, -0.007943249465191, 0.1950265205699, -0.007943249465191, 0.783451851794, 0.7841333467442, -0.7910206814372, -0.7908666424246, -0.0037789995742, -0.003395783837488, 0.7837466725954, 0.7841042064425, 0, -0.7913484486899, -0.7908957741174, -0, -0, -0, -0, 0.00260420694712, 0.3940913015324, 0.3912334029107, 0.3941495230611, 0, 0.3912185778304, 0.3940330800036
4.675, 0.1999646788139, -0.08590749992506, -0.2023449382286, -0.08587328028654, -0.02302668242136, -0.0006609283238434, 0.01701339505615, 0.0002437639569155, 0, 0, 1000, 0, -1000, 7527.944495768, 3134.714597187, 7535.016014697, 3130.89018183, 16.57337423133, 38.61477395551, 27.84254094531, 15.38470598977, -243.2711264992, -5.208867641149, 242.1515799632, -6.146700284559, 5405.45455644, 3926.701153332, 5411.56664858, 4014.413752963, 3, -1.476945216229, -36.18803139337, 1.483538745955, 37.53781089467, -1.414728662074, 0.3522658760771, -1.335565140275, 0.2691816186634, 0, 0, 0.2171199295416, -0, -0, -0, -0, -0, 0.2171199563681, 0.003334716952333, 0, 0, 0, 0, 0, 0.006356286387281, 0.003334740895726, -0.04338990166913, 0.006356240749222, 0.0477754113628, 0.006356240749222, 26.23918171794, 26.24865135899, 26.23907642612, 26.24861978423, 64.7741166869, -0.1970442492545, 0.2056048010926, 0, 1, 50.02150076274, 50, 50.02146657806, -0.0002548648545026, 0, 0, 0, 0, 0, 0, 0, 0, 64.77567871455, 61.82572432207, 64.77546817963, 61.82550004926, 64.7741166869, 61.82561217944, 64.77567977344, 61.82572431584, 0, 64.77546930428, 61.82550004304, -0.007892771701407, 0, -0.2047740028199, -0.008158657201504, 0.1975324724556, -0.008158657201504, 0.7834025090103, 0.7841052516188, -0.7910700940834, -0.7908947421053, -0.003827455290113, -0.003438464592767, 0.7836987858941, 0.7840615225775, 0, -0.7913963062882, -0.790938451763, -0, -0, -0, -0, 0.002603780021054, 0.3940905205766, 0.3912320500527, 0.3941778837231, 0, 0.3912198507509, 0.3940031574301
4.7, 0.1988308468755, -0.09045641888509, -0.2034841010558, -0.0904187196664, -0.02333279718526, -0.0004413029231725, 0.01643303788742, -0.0009363699746796, 0, 0, 1000, 0, -1000, 7528.238170661, 3134.335557024, 7534.803875281, 3131.34911275, 15.64976318527, 38.33887329959, 28.75381883559, 14.9311511666, -242.7535461496, -3.856105281502, 242.6561182775, -4.394502777571, 5407.06069071, 3934.36018903, 5410.004050097, 4006.516637451, 3, -1.318453171011, -38.25753354571, 1.339139569789, 38.61168238436, -1.411722202375, 0.3433552963435, -1.337860465302, 0.2796214584509, 0, 0, 0.2171174517575, -0, -0, -0, -0, -0, 0.2171174686863, 0.002911130726863, 0, 0, 0, 0, 0, 0.005228975692425, 0.002911151628414, -0.04370119779863, 0.005228938149303, 0.0474488590474, 0.005228938149303, 26.37988933402, 26.38940674682, 26.37978339137, 26.38937383145, 65.12148674902, -0.1974141457622, 0.2052326859768, 0, 1, 50.02107019104, 50, 50.02106107498, -0.0001102934517264, 0, 0, 0, 0, 0, 0, 0, 0, 65.1230495123, 62.17309413522, 65.12283748312, 62.17287049332, 65.12148674902, 62.17298230916, 65.1230505809, 62.17309413011, 0, 65.12283859778, 62.17287048821, -0.007930407941203, 0, -0.2051803615365, -0.008135706137007, 0.1971239566592, -0.008135706137007, 0.7833505207037, 0.7840484485476, -0.7911221604511, -0.7909515421333, -0.003880086093057, -0.003487512377157, 0.7836489207455, 0.7840124764044, 0, -0.7914461455313, -0.7909875011587, -0, -0, -0, -0, 0.002603381071358, 0.3940907584918, 0.3912288489675, 0.3941626274641, 0, 0.3912229653487, 0.3940188895196
4.725, 0.1962332122444, -0.1031705039166, -0.2060877262005, -0.103121476983, -0.02624200793558, 0.0001181049932059, -0.01772287537575, 0.003029335106147, 0, 0, -215.8296952354, 0, 298.0245043982, 7528.563235451, 3130.912491163, 7534.559862365, 3134.671241885, 10.1164706059, 36.4019648753, 34.21770152078, 15.35863801831, -242.631616489, 1.146196829204, 242.6577244869, 0.9714696271018, 5408.192934861, 3979.714660273, 5408.932104019, 3962.152302051, 3, -1.183174490522, -43.699243975, 1.20874969364, 43.83729048948, -1.408379678691, 0.2582848353163, -1.340491730984, 0.3627421635422, 0, 0, 0.2171253355975, -0, -0, -0, -0, -0, 0.2171253423532, 0.002526112105758, 0, 0, 0, 0, 0, -0.001272694908594, 0.002526130244241, -0.04385907463861, -0.001272685770207, 0.04727485743991, -0.001272685770207, 26.52059647901, 26.53016023056, 26.52048824693, 26.53012713356, 65.46885369466, -0.2003737056536, 0.202271441549, 0, 1, 50.02063479452, 50, 50.02063275326, -4.758621883831e-05, 0, 0, 0, 0, 0, 0, 0, 0, 65.47041939048, 62.52045498956, 65.47020161205, 62.52024344756, 65.46885369466, 62.52034921973, 65.47042047878, 62.52045499073, 0, 65.47020270553, 62.52024344873, -0.008004355905747, 0, -0.2082132874142, -0.007695532616837, 0.1940893947503, -0.007695532616837, 0.7832999990982, 0.7839477876534, -0.7911727660984, -0.7910521985288, -0.003931961758196, -0.00354345169617, 0.783599475369, 0.7839565410064, 0, -0.7914955649004, -0.7910434443987, -0, -0, 5.551115123126e-17, -0, 0.002602965627012, 0.3940897738447, 0.391226592678, 0.394072281456, 0, 0.3912251016808, 0.3941072662333
4.75, 0.1974393848068, -0.02071290672963, -0.2048953300397, -0.0207109595415, -0.005678165000202, 0.000355090162269, -0.02807150488589, -0.001860191937243, 0, 0, -1000, 0, 1000, 7528.937687057, 3129.461725714, 7534.269993735, 3136.112162709, 24.56573273225, 27.12810151867, 20.0030546327, 26.24025205862, -242.2872416729, 3.012620558309, 243.1657523423, 2.812454400843, 5407.629946478, 3998.483934544, 5409.567902591, 3942.640016171, 3, 0.114003005078, -9.638516916465, -0.04967978790883, 7.831730701653, -1.40451288943, 0.2222123070465, -1.343607050781, 0.3985174089453, 0, 0, 0.2171512766813, -0, -0, -0, -0, -0, 0.2171513129303, 0.00236486111923, 0, 0, 0, 0, 0, -0.004046852347992, 0.002364878103925, -0.04407768115219, -0.004046823283248, 0.04703172037642, -0.004046823283248, 26.66130052578, 26.67091221602, 26.66119355312, 26.67087913985, 65.81621736972, -0.1981284994981, 0.2045161702417, 0, 1, 50.02018850766, 50, 50.02024005833, 0.0003146311589255, 0, 0, 0, 0, 0, 0, 0, 0, 65.81778229545, 62.86781638531, 65.8175664168, 62.8676095008, 65.81621736972, 62.86771294671, 65.81778337765, 62.86781638897, 0, 65.81756751696, 62.86760950446, -0.008054536418563, 0, -0.2060173980783, -0.007526101172035, 0.1962848591077, -0.007526101172035, 0.7832509571308, 0.783879673755, -0.7912219520116, -0.7911203165859, -0.003980493716177, -0.003592486648837, 0.7835519269835, 0.783907504593, 0, -0.7915430895614, -0.7910924778907, -0, -0, -0, -0, 0.00260251811072, 0.3940905130103, 0.391227713023, 0.3940348915778, 0, 0.3912238365165, 0.3941461344428
4.775, 0.1974199699476, -0.01088581447962, -0.2049021682935, -0.0108852880774, -0.002594524797383, 0.0003249785731774, -0.02682099826908, -0.0008048581772921, 0, 0, -1000, 0, 1000, 7529.263857051, 3129.729024884, 7534.032737474, 3135.839222884, 24.80106587301, 25.66175782333, 19.56860179309, 27.11314384613, -242.4843137028, 2.928416990413, 242.9738228567, 2.72120533087, 5407.192266828, 3994.89400732, 5410.062192268, 3944.56242801, 3, 0.2032963645029, -4.798857533066, -0.1598490874737, 4.071835009846, -1.401149249963, 0.2296628836807, -1.346174102046, 0.3908728751422, 0, 0, 0.2171942486621, -0, -0, -0, -0, -0, 0.2171942785358, 0.002215358046612, 0, 0, 0, 0, 0, -0.003647388587429, 0.002215373963857, -0.04413431159272, -0.003647362381291, 0.04695745264922, -0.003647362381291, 26.80200418239, 26.81166345204, 26.80189658882, 26.81162918037, 66.16357775104, -0.1986100999125, 0.2040324111501, 0, 1, 50.01974091629, 50, 50.01976518133, 0.0001680085812067, 0, 0, 0, 0, 0, 0, 0, 0, 66.16514354872, 63.21517788028, 66.16492651928, 63.21496933455, 66.16357775104, 63.21507361074, 66.16514463492, 63.2151778836, 0, 66.16492761492, 63.21496933788, -0.008069526272858, 0, -0.2065137450345, -0.007586533295023, 0.1957863530841, -0.007586533295023, 0.7832033898586, 0.7838370397213, -0.7912696110621, -0.7911629496632, -0.004028552367671, -0.0036378676613, 0.7835047470556, 0.7838621238397, 0, -0.7915902407067, -0.7911378591623, 5.551115123126e-17, -0, -0, -0, 0.002602064614682, 0.3940921740667, 0.3912285845969, 0.3940420430117, 0, 0.391222852292, 0.3941423051217
4.8, 0.202081752624, 0.08329777932565, -0.2002149469122, 0.0833304458372, 0.02054708450325, 0.0006564677572509, -0.01706611516351, 0.0004313598876524, 0, 0, -1000, 0, 1000, 7529.40747387, 3127.994289086, 7533.968403504, 3137.445829241, 27.70686303397, 15.34891783168, 16.34864170201, 38.37728560998, -242.2595836568, 6.225316960817, 243.1739483314, 5.265811045179, 5407.576666234, 4016.69477325, 5409.680318238, 3922.601717904, 3, 1.568598901704, 36.63482691538, -1.569734236947, -35.24322178537, -1.399695493983, 0.1869283828047, -1.346925278438, 0.431104897128, 0, 0, 0.2172284744085, -0, -0, -0, -0, -0, 0.2172285589944, 0.00206135064841, 0, 0, 0, 0, 0, -0.006818660184196, 0.002061365463788, -0.04385363619868, -0.00681861117731, 0.04722875450267, -0.00681861117731, 26.94270921339, 26.9524126225, 26.94259566351, 26.95237871817, 66.51093511022, -0.2055208593575, 0.1971185780518, 0, 1, 50.01928840253, 50, 50.01925507194, -0.0001981003378435, 0, 0, 0, 0, 0, 0, 0, 0, 66.51250641976, 63.56253234582, 66.51227884274, 63.56232993026, 66.51093511022, 63.56243114407, 66.51250753534, 63.56253235184, 0, 66.51227990561, 63.56232993629, -0.008100002795095, 0, -0.2134560692358, -0.007363528213818, 0.1888409369288, -0.007363528213818, 0.7831579704951, 0.7837646797408, -0.7913150649969, -0.7912353184053, -0.004076764015959, -0.003688419501442, 0.7834574104702, 0.7838115684185, 0, -0.7916375478724, -0.7911884074214, -0, -5.551115123126e-17, -0, -0, 0.00260171177081, 0.3940923313814, 0.3912278203328, 0.3939986131995, 0, 0.3912236114744, 0.3941860495634
4.825, 0.2063917528647, 0.09951030779543, -0.1959088018245, 0.09955632935977, 0.02346992949669, 8.274883093608e-05, 0.001231141121792, 0.0009201684953994, 0, 0, -349.02128402, 0, 397.8409933591, 7529.724733598, 3130.813917436, 7533.708969163, 3134.538882407, 32.9873082341, 14.85718402259, 11.11492674358, 36.61243614685, -242.4212552261, 0.6677054060172, 242.8989881209, 0.4986841887738, 5407.05424125, 3982.387757306, 5410.159054757, 3957.686054888, 3, 1.433388933054, 42.14042499833, -1.417982155795, -42.34457957735, -1.396418876323, 0.2571513560515, -1.34972398678, 0.3591339040294, 0, 0, 0.2172342483516, -0, -0, -0, -0, -0, 0.2172342576272, 0.001918746661976, 0, 0, 0, 0, 0, -0.001790063198001, 0.001918760453161, -0.04403700099977, -0.001790050331834, 0.04703540964213, -0.001790050331834, 27.08340946949, 27.09316000331, 27.0832969751, 27.09312737888, 66.85828963169, -0.2033229391623, 0.1993148547522, 0, 1, 50.01883210103, 50, 50.01883595959, -1.380386756515e-05, 0, 0, 0, 0, 0, 0, 0, 0, 66.85985937976, 63.90989248969, 66.85963501094, 63.90967884548, 66.85828963169, 63.90978566925, 66.85986048833, 63.90989249136, 0, 66.85963608191, 63.90967884715, -0.008075592661619, 0, -0.2112330239639, -0.007772007688667, 0.1910623675994, -0.007772007688667, 0.7831097630023, 0.7837599253791, -0.7913633238021, -0.7912400608994, -0.004124609232586, -0.003727755444555, 0.7834104558659, 0.7837722369261, 0, -0.7916844856748, -0.7912277478152, 5.551115123126e-17, -0, -5.551115123126e-17, -0, 0.002601516522622, 0.3940915597557, 0.3912288600594, 0.3940669564664, 0, 0.3912226589023, 0.3941161630449
4.85, 0.2075733354963, 0.1227091535387, -0.1947221066929, 0.1227791582844, 0.02917304061174, -0.0002779579093434, 0.03848136338851, -0.004267769086512, 0, 0, 1000, 0, -1000, 7529.831389432, 3132.794199356, 7533.641599445, 3132.483737964, 28.31909311557, 14.27209438562, 15.78946846956, 37.88490691757, -243.0583183964, -2.165794674664, 242.3530755251, -2.302496432639, 5406.115804807, 3957.115491751, 5411.079696764, 3984.163177375, 3, 1.556614620217, 52.2067566528, -1.550481424982, -52.08318343066, -1.395350124781, 0.3071381942617, -1.350506316202, 0.3075857453031, 0, 0, 0.2172285218347, -0, -0, -0, -0, -0, 0.2172285217902, 0.001976332021567, 0, 0, 0, 0, 0, 0.001960070030292, 0.001976346225903, -0.04373945561167, 0.001960055942936, 0.0473213859052, 0.001960055942936, 27.22411048305, 27.23390705775, 27.22399492799, 27.23387367191, 67.20564109294, -0.207055167885, 0.1955833397831, 0, 1, 50.01836825995, 50, 50.01836406528, -5.657309863959e-05, 0, 0, 0, 0, 0, 0, 0, 0, 67.2072133233, 64.25724781832, 67.20698391498, 64.25702601216, 67.20564109294, 64.25713691334, 67.20721444378, 64.25724781642, 0, 67.20698497148, 64.25702601026, -0.008062796223225, 0, -0.2149536153116, -0.008068925022618, 0.1873425426876, -0.008068925022618, 0.7830653882291, 0.7837448479767, -0.7914077682943, -0.7912551373265, -0.004170521995508, -0.003768626281273, 0.7833640507525, 0.7837313654487, 0, -0.7917308813919, -0.7912686180113, -0, 5.551115123126e-17, -0, -0, 0.002601390917921, 0.3940903596607, 0.3912307310104, 0.3941172995866, 0, 0.3912208233468, 0.3940634197348
4.875, 0.2014613029728, -0.08750717093844, -0.200826556088, -0.08747137780607, -0.02217727713319, -0.0005377215291368, 0.01649664821695, 0.0001962149953401, 0, 0, 1000, 0, -1000, 7529.91928355, 3134.483268482, 7533.584700327, 3130.817930223, 16.64813404796, 37.94348544261, 27.34361276872, 14.91290537151, -243.3693056742, -4.115478254524, 242.0547498951, -4.724253563654, 5406.925219323, 3937.005767584, 5410.2971463, 4004.427328826, 3, -1.537076109437, -36.89642485013, 1.522446451736, 38.32741813464, -1.39447749734, 0.349539608044, -1.351176518875, 0.2655081690003, 0, 0, 0.2172248478496, -0, -0, -0, -0, -0, 0.2172248687057, 0.001829847137688, 0, 0, 0, 0, 0, 0.004885851718318, 0.00182986028876, -0.04440354674216, 0.004885816604052, 0.04665364136869, 0.004885816604052, 27.36480483267, 27.37465280574, 27.36469687516, 27.37461855626, 67.55298930439, -0.1975742043608, 0.2050633541351, 0, 1, 50.01790236152, 50, 50.01786649259, -0.000222471209974, 0, 0, 0, 0, 0, 0, 0, 0, 67.55455475159, 64.60459930916, 67.55433885756, 64.60437091106, 67.55298930439, 64.60448510524, 67.5545558388, 64.60459930429, 0, 67.55433995198, 64.60437090618, -0.008045649671594, 0, -0.2054529225648, -0.008308728549266, 0.1968423061938, -0.008308728549266, 0.7830131535683, 0.7837212190789, -0.7914600221761, -0.7912787700869, -0.004219349867495, -0.003812380988811, 0.7833163495845, 0.7836876078677, 0, -0.7917785769696, -0.7913123698454, -0, 5.551115123126e-17, -0, -5.551115123126e-17, 0.002601262878198, 0.3940902046464, 0.3912291151434, 0.3941573575956, 0, 0.3912223859509, 0.3940230516972
4.9, 0.1956209224798, -0.111076934159, -0.206678223614, -0.1110196104074, -0.02739816562486, 1.53029379238e-05, -0.02323464297481, 0.001999877124542, 0, 0, -410.8971543744, 0, 486.0327231841, 7529.678070859, 3131.227523509, 7533.863874025, 3134.005377242, 11.22041377314, 36.91770392632, 32.78693730496, 14.28457542963, -243.1780731018, 0.7166727118795, 242.1412040489, 0.5346046750992, 5407.642449968, 3976.622657191, 5409.633259992, 3964.883509159, 3, -1.442896137855, -47.14746415737, 1.446941541767, 47.56818262403, -1.397058131573, 0.2686672745345, -1.348322403826, 0.3449757245753, 0, 0, 0.2172407998957, -0, -0, -0, -0, -0, 0.2172408031946, 0.001924410564314, 0, 0, 0, 0, 0, -0.0008507031834026, 0.001924424397043, -0.04433789483889, -0.0008506970685629, 0.04671469572294, -0.0008506970685629, 27.50550179234, 27.51539725488, 27.50539349714, 27.51536211896, 67.90033405769, -0.1986932803078, 0.2039433776961, 0, 1, 50.01743951041, 50, 50.01743182492, -2.709077357391e-05, 0, 0, 0, 0, 0, 0, 0, 0, 67.90190080689, 64.95193825501, 67.90168252902, 64.95172174646, 67.90033405769, 64.95183000154, 67.9019018987, 64.95193825582, 0, 67.90168361832, 64.95172174726, -0.008101511886637, 0, -0.206628105271, -0.007876207231208, 0.1956662154513, -0.007876207231208, 0.7829664227569, 0.7836273457446, -0.7915067734204, -0.7913726395477, -0.004265948314026, -0.003866795662253, 0.7832691693614, 0.7836331968103, 0, -0.7918257461985, -0.7913667881348, -0, -0, -0, -0, 0.002601073456166, 0.394090133257, 0.3912276867447, 0.3940784408785, 0, 0.3912237080935, 0.3941018256355
4.925, 0.1967549930805, -0.03489130637164, -0.2055590231919, -0.03488567199099, -0.008614788965433, 0.0002920989063123, -0.02960876182576, -0.00119412453128, 0, 0, -1000, 0, 1000, 7529.682684053, 3129.656042466, 7533.902761062, 3135.540634164, 23.9405705238, 28.41983111466, 20.29682740853, 24.37959743942, -242.6597042189, 2.782823477864, 242.7924375905, 2.595486135126, 5407.407448731, 3995.137146721, 5409.921803277, 3945.307082189, 3, -0.2308963935732, -15.47901417454, 0.2695077338671, 14.16750633062, -1.397057461755, 0.229534125957, -1.347986694972, 0.383242247775, 0, 0, 0.2172740354311, -0, -0, -0, -0, -0, 0.2172740636306, 0.001978880165088, 0, 0, 0, 0, 0, -0.00361104523526, 0.001978894393699, -0.04437396729729, -0.003611019271181, 0.04666400717817, -0.003611019271181, 27.64619673561, 27.65613956628, 27.64608939543, 27.65610494512, 68.24767536321, -0.1970441119611, 0.2055928781399, 0, 1, 50.01696716632, 50, 50.01700624359, 0.0002794221116702, 0, 0, 0, 0, 0, 0, 0, 0, 68.24924156963, 65.29927682522, 68.24902483232, 65.29906584756, 68.24767536321, 65.29917133972, 68.24924265379, 65.29927682854, 0, 68.24902592942, 65.29906585089, -0.008136030272925, 0, -0.2050132812512, -0.007675002594453, 0.1972813751423, -0.007675002594453, 0.7829187329401, 0.7835582395514, -0.7915545538198, -0.7914417494459, -0.004313050729663, -0.003916917675059, 0.7832217262465, 0.7835830736956, 0, -0.7918731799924, -0.7914169090457, -0, -0, -0, -0, 0.002600852836659, 0.3940911902244, 0.3912281546838, 0.3940415586861, 0, 0.3912231335883, 0.3941408217627
4.95, 0.2053313656644, 0.0987195467265, -0.1969656185458, 0.09876503999586, 0.02363268999772, 0.0001483978089008, -0.001826215024972, -0.00437883138406, 0, 0, -511.0635660178, 0, 481.2785113864, 7529.853124098, 3130.519955327, 7533.784389618, 3134.451234943, 32.48549790467, 14.68442551988, 11.45385284596, 36.82229019152, -242.3122347581, 1.171382951522, 243.0201019464, 0.9945300007707, 5406.879764432, 3983.230799991, 5410.461407979, 3957.131327537, 3, 1.450031958926, 41.84537628856, -1.433223122532, -42.42200774038, -1.395315546686, 0.2516537915392, -1.349298997127, 0.3566949328611, 0, 0, 0.2173230298833, -0, -0, -0, -0, -0, 0.2173230399775, 0.001928686208309, 0, 0, 0, 0, 0, -0.00189135568916, 0.001928700082269, -0.04400284010817, -0.001891342083833, 0.04703484434516, -0.001891342083833, 27.78689378822, 27.79688047091, 27.78678049565, 27.79684659018, 68.59501323827, -0.203298613487, 0.1993347558825, 0, 1, 50.01650234438, 50, 50.01652153752, 0.0001616732129122, 0, 0, 0, 0, 0, 0, 0, 0, 68.59658438156, 65.64661701925, 68.59635845015, 65.64640202011, 68.59501323827, 65.64650952146, 68.59658548946, 65.64661702103, 0, 68.59635952089, 65.64640202188, -0.008134170942977, 0, -0.2112673389015, -0.007821297621308, 0.1910236210509, -0.007821297621308, 0.7828730944208, 0.7835251932238, -0.7916001743123, -0.7914747929598, -0.004361402335828, -0.003961790857449, 0.7831735542937, 0.7835382013763, 0, -0.7919213318314, -0.7914617830911, -0, -0, -0, -0, 0.002600627473892, 0.3940912725666, 0.3912292078019, 0.3940652770762, 0, 0.3912220566084, 0.3941172680571
4.975, 0.2073913714576, 0.1109208041133, -0.1948966337952, 0.1109779925445, 0.02567127509429, -4.061750095856e-05, 0.02078784974447, 0.0018941385161, 0, 0, 395.8936279648, 0, -322.9985049736, 7529.835249086, 3131.178245161, 7533.833023712, 3133.803546948, 32.99472957154, 14.10850621411, 10.95318120031, 36.91203734138, -242.6480434989, -0.255863727539, 242.6671585215, -0.4411891599413, 5406.442642617, 3974.273259735, 5410.876803391, 3964.911751822, 3, 1.380771060665, 47.19354223622, -1.381827588354, -46.81372801558, -1.395550157635, 0.2671564620033, -1.34886047213, 0.3411884338938, 0, 0, 0.2173473977213, -0, -0, -0, -0, -0, 0.2173474002738, 0.002013921198843, 0, 0, 0, 0, 0, -0.0006784022671617, 0.002013935689188, -0.04389530217409, -0.0006783973860313, 0.04713612462829, -0.0006783973860313, 27.9275868935, 27.93761970099, 27.9274729015, 27.93758713775, 68.94234811518, -0.2037066063272, 0.1989275164201, 0, 1, 50.0160301593, 50, 50.0160224779, -1.696372669965e-05, 0, 0, 0, 0, 0, 0, 0, 0, 68.94391991296, 65.99395345681, 68.94369299788, 65.99373557084, 68.94234811518, 65.99384451447, 68.94392102034, 65.99395345746, 0, 68.94369406858, 65.99373557148, -0.008144342961143, 0, -0.211685896014, -0.007926315526064, 0.1906058029847, -0.007926315526064, 0.7828261917474, 0.7834884288526, -0.7916471128061, -0.7915115561866, -0.004408463445411, -0.004006897506836, 0.7831259179897, 0.7834930949024, 0, -0.7919689612016, -0.791506889916, -0, -0, -0, -0, 0.002600547772087, 0.39409244518, 0.3912300791255, 0.3940831209689, 0, 0.3912212285595, 0.3941017693911
5, 0.2022326470658, -0.08599306028368, -0.2000469660245, -0.08595826027476, -0.0230935000102, -0.0006574268016418, 0.01646132622585, 0.0001577409820032, 0, 0, 1000, 0, -1000, 7529.719410373, 3134.07079687, 7533.967333555, 3130.753326677, 16.61457412616, 38.13185760723, 27.30128838723, 15.1473408819, -243.7830339374, -4.741523169941, 241.6379435351, -5.520937880654, 5405.615096511, 3936.050163195, 5411.659137404, 4004.067793365, 3, -1.681305126897, -36.71852913524, 1.65710667691, 38.10490928696, -1.396810892996, 0.3395130153726, -1.347516588963, 0.2656142097202, 0, 0, 0.2173604766492, -0, -0, -0, -0, -0, 0.2173604951523, 0.00224153605849, 0, 0, 0, 0, 0, 0.004929047208128, 0.002241552188484, -0.04406437703688, 0.00492901173917, 0.0469630373913, 0.00492901173917, 28.06827592563, 28.07835872992, 28.06816679639, 28.07832532366, 69.28967986213, -0.1975982632017, 0.2050358889921, 0, 1, 50.01555420883, 50, 50.01551885717, -0.0001978864545863, 0, 0, 0, 0, 0, 0, 0, 0, 69.29124745996, 66.34129110391, 69.29102912066, 66.34106106675, 69.28967986213, 66.34117608038, 69.29124853948, 66.34129109896, 0, 69.29103022167, 66.3410610618, -0.008134588944285, 0, -0.2055671031194, -0.008368354429754, 0.1967246204122, -0.008368354429754, 0.7827778952993, 0.7834878426402, -0.7916954354356, -0.7915121463888, -0.004454203354767, -0.004046054575331, 0.7830787774045, 0.7834539341111, 0, -0.7920161005878, -0.7915460432618, -0, -5.551115123126e-17, -0, -5.551115123126e-17, 0.002600551611438, 0.3940915145212, 0.391231726737, 0.3941592611646, 0, 0.3912196710962, 0.3940237678779
5.025, 0.1962005189686, -0.1067389940902, -0.2060879359901, -0.1066860440975, -0.02728224482349, -0.0001090542090774, -0.02138530056415, 0.008048847857011, 0, 0, -313.6929527152, 0, 472.4707288537, 7529.081255532, 3130.956819792, 7534.607651169, 3133.874063109, 9.322093158795, 36.41259086941, 34.63537237738, 14.41127834934, -243.7076894982, 0.1050078572818, 241.5467628464, -0.08329242495532, 5405.510247012, 3971.56082502, 5411.738634253, 3968.629251167, 3, -1.585481773098, -45.24988055982, 1.5683425559, 46.11091058853, -1.403556255174, 0.2619766805469, -1.340865248501, 0.3430356401051, 0, 0, 0.2173588406548, -0, -0, -0, -0, -0, 0.2173588415313, 0.002735427372915, 0, 0, 0, 0, 0, -0.0002124429492163, 0.002735447056634, -0.04361226804375, -0.0002124414205202, 0.04741944953182, -0.0002124414205202, 28.20896695039, 28.21909681211, 28.20885608779, 28.21906181745, 69.63700849033, -0.200174215181, 0.2024599365836, 0, 1, 50.01508693958, 50, 50.01506497079, -0.0001180839851691, 0, 0, 0, 0, 0, 0, 0, 0, 69.63857854589, 66.68861441205, 69.63835526741, 66.68839519844, 69.63700849033, 66.68850480545, 69.63857962813, 66.68861441226, 0, 69.63835636412, 66.68839519864, -0.008211323164885, 0, -0.2082215228692, -0.007974612744901, 0.1940701864117, -0.007974612744901, 0.7827340901724, 0.7833996486482, -0.7917392125494, -0.7916003361072, -0.004497930402403, -0.004098882516337, 0.783031885279, 0.7834011098505, 0, -0.792062994018, -0.7915988748832, -0, -0, -0, -0, 0.002600623863197, 0.3940914441445, 0.3912319379625, 0.3940885242502, 0, 0.3912195101692, 0.3940943640388
5.05, 0.1972646751182, 0.01499062293159, -0.2050351501056, 0.01499172625151, 0.002671957514789, 0.0003363520647433, -0.02403492354869, -0.0009678055067681, 0, 0, -1000, 0, 1000, 7528.724278034, 3128.592517037, 7534.968471156, 3136.068167255, 24.01656069645, 22.90396948432, 20.14218606016, 29.96176360502, -242.7933317321, 3.366853404564, 242.6461515354, 3.126628363801, 5406.103589943, 3999.462015317, 5411.156300623, 3941.770583699, 3, 0.3739360907794, 6.115519643747, -0.3632204275222, -6.983479063179, -1.407352134073, 0.203090226832, -1.337139373742, 0.3984449312226, 0, 0, 0.2173719370416, -0, -0, -0, -0, -0, 0.2173719785368, 0.002923752225159, 0, 0, 0, 0, 0, -0.004180736518693, 0.00292377326657, -0.04349295844277, -0.00418070643133, 0.04753291088765, -0.00418070643133, 28.34965611864, 28.35983237001, 28.34954457204, 28.35979814525, 69.98433369122, -0.2002092657421, 0.2024263344018, 0, 1, 50.01461163931, 50, 50.01463555339, 0.000168964250864, 0, 0, 0, 0, 0, 0, 0, 0, 69.98590456056, 67.03593546306, 69.98567983357, 67.03572405817, 69.98433369122, 67.03582976447, 69.98590564035, 67.03593546692, 0, 69.98568093234, 67.03572406203, -0.008274943233965, 0, -0.2083206360952, -0.007690544728207, 0.1939725233277, -0.007690544728207, 0.7826859316424, 0.7833199606622, -0.7917874158079, -0.7916800293427, -0.004545768887174, -0.004151278709537, 0.7829829111753, 0.7833487121001, 0, -0.7921119729582, -0.7916512695192, -0, -0, -0, -0, 0.002600648247512, 0.3940904047288, 0.3912307566241, 0.3940329431436, 0, 0.391220669554, 0.3941478663139
5.075, 0.2015909931266, 0.08663148478989, -0.2006908745522, 0.0866668558477, 0.0197459960103, 0.0005545298295397, -0.0167047479779, -2.930960404765e-05, 0, 0, -1000, 0, 1000, 7528.552295575, 3127.346906116, 7535.148386168, 3137.225698391, 27.60199629083, 14.9624166296, 16.31802976649, 38.19585078579, -242.4536664769, 5.368714126776, 242.9601285976, 4.608488280688, 5406.06233226, 4013.821401699, 5411.225694087, 3927.057352396, 3, 1.461000525176, 37.70929994938, -1.482102926962, -36.55598903923, -1.409208382373, 0.1713927387506, -1.335308901457, 0.4282287176879, 0, 0, 0.2173976353882, -0, -0, -0, -0, -0, 0.2173977174318, 0.003052843526221, 0, 0, 0, 0, 0, -0.006287547718238, 0.003052865501861, -0.04311025758123, -0.006287502458141, 0.04792268814741, -0.006287502458141, 28.49034597269, 28.50056673166, 28.49022968993, 28.50053306421, 70.33165547111, -0.2051657139964, 0.1974686838163, 0, 1, 50.01414382979, 50, 50.01411817388, -9.513025149898e-05, 0, 0, 0, 0, 0, 0, 0, 0, 70.33323077679, 67.38325557062, 70.33299752862, 67.38304773477, 70.33165547111, 67.3831516584, 70.33323187284, 67.38325557632, 0, 70.33299860776, 67.38304774048, -0.008332031302489, 0, -0.213335640574, -0.007560709157866, 0.1889562492395, -0.007560709157866, 0.7826388940379, 0.7832551129882, -0.7918344020982, -0.7917448827822, -0.004594529937905, -0.004201638315717, 0.7829332603723, 0.7832983500861, 0, -0.792161620647, -0.7917016267176, -0, -0, 5.551115123126e-17, -0, 0.002600633786505, 0.3940907558402, 0.3912308407856, 0.3940043374649, 0, 0.3912205291031, 0.3941771742154
5.1, 0.2016426770689, 0.08875947981387, -0.2006382322615, 0.08879643006038, 0.01954485729757, 0.0004436318398068, -0.01654369413234, -6.526954437881e-05, 0, 0, -1000, 0, 1000, 7528.338866047, 3127.464722751, 7535.365931117, 3137.240483956, 27.60669129337, 14.66643114951, 16.33326755325, 38.00490330458, -242.7421867288, 4.526024306918, 242.670411653, 3.94295576827, 5405.105106629, 4010.550110576, 5412.175527777, 3928.335775165, 3, 1.37434832776, 38.36407974655, -1.398128132964, -37.14851007591, -1.411501917502, 0.1729400958109, -1.333083714959, 0.4290514903701, 0, 0, 0.2174123795006, -0, -0, -0, -0, -0, 0.2174124570236, 0.003356195038755, 0, 0, 0, 0, 0, -0.005957842699744, 0.003356219201322, -0.04288936183017, -0.005957799807171, 0.04814465179705, -0.005957799807171, 28.63103236633, 28.64129974172, 28.63091565573, 28.64126671413, 70.67897410268, -0.2048986603831, 0.1977360555611, 0, 1, 50.01367453709, 50, 50.01364489631, -0.0001425257368419, 0, 0, 0, 0, 0, 0, 0, 0, 70.68055004955, 67.7305752014, 70.68031571789, 67.73036577597, 70.67897410268, 67.73047049413, 70.6805511389, 67.73057520685, 0, 70.68031680324, 67.73036578142, -0.00838649925298, 0, -0.213123879489, -0.007618535318672, 0.1891683014272, -0.007618535318672, 0.7825914950321, 0.7832112421945, -0.7918817962301, -0.7917887523968, -0.004641458672943, -0.004247776068073, 0.7828843544733, 0.7832522127128, 0, -0.7922105287638, -0.7917477648489, -0, -0, -0, -0, 0.002600675723204, 0.3940927410111, 0.391232748741, 0.3940108542233, 0, 0.3912186357342, 0.3941746277989
5.125, 0.2071559961479, 0.1040997451453, -0.1951220709123, 0.1041503712105, 0.02276266933048, -5.910912349148e-05, 0.007371651484067, 0.006032878771508, 0, 0, -92.38547096416, 0, 216.0975258332, 7528.232391527, 3130.383123475, 7535.465841542, 3134.332957952, 34.6472155831, 14.62292032035, 9.357424520864, 36.38784818781, -242.7110725197, -0.3296404448535, 242.5411589712, -0.5168653347028, 5404.148911539, 3972.823804286, 5413.084625686, 3966.172778379, 3, 1.249032386585, 44.44042888366, -1.268217790644, -43.74848239142, -1.412676217098, 0.2452525100023, -1.33208949702, 0.3568503371505, 0, 0, 0.2174065385772, -0, -0, -0, -0, -0, 0.2174065413128, 0.003576496852116, 0, 0, 0, 0, 0, -0.0004819812271767, 0.003576522599339, -0.0427968961965, -0.0004819777574157, 0.04824286393455, -0.0004819777574157, 28.77171708294, 28.78203168131, 28.77160077247, 28.78199899054, 71.0262897356, -0.2025912829007, 0.2000439159091, 0, 1, 50.01321045715, 50, 50.01319042345, -0.0001265353753008, 0, 0, 0, 0, 0, 0, 0, 0, 71.02786458049, 68.07789722354, 71.02763236701, 68.0776751575, 71.0262897356, 68.07778619099, 71.02786565583, 68.07789722401, 0, 71.02763346773, 68.07767515797, -0.008404989122157, 0, -0.210835329894, -0.008078379034568, 0.1914573214324, -0.008078379034568, 0.7825424627312, 0.7832092761889, -0.7919307954873, -0.7917907082118, -0.004689720534157, -0.004287400865286, 0.7828346922596, 0.7832125912793, 0, -0.7922601970465, -0.7917873930099, -5.551115123126e-17, -0, -5.551115123126e-17, -0, 0.002600812500158, 0.3940926328718, 0.3912346539837, 0.3940860083441, 0, 0.3912168242187, 0.3940992573996
5.15, 0.2065199880551, 0.09318079253563, -0.1957676078726, 0.09322154114983, 0.0201748015364, -0.000311823307533, 0.03586869419837, -0.002021206598035, 0, 0, 1000, 0, -1000, 7527.987634935, 3132.040820705, 7535.695375081, 3132.597587881, 26.49062053061, 17.88168085165, 17.70734367904, 34.75075059542, -242.9734262945, -2.572432157133, 242.4384327118, -2.719459397051, 5404.448310014, 3951.437113792, 5412.729959855, 3989.161289034, 3, 1.062130296597, 39.34247392452, -1.066081284259, -39.87603119212, -1.415300654054, 0.2869655872934, -1.32972927327, 0.3135693051461, 0, 0, 0.217387116367, -0, -0, -0, -0, -0, 0.217387112673, 0.003701242267064, 0, 0, 0, 0, 0, 0.002733765361069, 0.003701268907569, -0.04251659015679, 0.002733745684333, 0.04852419146944, 0.002733745684333, 28.912402403, 28.92276314775, 28.91228278787, 28.92272916291, 71.37360230316, -0.2060858576694, 0.1965508679167, 0, 1, 50.01274262299, 50, 50.01275267387, 3.331279225104e-05, 0, 0, 0, 0, 0, 0, 0, 0, 71.37517996973, 68.42521354151, 71.37494185191, 68.42498334992, 71.37360230316, 68.42509844296, 71.37518105593, 68.42521353876, 0, 71.37494293864, 68.42498334717, -0.008441024573183, 0, -0.2143670426059, -0.008373972443074, 0.1879271617338, -0.008373972443074, 0.7824934684255, 0.7831872393487, -0.7919797928078, -0.7918127456224, -0.004739823722978, -0.004331556348351, 0.782783783435, 0.7831684343444, 0, -0.7923111159328, -0.7918315470412, -0, -0, -5.551115123126e-17, -0, 0.002600999149987, 0.3940910369988, 0.3912340589976, 0.3941286108785, 0, 0.391217529102, 0.3940534631191
5.175, 0.2023438791385, -0.06104206715511, -0.1999469797044, -0.06102492513062, -0.0176428392105, -0.0004239861251992, 0.01910151517765, -0.0002652649920604, 0, 0, 1000, 0, -1000, 7528.012590593, 3132.946295586, 7535.648885985, 3131.695501847, 17.53813625264, 35.13139792197, 26.69720576606, 17.91746491991, -243.0129716188, -3.513188736076, 242.3943073575, -3.875117912641, 5405.618352983, 3941.885535257, 5411.55630924, 3999.552553972, 3, -1.116388577942, -26.35349531742, 1.109998346249, 26.07253364339, -1.415097547862, 0.3092826786694, -1.330262359595, 0.2912112641086, 0, 0, 0.2173679795161, -0, -0, -0, -0, -0, 0.2173679833521, 0.003521734717619, 0, 0, 0, 0, 0, 0.00417896738284, 0.003521760061617, -0.04304859535155, 0.004178937309314, 0.04799994463806, 0.004178937309314, 29.05308249557, 29.06349301737, 29.05296746189, 29.06345841945, 71.72091164518, -0.1995887973886, 0.2030484932746, 0, 1, 50.01228111136, 50, 50.01228684502, 2.933047169507e-05, 0, 0, 0, 0, 0, 0, 0, 0, 71.72248526534, 68.77252516292, 71.72225497145, 68.77229012528, 71.72091164518, 68.77240763981, 71.72248633199, 68.77252515863, 0, 71.72225608339, 68.77229012099, -0.008481816317164, 0, -0.2079087235713, -0.008550263317391, 0.1943860467432, -0.008550263317391, 0.7824371002015, 0.7831490362839, -0.7920361209236, -0.791850950368, -0.004793887121127, -0.004379700489498, 0.7827310462595, 0.7831202886472, 0, -0.792363866328, -0.7918796896262, -5.551115123126e-17, -5.551115123126e-17, -5.551115123126e-17, -0, 0.002601167188256, 0.3940902000581, 0.3912317255228, 0.3941476373276, 0, 0.3912198700658, 0.3940327627886
5.2, 0.1989479678817, -0.09182970744924, -0.203342183911, -0.0917907994695, -0.02456598921887, -0.0004319106352798, 0.01605694483652, -0.001315707300223, 0, 0, 1000, 0, -1000, 7528.204109592, 3133.342502279, 7535.444042277, 3131.347139387, 15.0238921956, 38.20528305477, 29.16687988367, 14.80822430656, -242.8784780026, -3.654381488869, 242.4978810983, -4.139902538948, 5406.441865641, 3938.578105875, 5410.763514157, 4002.449758027, 3, -1.386533360929, -39.13672618818, 1.37676727276, 39.28445027985, -1.413146889264, 0.3195148818314, -1.332457904278, 0.2818442919673, 0, 0, 0.2173657298531, -0, -0, -0, -0, -0, 0.21736573871, 0.003258601267197, 0, 0, 0, 0, 0, 0.004628599792904, 0.003258624717082, -0.0433765316367, 0.004628566484331, 0.04768276812277, 0.004628566484331, 29.19376298222, 29.2042221556, 29.19364915202, 29.20418594021, 72.06821759195, -0.1977257456643, 0.2049110559797, 0, 1, 50.01182442807, 50, 50.01182166715, 7.1497586526e-06, 0, 0, 0, 0, 0, 0, 0, 0, 72.06979045777, 69.11983265552, 72.06956163903, 69.11959470912, 72.06821759195, 69.11971367751, 72.06979152314, 69.11983265071, 0, 72.06956275395, 69.11959470431, -0.008528887142032, 0, -0.2060914875467, -0.008656078908211, 0.1962027564936, -0.008656078908211, 0.7823815958595, 0.7831023711191, -0.7920915589483, -0.791897616046, -0.004848896930273, -0.004429458570457, 0.7826777799361, 0.7830705298729, 0, -0.7924171399392, -0.7919294470138, -0, -0, -0, -0, 0.002601258933436, 0.3940906084114, 0.391230083371, 0.3941542255946, 0, 0.3912214511467, 0.3940269912282
5.225, 0.1965819753625, -0.1001702471879, -0.2057150633734, -0.1001239340441, -0.02662996790547, -1.229315318214e-05, -0.01040182743079, 0.001955602346555, 0, 0, 55.92006625114, 0, 9.114493201018, 7528.289777298, 3130.602593901, 7535.352027188, 3134.143239754, 10.55830117179, 36.40854982726, 33.63910866647, 15.12213826852, -242.9497426234, 0.2442680705236, 242.3286403267, 0.06999627375729, 5406.736677833, 3973.782162728, 5410.484756612, 3966.333731761, 3, -1.333725403401, -42.77814652474, 1.327736869765, 42.74604285923, -1.412303788418, 0.2505827105525, -1.333471955273, 0.351864920546, 0, 0, 0.2173714943049, -0, -0, -0, -0, -0, 0.2173714970846, 0.003143564025071, 0, 0, 0, 0, 0, -0.0005397669382097, 0.003143586648313, -0.04337056425228, -0.0005397630537047, 0.04769242221407, -0.0005397630537047, 29.33444381269, 29.34494920732, 29.33432794928, 29.34491304165, 72.41552027717, -0.1999332151085, 0.2027039612183, 0, 1, 50.01137200239, 50, 50.01137368353, 3.482074735348e-05, 0, 0, 0, 0, 0, 0, 0, 0, 72.41709575805, 69.46713088028, 72.41686178852, 69.4669021521, 72.41552027717, 69.46701651673, 72.41709683514, 69.46713088082, 0, 72.41686289061, 69.46690215264, -0.008617543670215, 0, -0.2083876480048, -0.008320736011322, 0.1939069475445, -0.008320736011322, 0.7823291884947, 0.7830103812597, -0.7921439469546, -0.7919896022018, -0.004902045311696, -0.004485897875778, 0.7826253313373, 0.7830140937851, 0, -0.7924695943709, -0.7919858895366, -0, 5.551115123126e-17, -5.551115123126e-17, -0, 0.002601328531618, 0.3940915180159, 0.3912294961267, 0.3940840992599, 0, 0.3912220063855, 0.3940989367718
5.25, 0.1963187488534, -0.0674578117788, -0.205972652123, -0.06743687314205, -0.01795859602376, 0.0002434020069669, -0.03311372838297, 0.0001172220830616, 0, 0, -1000, 0, 1000, 7528.373299252, 3129.118691661, 7535.263327496, 3135.553545752, 19.01055320981, 31.72596433919, 25.25013445953, 20.45537210764, -242.7139158713, 2.368328927406, 242.7125057919, 2.195344363692, 5406.4119098, 3992.028414765, 5410.788112409, 3948.426665775, 3, -0.7011999943678, -28.59210701258, 0.6874779757141, 28.84556504918, -1.411479232135, 0.21406987841, -1.334452168661, 0.386998706117, 0, 0, 0.2173763811515, -0, -0, -0, -0, -0, 0.2173764089137, 0.003129223497944, 0, 0, 0, 0, 0, -0.003159696671802, 0.003129246018994, -0.043508704196, -0.003159673931594, 0.0475521656262, -0.003159673931594, 29.47512185283, 29.48567545981, 29.4750070592, 29.48563850297, 72.76281984211, -0.197727183162, 0.2049117730901, 0, 1, 50.01091918883, 50, 50.01091231406, -2.633087948466e-05, 0, 0, 0, 0, 0, 0, 0, 0, 72.76439468268, 69.8144282678, 72.76416205573, 69.81420364106, 72.76281984211, 69.81431595753, 72.76439575212, 69.8144282709, 0, 72.76416316671, 69.81420364416, -0.008686792304897, 0, -0.2062503211718, -0.008171532866302, 0.1960460548447, -0.008171532866302, 0.7822767321568, 0.7829401902305, -0.7921964257887, -0.7920597961463, -0.004953654512663, -0.00453807012475, 0.7825738187776, 0.7829619206687, 0, -0.79252111498, -0.7920380609182, -0, -0, -0, -0, 0.002601427787431, 0.3940911795994, 0.3912301423597, 0.3940477515626, 0, 0.3912214028873, 0.3941346076362
5.275, 0.2025817679339, 0.08635318512822, -0.1997015158299, 0.0863883820129, 0.01994124227781, 0.0005503325694093, -0.01661859668076, -0.0003486441415668, 0, 0, -1000, 0, 1000, 7528.399586658, 3127.49028445, 7535.225187989, 3137.08204881, 28.43376463385, 15.14046674972, 15.80878240322, 38.28239785191, -242.2789550505, 5.133784238603, 243.1093872207, 4.448421155761, 5406.135358334, 4012.172358673, 5411.035388488, 3929.038388714, 3, 1.534130716769, 37.51872048055, -1.558172561163, -36.70114534533, -1.411251616435, 0.1738016290102, -1.334901587546, 0.4253160896712, 0, 0, 0.2173779570089, -0, -0, -0, -0, -0, 0.2173780339915, 0.003122376090183, 0, 0, 0, 0, 0, -0.006024486026349, 0.003122398562278, -0.04306433010942, -0.006024442667721, 0.04800724350241, -0.006024442667721, 29.6158027303, 29.62640009615, 29.6156808933, 29.6263632434, 73.11011633113, -0.2053780387413, 0.1972602324149, 0, 1, 50.01047290215, 50, 50.01045209965, -9.864716397902e-05, 0, 0, 0, 0, 0, 0, 0, 0, 73.11169741618, 70.16172227156, 73.1114523244, 70.16150248142, 73.11011633113, 70.16161238227, 73.1116985143, 70.16172227734, 0, 73.11145340186, 70.1615024872, -0.008750420644386, 0, -0.2139665447799, -0.007995585827198, 0.1883291025875, -0.007995585827198, 0.7822282169325, 0.7828677670702, -0.7922448720331, -0.7921322263005, -0.005005112458886, -0.004590792441614, 0.7825222695426, 0.7829091955373, 0, -0.7925726682596, -0.7920907804205, -0, -0, -0, -0, 0.002601567858796, 0.394090425364, 0.3912306955512, 0.3940076226055, 0, 0.3912209077144, 0.3941732281224
5.3, 0.2066460429641, 0.1064020520158, -0.1956340167202, 0.1064548626687, 0.02393288781507, -6.176323146282e-05, 0.02114596345035, 0.01011918336096, 0, 0, 479.8364425921, 0, -291.5633657563, 7528.664930209, 3130.906234467, 7534.939585698, 3133.791673759, 34.70680926071, 14.89510920814, 9.594804109097, 36.45940384142, -242.3650981612, -0.6939138137028, 242.8772129208, -0.8816029650203, 5405.811333804, 3970.913056756, 5411.338635966, 3969.104173934, 3, 1.392251372979, 45.60461557995, -1.417259048801, -44.63479462435, -1.408518341427, 0.2581381939177, -1.337949773006, 0.3432925949871, 0, 0, 0.2173751674761, -0, -0, -0, -0, -0, 0.2173751680451, 0.002965723790081, 0, 0, 0, 0, 0, -0.0001310846736741, 0.002965745134184, -0.04331654143089, -0.0001310837302738, 0.04776190545428, -0.0001310837302738, 29.75647817896, 29.76712301757, 29.75635771887, 29.76708727205, 73.45740976701, -0.2022893259598, 0.2003500031971, 0, 1, 50.01003167276, 50, 50.0100076953, -0.0001058626346837, 0, 0, 0, 0, 0, 0, 0, 0, 73.45898891197, 70.50902279433, 73.45874765532, 70.50878916602, 73.45740976701, 70.50890598031, 73.45899000055, 70.50902279446, 0, 73.45874874488, 70.50878916616, -0.008747314860205, 0, -0.2108737496643, -0.008498994152011, 0.1914229341807, -0.008498994152011, 0.7821745255653, 0.7828665648921, -0.7922985290809, -0.7921334177844, -0.005058104910283, -0.004632524826522, 0.782470300876, 0.7828674665076, 0, -0.7926246495635, -0.7921325161606, -0, -0, -0, -0, 0.002601745853624, 0.3940916163031, 0.3912313397201, 0.3940898146269, 0, 0.391220305036, 0.3940934179792
5.325, 0.2049641585242, 0.0002309462114731, -0.1973374957997, 0.0002309463347517, -0.002374819862889, -0.000446826130232, 0.02565160194108, -0.001417750676949, 0, 0, 1000, 0, -1000, 7528.69880915, 3132.72281518, 7534.887894575, 3131.854951326, 19.42515340572, 28.69996384969, 25.19119904068, 24.8238556693, -243.4277885373, -3.371531101545, 241.9843930293, -3.603654358158, 5405.327639271, 3947.370049068, 5411.812205378, 3993.029448947, 3, -0.2954537594335, -0.9456892111256, 0.3042606710289, -0.244638543036, -1.408210455931, 0.3037840676175, -1.338540832984, 0.2952906861864, 0, 0, 0.2173876725509, -0, -0, -0, -0, -0, 0.2173876739784, 0.002999906517835, 0, 0, 0, 0, 0, 0.003308808872704, 0.002999928110432, -0.04322660803093, 0.003308785056873, 0.04785194067968, 0.003308785056873, 29.89715364057, 29.90784573505, 29.89703211693, 29.90780916248, 73.80469999452, -0.2032483482913, 0.1993927501208, 0, 1, 50.0095921268, 50, 50.00962391628, 0.0002304359527332, 0, 0, 0, 0, 0, 0, 0, 0, 73.80628026151, 70.85631705769, 73.80603692984, 70.85607507532, 73.80469999452, 70.85619606301, 73.80628135288, 70.85631705419, 0, 73.80603801588, 70.85607507182, -0.008765628482651, 0, -0.2118514243456, -0.008802900647296, 0.1904470087869, -0.008802900647296, 0.7821237189674, 0.7828451546374, -0.7923493475652, -0.7921548293999, -0.005109262418187, -0.00467759583196, 0.7824188809006, 0.7828223935604, 0, -0.792676082043, -0.7921775852243, 5.551115123126e-17, -0, -5.551115123126e-17, -0, 0.002601897810685, 0.3940912349026, 0.3912323037185, 0.3941367123924, 0, 0.391219361158, 0.3940457574128
5.35, 0.2055367167504, -0.02356810024212, -0.1967622311168, -0.02356547976621, -0.008681970366782, -0.0004812496527168, 0.02287590441528, -0.000833557876027, 0, 0, 1000, 0, -1000, 7528.458571833, 3132.691446451, 7535.104599445, 3131.959847099, 19.25263352363, 31.34352733728, 25.39027505347, 22.23071034279, -243.4897285239, -3.604183900566, 241.9183470366, -3.893037970961, 5404.974368322, 3946.385431017, 5412.134930395, 3992.866967644, 3, -0.7181261669213, -11.07791170717, 0.7193431374209, 10.2531386259, -1.410781088235, 0.302155269504, -1.336316406803, 0.2982416668718, 0, 0, 0.2173930776563, -0, -0, -0, -0, -0, 0.2173930783259, 0.003226036711945, 0, 0, 0, 0, 0, 0.003368386822204, 0.003226059933327, -0.04311523371356, 0.003368362576344, 0.04796900884285, 0.003368362576344, 30.03782735648, 30.04856663349, 30.03770589597, 30.04853053006, 74.15198727042, -0.2022443726622, 0.2003980451889, 0, 1, 50.00915997175, 50, 50.00918156496, 0.000165073224602, 0, 0, 0, 0, 0, 0, 0, 0, 74.15356759119, 71.20360496946, 74.15332422102, 71.20336194338, 74.15198727042, 71.20348345284, 74.15356867485, 71.20360496589, 0, 74.15332531517, 71.2033619398, -0.008816699086716, 0, -0.2108989300844, -0.008840869163785, 0.1914007925439, -0.008840869163785, 0.7820735341674, 0.7827968673682, -0.7923995066314, -0.7922031166038, -0.005158783009638, -0.004726292921145, 0.7823679361571, 0.7827736963431, 0, -0.7927270398975, -0.7922262821854, -0, -0, 5.551115123126e-17, -5.551115123126e-17, 0.002602101455787, 0.394092377408, 0.3912330080183, 0.3941386737591, 0, 0.3912187176113, 0.3940460810568
5.375, 0.196979331039, -0.1006523060136, -0.2053149241424, -0.1006052138534, -0.026989454283, -0.0001911010746465, -0.0120556095358, 0.00250379710509, 0, 0, -2.625707938696, 0, 78.1170604114, 7527.970044277, 3130.613026319, 7535.564658462, 3133.915681581, 10.69035192091, 36.6944027312, 33.8265994986, 15.04699990608, -243.782171957, -0.5952464659174, 241.4748864878, -0.7692898197384, 5404.761396948, 3969.284826056, 5412.298063614, 3970.856482323, 3, -1.556568794882, -43.29082203751, 1.536326442235, 43.28303262996, -1.415957041349, 0.2507865353725, -1.331535792087, 0.3472549136381, 0, 0, 0.2173939788943, -0, -0, -0, -0, -0, 0.2173939783388, 0.003622155199468, 0, 0, 0, 0, 0, 0.0001138935295182, 0.003622181272373, -0.04303213068681, 0.0001138927096986, 0.04806964498681, 0.0001138927096986, 30.17849885145, 30.1892873151, 30.17837960035, 30.18925001322, 74.49927162879, -0.1997067826076, 0.2029348345339, 0, 1, 50.0087375265, 50, 50.00873601599, 9.600733466106e-06, 0, 0, 0, 0, 0, 0, 0, 0, 74.50085097515, 71.55088633028, 74.50060956072, 71.55064936957, 74.49927162879, 71.55076784981, 74.50085204414, 71.55088633017, 0, 74.50061067122, 71.55064936946, -0.008900539519592, 0, -0.2084454758411, -0.008620221399197, 0.1938533783704, -0.008620221399197, 0.7820233342577, 0.7827214553985, -0.7924495973175, -0.7922785267791, -0.005207072449315, -0.004779319066444, 0.7823171691632, 0.7827206720192, 0, -0.792777817409, -0.7922793101521, -5.551115123126e-17, -0, -0, -0, 0.002602348829113, 0.39409149272, 0.3912334326905, 0.3940930581146, 0, 0.391218392069, 0.3940899273253
5.4, 0.1971934948836, 0.02057910009286, -0.2051264756042, 0.02058117905233, 0.003763577411836, 0.0003036456496293, -0.02328464566923, -0.003286265363099, 0, 0, -1000, 0, 1000, 7527.62811378, 3128.438257093, 7535.861820846, 3136.234397277, 25.60587650512, 22.91326586915, 19.39034645681, 31.22058714643, -242.7387460543, 3.03125865091, 242.652646035, 2.796552255648, 5405.140748153, 3995.559734269, 5411.864831286, 3943.971690182, 3, 0.540225236535, 7.465938124735, -0.5070908601944, -10.55067255843, -1.419596267477, 0.196620061854, -1.328461209678, 0.4040912285974, 0, 0, 0.2173733168366, -0, -0, -0, -0, -0, 0.2173733562452, 0.003806683455368, 0, 0, 0, 0, 0, -0.003738441114888, 0.003806710851331, -0.0429012678716, -0.003738414210235, 0.04820430742287, -0.003738414210235, 30.31917082211, 30.33000665416, 30.31905057802, 30.32996848555, 74.84655327226, -0.2000114446419, 0.2026334328622, 0, 1, 50.00831025161, 50, 50.00838672533, 0.0004573099551879, 0, 0, 0, 0, 0, 0, 0, 0, 74.84813359077, 71.89816427052, 74.84788994466, 71.89793437186, 74.84655327226, 71.89804932494, 74.84813465848, 71.89816427428, 0, 74.84789105607, 71.89793437561, -0.008981299316639, 0, -0.2088314110893, -0.008363316390279, 0.1934707214071, -0.008363316390279, 0.7819717148307, 0.7826400397752, -0.7925012137733, -0.7923599467986, -0.005258463833382, -0.004834239933781, 0.782264655597, 0.7826657500005, 0, -0.7928303540747, -0.7923342298681, -0, -0, -0, 5.551115123126e-17, 0.002602684234998, 0.394092099336, 0.3912326776812, 0.3940407168221, 0, 0.3912192543088, 0.3941434818499
5.425, 0.2048598657025, 0.1002704767579, -0.1974270358312, 0.1003178141311, 0.02273397490743, 0.000140765876286, 0.003750111866123, -0.002722649730059, 0, 0, -285.5370079272, 0, 282.9524838834, 7527.834146214, 3129.710783252, 7535.621006944, 3134.620367307, 33.134940547, 14.96960777016, 11.46503934578, 37.00150674194, -242.0365021482, 0.8526833810438, 243.2362219481, 0.682207149077, 5405.860058153, 3980.920557476, 5411.121486919, 3961.43895931, 3, 1.494965981905, 42.71895579434, -1.513737811951, -43.11894266248, -1.417486939411, 0.2292323077788, -1.331028504594, 0.3649157873786, 0, 0, 0.2173774276716, -0, -0, -0, -0, -0, 0.2173774374065, 0.003522630259276, 0, 0, 0, 0, 0, -0.00141177687511, 0.003522655611922, -0.04291706208322, -0.001411766714513, 0.04820811429024, -0.001411766714513, 30.45984307434, 30.4707241888, 30.45971900254, 30.47068673285, 75.19383175839, -0.203029293025, 0.1996144026686, 0, 1, 50.0079012902, 50, 50.00791071385, 8.526295304572e-05, 0, 0, 0, 0, 0, 0, 0, 0, 75.19541483621, 72.24544596293, 75.19516573027, 72.24520942196, 75.19383175839, 72.2453276939, 75.19541591987, 72.24544596439, 0, 75.19516682429, 72.24520942342, -0.009005185466439, 0, -0.2118731050751, -0.008604951973452, 0.1904277645435, -0.008604951973452, 0.7819164874629, 0.7826068775039, -0.7925563197698, -0.7923931052118, -0.005315401145544, -0.00488340350305, 0.7822095349457, 0.7826165873767, 0, -0.7928854873691, -0.7923833943828, -5.551115123126e-17, -0, -0, -0, 0.002602937176687, 0.3940892832302, 0.3912312447123, 0.394069879248, 0, 0.391220735052, 0.3941086872124
5.45, 0.2071678980466, 0.1206054302796, -0.1951203631998, 0.1206736832408, 0.02759324707822, -0.0001602701271524, 0.03833189956168, -0.004271216235242, 0, 0, 1000, 0, -1000, 7528.150248804, 3131.558045407, 7535.264394879, 3132.798245071, 29.16017960267, 14.4719526284, 15.58497293203, 38.00166167016, -242.4173865992, -1.658575078894, 242.9386139963, -1.816797092256, 5405.993217501, 3959.510998717, 5410.991791142, 3982.221089739, 3, 1.68321382157, 51.50165152696, -1.703206774098, -51.50212233956, -1.414221496145, 0.2753933757753, -1.334811898817, 0.3191426724947, 0, 0, 0.2173808198914, -0, -0, -0, -0, -0, 0.2173808162348, 0.003236754201707, 0, 0, 0, 0, 0, 0.001645736713652, 0.003236777497608, -0.04288413899688, 0.001645724868872, 0.04824882607655, 0.001645724868872, 30.60051407559, 30.61144133276, 30.60038639985, 30.61140310962, 75.54110735884, -0.2069646033832, 0.1956821096297, 0, 1, 50.00748900186, 50, 50.00749076757, 6.886067792288e-05, 0, 0, 0, 0, 0, 0, 0, 0, 75.54269358673, 72.59272560203, 75.54243821741, 72.59248083021, 75.54110735884, 72.59260321436, 75.54269468978, 72.59272560027, 0, 75.54243928962, 72.59248082845, -0.009025454854571, 0, -0.2158288362444, -0.008904375958664, 0.1864750155686, -0.008904375958664, 0.78186154375, 0.7825794461331, -0.7926112299073, -0.7924205354965, -0.005372329952364, -0.004931864251143, 0.7821543661525, 0.782568125914, 0, -0.7929406757811, -0.7924318544162, -0, -0, -0, -0, 0.002603192656295, 0.3940899081159, 0.3912309796231, 0.3941125277284, 0, 0.3912209931761, 0.3940672885033
5.475, 0.2051435420843, 0.02955149996507, -0.1971641773786, 0.02955567567436, 0.005549397845489, -0.0002689140977722, 0.02912133418691, -0.001487461505287, 0, 0, 1000, 0, -1000, 7528.540936472, 3132.497915221, 7534.833479289, 3132.07376198, 20.46690920096, 25.19495791515, 24.56721335513, 28.2603261133, -242.7411286549, -2.394907553331, 242.6569643924, -2.583953428014, 5406.510434883, 3950.36326973, 5410.45777449, 3989.001837656, 3, 0.3494912304649, 11.90955146967, -0.341999692946, -13.38689042113, -1.41017283554, 0.2985814947243, -1.339378920389, 0.3000005927045, 0, 0, 0.2173819604484, -0, -0, -0, -0, -0, 0.2173819602466, 0.002851616977698, 0, 0, 0, 0, 0, 0.002800028837766, 0.002851637501865, -0.04327160590019, 0.002800008685043, 0.04786951620451, 0.002800008685043, 30.74118168827, 30.75215754813, 30.74105498721, 30.75211827937, 75.88838014712, -0.2052527225733, 0.1973957825162, 0, 1, 50.007083297, 50, 50.0071218822, 0.0002760585061223, 0, 0, 0, 0, 0, 0, 0, 0, 75.88996560192, 72.94000061336, 75.8897117874, 72.93975172359, 75.88838014712, 72.93987616543, 75.88996670621, 72.94000061032, 0, 75.88971286085, 72.93975172054, -0.009047686747802, 0, -0.2141377051821, -0.009054180141984, 0.1881679060631, -0.009054180141984, 0.7818033836017, 0.782535533309, -0.7926693554433, -0.7924644489063, -0.00543034055906, -0.004983716839375, 0.7820988509682, 0.7825162723875, 0, -0.7929962122244, -0.7924837060663, -0, -0, -0, -0, 0.002603468480057, 0.3940922653587, 0.3912299473207, 0.3941307499881, 0, 0.3912220591263, 0.3940537807293
5.5, 0.2063227039054, 0.03076719183707, -0.1959963109765, 0.03077160621604, 0.005028545160697, -0.0003051481286817, 0.02889109391765, -0.002881778629597, 0, 0, 1000, 0, -1000, 7528.721558196, 3132.255147635, 7534.609037226, 3132.430551632, 20.67985793571, 25.56133758838, 24.57383238357, 28.54946708737, -242.9766917474, -2.494074229769, 242.4125533217, -2.684442961028, 5406.424654437, 3954.992659925, 5410.484320692, 3983.416485309, 3, 0.2361222037262, 11.33281320112, -0.2089354703705, -14.13083278509, -1.408322939218, 0.29150923714, -1.341780250105, 0.3092451248967, 0, 0, 0.2173728709852, -0, -0, -0, -0, -0, 0.2173728691297, 0.002704780714457, 0, 0, 0, 0, 0, 0.002059795044379, 0.002704800180159, -0.04337972441947, 0.002059780220601, 0.04777293397724, 0.002059780220601, 30.88184906624, 30.89287163799, 30.88172170552, 30.89283355994, 76.23565028495, -0.2053674297834, 0.197282695796, 0, 1, 50.00668549539, 50, 50.00675474684, 0.0004229105390429, 0, 0, 0, 0, 0, 0, 0, 0, 76.23723638349, 73.28727070415, 76.23698115191, 73.28702200369, 76.23565028495, 73.28714635168, 76.23723749135, 73.28727070191, 0, 76.2369822223, 73.28702200145, -0.009091095017528, 0, -0.2142954184357, -0.009047293149729, 0.1880117837425, -0.009047293149729, 0.7817484965497, 0.7824775729436, -0.7927241840354, -0.7925224084386, -0.005485410841744, -0.005036585377522, 0.7820447022976, 0.7824634042958, 0, -0.7930503813045, -0.7925365750509, -0, -0, -0, -0, 0.002603802876414, 0.3940932177282, 0.3912301176397, 0.3941215283112, 0, 0.3912220067959, 0.3940649071451
5.525, 0.2069643348879, 0.0444875485496, -0.1953408662134, 0.04449664828851, 0.007855664615222, -0.0004331253343649, 0.03031820100234, -0.001240433389972, 0, 0, 1000, 0, -1000, 7528.598805249, 3132.245951602, 7534.679007265, 3132.450094628, 20.89624691579, 24.09923928868, 24.27637780947, 29.81990771619, -243.5775729321, -3.097518011042, 241.8102048988, -3.283412955649, 5404.830387068, 3953.867398974, 5411.995165938, 3985.382776062, 3, 0.2600848205128, 17.58639815259, -0.2639049473305, -18.92422408501, -1.409655426686, 0.2906239281806, -1.341094353191, 0.3103670077026, 0, 0, 0.2173464150414, -0, -0, -0, -0, -0, 0.2173464127513, 0.003001810708152, 0, 0, 0, 0, 0, 0.00228383113636, 0.003001832306255, -0.0431127369622, 0.002283814704257, 0.04805465081754, 0.002283814704257, 31.02251562115, 31.0335850903, 31.02238721999, 31.03354753383, 76.58291789939, -0.2059305998996, 0.1967211429862, 0, 1, 50.00629510101, 50, 50.00632412159, 0.0001540102249314, 0, 0, 0, 0, 0, 0, 0, 0, 76.58450490926, 73.63453880717, 76.58424748944, 73.63428883154, 76.58291789939, 73.63441381686, 76.58450601348, 73.63453880467, 0, 76.58424856263, 73.63428882904, -0.009142476075097, 0, -0.2149110053131, -0.009093681619544, 0.1873977996912, -0.009093681619544, 0.7816983736926, 0.782429666822, -0.7927742292997, -0.7925703145918, -0.005535364215936, -0.005086032440865, 0.7819927587731, 0.7824139570148, 0, -0.79310234764, -0.7925860218966, -0, 5.551115123126e-17, 5.551115123126e-17, -0, 0.00260420853486, 0.3940923799907, 0.3912332948463, 0.3941237698085, 0, 0.3912189955365, 0.3940609901729
5.55, 0.1995372664431, -0.09248107248053, -0.2027572218014, -0.0924410475004, -0.02489410193126, -0.0006417288252229, 0.01572577425222, -0.001795920149871, 0, 0, 1000, 0, -1000, 7528.252554266, 3133.310754224, 7534.965256532, 3131.220113533, 15.07008139703, 38.82242439065, 29.95728855812, 15.45158657355, -243.9469155009, -4.449938897343, 241.3770516251, -5.104134134859, 5404.182679172, 3938.291128817, 5412.583163012, 4003.818779298, 3, -1.688616637951, -40.11220243428, 1.658438918094, 39.94787781655, -1.413330997153, 0.3181164703215, -1.338134703756, 0.2797936962499, 0, 0, 0.2173128813936, -0, -0, -0, -0, -0, 0.2173128906374, 0.003354887893955, 0, 0, 0, 0, 0, 0.004748605337995, 0.003354912025009, -0.04335150008581, 0.004748571182446, 0.04784073222771, 0.004748571182446, 31.16317736979, 31.1742987924, 31.16305552586, 31.17425931806, 76.93018292308, -0.1975507449262, 0.2051008494929, 0, 1, 50.00591619792, 50, 50.00591478517, -3.105324910156e-05, 0, 0, 0, 0, 0, 0, 0, 0, 76.93176421698, 73.98180652203, 76.93151776189, 73.98155067792, 76.93018292308, 73.98167859467, 76.9317652842, 73.98180651673, 0, 76.93151887787, 73.98155067262, -0.009177626108554, 0, -0.2065653585195, -0.009307166804506, 0.1957432568467, -0.009307166804506, 0.7816446874267, 0.7823994998146, -0.7928277696874, -0.7926004848148, -0.005585288807673, -0.005133153931402, 0.7819407039789, 0.7823668329741, 0, -0.7931544262495, -0.7926331408369, -5.551115123126e-17, -0, -0, -0, 0.002604625106078, 0.3940895306106, 0.3912345838705, 0.3941547971945, 0, 0.3912178254503, 0.3940242640266
5.575, 0.1963450818431, -0.04772861781889, -0.2059484539875, -0.04771820681866, -0.01289739993503, 0.000208536997971, -0.03094239655836, 0.001058266137343, 0, 0, -1000, 0, 1000, 7527.632088313, 3128.806829293, 7535.528115379, 3135.645305713, 20.43852235327, 29.70479273376, 24.61568503293, 22.91817568309, -243.0585797897, 2.411408502902, 242.3303924965, 2.230322273793, 5405.166994108, 3992.613655254, 5411.602126549, 3950.991416955, 3, -0.5487449533614, -19.77711818415, 0.5069108046122, 20.67036629675, -1.41988921934, 0.2063932106411, -1.332273607548, 0.3900298459866, 0, 0, 0.2172917149634, -0, -0, -0, -0, -0, 0.2172917431072, 0.003662083407157, 0, 0, 0, 0, 0, -0.003016247057645, 0.003662109742678, -0.04315375286102, -0.003016225366745, 0.04804749423055, -0.003016225366745, 31.30384186335, 31.31501085236, 31.30371901313, 31.31497066799, 77.27744516016, -0.1983555995425, 0.2042995016032, 0, 1, 50.00553794956, 50, 50.00551423271, -0.0001125904683304, 0, 0, 0, 0, 0, 0, 0, 0, 77.27902794928, 74.32906057921, 77.27877820644, 74.32882042555, 77.27744516016, 74.32894050554, 77.27902901631, 74.32906058238, 0, 77.27877932206, 74.32882042871, -0.009282249093614, 0, -0.2074756067544, -0.008736375603939, 0.1948365142947, -0.008736375603939, 0.7815925580011, 0.7822843850768, -0.7928798639823, -0.7927155987965, -0.005636905464733, -0.005194860858198, 0.7818872227848, 0.782305128896, 0, -0.7932079339717, -0.7926948506124, -0, 5.551115123126e-17, -0, -0, 0.002604969804499, 0.3940880422107, 0.3912326241037, 0.3940465857981, 0, 0.3912197785242, 0.3941294986233
5.6, 0.2055706340154, 0.1015178837676, -0.1967265370759, 0.1015663511776, 0.02330812771037, 4.893361938978e-05, 0.0151745337003, 0.001676168579361, 0, 0, 190.3511714331, 0, -127.5996180108, 7527.832846511, 3130.503055578, 7535.283610108, 3134.028323934, 34.44170357638, 15.43080724829, 10.70820208209, 36.86336985686, -242.0479646292, 0.03028719853047, 243.1783396342, -0.1469356158508, 5405.958157372, 3973.207660435, 5410.850392065, 3969.105260132, 3, 1.494358060149, 43.46806536765, -1.513779621403, -43.44227415317, -1.417832229785, 0.2485664096788, -1.334878882743, 0.3493922764866, 0, 0, 0.2172972557347, -0, -0, -0, -0, -0, 0.2172972572601, 0.003369444333416, 0, 0, 0, 0, 0, -0.0002972894627033, 0.003369468565686, -0.04309552729489, -0.000297287324681, 0.04812463376947, -0.000297287324681, 31.44450720923, 31.45572138732, 31.44437956543, 31.45568181966, 77.62470447589, -0.2026201289537, 0.2000347920799, 0, 1, 50.00517136367, 50, 50.00517392829, 8.968582372137e-05, 0, 0, 0, 0, 0, 0, 0, 0, 77.62629076227, 74.67632381473, 77.62603409961, 74.67607632758, 77.62470447589, 74.67620007148, 77.62629184983, 74.67632381505, 0, 77.62603519247, 74.67607632791, -0.009297714182706, 0, -0.2117558493234, -0.009003154918716, 0.19055601086, -0.009003154918716, 0.7815361759076, 0.7822526416222, -0.7929361336796, -0.7927473389546, -0.005695547080865, -0.005245303877483, 0.7818304418465, 0.7822546863897, 0, -0.7932647317207, -0.7927452941447, -0, 5.551115123126e-17, -0, -0, 0.002605204696509, 0.3940893297551, 0.3912310483809, 0.394085243699, 0, 0.3912212755606, 0.3940934158112
5.625, 0.2061344955617, 0.06171072562096, -0.1961702966261, 0.06172856996154, 0.01271458581728, -0.0002623828115542, 0.03243250569126, -0.0002215777139988, 0, 0, 1000, 0, -1000, 7528.109435539, 3131.976163942, 7534.97825082, 3132.548417745, 25.55779233396, 21.73940983124, 19.77842246567, 31.60653115526, -242.7067570508, -2.351380669091, 242.679427193, -2.526381066434, 5405.902944741, 3955.617817653, 5410.922053777, 3985.062543906, 3, 0.7216541681387, 25.98280459891, -0.733396550022, -26.19065281708, -1.41497783337, 0.2849161888696, -1.338123157415, 0.3129007581095, 0, 0, 0.2173267268657, -0, -0, -0, -0, -0, 0.2173267238329, 0.003151475567964, 0, 0, 0, 0, 0, 0.0021337768654, 0.003151498238802, -0.04312611536051, 0.002133761515715, 0.04809809832638, 0.002133761515715, 31.58517016748, 31.59643102715, 31.58504047218, 31.59639179568, 77.97196099088, -0.2046287590058, 0.1980284872264, 0, 1, 50.00480627037, 50, 50.00481583205, 0.0001474021312628, 0, 0, 0, 0, 0, 0, 0, 0, 77.97354933089, 75.02358377771, 77.97328895625, 75.02332954592, 77.97196099088, 75.02345665944, 77.97355042967, 75.02358377534, 0, 77.97329003687, 75.02332954355, -0.009321862751987, 0, -0.2137885051441, -0.009248513281815, 0.1885256185919, -0.009248513281815, 0.7814794885809, 0.7822184688656, -0.7929928092313, -0.7927815117079, -0.005753368123611, -0.005296197826856, 0.7817739634259, 0.7822037913677, 0, -0.7933212260054, -0.7927961870214, 5.551115123126e-17, -0, -0, -0, 0.002605383907396, 0.3940909555419, 0.3912311582091, 0.3941202829585, 0, 0.3912211329604, 0.3940616281253
5.65, 0.1966393820183, -0.1053528057844, -0.2056662861985, -0.1053013537285, -0.02758384791417, -3.610106513302e-05, -0.02447967185772, 0.008011528481206, 0, 0, -435.6380260577, 0, 594.7142788179, 7527.982612913, 3130.183088485, 7535.07332124, 3134.364686643, 10.18243220507, 36.88740110286, 35.11746951193, 15.33761953057, -243.3715790843, 0.4817784769111, 241.8357510847, 0.29323714574, 5405.604528534, 3976.376220761, 5411.168510969, 3962.744233757, 3, -1.438683076256, -44.72478548358, 1.408866187521, 45.43411155054, -1.416353783077, 0.2403496082473, -1.337168419132, 0.3578907828963, 0, 0, 0.2173477190522, -0, -0, -0, -0, -0, 0.217347724954, 0.003286751684051, 0, 0, 0, 0, 0, -0.0009878719299051, 0.003286775332595, -0.04331865282543, -0.0009878648221074, 0.04792030767038, -0.0009878648221074, 31.7258293203, 31.73714089365, 31.72570330408, 31.73709993331, 78.31921511079, -0.2004340629271, 0.2022231345959, 0, 1, 50.00445458288, 50, 50.00443807889, -2.577908268555e-05, 0, 0, 0, 0, 0, 0, 0, 0, 78.32080139825, 75.37083545369, 78.32054540566, 75.37058669531, 78.31921511079, 75.37071107557, 78.32080248066, 75.37083545476, 0, 78.32054650582, 75.37058669638, -0.009395225863531, 0, -0.2096663958189, -0.009049400392126, 0.1926475906787, -0.009049400392126, 0.7814233908331, 0.7821399922394, -0.7930488201371, -0.79285998835, -0.005807330497851, -0.005353203311884, 0.7817191808952, 0.7821467867487, 0, -0.793376022457, -0.7928531933725, -0, -0, -0, 5.551115123126e-17, 0.002605646785103, 0.3940925094489, 0.3912317516717, 0.3940789317726, 0, 0.3912206430272, 0.3941060871252
5.675, 0.1966045255823, -0.06744340508704, -0.205698564678, -0.06742235355069, -0.01827994901562, 0.0001866886147491, -0.03326881543097, -9.258530098087e-05, 0, 0, -1000, 0, 1000, 7527.813520041, 3128.748976364, 7535.198149825, 3135.667670197, 19.53435424548, 32.31650360716, 25.91781656812, 20.87018163507, -243.0681457865, 2.217396069301, 242.3061161552, 2.03971640376, 5405.340759936, 3993.028626659, 5411.329993311, 3946.824278102, 3, -0.8616571738812, -28.86215379933, 0.83068482004, 28.9751543919, -1.418172729369, 0.2045564004664, -1.335900822098, 0.3911438838848, 0, 0, 0.2173508611632, -0, -0, -0, -0, -0, 0.2173508929064, 0.003437345925318, 0, 0, 0, 0, 0, -0.003348299769505, 0.003437370658119, -0.04338057482437, -0.003348275677585, 0.04786535285243, -0.003348275677585, 31.86648869488, 31.87784873145, 31.8663641467, 31.87780828296, 78.66646701861, -0.1975975597519, 0.2050622437049, 0, 1, 50.00410487052, 50, 50.00409965162, 8.305858026358e-08, 0, 0, 0, 0, 0, 0, 0, 0, 78.66805217112, 75.71808515701, 78.66779848306, 75.71784034617, 78.66646701861, 75.71796275517, 78.66805324076, 75.71808516059, 0, 78.66779959778, 75.71784034975, -0.009461519398808, 0, -0.2068959282018, -0.008905795355879, 0.1954206331239, -0.008905795355879, 0.7813680656292, 0.7820682030163, -0.7931041197785, -0.7929317806469, -0.005861320214598, -0.005408758708811, 0.7816642789593, 0.7820912304334, 0, -0.7934309465419, -0.7929087478511, 5.551115123126e-17, -0, -0, 5.551115123126e-17, 0.002606024375725, 0.3940917793024, 0.3912322767871, 0.394045759035, 0, 0.391220321663, 0.3941377995698
5.7, 0.1965164663362, -0.03031246079709, -0.2057963615777, -0.03030829271846, -0.008341739734723, 0.0002314723922113, -0.02891695678842, -0.001095685976514, 0, 0, -1000, 0, 1000, 7527.701781377, 3128.989313237, 7535.239418043, 3135.528108175, 24.84216421544, 28.40246601662, 20.8556090319, 25.31489580699, -242.7003470025, 2.298556256701, 242.6667329694, 2.108538308329, 5405.356830562, 3989.981893347, 5411.21516592, 3949.99679905, 3, -0.1780617396745, -13.32134484357, 0.1636760359724, 12.23934814288, -1.419390734252, 0.2109855532402, -1.335509718208, 0.3865509249551, 0, 0, 0.2173206638827, -0, -0, -0, -0, -0, 0.2173206897311, 0.003487194087605, 0, 0, 0, 0, 0, -0.002897607821966, 0.003487219172109, -0.04336649737927, -0.00289758697869, 0.04789461599216, -0.00289758697869, 32.00714809444, 32.01855672264, 32.0070232492, 32.01851480178, 79.01371690757, -0.1972963228574, 0.205366120425, 0, 1, 50.00376429322, 50, 50.0037873368, 0.0001387444959158, 0, 0, 0, 0, 0, 0, 0, 0, 79.01530216768, 76.06533593213, 79.01504784513, 76.06508904085, 79.01371690757, 76.06521248961, 79.01530323563, 76.06533593525, 0, 79.01504896203, 76.06508904398, -0.009503413467751, 0, -0.2066366589486, -0.008981478105588, 0.1956825319444, -0.008981478105588, 0.7813124340107, 0.7820184148054, -0.7931596786306, -0.7929815678578, -0.005916761750543, -0.005461646352629, 0.7816085511971, 0.7820383429649, 0, -0.7934867053901, -0.7929616356701, -0, -0, -0, -5.551115123126e-17, 0.002606535320888, 0.3940916541849, 0.3912322448467, 0.3940518283938, 0, 0.3912205502358, 0.394131479976
5.725, 0.2022047226793, 0.08700159836158, -0.200091542966, 0.08703750301126, 0.02067245015587, 0.0005700107676246, -0.01631673703729, -0.0007454275290361, 0, 0, -1000, 0, 1000, 7527.778550336, 3127.620602256, 7535.0862802, 3136.845297424, 29.44893365426, 15.74923073882, 16.12962136827, 38.91252837483, -242.0468661399, 5.105372091543, 243.2704817971, 4.455727291068, 5406.196272987, 4009.119973094, 5410.312541768, 3932.579994699, 3, 1.597518878565, 37.92998286055, -1.642992353366, -37.38210589379, -1.418628695809, 0.1772974736722, -1.33715610402, 0.4192496231482, 0, 0, 0.2172871449635, -0, -0, -0, -0, -0, 0.2172872131461, 0.003252469638724, 0, 0, 0, 0, 0, -0.00554663789085, 0.003252493027562, -0.04310336723804, -0.005546598004677, 0.04818684473168, -0.005546598004677, 32.14781005891, 32.15926327553, 32.14767806687, 32.15922125008, 79.36096450966, -0.2051936320119, 0.1974693783251, 0, 1, 50.00343238658, 50, 50.00341350081, -0.0001140022155732, 0, 0, 0, 0, 0, 0, 0, 0, 79.36255578169, 76.4125812163, 79.36228897545, 76.41233858241, 79.36096450966, 76.41245990523, 79.36255688398, 76.41258122217, 0, 79.36229005354, 76.41233858829, -0.009551785697428, 0, -0.2145834203835, -0.008826601639056, 0.1877362791295, -0.008826601639056, 0.7812565836896, 0.7819413090542, -0.7932153567837, -0.7930586796366, -0.005975849400723, -0.005520534864336, 0.7815509027506, 0.781979452101, 0, -0.7935443805596, -0.7930205218297, 5.551115123126e-17, -0, -0, -0, 0.002607039419613, 0.3940899384245, 0.3912305740069, 0.3940137033866, 0, 0.3912223466182, 0.3941661734624
5.75, 0.2058016856045, 0.101016834337, -0.19649946089, 0.1010647026012, 0.02343468309011, 9.607797526322e-05, 0.01131108323241, 0.002499605743371, 0, 0, 49.15027783242, 0, 25.64090135109, 7528.241422681, 3130.424428425, 7534.549666698, 3134.016877614, 34.43228555796, 15.59529719319, 11.24398444637, 37.15246519857, -241.8986235121, 0.3300122227972, 243.3075786352, 0.1609984947697, 5406.630144262, 3977.476897706, 5409.869212068, 3965.316994303, 3, 1.541772294438, 43.20850491464, -1.574853908806, -43.14779446394, -1.413816433446, 0.2472310978455, -1.342829103594, 0.3488258091689, 0, 0, 0.2172622294697, -0, -0, -0, -0, -0, 0.2172622340199, 0.002813504582959, 0, 0, 0, 0, 0, -0.000881194148106, 0.002813524810516, -0.04353742196744, -0.0008811878128481, 0.0477722379729, -0.0008811878128481, 32.28846708241, 32.29996865181, 32.28833607564, 32.29992722212, 79.70820972958, -0.2029009793415, 0.1997641716476, 0, 1, 50.00311052751, 50, 50.00310701233, 5.314079133509e-06, 0, 0, 0, 0, 0, 0, 0, 0, 79.70979938321, 76.75983207455, 79.70953546528, 76.75957792381, 79.70820972958, 76.75970500016, 79.70980048465, 76.75983207553, 0, 79.70953654721, 76.75957792479, -0.009544575759891, 0, -0.2122819150203, -0.009245564996409, 0.1900398905509, -0.009245564996409, 0.7811953662996, 0.7819235551437, -0.7932764737986, -0.793076424537, -0.006036956311588, -0.00557037375654, 0.7814926485667, 0.7819296158975, 0, -0.7936026672988, -0.7930703634106, -0, -0, -0, -0, 0.002607478398996, 0.3940888506586, 0.3912297074808, 0.394076739201, 0, 0.3912232321154, 0.3941009621161
5.775, 0.2057818043734, -0.0009781705431656, -0.1965544211736, -0.0009781654737987, -0.002380327632114, -0.0003776033184106, 0.02545741773445, -0.00308683704479, 0, 0, 1000, 0, -1000, 7528.580967453, 3132.711072596, 7534.14636188, 3131.923779101, 20.46170970349, 29.62974991256, 25.7241511717, 25.59013087995, -243.0810614194, -3.038828193996, 242.2679146136, -3.26117244466, 5405.966158582, 3950.661459768, 5410.551927567, 3990.393643873, 3, -0.2151589010396, -2.181143030903, 0.2395502133857, -0.5327069001542, -1.410294460817, 0.3033436991687, -1.347104728303, 0.2963651586786, 0, 0, 0.2172534355413, -0, -0, -0, -0, -0, 0.2172534365619, 0.002625471001708, 0, 0, 0, 0, 0, 0.002879280115694, 0.002625489875878, -0.04360588525337, 0.002879259417071, 0.04771255653947, 0.002879259417071, 32.42912418005, 32.44067347938, 32.42899225381, 32.44063208308, 80.05545252016, -0.203655916229, 0.1990129262576, 0, 1, 50.00278914764, 50, 50.00286002499, 0.0004771409830182, 0, 0, 0, 0, 0, 0, 0, 0, 80.0570428991, 77.10707946897, 80.05677740212, 77.1068161139, 80.05545252016, 77.10694778812, 80.05704400622, 77.10707946566, 0, 80.0567784784, 77.10681611059, -0.009549175541246, 0, -0.2130412045815, -0.009580402660149, 0.1892842729427, -0.009580402660149, 0.7811379455521, 0.7818991498771, -0.793333865467, -0.7931008300938, -0.006095041415052, -0.005620644167493, 0.7814356962922, 0.7818793438293, 0, -0.7936596503384, -0.7931206321643, -0, -0, 5.551115123126e-17, -0, 0.002607836210011, 0.3940905820685, 0.3912310298056, 0.394130155957, 0, 0.3912218724644, 0.39405100818
5.8, 0.2065713238368, 0.02182861697438, -0.1957630293277, 0.02183077964954, 0.002624502459705, -0.0004367023747014, 0.0278533087712, -0.002412152395281, 0, 0, 1000, 0, -1000, 7528.420412619, 3132.470111779, 7534.258726157, 3132.268792718, 20.99525435748, 27.1729605544, 25.21574985947, 27.98045769425, -243.5107136413, -3.173492110664, 241.8434058853, -3.379444960922, 5404.85237031, 3951.928493873, 5411.659170706, 3987.347376094, 3, -0.06022684783546, 7.533648087736, 0.0783052743916, -9.753101200375, -1.412018658591, 0.2964614273859, -1.34597198607, 0.3052846146595, 0, 0, 0.2172622148498, -0, -0, -0, -0, -0, 0.2172622136995, 0.00288756139286, 0, 0, 0, 0, 0, 0.002566707209173, 0.002887582152842, -0.04334468411823, 0.002566688756089, 0.04798742511749, 0.002566688756089, 32.56978068627, 32.58137715538, 32.56964733785, 32.58133655844, 80.4026929456, -0.2047362990157, 0.1979340605026, 0, 1, 50.0024811158, 50, 50.00253913164, 0.0004020948996627, 0, 0, 0, 0, 0, 0, 0, 0, 80.40428477256, 77.45432007298, 80.40401649267, 77.4540567098, 80.4026929456, 77.45418838844, 80.40428587889, 77.45432007003, 0, 80.4040175687, 77.45405670684, -0.009596642951823, 0, -0.2141700457164, -0.009580697761122, 0.1881568832365, -0.009580697761122, 0.7810847940004, 0.7818435375992, -0.793386944568, -0.793156441962, -0.00614823054542, -0.005674106403209, 0.7813807628578, 0.7818258817971, 0, -0.793714604436, -0.7931740946035, -0, -0, -0, -0, 0.002608138631722, 0.3940923543158, 0.39123324986, 0.3941276320869, 0, 0.3912196652342, 0.3940570765447
5.825, 0.2031573083251, -0.07002319487838, -0.1991569620793, -0.07000008489128, -0.02009210056943, -0.0006626770099079, 0.01789163665885, -0.0004501882452085, 0, 0, 1000, 0, -1000, 7528.031779688, 3133.299349593, 7534.597150384, 3131.433583508, 18.14192808884, 37.48932216733, 27.89297279926, 17.94694244439, -243.9393402304, -4.682320392929, 241.3942989171, -5.271463821395, 5403.927172964, 3938.732914518, 5412.512720537, 4000.438529132, 3, -1.51118628687, -30.7572475582, 1.485261446299, 30.66971242529, -1.416137263011, 0.3168530703781, -1.342464745868, 0.2849093556165, 0, 0, 0.2172567415561, -0, -0, -0, -0, -0, 0.2172567488118, 0.003309904632661, 0, 0, 0, 0, 0, 0.004471633085817, 0.00330992842786, -0.04338359787608, 0.004471600939077, 0.04796694178918, 0.004471600939077, 32.71043355785, 32.72208055457, 32.71030452211, 32.72203987595, 80.74993143142, -0.1986949961082, 0.2039760502509, 0, 1, 50.00218152366, 50, 50.00218051617, 8.948970551342e-06, 0, 0, 0, 0, 0, 0, 0, 0, 80.75151952691, 77.80156085697, 80.75125862383, 77.80129293466, 80.74993143142, 77.80142689058, 80.7515206032, 77.80156085174, 0, 80.7512597337, 77.80129292943, -0.009636630016749, 0, -0.2081685419481, -0.009746550959747, 0.1941590129972, -0.009746550959747, 0.7810299693476, 0.78180636735, -0.7934416644786, -0.7931936146585, -0.006200166574083, -0.00572438026835, 0.7813262054281, 0.7817756059393, 0, -0.7937691829477, -0.793224366476, -0, -0, -0, -0, 0.002608515526398, 0.3940924575213, 0.391235092681, 0.3941539172966, 0, 0.3912179650534, 0.394030997746
5.85, 0.196072509518, -0.1051070395479, -0.2062399248938, -0.1050557594616, -0.02766944399977, -0.0001701463450034, -0.01565680360164, 0.01072850257035, 0, 0, -70.85229353636, 0, 268.8340508474, 7527.310329331, 3130.59620615, 7535.250093672, 3134.156176028, 10.48986156393, 37.28129684374, 35.51887104565, 15.30785551396, -243.8072923702, -0.3232139322134, 241.3603158129, -0.5146174835501, 5404.01757132, 3969.639176541, 5412.326350061, 3970.679372169, 3, -1.609944766363, -44.54985281666, 1.562445668055, 45.56010935403, -1.423751703278, 0.2497363461858, -1.33565506569, 0.352462916457, 0, 0, 0.2172206868822, -0, -0, -0, -0, -0, 0.2172206864918, 0.00381123443204, 0, 0, 0, 0, 0, 7.538006402815e-05, 0.003811261822251, -0.04301703547194, 7.53795222979e-05, 0.04835483709268, 7.53795222979e-05, 32.85108830558, 32.86278411676, 32.85095839007, 32.86274160135, 81.09716821139, -0.1999532009178, 0.2027194697462, 0, 1, 50.00189306622, 50, 50.00186149462, -0.000198183039989, 0, 0, 0, 0, 0, 0, 0, 0, 81.09875778346, 78.14879316301, 81.09849342805, 78.14853400398, 81.09716821139, 78.14866358341, 81.09875885758, 78.14879316293, 0, 81.09849453913, 78.14853400389, -0.009726435614656, 0, -0.2095179765724, -0.009427758032324, 0.1928111783397, -0.009427758032324, 0.7809771166682, 0.7817166667446, -0.7934943977268, -0.793283311935, -0.006252361165555, -0.005783841069972, 0.781270849592, 0.7817161482685, 0, -0.7938245650856, -0.7932838304084, -0, -0, -5.551115123126e-17, -0, 0.002609012553602, 0.3940913161862, 0.3912349144919, 0.3940923522376, 0, 0.3912183340829, 0.3940902801348
5.875, 0.1950358405013, -0.1205832208791, -0.2072781306502, -0.1205162166969, -0.03059278828708, 8.792179295262e-05, -0.03784623400661, -0.00386303998168, 0, 0, -1000, 0, 1000, 7527.11431585, 3129.871970662, 7535.375546878, 3134.746975248, 14.55157212966, 38.4824290891, 31.56218432947, 14.80324905922, -243.0176735925, 1.269581735053, 242.2492093665, 1.094473340365, 5405.29906276, 3979.2401308, 5410.980133945, 3963.614628955, 3, -1.538803808631, -50.95276036887, 1.495713061424, 51.35169058503, -1.425853803657, 0.2327255355619, -1.334373591528, 0.3670096113869, 0, 0, 0.2171863191169, -0, -0, -0, -0, -0, 0.2171863268454, 0.003751178042912, 0, 0, 0, 0, 0, -0.00113233635669, 0.003751204992985, -0.04325298501194, -0.001132328221557, 0.04813469435127, -0.001132328221557, 32.9917411107, 33.00348672559, 32.99161274451, 33.00344287215, 81.44440297846, -0.1971833022465, 0.2054918585444, 0, 1, 50.00160659158, 50, 50.00159151984, -9.542845196301e-05, 0, 0, 0, 0, 0, 0, 0, 0, 81.44599102637, 78.49602686676, 81.44572924416, 78.49576896183, 81.44440297846, 78.49589791557, 81.44599209236, 78.49602686804, 0, 81.44573036581, 78.4957689631, -0.009777232959292, 0, -0.2067979865261, -0.009382136090163, 0.1955336526904, -0.009382136090163, 0.7809166944497, 0.7816502780778, -0.7935547424129, -0.793349701114, -0.006311715885907, -0.005841923198327, 0.7812120366295, 0.78165806609, 0, -0.7938834088349, -0.7933419124866, -0, -0, -0, -0, 0.002609486362023, 0.394088790003, 0.3912323605079, 0.3940732267541, 0, 0.3912210170531, 0.3941043532518
5.9, 0.19829765379, 0.03243650199549, -0.2040290962222, 0.03244165086909, 0.007104890946543, 0.0004761368255247, -0.02194559026406, -0.0005773798462861, 0, 0, -1000, 0, 1000, 7527.21324489, 3128.21020052, 7535.203911233, 3136.529121351, 27.03153625493, 21.92364625731, 19.3460544057, 33.17648339619, -242.0224277177, 4.007203310624, 243.30801033, 3.701368762365, 5406.424241553, 4002.512538739, 5409.86009207, 3940.160771438, 3, 0.8866783423677, 14.04709028161, -0.9038084079506, -14.660809453, -1.424863235846, 0.1911529795732, -1.336210698789, 0.4109299734009, 0, 0, 0.217158894367, -0, -0, -0, -0, -0, 0.2171589448213, 0.00347420034012, 0, 0, 0, 0, 0, -0.004518457932073, 0.003474225293963, -0.04323640431563, -0.004518425477947, 0.04816810766965, -0.004518425477947, 33.13239600154, 33.14418792489, 33.13226351436, 33.14414430023, 81.79163568859, -0.2014731345812, 0.2012045760572, 0, 1, 50.00132692087, 50, 50.00134161319, 0.000117860300218, 0, 0, 0, 0, 0, 0, 0, 0, 81.79322730649, 78.84325669946, 81.79295800481, 78.84300425581, 81.79163568859, 78.84313048261, 81.79322839449, 78.84325670444, 0, 81.79295910227, 78.84300426079, -0.009840202662477, 0, -0.2111509031801, -0.009183463934201, 0.1911832647298, -0.009183463934201, 0.7808565196898, 0.7815650609089, -0.7936148328673, -0.7934349237576, -0.006373783424724, -0.0059038530162, 0.7811517468793, 0.7815961344195, 0, -0.7939437293973, -0.7934038404519, -0, -0, 5.551115123126e-17, -0, 0.002609903648016, 0.3940889695812, 0.3912301192019, 0.3940268662275, 0, 0.3912232480196, 0.3941510729348
5.925, 0.2067300988022, 0.1079032021912, -0.1955833546763, 0.1079578858529, 0.02470129446785, 8.469681241299e-05, 0.01652467887191, 0.004395469910117, 0, 0, 247.4693009681, 0, -140.3539267565, 7527.840460795, 3130.550770688, 7534.52443119, 3134.163936047, 34.53067013251, 15.19863942103, 11.74786103701, 37.77131926302, -241.8831077816, 0.2178257263904, 243.3163626113, 0.03400690715298, 5406.379925302, 3976.411271123, 5409.932361199, 3965.846773196, 3, 1.60643490007, 46.43039147544, -1.63898017995, -45.80347558543, -1.418327680512, 0.2493652764375, -1.343377875219, 0.3523170625301, 0, 0, 0.2171652479861, -0, -0, -0, -0, -0, 0.2171652519925, 0.002978471555312, 0, 0, 0, 0, 0, -0.0007655795760167, 0.002978492949778, -0.04342049211097, -0.000765574076871, 0.0480035428684, -0.000765574076871, 33.27304958576, 33.28488801627, 33.2729140822, 33.28484553911, 82.13886612486, -0.2036404714609, 0.1990381028451, 0, 1, 50.00106384538, 50, 50.0010501959, -7.65478401383e-06, 0, 0, 0, 0, 0, 0, 0, 0, 82.14045972799, 79.19049224357, 82.14018653575, 79.19022995405, 82.13886612486, 79.19036109969, 82.14046083185, 79.19049224445, 0, 82.14018761705, 79.19022995492, -0.009844160388729, 0, -0.2133215121994, -0.009541639854351, 0.1890134352293, -0.009541639854351, 0.7807943227499, 0.7815378089643, -0.7936769177807, -0.7934621693363, -0.006437826646085, -0.005956914447146, 0.7810908069544, 0.7815430745626, 0, -0.7940046905671, -0.7934569034569, -0, -0, 5.551115123126e-17, -0, 0.002610191616903, 0.3940893843828, 0.3912302065307, 0.3940788619745, 0, 0.3912231050003, 0.3940999067911
5.95, 0.2075244870844, 0.1157757463245, -0.1947930428576, 0.1158382022572, 0.02588438178108, -8.948333354358e-05, 0.03074993420217, -0.0002295267663025, 0, 0, 762.3542666226, 0, -713.1669679934, 7528.017471593, 3130.87388673, 7534.307176477, 3133.792914725, 33.05230601317, 15.13659173295, 13.3158483946, 38.2693452717, -242.4605530135, -0.8717567181984, 242.7802653437, -1.048709541546, 5405.424188002, 3971.979863921, 5410.880589759, 3969.34748027, 3, 1.493636465764, 49.18483993478, -1.521177379239, -48.83477388754, -1.416510089326, 0.2570429891643, -1.345697537886, 0.3437742505103, 0, 0, 0.2171866270964, -0, -0, -0, -0, -0, 0.2171866279389, 0.002963393919962, 0, 0, 0, 0, 0, -0.0001907614707663, 0.002963415210316, -0.04336097504906, -0.00019076010026, 0.04807390628527, -0.00019076010026, 33.41370161179, 33.42558757401, 33.41356479138, 33.42554587207, 82.48609455932, -0.204611724761, 0.1980682212248, 0, 1, 50.00080215069, 50, 50.000795845, 4.373958594399e-05, 0, 0, 0, 0, 0, 0, 0, 0, 82.48768959486, 79.537721985, 82.48741382418, 79.53745719714, 82.48609455932, 79.53758959129, 82.48769070245, 79.53772198522, 0, 82.48741490126, 79.53745719736, -0.009885660605925, 0, -0.2143344824126, -0.009632525011321, 0.1880017619944, -0.009632525011321, 0.7807364474706, 0.7814865893262, -0.7937347374068, -0.7935133884246, -0.006496116430626, -0.006012087468148, 0.7810325267015, 0.7814879013985, 0, -0.7940629890754, -0.7935120763348, -0, 5.551115123126e-17, -5.551115123126e-17, -0, 0.002610450610469, 0.394090311408, 0.3912321106971, 0.3940876895119, 0, 0.3912212156967, 0.3940929333041
5.975, 0.2038332902283, -0.03353164082834, -0.1984969595435, -0.03352636137145, -0.01041915654866, -0.0005294955366866, 0.02198664999741, -0.0005371816058091, 0, 0, 1000, 0, -1000, 7528.059104289, 3133.218853306, 7534.22006285, 3131.445213882, 19.47512584075, 33.45401073152, 27.15338558976, 22.04711805366, -243.4734350504, -4.018173895605, 241.8570649892, -4.348398718856, 5404.659958366, 3941.445201946, 5411.58774753, 3998.94675826, 3, -0.7972757077257, -15.07143249198, 0.7829344464457, 14.49996863161, -1.416112538439, 0.3160167754537, -1.346653027553, 0.2847548503289, 0, 0, 0.21719861108, -0, -0, -0, -0, -0, 0.217198617697, 0.003030045022948, 0, 0, 0, 0, 0, 0.004166976739239, 0.003030066794556, -0.04350145510441, 0.004166946798714, 0.04794292753614, 0.004166946798714, 33.55435107635, 33.5662878104, 33.5542167628, 33.56624433266, 82.83332131954, -0.2011278975461, 0.2015539687691, 0, 1, 50.00054638591, 50, 50.00056157566, 0.0001517651904668, 0, 0, 0, 0, 0, 0, 0, 0, 82.83491426996, 79.88495384765, 82.83464282315, 79.88467885782, 82.83332131954, 79.88481634773, 82.83491536314, 79.88495384264, 0, 82.83464391714, 79.88467885282, -0.009896877488578, 0, -0.2108613054944, -0.0100036547959, 0.1914768046587, -0.0100036547959, 0.7806776544392, 0.7814661505515, -0.793793487972, -0.7935338296076, -0.006553535192333, -0.006062500578368, 0.7809746941244, 0.7814374853359, 0, -0.7941208440651, -0.7935624864927, -0, 5.551115123126e-17, -0, -0, 0.002610786662014, 0.3940912420253, 0.3912336323393, 0.3941485144916, 0, 0.3912198077657, 0.394033969559
6, 0.1965682823761, -0.1046356961743, -0.2057584180545, -0.1045849306417, -0.02712355786429, -6.39861461701e-05, -0.02226398861474, 0.002861936910609, 0, 0, -390.2169099818, 0, 472.9634746605, 7527.642851476, 3130.333809571, 7534.582006442, 3134.196872376, 11.01295208869, 37.48333934589, 35.53488634579, 15.94554177569, -243.4863849577, 0.3515069642532, 241.678348005, 0.1719331867135, 5405.202035605, 3975.486404459, 5410.962535414, 3965.663222315, 3, -1.504651681769, -44.58248965638, 1.468337068188, 44.88584851573, -1.420519183081, 0.2446998357804, -1.34289687379, 0.3534940313319, 0, 0, 0.2172010935702, -0, -0, -0, -0, -0, 0.2172010975072, 0.003244662833754, 0, 0, 0, 0, 0, -0.0007118584990949, 0.003244686147976, -0.04347298851635, -0.0007118533841386, 0.04799084808938, -0.0007118533841386, 33.69500072034, 33.7069872024, 33.69486734089, 33.70694263025, 83.18054647267, -0.2002441339952, 0.2024384026697, 0, 1, 50.00030585882, 50, 50.0002967208, -7.486029367348e-06, 0, 0, 0, 0, 0, 0, 0, 0, 83.182139554, 80.23217423531, 83.18186787224, 80.23190880228, 83.18054647267, 80.23204151962, 83.18214064229, 80.23217423613, 0, 83.18186897195, 80.23190880311, -0.009975315446525, 0, -0.2100560790443, -0.009655995018459, 0.1922826238903, -0.009655995018459, 0.7806200643526, 0.7813698787853, -0.7938509661802, -0.7936300989697, -0.006610023720598, -0.006125213839044, 0.7809169088562, 0.7813747749169, 0, -0.7941786505043, -0.793625202595, 5.551115123126e-17, -0, 5.551115123126e-17, -0, 0.002611194745261, 0.3940904883891, 0.3912325526521, 0.3940807043432, 0, 0.3912210529338, 0.3941002724351
6.025, 0.2032935654017, 0.09307820509985, -0.1990292398573, 0.09311898285139, 0.02160358803941, 0.0003440767014136, -0.01545484714311, -0.00186279639016, 0, 0, -1000, 0, 1000, 7527.478471217, 3128.407935183, 7534.680161795, 3136.006493828, 31.25738671499, 15.78048566977, 15.43073696591, 38.92041880952, -242.3322262276, 3.120802777829, 242.9322112186, 2.820326399679, 5405.414297338, 3998.958192508, 5410.681510761, 3943.197009044, 3, 1.522336118514, 39.80673909363, -1.553357398274, -40.00874297184, -1.422282360115, 0.1970502952689, -1.34190458526, 0.3988488652747, 0, 0, 0.217195084573, -0, -0, -0, -0, -0, 0.2171951260036, 0.003297976664187, 0, 0, 0, 0, 0, -0.004040856792596, 0.00329800036018, -0.04319486723141, -0.0040408277592, 0.04828778554075, -0.0040408277592, 33.83565250316, 33.84768527331, 33.83551459478, 33.84764116435, 83.5277700507, -0.2044852939202, 0.1981989318883, 0, 1, 50.000066704, 50, 50.00007026694, 6.430775011531e-05, 0, 0, 0, 0, 0, 0, 0, 0, 83.52936689755, 80.5793945558, 83.52908759766, 80.57913517202, 83.5277700507, 80.57926486848, 83.52936800104, 80.57939456037, 0, 83.5290886794, 80.57913517659, -0.01003854268004, 0, -0.2143615552122, -0.009435933864969, 0.187978774713, -0.009435933864969, 0.7805629270026, 0.7812860228161, -0.7939080008192, -0.7937139597421, -0.006668697340039, -0.006186175007203, 0.7808578720237, 0.781313812355, 0, -0.7942377132032, -0.7936861623694, -0, 5.551115123126e-17, 5.551115123126e-17, -0, 0.002611648432222, 0.394089485871, 0.3912321312564, 0.3940339468438, 0, 0.3912216110402, 0.3941450248982
6.05, 0.2069122765271, 0.1055646197634, -0.1954037068487, 0.1056167202227, 0.02384066291741, 2.686137699967e-05, 0.01214375720169, 0.006792081200113, 0, 0, 101.9602312223, 0, 35.63150360662, 7527.69098795, 3130.327839829, 7534.39118925, 3134.26058331, 35.98309862155, 15.62395734942, 10.73154955513, 37.66966936102, -242.2348628694, 0.06070789180688, 242.9090307837, -0.1304016276797, 5405.344985427, 3976.932628956, 5410.705702522, 3964.014100991, 3, 1.410515621566, 45.2991357786, -1.455839974508, -44.43781547726, -1.420095846706, 0.2438128975541, -1.344977209766, 0.3553049043015, 0, 0, 0.2171777577445, -0, -0, -0, -0, -0, 0.2171777630496, 0.003118464784164, 0, 0, 0, 0, 0, -0.0009361695405039, 0.003118487186787, -0.04340425534396, -0.0009361628152383, 0.04809704318956, -0.0009361628152383, 33.97630115451, 33.98838246979, 33.97616380388, 33.98833950745, 83.87499211704, -0.2025935419681, 0.2000936972837, 0, 1, 49.99983988225, 50, 49.99981669378, -8.908931689351e-05, 0, 0, 0, 0, 0, 0, 0, 0, 83.87658790088, 80.92662068766, 83.87631047665, 80.92635341691, 83.87499211704, 80.92648705338, 83.87658899999, 80.92662068875, 0, 83.87631156492, 80.926353418, -0.01005087015616, 0, -0.2124813368251, -0.009722848383609, 0.1898619632073, -0.009722848383609, 0.7805012886228, 0.7812535622863, -0.793969545219, -0.7937464152465, -0.006730087496673, -0.006239987383747, 0.7807976635372, 0.7812600011725, 0, -0.7942979551251, -0.79373997594, -5.551115123126e-17, -0, -0, -0, 0.002612135817709, 0.3940906904554, 0.3912322682474, 0.3940778233957, 0, 0.3912215639449, 0.3941035575151
6.075, 0.2076363088585, 0.1076582413025, -0.1946822947846, 0.1077121993978, 0.02368248308921, -4.768445654966e-05, 0.0109453718982, 0.004405258324552, 0, 0, 35.20581221523, 0, 69.42328761709, 7527.529444841, 3130.261083335, 7534.477040579, 3134.474690621, 35.47626673476, 15.61405431524, 11.33282086169, 37.8940224949, -242.6159703607, -0.2667268048459, 242.5404356086, -0.4591287155257, 5404.437648942, 3977.142885127, 5411.560006578, 3963.023825849, 3, 1.32470612444, 45.8047418707, -1.368895984388, -45.13503929772, -1.421831835193, 0.2409933524191, -1.344116327105, 0.3609510327854, 0, 0, 0.2171558877097, -0, -0, -0, -0, -0, 0.217155893948, 0.003339337392079, 0, 0, 0, 0, 0, -0.001023168680939, 0.003339361376589, -0.04321065868733, -0.001023161332168, 0.04831017711932, -0.001023161332168, 34.11695004109, 34.12907936957, 34.1168116698, 34.1290371153, 84.22221267672, -0.2030908269635, 0.1995987533329, 0, 1, 49.99961794978, 50, 49.99959753884, -9.933438199632e-05, 0, 0, 0, 0, 0, 0, 0, 0, 84.22380938033, 81.27384162595, 84.22352981022, 81.27357358123, 84.22221267672, 81.27370760479, 84.22381047738, 81.27384162715, 0, 84.22353090014, 81.27357358243, -0.01010399259898, 0, -0.2130324972545, -0.009751003947143, 0.189313104142, -0.009751003947143, 0.7804440599287, 0.7811965795157, -0.7940266718303, -0.7938033979265, -0.006787185165289, -0.006296371703732, 0.7807391142704, 0.7812036167663, 0, -0.7943565356047, -0.7937963601737, -0, 5.551115123126e-17, -0, -0, 0.002612625547876, 0.3940914673565, 0.3912340766892, 0.3940774045485, 0, 0.3912198609202, 0.3941055301646
6.1, 0.2063771197303, 0.03858270433767, -0.1959448640534, 0.03858958106321, 0.006428508408279, -0.0004617788139838, 0.02989655022091, 0.0006681918942256, 0, 0, 1000, 0, -1000, 7527.274552617, 3132.336797384, 7534.654187598, 3132.410322907, 24.89805682729, 25.33254621134, 22.03576967624, 29.71754003764, -243.455876683, -3.441902651356, 241.8671915813, -3.638063675684, 5403.386073326, 3949.775252679, 5412.538711703, 3991.586056566, 3, 0.1332279860879, 16.12477820933, -0.1815371394206, -15.54993685443, -1.424548225001, 0.2926243242922, -1.342295067525, 0.3096679249907, 0, 0, 0.2171192794375, -0, -0, -0, -0, -0, 0.2171192768146, 0.003649714429803, 0, 0, 0, 0, 0, 0.003029911843117, 0.003649740634733, -0.042927331814, 0.003029890088523, 0.0486081009601, 0.003029890088523, 34.25759845609, 34.26977658304, 34.25745898432, 34.26973350447, 84.56943190927, -0.2038200969487, 0.1988728363954, 0, 1, 49.99940163003, 50, 49.9993804479, -0.0001448689110408, 0, 0, 0, 0, 0, 0, 0, 0, 84.57102935908, 81.62106527524, 84.57074779135, 81.62078775263, 84.56943190927, 81.62092651027, 84.57103045284, 81.62106527157, 0, 84.5707488836, 81.62078774896, -0.01013391331859, 0, -0.2137927931178, -0.01009579328279, 0.1885561635442, -0.01009579328279, 0.7803874493897, 0.7811733521724, -0.7940832167082, -0.7938266255794, -0.006843706007257, -0.00634747681109, 0.7806805706524, 0.7811525098626, 0, -0.7944151130782, -0.7938474634848, -0, -0, -0, -0, 0.002613144680536, 0.3940902770294, 0.3912361729151, 0.3941319212563, 0, 0.3912179095886, 0.3940486328025
6.125, 0.199855461925, -0.08839132239205, -0.2024726283243, -0.08835488943925, -0.02449039486078, -0.0006578987855782, 0.01628524572865, -0.000984809183709, 0, 0, 1000, 0, -1000, 7526.896559008, 3133.40609259, 7534.948321986, 3131.393488924, 16.9243691274, 39.67604157295, 30.09944891157, 16.46759317528, -243.7397741442, -4.758158745844, 241.5271564619, -5.45255513178, 5403.511835974, 3935.821580679, 5412.354589357, 4007.134172392, 3, -1.689811853701, -38.0352406684, 1.644909862308, 38.46238133949, -1.428558206348, 0.3191238525983, -1.339242388783, 0.2843035943773, 0, 0, 0.2170669736474, -0, -0, -0, -0, -0, 0.2170669827878, 0.003901478812056, 0, 0, 0, 0, 0, 0.005167823743626, 0.003901506811157, -0.04315593066428, 0.005167786656819, 0.04840692125489, 0.005167786656819, 34.39824338111, 34.41047341224, 34.39810878686, 34.41042937276, 84.91664986513, -0.1972745997908, 0.2054193061317, 0, 1, 49.9991973512, 50, 49.99917978759, -0.0001315642483019, 0, 0, 0, 0, 0, 0, 0, 0, 84.91824291013, 81.9682858142, 84.91796942734, 81.96800269764, 84.91664986513, 81.96814424953, 84.91824397626, 81.96828580781, 0, 84.91797055258, 81.96800269125, -0.01017837629967, 0, -0.2072908838989, -0.01029929152129, 0.1950590241903, -0.01029929152129, 0.7803263073221, 0.7811335407816, -0.7941442044117, -0.7938664401788, -0.006901830128858, -0.006401994484819, 0.7806209894632, 0.781097989589, 0, -0.7944747273101, -0.7939019785586, -0, -0, 5.551115123126e-17, -0, 0.002613680091539, 0.394088687886, 0.3912359212193, 0.3941597163635, 0, 0.391218277529, 0.3940176594085
6.15, 0.1970628588263, -0.09402808109387, -0.2052769550815, -0.09398718083024, -0.02557113253057, -0.0003285168645176, 0.01511386463858, -0.0017401465662, 0, 0, 1000, 0, -1000, 7526.543318392, 3131.776953682, 7535.228650276, 3133.029554005, 14.14856880688, 38.41987743655, 32.96809219038, 16.1633424116, -243.4934558797, -2.123634393536, 241.7198393681, -2.346056978215, 5404.320594365, 3956.07079611, 5411.546270561, 3988.03067205, 3, -1.524519073772, -40.31447141166, 1.494017686156, 40.31138492291, -1.432312201426, 0.2783365426899, -1.336332315259, 0.3253087865119, 0, 0, 0.2170345439388, -0, -0, -0, -0, -0, 0.2170345384136, 0.004024265076441, 0, 0, 0, 0, 0, 0.002316042675831, 0.004024293948093, -0.04306664639362, 0.002316026059755, 0.0485161347423, 0.002316026059755, 34.53889079092, 34.55116950809, 34.53875504811, 34.55112493984, 85.26386619749, -0.1981912245149, 0.2045043744331, 0, 1, 49.99900169563, 50, 49.99899972119, 6.641333875171e-06, 0, 0, 0, 0, 0, 0, 0, 0, 85.26546056552, 82.31549963797, 85.26518399052, 82.31522117128, 85.26386619749, 82.31536040181, 85.26546163456, 82.31549963515, 0, 85.26518511256, 82.31522116846, -0.01025806661297, 0, -0.2082875673612, -0.01013013717759, 0.1940640091782, -0.01013013717759, 0.7802657259965, 0.7810517084649, -0.7942046787619, -0.7939482682048, -0.006962307657302, -0.006464209787053, 0.7805597972474, 0.7810357772611, 0, -0.7945359487539, -0.7939641968352, -0, -0, -0, -0, 0.00261410071329, 0.3940875480165, 0.391234310606, 0.3941193805623, 0, 0.3912198870945, 0.3940557154708
6.175, 0.1971438087216, -0.09447958150858, -0.2052017368691, -0.09443822042001, -0.02620843561215, -0.0002682699771271, 0.0104380268279, 0.001903161726429, 0, 0, 854.9602027334, 0, -798.2466273242, 7526.376327126, 3131.287269287, 7535.336880067, 3133.742537126, 13.47330881893, 38.16101275717, 33.7385055174, 16.28762407886, -243.4676737347, -1.592346717548, 241.7313887315, -1.784705772828, 5404.392290765, 3962.323896284, 5411.501459538, 3979.905176587, 3, -1.490473889408, -40.59415230455, 1.465545392557, 40.71389820332, -1.434114458191, 0.2648949544867, -1.335226633231, 0.3431572253626, 0, 0, 0.2170217512472, -0, -0, -0, -0, -0, 0.2170217461842, 0.004120220092571, 0, 0, 0, 0, 0, 0.001274066130119, 0.004120249649158, -0.04298431377258, 0.001274056990614, 0.04861448214615, 0.001274056990614, 34.67953770662, 34.6918646929, 34.67940074338, 34.69182055145, 85.61108093682, -0.1987205930145, 0.2039769692186, 0, 1, 49.99881161995, 50, 49.99880921421, 3.300400391741e-05, 0, 0, 0, 0, 0, 0, 0, 0, 85.61267657556, 82.66271424512, 85.61239727588, 82.66243632272, 85.61108093682, 82.66257528237, 85.61267764566, 82.66271424357, 0, 85.61239839669, 82.66243632117, -0.01033327632803, 0, -0.2088924704041, -0.01011033682033, 0.1934610288609, -0.01011033682033, 0.7802046104209, 0.7809847461596, -0.7942657094771, -0.7940152297089, -0.007023387782503, -0.006524004939526, 0.780498119363, 0.7809759826053, 0, -0.7945976510763, -0.7940239924844, -0, -0, -0, -0, 0.002614421814533, 0.3940894131766, 0.3912341682067, 0.394106924412, 0, 0.3912199757903, 0.3940719019412
6.2, 0.1961268762421, -0.1157666236063, -0.2062184486577, -0.115704543117, -0.03117591343097, -2.930840756288e-05, -0.03751263729629, -0.002723804162367, 0, 0, -989.1260631923, 0, 1000, 7526.064612357, 3129.723628701, 7535.603750527, 3135.322562487, 14.64381747933, 38.79008731504, 32.61629511684, 15.27362812069, -243.3537136325, 0.5239557798501, 241.8751154673, 0.3433518386825, 5403.709782094, 3979.535667825, 5412.179697867, 3962.076973427, 3, -1.62587338384, -49.4182449318, 1.595411371546, 49.87811240244, -1.437434219113, 0.2257944122794, -1.332455219848, 0.3827620321308, 0, 0, 0.2170233862327, -0, -0, -0, -0, -0, 0.2170233963268, 0.004443266016363, 0, 0, 0, 0, 0, -0.001265182673133, 0.004443297890815, -0.04281332327127, -0.001265173597215, 0.04879503924815, -0.001265173597215, 34.82018354261, 34.83256006357, 34.82004655433, 34.83251516334, 85.95829423752, -0.1976568219399, 0.205043007738, 0, 1, 49.99863095429, 50, 49.99861907945, -2.823262111363e-05, 0, 0, 0, 0, 0, 0, 0, 0, 85.9598903707, 83.009925657, 85.95961009574, 83.0096516236, 85.95829423752, 83.00978864181, 85.95989143162, 83.00992565851, 0, 85.95961122634, 83.00965162511, -0.01043047410706, 0, -0.2079265351339, -0.009968861745786, 0.194429192976, -0.009968861745786, 0.7801448952209, 0.7809064398588, -0.7943253796705, -0.7940935366857, -0.007082208089189, -0.006584846336354, 0.780437237626, 0.7809151415519, 0, -0.7946585529506, -0.7940848342246, -0, -0, -5.551115123126e-17, 5.551115123126e-17, 0.002614700268072, 0.3940900271537, 0.3912355286595, 0.3940726380158, 0, 0.3912186236704, 0.3941074162915
6.225, 0.2009618684033, 0.08550314296353, -0.2013736132108, 0.08553784302025, 0.01887744620404, 0.0004827574094117, -0.01660135788732, -5.799050300707e-05, 0, 0, -1000, 0, 1000, 7525.782823551, 3127.268229143, 7535.841335566, 3137.700217997, 29.28143258375, 16.24327443084, 17.98024273366, 39.36881460943, -242.4137575531, 4.606546406194, 242.8754297814, 4.068180808773, 5403.68365131, 4008.711643193, 5412.151729253, 3933.424592928, 3, 1.473092114761, 37.3602701759, -1.517464374971, -36.20877894609, -1.440440295155, 0.1650463008193, -1.329989446827, 0.442185132647, 0, 0, 0.2170198006896, -0, -0, -0, -0, -0, 0.2170198775124, 0.004622902311179, 0, 0, 0, 0, 0, -0.005455841602017, 0.004622935473183, -0.04226778736286, -0.005455802465245, 0.04935355928737, -0.005455802465245, 34.96083245513, 34.97325489086, 34.96068843687, 34.9732094909, 86.30550637217, -0.2049705309986, 0.1977304553082, 0, 1, 49.99845444518, 50, 49.99842362407, -0.0001502628230153, 0, 0, 0, 0, 0, 0, 0, 0, 86.30710885705, 83.35713396001, 86.30681583021, 83.35686719891, 86.30550637217, 83.35700058582, 86.30710994181, 83.35713396637, 0, 86.30681693014, 83.35686720527, -0.01053152541947, 0, -0.2153434162071, -0.00970430796893, 0.1870134243707, -0.00970430796893, 0.780086401667, 0.7808136509553, -0.7943838011899, -0.7941863335941, -0.007143195586852, -0.006648815440858, 0.7803750188879, 0.7808511696935, 0, -0.7947207882457, -0.7941488005752, -0, -5.551115123126e-17, -5.551115123126e-17, -0, 0.00261502415739, 0.3940895039543, 0.3912355834787, 0.3940145168528, 0, 0.3912186761184, 0.3941644910558
6.25, 0.2055417683661, 0.09900197927193, -0.1967971537414, 0.09904820812999, 0.02177995500542, 8.886011755248e-05, 0.004617975802119, 0.001265033197932, 0, 0, -220.5703141502, 0, 275.8892616492, 7526.005789944, 3129.910261599, 7535.567112768, 3135.011409076, 34.90688977443, 16.4567789879, 12.52168132628, 37.94558222216, -241.9957065934, 0.3750366190722, 243.1735934298, 0.2088692338405, 5404.397514515, 3977.579299298, 5411.379856133, 3965.061241483, 3, 1.466002352329, 42.27702904107, -1.49150490012, -42.38466158758, -1.438152148651, 0.231178480668, -1.332892278854, 0.3752176524275, 0, 0, 0.2170110887307, -0, -0, -0, -0, -0, 0.2170110953735, 0.004331128910822, 0, 0, 0, 0, 0, -0.0009071485803362, 0.00433115997732, -0.04256768655061, -0.0009071420735502, 0.04906984951663, -0.0009071420735502, 35.10147743332, 35.1139490562, 35.10133343272, 35.11390383047, 86.65271737558, -0.2031857362217, 0.1995161870312, 0, 1, 49.99828899201, 50, 49.99829049425, 4.407165354668e-05, 0, 0, 0, 0, 0, 0, 0, 0, 86.65431918503, 83.70435088873, 86.65402738444, 83.70407228359, 86.65271737558, 83.70421158727, 86.65432026855, 83.70435088984, 0, 86.65402848835, 83.7040722847, -0.0105578043544, 0, -0.2135837588281, -0.01013517377564, 0.188773971202, -0.01013517377564, 0.7800198569644, 0.7807901241588, -0.794450257265, -0.7942098513971, -0.007209636095995, -0.006703624159372, 0.7803105209641, 0.7807963634212, 0, -0.7947853084286, -0.7942036117399, 5.551115123126e-17, -0, -0, -0, 0.002615388921591, 0.394089003396, 0.3912341599247, 0.394076535211, 0, 0.3912202153775, 0.3941014715811
6.275, 0.2071056753791, 0.1233032262359, -0.1952346054913, 0.1233746698141, 0.0275407583564, -0.0001814392461437, 0.03857385946293, -0.004587158713619, 0, 0, 1000, 0, -1000, 7526.309609543, 3131.476982592, 7535.209903049, 3133.346846837, 30.04608698342, 15.60030417179, 17.52341000898, 39.45412660296, -242.3839200264, -1.851310637816, 242.8850229013, -2.003880545686, 5404.654054036, 3959.619204969, 5411.095743819, 3983.519163456, 3, 1.685890414285, 52.64050559523, -1.714188921122, -52.57491565917, -1.435012773462, 0.2706756960064, -1.336665775376, 0.3338546067379, 0, 0, 0.217012863345, -0, -0, -0, -0, -0, 0.2170128577881, 0.004029577359221, 0, 0, 0, 0, 0, 0.001731963035275, 0.00402960626321, -0.04254646319766, 0.001731950612066, 0.04910127512897, 0.001731950612066, 35.24212397982, 35.25464318341, 35.24197603324, 35.25459746309, 86.99992712984, -0.2073029750702, 0.1954019594613, 0, 1, 49.99812778052, 50, 49.99812674812, 5.168131595856e-05, 0, 0, 0, 0, 0, 0, 0, 0, 87.00153243899, 84.05156438023, 87.0012336567, 84.05127798203, 86.99992712984, 84.05142117896, 87.00153354304, 84.05156437807, 0, 87.00123473702, 84.05127797986, -0.01059598069674, 0, -0.2177392833292, -0.01041867215466, 0.1846214161781, -0.01041867215466, 0.7799552436172, 0.7807504549862, -0.7945148245531, -0.794249519694, -0.007276260712687, -0.006761444955955, 0.7802457622392, 0.7807385416646, 0, -0.7948500908563, -0.7942614315765, -5.551115123126e-17, -0, -0, -5.551115123126e-17, 0.002615733345854, 0.3940885074211, 0.3912336489976, 0.3941123121606, 0, 0.3912207811543, 0.3940647026816
6.3, 0.2006645482366, -0.08624991991041, -0.2016705662171, -0.08621555110358, -0.0232418922333, -0.0005202504632565, 0.01680925713082, 0.0004063638976543, 0, 0, 1000, 0, -1000, 7526.784914784, 3133.754902779, 7534.678278006, 3131.175552968, 18.3824452886, 39.56511343512, 29.16234177508, 16.48333631856, -242.8169960295, -4.429214112129, 242.4645777743, -5.040941057091, 5405.478234417, 3934.031817059, 5410.246492233, 4007.664944908, 3, -1.366715599147, -36.051896973, 1.31396963846, 37.73022922921, -1.430073486426, 0.3278254428159, -1.342272614129, 0.2787276939249, 0, 0, 0.217014107019, -0, -0, -0, -0, -0, 0.2170141203268, 0.00355041091507, 0, 0, 0, 0, 0, 0.005335986476964, 0.003550436382311, -0.04347422964345, 0.005335948201988, 0.04819047437208, 0.005335948201988, 35.38276445521, 35.39533763877, 35.38262392338, 35.395290101, 87.34713578933, -0.1975163439969, 0.2051896955734, 0, 1, 49.99797376613, 50, 49.99793193452, -0.0001807324063527, 0, 0, 0, 0, 0, 0, 0, 0, 87.3487346492, 84.398778083, 87.34844876666, 84.39848182699, 87.34713578933, 84.39862994809, 87.34873572669, 84.39877807609, 0, 87.34844988307, 84.39848182008, -0.01061418312884, 0, -0.2079672711032, -0.01077728204946, 0.1943944678927, -0.01077728204946, 0.7798836164119, 0.7807174756693, -0.7945863624727, -0.7942825032981, -0.007344791749748, -0.006819215356843, 0.7801804690123, 0.7806807672967, 0, -0.7949154110153, -0.7943191980104, -0, -0, -0, -0, 0.002616091977147, 0.3940899417552, 0.3912320024489, 0.3941632815236, 0, 0.3912224781701, 0.3940166019867
6.325, 0.1989148453799, -0.09139004397634, -0.2034326063957, -0.09135148200605, -0.02372644400418, -0.0004135932701493, 0.01613760982743, -0.001397937344361, 0, 0, 1000, 0, -1000, 7527.221426874, 3133.577403776, 7534.186999123, 3131.326505924, 16.86501787759, 39.72259135541, 30.83190792467, 16.29386015237, -242.6936195838, -3.632969753401, 242.5586174779, -4.058163254973, 5406.497035542, 3939.072350929, 5409.176654232, 4002.425754651, 3, -1.297330508141, -38.85689580607, 1.265661602346, 38.97248254601, -1.425537341511, 0.3242926419259, -1.347460315803, 0.2817762272189, 0, 0, 0.2170153487503, -0, -0, -0, -0, -0, 0.2170153586655, 0.003044816765085, 0, 0, 0, 0, 0, 0.004591043674073, 0.003044838605928, -0.04387033721817, 0.004591010742189, 0.04781211602704, 0.004591010742189, 35.52340846537, 35.53603159289, 35.52326758064, 35.53598266883, 87.69434342695, -0.1976566244675, 0.2050502923737, 0, 1, 49.99783043394, 50, 49.99782645137, 2.063213182014e-05, 0, 0, 0, 0, 0, 0, 0, 0, 87.69594287702, 84.74598598763, 87.69565582633, 84.74568927013, 87.69434342695, 84.74583762293, 87.69594396526, 84.74598598168, 0, 87.69565693297, 84.74568926418, -0.01065294606057, 0, -0.2081448156, -0.0107940699909, 0.1942177313411, -0.0107940699909, 0.7798155163944, 0.7806485954849, -0.7946543640751, -0.7943513816217, -0.007413449134535, -0.006882970822507, 0.7801150721557, 0.7806170126746, 0, -0.794980830938, -0.7943829543196, 5.551115123126e-17, -5.551115123126e-17, -0, -0, 0.00261646848255, 0.394090140064, 0.3912299709036, 0.3941532410635, 0, 0.3912246114851, 0.3940270390644
6.35, 0.1958708683339, -0.08854089358941, -0.2064734948416, -0.08850472554884, -0.02249743882375, 0.0003035518140649, -0.03532021610805, -0.0005207649924473, 0, 0, -1000, 0, 1000, 7527.394589363, 3129.166124647, 7533.952201087, 3135.65248743, 19.6714022133, 35.54169817453, 28.06255264866, 19.71875340072, -242.4054338016, 2.686221024089, 242.8816020958, 2.526003748414, 5407.010286204, 3995.735519965, 5408.597627761, 3946.633066011, 3, -0.9111497057589, -37.18825731959, 0.8644629267407, 38.01050064881, -1.42375769161, 0.2146448836892, -1.349961375865, 0.3898068905012, 0, 0, 0.2170059493276, -0, -0, -0, -0, -0, 0.2170059809949, 0.002811823089119, 0, 0, 0, 0, 0, -0.003558317271258, 0.002811843256923, -0.04414126222659, -0.0035582917494, 0.04755192604709, -0.0035582917494, 35.66405174912, 35.67672457546, 35.66391131896, 35.67667565839, 88.04155021058, -0.1968908508825, 0.2058194879404, 0, 1, 49.99769184603, 50, 49.99766840327, -0.000109172532929, 0, 0, 0, 0, 0, 0, 0, 0, 88.04315005731, 85.09318469216, 88.04286207475, 85.09290372676, 88.04155021058, 85.09304421383, 88.04315114871, 85.09318469653, 0, 88.04286317922, 85.09290373113, -0.01074428390299, 0, -0.2074693559413, -0.01022103596279, 0.1948965871094, -0.01022103596279, 0.7797499583754, 0.7805202977816, -0.7947198769959, -0.7944796801949, -0.007478670568889, -0.006955216723462, 0.7800513632937, 0.7805447692275, 0, -0.795044568195, -0.7944552026744, -0, -0, -0, -0, 0.002616894334329, 0.3940892735568, 0.3912289470714, 0.3940403667302, 0, 0.3912257664024, 0.3941381803833
6.375, 0.2057674457837, 0.102212178583, -0.1965820216889, 0.1022608389325, 0.02359054223033, 7.39193452751e-05, 0.005470493315434, -0.005547889975393, 0, 0, -235.6580659284, 0, 194.7797759121, 7527.785318313, 3130.247079744, 7533.497285133, 3134.457054995, 34.82806857454, 16.38443570063, 12.96725093812, 38.44981558599, -242.1863669969, 0.4329775076033, 242.9739092281, 0.2606226565215, 5405.764068246, 3983.240221916, 5409.789824706, 3960.395686035, 3, 1.504851259255, 43.05235525831, -1.530818517098, -43.70376576478, -1.41969155623, 0.2419315278446, -1.354774937997, 0.3603075175468, 0, 0, 0.2169946303734, -0, -0, -0, -0, -0, 0.2169946403313, 0.002649510783516, 0, 0, 0, 0, 0, -0.001655479513848, 0.002649529785152, -0.04385467215322, -0.001655467641242, 0.04786091352866, -0.001655467641242, 35.80469798975, 35.81741668633, 35.80455149034, 35.81736903247, 88.38875608216, -0.202973475883, 0.1997367006324, 0, 1, 49.99756488281, 50, 49.99757938251, 0.0001166483330108, 0, 0, 0, 0, 0, 0, 0, 0, 88.39036057537, 85.44039313775, 88.3900631503, 85.44010698849, 88.38875608216, 85.44025006519, 88.39036169157, 85.44039313982, 0, 88.39006422715, 85.44010699056, -0.0107603932694, 0, -0.2135692282386, -0.01040961594123, 0.188796485148, -0.01040961594123, 0.7796890513821, 0.7804753699609, -0.7947806551932, -0.7945246047025, -0.007542384617178, -0.007013230843798, 0.7799885011923, 0.7804867558304, 0, -0.7951074543343, -0.794513217518, -0, -5.551115123126e-17, -0, -0, 0.002617321470469, 0.3940880118794, 0.3912314310793, 0.3940652583576, 0, 0.3912233897522, 0.3941107654012
6.4, 0.2078223214763, 0.1062098322501, -0.1945235414794, 0.1062621346386, 0.02408537482849, -5.910781828633e-05, 0.007615136619668, 0.005382615030244, 0, 0, -84.62044692235, 0, 202.3737378456, 7527.743359088, 3130.537021562, 7533.467241481, 3134.354772358, 36.42662278376, 16.19962156117, 11.47740632848, 38.26420965, -242.6984575481, -0.2715012894723, 242.4146672115, -0.4565467479494, 5404.553906364, 3979.034593979, 5410.983094758, 3963.273531651, 3, 1.307817747616, 45.15716656411, -1.346704696828, -44.46335606329, -1.420163537272, 0.2482840609975, -1.355133233187, 0.3574649356441, 0, 0, 0.2169778538406, -0, -0, -0, -0, -0, 0.216977860178, 0.002828428025491, 0, 0, 0, 0, 0, -0.001142160029533, 0.002828448307141, -0.04370857060352, -0.001142151839569, 0.04802540114661, -0.001142151839569, 35.94534107458, 35.95810870727, 35.94519416607, 35.95806188326, 88.73596110796, -0.2027692755886, 0.1999443328768, 0, 1, 49.99743863335, 50, 49.9974206447, -5.633273303422e-05, 0, 0, 0, 0, 0, 0, 0, 0, 88.73756581685, 85.78759897554, 88.73726771181, 85.78731119707, 88.73596110796, 85.78745508774, 88.73756692844, 85.78759897697, 0, 88.73726879336, 85.7873111985, -0.01079095624737, 0, -0.2133961548809, -0.01046888371352, 0.1889729473069, -0.01046888371352, 0.7796288430363, 0.7804199584215, -0.7948407682036, -0.7945800156005, -0.007602390803925, -0.007072172690614, 0.7799272970741, 0.7804278140075, 0, -0.7951686884866, -0.7945721593887, -0, -0, -0, -5.551115123126e-17, 0.002617752866489, 0.3940893344579, 0.3912338425219, 0.3940736361887, 0, 0.3912210117813, 0.3941050327272
6.425, 0.2063802961791, 0.04698593635785, -0.1959809670412, 0.04699611206138, 0.00966125146348, -0.0004617147206093, 0.03093388309072, -0.0006022123225868, 0, 0, 1000, 0, -1000, 7527.540359872, 3132.803998699, 7533.61139505, 3132.084719108, 25.96356861331, 25.07682136738, 22.19185265593, 31.42236691395, -243.4555312929, -3.429230004372, 241.833689303, -3.611688519976, 5404.003091773, 3948.821876699, 5411.516093662, 3993.185754188, 3, 0.3366728457233, 19.23108008025, -0.3523791116468, -19.87704189621, -1.422325374494, 0.3052957795963, -1.353661397421, 0.3003664594477, 0, 0, 0.2169774422967, -0, -0, -0, -0, -0, 0.2169774431016, 0.003035638311997, 0, 0, 0, 0, 0, 0.003214925905345, 0.003035660079396, -0.04347599244643, 0.003214902852509, 0.04826828157944, 0.003214902852509, 36.08598430697, 36.09880152451, 36.08583611301, 36.09875336094, 89.08316512373, -0.2041293375011, 0.1985869843042, 0, 1, 49.99731816219, 50, 49.99733469628, 0.0001472533653323, 0, 0, 0, 0, 0, 0, 0, 0, 89.08477089876, 86.13480773506, 89.08447065124, 86.13451027266, 89.08316512373, 86.13465899968, 89.0847720115, 86.13480773088, 0, 89.08447173042, 86.13451026849, -0.01079464765632, 0, -0.2147607984446, -0.01082116817276, 0.1876109786841, -0.01082116817276, 0.7795688013663, 0.7803950850409, -0.7949007660646, -0.7946048893484, -0.007662668015537, -0.007127014774889, 0.7798656681034, 0.7803729699404, 0, -0.7952303438805, -0.7946269994901, -0, -0, -5.551115123126e-17, -0, 0.002618115535674, 0.3940896332134, 0.3912349409701, 0.3941338203423, 0, 0.3912199486372, 0.3940454460845
6.45, 0.1992556166375, -0.09220972259389, -0.2031034541715, -0.09217006079523, -0.02408421647084, -0.0005635914288955, 0.01583833788781, -0.001744787531163, 0, 0, 1000, 0, -1000, 7527.325847671, 3133.465800214, 7533.77220333, 3131.298842485, 16.71411808155, 40.03929263084, 31.38594449105, 16.62521340347, -243.6540375834, -4.041615502169, 241.5760219181, -4.533319300299, 5404.688924714, 3939.558185768, 5410.80074165, 4003.106994223, 3, -1.596398368276, -39.71116144861, 1.569606415533, 39.61987662924, -1.424609340851, 0.3224140303983, -1.352010978164, 0.280876349783, 0, 0, 0.2169810162051, -0, -0, -0, -0, -0, 0.2169810259219, 0.003094570632846, 0, 0, 0, 0, 0, 0.004605204097074, 0.003094592823556, -0.04385750043834, 0.004605171074066, 0.04790791276887, 0.004605171074066, 36.22662396604, 36.23949399313, 36.22648108995, 36.23944482115, 89.4303683099, -0.1975437920141, 0.2051724682994, 0, 1, 49.99720988978, 50, 49.99721181166, 5.79356657815e-05, 0, 0, 0, 0, 0, 0, 0, 0, 89.43196968262, 86.48201273361, 89.43167827827, 86.48171164049, 89.4303683099, 86.48186218099, 89.4319707708, 86.48201272755, 0, 89.43167938689, 86.48171163443, -0.010814921304, 0, -0.2081940319012, -0.01095324771602, 0.1941775984608, -0.01095324771602, 0.7795030147632, 0.7803443829879, -0.7949664297245, -0.7946555933194, -0.007725641345623, -0.007187280223604, 0.7798024856284, 0.7803127028427, 0, -0.7952935479946, -0.7946872632899, -0, -0, -0, 5.551115123126e-17, 0.002618461771024, 0.3940889776314, 0.3912335727841, 0.3941522732572, 0, 0.3912213757059, 0.3940256820057
6.475, 0.1973670719112, -0.09337033156912, -0.2049966105202, -0.09332978595494, -0.02463927853678, -0.0003131384659431, 0.01505814855651, -0.002028424296945, 0, 0, 1000, 0, -1000, 7527.146319169, 3131.977202907, 7533.898123078, 3132.769995341, 14.62028735634, 38.82783724032, 33.51063001295, 16.67177532678, -243.5125763165, -1.954945803239, 241.6745856147, -2.160387916316, 5405.273744411, 3958.043451045, 5410.175124542, 3984.47147846, 3, -1.487332791476, -40.25662105153, 1.463710824756, 39.94133542274, -1.426529715262, 0.2848684654763, -1.350727020045, 0.3180416312128, 0, 0, 0.2169806750764, -0, -0, -0, -0, -0, 0.2169806718497, 0.003121559578209, 0, 0, 0, 0, 0, 0.00191516510377, 0.003121581962383, -0.04383710301517, 0.001915151370545, 0.04794272389604, 0.001915151370545, 36.36726643186, 36.38018547589, 36.36712277448, 36.38013684663, 89.77757078653, -0.1982343914411, 0.2044831279806, 0, 1, 49.99710738406, 50, 49.99711498851, 9.147531979362e-05, 0, 0, 0, 0, 0, 0, 0, 0, 89.779173241, 86.82921284183, 89.77887966575, 86.82891653076, 89.77757078653, 86.82906468381, 89.77917433257, 86.82921283935, 0, 89.77888077094, 86.82891652828, -0.01086857543403, 0, -0.2089383678194, -0.0107792849091, 0.1934344675629, -0.0107792849091, 0.7794389660856, 0.7802598181995, -0.7950304023879, -0.7947401548072, -0.007789702584441, -0.007253341007454, 0.7797382967663, 0.7802466446161, 0, -0.7953577594076, -0.794753326631, -0, -0, -0, -0, 0.002618820541426, 0.3940891283361, 0.3912324079115, 0.3941154510726, 0, 0.3912226217559, 0.3940628055997
6.5, 0.1977739296604, -0.0902545358181, -0.2045894903477, -0.09021644760389, -0.02467063258471, -0.0004207562769256, 0.01532997756238, -0.001717527142843, 0, 0, 1000, 0, -1000, 7527.021306164, 3132.211337971, 7533.961076826, 3132.734268928, 15.00511048876, 39.02464644671, 33.21963452815, 16.90154951958, -243.7523833729, -2.695071892178, 241.4368694068, -2.9655165944, 5404.518323834, 3954.846232515, 5410.874049925, 3986.320265294, 3, -1.55334806792, -39.18567753393, 1.525755102226, 39.00723177089, -1.427878814599, 0.2893495651684, -1.350102600166, 0.3173695813114, 0, 0, 0.2169616538378, -0, -0, -0, -0, -0, 0.2169616505918, 0.003299822312559, 0, 0, 0, 0, 0, 0.002280834972064, 0.003299845970876, -0.04372361101293, 0.002280818619569, 0.04807277558675, 0.002280818619569, 36.50790844083, 36.52087663961, 36.50776448729, 36.52082889037, 90.124772758, -0.197844083974, 0.2048755028518, 0, 1, 49.99700833818, 50, 49.99700977273, 2.314827703593e-05, 0, 0, 0, 0, 0, 0, 0, 0, 90.12637544258, 87.17641572853, 90.126081138, 87.17611770397, 90.124772758, 87.17626671328, 90.12637652953, 87.17641572556, 0, 90.12608224816, 87.176117701, -0.01091452821512, 0, -0.2085944539361, -0.01084161885355, 0.1937804161966, -0.01084161885355, 0.7793759903388, 0.7802012248157, -0.7950932909444, -0.7947987482358, -0.007852292686368, -0.007314449582298, 0.7796745472228, 0.7801855356955, 0, -0.7954215347931, -0.7948144348601, -0, -0, -5.551115123126e-17, -0, 0.002619238591585, 0.3940904713035, 0.3912339133251, 0.3941218199417, 0, 0.3912212287307, 0.3940591226653
6.525, 0.1963421727803, -0.111662374664, -0.2060195691932, -0.1116043148658, -0.02960263432157, -0.0001316833635947, -0.02875528026687, 0.002487230111726, 0, 0, -617.6573567875, 0, 704.4717102688, 7526.499150916, 3130.280780489, 7534.415577743, 3134.661068002, 14.00123925174, 38.97030080171, 34.26450405412, 15.82794590737, -243.7096530832, -0.05459316082067, 241.4515677834, -0.2327584406491, 5403.453919803, 3975.980788715, 5411.877455883, 3966.429880161, 3, -1.682373767723, -47.78224879268, 1.640493458571, 48.29717276663, -1.433395364397, 0.2413070344843, -1.345369391327, 0.3654180500472, 0, 0, 0.2169287613549, -0, -0, -0, -0, -0, 0.2169287657224, 0.003821421866313, 0, 0, 0, 0, 0, -0.0006921275821952, 0.00382144925597, -0.04332431343104, -0.0006921226214757, 0.048487007581, -0.0006921226214757, 36.64855058462, 36.66156857539, 36.6484057001, 36.66151992818, 90.47197424916, -0.1982960331828, 0.204426694307, 0, 1, 49.99691837518, 50, 49.99689975187, -0.000124709875411, 0, 0, 0, 0, 0, 0, 0, 0, 90.47357803296, 87.52361418765, 90.47328107005, 87.52332183301, 90.47197424916, 87.52346801121, 90.47357911276, 87.52361418853, 0, 90.47328218667, 87.5233218339, -0.01099917533053, 0, -0.2091325885692, -0.01063535671908, 0.1932454176352, -0.01063535671908, 0.7793160355919, 0.7801163107201, -0.7951531719939, -0.7948836622611, -0.007911615568552, -0.007378915244168, 0.7796118675554, 0.7801210711315, 0, -0.7954842425623, -0.7948789016198, 5.551115123126e-17, -0, -0, -0, 0.002619690135083, 0.3940892323728, 0.3912360357224, 0.3940797195156, 0, 0.3912192275314, 0.3940987452299
6.55, 0.1962108732794, -0.08191707862027, -0.206163661085, -0.08188604784974, -0.0221341800055, 0.0001184827870355, -0.03466803764065, -0.001558252111129, 0, 0, -1000, 0, 1000, 7526.039309284, 3128.998443365, 7534.807533837, 3136.002137209, 20.29627835117, 35.365040665, 28.22119825724, 20.64285731827, -243.2954398843, 1.856505558087, 241.9637218207, 1.679497426303, 5403.449337489, 3990.743431737, 5411.845485273, 3952.523271427, 3, -1.143077817539, -35.41751410868, 1.125695580357, 34.75700577519, -1.43826140665, 0.2088184160237, -1.341288628854, 0.3990466015026, 0, 0, 0.2168927945142, -0, -0, -0, -0, -0, 0.2168928212863, 0.004148339470679, 0, 0, 0, 0, 0, -0.002769707919761, 0.004148369193627, -0.04317616036466, -0.002769688074878, 0.04864914177068, -0.002769688074878, 36.78919200117, 36.80225979373, 36.78904726599, 36.80221120754, 90.81917516029, -0.1970119645874, 0.2057135220144, 0, 1, 49.99682880373, 50, 49.9968420887, 7.650779820763e-05, 0, 0, 0, 0, 0, 0, 0, 0, 90.82077872406, 87.8708130522, 90.82048170281, 87.87052416097, 90.81917516029, 87.87066861008, 90.82077979396, 87.8708130557, 0, 90.8204828302, 87.87052416447, -0.01107346651957, 0, -0.2079233886962, -0.01050936404029, 0.1944573805878, -0.01050936404029, 0.7792526470393, 0.7800374809375, -0.7952164940358, -0.7949624944081, -0.007973996900581, -0.007443456433931, 0.7795474673971, 0.7800565293986, 0, -0.7955486716907, -0.7949434422665, -0, -0, -0, -0, 0.002620118226173, 0.3940883793173, 0.3912360456142, 0.3940503114286, 0, 0.3912192902794, 0.394126447206
6.575, 0.2049738555389, 0.1007539040183, -0.1973915049, 0.1008016217061, 0.02238871854055, 4.483447084591e-05, 0.0059284172318, -0.004028624228087, 0, 0, -211.5233373186, 0, 191.3200765733, 7525.91699427, 3130.010048082, 7534.877159454, 3134.912557662, 35.18052873397, 16.76053851986, 13.20873068009, 38.61168279585, -242.2900768347, 0.2700106454115, 242.8515618934, 0.09879596256202, 5403.710228703, 3977.88509165, 5411.592186612, 3966.354540731, 3, 1.402227705558, 42.72828780898, -1.421860871173, -43.22940076826, -1.439588191223, 0.2344157899608, -1.34058576425, 0.3720473853503, 0, 0, 0.2168816849676, -0, -0, -0, -0, -0, 0.2168816908143, 0.00416966694286, 0, 0, 0, 0, 0, -0.0008355867149034, 0.004169696815558, -0.04280476940623, -0.0008355807285614, 0.04904066517325, -0.0008355807285614, 36.92983637509, 36.94295079713, 36.92968546333, 36.94290261519, 91.16637521548, -0.2028168242419, 0.1999083313877, 0, 1, 49.99675379174, 50, 49.99676576856, 9.826897253759e-05, 0, 0, 0, 0, 0, 0, 0, 0, 91.167983524, 88.21801589336, 91.1676768666, 88.2177214317, 91.16637521548, 88.2178686636, 91.16798461453, 88.21801589444, 0, 91.16767796888, 88.21772143277, -0.01111571667151, 0, -0.2137719539125, -0.01071200688611, 0.1886084252296, -0.01071200688611, 0.7791885424315, 0.7799899443002, -0.7952804797589, -0.795010028341, -0.008040459917643, -0.007504294793581, 0.7794808263178, 0.7799956913596, 0, -0.7956153312917, -0.7950042809467, -5.551115123126e-17, -5.551115123126e-17, -0, -5.551115123126e-17, 0.002620422258132, 0.3940874106828, 0.3912355278135, 0.3940759260703, 0, 0.3912197925792, 0.3940988952953
6.6, 0.2067471391766, 0.1052991468119, -0.1956137097508, 0.1053512087982, 0.02298960978592, 2.525480246373e-05, 0.01168618333473, 0.008569816794968, 0, 0, 96.16647695771, 0, 68.24712792541, 7525.903772055, 3130.252509051, 7534.838265568, 3134.980152616, 36.86136360162, 16.44390985499, 11.60236909234, 38.42827831458, -242.1607166619, -0.004114366965349, 242.9347673252, -0.1957322804416, 5404.016513141, 3976.12665484, 5411.306262566, 3965.440316593, 3, 1.407047438975, 45.28060124306, -1.438351566482, -44.32463362975, -1.439772565751, 0.238961252096, -1.341020573983, 0.3734930752626, 0, 0, 0.2168696088392, -0, -0, -0, -0, -0, 0.2168696141361, 0.004118114913508, 0, 0, 0, 0, 0, -0.0007744089876259, 0.004118144413588, -0.04284956530571, -0.0007744034401935, 0.04900964218404, -0.0007744034401935, 37.07047784027, 37.08364149683, 37.07032616137, 37.08359392258, 91.51357472403, -0.2026407881521, 0.2000870213552, 0, 1, 49.99667943133, 50, 49.99665583579, -9.366643604763e-05, 0, 0, 0, 0, 0, 0, 0, 0, 91.51518366742, 88.56521652986, 91.51487555975, 88.56492020775, 91.51357472403, 88.56506836981, 91.51518475848, 88.56521653087, 0, 91.51487666204, 88.56492020875, -0.0111741436261, 0, -0.2136541829636, -0.01077968679311, 0.1887288169898, -0.01077968679311, 0.7791208607343, 0.7799263108553, -0.795348089611, -0.7950736614134, -0.008108202270623, -0.007568348801131, 0.7794134500464, 0.7799316371894, 0, -0.7956827298026, -0.7950683347916, -0, -0, -0, -0, 0.002620711132226, 0.3940900727016, 0.3912349174567, 0.3940794289384, 0, 0.3912203623301, 0.3941007164648
6.625, 0.2068464043647, 0.1070911904598, -0.1955159168055, 0.1071448536141, 0.02297554038034, -5.786243780284e-05, 0.01885301544099, 0.004472645011488, 0, 0, 346.4138011122, 0, -242.0376303737, 7525.830796388, 3130.504250171, 7534.871501638, 3134.833052361, 36.91615036264, 16.67521781548, 11.59801338732, 38.4406876062, -242.3064563464, -0.6381792434725, 242.788444426, -0.8325465337253, 5403.531728784, 3972.725783865, 5411.756722014, 3967.87261952, 3, 1.367122639871, 45.72460755252, -1.39816076875, -44.97406497456, -1.440583499423, 0.2443444003957, -1.340698129878, 0.3702665063739, 0, 0, 0.2168620036627, -0, -0, -0, -0, -0, 0.2168620059166, 0.004227716147046, 0, 0, 0, 0, 0, -0.0003516952204844, 0.004227746430129, -0.04277941031878, -0.0003516927013135, 0.04909098969883, -0.0003516927013135, 37.21111912426, 37.22433228522, 37.21096676102, 37.22428494138, 91.86077371148, -0.2024254204232, 0.2003036002612, 0, 1, 49.99661160087, 50, 49.99659051702, -0.000108191563329, 0, 0, 0, 0, 0, 0, 0, 0, 91.86238337387, 88.91241684828, 91.86207371937, 88.9121179476, 91.86077371148, 88.9122673984, 91.86238446239, 88.91241684873, 0, 91.86207482436, 88.91211794806, -0.01124129025801, 0, -0.2135062311585, -0.01087349018797, 0.1888779496541, -0.01087349018797, 0.7790545501325, 0.779866347771, -0.7954143410794, -0.7951336238962, -0.008174275553872, -0.007631219054752, 0.7793466611299, 0.7798687667492, 0, -0.7957495359438, -0.7951312048587, 5.551115123126e-17, -0, -0, 5.551115123126e-17, 0.002620989326792, 0.3940910374394, 0.3912358835203, 0.3940862036104, 0, 0.3912194645253, 0.3940958712684
6.65, 0.2064446088666, 0.0457747066829, -0.1959382324461, 0.04578454781244, 0.007632589592886, -0.0004098216401834, 0.03069305060579, -0.001077931998149, 0, 0, 1000, 0, -1000, 7525.749174452, 3132.157325121, 7534.905994904, 3133.169775172, 22.89089246396, 25.41352695572, 25.96731304873, 31.63239140542, -243.3340056506, -3.062676681866, 241.9374639406, -3.249634294121, 5402.856475027, 3951.598327156, 5412.365357111, 3989.956020793, 3, 0.329224214092, 18.53594711086, -0.3329409807084, -19.64588441828, -1.441484860495, 0.2856127183409, -1.340361082653, 0.3289595845878, 0, 0, 0.2168370953074, -0, -0, -0, -0, -0, 0.2168370891878, 0.004356050068269, 0, 0, 0, 0, 0, 0.002779674564312, 0.004356081263439, -0.04246321148395, 0.002779654658252, 0.04941178696969, 0.002779654658252, 37.3517617832, 37.36502362191, 37.35160578797, 37.36497529388, 92.20797246188, -0.2061466573284, 0.1965852218888, 0, 1, 49.99654641964, 50, 49.9965702096, 0.0001230952743971, 0, 0, 0, 0, 0, 0, 0, 0, 92.20958532531, 89.25961946965, 92.20926893001, 89.25931227569, 92.20797246188, 89.25946586894, 92.20958642488, 89.25961946592, 0, 92.20927002002, 89.25931227196, -0.01129081752983, 0, -0.2172782364515, -0.01117518560891, 0.1851088244931, -0.01117518560891, 0.7789896640397, 0.7798281465816, -0.7954792178636, -0.7951718253137, -0.008240414867176, -0.007690958301648, 0.7792796168595, 0.7798090257925, 0, -0.7958166021685, -0.7951909423958, -0, 5.551115123126e-17, -0, -0, 0.00262133715202, 0.394090084847, 0.391237230253, 0.3941282897211, 0, 0.3912182502224, 0.3940518799729
6.675, 0.196597193693, -0.09904409236198, -0.2057825936818, -0.09899879462507, -0.02696009619226, -0.0002186506892091, -0.002326844077676, 0.001583291466643, 0, 0, 361.8264288097, 0, -301.5746129615, 7525.439372321, 3131.023083836, 7535.166747059, 3134.135656424, 13.43073744755, 38.73422871722, 35.26874711252, 16.85482563079, -243.4649846137, -1.105892039717, 241.6684476921, -1.282548535461, 5403.411033509, 3964.791780412, 5411.762431362, 3979.254013756, 3, -1.484499396396, -42.42445793882, 1.458795130503, 42.37079758639, -1.444780360942, 0.2581553302852, -1.33764880951, 0.3533181678848, 0, 0, 0.2168124062126, -0, -0, -0, -0, -0, 0.2168124011492, 0.004508816894318, 0, 0, 0, 0, 0, 0.001048037520428, 0.004508849176151, -0.04281374028264, 0.001048030016835, 0.04908278801082, 0.001048030016835, 37.49239981491, 37.50571532212, 37.49224922723, 37.50566515286, 92.55517081458, -0.1992639253683, 0.2034674636958, 0, 1, 49.99649505042, 50, 49.99649271871, -2.024953550949e-05, 0, 0, 0, 0, 0, 0, 0, 0, 92.55677958933, 89.606816651, 92.55647102569, 89.60651144881, 92.55517081458, 89.60666404851, 92.55678066328, 89.6068166496, 0, 92.55647214821, 89.60651144741, -0.01137571333815, 0, -0.2104790423542, -0.01110272844164, 0.1919074865204, -0.01110272844164, 0.7789199375321, 0.7797496188602, -0.7955488159801, -0.7952503518324, -0.008306933944103, -0.007757574968736, 0.7792122831818, 0.7797424101141, 0, -0.7958839547746, -0.7952575600515, -0, -0, 5.551115123126e-17, -0, 0.002621676313087, 0.3940876037247, 0.3912361237739, 0.3941020083396, 0, 0.3912194532001, 0.3940731991099
6.7, 0.1961034209955, -0.06904639139053, -0.2062709282103, -0.06902459235813, -0.01919103888348, 0.0002258565328736, -0.0332806957566, 0.0006101707530126, 0, 0, -1000, 0, 1000, 7525.248465474, 3128.698798354, 7535.310886073, 3136.448259888, 21.11588628191, 33.76817101312, 27.61025196661, 22.09351664803, -242.7608068639, 2.331965166675, 242.5073640132, 2.153629868218, 5404.13968673, 3993.840157171, 5411.042907466, 3950.56426658, 3, -0.789611830949, -28.89482080829, 0.7530019083402, 29.82138439956, -1.446830014771, 0.2001542286839, -1.336159194512, 0.4111390368548, 0, 0, 0.2168019497219, -0, -0, -0, -0, -0, 0.2168019833428, 0.004536824515662, 0, 0, 0, 0, 0, -0.003136082506853, 0.004536856994888, -0.04292059064185, -0.003136060055723, 0.0489829459296, -0.003136060055723, 37.63304025534, 37.64640607385, 37.63288998633, 37.64635570103, 92.90236862132, -0.1976570771253, 0.2050772978626, 0, 1, 49.99644250434, 50, 49.99641936909, -9.704973319924e-05, 0, 0, 0, 0, 0, 0, 0, 0, 92.90397741123, 89.95401075903, 92.90366866454, 89.9537125513, 92.90236862132, 89.95386165925, 92.90397848014, 89.95401076312, 0, 92.90366979361, 89.95371255538, -0.0114741744926, 0, -0.2089702470993, -0.01084828244402, 0.1934192578344, -0.01084828244402, 0.7788507545402, 0.7796504722333, -0.7956179729453, -0.7953495018949, -0.008375298990565, -0.007827944633868, 0.7791438287384, 0.779672040071, 0, -0.7959524312107, -0.7953279293387, -0, -0, -0, -0, 0.002621946901326, 0.3940872459996, 0.391234671728, 0.394044142523, 0, 0.3912208870975, 0.3941303494762
6.725, 0.196758151615, -0.01774224745366, -0.2056349276925, -0.01774090908946, -0.005783344537658, 0.0003218406481071, -0.02745598707123, -0.001107952312856, 0, 0, -1000, 0, 1000, 7525.414487199, 3128.840020252, 7535.105232942, 3136.501584347, 26.92774985595, 28.4639834735, 22.07507633866, 28.33349072526, -242.2202830535, 2.725457793647, 243.0482434149, 2.52588180514, 5404.703906981, 3993.268675968, 5410.504661164, 3948.854303504, 3, 0.1462396120518, -7.655019704141, -0.1442791842742, 6.746185456188, -1.445134597072, 0.203957612426, -1.338340331056, 0.4110879036117, 0, 0, 0.2168054403567, -0, -0, -0, -0, -0, 0.2168054742311, 0.00431414525636, 0, 0, 0, 0, 0, -0.003218585098075, 0.004314176142415, -0.04305079902758, -0.003218562055569, 0.0488619527968, -0.003218562055569, 37.77368136863, 37.78709741371, 37.7735298128, 37.78704550001, 93.24956591691, -0.1983059456606, 0.2044298406332, 0, 1, 49.99639643231, 50, 49.99642214491, 0.0002117486100832, 0, 0, 0, 0, 0, 0, 0, 0, 93.25117597866, 90.30120921179, 93.2508647314, 90.30090905879, 93.24956591691, 90.30105913951, 93.25117705445, 90.30120921601, 0, 93.25086585357, 90.30090906301, -0.01153403437603, 0, -0.20967848545, -0.01091904768376, 0.1927123902957, -0.01091904768376, 0.7787800805172, 0.7795835434541, -0.7956886022565, -0.7954164304303, -0.008446527583448, -0.00789430570485, 0.779074042958, 0.7796056787524, 0, -0.7960222353026, -0.7953942901621, -0, -0, -0, -5.551115123126e-17, 0.002622163870943, 0.394089518323, 0.3912335471166, 0.3940452809003, 0, 0.3912219600063, 0.3941337557457
6.75, 0.1959389001453, -0.02109851341197, -0.2064730521881, -0.02109662286447, -0.00571587364195, 0.0004100648692007, -0.02772665541102, -0.003315198540054, 0, 0, -1000, 0, 1000, 7525.913009447, 3129.173548806, 7534.570496591, 3136.435276013, 26.8165663867, 29.34451566705, 22.48325363123, 28.68017152025, -241.8513748029, 3.194544370541, 243.4091515954, 2.985218775625, 5405.991408606, 3992.885422674, 5409.184821246, 3946.512692114, 3, 0.2375634507453, -9.866448267172, -0.2002977582033, 6.849130412838, -1.439948544238, 0.2126194059435, -1.343977455862, 0.4076455405138, 0, 0, 0.2168024734028, -0, -0, -0, -0, -0, 0.2168025067029, 0.003732037713997, 0, 0, 0, 0, 0, -0.003360501819856, 0.003732064431866, -0.04351117483044, -0.003360477761998, 0.04841107393966, -0.003360477761998, 37.91432192234, 37.92778872603, 37.9141700511, 37.92773529256, 93.59676298459, -0.1980453855223, 0.2046917384121, 0, 1, 49.99635420808, 50, 49.9964305518, 0.000474240487693, 0, 0, 0, 0, 0, 0, 0, 0, 93.59837340269, 90.64840754734, 93.59806139767, 90.64810538183, 93.59676298459, 90.64825646902, 93.59837448881, 90.64840755178, 0, 93.59806251079, 90.64810538627, -0.01157255630563, 0, -0.2094547070793, -0.01099225929759, 0.1929374749109, -0.01099225929759, 0.7787055008713, 0.7795139816927, -0.7957631342167, -0.7954859920309, -0.008521736616023, -0.007962891107808, 0.7790026049379, 0.779537093045, 0, -0.7960936908463, -0.7954628752606, -0, -0, 5.551115123126e-17, -0, 0.002622421384056, 0.3940922322756, 0.3912309799984, 0.394046044297, 0, 0.3912245917819, 0.3941384202541
6.775, 0.195741012563, -0.04119268143564, -0.2066423922387, -0.04118509203731, -0.01007950323684, 0.0004426976322794, -0.03001915711662, -6.680293016041e-05, 0, 0, -1000, 0, 1000, 7526.654581166, 3129.472614688, 7533.786439873, 3136.097672448, 26.22999904466, 30.99341568017, 22.79704768783, 25.89372064899, -241.6280516655, 3.266559718025, 243.6394990302, 3.070096133922, 5407.366030405, 3994.404937707, 5407.717808451, 3946.0937324, 3, -0.001165558106788, -16.99393353654, -0.02075411286279, 16.86529900944, -1.432206996561, 0.2212165266323, -1.352235973348, 0.3985094055502, 0, 0, 0.2167796005529, -0, -0, -0, -0, -0, 0.2167796320892, 0.00294665778873, 0, 0, 0, 0, 0, -0.003500977646355, 0.002946678879569, -0.04416590476262, -0.003500952588118, 0.04776805550286, -0.003500952588118, 38.05496207241, 38.06847980445, 38.0548106664, 38.06842535409, 93.9439600487, -0.1970027968636, 0.2057356785698, 0, 1, 49.99632049409, 50, 49.99631762778, -4.895977241224e-05, 0, 0, 0, 0, 0, 0, 0, 0, 93.94556995569, 90.99560543594, 93.94525865656, 90.99530127553, 93.9439600487, 90.99545336038, 93.94557105276, 90.99560544059, 0, 93.94525976074, 90.99530128018, -0.01159404861236, 0, -0.2084311452541, -0.01106483024177, 0.1939623798865, -0.01106483024177, 0.7786291567359, 0.7794434813656, -0.7958394180591, -0.7955564922052, -0.008598681251571, -0.008032425210558, 0.7789307293535, 0.7794675586346, 0, -0.7961655864992, -0.7955324090558, -0, -5.551115123126e-17, -0, -0, 0.002622771136502, 0.3940911360471, 0.3912282382881, 0.3940430173168, 0, 0.3912275178023, 0.3941392547774
6.8, 0.2037489488412, 0.09582703259735, -0.1986282769817, 0.09587022376723, 0.022884694071, 0.0004605129728018, -0.01523425541344, -0.002120444711676, 0, 0, -1000, 0, 1000, 7527.406210165, 3129.129935991, 7532.974141154, 3136.370756535, 32.81108519934, 16.76148026081, 16.19253057617, 40.08055977867, -241.5921144207, 3.543066223611, 243.5897607724, 3.198030616285, 5407.241512802, 4003.91533527, 5407.748314665, 3939.465077213, 3, 1.757836171801, 41.06541913922, -1.785903110189, -41.27957530902, -1.424350676979, 0.2128934929634, -1.360794656097, 0.4056852995302, 0, 0, 0.2167263442983, -0, -0, -0, -0, -0, 0.2167263900453, 0.002340764316979, 0, 0, 0, 0, 0, -0.004670529545204, 0.002340781062876, -0.04415872139103, -0.004670496132322, 0.04780082779287, -0.004670496132322, 38.19560588969, 38.20916977414, 38.19544763351, 38.20911660615, 94.29115723922, -0.2045511500115, 0.1981871054529, 0, 1, 49.99629293767, 50, 49.99628987627, -8.073321383597e-05, 0, 0, 0, 0, 0, 0, 0, 0, 94.29277257629, 91.34280195397, 94.29244969218, 91.34249852614, 94.29115723922, 91.34265024624, 94.29277371302, 91.34280196016, 0, 94.29245075398, 91.34249853233, -0.01161692583002, 0, -0.216002498668, -0.01103818053134, 0.186390793258, -0.01103818053134, 0.7785588765553, 0.7793658793761, -0.7959095438633, -0.7956340966286, -0.008672705764439, -0.008101984310905, 0.7788604001671, 0.7793979984587, 0, -0.7962359361706, -0.7956019670805, 5.551115123126e-17, -0, -5.551115123126e-17, -0, 0.002623214454276, 0.3940882652121, 0.3912284863689, 0.3940240717282, 0, 0.3912274568464, 0.394152458696
6.825, 0.2065807251269, 0.1061122722105, -0.1957922554087, 0.1061646417585, 0.0253208303071, -3.209438346436e-05, 0.0241157464758, 0.01059618418153, 0, 0, 600.2875235147, 0, -404.5265756601, 7528.061403381, 3131.98049501, 7532.250076085, 3133.721341986, 37.05193161101, 17.01380861043, 11.95801932377, 38.50425507675, -242.0053837233, -0.6867854592936, 243.0688572673, -0.8790195091243, 5406.305416628, 3972.227942179, 5408.666032125, 3971.794996232, 3, 1.551207754687, 45.65746131579, -1.592244645927, -44.57619265728, -1.417501995027, 0.2839749504657, -1.368437340567, 0.3385669256356, 0, 0, 0.21666739554, -0, -0, -0, -0, -0, 0.2166673956278, 0.0019539726049, 0, 0, 0, 0, 0, -3.137437919918e-05, 0.001953986576075, -0.04452323212142, -3.137415486963e-05, 0.04745264773479, -3.137415486963e-05, 38.33624557947, 38.3498604377, 38.33608864472, 38.34980709949, 94.6383542797, -0.2022656315454, 0.2004753265023, 0, 1, 49.99626619996, 50, 49.99623385154, -0.0002178905595132, 0, 0, 0, 0, 0, 0, 0, 0, 94.63996754664, 91.69000424939, 94.63964798927, 91.68968991922, 94.6383542797, 91.68984708435, 94.6399686805, 91.69000424943, 0, 94.63964905641, 91.68968991926, -0.01159378536748, 0, -0.2136924907066, -0.01143478864684, 0.1887035351992, -0.01143478864684, 0.7784880648115, 0.7793369721236, -0.7959802749391, -0.7956629965105, -0.008743440729523, -0.008162796398056, 0.778792078862, 0.7793371879187, 0, -0.7963042882565, -0.7956627807148, -0, -0, -5.551115123126e-17, -0, 0.002623628097353, 0.3940876265553, 0.3912303491756, 0.3940871953342, 0, 0.3912256307008, 0.3940880577764
6.85, 0.2043246719341, -0.02548262790928, -0.1980718840235, -0.02547951821513, -0.007145224496627, -0.0004565316607069, 0.02275900684682, -0.0008625863733952, 0, 0, 1000, 0, -1000, 7528.350006638, 3133.92984461, 7531.91792309, 3131.70204313, 21.02356060086, 33.53523771228, 28.25754909611, 24.00683763088, -243.327396721, -3.468081965218, 241.9190481033, -3.729294733926, 5405.872074141, 3948.829921632, 5409.161603592, 3996.141591064, 3, -0.6033622298796, -11.69622150891, 0.6011979925999, 10.91458166867, -1.414493858683, 0.3332788478916, -1.371967848174, 0.2880864279009, 0, 0, 0.2166565749003, -0, -0, -0, -0, -0, 0.216656582771, 0.001785006449553, 0, 0, 0, 0, 0, 0.003428544055301, 0.001785019211321, -0.04467277783595, 0.003428519543359, 0.04730995492714, 0.003428519543359, 38.47688553761, 38.49055126502, 38.47672921203, 38.49049738233, 94.98555062542, -0.2016699455713, 0.201073152449, 0, 1, 49.99624421462, 50, 49.99626548748, 0.0001594477018682, 0, 0, 0, 0, 0, 0, 0, 0, 94.98716327979, 92.03720427569, 94.98684479594, 92.03688214598, 94.98555062542, 92.03704320601, 94.98716441419, 92.03720427087, 0, 94.98684586336, 92.03688214115, -0.01157403535982, 0, -0.2130764937095, -0.01171852263941, 0.1893216633633, -0.01171852263941, 0.7784198353635, 0.7792983721428, -0.7960484790879, -0.795701597735, -0.008811689972678, -0.008225194530604, 0.7787248712289, 0.7792747875885, 0, -0.7963715172525, -0.7957251766497, -0, -0, -0, -5.551115123126e-17, 0.002623826947098, 0.3940866810547, 0.3912312116125, 0.3941338042314, 0, 0.3912246443127, 0.3940395578781
6.875, 0.1977483132491, -0.09125292418971, -0.2046477730462, -0.09121377353953, -0.02320982648626, -0.0004122754790769, 0.01526920434794, -0.001807432798376, 0, 0, 1000, 0, -1000, 7528.206130779, 3133.131468675, 7532.048924258, 3132.327590922, 15.4301152329, 39.40396017435, 33.70696956035, 17.24246431381, -243.8157851472, -2.557052796211, 241.3592500672, -2.802337221423, 5405.755779392, 3956.609783488, 5409.360139876, 3987.931264002, 3, -1.523223834862, -39.54930020426, 1.51994989334, 39.32614266326, -1.416021727269, 0.3138478108948, -1.370639104536, 0.304285361846, 0, 0, 0.2166959544857, -0, -0, -0, -0, -0, 0.2166959555882, 0.001922006023731, 0, 0, 0, 0, 0, 0.002269779896943, 0.001922019769963, -0.04483995231285, 0.00226976366354, 0.04715433439096, 0.00226976366354, 38.61752390766, 38.63124174387, 38.61737116692, 38.63118790135, 95.33274627552, -0.1977614242308, 0.2049803026699, 0, 1, 49.99623364764, 50, 49.99624633085, 0.0001791259241089, 0, 0, 0, 0, 0, 0, 0, 0, 95.33435652625, 92.38439894872, 95.33404338542, 92.38407924791, 95.33274627552, 92.38423909515, 95.33435764411, 92.38439894555, 0, 95.33404447117, 92.38407924474, -0.0115937496412, 0, -0.2091869959105, -0.01163016348909, 0.1932096843196, -0.01163016348909, 0.7783526311981, 0.7792229146857, -0.7961156098721, -0.795777054103, -0.00887692687287, -0.008292681409803, 0.7786588088264, 0.7792073017487, 0, -0.7964375850425, -0.7957926645683, -0, -0, -0, -0, 0.002623845627614, 0.3940871102012, 0.3912314423836, 0.394118306895, 0, 0.3912242496982, 0.3940559135075
6.9, 0.196722217911, -0.1184996803497, -0.2056707596262, -0.11843390236, -0.02992098847312, -3.689901044262e-05, -0.03814972566665, -0.003825018642374, 0, 0, -1000, 0, 1000, 7527.707803632, 3130.487264732, 7532.54614178, 3134.936896361, 16.57773790961, 39.83833444314, 32.59001097085, 16.0610390515, -243.7471653392, 0.8586884578552, 241.4561146642, 0.6845719248299, 5404.971203314, 3984.852590149, 5410.166955895, 3957.208507071, 3, -1.727150057089, -50.79027524175, 1.714364178298, 51.23406534906, -1.421269913706, 0.2479457922026, -1.365469062149, 0.3695410664673, 0, 0, 0.2167498821512, -0, -0, -0, -0, -0, 0.2167498945282, 0.002418780811856, 0, 0, 0, 0, 0, -0.002003289220117, 0.002418798119644, -0.04453949287711, -0.002003274885514, 0.04745335868087, -0.002003274885514, 38.75816375832, 38.77193210403, 38.75801153312, 38.77187845888, 95.67994165677, -0.1968541721689, 0.2058890826578, 0, 1, 49.9962218096, 50, 49.99621748056, 8.959451535538e-05, 0, 0, 0, 0, 0, 0, 0, 0, 95.68155225361, 92.73158992842, 95.68123914597, 92.73127960998, 95.67994165677, 92.73143477192, 95.68155335947, 92.73158993114, 0, 95.68124024342, 92.73127961269, -0.01165030425004, 0, -0.2083373857822, -0.01128884921029, 0.1940607427975, -0.01128884921029, 0.7782896798019, 0.7791232314993, -0.796178574833, -0.7958767388927, -0.008938753740187, -0.008362974850346, 0.778593807055, 0.779137009383, 0, -0.7965025904275, -0.7958629590837, -0, 5.551115123126e-17, 5.551115123126e-17, -0, 0.002623863938697, 0.3940895803396, 0.3912330068839, 0.3940620463923, 0, 0.3912226408098, 0.3941171142869
6.925, 0.1958428384103, -0.1177626929758, -0.2065489791321, -0.1176977856127, -0.0301742782939, -4.961489233555e-05, -0.03810478583199, -0.004014320779035, 0, 0, -1000, 0, 1000, 7527.249705478, 3130.247678369, 7532.993758279, 3135.14548877, 17.26063207436, 39.80822709005, 31.97738721336, 16.20748463103, -243.8489152207, 0.8397996977642, 241.3607047684, 0.6640361920174, 5404.037435007, 3983.812830402, 5411.026002418, 3956.612507571, 3, -1.793819533447, -50.65737420624, 1.777385490312, 50.80288481907, -1.426099682352, 0.2415162325626, -1.360815632947, 0.3753601030222, 0, 0, 0.2167842981885, -0, -0, -0, -0, -0, 0.2167843115941, 0.002896383132904, 0, 0, 0, 0, 0, -0.001971131163346, 0.002896403864798, -0.04424055258693, -0.001971117054372, 0.04775546814298, -0.001971117054372, 38.8988037163, 38.91262229231, 38.8986518705, 38.91256929026, 96.02713720104, -0.1958668632523, 0.2068771264586, 0, 1, 49.99621440044, 50, 49.99621250141, 5.528747901845e-05, 0, 0, 0, 0, 0, 0, 0, 0, 96.02874772762, 93.07878560445, 96.0284352237, 93.07847540325, 96.02713720104, 93.07863050652, 96.02874882104, 93.07878560712, 0, 96.02843633357, 93.07847540592, -0.01168156548994, 0, -0.207382434552, -0.0112845840419, 0.1950163627576, -0.0112845840419, 0.7782257655348, 0.7790582555851, -0.7962424737467, -0.7959417147994, -0.009001654779686, -0.008428171891425, 0.7785278530006, 0.7790718123688, 0, -0.7965685507251, -0.7959281561516, -0, -0, -0, -0, 0.002624027444122, 0.3940912095895, 0.3912348685611, 0.3940641176345, 0, 0.3912209278484, 0.3941183015445
6.95, 0.1957295580022, -0.1186761186714, -0.206656488116, -0.1186103610045, -0.03085499345457, -4.494111059042e-05, -0.03815913818481, -0.003995106212919, 0, 0, -1000, 0, 1000, 7526.651213144, 3129.975447342, 7533.554254884, 3135.332403681, 17.46467710593, 39.88171806895, 31.80936267979, 16.12927741652, -243.8214500978, 0.8584481100037, 241.3807682828, 0.6861319429224, 5403.430322282, 3983.754776697, 5411.50326372, 3957.501373869, 3, -1.83159090281, -50.93871704637, 1.799859568215, 51.23111677735, -1.432406641527, 0.2344516255598, -1.354972760887, 0.3807325422097, 0, 0, 0.2167776398392, -0, -0, -0, -0, -0, 0.2167776539811, 0.003417301406302, 0, 0, 0, 0, 0, -0.001902510523784, 0.003417325865352, -0.04386776885064, -0.001902496906819, 0.04813807133098, -0.001902496906819, 39.03944418579, 39.05331269562, 39.03929188319, 39.05326014096, 96.37433318805, -0.1957732388613, 0.2069720848723, 0, 1, 49.99621006132, 50, 49.99619834862, -6.738124919425e-05, 0, 0, 0, 0, 0, 0, 0, 0, 96.37594413684, 93.42598155424, 96.37563069206, 93.42567115408, 96.37433318805, 93.42582635674, 96.37594522078, 93.42598155682, 0, 96.3756318111, 93.42567115666, -0.01172473881089, 0, -0.2073333969168, -0.01129182189667, 0.1950667079437, -0.01129182189667, 0.7781614491185, 0.7789931782999, -0.7963067391176, -0.7960067919816, -0.009065212028363, -0.008493721134958, 0.7784609920351, 0.7790062631375, 0, -0.7966354277314, -0.7959937054074, -0, -5.551115123126e-17, -0, -0, 0.002624388662287, 0.3940903821029, 0.3912360799058, 0.3940642332953, 0, 0.3912199749429, 0.3941165309105
6.975, 0.1960357738231, -0.1091714614161, -0.2063497932798, -0.1091160262235, -0.02886782089701, 3.640965994253e-05, -0.03734638296396, -0.002994371118014, 0, 0, -1000, 0, 1000, 7526.027107973, 3129.446706746, 7534.113354383, 3135.886822597, 19.20790592195, 38.66605525776, 30.13790617703, 17.63034111413, -243.6204417367, 1.422623338016, 241.5967433223, 1.24755744596, 5403.035996232, 3988.168776932, 5411.787529058, 3954.622718339, 3, -1.640997315235, -46.80421804496, 1.603279825195, 47.01726963027, -1.438988124198, 0.2205191382491, -1.349139380625, 0.395095753462, 0, 0, 0.2167343665349, -0, -0, -0, -0, -0, 0.2167343880999, 0.003917856982419, 0, 0, 0, 0, 0, -0.002430988840685, 0.003917885012959, -0.04350160135165, -0.002430971448152, 0.04851969302703, -0.002430971448152, 39.18008492425, 39.19400328654, 39.17993182003, 39.19395101124, 96.72152957614, -0.1959032819121, 0.2068443070074, 0, 1, 49.99620883823, 50, 49.9961963983, -0.0001083814819762, 0, 0, 0, 0, 0, 0, 0, 0, 96.72314105676, 93.77317729499, 96.72282595099, 93.77286758249, 96.72152957614, 93.77302244203, 96.72314213265, 93.77317729828, 0, 96.72282707781, 93.77286758578, -0.01178406888761, 0, -0.2075241873418, -0.01126680584545, 0.1948781927487, -0.01126680584545, 0.7780958252809, 0.7789226394152, -0.7963722836968, -0.7960773315511, -0.009130178449013, -0.008560625486813, 0.778392868484, 0.7789393585787, 0, -0.7967035775619, -0.7960606095523, -0, 5.551115123126e-17, -0, -0, 0.00262487120953, 0.3940888527376, 0.391236867322, 0.3940554403287, 0, 0.3912194064795, 0.3941222651466
7, 0.1954781786354, -0.1202825635587, -0.206909645971, -0.120215446305, -0.03202134476198, 1.926115973049e-05, -0.03825300929968, -0.003994914620771, 0, 0, -1000, 0, 1000, 7525.511420489, 3129.583125918, 7534.553513937, 3135.904049404, 17.72149882786, 40.00410301951, 31.66121478747, 16.17374471586, -243.5009513029, 1.152171328087, 241.6885491189, 0.9729873337038, 5402.870574686, 3985.581632777, 5411.915056848, 3958.132407717, 3, -1.787131772601, -51.37205052213, 1.747859816492, 51.82390159486, -1.444436758897, 0.222739829241, -1.344548224997, 0.3958023357949, 0, 0, 0.2166790526781, -0, -0, -0, -0, -0, 0.2166790701722, 0.004304611172076, 0, 0, 0, 0, 0, -0.001989168396401, 0.004304641953954, -0.04323564490957, -0.00198915417214, 0.04880530014724, -0.00198915417214, 39.32072567941, 39.33469405088, 39.32057185946, 39.33464191732, 97.06872610274, -0.1958206112527, 0.2069291210445, 0, 1, 49.9962125954, 50, 49.99619488368, -0.0001406200194329, 0, 0, 0, 0, 0, 0, 0, 0, 97.07033795856, 94.12037455463, 97.07002134118, 94.12006297238, 97.06872610274, 94.12021876621, 97.07033902777, 94.12037455734, 0, 97.07002247476, 94.12006297508, -0.01184600779981, 0, -0.2075045010594, -0.01133482444687, 0.1949000356158, -0.01133482444687, 0.7780279449611, 0.7788590815942, -0.7964400595209, -0.7961408885348, -0.00919745170568, -0.008627221805592, 0.7783231723757, 0.7788727623097, 0, -0.7967733033024, -0.7961272059209, -0, 5.551115123126e-17, -5.551115123126e-17, -0, 0.002625336241823, 0.3940879339851, 0.3912371982215, 0.3940605941195, 0, 0.3912191507839, 0.3941152738507
7.025, 0.1953900630327, -0.122131626157, -0.2070028500753, -0.1220625729642, -0.03282197218871, 6.105487267738e-05, -0.03845266798525, -0.004136450282147, 0, 0, -1000, 0, 1000, 7525.06045649, 3129.373400875, 7534.94039056, 3136.268848407, 18.43599312336, 40.18676953448, 30.99061367248, 16.12001352968, -243.3167372129, 1.354404348718, 241.8857059315, 1.180683949019, 5402.761888213, 3987.3453427, 5412.043498928, 3956.747983216, 3, -1.769583625414, -52.08384398188, 1.73651416595, 52.60339180832, -1.449210274088, 0.2164764226493, -1.34051180909, 0.4051284401402, 0, 0, 0.2166352132546, -0, -0, -0, -0, -0, 0.2166352345114, 0.004643420618635, 0, 0, 0, 0, 0, -0.002217304866857, 0.004643453809874, -0.0430200837764, -0.00221728901764, 0.04903704663314, -0.00221728901764, 39.46136641765, 39.47538491112, 39.4612119754, 39.47533288796, 97.41592253347, -0.1954145651896, 0.2073371704114, 0, 1, 49.99621975232, 50, 49.99620264117, -0.0001211444857381, 0, 0, 0, 0, 0, 0, 0, 0, 97.41753481677, 94.46757126289, 97.41721673978, 94.46725883133, 97.41592253347, 94.46741505013, 97.41753587897, 94.46757126591, 0, 97.41721788068, 94.46725883436, -0.01192313472437, 0, -0.207176425701, -0.01136572043032, 0.1952301225162, -0.01136572043032, 0.7779586276415, 0.7787896335001, -0.7965092920335, -0.7962103366909, -0.009266123977677, -0.008695100803787, 0.7782523833017, 0.7788048831123, 0, -0.7968441179597, -0.7961950847199, -0, -0, -0, -0, 0.002625683969499, 0.3940875561532, 0.3912374158363, 0.3940570806956, 0, 0.3912188935722, 0.3941180316108
7.05, 0.1968524633241, -0.02005726945915, -0.2055744301015, -0.02005550395548, -0.007623840324836, 0.0002184502413562, -0.02788089552788, -0.00301358568153, 0, 0, -1000, 0, 1000, 7524.669429572, 3128.79671215, 7535.285367956, 3137.043209833, 27.1014539266, 29.49464306748, 22.7419562328, 28.46196783545, -242.7405619365, 2.279906606419, 242.4975541328, 2.09193296678, 5402.688870809, 3993.459143029, 5412.162944044, 3949.802491018, 3, -0.1386543060688, -9.929204695192, 0.172735900776, 7.193091133921, -1.453357618139, 0.2014330473321, -1.33691156162, 0.4240626031823, 0, 0, 0.2166091149659, -0, -0, -0, -0, -0, 0.2166091507551, 0.004932718828509, 0, 0, 0, 0, 0, -0.003163675179498, 0.004932754079161, -0.04267092470226, -0.003163652571105, 0.04939481097397, -0.003163652571105, 39.60200835468, 39.6160760997, 39.60185093036, 39.61602360372, 97.76311882202, -0.1978873158599, 0.2048664175429, 0, 1, 49.99622910825, 50, 49.99629832863, 0.0004128579258947, 0, 0, 0, 0, 0, 0, 0, 0, 97.76473375595, 94.81476732968, 97.76441001873, 94.81445524872, 97.76311882202, 94.81461129351, 97.76473482257, 94.81476733399, 0, 97.76441115287, 94.81445525303, -0.01201284169559, 0, -0.209740239436, -0.01135296638743, 0.1926683151662, -0.01135296638743, 0.7778892422564, 0.7787139658825, -0.7965786384246, -0.7962860055996, -0.009336041840375, -0.008764259814156, 0.7781806138018, 0.7787357235259, 0, -0.7969159070181, -0.7962642431542, -0, -0, 5.551115123126e-17, -0, 0.002625910572298, 0.3940883842259, 0.3912375630722, 0.3940449015048, 0, 0.3912186535354, 0.394131866947
7.075, 0.2019963023273, 0.08719607432416, -0.2004028135674, 0.08723242237614, 0.0194115159988, 0.0004945895350561, -0.01604165077115, -0.001029259091316, 0, 0, -1000, 0, 1000, 7524.64382977, 3128.009430878, 7535.294808463, 3137.713225964, 31.60398883289, 17.30644166999, 17.87568897768, 40.33511391607, -241.9530616621, 4.249073080612, 243.2536397597, 3.815963320546, 5403.564188707, 4003.372641547, 5411.326626708, 3940.301198642, 3, 1.585922506906, 37.95203311201, -1.599248886083, -37.63816215914, -1.45367074724, 0.182816122991, -1.336828973031, 0.4405923354914, 0, 0, 0.2166199138492, -0, -0, -0, -0, -0, 0.2166199737126, 0.004803972115969, 0, 0, 0, 0, 0, -0.004570610644344, 0.004804006449981, -0.04235582517164, -0.004570577978382, 0.04972497803696, -0.004570577978382, 39.74265233605, 39.75676777662, 39.74248787714, 39.75671383863, 98.11031480539, -0.2051246584976, 0.1976277904441, 0, 1, 49.99624662905, 50, 49.99624050572, 1.867898976118e-06, 0, 0, 0, 0, 0, 0, 0, 0, 98.11193600165, 95.161962956, 98.11159989117, 95.16165168501, 98.11031480539, 95.16180732672, 98.11193709731, 95.16196296221, 0, 98.11160098952, 95.16165169123, -0.01209098278991, 0, -0.217056958364, -0.01132350094705, 0.1853502369832, -0.01132350094705, 0.7778169944228, 0.7786320376083, -0.7966507853557, -0.7963679366443, -0.009411215554758, -0.008836512476845, 0.7781062129357, 0.7786634696382, 0, -0.7969903099238, -0.7963364945919, -0, -0, -0, -0, 0.002625987203635, 0.3940879730089, 0.391235821008, 0.3940251528468, 0, 0.3912203175556, 0.3941507931709
7.1, 0.2056257070171, 0.06809956067724, -0.1967672659375, 0.06812167093911, 0.01403195800709, -0.0001553087603837, 0.03336284134063, 0.0005838516191348, 0, 0, 1000, 0, -1000, 7525.318607027, 3132.150504728, 7534.614668558, 3133.421332723, 27.92409347886, 22.376405378, 21.55533415807, 34.04424002281, -242.047956296, -1.936151269952, 243.2098559993, -2.1135354951, 5404.933934202, 3955.576066617, 5409.977624179, 3988.1520831, 3, 0.9702735424483, 29.70467177194, -0.9925193284376, -28.81834113818, -1.446636952746, 0.286535925023, -1.343982124624, 0.3340960978983, 0, 0, 0.2166450477329, -0, -0, -0, -0, -0, 0.2166450420307, 0.004090296929198, 0, 0, 0, 0, 0, 0.002360692594053, 0.004090326169354, -0.0428404622495, 0.002360675718377, 0.04923791183158, 0.002360675718377, 39.88329348157, 39.89745885707, 39.88312774775, 39.89740492094, 98.45751073912, -0.2053196062114, 0.1974345243034, 0, 1, 49.9962659037, 50, 49.99624649815, -5.640704833868e-05, 0, 0, 0, 0, 0, 0, 0, 0, 98.45913262132, 95.50916769447, 98.45879547734, 95.50883882975, 98.45751073912, 95.50900325872, 98.45913373051, 95.50916769108, 0, 98.45879656381, 95.50883882636, -0.01209301778551, 0, -0.2172520936541, -0.01196353039811, 0.1851567526129, -0.01196353039811, 0.7777367647102, 0.7786158557652, -0.7967310389115, -0.7963841112376, -0.00949274327419, -0.008900364774439, 0.7780292904285, 0.7785996173902, 0, -0.7970672400816, -0.796400346939, -0, 5.551115123126e-17, -5.551115123126e-17, -0, 0.002626026690225, 0.3940879198351, 0.3912330899717, 0.3941203660666, 0, 0.3912230076828, 0.3940554736036
7.125, 0.2001520411375, -0.08246817653707, -0.2022397466003, -0.08243671844996, -0.02306910794494, -0.0005482318521696, 0.01715278119802, 0.0004090539573506, 0, 0, 1000, 0, -1000, 7525.918188357, 3134.030332568, 7534.010801945, 3131.392918489, 19.14382006264, 40.44815474157, 30.3107417924, 17.51920607316, -242.6728185283, -4.795783423494, 242.5629194484, -5.445413438024, 5405.316326355, 3934.450131737, 5409.591930509, 4009.04109376, 3, -1.332535839594, -34.71642291951, 1.300739028335, 36.1937502823, -1.440385389898, 0.3337411049936, -1.35033772648, 0.2840229986805, 0, 0, 0.2166763607352, -0, -0, -0, -0, -0, 0.2166763743865, 0.003597260551057, 0, 0, 0, 0, 0, 0.005405397914989, 0.003597286274097, -0.04367527333225, 0.005405359262718, 0.04840996233366, 0.005405359262718, 40.02393104911, 40.03815026792, 40.02377132648, 40.0380958091, 98.80470674457, -0.1972305861297, 0.2055225672371, 0, 1, 49.99628736591, 50, 49.99625362059, -0.000125375051833, 0, 0, 0, 0, 0, 0, 0, 0, 98.80632373646, 95.85636831083, 98.80599679205, 95.85603041242, 98.80470674457, 95.85619935364, 98.80632482533, 95.85636830285, 0, 98.80599790674, 95.85603040444, -0.01212702518912, 0, -0.2091938446668, -0.01229216056145, 0.1932139495312, -0.01229216056145, 0.7776557913586, 0.7785690354684, -0.7968119704797, -0.7964309352945, -0.009571263585792, -0.00896812870757, 0.7779540169565, 0.7785318496649, 0, -0.7971425188285, -0.79646810708, -0, -5.551115123126e-17, -0, -0, 0.002626082734835, 0.3940881543962, 0.3912323239308, 0.3941624481827, 0, 0.391223780814, 0.3940138606096
7.15, 0.1956857506409, -0.1038193790025, -0.2067187352337, -0.1037696099841, -0.02725310037001, -6.888251641145e-05, -0.007540614714832, 0.0117769371727, 0, 0, 251.5762863882, 0, -38.8571481608, 7526.010397062, 3131.169429156, 7533.904446369, 3134.369743337, 12.26646692976, 38.91815499565, 37.30151389106, 16.90476303689, -242.9059855465, -0.2284877190135, 242.1725226547, -0.4142756413692, 5405.060639119, 3969.926103588, 5409.815465224, 3971.341493783, 3, -1.313895609364, -43.76336721838, 1.291353728836, 44.77835814261, -1.439453686655, 0.2625482653576, -1.351479747601, 0.3573146457265, 0, 0, 0.2166963913619, -0, -0, -0, -0, -0, 0.2166963908707, 0.003548938128854, 0, 0, 0, 0, 0, 0.0001025693600825, 0.003548963511046, -0.04358849995896, 0.0001025686265063, 0.04850257420108, 0.0001025686265063, 40.16457288451, 40.178842514, 40.16441082564, 40.17878612395, 99.15190301966, -0.2000791327278, 0.2026747740305, 0, 1, 49.99631400309, 50, 49.99629108718, -6.727797562124e-05, 0, 0, 0, 0, 0, 0, 0, 0, 99.15352320859, 96.2035602014, 99.15319013847, 96.20323174332, 99.15190301966, 96.20339597221, 99.1535243106, 96.20356020125, 0, 99.15319123826, 96.20323174317, -0.01222414683541, 0, -0.2121398465047, -0.01194873780757, 0.1902686471106, -0.01194873780757, 0.7775834509579, 0.7784555698911, -0.7968842773435, -0.7965443958624, -0.009644419116251, -0.009045118470545, 0.777881084377, 0.7784548644036, 0, -0.7972154577359, -0.7965451013447, -0, -0, -0, -0, 0.002626220380581, 0.3940903709183, 0.391232833719, 0.3940917806695, 0, 0.3912233349911, 0.3940889611671
7.175, 0.2011664716999, 0.08495489247837, -0.2012233964466, 0.08498903728099, 0.01968435062478, 0.0005422727593699, -0.01671067319019, 0.0003724522753761, 0, 0, -1000, 0, 1000, 7526.054067655, 3127.809063582, 7533.843320483, 3137.539101695, 30.15867313216, 17.34265354314, 19.36819449869, 40.33231968837, -242.1110154742, 4.902912528152, 243.1198146069, 4.344931303154, 5405.044507247, 4011.319624479, 5409.779725958, 3930.568006126, 3, 1.584640763762, 37.41298687397, -1.625309676728, -35.77980265004, -1.439025988801, 0.1795609998342, -1.352148037441, 0.43654856361, 0, 0, 0.2167174546644, -0, -0, -0, -0, -0, 0.216717531069, 0.003494066403252, 0, 0, 0, 0, 0, -0.005851843421831, 0.003494091397856, -0.04333850306924, -0.005851801561274, 0.04875610083947, -0.005851801561274, 40.30521621963, 40.31953385286, 40.30504906086, 40.31947759289, 99.49909949146, -0.2052108415682, 0.1975439289818, 0, 1, 49.99633770691, 50, 49.99629664434, -0.0001972625553354, 0, 0, 0, 0, 0, 0, 0, 0, 99.5007245319, 96.55075092549, 99.50038204737, 96.55043359189, 99.49909949146, 96.5505922668, 99.50072565456, 96.5507509336, 0, 99.50038312257, 96.5504336, -0.01231408897737, 0, -0.2173624640675, -0.0115440483721, 0.1850468463205, -0.0115440483721, 0.7775123970296, 0.7783371505741, -0.7969553146592, -0.7966628256721, -0.009717446764727, -0.009122587900547, 0.7778083233296, 0.7783773920079, 0, -0.7972882263162, -0.796622567809, -0, -5.551115123126e-17, -0, -0, 0.002626392844359, 0.3940897513006, 0.3912328671492, 0.3940093214022, 0, 0.3912234047156, 0.3941701811989
7.2, 0.2034716449656, 0.09199399913071, -0.1989262312489, 0.09203372602983, 0.02082212742403, 0.0004316062911793, -0.01601047690446, -0.001606217631086, 0, 0, -1000, 0, 1000, 7526.220253433, 3128.025081747, 7533.644481499, 3137.247036181, 31.91535702605, 17.07754613096, 17.72881543845, 40.56530625004, -242.2859817769, 3.980960555946, 242.9108619529, 3.580598499541, 5404.859560008, 4009.45463516, 5409.900247657, 3933.057752311, 3, 1.532361385253, 39.25814639517, -1.553076606361, -39.25714735605, -1.437312047621, 0.1847188352516, -1.354263249203, 0.429818097305, 0, 0, 0.2167154992965, -0, -0, -0, -0, -0, 0.216715568237, 0.00337729771491, 0, 0, 0, 0, 0, -0.005536267948155, 0.00337732187378, -0.04342867502738, -0.005536228345752, 0.04867775179429, -0.005536228345752, 40.44585749889, 40.46022495174, 40.44568963061, 40.46016962851, 99.84629641797, -0.2050649487733, 0.1976900693859, 0, 1, 49.99636959703, 50, 49.9963676087, 2.573979055323e-06, 0, 0, 0, 0, 0, 0, 0, 0, 99.8479220049, 96.89794886757, 99.84757839864, 96.89762943963, 99.84629641797, 96.89778916132, 99.84792312934, 96.89794887529, 0, 99.84757947273, 96.89762944735, -0.01235448513391, 0, -0.2172566270939, -0.01162023667704, 0.1851528892784, -0.01162023667704, 0.7774390406248, 0.7782694978707, -0.7970286037964, -0.79673047709, -0.009790916733972, -0.009192410585555, 0.777735582923, 0.7783075695423, 0, -0.7973609802722, -0.7966923907134, -0, -0, -0, -0, 0.002626657540407, 0.3940891292485, 0.3912332351036, 0.394013036736, 0, 0.3912231650874, 0.3941652217609
7.225, 0.2055035619427, 0.09115432958257, -0.1968937314751, 0.09119331394539, 0.02115333200266, 0.0002253005356589, -0.01538317957661, -0.001738852184478, 0, 0, -1000, 0, 1000, 7526.347296672, 3129.486846799, 7533.473764881, 3135.811574888, 33.9576458153, 17.3012437569, 15.69282518491, 39.39633059964, -242.267662195, 1.947721151798, 242.8851394499, 1.751354597071, 5404.335498574, 3991.377325836, 5410.374562572, 3951.590590405, 3, 1.485046123903, 38.87003873567, -1.504838387921, -39.06895912652, -1.436007756432, 0.2219485843371, -1.356085003019, 0.3929852477617, 0, 0, 0.2166968696289, -0, -0, -0, -0, -0, 0.2166968946854, 0.003336878760558, 0, 0, 0, 0, 0, -0.002883233191448, 0.003336902626195, -0.04345044962341, -0.002883212570465, 0.04866796558523, -0.002883212570465, 40.5864987933, 40.60091733763, 40.58633045657, 40.60086061798, 100.1934937472, -0.2047205275506, 0.1980355994938, 0, 1, 49.99640364705, 50, 49.99640557708, 8.587140267358e-06, 0, 0, 0, 0, 0, 0, 0, 0, 100.1951193866, 97.24514949511, 100.1947754181, 97.24482329988, 100.1934937472, 97.2449864016, 100.19512051, 97.24514949922, 0, 100.1947764939, 97.24482330399, -0.01237508880046, 0, -0.2169327387135, -0.01186641919313, 0.185477870697, -0.01186641919313, 0.7773664274934, 0.778220904048, -0.7971011538571, -0.7967790641673, -0.009863616005795, -0.009259248906039, 0.7776631192722, 0.7782407332075, 0, -0.797433462703, -0.7967592310195, -0, -0, -5.551115123126e-17, 5.551115123126e-17, 0.002626965270522, 0.3940886768753, 0.3912342789377, 0.3940490486528, 0, 0.3912222202941, 0.3941283050978
7.25, 0.2065422228127, 0.1201929109777, -0.195851459976, 0.1202605331128, 0.02805988019121, -0.0001336885915587, 0.038142038391, -0.003904394158661, 0, 0, 1000, 0, -1000, 7526.679429168, 3131.91854497, 7533.094620613, 3133.427377212, 32.56981335726, 16.37513394105, 17.12390346055, 40.18751322861, -242.4314659118, -1.292933845571, 242.7475259319, -1.469301831759, 5404.948204846, 3963.973080007, 5409.74256823, 3979.584301946, 3, 1.615458206949, 51.5433460441, -1.644989697091, -51.05998548848, -1.432551581826, 0.282583723698, -1.360093790242, 0.3332025685405, 0, 0, 0.2166714488899, -0, -0, -0, -0, -0, 0.2166714459819, 0.00297214929336, 0, 0, 0, 0, 0, 0.001131301493396, 0.002972170545434, -0.04364656628991, 0.001131293404189, 0.04848047553604, 0.001131293404189, 40.72714065768, 40.74160906579, 40.72697096002, 40.74155255407, 100.5406913867, -0.2058339773167, 0.1969249977861, 0, 1, 49.99643662666, 50, 49.99642113153, -0.0001005279982055, 0, 0, 0, 0, 0, 0, 0, 0, 100.542317679, 97.59235191584, 100.5419720498, 97.59201585866, 100.5406913867, 97.59218388559, 100.5423188132, 97.59235191418, 0, 100.541973115, 97.592015857, -0.01236821680685, 0, -0.2180386027156, -0.01222517981577, 0.1843748622437, -0.01222517981577, 0.7772906882222, 0.7781812765948, -0.7971768556148, -0.79681868786, -0.009940356990367, -0.009326486820829, 0.7775887181884, 0.7781734950996, 0, -0.7975078853495, -0.7968264687412, -0, -0, -0, 5.551115123126e-17, 0.002627259999279, 0.3940880901802, 0.3912330573898, 0.394103639206, 0, 0.3912234803319, 0.3940725411544
7.275, 0.2070982988386, 0.1204328443196, -0.1953020321428, 0.1205007926565, 0.02854973118383, -0.0001424576194176, 0.03834120233321, -0.004291907653369, 0, 0, 1000, 0, -1000, 7526.934917044, 3132.38220202, 7532.797647654, 3133.088017062, 31.60267974451, 16.56989416802, 18.16684488288, 40.25600431891, -242.321939564, -1.497826762109, 242.8731721272, -1.671200085626, 5405.716881549, 3960.705851037, 5408.97184025, 3982.734953247, 3, 1.72806104487, 51.5655372602, -1.747539561332, -51.46947463003, -1.429897544982, 0.2946564206605, -1.363242934516, 0.323529090689, 0, 0, 0.2166455614814, -0, -0, -0, -0, -0, 0.2166455591404, 0.002646388506696, 0, 0, 0, 0, 0, 0.001596387283494, 0.002646407424927, -0.04383231952604, 0.001596375871486, 0.04830502615932, 0.001596375871486, 40.86778254813, 40.8823016095, 40.86761169005, 40.88224402941, 100.8878892729, -0.2069828934824, 0.1957776586209, 0, 1, 49.99647403143, 50, 49.99646899904, -3.924814346106e-05, 0, 0, 0, 0, 0, 0, 0, 0, 100.8895164506, 97.93955086554, 100.8891686931, 97.93921254736, 100.8878892729, 97.93938170409, 100.8895175957, 97.93955086318, 0, 100.8891697478, 97.93921254501, -0.01238542229436, 0, -0.2192040504593, -0.01230743087518, 0.1832109934021, -0.01230743087518, 0.7772150257928, 0.7781123230562, -0.7972524655786, -0.7968876412189, -0.01001685071618, -0.009398639172666, 0.7775143229349, 0.7781013423535, 0, -0.7975822986428, -0.7968986206989, -0, -0, -0, -0, 0.002627508841679, 0.3940882062173, 0.3912315251935, 0.3941101475541, 0, 0.3912250166579, 0.3940662648804
7.3, 0.2061123751132, 0.07841755424246, -0.1962907860614, 0.07844640755518, 0.01865057142371, -0.0001813628701354, 0.03440013398099, -0.0004669359711043, 0, 0, 1000, 0, -1000, 7527.408980254, 3133.051148259, 7532.288665284, 3132.588263354, 28.6682895684, 21.43561380674, 21.12875918757, 35.49210819941, -242.3093574097, -1.903961715105, 242.9243546148, -2.08366907805, 5406.378574799, 3955.972947474, 5408.310289488, 3986.998803569, 3, 1.142942623936, 33.75309665587, -1.162835554756, -33.46801867947, -1.424947391473, 0.3117243039495, -1.368619833901, 0.3098024817458, 0, 0, 0.2166180522587, -0, -0, -0, -0, -0, 0.2166180524782, 0.002178449816684, 0, 0, 0, 0, 0, 0.00224835681246, 0.002178465385808, -0.04425872895191, 0.002248340743834, 0.04788712008029, 0.002248340743834, 41.00842350787, 41.02299421534, 41.0082536052, 41.02293573117, 101.235087441, -0.2055766420017, 0.1971852047045, 0, 1, 49.9965129157, 50, 49.99650255548, -8.165298789314e-05, 0, 0, 0, 0, 0, 0, 0, 0, 101.2367135778, 98.2867503198, 101.2363675225, 98.28640937269, 101.235087441, 98.2865798429, 101.2367147266, 98.28675031646, 0, 101.2363685761, 98.28640936934, -0.01238897378233, 0, -0.2177997502713, -0.01240306716646, 0.1846165996138, -0.01240306716646, 0.7771371273478, 0.7780439150201, -0.7973303227877, -0.7969560492894, -0.01009486060647, -0.009471531547734, 0.7774393351209, 0.7780284493944, 0, -0.7976573034107, -0.7969715124898, -0, -0, -0, 5.551115123126e-17, 0.002627721265675, 0.3940886732513, 0.3912302048415, 0.3941195754984, 0, 0.391226336883, 0.3940577710042
7.325, 0.2063955156863, 0.03347926488206, -0.196029896122, 0.033484452533, 0.006750904481047, -0.0002653076726331, 0.02917204218126, -0.001694974580405, 0, 0, 1000, 0, -1000, 7527.781630901, 3133.05855469, 7531.884814063, 3132.772321908, 23.14189226223, 26.98820334981, 26.92277232025, 30.7944159223, -242.8686096499, -2.151064400319, 242.3709405014, -2.34289331565, 5406.369347004, 3959.172958705, 5408.319691521, 3983.295968066, 3, 0.3246678645819, 13.15907232755, -0.306549844243, -14.77939822041, -1.421056419816, 0.3108093078637, -1.372895457191, 0.3145106912428, 0, 0, 0.2165872238251, -0, -0, -0, -0, -0, 0.2165872234965, 0.001882722620176, 0, 0, 0, 0, 0, 0.001748126858045, 0.001882736071943, -0.04448010065225, 0.001748114368033, 0.04767121232195, 0.001748114368033, 41.14906517799, 41.16368587631, 41.14889507925, 41.16362863997, 101.5822859311, -0.2055580330909, 0.1972052411195, 0, 1, 49.9965539936, 50, 49.99659240994, 0.0001999729213177, 0, 0, 0, 0, 0, 0, 0, 0, 101.5839121175, 98.63394868516, 101.5835655405, 98.63360786433, 101.5822859311, 98.63377827214, 101.583913272, 98.63394868256, 0, 101.5835665894, 98.63360786173, -0.01240263712323, 0, -0.2177939919617, -0.01239847323533, 0.1846238135368, -0.01239847323533, 0.7770616958621, 0.7779669460301, -0.7974057323737, -0.7970330178271, -0.01017063978632, -0.009545059697436, 0.7773654152211, 0.7779549214981, 0, -0.7977312387299, -0.797045040893, 5.551115123126e-17, -0, -5.551115123126e-17, -0, 0.002627912563009, 0.3940891741923, 0.391230222053, 0.394113201094, 0, 0.3912263193832, 0.3940651472906
7.35, 0.198570009058, -0.09939851475756, -0.2038452758566, -0.09935212206316, -0.02576108869274, -0.0002553744857135, -0.00571395493229, -0.001813822810355, 0, 0, 217.232526593, 0, -204.8111552787, 7527.625227709, 3131.963448664, 7532.027831098, 3133.675367932, 14.05552406321, 39.36677558347, 35.73283565876, 17.28952233088, -243.8024943915, -1.100763242691, 241.3103586681, -1.281695070737, 5405.070262703, 3970.623275724, 5409.624898421, 3973.972880274, 3, -1.536495266397, -43.15670569105, 1.529764087633, 42.82931222384, -1.422712968051, 0.2839987861282, -1.371435577363, 0.3378243270379, 0, 0, 0.2165782489324, -0, -0, -0, -0, -0, 0.2165782482696, 0.00220020881139, 0, 0, 0, 0, 0, 0.0002427364508853, 0.002200224530245, -0.04460514370621, 0.0002427347167264, 0.04755951002732, 0.0002427347167264, 41.28970429858, 41.30437863489, 41.2895393587, 41.30432081919, 101.9294845, -0.1997211735474, 0.2030402569693, 0, 1, 49.99660350187, 50, 49.99661014362, 2.826560029512e-05, 0, 0, 0, 0, 0, 0, 0, 0, 101.9311068764, 98.98114570072, 101.9307677976, 98.98080790838, 101.9294845, 98.98097680419, 101.9311080033, 98.98114570036, 0, 101.9307688768, 98.98080790802, -0.0124440317821, 0, -0.2119980187466, -0.01228830178894, 0.19041790708, -0.01228830178894, 0.7769900914588, 0.7778844717044, -0.7974772510509, -0.7971154920863, -0.01023936594909, -0.009617179748587, 0.7772946667677, 0.7778828021327, 0, -0.7978019924212, -0.7971171616298, -0, -0, -5.551115123126e-17, -0, 0.002628004605202, 0.394087055618, 0.3912328092058, 0.3940903918775, 0, 0.3912237200042, 0.3940837193585
7.375, 0.1963562914229, -0.08638077722405, -0.2060635006437, -0.08634588920969, -0.02193899630808, 7.460617281853e-05, -0.03515688531559, -0.001595867192127, 0, 0, -1000, 0, 1000, 7527.187500697, 3130.049596976, 7532.454661864, 3135.59346785, 21.17646063112, 36.46715877103, 28.76007761665, 20.63215765843, -243.5144117382, 1.671894670443, 241.7231526139, 1.4987613733, 5404.169612471, 3991.182182418, 5410.558854192, 3953.308223438, 3, -1.222857557973, -37.33650250224, 1.224670827084, 36.94971031933, -1.427321764097, 0.2365338267151, -1.36699651234, 0.3854544245921, 0, 0, 0.2165776758991, -0, -0, -0, -0, -0, 0.2165776966662, 0.00267119717419, 0, 0, 0, 0, 0, -0.002744619622386, 0.002671216257805, -0.04445380115728, -0.002744600014361, 0.04770901070391, -0.002744600014361, 41.43034498766, 41.44507131666, 41.43018228512, 41.4450131629, 102.2766832758, -0.1963748687376, 0.2063888067371, 0, 1, 49.99664671484, 50, 49.99665825239, 9.329478356539e-05, 0, 0, 0, 0, 0, 0, 0, 0, 102.2783038717, 99.32834107064, 102.2779683364, 99.3280097912, 102.2766832758, 99.32817543489, 102.2783049773, 99.32834107461, 0, 102.2779694378, 99.32800979517, -0.0124951494049, 0, -0.2087033789503, -0.01205137375804, 0.1937147999806, -0.01205137375804, 0.7769204793019, 0.7777901000086, -0.797546884311, -0.7972098669584, -0.01030702941419, -0.009691005791153, 0.7772240226615, 0.7778089758853, 0, -0.7978726448755, -0.7971909874676, 5.551115123126e-17, -0, -0, -0, 0.002628056303066, 0.3940871604982, 0.3912346041324, 0.3940494374315, 0, 0.3912218586865, 0.3941248835649
7.4, 0.205347861507, 0.1011248190519, -0.1970669478384, 0.101172447636, 0.02351456040069, -1.392373887097e-06, 0.005334827388026, -0.001574023815449, 0, 0, -213.7161303258, 0, 230.0451895873, 7526.905847936, 3130.811238643, 7532.74261376, 3134.679832129, 35.81654057897, 17.34008435501, 14.00640824911, 39.26695530331, -242.6570169134, 0.2095438977006, 242.4651737787, 0.04159910638787, 5404.102851827, 3979.19705741, 5410.667495247, 3965.19237054, 3, 1.311551463695, 42.77357626206, -1.307925581021, -43.11320603314, -1.430296785855, 0.2559428065536, -1.364011126395, 0.3631544553616, 0, 0, 0.2166086180637, -0, -0, -0, -0, -0, 0.2166086235936, 0.002884094009222, 0, 0, 0, 0, 0, -0.001014880396123, 0.002884114619707, -0.04390522968925, -0.001014873143576, 0.04826383525114, -0.001014873143576, 41.57099002246, 41.58576348871, 41.57082108372, 41.58570638331, 102.6238820256, -0.2027216584556, 0.2000401454313, 0, 1, 49.99669772678, 50, 49.99671112633, 0.0001443493750494, 0, 0, 0, 0, 0, 0, 0, 0, 102.6255076198, 99.67554193163, 102.6251625161, 99.67520675247, 102.6238820256, 99.67537434353, 102.6255087452, 99.67554193311, 0, 102.6251635937, 99.67520675395, -0.01250909194045, 0, -0.2150662061664, -0.01219323896233, 0.1873500282641, -0.01219323896233, 0.7768513675085, 0.7777327970587, -0.7976159486744, -0.7972671675233, -0.01037845768786, -0.009760204812936, 0.7771511650437, 0.777739777231, 0, -0.7979454975595, -0.7972601868568, -0, -0, -0, -0, 0.002628010209304, 0.3940872614641, 0.39123474001, 0.3940733125728, 0, 0.3912216390973, 0.3941012103554
7.425, 0.2070564082559, 0.105665588416, -0.1953514264582, 0.1057176057327, 0.02393764048593, -4.174778909554e-05, 0.01301643376387, 0.004983443833024, 0, 0, 123.1100772163, 0, -12.09327436895, 7526.667272686, 3130.981846886, 7532.986063073, 3134.6175226, 37.53635222666, 17.13039791791, 12.28650090218, 39.04079300452, -242.5560482555, -0.231357744956, 242.5188793661, -0.4195896761498, 5404.12231705, 3975.509322626, 5410.661462567, 3966.245931283, 3, 1.307304634073, 45.14262573705, -1.317295166786, -44.41177083817, -1.432823480371, 0.2591652433371, -1.361489555992, 0.3619475685415, 0, 0, 0.2166402219194, -0, -0, -0, -0, -0, 0.216640225427, 0.003066598517904, 0, 0, 0, 0, 0, -0.0006712920026731, 0.003066620439009, -0.04377505251694, -0.0006712872040803, 0.0483936485923, -0.0006712872040803, 41.71163225814, 41.72645581944, 41.71146292574, 41.72639968711, 102.97108109, -0.202474340054, 0.2002883730051, 0, 1, 49.99674763669, 50, 49.99673376072, -8.353467319092e-06, 0, 0, 0, 0, 0, 0, 0, 0, 102.9727071839, 100.0227419366, 102.9723615025, 100.0224054954, 102.97108109, 100.022573717, 102.9727083048, 100.0227419376, 0, 102.9723625842, 100.0224054964, -0.0125408132862, 0, -0.2148510752705, -0.01223914946508, 0.1875660197593, -0.01223914946508, 0.7767784962577, 0.7776633668158, -0.7976888224384, -0.7973365973581, -0.01045108266458, -0.009831998046388, 0.7770774048805, 0.7776679839325, 0, -0.7980192577041, -0.7973319800252, -5.551115123126e-17, -0, -0, 5.551115123126e-17, 0.002628000182484, 0.3940898851782, 0.3912347019148, 0.3940806586928, 0, 0.3912216503669, 0.3940991116636
7.45, 0.2074346149975, 0.1180225944572, -0.1949709937055, 0.1180874451365, 0.02630931668899, -0.0002075761381678, 0.0372960316882, -0.001892826431489, 0, 0, 1000, 0, -971.527194498, 7526.396474481, 3131.528161052, 7533.259563534, 3133.938941511, 33.87768716275, 16.80852944129, 15.97804839927, 40.01716866721, -242.918707628, -1.496093167966, 242.2483844532, -1.664746772362, 5403.399231698, 3965.995960997, 5411.332140315, 3975.706053845, 3, 1.384296000024, 50.05418578632, -1.397535511387, -49.76333268223, -1.435689279281, 0.2726456472838, -1.358648501328, 0.3459190156758, 0, 0, 0.2166647307058, -0, -0, -0, -0, -0, 0.2166647280884, 0.003368391312856, 0, 0, 0, 0, 0, 0.0007036632096202, 0.003368415396728, -0.04339265618427, 0.0007036581784907, 0.04877457538865, 0.0007036581784907, 41.8522757642, 41.86714870153, 41.85210387072, 41.86709285734, 103.3182806098, -0.2050829324755, 0.1976801887365, 0, 1, 49.99679708784, 50, 49.99679002197, -1.262414796914e-05, 0, 0, 0, 0, 0, 0, 0, 0, 103.3199092237, 100.3699432404, 103.3195588391, 100.3696032153, 103.3182806098, 100.3697732268, 103.3199103485, 100.3699432394, 0, 103.3195599139, 100.3696032143, -0.01258011019667, 0, -0.21750041002, -0.01236952489087, 0.1849170598215, -0.01236952489087, 0.7767072229601, 0.7776026059165, -0.7977601060988, -0.7973973574985, -0.01052297567561, -0.009902215669352, 0.7770035215107, 0.7775977659193, 0, -0.7980931412718, -0.7974021972581, 5.551115123126e-17, -0, -0, 5.551115123126e-17, 0.002628065413622, 0.3940899382025, 0.3912361443097, 0.3940996096097, 0, 0.3912203121504, 0.3940802667953
7.475, 0.2049512674231, -0.00194751264429, -0.1974715289847, -0.001947494214936, -0.0034766980571, -0.0004897464752775, 0.02539609970651, -0.001711045399113, 0, 0, 1000, 0, -1000, 7526.123735188, 3132.97011448, 7533.509343911, 3132.578779803, 22.12653108645, 31.47590008175, 28.0191528996, 27.02875491456, -243.5693339172, -3.543103673626, 241.6651909177, -3.781305938574, 5402.93894001, 3946.735634792, 5411.709984928, 3994.736105988, 3, -0.4403135865515, -2.041683063481, 0.4504850768092, 0.6900671289653, -1.438579559289, 0.3078894372188, -1.356054092839, 0.3121654555829, 0, 0, 0.2166502297488, -0, -0, -0, -0, -0, 0.2166502289933, 0.003633940714225, 0, 0, 0, 0, 0, 0.00347845958662, 0.003633966693287, -0.04330551276746, 0.003478434719271, 0.04886399046414, 0.003478434719271, 41.99291767425, 42.00784223854, 41.99274683869, 42.00778578244, 103.6654809253, -0.2031089482793, 0.1996556909308, 0, 1, 49.99684684084, 50, 49.99687812883, 0.0001710400286029, 0, 0, 0, 0, 0, 0, 0, 0, 103.6671086036, 100.7171468492, 103.6667598876, 100.7168000624, 103.6654809253, 100.7169734506, 103.6671097161, 100.7171468439, 0, 103.6667609757, 100.7168000572, -0.01261479607328, 0, -0.2155614372161, -0.01261550457951, 0.1868575651688, -0.01261550457951, 0.7766331298139, 0.7775526558408, -0.7978341961645, -0.7974473088835, -0.0105959998846, -0.009971251789475, 0.7769288340531, 0.7775287276702, 0, -0.7981678411892, -0.7974712312492, -5.551115123126e-17, -0, 5.551115123126e-17, -0, 0.002628295089872, 0.3940901668626, 0.3912370616753, 0.3941379760968, 0, 0.391219558952, 0.3940423576284
7.5, 0.1991897119628, -0.09419532928551, -0.2032224209614, -0.09415407765141, -0.0259474117918, -0.0004792378222743, 0.01532211957629, -0.002039885389713, 0, 0, 1000, 0, -1000, 7525.693028317, 3132.768098045, 7533.908902967, 3132.634468753, 16.88420257942, 40.52276638669, 33.07430018152, 17.29908018556, -243.6255260437, -3.322448783196, 241.5410800643, -3.665186757914, 5403.062611426, 3947.520148904, 5411.531010502, 3996.226307538, 3, -1.657410328928, -40.72752790566, 1.641314185558, 40.53008374621, -1.443128552489, 0.302927864583, -1.351883888473, 0.3142733327634, 0, 0, 0.2166291889643, -0, -0, -0, -0, -0, 0.2166291869303, 0.003942174291056, 0, 0, 0, 0, 0, 0.003529598771927, 0.003942202468208, -0.04339781199429, 0.003529573543888, 0.04878715148775, 0.003529573543888, 42.13355850715, 42.14853609308, 42.13339127338, 42.14847883105, 104.0126817053, -0.1981941709262, 0.2045698512991, 0, 1, 49.99690399234, 50, 49.99690491804, -1.917217167801e-05, 0, 0, 0, 0, 0, 0, 0, 0, 104.0143065203, 101.0643480444, 104.0139632383, 101.0640000536, 104.0126817053, 101.0641740436, 104.0143076101, 101.064348039, 0, 104.0139643529, 101.0640000482, -0.01267897671448, 0, -0.2107104713277, -0.01265930319769, 0.1917078893421, -0.01265930319769, 0.7765572829002, 0.7774802844124, -0.7979099487172, -0.7975196801324, -0.01066936719706, -0.0100439747301, 0.7768536172953, 0.7774560045538, 0, -0.7982430692932, -0.797543954014, -0, -0, -0, -0, 0.002628539072273, 0.3940879011881, 0.3912368148411, 0.3941364132982, 0, 0.3912199159217, 0.394039389078
7.525, 0.1955989891963, -0.1234510716041, -0.2068129424846, -0.1233807024173, -0.03238398184903, 8.455797282151e-05, -0.03835505192937, -0.004258530392622, 0, 0, -1000, 0, 1000, 7525.200594501, 3129.635607889, 7534.368320096, 3135.666268229, 17.71629411143, 40.45912641497, 32.21194937787, 16.25788136361, -243.1000321085, 1.362616622086, 242.0850977734, 1.192453751743, 5403.496901069, 3984.777187295, 5411.10952416, 3960.587127039, 3, -1.658955337994, -52.38748086454, 1.63481798996, 52.90899489821, -1.448328490291, 0.2250888133617, -1.347083588984, 0.3901143645071, 0, 0, 0.2166136781463, -0, -0, -0, -0, -0, 0.2166136928478, 0.004248512581677, 0, 0, 0, 0, 0, -0.001752985851506, 0.00424854294407, -0.0433205710463, -0.001752973323716, 0.04886857552432, -0.001752973323716, 42.27420089233, 42.289230254, 42.27403446306, 42.28917188088, 104.3598827975, -0.1964588935577, 0.2063074394663, 0, 1, 49.99695955258, 50, 49.99694542197, -7.600847444567e-05, 0, 0, 0, 0, 0, 0, 0, 0, 104.3615075099, 101.4115439267, 104.361164215, 101.4112058403, 104.3598827975, 101.4113748861, 104.3615085893, 101.4115439293, 0, 104.3611653409, 101.4112058429, -0.01278589722244, 0, -0.2090824048674, -0.01229899886789, 0.1933382755655, -0.01229899886789, 0.7764817836196, 0.7773638668127, -0.7979854346682, -0.7976360976379, -0.01074352741038, -0.01012405828128, 0.7767775899652, 0.7773759232069, 0, -0.7983191118948, -0.7976240397695, -0, 5.551115123126e-17, -0, 5.551115123126e-17, 0.00262872575329, 0.3940862903391, 0.3912359501217, 0.3940621966536, 0, 0.3912207550618, 0.3941103840246
7.55, 0.1955212300626, -0.1123553489597, -0.2069052737839, -0.1122971184959, -0.0300235605908, 0.0001768732416107, -0.03760500831604, -0.003968362066401, 0, 0, -1000, 0, 1000, 7525.092129513, 3129.159101433, 7534.455863167, 3136.291356963, 19.50076347051, 39.48707984799, 30.5886702237, 18.02694567482, -242.8672839213, 1.990851773372, 242.3438382557, 1.822684530962, 5403.900688841, 3991.065638769, 5410.756840673, 3952.695419598, 3, -1.465897622199, -48.25589873454, 1.470451836266, 47.67144986971, -1.449502124287, 0.2120306128871, -1.346182528938, 0.4059159987718, 0, 0, 0.2166163984309, -0, -0, -0, -0, -0, 0.216616425825, 0.004270469445181, 0, 0, 0, 0, 0, -0.002780582214114, 0.004270499965257, -0.04334746710398, -0.002780562342061, 0.04884703922467, -0.002780562342061, 42.4148440631, 42.42992373312, 42.41467711757, 42.42986584206, 104.7070840468, -0.1959631826709, 0.2068040806322, 0, 1, 49.99701489005, 50, 49.99703280671, 0.0001507884052636, 0, 0, 0, 0, 0, 0, 0, 0, 104.7087094122, 101.7587451053, 104.7083648439, 101.7584074126, 104.7070840468, 101.7585762631, 104.7087104901, 101.7587451094, 0, 104.7083659719, 101.7584074167, -0.01285945289676, 0, -0.2086601423607, -0.01228467918974, 0.1937614438344, -0.01228467918974, 0.7764038464471, 0.7772810904486, -0.7980633449249, -0.797718875204, -0.01082118400788, -0.01019976730563, 0.7766998358467, 0.777300213666, 0, -0.7983968756912, -0.7976997482773, -0, -0, -0, -0, 0.002628811178204, 0.394087886928, 0.3912351456249, 0.3940496695783, 0, 0.3912214577437, 0.3941261042777
7.575, 0.1970904087604, -0.02307111309127, -0.2053381261767, -0.02306873120655, -0.008456698739015, 0.0002367653916173, -0.02843414628009, -0.0008639587773806, 0, 0, -1000, 0, 1000, 7524.953423084, 3128.599903907, 7534.588132663, 3136.961976459, 24.76381658819, 29.68811655356, 25.33423027001, 27.96192704774, -242.8059384169, 2.505365933667, 242.4463019307, 2.312918210637, 5403.410128885, 3996.942396315, 5411.271594363, 3944.952301544, 3, -0.183150806838, -10.32384126643, 0.1911059555905, 9.602167029276, -1.450993261712, 0.1972127515129, -1.344811433246, 0.4228892862094, 0, 0, 0.2166308787661, -0, -0, -0, -0, -0, 0.2166309219678, 0.004439631162935, 0, 0, 0, 0, 0, -0.003767576417329, 0.004439662896213, -0.04305056195104, -0.003767549487897, 0.04914494315102, -0.003767549487897, 42.55548876849, 42.57061749055, 42.55531853271, 42.57055991753, 105.0542855597, -0.1989311876976, 0.2038366928157, 0, 1, 49.99707243132, 50, 49.99709261863, 0.0001508642935762, 0, 0, 0, 0, 0, 0, 0, 0, 105.0559141719, 102.1059466485, 105.0555633074, 102.105609291, 105.0542855597, 102.1057779753, 105.0559152581, 102.1059466541, 0, 105.0555644243, 102.1056092965, -0.01294351334424, 0, -0.2117133403134, -0.01227248596523, 0.1907088361955, -0.01227248596523, 0.7763285996416, 0.7771995146424, -0.7981385887862, -0.7978004526324, -0.0108973077168, -0.01027455517381, 0.7766225623617, 0.7772254250586, 0, -0.7984741528398, -0.7977745354062, -0, -0, 5.551115123126e-17, -0, 0.002628847463394, 0.3940897454649, 0.3912361243643, 0.3940379625021, 0, 0.3912204305989, 0.3941415284277
7.6, 0.1963402040834, -0.02291638394701, -0.2061061975228, -0.02291409486179, -0.007234867596828, 0.0002634615854601, -0.02796105631584, -0.003162056949907, 0, 0, -1000, 0, 1000, 7524.961319949, 3129.249991598, 7534.566761925, 3136.547881049, 27.33644587785, 29.93384075958, 23.02554905176, 28.54427876467, -242.4206270391, 2.38907863948, 242.815909513, 2.192087779931, 5403.582880424, 3989.093206772, 5411.05915847, 3950.97113065, 3, -0.001105251015529, -10.91256256472, 0.04561347794216, 8.032166851647, -1.450946320867, 0.2137957780873, -1.345051942846, 0.4108622483054, 0, 0, 0.2166194148877, -0, -0, -0, -0, -0, 0.2166194425514, 0.004404138042837, 0, 0, 0, 0, 0, -0.002762599983572, 0.004404169519088, -0.04313274151373, -0.002762580239483, 0.04906528268436, -0.002762580239483, 42.69613199766, 42.7113127475, 42.6959618294, 42.71125280808, 105.4014877702, -0.1978382972744, 0.2049303875622, 0, 1, 49.9971300059, 50, 49.99720115089, 0.0004016499250641, 0, 0, 0, 0, 0, 0, 0, 0, 105.4031163392, 102.4531509894, 105.4027654018, 102.4528096187, 105.4014877702, 102.4529803081, 105.4031174221, 102.4531509935, 0, 105.402766523, 102.4528096228, -0.01300243920872, 0, -0.2106790658414, -0.01241847548634, 0.1917439237071, -0.01241847548634, 0.7762495998382, 0.7771327577745, -0.798217578917, -0.7978672070614, -0.01097600860734, -0.01034822307708, 0.7765441234665, 0.7771517575101, 0, -0.7985525993875, -0.7978482036642, -5.551115123126e-17, 5.551115123126e-17, 5.551115123126e-17, -0, 0.00262898345155, 0.3940915689269, 0.3912357798158, 0.3940535987317, 0, 0.391220854244, 0.3941295391222
7.625, 0.2008918227687, 0.08118854636893, -0.2015102352965, 0.08122016795481, 0.01894506604523, 0.00069873805496, -0.01695238622815, 0.0006516911814641, 0, 0, -1000, 0, 1000, 7525.175714857, 3127.540788548, 7534.335596617, 3138.111931942, 30.39768332321, 17.92328021772, 19.46633064699, 40.7095102757, -241.6530725927, 6.027608872249, 243.5653873008, 5.259769511772, 5405.163299852, 4013.424569993, 5409.409770277, 3929.076434848, 3, 1.672128574668, 36.32646616099, -1.714172618668, -34.58384200491, -1.448730658703, 0.1722407125292, -1.347493741386, 0.4497576841693, 0, 0, 0.2165945387838, -0, -0, -0, -0, -0, 0.2165946249674, 0.00398003367559, 0, 0, 0, 0, 0, -0.006112472860601, 0.003980062114246, -0.04302783143506, -0.006112429185239, 0.04918261979982, -0.006112429185239, 42.83677904495, 42.85200751536, 42.83660175517, 42.85194671439, 105.7486905763, -0.2056177550556, 0.1971502008677, 0, 1, 49.99719016056, 50, 49.99713977445, -0.0003506919248481, 0, 0, 0, 0, 0, 0, 0, 0, 105.750325379, 102.8003511176, 105.7499616404, 102.8000146268, 105.7486905763, 102.8001828812, 105.7503264996, 102.8003511266, 0, 105.7499627182, 102.8000146358, -0.01307171305518, 0, -0.2185282689301, -0.01224095337751, 0.1838939833166, -0.01224095337751, 0.7761696323476, 0.777027999445, -0.7982974640427, -0.7979719735728, -0.01105936893257, -0.01042994484134, 0.7764634371027, 0.777070032705, 0, -0.7986332886685, -0.7979299223877, -0, -5.551115123126e-17, -5.551115123126e-17, -5.551115123126e-17, 0.002629164479157, 0.3940891401829, 0.3912326321094, 0.3940051280966, 0, 0.3912241391897, 0.3941731522692
7.65, 0.2042134964861, 0.0983345342274, -0.1981991119447, 0.09838014303566, 0.02207981400948, 0.0003675037745343, -0.01481477128836, -0.002298428036358, 0, 0, -1000, 0, 1000, 7525.789976935, 3129.091645797, 7533.694552826, 3136.455150642, 34.11613477346, 17.08464376155, 15.86160764052, 40.14500096786, -241.5997439251, 2.641596047421, 243.5485263647, 2.401852580976, 5405.77108263, 3998.857413898, 5408.77705427, 3946.345777028, 3, 1.672438909384, 42.03646974887, -1.684725715175, -42.21249095788, -1.442316177851, 0.2107506413861, -1.354238051614, 0.4092961206228, 0, 0, 0.216557545488, -0, -0, -0, -0, -0, 0.2165575838756, 0.003415162160241, 0, 0, 0, 0, 0, -0.003805371092586, 0.003415186554369, -0.0435148474264, -0.003805343911423, 0.04870563510359, -0.003805343911423, 42.977422677, 42.99270125197, 42.97724549959, 42.99264195165, 106.0958939375, -0.2041871922158, 0.1985807477615, 0, 1, 49.99725402322, 50, 49.99725369033, -5.111969773588e-05, 0, 0, 0, 0, 0, 0, 0, 0, 106.0975280692, 103.1475578392, 106.0971651684, 103.1472140772, 106.0958939375, 103.147385964, 106.0975291952, 103.1475578449, 0, 106.097166244, 103.147214083, -0.01309767396225, 0, -0.2171218448864, -0.01250546759815, 0.1853004120941, -0.01250546759815, 0.7760856552041, 0.7769696077665, -0.7983813847925, -0.7980303581921, -0.01114364959409, -0.01050420165424, 0.7763827845333, 0.7769957778514, 0, -0.7987139535575, -0.7980041811599, -5.551115123126e-17, -5.551115123126e-17, -0, 5.551115123126e-17, 0.002629353166912, 0.3940864501359, 0.3912314188756, 0.3940341477088, 0, 0.3912254023619, 0.3941387525629
7.675, 0.206596504967, 0.07094115590178, -0.1958165304037, 0.07096470444867, 0.01522154276597, -0.0002715268432484, 0.03347460911712, 0.0002147044763491, 0, 0, 1000, 0, -1000, 7526.430846741, 3132.664820205, 7533.035573061, 3132.897423547, 28.25290852632, 22.68274519928, 21.76016272434, 34.61096551414, -242.5496606076, -2.519890611406, 242.6904777313, -2.692919670981, 5404.808226712, 3956.783683747, 5409.793145252, 3989.012367691, 3, 0.9300393737498, 30.35364049275, -0.946080226844, -29.75043840225, -1.435619825176, 0.3002260018895, -1.361176226099, 0.3201358493265, 0, 0, 0.2165416891468, -0, -0, -0, -0, -0, 0.216541686785, 0.003059567383105, 0, 0, 0, 0, 0, 0.002335522362741, 0.003059589234059, -0.0436449555168, 0.002335505682924, 0.04857460335452, 0.002335505682924, 43.11806726418, 43.13339643707, 43.11788856138, 43.13333609839, 106.4430974647, -0.2053342020442, 0.1974361487004, 0, 1, 49.99731273962, 50, 49.99729812504, -7.758707980577e-05, 0, 0, 0, 0, 0, 0, 0, 0, 106.4447325205, 103.4947686087, 106.4443675512, 103.4944099954, 106.4430974647, 103.4945892984, 106.4447336558, 103.4947686051, 0, 106.4443686173, 103.4944099918, -0.01309484856063, 0, -0.2182655585657, -0.01304573204949, 0.184159137701, -0.01304573204949, 0.7760056684519, 0.7769435679641, -0.7984613897665, -0.7980563925178, -0.01122489882076, -0.01057247610827, 0.7763036876272, 0.7769275028242, 0, -0.7987930621342, -0.7980724550408, -0, -5.551115123126e-17, -0, 5.551115123126e-17, 0.002629420538387, 0.3940858601791, 0.391233336239, 0.3941179604619, 0, 0.3912233790365, 0.3940537598964
7.7, 0.2065523380189, 0.04272948245901, -0.1958854607965, 0.04273797909044, 0.00797557772257, -0.000346237620491, 0.030253179247, -0.001293599718422, 0, 0, 1000, 0, -1000, 7526.559892665, 3132.717786937, 7532.907113768, 3133.020945007, 23.48308257521, 26.2259584293, 26.78436913283, 31.90499908175, -243.1366859987, -2.649844238621, 242.1111244182, -2.836308704407, 5404.412404039, 3956.402836056, 5410.276464955, 3986.935235087, 3, 0.3569594652608, 17.16363968288, -0.3277597647185, -18.45858783208, -1.434289018607, 0.3007266247681, -1.362550438031, 0.3230145928982, 0, 0, 0.2165577031182, -0, -0, -0, -0, -0, 0.2165577006134, 0.003023128379031, 0, 0, 0, 0, 0, 0.002212597353578, 0.003023149972936, -0.0436312574411, 0.002212581549328, 0.04858675355173, 0.002212581549328, 43.25871174309, 43.27409106016, 43.25853195547, 43.27403107486, 106.7903010388, -0.2059976886569, 0.1967731052683, 0, 1, 49.99737419093, 50, 49.99741268879, 0.0002853619688057, 0, 0, 0, 0, 0, 0, 0, 0, 106.7919373021, 103.8419729158, 106.7915701355, 103.8416133363, 106.7903010388, 103.8417931226, 106.7919384407, 103.8419729123, 0, 106.7915711978, 103.8416133328, -0.01313738425199, 0, -0.2189716254883, -0.01308088277849, 0.183453494419, -0.01308088277849, 0.7759282461006, 0.7768672534149, -0.7985388251276, -0.7981327067127, -0.01130259312902, -0.01064794509092, 0.7762261723283, 0.7768520337985, 0, -0.7988705796548, -0.7981479239803, -0, -0, 5.551115123126e-17, -0, 0.002629355493406, 0.3940883084002, 0.3912341248014, 0.3941187191562, 0, 0.3912224161783, 0.3940578976443
7.725, 0.1977128992923, -0.09177969324432, -0.2047162995339, -0.09174033086814, -0.02457255720116, -0.0004455058076495, 0.01532416748632, -0.002162701624005, 0, 0, 1000, 0, -1000, 7526.437584786, 3132.827074217, 7533.056076258, 3132.692782678, 15.96722804259, 40.01421793068, 34.01528729541, 17.63038097813, -243.7350011141, -2.927462556707, 241.4320269389, -3.209839579575, 5404.27998076, 3952.502279245, 5410.444228223, 3990.554100915, 3, -1.516414430923, -39.91677516021, 1.527053836308, 39.38237482361, -1.435593571151, 0.3041481077137, -1.361012951439, 0.3154863594083, 0, 0, 0.2166059744395, -0, -0, -0, -0, -0, 0.2166059728514, 0.003169827451899, 0, 0, 0, 0, 0, 0.00275750883799, 0.003169850103756, -0.0440318204454, 0.002757489132738, 0.04819029175606, 0.002757489132738, 43.39935248072, 43.41478656382, 43.3991793797, 43.41472558586, 107.1375047065, -0.1978112025448, 0.2049563713155, 0, 1, 49.99744284768, 50, 49.99746115117, 0.0001680412561724, 0, 0, 0, 0, 0, 0, 0, 0, 107.1391359727, 104.1891779484, 107.1387794595, 104.1888162686, 107.1375047065, 104.1889971042, 107.139137079, 104.1891779441, 0, 107.1387805598, 104.1888162643, -0.01317986023166, 0, -0.210826006193, -0.01315728741753, 0.1915958022396, -0.01315728741753, 0.7758488338488, 0.7767967936087, -0.7986181996772, -0.7982031666876, -0.01137844207348, -0.01072215294471, 0.7761494955934, 0.7767778253794, 0, -0.7989472466956, -0.7982221312688, -0, -0, -0, -5.551115123126e-17, 0.002629205161649, 0.3940885888064, 0.3912343865003, 0.3941264890271, 0, 0.3912220842748, 0.3940506885856
7.75, 0.197562949929, -0.09352956578948, -0.2048624084198, -0.09348870184871, -0.02526255493819, -0.0003761817826151, 0.01430887324496, 0.001030783779553, 0, 0, 1000, 0, -954.3888232641, 7526.182094714, 3132.117837923, 7533.325733209, 3133.376724089, 15.16405887006, 39.6037590099, 34.84093568702, 17.55741458208, -243.8509609214, -2.186693218308, 241.2946858793, -2.398036471358, 5403.802689171, 3958.982912847, 5410.889337017, 3983.037385319, 3, -1.571066939692, -40.45347290018, 1.571668936139, 40.41093632792, -1.438297449373, 0.2862904630176, -1.358208887819, 0.332828801688, 0, 0, 0.2166313746585, -0, -0, -0, -0, -0, 0.2166313705386, 0.00343560791876, 0, 0, 0, 0, 0, 0.001743160186917, 0.003435632475665, -0.04380620941147, 0.001743147727314, 0.04841381275857, 0.001743147727314, 43.53999727555, 43.55548153118, 43.53982313257, 43.55542089205, 107.484709067, -0.1983707697107, 0.2043970199686, 0, 1, 49.99750436529, 50, 49.9975071858, 5.081704148942e-05, 0, 0, 0, 0, 0, 0, 0, 0, 107.4863416284, 104.536381721, 107.4859828659, 104.5360213977, 107.484709067, 104.5362015566, 107.4863427322, 104.5363817183, 0, 107.4859839678, 104.536021395, -0.01323678839304, 0, -0.2114433386308, -0.01310793942709, 0.1909786533435, -0.01310793942709, 0.7757735804088, 0.7767137252479, -0.7986934629219, -0.7982862342642, -0.01145351524552, -0.01079824415933, 0.7760727023327, 0.7767017348678, 0, -0.7990240354213, -0.7982982231865, -5.551115123126e-17, -0, -0, -0, 0.002629187797566, 0.3940896210346, 0.3912353384609, 0.3941135796725, 0, 0.3912211963176, 0.3940656623967
7.775, 0.1960194584945, -0.1155960793831, -0.2063993365609, -0.1155339908474, -0.03015715974016, -8.180880777089e-05, -0.03613841403874, 0.0002097075177995, 0, 0, -913.7151493175, 0, 973.2509052444, 7525.727447035, 3130.384710982, 7533.780490884, 3134.986191868, 15.5573378324, 39.9585176176, 34.42546004019, 16.45989260659, -243.5962182444, 0.3073116370135, 241.5549008269, 0.131663520371, 5403.495653716, 3977.543605045, 5411.129211357, 3965.279377141, 3, -1.639104055835, -49.37619457381, 1.62403264474, 49.73229084191, -1.443092275402, 0.2435466804902, -1.353460155867, 0.3731368783319, 0, 0, 0.2166377563172, -0, -0, -0, -0, -0, 0.216637762172, 0.003824060017335, 0, 0, 0, 0, 0, -0.0008887542158559, 0.003824087352413, -0.04357279959583, -0.0008887478629238, 0.04864492926557, -0.0008887478629238, 43.68064181602, 43.69617740351, 43.6804675886, 43.69611572189, 107.8319140968, -0.1977640834249, 0.2050038713601, 0, 1, 49.99756908818, 50, 49.99755876708, -5.605988674843e-05, 0, 0, 0, 0, 0, 0, 0, 0, 107.8335471838, 104.8835842531, 107.8331874522, 104.8832287562, 107.8319140968, 104.8834065061, 107.833548279, 104.8835842545, 0, 107.8331885624, 104.8832287576, -0.01331286731423, 0, -0.2109136036488, -0.01293236280417, 0.1915085521432, -0.01293236280417, 0.7756982703284, 0.7766173598288, -0.7987687906313, -0.7983826002407, -0.01152796156682, -0.01087650726722, 0.7759957989358, 0.776623472578, 0, -0.7991009407921, -0.7983764871125, -0, -0, -0, 5.551115123126e-17, 0.002629277963558, 0.3940888216835, 0.3912359513005, 0.394076606317, 0, 0.3912207171438, 0.3941010370499
7.8, 0.2015132466314, 0.08521187195659, -0.2008937146561, 0.08524618538055, 0.01934557953342, 0.0005048985339351, -0.01678142088402, 0.0001835570987684, 0, 0, -1000, 0, 1000, 7525.391072722, 3127.451063097, 7534.100998796, 3137.877052854, 30.62117753345, 17.42932391008, 19.29579486852, 40.62782750153, -242.5051117306, 4.954530098909, 242.7140905158, 4.390042516812, 5403.699694968, 4012.999672358, 5410.88553597, 3930.533161942, 3, 1.447545701258, 37.32586801094, -1.481776510539, -35.87522459869, -1.446648220988, 0.1703987219908, -1.350117223603, 0.4453508159816, 0, 0, 0.2166302219391, -0, -0, -0, -0, -0, 0.2166303054216, 0.004023111311356, 0, 0, 0, 0, 0, -0.005976116807148, 0.004023140067289, -0.04300815341313, -0.005976074092018, 0.04921513831552, -0.005976074092018, 43.82128999488, 43.83687272487, 43.8211088266, 43.83681150576, 108.1791197212, -0.2051502475075, 0.1976190464021, 0, 1, 49.99762867155, 50, 49.99759047361, -0.000220920630717, 0, 0, 0, 0, 0, 0, 0, 0, 108.1807590034, 105.2307847941, 108.180386783, 105.2304390394, 108.1791197212, 105.2306119258, 108.1807601227, 105.2307848031, 0, 108.1803878624, 105.2304390484, -0.01340074284784, 0, -0.2183898358209, -0.01257795942955, 0.1840336494477, -0.01257795942955, 0.775623345733, 0.7764996482841, -0.7988436812408, -0.7985003223318, -0.01160540116305, -0.01095923277968, 0.7759170183129, 0.7765407439611, 0, -0.7991797253789, -0.7984592095205, -5.551115123126e-17, -5.551115123126e-17, -5.551115123126e-17, -0, 0.002629423725757, 0.3940881125632, 0.3912355477571, 0.3940059746051, 0, 0.3912211992278, 0.3941702505214
7.825, 0.2054984960552, 0.09508067690995, -0.1969164897779, 0.09512316005376, 0.02111595572571, 0.0002084796278428, -0.01500507613058, -0.002191049395192, 0, 0, -1000, 0, 1000, 7525.453693136, 3129.213535914, 7534.021455338, 3136.081652648, 34.58274559874, 17.35867487874, 15.38803196063, 39.6229385888, -242.2255221073, 1.747423773023, 242.9184423826, 1.561432208829, 5403.889008616, 3991.645762878, 5410.688571994, 3952.426551248, 3, 1.442553623269, 40.3632639743, -1.449858445641, -40.73453297709, -1.446019461335, 0.2142275062047, -1.35096956665, 0.4008135368899, 0, 0, 0.2166243772696, -0, -0, -0, -0, -0, 0.2166244042151, 0.00394348997681, 0, 0, 0, 0, 0, -0.002842106318912, 0.003943518162113, -0.04309309564751, -0.002842086005667, 0.04913731712266, -0.002842086005667, 43.96193513499, 43.97756827522, 43.96175347836, 43.97750755182, 108.5263257622, -0.2043149872038, 0.1984538502725, 0, 1, 49.99769572836, 50, 49.99770414197, 5.090653376194e-05, 0, 0, 0, 0, 0, 0, 0, 0, 108.5279650165, 105.5779949767, 108.5275927757, 105.577641043, 108.5263257622, 105.5778180143, 108.5279661339, 105.5779949811, 0, 108.5275938581, 105.5776410474, -0.01342926012785, 0, -0.2175827702298, -0.01287549660971, 0.1848402409991, -0.01287549660971, 0.7755424473935, 0.7764478529424, -0.7989245383765, -0.7985521092273, -0.01168626173094, -0.01103257991795, 0.7758366997166, 0.7764673992292, 0, -0.799260051468, -0.7985325590651, -5.551115123126e-17, -0, -0, -0, 0.002629542961783, 0.3940875768915, 0.3912351702025, 0.3940485139318, 0, 0.3912215920423, 0.3941266398513
7.85, 0.2048264391753, 0.09285453580935, -0.1975890142598, 0.09289528478848, 0.02148986784755, 0.0002396463976017, -0.01491130143021, -0.001740348034702, 0, 0, -1000, 0, 1000, 7525.605142935, 3129.758705828, 7533.849253122, 3135.735430846, 34.68064094459, 17.46891403822, 15.31318948161, 39.45713016311, -241.9394030599, 1.757929990725, 243.2010477206, 1.568381543368, 5404.284202661, 3986.215226143, 5410.298914392, 3956.642939589, 3, 1.55536250719, 39.95200040892, -1.563804525291, -39.96727339394, -1.444458833123, 0.2281937774673, -1.352794870425, 0.3906124076284, 0, 0, 0.2166088499652, -0, -0, -0, -0, -0, 0.2166088676521, 0.003763674637567, 0, 0, 0, 0, 0, -0.002143020701607, 0.00376370153382, -0.0432290367153, -0.002143005387099, 0.04900765245648, -0.002143005387099, 44.10258044166, 44.11826514221, 44.10239831607, 44.11820252249, 108.8735323425, -0.2042141210321, 0.1985557072552, 0, 1, 49.99775854848, 50, 49.99775747717, -1.356956538274e-05, 0, 0, 0, 0, 0, 0, 0, 0, 108.8751719697, 105.9252031447, 108.8747987656, 105.9248461317, 108.8735323425, 105.9250246416, 108.8751730903, 105.925203148, 0, 108.8747998455, 105.9248461351, -0.01346829997743, 0, -0.2175204412151, -0.0129875141096, 0.184903561668, -0.0129875141096, 0.7754602971491, 0.7763749568385, -0.7990066551757, -0.7986250038002, -0.01176865362592, -0.01111028357543, 0.7757554771248, 0.7763896956423, 0, -0.7993412835705, -0.7986102627931, -0, -0, -0, -0, 0.002629669312288, 0.3940887864119, 0.3912343822644, 0.3940593319432, 0, 0.3912223690106, 0.3941182408805
7.875, 0.205464343845, 0.1037355263863, -0.1969454163194, 0.1037863116151, 0.02442048086933, 9.495575925605e-05, 0.02173183910716, 0.009555948188117, 0, 0, 495.5076959125, 0, -315.552453514, 7526.14868458, 3131.409128366, 7533.286530157, 3134.25004005, 37.54121743922, 17.32379901389, 12.44106029402, 38.9562540174, -241.5118256129, 0.0166199563455, 243.5509093038, -0.1701968031681, 5405.726942743, 3970.446003506, 5408.851934054, 3971.891839269, 3, 1.633293156919, 45.13078036221, -1.654363900148, -44.177096558, -1.438782928604, 0.2693068433307, -1.358719165854, 0.3526856612141, 0, 0, 0.2165854880478, -0, -0, -0, -0, -0, 0.216585487606, 0.003137013358845, 0, 0, 0, 0, 0, 0.0001047756643214, 0.00313703577197, -0.04379676588451, 0.0001047749157326, 0.04844451495109, 0.0001047749157326, 44.24322526656, 44.25896153008, 44.24304401922, 44.25889846907, 109.2207394565, -0.202378760402, 0.2003925302366, 0, 1, 49.99782219918, 50, 49.99779516162, -0.0001837206652008, 0, 0, 0, 0, 0, 0, 0, 0, 109.2223778701, 106.2724136793, 109.2220067659, 106.2720499008, 109.2207394565, 106.2722317899, 109.2223789959, 106.2724136791, 0, 109.222007844, 106.2720499006, -0.01347589300739, 0, -0.2156905334629, -0.01323363314826, 0.186734951446, -0.01323363314826, 0.7753730252054, 0.7763125042975, -0.7990939062418, -0.7986874536941, -0.01185614089919, -0.01118819535652, 0.7756720796334, 0.7763117836366, 0, -0.7994246918899, -0.7986881743497, -0, -0, -0, -0, 0.002629796990189, 0.3940893049368, 0.3912315053369, 0.3940907450123, 0, 0.3912252547106, 0.3940878648614
7.9, 0.1989722551133, -0.09454430407058, -0.2034532347917, -0.09450286252573, -0.02461186281001, -0.0002585493911592, 0.01520035109638, -0.001904013869749, 0, 0, 1000, 0, -1000, 7526.728770375, 3132.863952553, 7532.699899267, 3132.600314953, 16.71967670234, 40.19550557554, 33.3629776847, 17.16680841065, -242.7512738955, -2.182544870786, 242.4189267749, -2.40216231425, 5406.479117971, 3955.838900623, 5408.110060763, 3988.61874768, 3, -1.309585437053, -40.47837022112, 1.307122972802, 40.38238027648, -1.432717221819, 0.3061592892751, -1.364896259444, 0.3121476009751, 0, 0, 0.2165793552504, -0, -0, -0, -0, -0, 0.2165793545279, 0.002593223646432, 0, 0, 0, 0, 0, 0.002375463614068, 0.002593242173275, -0.04444194503477, 0.002375446643096, 0.0478034968183, 0.002375446643096, 44.38386903932, 44.39965813585, 44.38369113483, 44.39959450467, 109.567946849, -0.1985986225364, 0.2041724405705, 0, 1, 49.99788470435, 50, 49.9978863508, 2.071469461237e-06, 0, 0, 0, 0, 0, 0, 0, 0, 109.5695827329, 106.619624083, 109.5692166025, 106.6192536336, 109.567946849, 106.6194388545, 109.5695838553, 106.6196240792, 0, 109.5692176878, 106.6192536298, -0.01348475895763, 0, -0.2119168018867, -0.01347631056356, 0.190508449587, -0.01347631056356, 0.7752860923704, 0.7762503323933, -0.799180815827, -0.7987496253943, -0.01194219314482, -0.01126598510487, 0.7755895511421, 0.7762339924353, 0, -0.7995072256805, -0.7987659626451, -0, -0, -5.551115123126e-17, -0, 0.002629842209609, 0.3940871932387, 0.391230003588, 0.3941198424887, 0, 0.3912267362216, 0.3940545439887
7.925, 0.1964770183649, -0.1194746324134, -0.2059532010617, -0.1194081966391, -0.03047906409759, 0.0001416152279787, -0.03835242476359, -0.004570937608554, 0, 0, -1000, 0, 1000, 7526.770443286, 3129.835233594, 7532.661207161, 3135.512851075, 18.75950216305, 40.28459935296, 31.35298510161, 17.08305969198, -242.9674069913, 1.75818740305, 242.241916039, 1.591600685145, 5405.504373595, 3992.499411976, 5409.12749426, 3952.515375333, 3, -1.493859903667, -51.33829495874, 1.499028626394, 51.0223908148, -1.432296410624, 0.2308968843015, -1.365330210859, 0.385163476874, 0, 0, 0.2165910898879, -0, -0, -0, -0, -0, 0.2165911125989, 0.002712704598925, 0, 0, 0, 0, 0, -0.002897531037089, 0.002712723981479, -0.0444978646526, -0.002897510334074, 0.04774263259268, -0.002897510334074, 44.5245138084, 44.54035466225, 44.52433754289, 44.54029093457, 109.9151544758, -0.196235098159, 0.2065371365888, 0, 1, 49.99794969965, 50, 49.99796074717, 9.884526413665e-05, 0, 0, 0, 0, 0, 0, 0, 0, 109.9167896787, 106.9668265363, 109.916425069, 106.9664663622, 109.9151544758, 106.9666464538, 109.9167907904, 106.9668265409, 0, 109.9164261659, 106.9664663668, -0.01356242562366, 0, -0.2096307066695, -0.01310251293972, 0.1927957167165, -0.01310251293972, 0.7752066949009, 0.776129975983, -0.7992602499679, -0.7988699848483, -0.01202040013679, -0.01135007504012, 0.7755105370558, 0.7761499033616, 0, -0.7995862424986, -0.7988500534418, 5.551115123126e-17, -0, 5.551115123126e-17, -0, 0.002629806586172, 0.3940866381541, 0.3912319450129, 0.3940468134165, 0, 0.3912247098089, 0.3941264628918
7.95, 0.2036803249088, 0.09138875884609, -0.1987451719501, 0.09142773469466, 0.02107284990369, 0.0003397459838055, -0.01604272799337, -0.001361648272958, 0, 0, -1000, 0, 1000, 7526.623573416, 3128.470589176, 7532.821165232, 3136.894681553, 32.15784088277, 17.17013547554, 17.89110981477, 40.54522123961, -242.6900047423, 3.481057969467, 242.5128614218, 3.152774204105, 5404.1351242, 4006.889510826, 5410.549401856, 3936.498034482, 3, 1.42523967376, 38.94467938798, -1.421970772173, -38.75757451838, -1.433851958638, 0.1966550562965, -1.363680436677, 0.419655109775, 0, 0, 0.2166220623148, -0, -0, -0, -0, -0, 0.2166221201084, 0.003008808651269, 0, 0, 0, 0, 0, -0.005101072943747, 0.003008830155666, -0.0437499167856, -0.005101036485872, 0.04849392149429, -0.005101036485872, 44.66516345419, 44.68105089174, 44.66497934909, 44.68098794024, 110.2623623166, -0.2048933232022, 0.1978775858854, 0, 1, 49.99801384893, 50, 49.99801454637, 6.924123471301e-05, 0, 0, 0, 0, 0, 0, 0, 0, 110.2640045343, 107.3140324726, 110.2636263205, 107.3136765105, 110.2623623166, 107.3138544995, 110.2640056728, 107.3140324806, 0, 110.2636273844, 107.3136765184, -0.01361756651169, 0, -0.2183469376933, -0.01294928739918, 0.184078097908, -0.01294928739918, 0.7751334567425, 0.7760355321236, -0.799333457028, -0.7989644338933, -0.0120966381069, -0.01142936525457, 0.775432193643, 0.7760706115119, 0, -0.7996645772183, -0.798929342021, 5.551115123126e-17, -0, 5.551115123126e-17, -0, 0.002629707837671, 0.3940882578552, 0.3912346765336, 0.3940181468233, 0, 0.3912218730165, 0.3941583688871
7.975, 0.20529706849, 0.09537013526664, -0.1971267258702, 0.09541267369796, 0.02246163190044, 9.925271863493e-05, -0.0100031896613, -0.002451402625882, 0, 0, -815.0961722614, 0, 810.3461627124, 7526.573187428, 3130.288754751, 7532.893253938, 3134.991675833, 35.08356847717, 17.43884685302, 14.87755186153, 39.31141389585, -242.4670977279, 0.9519986912029, 242.6791859383, 0.7846689449254, 5404.139612993, 3982.31777136, 5410.551433267, 3959.955639684, 3, 1.401613375296, 40.5560193365, -1.394841101505, -40.85804750725, -1.434396639432, 0.2429840448625, -1.362951331809, 0.3716407334399, 0, 0, 0.2166619217422, -0, -0, -0, -0, -0, 0.2166619323369, 0.003058349364332, 0, 0, 0, 0, 0, -0.001620520996993, 0.003058371230848, -0.04376444318024, -0.00162050941071, 0.04847533920636, -0.00162050941071, 44.80580919543, 44.82174813188, 44.80562539474, 44.82168420533, 110.609570512, -0.2036328397277, 0.1991369586874, 0, 1, 49.99808179618, 50, 49.99809326126, 0.000120076297892, 0, 0, 0, 0, 0, 0, 0, 0, 110.6112123111, 107.6612449619, 110.6108354833, 107.6608809955, 110.609570512, 107.6610629813, 110.6112134434, 107.6612449645, 0, 110.610836554, 107.6608809981, -0.01362102495475, 0, -0.2170898187152, -0.01324046970187, 0.1853340585206, -0.01324046970187, 0.7750535204503, 0.7759856081805, -0.7994134147341, -0.799014350395, -0.01217618862659, -0.01150322498938, 0.7753523565592, 0.7759967536684, 0, -0.7997444080163, -0.7990032036472, -0, 5.551115123126e-17, 5.551115123126e-17, -0, 0.002629610189679, 0.3940893689549, 0.3912346675161, 0.3940670959154, 0, 0.3912218690772, 0.3941116419944
8, 0.2047163858337, 0.09021854441915, -0.1977052074642, 0.09025697945728, 0.02201144383799, 0.0003399821965327, -0.01530118266342, -0.002118796450918, 0, 0, -1000, 0, 1000, 7526.616075784, 3129.655909862, 7532.857374104, 3135.660616969, 34.15147158491, 17.61725854225, 15.81385032045, 39.77521877377, -241.9127482828, 2.688084630035, 243.2503539919, 2.446486172417, 5405.526351239, 3991.211490003, 5409.103227196, 3950.223611419, 3, 1.568225202415, 38.68754085632, -1.565889538762, -39.28001650978, -1.433963115531, 0.2280341818811, -1.363353829843, 0.3872435284905, 0, 0, 0.2166709082802, -0, -0, -0, -0, -0, 0.2166709323074, 0.00281971202488, 0, 0, 0, 0, 0, -0.002970276663661, 0.002819732186865, -0.04390797134655, -0.00297025542523, 0.04833109870347, -0.00297025542523, 44.94645582456, 44.96244573879, 44.94627099081, 44.96238052572, 110.9567794988, -0.2046609780956, 0.1981086120032, 0, 1, 49.99814547867, 50, 49.998158896, 7.348803531674e-05, 0, 0, 0, 0, 0, 0, 0, 0, 110.958422376, 108.0084531268, 110.9580435166, 108.00809107, 110.9567794988, 108.0082721031, 110.9584235175, 108.0084531315, 0, 110.958044578, 108.0080910747, -0.01364557536449, 0, -0.2181419659589, -0.01317099873465, 0.1842816913269, -0.01317099873465, 0.7749705642582, 0.775893750645, -0.7994963739053, -0.799106209857, -0.01225976188287, -0.01158579968, 0.7752703782803, 0.7759141784547, 0, -0.7998263847558, -0.7990857778147, -0, -0, 5.551115123126e-17, -5.551115123126e-17, 0.002629656116763, 0.3940902035527, 0.3912319043403, 0.3940493789725, 0, 0.3912247547809, 0.3941310281329
8.025, 0.2064850081263, 0.1051605651688, -0.1959254164294, 0.1052125078458, 0.02524005636698, 0.0001541913435025, 0.01246647081369, 0.006271999721835, 0, 0, 107.3638322912, 0, 26.28375437663, 7527.174087049, 3131.067499238, 7532.280620521, 3134.306016135, 36.87029424436, 16.88743236585, 13.09986726994, 39.31671483597, -241.7033014312, 0.7516483811028, 243.3824794246, 0.5645671710783, 5406.672595159, 3978.485858485, 5407.884197001, 3963.794341235, 3, 1.63989278593, 45.49584454902, -1.662251073023, -44.79824230724, -1.428124316772, 0.2630149753462, -1.369432701981, 0.3532871430195, 0, 0, 0.2166408786626, -0, -0, -0, -0, -0, 0.2166408835465, 0.002218283249615, 0, 0, 0, 0, 0, -0.001064653070535, 0.002218299106765, -0.04442325094165, -0.001064645460035, 0.04781960383848, -0.001064645460035, 45.08710180786, 45.10314260255, 45.08691770312, 45.10307813287, 111.3039893734, -0.2032944453737, 0.1994771195042, 0, 1, 49.99820863377, 50, 49.99818541327, -0.0001859040602857, 0, 0, 0, 0, 0, 0, 0, 0, 111.3056310884, 108.3556655671, 111.3052541327, 108.3552980835, 111.3039893734, 108.355481827, 111.305632236, 108.3556655688, 0, 111.3052551908, 108.3552980852, -0.01363515929155, 0, -0.2167630833503, -0.01336841622415, 0.1856625819851, -0.01336841622415, 0.7748833185937, 0.7758271324622, -0.7995836038853, -0.7991728249385, -0.01234739458888, -0.01166552343982, 0.7751866493235, 0.7758344549886, 0, -0.7999101241863, -0.7991655018683, 5.551115123126e-17, -0, -5.551115123126e-17, -0, 0.002629847748918, 0.3940893622828, 0.3912296182744, 0.3940747292975, 0, 0.3912271860575, 0.3941039952681
8.05, 0.2072907653931, 0.1041373120353, -0.1951274474865, 0.1041876700697, 0.02376115839239, -0.0002063504830758, 0.03648348687959, -0.002630414970095, 0, 0, 1000, 0, -1000, 7527.552511812, 3132.354751869, 7531.878790887, 3132.971501236, 30.29836740313, 18.97879008623, 19.77725350831, 38.2987381859, -242.5901591441, -1.848671121008, 242.6270755667, -2.019692118555, 5405.830974098, 3964.778524566, 5408.691361999, 3979.631835164, 3, 1.325699855894, 43.98513458871, -1.33685953413, -44.07332665705, -1.424165050063, 0.2945465752405, -1.373678213345, 0.320822019078, 0, 0, 0.2166052732021, -0, -0, -0, -0, -0, 0.2166052717657, 0.002031929431193, 0, 0, 0, 0, 0, 0.001076377778326, 0.00203194395144, -0.04437920363811, 0.001076370086544, 0.04786608731771, 0.001076370086544, 45.22774954088, 45.24383938976, 45.22756308863, 45.24377603807, 111.6511997639, -0.2060818520134, 0.1966911708883, 0, 1, 49.99826719521, 50, 49.99826480339, -6.363171412272e-05, 0, 0, 0, 0, 0, 0, 0, 0, 111.6528433413, 108.7028782715, 111.6524621777, 108.702505309, 111.6511997639, 108.7026917885, 111.6528445025, 108.7028782697, 0, 111.6524632209, 108.7025053073, -0.01364012968093, 0, -0.2195556744333, -0.01356772992335, 0.1828714959788, -0.01356772992335, 0.7748022182924, 0.775764507711, -0.7996646986881, -0.7992354484078, -0.01242985893717, -0.0117428737507, 0.7751052495009, 0.7757571040308, 0, -0.799991535094, -0.7992428515322, 5.551115123126e-17, -0, -0, -0, 0.002630024240477, 0.394087240608, 0.3912312950429, 0.3941020347421, 0, 0.3912255778947, 0.394072446474
8.075, 0.2058772474715, -0.002814950916232, -0.1965549108292, -0.002814906478282, -0.00203883296969, -0.0004499346476635, 0.02538397806364, -0.001233755556133, 0, 0, 1000, 0, -1000, 7527.620664199, 3133.647438591, 7531.790812929, 3131.77040253, 23.81861403035, 31.37311910746, 26.38386306395, 26.98258057856, -243.2743680178, -3.465659937378, 241.9715514496, -3.698101851718, 5404.57618003, 3948.128794704, 5409.990820211, 3996.571961608, 3, -0.2967093904609, -2.098852800579, 0.3069875142439, 1.201879799158, -1.423458982703, 0.3270474905591, -1.374633649552, 0.2900533953823, 0, 0, 0.2165812659837, -0, -0, -0, -0, -0, 0.2165812725807, 0.002165150707975, 0, 0, 0, 0, 0, 0.00351054048755, 0.002165166176797, -0.04442836007161, 0.003510515406829, 0.0478194168845, 0.003510515406829, 45.36839508371, 45.38453772786, 45.36821095926, 45.38447282157, 111.99841044, -0.2028632703665, 0.1999108897287, 0, 1, 49.99832906854, 50, 49.99835120545, 0.0001159632874599, 0, 0, 0, 0, 0, 0, 0, 0, 112.0000517969, 109.050091602, 111.9996747436, 109.049713158, 111.99841044, 109.0499023742, 112.0000529424, 109.0500915962, 0, 111.999675804, 109.0497131522, -0.01364620450185, 0, -0.2163429767386, -0.01376713778259, 0.186085359647, -0.01376713778259, 0.7747221489156, 0.775705520839, -0.7997447627469, -0.7992944366506, -0.01250871101504, -0.01181860363321, 0.7750255177782, 0.7756813721553, 0, -0.8000712782611, -0.7993185794218, 5.551115123126e-17, -5.551115123126e-17, -0, -5.551115123126e-17, 0.002630103790194, 0.3940869506982, 0.3912337943718, 0.3941352008644, 0, 0.3912229895995, 0.3940387005321
8.1, 0.2061400738661, 0.005249843538106, -0.1962965666688, 0.005249956304521, -0.0007177358677121, -0.0004367195585838, 0.02606169854787, -0.001033054249128, 0, 0, 1000, 0, -1000, 7527.336972431, 3133.176000487, 7532.075712595, 3132.323019698, 22.65465035787, 30.40516769228, 27.54929883907, 27.71005094115, -243.5025823199, -3.126044602228, 241.7441834522, -3.340810316014, 5404.334551142, 3952.533680495, 5410.314321856, 3991.081857641, 3, -0.3316491548312, 1.295982911664, 0.3504263657904, -2.015072537581, -1.426445248361, 0.3144590167858, -1.371676044382, 0.3041847656573, 0, 0, 0.2165885931528, -0, -0, -0, -0, -0, 0.2165885946107, 0.002419814556634, 0, 0, 0, 0, 0, 0.002793478324557, 0.00241983184606, -0.04419566637556, 0.002793458365469, 0.04805213023418, 0.002793458365469, 45.50904249184, 45.52523483534, 45.50885719768, 45.52517108915, 112.3456211889, -0.2038344433934, 0.1989399279407, 0, 1, 49.99839152904, 50, 49.99841334736, 0.0001591807032216, 0, 0, 0, 0, 0, 0, 0, 0, 112.3472636849, 109.3973017882, 112.3468844523, 109.3969246805, 112.3456211889, 109.3971132298, 112.3472648297, 109.3973017836, 0, 112.3468855122, 109.3969246759, -0.01367806534152, 0, -0.2173468908748, -0.01371852615307, 0.18508164505, -0.01371852615307, 0.7746440018341, 0.7756208209263, -0.7998229103599, -0.7993791357995, -0.01258680626073, -0.01189837121619, 0.7749457821528, 0.7756016052748, 0, -0.8001510143407, -0.7993983477072, -0, -0, -0, -0, 0.002630036779468, 0.3940880318641, 0.391234276933, 0.3941264264629, 0, 0.3912223438447, 0.3940496372654
8.125, 0.2030652358193, -0.07695915095874, -0.1993676483566, -0.07693121701368, -0.02140056885756, -0.0006453596750323, 0.01716417450975, -0.0009928272647403, 0, 0, 1000, 0, -1000, 7526.947287345, 3133.891082219, 7532.483729072, 3131.697092517, 20.00340206782, 40.01875320397, 30.11299317501, 18.91683329737, -243.8860979056, -4.552205519872, 241.3438846547, -5.081702999746, 5403.711957771, 3940.67126098, 5410.97545828, 4001.091242816, 3, -1.586953224661, -33.78593280618, 1.599047629939, 33.54650109917, -1.430546510438, 0.3314820616931, -1.367422967224, 0.2889410403797, 0, 0, 0.2166093760985, -0, -0, -0, -0, -0, 0.21660938556, 0.002831345638154, 0, 0, 0, 0, 0, 0.004378466691817, 0.002831365871827, -0.04421254274702, 0.004378435402159, 0.04803695478799, 0.004378435402159, 45.64968743542, 45.66593248181, 45.64950618527, 45.66586917611, 112.6928322118, -0.1983344784285, 0.2044385231378, 0, 1, 49.99845355399, 50, 49.99846243531, 7.888010583959e-05, 0, 0, 0, 0, 0, 0, 0, 0, 112.6944713829, 109.7445148715, 112.6940990794, 109.7441341962, 112.6928322118, 109.7443245265, 112.6944724993, 109.7445148642, 0, 112.6941001703, 109.7441341889, -0.01370795214728, 0, -0.2118766928318, -0.01384831150123, 0.1905504343358, -0.01384831150123, 0.7745643787078, 0.77555547508, -0.7999025156454, -0.7994444835144, -0.01266375613116, -0.01197461982144, 0.7748662753279, 0.775525354877, 0, -0.8002305148003, -0.7994745945199, -0, -0, -0, -0, 0.002629923093046, 0.3940898768336, 0.3912355170695, 0.3941500560982, 0, 0.3912210269272, 0.394029697569
8.15, 0.1958026407338, -0.1152015011098, -0.2066195576531, -0.1151397745238, -0.02979524534642, 4.240470881991e-05, -0.03779284918885, -0.003127447959767, 0, 0, -1000, 0, 1000, 7526.172392057, 3129.821350062, 7533.279275823, 3135.588881562, 19.22546539636, 39.45154376274, 30.7103840201, 17.16467450227, -243.5464060782, 1.399209392349, 241.6819036023, 1.222103721193, 5403.388261056, 3986.416606128, 5411.27912083, 3956.23488548, 3, -1.663601548366, -48.99975093582, 1.65082020721, 49.78313071263, -1.438692404979, 0.2306100974143, -1.359100746333, 0.3865213609099, 0, 0, 0.2166254912854, -0, -0, -0, -0, -0, 0.2166255086131, 0.003482857362464, 0, 0, 0, 0, 0, -0.002187184684197, 0.003482882255745, -0.04393912902647, -0.002187169051682, 0.04830525231213, -0.002187169051682, 45.79033352593, 45.80663116185, 45.79015439952, 45.80656655757, 113.0400437431, -0.1956950539576, 0.2070778855101, 0, 1, 49.99851824616, 50, 49.99849791087, -0.0001219750323708, 0, 0, 0, 0, 0, 0, 0, 0, 113.0416821362, 110.0917194525, 113.0413116068, 110.0913525743, 113.0400437431, 110.0915360169, 113.0416832324, 110.091719456, 0, 113.0413127184, 110.0913525778, -0.01380840884206, 0, -0.2093387260161, -0.01334639365144, 0.1930883332018, -0.01334639365144, 0.7744867591248, 0.7754235430147, -0.7999801633598, -0.7995764154028, -0.01273914445542, -0.01206139251661, 0.7747867893371, 0.7754385855446, 0, -0.8003099939066, -0.7995613705778, 5.551115123126e-17, -0, -0, -0, 0.002629855430533, 0.3940889922511, 0.3912361633197, 0.3940589307764, 0, 0.3912204204818, 0.3941190537258
8.175, 0.196458381952, -0.07484717328295, -0.2059747868492, -0.0748212481806, -0.02037453433728, 0.0001411807674749, -0.03400438658693, -0.001172091268988, 0, 0, -1000, 0, 1000, 7525.720438986, 3129.239088151, 7533.733164209, 3136.267794079, 21.46131740504, 35.31790133928, 28.65241747276, 22.1745402806, -243.2776926429, 2.062293813108, 241.9654138308, 1.882521163218, 5403.485174236, 3992.344829632, 5411.130943057, 3950.13670472, 3, -1.053298921562, -32.41373459124, 1.060938746503, 31.80730780203, -1.443454997788, 0.2151053750898, -1.354357962445, 0.4038847322104, 0, 0, 0.2166095503211, -0, -0, -0, -0, -0, 0.2166095796603, 0.003806658231905, 0, 0, 0, 0, 0, -0.003058704481863, 0.003806685435507, -0.04362183352524, -0.003058682623529, 0.04862179449118, -0.003058682623529, 45.93098187825, 45.94732905924, 45.93080077083, 45.94726507521, 113.3872560457, -0.1973141053279, 0.2054589884245, 0, 1, 49.9985763433, 50, 49.9985891316, 4.483744979105e-05, 0, 0, 0, 0, 0, 0, 0, 0, 113.3888962021, 110.4389311761, 113.3885219312, 110.4385653721, 113.3872560457, 110.438748279, 113.3888972992, 110.438931181, 0, 113.3885230403, 110.438565377, -0.0138682810452, 0, -0.2110188718306, -0.01330731620491, 0.1914083697326, -0.01330731620491, 0.7744069732498, 0.7753366345229, -0.8000599540559, -0.7996633252412, -0.01281904779122, -0.01214230727138, 0.7747048366899, 0.7753576703664, 0, -0.8003919462503, -0.7996422849092, -5.551115123126e-17, -0, -0, -0, 0.002629916026124, 0.3940891612568, 0.3912359719211, 0.3940471212918, 0, 0.3912207138283, 0.3941312012218
8.2, 0.1967905975361, -0.005193950993262, -0.2056446839564, -0.005193853094941, -0.002643225522258, 0.000261484465869, -0.02606477004729, -0.001168171509947, 0, 0, -1000, 0, 1000, 7525.461263134, 3129.147104696, 7533.984352023, 3136.454308585, 27.60014004448, 27.58434600644, 22.55794140771, 30.12980731235, -242.656888387, 2.606167885307, 242.5902716699, 2.401216747494, 5403.708377447, 3992.842222516, 5410.884436535, 3949.896348837, 3, 0.1617038967477, -2.422233788796, -0.1498102578513, 1.568904164146, -1.446197232719, 0.2131175393528, -1.35173813235, 0.4076913901976, 0, 0, 0.216585280877, -0, -0, -0, -0, -0, 0.2165853116455, 0.003963924695357, 0, 0, 0, 0, 0, -0.003112167061637, 0.003963953016489, -0.04342683757618, -0.003112144826228, 0.04881600260536, -0.003112144826228, 46.0716303152, 46.08802810777, 46.07144742665, 46.08796276945, 113.7344688639, -0.1987421269115, 0.2040318312033, 0, 1, 49.99863604625, 50, 49.99865505255, 7.707548030324e-05, 0, 0, 0, 0, 0, 0, 0, 0, 113.736110528, 110.7861444134, 113.7357329117, 110.7857775393, 113.7344688639, 110.7859609814, 113.7361116278, 110.7861444184, 0, 113.7357340166, 110.7857775443, -0.01392427454451, 0, -0.2125036519295, -0.01334624529138, 0.1899244953381, -0.01334624529138, 0.7743248315526, 0.7752553520798, -0.8001421057358, -0.7997446075145, -0.0129015353523, -0.01222322192229, 0.7746213631346, 0.7752767555515, 0, -0.8004754244403, -0.799723199396, -5.551115123126e-17, -5.551115123126e-17, -0, -0, 0.002629999818772, 0.3940889052241, 0.3912355283048, 0.3940461304496, 0, 0.3912212037494, 0.3941316799986
8.225, 0.1982576048519, 0.0441449430098, -0.2041694433285, 0.04415443799709, 0.0101459503118, 0.0004980969095835, -0.02048691292509, 8.934206435411e-05, 0, 0, -1000, 0, 1000, 7525.599512823, 3128.654955903, 7533.840427247, 3136.943795908, 29.20960560595, 22.06737664417, 20.83070379858, 36.12253848236, -241.9202429366, 4.169437219776, 243.3170653128, 3.842540552331, 5405.065152883, 4001.332435126, 5409.536910694, 3942.307023801, 3, 1.064192136244, 19.55615601741, -1.067881709042, -19.51327671247, -1.4447703653, 0.2014080334974, -1.353262377218, 0.4194260132518, 0, 0, 0.2165668339308, -0, -0, -0, -0, -0, 0.2165668813118, 0.003651287142799, 0, 0, 0, 0, 0, -0.004277406065054, 0.003651313225779, -0.04347249623463, -0.004277375509597, 0.04877624496598, -0.004277375509597, 46.21227974631, 46.2287273036, 46.21209341115, 46.22866068741, 114.0816820344, -0.2022433872033, 0.2005301255683, 0, 1, 49.99869518322, 50, 49.99869193072, -4.957364689366e-05, 0, 0, 0, 0, 0, 0, 0, 0, 114.0833266689, 111.1333571395, 114.0829428629, 111.1329909674, 114.0816820344, 111.1331740603, 114.0833277882, 111.1333571464, 0, 114.0829439463, 111.1329909742, -0.01397137207573, 0, -0.2160518766568, -0.01332071041824, 0.1863758318174, -0.01332071041824, 0.7742382814675, 0.7751622301191, -0.8002286162256, -0.7998377317042, -0.01298979668993, -0.01230833043448, 0.7745351227011, 0.7751916460882, 0, -0.8005616658154, -0.7998083069571, -0, 5.551115123126e-17, 5.551115123126e-17, -0, 0.002630038756519, 0.3940880074089, 0.3912328253293, 0.3940292171587, 0, 0.3912238882941, 0.394146797659
8.25, 0.2029507980369, 0.09051931978322, -0.1994725813162, 0.09055813574371, 0.02051388202722, 0.0006228965196854, -0.01616667070041, -0.001323322075662, 0, 0, -1000, 0, 1000, 7525.939620342, 3127.782675588, 7533.501809156, 3137.800266251, 31.84676935747, 17.51799919298, 18.10022458552, 41.03372272635, -241.6803893159, 5.27691548809, 243.5263618587, 4.658860396182, 5405.816470092, 4015.406134788, 5408.818065886, 3928.758478558, 3, 1.656836590281, 39.08535314115, -1.66068936016, -38.84432206486, -1.441223063957, 0.17891403871, -1.35683043966, 0.441692422765, 0, 0, 0.2165592916846, -0, -0, -0, -0, -0, 0.2165593755142, 0.003277397127309, 0, 0, 0, 0, 0, -0.006279112690288, 0.003277420537774, -0.04356606515934, -0.006279067838839, 0.04868906451998, -0.006279067838839, 46.35292935668, 46.36942516685, 46.35273950485, 46.36936016509, 114.428895492, -0.2054488028122, 0.1973234453171, 0, 1, 49.99875718878, 50, 49.99875082798, -4.704253537573e-05, 0, 0, 0, 0, 0, 0, 0, 0, 114.4305431855, 111.4805694827, 114.4301531635, 111.480205592, 114.428895492, 111.4803875473, 114.4305443242, 111.4805694926, 0, 114.430154226, 111.4802056019, -0.01402620701489, 0, -0.2193118030007, -0.01323771471252, 0.18311462834, -0.01323771471252, 0.7741513479784, 0.7750625147808, -0.8003155033699, -0.7999374526402, -0.01307844947986, -0.01239428072274, 0.7744488269219, 0.7751056935298, 0, -0.80064795896, -0.7998942549753, -0, 5.551115123126e-17, -0, -0, 0.002630016567722, 0.3940874830784, 0.3912313281966, 0.3940011806324, 0, 0.3912253207616, 0.3941737855243
8.275, 0.2073557811262, 0.1069034788349, -0.1950625302016, 0.1069567688063, 0.02350440498799, -6.289277618106e-06, 0.01484501610556, 0.008523872903972, 0, 0, 221.6221352897, 0, -55.82087583705, 7526.386628978, 3130.92518544, 7533.061569708, 3134.798167665, 37.60702867616, 17.14744512156, 12.30540596858, 39.07558292373, -242.1446304996, -0.3069049178814, 242.9308033605, -0.4978974071948, 5404.415283236, 3977.507047421, 5410.257878714, 3965.366714966, 3, 1.435052845015, 45.68977101355, -1.442940381989, -44.75630262922, -1.436552647525, 0.2562403153451, -1.361468088894, 0.3671058171759, 0, 0, 0.2165587685443, -0, -0, -0, -0, -0, 0.2165587735019, 0.003152077586783, 0, 0, 0, 0, 0, -0.0008797758554514, 0.003152100101981, -0.04374169983325, -0.0008797695712828, 0.04851195708774, -0.0008797695712828, 46.4935767884, 46.51012348533, 46.49338803506, 46.51005946101, 114.7761092629, -0.2026688472672, 0.200103903994, 0, 1, 49.99881548864, 50, 49.99879338318, -0.0001171768232817, 0, 0, 0, 0, 0, 0, 0, 0, 114.7777554535, 111.8277899271, 114.7773684244, 111.8274130084, 114.7761092629, 111.8276014692, 114.7777565823, 111.8277899286, 0, 114.7773694991, 111.8274130098, -0.01403762819841, 0, -0.2165425857484, -0.01371165300789, 0.1858843553193, -0.01371165300789, 0.7740657607987, 0.7750254077284, -0.8004011014892, -0.7999745473564, -0.01316356430612, -0.01246851863009, 0.7743644412011, 0.7750314587266, 0, -0.8007323452858, -0.7999684959868, -0, -5.551115123126e-17, -0, -0, 0.002629961644698, 0.3940887711065, 0.3912341184909, 0.3940766791419, 0, 0.3912224536354, 0.3941008630711
8.3, 0.2080590987076, 0.1225858397969, -0.1943647719537, 0.1226557998924, 0.02725170866841, -0.000312054230923, 0.03832898926354, -0.004468675688448, 0, 0, 1000, 0, -1000, 7526.266658855, 3132.163389437, 7533.201730589, 3133.436298131, 31.60592493374, 17.02338033395, 18.3725264652, 40.45347452158, -243.0265818064, -2.416484091963, 242.1902427736, -2.557869699091, 5402.979530929, 3959.362456304, 5411.710648493, 3983.869423734, 3, 1.446547412229, 51.82307128072, -1.442549200332, -51.83475276932, -1.437828193852, 0.2875330094597, -1.360016262449, 0.3335437860855, 0, 0, 0.2165758996203, -0, -0, -0, -0, -0, 0.2165758954704, 0.003449213007545, 0, 0, 0, 0, 0, 0.001775951221552, 0.00344923764907, -0.04324352117511, 0.001775938534069, 0.04900281832895, 0.001775938534069, 46.63422690856, 46.65082284608, 46.63403417018, 46.65075801874, 115.1233232547, -0.207021895973, 0.1957511145989, 0, 1, 49.99887148252, 50, 49.99887322272, 2.15421177557e-05, 0, 0, 0, 0, 0, 0, 0, 0, 115.1249731839, 112.1750071265, 115.1245789173, 112.1746236278, 115.1233232547, 112.1748153742, 115.1249743226, 112.1750071235, 0, 115.1245799771, 112.1746236248, -0.01407821283321, 0, -0.2209381195352, -0.01395102148323, 0.1814890811291, -0.01395102148323, 0.77398661221, 0.7749670122312, -0.8004802931026, -0.8000329418361, -0.01324405969316, -0.01254517995666, 0.7742818929838, 0.7749547963204, 0, -0.8008148861482, -0.8000451562337, -5.551115123126e-17, -5.551115123126e-17, -0, -0, 0.002629857051338, 0.3940884142728, 0.3912369811367, 0.3941128236029, 0, 0.3912195568206, 0.3940640049427
8.325, 0.2053926151722, 0.02481978292777, -0.1970425108533, 0.02482272501125, 0.00431148328668, -0.000375019687929, 0.02877219998873, -0.001238519400618, 0, 0, 1000, 0, -1000, 7526.147741466, 3133.251318055, 7533.331634687, 3132.433883404, 25.40527714775, 28.06839895344, 24.71798280739, 30.0678379451, -242.9799973124, -3.07397121203, 242.2830395214, -3.274103322783, 5403.734635166, 3945.470058195, 5410.942258785, 3996.931243351, 3, 0.1607931723156, 10.00462440741, -0.1398150342368, -11.09988708611, -1.439095012825, 0.315330097948, -1.358670590797, 0.3074335236043, 0, 0, 0.2165760837438, -0, -0, -0, -0, -0, 0.2165760852396, 0.003442046349756, 0, 0, 0, 0, 0, 0.003729247806868, 0.003442070940124, -0.04343813752473, 0.00372922116489, 0.04880334782126, 0.00372922116489, 46.77487423225, 46.79152297059, 46.77468342759, 46.79145592811, 115.4705378271, -0.2039183113177, 0.1988548812588, 0, 1, 49.99892709211, 50, 49.9989547437, 0.0001553003501491, 0, 0, 0, 0, 0, 0, 0, 0, 115.4721860379, 112.5222244264, 115.4717952096, 112.5218356339, 115.4705378271, 112.5220300238, 115.4721871658, 112.52222442, 0, 115.4717962831, 112.5218356276, -0.01410651871283, 0, -0.2178620828976, -0.01414359637125, 0.1845653180415, -0.01414359637125, 0.7739007690851, 0.7749004774222, -0.8005661684267, -0.8000994779268, -0.01332872973827, -0.01262515041201, 0.7741973776827, 0.7748748239264, 0, -0.8008994007273, -0.8001251247504, -0, -0, -0, -0, 0.002629830868958, 0.3940892408968, 0.3912354759401, 0.3941404970572, 0, 0.3912210886393, 0.3940379847364
8.35, 0.2018736973238, -0.0852663485713, -0.2005449141672, -0.08523262410385, -0.02323158950111, -0.000456238049447, 0.01654698599901, -0.0002760455374617, 0, 0, 1000, 0, -1000, 7526.23631255, 3133.655943566, 7533.248860624, 3132.030547755, 19.7004700885, 40.24496534479, 30.2160952574, 17.55522024639, -242.996062537, -3.71951689033, 242.2382374644, -4.140900257272, 5405.148965426, 3942.597892114, 5409.50488342, 4000.087405685, 3, -1.462799892516, -36.18431120708, 1.447578326338, 37.12497965655, -1.438185554493, 0.3248935774494, -1.359554009787, 0.2979313682549, 0, 0, 0.2165697939033, -0, -0, -0, -0, -0, 0.216569799609, 0.003185539102577, 0, 0, 0, 0, 0, 0.0041661038623, 0.003185561859107, -0.04400210080413, 0.004166074101123, 0.04824181144345, 0.004166074101123, 46.91552058761, 46.93222184354, 46.91533399327, 46.93215558023, 115.8177528664, -0.1980679495372, 0.2047045017412, 0, 1, 49.99898245822, 50, 49.99895710765, -0.0001652910504489, 0, 0, 0, 0, 0, 0, 0, 0, 115.8193974497, 112.8694406873, 115.8190137863, 112.8690493575, 115.8177528664, 112.8692450153, 115.8193985617, 112.8694406802, 0, 115.8190148808, 112.8690493504, -0.01414168733674, 0, -0.2120447217466, -0.01423590222046, 0.1903819390056, -0.01423590222046, 0.7738108053574, 0.774820195058, -0.8006561148805, -0.80017976049, -0.01341665352876, -0.01270843759717, 0.774111262815, 0.7747915360133, 0, -0.8009855152781, -0.8002084112076, -5.551115123126e-17, -0, -5.551115123126e-17, -5.551115123126e-17, 0.002629840635667, 0.394088957825, 0.3912326556115, 0.3941462182965, 0, 0.3912239551829, 0.3940316973534
8.375, 0.1976287458607, -0.09082502613009, -0.2047985576842, -0.09078660673665, -0.02484948598064, -0.0003506471684384, 0.01528752662993, -0.001696710801321, 0, 0, 1000, 0, -1000, 7526.225510083, 3132.427963095, 7533.262312021, 3133.180627193, 15.74537913867, 39.67647125704, 34.17223470511, 17.54590604596, -243.4316690195, -2.363409879128, 241.7314610371, -2.593853436187, 5404.685204053, 3957.775498143, 5409.958044298, 3986.01373047, 3, -1.452742594697, -39.27068661066, 1.451548421167, 39.14781790307, -1.438317648728, 0.293988934987, -1.359428628418, 0.3273978720611, 0, 0, 0.2165621557125, -0, -0, -0, -0, -0, 0.2165621522403, 0.003261314153612, 0, 0, 0, 0, 0, 0.002046345525467, 0.003261337449813, -0.04397374896749, 0.002046330908129, 0.04827459918851, 0.002046330908129, 47.05616923499, 47.07292127, 47.05598259305, 47.0728550887, 116.1649683094, -0.1980615084734, 0.2047096961058, 0, 1, 49.99904059441, 50, 49.99904227208, -8.228686770298e-06, 0, 0, 0, 0, 0, 0, 0, 0, 116.16661357, 113.2166545275, 116.1662284521, 113.2162663506, 116.1649683094, 113.2164604356, 116.1666146816, 113.2166545241, 0, 116.166229547, 113.2162663471, -0.01421070245917, 0, -0.2121074084808, -0.0141212076108, 0.1903180009005, -0.0141212076108, 0.7737263233557, 0.7747206597411, -0.8007405648293, -0.8002792934281, -0.01350079989721, -0.0127933917745, 0.7740265879276, 0.7747065838056, 0, -0.8010701883457, -0.8002933673546, -0, 5.551115123126e-17, -0, -0, 0.002629854396348, 0.3940878590827, 0.3912335795873, 0.3941159848121, 0, 0.3912230522838, 0.3940597333533
8.4, 0.1975129936723, -0.09744895335264, -0.2049169175298, -0.09740466523091, -0.02665924326464, -0.000263872459601, -0.003844959797107, 0.002414874812066, 0, 0, 311.9891672992, 0, -240.4966188262, 7525.956116091, 3131.390135129, 7533.530582768, 3134.299627697, 13.93896995462, 39.19816738095, 35.97786461893, 17.49356252261, -243.7890052866, -1.197777104426, 241.3282489103, -1.378039429514, 5403.343202365, 3968.618809495, 5411.309837344, 3974.918684567, 3, -1.564766696933, -42.11164669272, 1.563348803035, 42.1376813852, -1.441163021244, 0.2674594425465, -1.356630577656, 0.3555017282535, 0, 0, 0.216551486146, -0, -0, -0, -0, -0, 0.2165514841065, 0.00365836601396, 0, 0, 0, 0, 0, 0.0004565342834304, 0.003658392143804, -0.0435917730622, 0.000456531022662, 0.04865700550735, 0.000456531022662, 47.19681885994, 47.21362091485, 47.19663049381, 47.21355459152, 116.5121841541, -0.199399499787, 0.2033721746376, 0, 1, 49.99909513572, 50, 49.99909385747, -1.75266503421e-05, 0, 0, 0, 0, 0, 0, 0, 0, 116.5138312609, 113.5638691956, 116.5134423039, 113.5634834459, 116.5121841541, 113.56367632, 116.5138323702, 113.5638691949, 0, 116.5134433993, 113.5634834451, -0.01428741257471, 0, -0.2135235701205, -0.01403291012599, 0.1889023243871, -0.01403291012599, 0.773645648094, 0.7746269220454, -0.8008212380685, -0.8003730307655, -0.01358145567025, -0.01287619444199, 0.7739433064389, 0.7746237819135, 0, -0.8011534704311, -0.8003761707975, -0, 5.551115123126e-17, 5.551115123126e-17, -0, 0.002629868070794, 0.3940881100532, 0.3912362548898, 0.3940943848291, 0, 0.3912203572612, 0.3940818352772
8.425, 0.2014318247066, 0.08458561548924, -0.2009826933023, 0.08461933123493, 0.01888361132616, 0.0004017404167146, -0.01677086513483, 0.0005573679026324, 0, 0, -1000, 0, 1000, 7525.374210894, 3127.894859615, 7534.117510964, 3137.770319746, 30.30591006606, 17.24904834525, 19.48727966867, 40.17158541264, -242.7775802839, 4.182204690761, 242.459273455, 3.745936233972, 5402.890202878, 4008.68275531, 5411.790870319, 3934.991259887, 3, 1.363339331833, 37.05641017934, -1.389213658875, -35.30998007444, -1.44728754072, 0.1806836778607, -1.350486646369, 0.4418453433225, 0, 0, 0.216553746276, -0, -0, -0, -0, -0, 0.2165538171349, 0.0041574919101, 0, 0, 0, 0, 0, -0.005340216049168, 0.004157521605566, -0.04290778686448, -0.005340177906178, 0.0493380191272, -0.005340177906178, 47.33747053271, 47.35432092789, 47.33727659658, 47.35425391509, 116.8594002326, -0.2050527308041, 0.1977196804133, 0, 1, 49.99914504519, 50, 49.9991015877, -0.0002463449740663, 0, 0, 0, 0, 0, 0, 0, 0, 116.8610525708, 113.9110793699, 116.8606531838, 113.9107051093, 116.8594002326, 113.9108922483, 116.8610536922, 113.9110793786, 0, 116.8606542606, 113.910705118, -0.01439519228057, 0, -0.2192872032083, -0.01361495431825, 0.1831394353981, -0.01361495431825, 0.7735667765261, 0.7744987690429, -0.8009001268487, -0.800501193331, -0.01366173382005, -0.01296448169291, 0.7738597649633, 0.7745354926531, 0, -0.8012370084887, -0.8004644560389, -0, -0, -0, -0, 0.002629830562587, 0.3940879723767, 0.3912371608045, 0.3940145744733, 0, 0.391219395052, 0.3941613702802
8.45, 0.2033187808577, 0.09297510721529, -0.1991074030807, 0.09301585279409, 0.02052635667848, 0.0003474599736188, -0.01564472491292, -0.001771813325373, 0, 0, -1000, 0, 1000, 7525.199668824, 3128.339533001, 7534.303959044, 3137.328579705, 32.56463259401, 17.11568091678, 17.34450624222, 40.47523314105, -242.4552175131, 3.31128790632, 242.7452599531, 3.002042424184, 5403.462410927, 4002.706510863, 5411.238886099, 3940.455273625, 3, 1.441549621264, 39.6888077105, -1.43585915509, -39.79677873896, -1.449141869635, 0.1913243498082, -1.348540905557, 0.4312775512621, 0, 0, 0.2165642391692, -0, -0, -0, -0, -0, 0.2165642941679, 0.004215240780767, 0, 0, 0, 0, 0, -0.004511172622806, 0.00421527089163, -0.04289070136277, -0.004511140398218, 0.0493565018856, -0.004511140398218, 47.47811993518, 47.49502045691, 47.47792522488, 47.49495399755, 117.2066165769, -0.2046953466369, 0.1980759941089, 0, 1, 49.9991985202, 50, 49.9992029877, 4.237823540769e-05, 0, 0, 0, 0, 0, 0, 0, 0, 117.2082695243, 114.2582974496, 117.2078690636, 114.2579199947, 117.2066165769, 114.2581087296, 117.2082706436, 114.258297457, 0, 117.2078701426, 114.2579200022, -0.01444653825536, 0, -0.2189812191797, -0.01373115551728, 0.183444327089, -0.01373115551728, 0.7734807240693, 0.7744222848032, -0.8009861644644, -0.8005776748494, -0.01374759269656, -0.01304666676161, 0.7737735949938, 0.7744533081829, 0, -0.8013231732466, -0.8005466417061, -0, -0, 5.551115123126e-17, -0, 0.002629765009284, 0.3940884830569, 0.3912360210355, 0.3940264798328, 0, 0.3912204945131, 0.3941504862811
8.475, 0.2070638530726, 0.104822952222, -0.1953527636331, 0.1048745088125, 0.02286295553492, 2.314549323531e-05, 0.00736271683632, 0.006505683330826, 0, 0, -88.79460675223, 0, 223.504784587, 7525.328512174, 3130.372684031, 7534.187661965, 3135.267210912, 37.43622520537, 17.0537458481, 12.40251291878, 39.09384832128, -242.2558736493, 0.07304785171576, 242.8289099578, -0.1121373444704, 5403.574626931, 3977.749763448, 5411.143486695, 3965.012135437, 3, 1.409035617524, 44.92634920529, -1.41452269074, -44.21779295338, -1.447815750719, 0.2417842578758, -1.349769564258, 0.3802387084016, 0, 0, 0.2165788846006, -0, -0, -0, -0, -0, 0.2165788910975, 0.0041121210747, 0, 0, 0, 0, 0, -0.0009230601909176, 0.004112150452918, -0.04303150279906, -0.0009230535963474, 0.0492122920674, -0.0009230535963474, 47.6187689552, 47.63572014842, 47.61857448037, 47.63565421302, 117.5538332349, -0.2028708065905, 0.1999009620469, 0, 1, 49.99925225415, 50, 49.99923641673, -6.745403585388e-05, 0, 0, 0, 0, 0, 0, 0, 0, 117.5554856503, 114.605518932, 117.5550864481, 114.6051321139, 117.5538332349, 114.6053255245, 117.5554867641, 114.6055189336, 0, 117.5550875345, 114.6051321155, -0.01447820445661, 0, -0.2171877896458, -0.01407177370391, 0.1852381743663, -0.01407177370391, 0.7733924056628, 0.7743676680897, -0.8010745036972, -0.8006322846137, -0.01383564614028, -0.01312595936245, 0.7736862378899, 0.7743740167848, 0, -0.8014105279369, -0.8006259355097, -0, 5.551115123126e-17, -0, -0, 0.002629699863323, 0.3940888825197, 0.3912357967768, 0.3940761956392, 0, 0.3912206853986, 0.3941015694002
8.5, 0.2054567090379, -0.0009796114526116, -0.1969950466368, -0.0009796093121614, -0.003285060573176, -0.0004140590332686, 0.02562263621282, -0.003278285468551, 0, 0, 1000, 0, -1000, 7525.468885152, 3132.843546858, 7534.060433446, 3132.784104816, 22.60095684674, 31.4913700098, 27.68127302715, 27.48582346842, -243.0853283521, -3.327120871691, 242.1655213146, -3.551806868729, 5403.543514971, 3947.126487389, 5411.174903572, 3994.993226747, 3, -0.2154248289656, -2.134303314097, 0.2691083208394, -0.6904400592817, -1.446367055554, 0.3033745943101, -1.351111943679, 0.3183388645649, 0, 0, 0.2165953168997, -0, -0, -0, -0, -0, 0.2165953142632, 0.004012949400167, 0, 0, 0, 0, 0, 0.003468768402726, 0.004012978074223, -0.04304346760183, 0.003468743617228, 0.04918996285145, 0.003468743617228, 47.75941883113, 47.7764208791, 47.75922315377, 47.77635359774, 117.901050225, -0.2037007012215, 0.1990720922587, 0, 1, 49.99929727809, 50, 49.99937166126, 0.0004613847507678, 0, 0, 0, 0, 0, 0, 0, 0, 117.9027038745, 114.9527414624, 117.9023024317, 114.9523435053, 117.901050225, 114.9525424778, 117.9027049931, 114.9527414564, 0, 117.9023035125, 114.9523434993, -0.01450742768431, 0, -0.2180468563274, -0.01447699038763, 0.1843801456126, -0.01447699038763, 0.7733046572544, 0.7743188962958, -0.8011623218525, -0.8006810563144, -0.01392392047134, -0.01320493858112, 0.7735985712106, 0.7742950348376, 0, -0.8014981935896, -0.8007049119999, -0, -0, -0, -0, 0.002629646815168, 0.3940895214749, 0.3912358586914, 0.39413719751, 0, 0.3912206229462, 0.3940418454397
8.525, 0.2036791445843, -0.04016045295887, -0.1987490411901, -0.04015299100152, -0.01314720856096, -0.0004785698452983, 0.02116239168275, -0.0002218129819131, 0, 0, 1000, 0, -1000, 7525.463827725, 3132.939756415, 7534.080074458, 3132.524406517, 20.97045546641, 35.54787928622, 28.99461693535, 22.60241741942, -243.2238956764, -3.761440665406, 242.0253240226, -4.065375851172, 5403.548572386, 3945.187177315, 5411.165956108, 3997.396150147, 3, -0.8745730554826, -17.7133283184, 0.8810260787144, 17.46425979524, -1.446444043908, 0.3058732240969, -1.350913347491, 0.3126375700364, 0, 0, 0.2166185410314, -0, -0, -0, -0, -0, 0.2166185397314, 0.004029409889651, 0, 0, 0, 0, 0, 0.00378343789364, 0.004029438687498, -0.04319820810598, 0.003783410853927, 0.04903578695368, 0.003783410853927, 47.900067488, 47.91712096166, 47.89987330014, 47.91705387897, 118.2482674965, -0.2008758560015, 0.2018959894427, 0, 1, 49.99934805371, 50, 49.99935632169, 7.410176053433e-05, 0, 0, 0, 0, 0, 0, 0, 0, 118.249920179, 115.2999599422, 118.2495209836, 115.2995595784, 118.2482674965, 115.2997597537, 118.2499212874, 115.2999599355, 0, 118.2495220772, 115.2995595718, -0.01456992354288, 0, -0.2152838846516, -0.01456454141961, 0.1871421305758, -0.01456454141961, 0.7732162169437, 0.7742373367513, -0.8012507531774, -0.8007626157964, -0.01401123892917, -0.0132886623953, 0.7735111875613, 0.7742113104448, 0, -0.8015855721563, -0.8007886352354, 5.551115123126e-17, -0, -0, 5.551115123126e-17, 0.002629590501649, 0.3940890595716, 0.3912358478217, 0.3941410605405, 0, 0.3912206416722, 0.3940370586028
8.55, 0.1972862285917, -0.1023376098299, -0.2051441701685, -0.1022892948962, -0.02718572606441, -0.0001784936649067, -0.005768054762059, -0.0002429929720138, 0, 0, 222.4900288443, 0, -184.3869403829, 7525.319477641, 3131.293839636, 7534.234326141, 3133.996952375, 14.14217154524, 39.44956957888, 35.68707913476, 17.13415707297, -243.2793939868, -0.9143198752622, 241.8526413228, -1.087128666886, 5403.938302921, 3964.355429347, 5410.768963273, 3978.983641771, 3, -1.406494493492, -43.7626641376, 1.407733672122, 43.55759293934, -1.447982185604, 0.2658858748158, -1.349302805269, 0.3491971569491, 0, 0, 0.2166377903378, -0, -0, -0, -0, -0, 0.2166377858539, 0.004089840107418, 0, 0, 0, 0, 0, 0.001060065546986, 0.004089869342351, -0.04326544531971, 0.001060057969496, 0.04897257420898, 0.001060057969496, 48.04071659193, 48.05782246873, 48.04052327459, 48.05775300274, 118.5954851537, -0.1997465953704, 0.20302357651, 0, 1, 49.99940099712, 50, 49.99940750551, 5.998385797917e-05, 0, 0, 0, 0, 0, 0, 0, 0, 118.5971380535, 115.6471756268, 118.5967386883, 115.646779376, 118.5954851537, 115.6469774996, 118.5971391581, 115.6471756249, 0, 118.5967397866, 115.6467793742, -0.01465336842083, 0, -0.2142377922035, -0.01441491718784, 0.1881865038422, -0.01441491718784, 0.7731282375698, 0.774130406131, -0.8013386998364, -0.8008695442927, -0.0140984115143, -0.01337686030615, 0.7734236667377, 0.7741231146361, 0, -0.8016730878514, -0.8008768352484, 5.551115123126e-17, -0, -0, -0, 0.0026295620816, 0.3940883076306, 0.3912350711198, 0.3941028775633, 0, 0.3912214328634, 0.394073737698
8.575, 0.19691668188, 0.013453597568, -0.2055148248664, 0.01345453593917, 0.001950840170002, 0.0003941488460683, -0.02411696706575, -0.00086329315266, 0, 0, -1000, 0, 1000, 7525.34219469, 3128.438947595, 7534.214635874, 3136.812401064, 26.9133381947, 25.53859113627, 23.05159290467, 32.38486161764, -242.2785301147, 3.484806214847, 242.9850145654, 3.247249149652, 5404.877743543, 4000.632325318, 5409.826981321, 3942.532766815, 3, 0.5498123020473, 5.812471999253, -0.5400059688385, -6.428442818825, -1.447766071462, 0.1950820197962, -1.349517737881, 0.4190935171236, 0, 0, 0.2166499079227, -0, -0, -0, -0, -0, 0.2166499558432, 0.003936345963058, 0, 0, 0, 0, 0, -0.004210312130232, 0.003936374103934, -0.04338320445336, -0.004210282030978, 0.0488466871306, -0.004210282030978, 48.18136684845, 48.19852297426, 48.1811723487, 48.19845336004, 118.9427032134, -0.2002665624134, 0.2025039081127, 0, 1, 49.99944383875, 50, 49.99946113065, 0.0001248426851487, 0, 0, 0, 0, 0, 0, 0, 0, 118.9443575914, 115.9943889015, 118.9439554296, 115.9940019949, 118.9427032134, 115.9941954553, 118.9443587022, 115.9943889086, 0, 118.9439565216, 115.994002002, -0.01474285129802, 0, -0.2148467919576, -0.01407499430364, 0.187577814184, -0.01407499430364, 0.7730386237889, 0.7740016474705, -0.8014283714934, -0.800998309259, -0.01418824485792, -0.01346937197943, 0.7733348556218, 0.774030602133, 0, -0.8017619015546, -0.8009693460919, -0, 5.551115123126e-17, -0, -0, 0.002629564317725, 0.3940884799199, 0.3912331991167, 0.3940306118339, 0, 0.3912233100546, 0.3941463480059
8.6, 0.2031560927889, 0.09152035552745, -0.1992661917116, 0.09155990964736, 0.0206069697484, 0.0005075872452629, -0.01600505863913, -0.001470273170901, 0, 0, -1000, 0, 1000, 7525.622051976, 3127.75342862, 7533.939172731, 3137.440125205, 32.00341012071, 17.26935917416, 17.83045043847, 40.75402902746, -241.9798146346, 4.41382028293, 243.2310260408, 3.950725914622, 5405.098862542, 4010.666568964, 5409.612789899, 3932.259957856, 3, 1.629515723169, 39.33703072561, -1.631195161419, -39.18013745823, -1.444849655237, 0.1777278480643, -1.352417397951, 0.435162679091, 0, 0, 0.2166672809676, -0, -0, -0, -0, -0, 0.2166673552831, 0.003680267745663, 0, 0, 0, 0, 0, -0.005681907302485, 0.003680294060059, -0.04327709496402, -0.005681866676366, 0.04896116810803, -0.005681866676366, 48.32201914069, 48.3392231659, 48.32181962786, 48.33915427665, 119.2899215368, -0.2051718519906, 0.1975986589507, 0, 1, 49.99949134071, 50, 49.99948957457, 2.149441720786e-05, 0, 0, 0, 0, 0, 0, 0, 0, 119.2915803885, 116.3416067094, 119.2911695205, 116.3412210351, 119.2899215368, 116.3414138818, 119.2915815221, 116.341606719, 0, 119.291170586, 116.3412210447, -0.01480085945294, 0, -0.2198105136552, -0.01403016492232, 0.1826140733201, -0.01403016492232, 0.7729501967338, 0.7739036128497, -0.8015167355238, -0.8010963476742, -0.01427894796067, -0.01355728670674, 0.7732457035938, 0.7739426858108, 0, -0.8018510477305, -0.8010572592243, -0, -0, -0, -0, 0.002629549417244, 0.394088716661, 0.3912327591886, 0.3940106224272, 0, 0.3912237360633, 0.3941668108948
8.625, 0.2061142990537, 0.1023477795532, -0.1963039538193, 0.1023968242929, 0.02326102712432, -1.267361329685e-05, 0.01607814423143, 0.001938217501306, 0, 0, 227.7796808563, 0, -159.2837652822, 7526.09734541, 3130.954678034, 7533.467117051, 3134.255353834, 36.83006743438, 17.62139457992, 12.93868572262, 38.86360512246, -242.0648879156, -0.4670962708028, 243.0362688446, -0.6465652311963, 5404.508246097, 3971.947746901, 5410.199812609, 3970.276669315, 3, 1.509137317066, 43.62865436485, -1.511999771891, -43.55500329799, -1.439881611555, 0.2579708895088, -1.357382886661, 0.3550939391852, 0, 0, 0.2166791540038, -0, -0, -0, -0, -0, 0.2166791546038, 0.003410977155341, 0, 0, 0, 0, 0, -0.0001210983084451, 0.003411001546947, -0.04356401814956, -0.0001210974424877, 0.04867346578374, -0.0001210974424877, 48.46266852156, 48.47992415619, 48.46247006581, 48.47985463231, 119.6371402337, -0.2026316341679, 0.2001389047768, 0, 1, 49.99953780458, 50, 49.99953673709, 9.991818978231e-06, 0, 0, 0, 0, 0, 0, 0, 0, 119.6387976938, 116.6888323035, 119.6383897695, 116.6884331405, 119.6371402337, 116.6886327222, 119.6387988219, 116.6888323037, 0, 119.6383908435, 116.6884331407, -0.01480397362958, 0, -0.2172722987659, -0.01452086014098, 0.1851523005302, -0.01452086014098, 0.7728594396482, 0.7738632207032, -0.8016074998755, -0.801136728719, -0.01436944074137, -0.01363592108058, 0.7731569066361, 0.773864053627, 0, -0.8019398465791, -0.8011358957882, -0, -0, -0, 5.551115123126e-17, 0.002629551966039, 0.3940894179113, 0.3912339342304, 0.3940877534913, 0, 0.3912225683696, 0.3940910823312
8.65, 0.2071911469213, 0.1165091175387, -0.1952239899378, 0.1165724873306, 0.02631757552357, -0.0001234192927669, 0.03476833391647, -7.36149268998e-05, 0, 0, 917.0570223762, 0, -862.1356666338, 7526.226453279, 3131.186140138, 7533.340090589, 3133.867533673, 34.22016105803, 16.68424902814, 15.54179051933, 39.86936527115, -242.4964324459, -1.123191472395, 242.6716782168, -1.293493507594, 5404.256640498, 3969.14395052, 5410.443641463, 3974.186259421, 3, 1.511834569667, 49.63566151055, -1.521235726315, -49.28133296262, -1.438541983629, 0.264032067403, -1.358729217733, 0.3459148748325, 0, 0, 0.2166878099912, -0, -0, -0, -0, -0, 0.2166878084733, 0.003343231946702, 0, 0, 0, 0, 0, 0.000365401992106, 0.003343255855779, -0.04347446020392, 0.0003653993789575, 0.04876119153251, 0.0003653993789575, 48.60331974288, 48.62062470237, 48.60311891888, 48.62055568676, 119.9843592926, -0.204883025003, 0.1978882934244, 0, 1, 49.99958107012, 50, 49.99957188572, -4.994480672473e-05, 0, 0, 0, 0, 0, 0, 0, 0, 119.9860189696, 117.0360524054, 119.9856067287, 117.0356508915, 119.9843592926, 117.0358516478, 119.9860201072, 117.0360524047, 0, 119.9856077913, 117.0356508909, -0.01484330181015, 0, -0.219563366251, -0.01460638161419, 0.1828620055965, -0.01460638161419, 0.7727719963274, 0.7737815237083, -0.8016949557713, -0.8012184251449, -0.01445786543602, -0.01372096398585, 0.7730688521244, 0.7737790104087, 0, -0.8020279011033, -0.8012209383804, 5.551115123126e-17, -0, -0, -0, 0.002629563261084, 0.3940883165159, 0.3912344359011, 0.394093338736, 0, 0.3912220821456, 0.3940832942959
8.675, 0.1999230327561, -0.0876734504662, -0.2024956635525, -0.08763758029993, -0.02343739731745, -0.0006428346762091, 0.01650212385196, -0.000796983083775, 0, 0, 1000, 0, -1000, 7526.394212354, 3133.960603618, 7533.175399465, 3130.937099515, 18.45390617911, 40.93128774063, 31.29057871794, 17.58170407426, -243.4445828081, -4.902310943055, 241.778479917, -5.568461713056, 5404.459906433, 3934.658050074, 5410.24870976, 4009.686213117, 3, -1.507809073667, -37.50083981341, 1.495496651712, 38.13934152557, -1.436796777126, 0.3340389269773, -1.360471135182, 0.272736355642, 0, 0, 0.2166991303836, -0, -0, -0, -0, -0, 0.2166991473145, 0.00320765081212, 0, 0, 0, 0, 0, 0.005437080655256, 0.003207673753986, -0.04402718820793, 0.005437041768259, 0.04821054059808, 0.005437041768259, 48.74396683755, 48.76132651052, 48.74377212489, 48.76125568291, 120.3315786216, -0.1972438292627, 0.2055266843522, 0, 1, 49.99962396735, 50, 49.99960931699, -6.326078059441e-05, 0, 0, 0, 0, 0, 0, 0, 0, 120.3332331268, 117.3832776884, 120.332831379, 117.3828641208, 120.3315786216, 117.3830708948, 120.3332342388, 117.3832776786, 0, 120.3328324735, 117.382864111, -0.01484590152569, 0, -0.2119246172057, -0.01504487294132, 0.1904999245257, -0.01504487294132, 0.7726798449205, 0.7737364310292, -0.8017870947851, -0.8012635217643, -0.01454722248997, -0.01380094199759, 0.7729804747382, 0.7736990273078, 0, -0.8021162804129, -0.801300911303, -0, -0, -5.551115123126e-17, -0, 0.002629553620155, 0.3940873047364, 0.391234028107, 0.3941620339821, 0, 0.3912224736374, 0.3940125754907
8.7, 0.2007593202095, -0.08857859987154, -0.2016548769398, -0.088542218482, -0.02283914919274, -0.0005478905246939, 0.01662838726356, 2.149486192758e-05, 0, 0, 1000, 0, -1000, 7526.599709602, 3134.193455068, 7532.97320913, 3130.843647278, 19.25347911811, 40.67280300041, 30.44916379051, 17.24739072308, -243.0596234666, -4.441083358094, 242.1784390834, -5.022821935473, 5405.285215135, 3933.071476313, 5409.447083043, 4009.434975187, 3, -1.409480569741, -37.09141232924, 1.388041824178, 38.59780019714, -1.434655100587, 0.340371210871, -1.362607772745, 0.268859329383, 0, 0, 0.2167113486494, -0, -0, -0, -0, -0, 0.2167113687517, 0.002933136170428, 0, 0, 0, 0, 0, 0.005533848703568, 0.002933157151268, -0.04420740797891, 0.005533809120004, 0.04802837982042, 0.005533809120004, 48.88461749333, 48.90202808377, 48.88442195325, 48.90195591711, 120.6787982136, -0.1975993207394, 0.2051717704335, 0, 1, 49.99966404623, 50, 49.9996285244, -0.0001727167757324, 0, 0, 0, 0, 0, 0, 0, 0, 120.6804534595, 117.7304981876, 120.6800503947, 117.7300831056, 120.6787982136, 117.7302906366, 120.680454578, 117.7304981776, 0, 120.6800514828, 117.7300830955, -0.01487091808446, 0, -0.2123044376269, -0.0150999686454, 0.1901206695711, -0.0150999686454, 0.7725889747734, 0.7736494854923, -0.8018779786521, -0.8013504671576, -0.01463865078214, -0.013888553217, 0.7728908339055, 0.7736114157619, 0, -0.8022059218169, -0.8013885221959, -0, 5.551115123126e-17, -0, -0, 0.002629527772479, 0.3940891351624, 0.3912323831187, 0.3941651944239, 0, 0.3912240715474, 0.3940130759009
8.725, 0.1972726903897, -0.0989113996449, -0.2051563475086, -0.09886611999839, -0.02527600745869, -7.520320082558e-05, 9.711857605194e-05, -0.00230266094053, 0, 0, 433.739676655, 0, -431.5194433341, 7526.746532752, 3131.375559578, 7532.83520407, 3133.651103285, 14.24874878931, 39.13013408195, 35.47015611775, 17.40068713728, -242.9693602806, -0.2576473858535, 242.1714971478, -0.4268126687813, 5406.422737145, 3970.054779183, 5408.309514714, 3971.973119575, 3, -1.301659297219, -42.3045920808, 1.304474671733, 42.00220466082, -1.433126268033, 0.2699093983011, -1.364072847146, 0.3390654965063, 0, 0, 0.2167237562338, -0, -0, -0, -0, -0, 0.2167237557468, 0.002654015878347, 0, 0, 0, 0, 0, 0.0001390167512869, 0.002654034864802, -0.04435657344742, 0.0001390157567878, 0.04788030752624, 0.0001390157567878, 49.02526854865, 49.04272913875, 49.02507162308, 49.04265708894, 121.0260180963, -0.1995669244783, 0.2032029894476, 0, 1, 49.99970813224, 50, 49.99971578627, 4.717920762038e-05, 0, 0, 0, 0, 0, 0, 0, 0, 121.0276754186, 118.0777131769, 121.027268377, 118.077308214, 121.0260180963, 118.0775106952, 121.0276765516, 118.0777131767, 0, 121.0272694503, 118.0773082138, -0.01493259026929, 0, -0.2143331546932, -0.01473185231304, 0.188090751279, -0.01473185231304, 0.7724981302596, 0.7735170533042, -0.801968811622, -0.8014828946385, -0.01473027381532, -0.0139838768399, 0.772801006136, 0.7735160971268, 0, -0.8022957456646, -0.8014838508066, -5.551115123126e-17, -0, -0, -0, 0.002629496253819, 0.3940896136455, 0.3912301163521, 0.3940915243431, 0, 0.3912263384652, 0.3940877029479
8.75, 0.1981881190454, -0.002395024775796, -0.2042515230584, -0.002395001639773, -0.001296231394685, 0.0003210958752997, -0.02608011090551, -0.001946394271986, 0, 0, -1000, 0, 1000, 7526.817291306, 3128.991317697, 7532.761036998, 3136.146151992, 27.77715775778, 27.44456753196, 22.21820375874, 30.56494086959, -242.4676933854, 2.980522183119, 242.7885018098, 2.767960907037, 5405.774529236, 4000.056049107, 5408.930855515, 3941.645349794, 3, 0.3018047710699, -1.789487282679, -0.2760671585463, 0.2374345158348, -1.432391915498, 0.2103219629193, -1.364871190588, 0.4007149484937, 0, 0, 0.2167088900067, -0, -0, -0, -0, -0, 0.2167089309518, 0.002691193320449, 0, 0, 0, 0, 0, -0.004232859648905, 0.002691212570225, -0.04434760964862, -0.004232829371984, 0.04788325871905, -0.004232829371984, 49.16591913349, 49.18343031721, 49.16572202803, 49.18335835985, 121.3732385655, -0.1992010656318, 0.2035710798199, 0, 1, 49.99974276546, 50, 49.99977976074, 0.0001853169344316, 0, 0, 0, 0, 0, 0, 0, 0, 121.3748962611, 118.4249293033, 121.3744882639, 118.4245327262, 121.3732385655, 118.4247310221, 121.3748973923, 118.4249293106, 0, 121.3744893389, 118.4245327335, -0.0149968962435, 0, -0.2140316443274, -0.0144267890035, 0.188394539492, -0.0144267890035, 0.7724102000791, 0.7733951178131, -0.8020567878913, -0.8016048365568, -0.01481798036404, -0.01407574526556, 0.7727130157543, 0.7734242276214, 0, -0.802383741045, -0.8015757181525, -0, 5.551115123126e-17, -0, -0, 0.002629554600033, 0.3940899377703, 0.3912314076499, 0.3940317597831, 0, 0.3912251007181, 0.3941481157575
8.775, 0.1994515286095, 0.05273524576906, -0.2029733564081, 0.05274836116285, 0.01285597597884, 0.0003921565227271, -0.01982391456756, 1.93546159294e-05, 0, 0, -1000, 0, 1000, 7526.975246216, 3128.758198204, 7532.600566585, 3136.307656438, 29.28367725556, 20.98244762581, 20.51164153691, 36.69039233079, -242.4715684531, 3.708279941346, 242.775420803, 3.408279795729, 5405.281382803, 4003.39007765, 5409.400883308, 3939.922410744, 3, 1.08143424933, 22.77889759147, -1.085201330229, -22.7418958046, -1.430740534276, 0.2054242228478, -1.366576651149, 0.4042107589082, 0, 0, 0.2166903572952, -0, -0, -0, -0, -0, 0.216690403746, 0.002629980168438, 0, 0, 0, 0, 0, -0.004599323908103, 0.002629998977147, -0.04418326849451, -0.004599291015551, 0.04805079007638, -0.004599291015551, 49.30657125424, 49.32413217091, 49.30637115366, 49.32405914892, 121.7204593632, -0.2025709256867, 0.2002009831532, 0, 1, 49.99978201932, 50, 49.99977796755, -6.409810847174e-05, 0, 0, 0, 0, 0, 0, 0, 0, 121.7221196046, 118.7721498675, 121.7217062656, 118.7717533798, 121.7204593632, 118.7719516316, 121.7221207495, 118.7721498755, 0, 121.721707325, 118.7717533878, -0.01501945720675, 0, -0.2174247251909, -0.0144235377819, 0.1850012391026, -0.0144235377819, 0.7723227902451, 0.7733048590174, -0.8021441759991, -0.8016950961515, -0.01490680645237, -0.01416348400527, 0.7726244844515, 0.7733364885047, 0, -0.8024722723567, -0.8016634565153, 5.551115123126e-17, -0, -0, -0, 0.002629604176936, 0.3940883329052, 0.39123239088, 0.3940251180977, 0, 0.3912241634504, 0.3941515477127
8.8, 0.2063225165472, 0.1038399115423, -0.1960972051505, 0.1038901458435, 0.02440690855888, 1.427387378723e-06, 0.01830810082343, 0.002466485352046, 0, 0, 320.942661424, 0, -244.0328448217, 7527.25411136, 3131.104054974, 7532.320467638, 3133.924724662, 36.89518717128, 17.36453074714, 12.79759591947, 38.93828737438, -242.2165331764, -0.1833381418041, 242.8849549526, -0.3625235478702, 5405.423034422, 3976.084698127, 5409.285336695, 3968.279214442, 3, 1.422317302597, 44.26377204285, -1.426363668279, -44.04896721774, -1.42782023509, 0.2636987396354, -1.369537714834, 0.3451803330867, 0, 0, 0.2166774904776, -0, -0, -0, -0, -0, 0.2166774928205, 0.002397604182946, 0, 0, 0, 0, 0, -0.0005656415230286, 0.002397621327745, -0.0443164721571, -0.0005656374782654, 0.04792341606263, -0.0005656374782654, 49.44722247557, 49.4648328123, 49.44702136005, 49.46476139924, 122.0676803518, -0.202509888031, 0.2002610355768, 0, 1, 49.99982260573, 50, 49.9998164116, -5.310513664324e-05, 0, 0, 0, 0, 0, 0, 0, 0, 122.0693405704, 119.1193755476, 122.0689271038, 119.1189697002, 122.0676803518, 119.1191726249, 122.0693417183, 119.1193755486, 0, 122.0689281609, 119.1189697012, -0.01500329996567, 0, -0.2173470365076, -0.01476402639809, 0.1850779408615, -0.01476402639809, 0.7722324660087, 0.7732498734232, -0.8022344602736, -0.801750074364, -0.01499770737252, -0.01424620994765, 0.7725350695456, 0.7732537638692, 0, -0.802561687098, -0.8017461837645, -0, 5.551115123126e-17, -0, -0, 0.002629598203417, 0.3940872869205, 0.3912321080031, 0.3940795125343, 0, 0.3912243943513, 0.3940950613066
8.825, 0.2058314451478, -0.0001839280519573, -0.1966042837916, -0.0001839275413279, -0.00149044063776, -0.0004193984211372, 0.02564818445281, -0.001211514763895, 0, 0, 1000, 0, -1000, 7527.378228029, 3133.213245459, 7532.208184838, 3131.784155867, 23.80775760415, 30.88854948639, 26.08769463099, 27.08531305248, -243.2066133316, -3.264969545244, 242.0654540841, -3.48419896555, 5405.042105556, 3949.553148619, 5409.732760414, 3994.679229884, 3, -0.2238318390759, -0.9084145764017, 0.2458069861448, 0.04934317567752, -1.426522698589, 0.3165476163515, -1.37073755437, 0.2916766687833, 0, 0, 0.2166886003934, -0, -0, -0, -0, -0, 0.2166886045247, 0.002365655324708, 0, 0, 0, 0, 0, 0.003270160614901, 0.002365672242782, -0.04429013903791, 0.003270137228389, 0.04794049361607, 0.003270137228389, 49.58787347564, 49.60553462908, 49.58767189027, 49.60546253569, 122.4149013213, -0.2029535416524, 0.1998187075948, 0, 1, 49.99985606767, 50, 49.99988130273, 0.0001731514967891, 0, 0, 0, 0, 0, 0, 0, 0, 122.4165619805, 119.4666008021, 122.4161477838, 119.4661862406, 122.4149013213, 119.4663935155, 122.41656313, 119.4666007962, 0, 122.4161488387, 119.4661862347, -0.01499628370795, 0, -0.217783768274, -0.01508103268228, 0.1846425521379, -0.01508103268228, 0.7721439257526, 0.7731934043159, -0.80232306305, -0.8018065436902, -0.01508659033907, -0.01432906209237, 0.7724463500585, 0.7731709093454, 0, -0.8026504057442, -0.8018290335302, 5.551115123126e-17, -0, 5.551115123126e-17, -5.551115123126e-17, 0.002629483399511, 0.3940874173078, 0.3912328669643, 0.3941323636038, 0, 0.3912235029718, 0.3940424710118
8.85, 0.2056463889521, 0.006922229170829, -0.1967914245373, 0.006922432085392, -0.0004576899445421, -0.0004471449913667, 0.02623111541537, -0.0011420781068, 0, 0, 1000, 0, -1000, 7527.221792253, 3132.880444222, 7532.389687447, 3132.19077725, 22.23289916754, 30.19655050952, 27.65460100789, 27.72354621969, -243.5508646388, -3.18870997455, 241.7177440129, -3.400985470169, 5404.388215472, 3951.925546068, 5410.441641936, 3990.326365823, 3, -0.2752383484027, 1.942087062497, 0.3021725309196, -2.754547950773, -1.428169102302, 0.307424855008, -1.368854979131, 0.3021496229581, 0, 0, 0.2167171664989, -0, -0, -0, -0, -0, 0.2167171672445, 0.002590935476269, 0, 0, 0, 0, 0, 0.002782799771157, 0.002590954010328, -0.04407809582552, 0.002782779864753, 0.04814803661981, 0.002782779864753, 49.72852476091, 49.7462355841, 49.728322241, 49.74616461348, 122.7621223321, -0.2036720803886, 0.1990993797775, 0, 1, 49.9998915113, 50, 49.9999171203, 0.0001959531725618, 0, 0, 0, 0, 0, 0, 0, 0, 122.763784123, 119.8138217117, 122.7633680532, 119.8134078472, 122.7621223321, 119.8136147744, 122.763785271, 119.8138217066, 0, 122.7633691083, 119.8134078421, -0.01502979750352, 0, -0.2185366056598, -0.01505567563473, 0.1838888974503, -0.01505567563473, 0.7720573647929, 0.7731025617606, -0.8024096454165, -0.8018973857213, -0.01517310986207, -0.01441655237764, 0.7723583422012, 0.7730834195056, 0, -0.802738404063, -0.8019165242609, -0, -5.551115123126e-17, 5.551115123126e-17, -0, 0.0026293113208, 0.3940893900612, 0.3912341706504, 0.3941276378896, 0, 0.3912220896694, 0.3940511422328
8.875, 0.2004844464729, -0.08699275728756, -0.2019378648848, -0.0869571640811, -0.02354530238381, -0.000714179732886, 0.01638067605919, -0.0007949828612722, 0, 0, 1000, 0, -1000, 7526.910470097, 3134.016975773, 7532.729819897, 3131.008930684, 18.36261756754, 40.92461691556, 31.30773145377, 17.6824367511, -243.9265304786, -5.075652256427, 241.3066607683, -5.786572008085, 5403.731883162, 3934.579139224, 5411.094909561, 4006.843443468, 3, -1.686386253801, -37.53431265966, 1.683791034606, 38.16623357352, -1.431442176375, 0.335780843996, -1.365305094719, 0.2729297415531, 0, 0, 0.2167442049681, -0, -0, -0, -0, -0, 0.2167442216873, 0.002951047857504, 0, 0, 0, 0, 0, 0.005236791572537, 0.002951068972868, -0.04418621878208, 0.005236754102462, 0.04804070831951, 0.005236754102462, 49.86917317446, 49.88693749339, 49.86897565021, 49.88686598441, 123.109343613, -0.1972463743047, 0.2055229657199, 0, 1, 49.99992791951, 50, 49.99991355199, -6.678133547036e-05, 0, 0, 0, 0, 0, 0, 0, 0, 123.1110013479, 120.1610459811, 123.1105937554, 120.1606265932, 123.109343613, 120.1608362776, 123.111002465, 120.1610459715, 0, 123.1105948449, 120.1606265836, -0.01505388513452, 0, -0.2121345109153, -0.01525660981939, 0.1902888266557, -0.01525660981939, 0.7719688136422, 0.773036053332, -0.8024981800896, -0.8019638974097, -0.01525869719088, -0.01449994133205, 0.7722705304788, 0.7730000274602, 0, -0.8028262046792, -0.8019999101243, -0, -5.551115123126e-17, -0, -0, 0.002629176764075, 0.394090214905, 0.3912354775162, 0.3941621913034, 0, 0.3912207889551, 0.3940182385067
8.9, 0.1958207070353, -0.105584788584, -0.2066028239359, -0.1055331189566, -0.02704252288317, -0.0001279076686794, -0.01347246861229, 0.01103148982215, 0, 0, 17.35577754975, 0, 187.0428713101, 7526.373642294, 3130.999243447, 7533.279135648, 3134.015382992, 12.3087624157, 38.93292135411, 37.33012569723, 16.94384292964, -243.5803795707, -0.1194185841859, 241.5110633722, -0.3023697678678, 5404.046153333, 3969.622183496, 5410.735659838, 3971.93726667, 3, -1.529671582102, -44.56604733482, 1.517332628072, 45.58072711564, -1.437083887375, 0.2610255627873, -1.359558322669, 0.3474091532212, 0, 0, 0.2167444339185, -0, -0, -0, -0, -0, 0.2167444331845, 0.00330927869981, 0, 0, 0, 0, 0, 0.0001677675889535, 0.003309302378441, -0.04381491585802, 0.0001677663885474, 0.04840890971583, 0.0001677663885474, 50.00982528719, 50.02764003553, 50.00962560819, 50.02756677557, 123.4565654426, -0.1999879279568, 0.2027815319579, 0, 1, 49.99996296987, 50, 49.99993584286, -0.0001722087599422, 0, 0, 0, 0, 0, 0, 0, 0, 123.4582258622, 120.5082626874, 123.4578129042, 120.5078536304, 123.4565654426, 120.5080581586, 123.4582269847, 120.5082626871, 0, 123.4578139858, 120.5078536301, -0.01513155299064, 0, -0.2149551554459, -0.01488078697405, 0.1874683132745, -0.01488078697405, 0.7718823451516, 0.7729067351941, -0.8025846642194, -0.8020932116928, -0.01534542108913, -0.01459439217494, 0.7721815260866, 0.7729055812617, 0, -0.802915203566, -0.8020943656116, -0, -0, -0, -0, 0.002629169083128, 0.3940900802272, 0.3912348534272, 0.394092386087, 0, 0.3912215024756, 0.3940877743675
8.925, 0.1953243668745, -0.1075529681435, -0.2070985799167, -0.1074996974758, -0.0269617432626, -6.110667348082e-06, -0.01670127380174, 0.00491083384498, 0, 0, -155.7865487536, 0, 267.8675162309, 7526.382548725, 3130.999780205, 7533.271815049, 3134.037892702, 12.20101332244, 38.98535686009, 37.42329090429, 17.00602423453, -243.030713788, 0.4826041716555, 242.0554917038, 0.2922551642351, 5405.422346134, 3971.112393068, 5409.313979736, 3970.975293386, 3, -1.352952470482, -45.13794459802, 1.338355267889, 45.94772267865, -1.437001996122, 0.2616606070417, -1.359649065108, 0.347165020498, 0, 0, 0.2167294510878, -0, -0, -0, -0, -0, 0.216729451133, 0.003099604188774, 0, 0, 0, 0, 0, -9.93522970762e-06, 0.00309962636407, -0.04398276002104, -9.935158629163e-06, 0.04824083712214, -9.935158629163e-06, 50.15047671242, 50.16834242903, 50.15027649659, 50.1682679702, 123.8037876674, -0.2002082197121, 0.2025613149606, 0, 1, 49.99999461125, 50, 49.99997126918, -0.0001675938646676, 0, 0, 0, 0, 0, 0, 0, 0, 123.8054485021, 120.8554852145, 123.8050345109, 120.8550753383, 123.8037876674, 120.8552802764, 123.8054496301, 120.8554852145, 0, 123.8050355872, 120.8550753383, -0.01515946883823, 0, -0.2152027415429, -0.01491058924688, 0.187220826451, -0.01491058924688, 0.7717889381266, 0.7728147551232, -0.8026780727212, -0.802185191544, -0.01543910960413, -0.0146851498748, 0.7720892630406, 0.7728148234588, 0, -0.803007466846, -0.8021851232084, -0, -0, -0, -0, 0.002629218405397, 0.3940895540972, 0.39123211113, 0.3940894175437, 0, 0.3912243354746, 0.3940896906506
8.95, 0.1952731181093, -0.1170721399418, -0.2071507467091, -0.1170090468238, -0.02895298279368, 0.0003103068429347, -0.03780843928261, -0.003892900908195, 0, 0, -1000, 0, 1000, 7526.704156788, 3129.690532084, 7532.944305062, 3135.333082498, 18.91808712177, 39.62019831512, 30.78901364043, 17.76579640048, -242.3188112521, 2.673221856585, 242.9133947345, 2.529865749274, 5406.719954387, 3990.859390841, 5408.005131346, 3952.464654767, 3, -1.270835430625, -49.50929920153, 1.266235196088, 49.47426580152, -1.43363774936, 0.2292856654526, -1.363099854173, 0.3792870201446, 0, 0, 0.2167069159987, -0, -0, -0, -0, -0, 0.2167069372041, 0.002672761052979, 0, 0, 0, 0, 0, -0.002782358902029, 0.002672780170563, -0.04452813098425, -0.002782339000657, 0.04769331701368, -0.002782339000657, 50.2911267019, 50.30904442013, 50.2909290195, 50.30896983187, 124.1510101969, -0.1963961382432, 0.2063743267431, 0, 1, 50.00002193622, 50, 50.00001929689, -6.16523964966e-05, 0, 0, 0, 0, 0, 0, 0, 0, 124.1526687464, 121.2027052942, 124.152259019, 121.2022997906, 124.1510101969, 121.2025025473, 124.1526698683, 121.2027052991, 0, 124.1522601046, 121.2022997955, -0.01519859052879, 0, -0.2114277099827, -0.01475152064049, 0.1909968322614, -0.01475152064049, 0.7716918645195, 0.7727006515759, -0.8027751667793, -0.8022992980802, -0.01553530781665, -0.01478018593903, 0.7719959114233, 0.7727197870319, 0, -0.8031008244726, -0.80228015891, 5.551115123126e-17, -0, -0, -0, 0.00262927225168, 0.3940883221991, 0.3912295233774, 0.3940500804301, 0, 0.3912269458713, 0.394126563968
8.975, 0.1956419284252, -0.1168134361923, -0.206783744997, -0.1167500136188, -0.03007697907745, 0.0001728700635706, -0.03808036015792, -0.00409753416446, 0, 0, -1000, 0, 1000, 7527.059402137, 3129.787669163, 7532.582757856, 3135.313499528, 17.45816845963, 39.97582213661, 32.21731676467, 16.9068334316, -242.7576811272, 1.839950878695, 242.4520661984, 1.668565292798, 5406.266493641, 3992.342925434, 5408.472143991, 3951.525043891, 3, -1.488406898544, -50.08585139926, 1.48733529009, 49.96573339808, -1.429917368918, 0.2304864697515, -1.366910720994, 0.3796230138219, 0, 0, 0.2166808578778, -0, -0, -0, -0, -0, 0.2166808802912, 0.002465713383553, 0, 0, 0, 0, 0, -0.00295795745658, 0.002465731015936, -0.04467815555576, -0.002957936304293, 0.04754580169253, -0.002957936304293, 50.43177820223, 50.44974554009, 50.43158018571, 50.44967255093, 124.4982329752, -0.1963012082327, 0.2064694679315, 0, 1, 50.00005434457, 50, 50.00005469811, -3.929385526583e-05, 0, 0, 0, 0, 0, 0, 0, 0, 124.499891762, 121.5499284515, 124.4994812046, 121.5495220383, 124.4982329752, 121.5497252501, 124.4998928875, 121.5499284567, 0, 124.4994822872, 121.5495220435, -0.01522982497366, 0, -0.2113634668443, -0.01478460911875, 0.1910613182977, -0.01478460911875, 0.7715990051788, 0.7726093104259, -0.80286801232, -0.8023906392375, -0.01562840332243, -0.01487031933806, 0.7719040771855, 0.7726296533948, 0, -0.8031926619818, -0.8023702920709, 5.551115123126e-17, -0, 5.551115123126e-17, -0, 0.002629303302087, 0.3940877803819, 0.3912304258879, 0.3940471251214, 0, 0.3912260164047, 0.3941284356423
9, 0.2036803439974, 0.08963595486544, -0.1987402386796, 0.08967342681237, 0.02038690660161, 0.0003652051027269, -0.01633548697276, -0.00102933208076, 0, 0, -1000, 0, 1000, 7526.882968194, 3128.19542826, 7532.762291136, 3136.929683961, 31.46554621835, 17.06047430028, 18.14087503643, 40.33401736393, -242.7128063396, 3.748190549495, 242.5142022633, 3.381613669569, 5404.109726607, 4009.804455374, 5410.666505144, 3934.546598311, 3, 1.41191813603, 38.23690441243, -1.416584607705, -37.83537854747, -1.431772516752, 0.190571668273, -1.365046936211, 0.4200828984232, 0, 0, 0.2166670156036, -0, -0, -0, -0, -0, 0.2166670791963, 0.002892949685131, 0, 0, 0, 0, 0, -0.005453725925374, 0.002892970370049, -0.04380225300191, -0.005453686930871, 0.04842553856804, -0.005453686930871, 50.57243360128, 50.59044737203, 50.57222756702, 50.59037480059, 124.8454558185, -0.205197532757, 0.1975720003434, 0, 1, 50.00008230182, 50, 50.00007144888, -8.447097732027e-05, 0, 0, 0, 0, 0, 0, 0, 0, 124.8471216094, 121.8971487848, 124.8466968631, 121.8967472511, 124.8454558185, 121.8969480275, 124.8471227596, 121.8971487943, 0, 124.8466979139, 121.8967472607, -0.01529566766324, 0, -0.220329019259, -0.01460710160894, 0.1820946298218, -0.01460710160894, 0.7715162559763, 0.7725023114673, -0.8029507300621, -0.8024976444836, -0.01571413771339, -0.01496015539125, 0.7718153502423, 0.7725398154494, 0, -0.8032813831681, -0.8024601262319, 5.551115123126e-17, -0, -5.551115123126e-17, -5.551115123126e-17, 0.00262926122792, 0.3940872979621, 0.3912347268534, 0.3940123399375, 0, 0.391221640138, 0.3941622559867
9.025, 0.2071148363518, 0.1179032378024, -0.1953046285463, 0.1179679428719, 0.0269593154924, -0.000250904605169, 0.03784424278623, -0.003542108787859, 0, 0, 1000, 0, -1000, 7526.845944036, 3131.858827378, 7532.817307573, 3133.194865288, 33.20268746856, 16.79541037284, 16.39160672956, 39.91825418491, -243.0013967076, -1.84386407038, 242.199657908, -2.004534759756, 5403.367614293, 3962.570737532, 5411.46766597, 3981.992826196, 3, 1.384531728439, 50.21329254653, -1.384220143494, -49.71826524646, -1.432167077154, 0.2822291509938, -1.364487254505, 0.3271028288835, 0, 0, 0.2166785115083, -0, -0, -0, -0, -0, 0.2166785083008, 0.003039375603527, 0, 0, 0, 0, 0, 0.001407464323094, 0.003039397337713, -0.0436336994905, 0.001407454258569, 0.04858799532642, 0.001407454258569, 50.71308551298, 50.73114942142, 50.71287849324, 50.73107684396, 125.1926785759, -0.2052911708838, 0.1974786825952, 0, 1, 50.00011082335, 50, 50.00010124617, -3.517509588967e-05, 0, 0, 0, 0, 0, 0, 0, 0, 125.194344589, 122.2443791298, 125.1939195556, 122.2439624707, 125.1926785759, 122.2441707977, 125.1943457352, 122.2443791272, 0, 125.1939206096, 122.2439624681, -0.01528261176057, 0, -0.2204102305553, -0.01515733934568, 0.1820137437903, -0.01515733934568, 0.771427117389, 0.7724699170632, -0.8030399053291, -0.8025300282993, -0.01580345619584, -0.0150397362531, 0.771725061848, 0.772460235953, 0, -0.8033716663495, -0.8025397084592, -0, -0, -0, -0, 0.002629120160049, 0.394087087965, 0.3912362060425, 0.3941064326749, 0, 0.3912200432615, 0.3940677432552
9.05, 0.201246552368, -0.08791945780509, -0.201172426117, -0.08788345317806, -0.02337770242443, -0.0006118536202161, 0.01653960821493, -0.0003911579995185, 0, 0, 1000, 0, -1000, 7526.729636079, 3134.06205873, 7532.963466752, 3130.957365668, 19.15589603868, 40.70486111646, 30.37887101773, 17.31910268313, -243.4563832627, -4.633166714317, 241.7964970808, -5.258357948836, 5404.411030598, 3934.293202163, 5410.470569841, 4009.218009918, 3, -1.59696801848, -37.31550994876, 1.589638241213, 38.37100085339, -1.433396099313, 0.3375933623406, -1.362968247753, 0.2711093287245, 0, 0, 0.2167086497114, -0, -0, -0, -0, -0, 0.2167086680481, 0.003011726763387, 0, 0, 0, 0, 0, 0.005429590790681, 0.003011748305851, -0.04411898799936, 0.005429551953841, 0.048096752736, 0.005429551953841, 50.85373398684, 50.87185211772, 50.85353292326, 50.87177832145, 125.539901305, -0.1976144826566, 0.2051542486399, 0, 1, 50.00013864443, 50, 50.0001164057, -8.554513673096e-05, 0, 0, 0, 0, 0, 0, 0, 0, 125.5415622804, 122.5916067519, 125.5411477294, 122.5911806561, 125.539901305, 122.5913936939, 125.541563399, 122.5916067418, 0, 125.5411488167, 122.591180646, -0.01528660415635, 0, -0.2127356219965, -0.01550062766649, 0.1896872054303, -0.01550062766649, 0.7713319772536, 0.7724123135131, -0.803135077845, -0.8025876359215, -0.01589565188936, -0.01512500639692, 0.7716332339647, 0.7723749612485, 0, -0.8034634861643, -0.8026249740423, -0, 5.551115123126e-17, -0, -0, 0.002628929859532, 0.3940881344735, 0.391234124987, 0.3941627607757, 0, 0.3912220323382, 0.3940135081713
9.075, 0.1954244447695, -0.1202498610271, -0.2070017787756, -0.1201830562161, -0.03042144414676, 0.0001241705386568, -0.03796862590413, -0.00395387745738, 0, 0, -1000, 0, 1000, 7526.431361217, 3130.027816627, 7533.293309429, 3134.891095081, 16.5171781505, 40.05397479264, 33.05621911348, 16.47016193754, -242.908685271, 1.52799276874, 242.301159162, 1.358354784537, 5405.473323583, 3983.148976732, 5409.420959127, 3959.68074033, 3, -1.505242797171, -50.92696561009, 1.507361014066, 51.31416886945, -1.436534992284, 0.2373801749913, -1.359520815053, 0.3693697226358, 0, 0, 0.2167440768509, -0, -0, -0, -0, -0, 0.2167440882575, 0.00309939916311, 0, 0, 0, 0, 0, -0.001700677315114, 0.003099421339932, -0.04415023160939, -0.001700665146512, 0.04805780304785, -0.001700665146512, 50.99438525776, 51.01255485583, 50.99418466276, 51.01247988526, 125.8871241645, -0.1971509372319, 0.2056173486668, 0, 1, 50.00016492362, 50, 50.00015897504, 7.906602641006e-06, 0, 0, 0, 0, 0, 0, 0, 0, 125.8887859407, 122.9388226914, 125.8883702721, 122.9384107368, 125.8871241645, 122.9386167171, 125.888787058, 122.9388226944, 0, 125.8883713606, 122.9384107399, -0.01537675589467, 0, -0.2123620797482, -0.01498619553177, 0.1900602753753, -0.01498619553177, 0.7712396598525, 0.7722634459611, -0.8032274361495, -0.8027365008576, -0.01598727384258, -0.01522483002315, 0.7715411282804, 0.7722751426924, 0, -0.8035555802641, -0.8027248027387, -5.551115123126e-17, -0, -0, -0, 0.002628763917545, 0.3940888148492, 0.3912320087018, 0.3940654401118, 0, 0.3912241234186, 0.3941121895867
9.1, 0.2026189285974, 0.08570186720324, -0.1997955275998, 0.08573653141193, 0.01966386917184, 0.0005947987554852, -0.01682703702997, -0.0001274309363534, 0, 0, -1000, 0, 1000, 7526.40956921, 3127.33124248, 7533.33668674, 3137.566326913, 30.78321245724, 17.4638236711, 18.72929806069, 40.6567327771, -242.1694075532, 5.504726934798, 243.0782477874, 4.833354284385, 5405.242807462, 4016.351558568, 5409.623945965, 3925.640276989, 3, 1.540567863501, 37.38340459111, -1.554028773635, -36.21898620552, -1.436772705421, 0.1696739604577, -1.359078754417, 0.4365857827086, 0, 0, 0.2167664545366, -0, -0, -0, -0, -0, 0.2167665436775, 0.00313323756009, 0, 0, 0, 0, 0, -0.006573592312432, 0.003133259983662, -0.04362734313637, -0.006573545267646, 0.04857901762765, -0.006573545267646, 51.13504069157, 51.15325645188, 51.13483240365, 51.15318275444, 126.2343473448, -0.205604501493, 0.1971627296854, 0, 1, 50.00018848858, 50, 50.00016082278, -0.0001351779842638, 0, 0, 0, 0, 0, 0, 0, 0, 126.2360161719, 123.2860413501, 126.2355867121, 123.2856386004, 126.2343473448, 123.2858399868, 126.2360173204, 123.2860413617, 0, 126.235587763, 123.2856386119, -0.01545299797589, 0, -0.22089390761, -0.01465133938719, 0.1815273631714, -0.01465133938719, 0.7711506584879, 0.7721335194063, -0.8033164368396, -0.8028664394652, -0.01607948120679, -0.01532124612221, 0.7714485566897, 0.7721787229477, 0, -0.8036481396828, -0.8028212151921, -0, -0, -0, -0, 0.002628689751527, 0.3940896469725, 0.3912324706321, 0.393999297091, 0, 0.3912237160612, 0.3941799968539
9.125, 0.2043984594263, 0.09634050195147, -0.1980203609391, 0.09638389752531, 0.02145357426585, 0.0002785814202162, -0.01531039706951, -0.00218838763796, 0, 0, -1000, 0, 1000, 7526.471492706, 3128.588674212, 7533.282484626, 3136.295485094, 33.10789706018, 16.85418008866, 16.46031154421, 40.14779368311, -242.4597389414, 2.63523487828, 242.7414797355, 2.394510063598, 5404.187767907, 4000.125206932, 5410.625265323, 3941.868158546, 3, 1.432627944307, 40.75650605802, -1.431396703411, -41.04224745754, -1.43613161194, 0.2003648455022, -1.359660406433, 0.4055657648105, 0, 0, 0.2167691876899, -0, -0, -0, -0, -0, 0.2167692317044, 0.003240847440364, 0, 0, 0, 0, 0, -0.004221725013734, 0.003240870634651, -0.04357893519652, -0.004221694799649, 0.04862725135356, -0.004221694799649, 51.27569233689, 51.29395831289, 51.27548412865, 51.29388548821, 126.5815709216, -0.2044647586916, 0.1983017555243, 0, 1, 50.00021296838, 50, 50.00021866455, 2.132057692087e-05, 0, 0, 0, 0, 0, 0, 0, 0, 126.5832395228, 123.6332680036, 126.5828105547, 123.6328592042, 126.5815709216, 123.6330636115, 126.5832406642, 123.6332680111, 0, 126.5828116131, 123.6328592118, -0.01548458041508, 0, -0.2197859199271, -0.01487141557123, 0.1826346303185, -0.01487141557123, 0.7710590536977, 0.7720632091778, -0.8034080405981, -0.8029367420446, -0.01617067708347, -0.01540772893407, 0.771356622979, 0.7720922424017, 0, -0.8037400710731, -0.8029077002699, -0, 5.551115123126e-17, -0, -0, 0.002628713628977, 0.3940896469726, 0.3912345725555, 0.3940316220241, 0, 0.3912217211225, 0.394147671921
9.15, 0.2070846112941, 0.1213792131309, -0.1953245803213, 0.1214479272022, 0.02729956881166, -0.0002495727918074, 0.03819098463304, -0.00390163962113, 0, 0, 1000, 0, -1000, 7526.485974224, 3131.674989378, 7533.259118062, 3133.189305202, 32.30355885024, 16.55606974563, 17.22372045448, 40.14673134327, -242.8965320709, -1.945113090352, 242.3160227466, -2.104804224664, 5403.347772748, 3961.250091159, 5411.42660193, 3981.788638351, 3, 1.452473692526, 51.74132543985, -1.468342673574, -51.17482246542, -1.435989527197, 0.2772593814511, -1.359917605202, 0.3282146738097, 0, 0, 0.2167515374903, -0, -0, -0, -0, -0, 0.2167515336388, 0.003341451561202, 0, 0, 0, 0, 0, 0.001488370950159, 0.003341475471603, -0.04337296719473, 0.001488360299909, 0.04883121404591, 0.001488360299909, 51.41634510866, 51.43466087255, 51.41613490939, 51.43458767834, 126.9287948952, -0.2059455137822, 0.1968226100179, 0, 1, 50.00023416396, 50, 50.00021650342, -0.0001366500398909, 0, 0, 0, 0, 0, 0, 0, 0, 126.930464687, 123.9804983602, 126.9300330966, 123.9800764515, 126.9287948952, 123.9802874031, 126.9304658308, 123.9804983575, 0, 126.9300341507, 123.9800764488, -0.01549097350017, 0, -0.2212738707705, -0.01534830973278, 0.1811483245225, -0.01534830973278, 0.7709681526199, 0.7720199795164, -0.8034989606003, -0.8029799645048, -0.01626227696763, -0.01549022964991, 0.7712643167309, 0.7720097418293, 0, -0.8038323824144, -0.8029902011291, -0, -0, -5.551115123126e-17, -0, 0.002628809213515, 0.3940886067102, 0.3912362469193, 0.3941090634305, 0, 0.3912201236505, 0.3940681499899
9.175, 0.2063930705313, 0.09888230898876, -0.1960218933863, 0.09892823822344, 0.02257113384572, -0.0002568690048989, 0.03651350999673, -0.002110099362153, 0, 0, 1000, 0, -1000, 7526.37748858, 3132.40023248, 7533.35214004, 3132.608764602, 29.58637123966, 19.27263607381, 20.01148475913, 37.75482172978, -242.6798267466, -2.255329354988, 242.5680286052, -2.421017403535, 5404.115446059, 3952.933323109, 5410.642791722, 3990.17022081, 3, 1.262193339574, 42.3019331341, -1.269511258683, -42.22070854831, -1.437138829152, 0.2957736375573, -1.358952422958, 0.3124472945017, 0, 0, 0.2167215084272, -0, -0, -0, -0, -0, 0.2167215061419, 0.003304805255195, 0, 0, 0, 0, 0, 0.002698453603231, 0.003304828896815, -0.04338813457902, 0.002698434299414, 0.04881813763105, 0.002698434299414, 51.55699736477, 51.57536416638, 51.55678635279, 51.57528918037, 127.2760191508, -0.2063731392841, 0.1963959568585, 0, 1, 50.00025529942, 50, 50.00024988649, -7.242967616729e-05, 0, 0, 0, 0, 0, 0, 0, 0, 127.2776894791, 124.3277244036, 127.2772564051, 124.3272987535, 127.2760191508, 124.3275115735, 127.2776906256, 124.3277243986, 0, 127.2772574563, 124.3272987485, -0.01552273600869, 0, -0.2217332268813, -0.01548441784125, 0.1806899803415, -0.01548441784125, 0.7708744424426, 0.7719383197932, -0.8035926631583, -0.8030616244367, -0.01635617590527, -0.01558021253701, 0.7711707089539, 0.7719197578312, 0, -0.8039259970248, -0.8030801829052, -0, -0, -0, -0, 0.002628916552339, 0.3940885418499, 0.3912347176116, 0.3941256303934, 0, 0.391221685101, 0.3940514533064
9.2, 0.2061854189912, 0.1092339244684, -0.1962275532012, 0.1092901950574, 0.02567749471347, -0.0001084110431689, 0.03750079883886, -0.002817482247731, 0, 0, 1000, 0, -1000, 7526.621024246, 3132.300127403, 7533.097927751, 3132.776774045, 30.22270621801, 17.64004178253, 19.3159996094, 38.84833306197, -242.0946503991, -1.434546523028, 243.147506871, -1.60743788783, 5405.785072872, 3957.559078154, 5408.992892751, 3986.090264482, 3, 1.593623756769, 47.21007910931, -1.6051172276, -46.75610296645, -1.434594970903, 0.2937114258881, -1.361629946988, 0.3158569578805, 0, 0, 0.2166969563589, -0, -0, -0, -0, -0, 0.2166969540333, 0.002872927000376, 0, 0, 0, 0, 0, 0.002067575098985, 0.002872947547808, -0.04370636720375, 0.002067560311608, 0.04850317644161, 0.002067560311608, 51.69764965625, 51.71606713203, 51.69743785527, 51.71599118698, 127.6232434906, -0.2068561587685, 0.1959132509288, 0, 1, 50.00027688532, 50, 50.00026275019, -0.0001200478642033, 0, 0, 0, 0, 0, 0, 0, 0, 127.6249143982, 124.6749488266, 127.6244798307, 124.674522857, 127.6232434906, 124.674735838, 127.6249155558, 124.6749488228, 0, 127.6244808722, 124.6745228532, -0.01555266949106, 0, -0.2222449991521, -0.01549603944012, 0.1801785480438, -0.01549603944012, 0.7707764144461, 0.7718394229293, -0.8036906731316, -0.8031605204929, -0.01645487245781, -0.01567476973631, 0.7710748513924, 0.7718252009493, 0, -0.8040218592118, -0.803174740422, -0, -0, -0, -5.551115123126e-17, 0.002628963053264, 0.3940879984061, 0.3912313900112, 0.3941164159224, 0, 0.3912249735776, 0.3940595808899
9.225, 0.2068764626361, 0.1186499806069, -0.1955390274112, 0.1187162232162, 0.02823513780969, -6.017635713336e-06, 0.03816290276024, -0.003892418105403, 0, 0, 1000, 0, -1000, 7527.176015136, 3132.14249721, 7532.537952672, 3133.136847764, 31.95844913872, 16.24641061016, 17.57278459239, 39.99768851129, -241.772460314, -0.7704182323491, 243.445079904, -0.9510850285622, 5406.87049991, 3964.177102519, 5407.93274905, 3978.787299912, 3, 1.836577450425, 51.17951275348, -1.842657944382, -50.78977807461, -1.428779996837, 0.2898362560763, -1.367519035955, 0.3237327352576, 0, 0, 0.216671144248, -0, -0, -0, -0, -0, 0.2166711424254, 0.002291465979156, 0, 0, 0, 0, 0, 0.001058760050573, 0.002291482364022, -0.04414047054752, 0.001058752480084, 0.04807161993732, 0.001058752480084, 51.83830176735, 51.85676991181, 51.83808962647, 51.85669347327, 127.9704679704, -0.2068879682433, 0.1958813906771, 0, 1, 50.0002972067, 50, 50.00028500632, -0.0001099233680249, 0, 0, 0, 0, 0, 0, 0, 0, 127.9721390937, 125.0221731846, 127.971703744, 125.0217475881, 127.9704679704, 125.0219603844, 127.9721402631, 125.0221731827, 0, 127.9717047759, 125.0217475861, -0.015577112819, 0, -0.22229963151, -0.01548246830832, 0.1801238961098, -0.01548246830832, 0.7706771924263, 0.77173695687, -0.8037898804074, -0.8032629858965, -0.016554868878, -0.0157702967661, 0.7709785918608, 0.7717296743483, 0, -0.8041181215364, -0.8032702678805, -0, 5.551115123126e-17, -0, -0, 0.00262897421137, 0.3940886808068, 0.3912292255342, 0.3941032327962, 0, 0.3912270879003, 0.3940741288174
9.25, 0.2061923876828, 0.07392231995059, -0.1962279489716, 0.07394796219932, 0.01739425013521, -0.0001402108945938, 0.0338888531039, -0.0003751142971407, 0, 0, 1000, 0, -1000, 7527.860301157, 3133.009602833, 7531.856079076, 3132.415604031, 28.31184206743, 21.82223694956, 21.24726197831, 34.85916232536, -242.0928657315, -1.750326048946, 243.1739766654, -1.931791189666, 5407.058077353, 3957.667240235, 5407.757425797, 3985.144299591, 3, 1.117928090873, 31.73325720224, -1.11915297343, -31.58094345585, -1.421602789665, 0.3116490474522, -1.374692794279, 0.3049268390736, 0, 0, 0.2166451727535, -0, -0, -0, -0, -0, 0.2166451734334, 0.001746704622022, 0, 0, 0, 0, 0, 0.001991185465356, 0.00174671710864, -0.04460725476612, 0.001991171231127, 0.04760319824697, 0.001991171231127, 51.97895327845, 51.99747280609, 51.97874209436, 51.99739572608, 128.3176925895, -0.2054916211359, 0.197277982288, 0, 1, 50.00031433728, 50, 50.00030730884, -9.30672524393e-05, 0, 0, 0, 0, 0, 0, 0, 0, 128.3193627184, 125.3693994593, 128.3189290038, 125.368970429, 128.3176925895, 125.3691849404, 128.3193638927, 125.3693994556, 0, 128.3189300336, 125.3689704253, -0.0155802881709, 0, -0.2209047059617, -0.01560738069307, 0.1815191135161, -0.01560738069307, 0.7705786589959, 0.7716507231333, -0.8038884267194, -0.8033492193839, -0.01665367158941, -0.01586294369458, 0.770883245458, 0.7716370266129, 0, -0.804213469652, -0.8033629140021, -0, -0, -0, -0, 0.002628959568182, 0.3940888328897, 0.3912288494056, 0.3941162004787, 0, 0.3912274398202, 0.3940614653007
9.275, 0.2035376885172, -0.06130512671079, -0.1988864150852, -0.06128742691375, -0.01651656643217, -0.0004267618721213, 0.01874616750238, -1.07207758464e-05, 0, 0, 1000, 0, -1000, 7528.294579038, 3133.887962538, 7531.429005876, 3131.555077712, 20.16247233354, 37.56465626257, 29.4028939218, 19.96856992161, -243.0330848259, -3.46254918775, 242.2247434291, -3.785473308912, 5406.526437578, 3949.140505844, 5408.304280717, 3994.593599847, 3, -1.112313861653, -26.6274208701, 1.114334086458, 26.74999624392, -1.417043910459, 0.3330731679536, -1.379196140202, 0.2840397238258, 0, 0, 0.2166229341931, -0, -0, -0, -0, -0, 0.2166229423974, 0.001510635018675, 0, 0, 0, 0, 0, 0.003293858297032, 0.001510645815492, -0.04510611858671, 0.003293834755321, 0.04710372092155, 0.003293834755321, 52.11960303388, 52.13817496092, 52.11939639941, 52.13809875812, 128.6649173056, -0.1996310686615, 0.2031380283484, 0, 1, 50.00033145493, 50, 50.00032601949, -7.649941272482e-05, 0, 0, 0, 0, 0, 0, 0, 0, 128.6665833501, 125.7166258293, 128.6661575003, 125.7161931927, 128.6649173056, 125.7164095048, 128.6665845061, 125.716625823, 0, 128.6661585522, 125.7161931865, -0.01558341647902, 0, -0.2150453715105, -0.01573857099461, 0.1873779792497, -0.01573857099461, 0.7704821073318, 0.7715691751149, -0.8039849829156, -0.8034307680673, -0.01674834006148, -0.01595345190439, 0.7707901010798, 0.7715465170841, 0, -0.8043066143294, -0.8034534208929, -5.551115123126e-17, -0, -0, -0, 0.00262891607226, 0.3940879135861, 0.3912299057818, 0.3941331855921, 0, 0.3912263532869, 0.3940426415802
9.3, 0.1988284388318, -0.09796354119534, -0.2035981825459, -0.09791854582255, -0.02478705511542, -0.0003474502356702, 0.01205247451254, -0.0002978960598636, 0, 0, 913.1706444668, 0, -882.4251294416, 7528.185830273, 3132.996250704, 7531.555808566, 3132.375268388, 15.28461442596, 39.7704067263, 34.21074535582, 16.95906493657, -243.642385693, -2.1385853417, 241.5375400642, -2.355884070505, 5405.520522901, 3958.408149143, 5409.345766741, 3986.201921185, 3, -1.525409545189, -42.26483675124, 1.533514907497, 42.16233385535, -1.418179295493, 0.3115794176832, -1.377891329086, 0.3043085015237, 0, 0, 0.2166202316932, -0, -0, -0, -0, -0, 0.2166202324371, 0.001749700868305, 0, 0, 0, 0, 0, 0.002014136742562, 0.001749713373463, -0.04498727071296, 0.002014122347577, 0.04722459466073, 0.002014122347577, 52.26025458925, 52.27887830164, 52.26004894032, 52.27880063243, 129.0121419258, -0.1988956554501, 0.2038714972866, 0, 1, 50.00035201297, 50, 50.00035536741, 1.070098091623e-05, 0, 0, 0, 0, 0, 0, 0, 0, 129.0138076468, 126.0638491647, 129.013382412, 126.063419181, 129.0121419258, 126.0636341691, 129.013808796, 126.0638491609, 0, 129.0133834705, 126.0634191773, -0.01561328563665, 0, -0.214340272979, -0.01564206095927, 0.1880811301666, -0.01564206095927, 0.7703920818577, 0.771468294696, -0.8040749862988, -0.8035316475832, -0.01683758620456, -0.01604552981105, 0.7706992656759, 0.7714544403554, 0, -0.8043974413338, -0.8035454999775, -0, -0, -0, -0, 0.002628795926788, 0.3940870415191, 0.3912319102333, 0.394114724559, 0, 0.3912242779348, 0.3940593584793
9.325, 0.1981201847141, -0.09511989692139, -0.2043068728042, -0.09507740115373, -0.02467401088883, -0.0003367848230705, 0.01015739934007, 0.0009242741305852, 0, 0, 843.6168436761, 0, -799.2104582855, 7527.889884621, 3132.461704764, 7531.875111351, 3133.007305147, 14.7671974944, 39.27802528901, 34.70393464976, 17.23412476864, -243.9374763761, -1.751399373512, 241.2338528084, -1.947603618031, 5404.929564174, 3963.130721562, 5409.982211487, 3980.110749623, 3, -1.629487000881, -41.13157536974, 1.638720495608, 41.18555219646, -1.42127997554, 0.2973540517462, -1.374566005049, 0.3205197103696, 0, 0, 0.2166304960305, -0, -0, -0, -0, -0, 0.2166304945828, 0.002072951959327, 0, 0, 0, 0, 0, 0.001230495032774, 0.002072966776173, -0.04476352131568, 0.001230486237624, 0.04744289893936, 0.001230486237624, 52.40090668778, 52.41958032383, 52.4007009469, 52.41950381931, 129.3593664979, -0.198710991761, 0.2040555521519, 0, 1, 50.0003684321, 50, 50.00036977153, 2.436648095404e-05, 0, 0, 0, 0, 0, 0, 0, 0, 129.3610324806, 126.4110730316, 129.3606068649, 126.4106448069, 129.3593664979, 126.4108589169, 129.3610336232, 126.4110730293, 0, 129.3606079292, 126.4106448046, -0.01564084154703, 0, -0.2141840010603, -0.01557807531993, 0.1882367976553, -0.01557807531993, 0.7703027387541, 0.7713715350727, -0.8041643583778, -0.8036284070757, -0.01692637130916, -0.01613689945805, 0.7706083956812, 0.771363071253, 0, -0.8044883029668, -0.8036368701691, -0, -0, -0, -0, 0.002628638622462, 0.3940884048183, 0.3912330886382, 0.3941053171968, 0, 0.3912230088856, 0.3940714924398
9.35, 0.1966370108142, -0.1135667547472, -0.2057865321406, -0.1135063930487, -0.0292825006412, -0.0001195883762262, -0.03364897770269, 0.00146285225205, 0, 0, -807.5338425793, 0, 882.5655912605, 7527.251584704, 3130.822461618, 7532.539913138, 3134.65236362, 15.20444530064, 39.61315529614, 34.23513757963, 16.33516816037, -243.908999272, 0.2492461554433, 241.2750832829, 0.06888140144776, 5404.123357915, 3979.194443158, 5410.804398336, 3963.254206666, 3, -1.745615504725, -48.72616116065, 1.745720285363, 49.18580838106, -1.427975441709, 0.2561928069562, -1.367612196323, 0.3619201728686, 0, 0, 0.2166463365976, -0, -0, -0, -0, -0, 0.2166463428042, 0.00268985201291, 0, 0, 0, 0, 0, -0.001155144253871, 0.002689871241986, -0.0443713969816, -0.001155135996093, 0.04782633976311, -0.001155135996093, 52.54155859159, 52.56028295687, 52.54135319568, 52.5602064565, 129.7065911247, -0.1978506398196, 0.2049162522188, 0, 1, 50.00038483526, 50, 50.00037464826, -5.086113341795e-05, 0, 0, 0, 0, 0, 0, 0, 0, 129.7082572418, 126.7582951304, 129.7078315711, 126.757872209, 129.7065911247, 126.7580836718, 129.7082583701, 126.7582951325, 0, 129.7078326485, 126.7578722111, -0.01569721478998, 0, -0.2133814850936, -0.01538515046241, 0.1890396696704, -0.01538515046241, 0.7702151970003, 0.7712625117897, -0.8042519505896, -0.8037374317486, -0.01701265203035, -0.01622951477646, 0.7705181776609, 0.7712704566726, 0, -0.8045785119659, -0.8037294862255, -5.551115123126e-17, -0, -0, -0, 0.00262849402347, 0.3940891944918, 0.391234696709, 0.3940733177622, 0, 0.391221368887, 0.3941050712214
9.375, 0.202580447129, 0.08288274055399, -0.1998308541537, 0.08291496056307, 0.01909611643031, 0.0004458954955753, -0.01712039035042, 0.0003526337421346, 0, 0, -1000, 0, 1000, 7526.570437817, 3127.695473744, 7533.246363518, 3137.543696428, 30.310722044, 17.27937517839, 19.02628353463, 40.20048375964, -242.9931127747, 4.855680557999, 242.2670706004, 4.310737476075, 5403.498517125, 4013.441480627, 5411.421792199, 3930.333631133, 3, 1.288509471996, 36.10377325766, -1.306678191044, -34.6883193947, -1.4351247851, 0.1788001904987, -1.360216089265, 0.4348443621782, 0, 0, 0.2166662707689, -0, -0, -0, -0, -0, 0.2166663491136, 0.003289010511958, 0, 0, 0, 0, 0, -0.006022592866135, 0.003289034028594, -0.04348450812648, -0.006022549804485, 0.048708729428, -0.006022549804485, 52.68221419634, 52.70098541664, 52.68200182224, 52.70090924369, 130.0538158325, -0.2054671783522, 0.1972987090858, 0, 1, 50.00039672898, 50, 50.00036228992, -0.0001860279526703, 0, 0, 0, 0, 0, 0, 0, 0, 130.0554883422, 127.105514444, 130.0550501652, 127.1051018909, 130.0538158325, 127.1053081783, 130.0554894879, 127.1055144549, 0, 130.0550512178, 127.1051019017, -0.01577590621404, 0, -0.2210801063706, -0.01500797068204, 0.1813400288856, -0.01500797068204, 0.7701296890653, 0.7711326921335, -0.8043374758889, -0.8038672625356, -0.01710028304554, -0.01632586131643, 0.7704266145883, 0.7711741073172, 0, -0.8046700613771, -0.8038258299501, -5.551115123126e-17, -0, -0, -0, 0.0026283786592, 0.3940878712176, 0.3912359460545, 0.3940050944755, 0, 0.3912201339436, 0.3941706479596
9.4, 0.2067647257903, 0.1159190629798, -0.195646835383, 0.1159818988003, 0.02636099791264, -0.0001567107007951, 0.0364402494609, 0.002819506725572, 0, 0, 1000, 0, -904.732345355, 7526.5494871, 3131.573126525, 7533.284049563, 3133.667304397, 33.7091123752, 16.51845950497, 15.69210642021, 39.69068155431, -242.7472017882, -1.200870775564, 242.4497993685, -1.377288675585, 5403.825671308, 3964.925675193, 5411.08256516, 3978.165863786, 3, 1.419665641195, 49.65012768786, -1.426398395591, -48.97492794874, -1.435352731236, 0.275117833649, -1.359830900591, 0.3384983919551, 0, 0, 0.2166810938387, -0, -0, -0, -0, -0, 0.2166810907509, 0.003264433673464, 0, 0, 0, 0, 0, 0.0009594793538279, 0.003264457017568, -0.04348872460192, 0.0009594724925994, 0.04869966237514, 0.0009594724925994, 52.82286666485, 52.84168776168, 52.82265364971, 52.84161225748, 130.4010406718, -0.204966830708, 0.1977990784031, 0, 1, 50.00041048833, 50, 50.0003956241, -5.968461985709e-05, 0, 0, 0, 0, 0, 0, 0, 0, 130.4027130115, 127.452747304, 130.4022753775, 127.452319024, 130.4010406718, 127.4525331622, 130.4027141546, 127.4527473022, 0, 130.402276433, 127.4523190222, -0.01576091338264, 0, -0.2205647354086, -0.01558008659372, 0.181855416454, -0.01558008659372, 0.7700344413467, 0.7710966285417, -0.8044327516417, -0.8039033134494, -0.01719570795221, -0.01640994184243, 0.7703313951767, 0.7710900289323, 0, -0.8047652757845, -0.8039099126171, -5.551115123126e-17, -0, 5.551115123126e-17, -0, 0.00262831243639, 0.3940885541888, 0.3912352943313, 0.3941017416276, 0, 0.391220809747, 0.39407536675
9.425, 0.1989615569499, -0.09461886772823, -0.2034617797922, -0.09457732481532, -0.02539408541247, -0.0003943800699644, 0.01531251986458, -0.001996428008797, 0, 0, 1000, 0, -1000, 7526.454435459, 3132.802401202, 7533.391526313, 3132.344031785, 16.59057146508, 40.19176320802, 32.90587637546, 16.98411320425, -243.3471718674, -2.853452978324, 241.8614889998, -3.137489803662, 5404.499467491, 3949.007394776, 5410.414532427, 3993.953944198, 3, -1.550495520938, -40.70695023782, 1.556041698792, 40.54941514518, -1.436359784262, 0.3058037025476, -1.358710982526, 0.3059416049671, 0, 0, 0.2167029645863, -0, -0, -0, -0, -0, 0.2167029645635, 0.003262142250052, 0, 0, 0, 0, 0, 0.003257150448574, 0.003262165582479, -0.04390407899553, 0.003257127152016, 0.04828522103781, 0.003257127152016, 52.96351614978, 52.98239104324, 52.96330850086, 52.9823144288, 130.7482655275, -0.1982961966462, 0.2044686558119, 0, 1, 50.00042264793, 50, 50.0004292496, 7.191327481924e-05, 0, 0, 0, 0, 0, 0, 0, 0, 130.7499336977, 127.7999752352, 130.749504694, 127.7995408731, 130.7482655275, 127.799758048, 130.749934817, 127.7999752291, 0, 130.7495057787, 127.7995408669, -0.01578942614179, 0, -0.213920979293, -0.01580134390745, 0.1884980782797, -0.01580134390745, 0.7699358853231, 0.7710214760891, -0.8045312980561, -0.8039784665604, -0.01729159136611, -0.01650089822789, 0.7702356744181, 0.770999070552, 0, -0.8048609933678, -0.8040008670077, -0, -0, -0, -0, 0.002628250854502, 0.3940886832885, 0.3912339499452, 0.394133450768, 0, 0.3912221428841, 0.3940439158091
9.45, 0.1964026764735, -0.07410159881363, -0.206023088644, -0.07407634073513, -0.01985041741286, 0.0002097056135014, -0.03377194110423, -0.000894463108009, 0, 0, -1000, 0, 1000, 7526.117652749, 3129.206211231, 7533.738285884, 3135.830504691, 21.06472222003, 34.89575537535, 28.45747168629, 22.09195934792, -242.8477374412, 2.259369283603, 242.4240685808, 2.085641249835, 5404.555252029, 3991.664094345, 5410.354961401, 3951.312072208, 3, -0.8710074017938, -31.74480707509, 0.8776282045608, 31.37503034064, -1.439903860341, 0.2162224922135, -1.355080252605, 0.393313066484, 0, 0, 0.216724910723, -0, -0, -0, -0, -0, 0.2167249370351, 0.003516076658111, 0, 0, 0, 0, 0, -0.00292419793991, 0.003516101811895, -0.04377981995024, -0.002924177020532, 0.04840104255614, -0.002924177020532, 53.10416837241, 53.12309406245, 53.10396067054, 53.12301689383, 131.0954904694, -0.1977961933006, 0.2049698505212, 0, 1, 50.00043369237, 50, 50.00044540135, 0.0001008812355537, 0, 0, 0, 0, 0, 0, 0, 0, 131.0971595659, 128.1471941618, 131.0967290083, 128.1467718003, 131.0954904694, 128.1469829865, 131.09716068, 128.1471941672, 0, 131.0967300979, 128.1467718057, -0.01589122563622, 0, -0.2135232246839, -0.01536478107374, 0.1888970215326, -0.01536478107374, 0.7698416818769, 0.7708783097767, -0.804625557557, -0.8041216356431, -0.01738504710766, -0.01660155002091, 0.77014062242, 0.7708984206377, 0, -0.8049560437997, -0.8041015206795, -0, -0, -0, -0, 0.002628211905727, 0.3940886686436, 0.3912338394699, 0.3940484773865, 0, 0.3912222608842, 0.3941288599006
9.475, 0.1962773194954, -0.03038898466147, -0.2061712853438, -0.03038485850257, -0.008467151658146, 0.0003015368117186, -0.02884259721195, -0.003187591645211, 0, 0, -1000, 0, 1000, 7526.153883789, 3129.264885395, 7533.701897699, 3135.934256393, 26.88488367341, 30.58703576847, 22.9527860084, 27.60852646698, -242.3312244863, 2.636353850998, 242.9395727564, 2.444636453496, 5404.859534394, 3991.209791609, 5410.038926106, 3949.807559605, 3, -0.09669646027281, -14.14268524876, 0.1507249446501, 11.16845582002, -1.439534635768, 0.2176144546567, -1.355468720572, 0.3948278264713, 0, 0, 0.2167341682784, -0, -0, -0, -0, -0, 0.2167341952939, 0.003444437128865, 0, 0, 0, 0, 0, -0.003000303707001, 0.00344446177225, -0.04384876350721, -0.003000282241337, 0.04832897804713, -0.003000282241337, 53.24482076867, 53.2637973892, 53.24461272649, 53.26371902677, 131.4427156139, -0.1974541176083, 0.2053125630852, 0, 1, 50.00044249478, 50, 50.00052029886, 0.0004834160901343, 0, 0, 0, 0, 0, 0, 0, 0, 131.4443851479, 128.4944201216, 131.4439538402, 128.4939964616, 131.4427156139, 128.4942082972, 131.4443862622, 128.4944201272, 0, 131.4439549298, 128.4939964672, -0.01593910872414, 0, -0.2132287620838, -0.01541201842679, 0.1891921181724, -0.01541201842679, 0.7697445008289, 0.7707836084652, -0.8047227617861, -0.804216336714, -0.01748224038711, -0.01669572764724, 0.7700439116791, 0.7708042427829, 0, -0.805052756492, -0.8041956980774, -0, -0, -0, -0, 0.002628233452952, 0.3940906196278, 0.3912332329699, 0.394049382345, 0, 0.3912228908517, 0.3941318569106
9.5, 0.1988180646152, 0.05487918775421, -0.2036004866397, 0.0548936819873, 0.0129558721369, 0.0005337319551931, -0.01941950415524, 8.051527652798e-05, 0, 0, -1000, 0, 1000, 7526.396474069, 3128.402157257, 7533.462767185, 3136.604870472, 29.20166481992, 20.72127167095, 20.25717138422, 37.09291621566, -241.8417448729, 4.441058506873, 243.4199257379, 4.06343678481, 5405.874530717, 4003.557278049, 5409.003647634, 3938.547980846, 3, 1.238572683152, 24.12715044927, -1.243728396906, -24.00090495661, -1.436999019649, 0.1969736768327, -1.357985028074, 0.4116880749191, 0, 0, 0.2167496041826, -0, -0, -0, -0, -0, 0.2167496555747, 0.003097511325136, 0, 0, 0, 0, 0, -0.004711041552208, 0.003097533489581, -0.04380491170047, -0.004711007842267, 0.04837667812059, -0.004711007842267, 53.38547550503, 53.40450058952, 53.38526250717, 53.40442138615, 131.7899407872, -0.2029454216737, 0.1998204903396, 0, 1, 50.0004534636, 50, 50.00045017493, -1.14756713834e-05, 0, 0, 0, 0, 0, 0, 0, 0, 131.791614882, 128.8416442717, 131.7911746659, 128.8412225456, 131.7899407872, 128.8414334173, 131.7916160241, 128.8416442804, 0, 131.7911757247, 128.8412225543, -0.01598437002955, 0, -0.2187655218303, -0.0153416686393, 0.1836545503152, -0.0153416686393, 0.7696466235995, 0.7706739277221, -0.8048206083523, -0.8043260211406, -0.01758259157349, -0.01679364364489, 0.7699457333634, 0.7707063254625, 0, -0.8051509306038, -0.8042936127523, -0, -0, -0, -0, 0.002628244335463, 0.3940895352626, 0.3912312112945, 0.3940247849668, 0, 0.3912249528838, 0.3941542855584
9.525, 0.2054683594046, 0.09331469500952, -0.1969450958468, 0.09335574056876, 0.02161285626573, 0.0003762035335905, -0.01520301370994, -0.00194676014197, 0, 0, -1000, 0, 1000, 7526.867007755, 3129.238440043, 7532.986537456, 3135.702434295, 34.10116916861, 17.22082006255, 15.26559704861, 39.52101686104, -241.6051676565, 2.716432216871, 243.5737031373, 2.47086482023, 5406.210214492, 3996.045855607, 5408.642062146, 3946.790206982, 3, 1.607246187721, 39.96138233765, -1.610988206662, -40.16220903732, -1.432069363485, 0.2177190844364, -1.362991315202, 0.3895787996839, 0, 0, 0.2167474751916, -0, -0, -0, -0, -0, 0.2167475063587, 0.00268062954052, 0, 0, 0, 0, 0, -0.003569418798905, 0.002680648721563, -0.04397671107536, -0.003569393258373, 0.04821207657045, -0.003569393258373, 53.52612909917, 53.54520290765, 53.52591352769, 53.54512468718, 132.1371662174, -0.2048002141979, 0.1979643795909, 0, 1, 50.00046622047, 50, 50.00046977406, 1.081586119444e-05, 0, 0, 0, 0, 0, 0, 0, 0, 132.1388421642, 129.188871823, 132.1383982207, 129.188445946, 132.1371662174, 129.1886588912, 132.1388433206, 129.1888718297, 0, 132.1383992651, 129.1884459526, -0.01600633491745, 0, -0.220641645312, -0.0154926716436, 0.1817770845962, -0.0154926716436, 0.7695474540546, 0.770587837545, -0.8049197288618, -0.8044121079331, -0.01768321531384, -0.01688758438253, 0.769847736352, 0.7706123853002, 0, -0.8052489278332, -0.8043875540653, -0, -0, -0, -0, 0.002628308357803, 0.3940888079379, 0.3912305417033, 0.394039748527, 0, 0.3912256741207, 0.3941378673488
9.55, 0.2057610159512, 0.09802327608645, -0.1966517829612, 0.09806833640003, 0.02305743269019, 0.0001556731865397, 0.00231664632662, 0.002328711534114, 0, 0, -299.3016296809, 0, 369.2509914459, 7527.320074034, 3130.651019795, 7532.518635858, 3134.413359405, 35.69057963194, 17.2484708702, 13.68986360724, 38.89865376769, -241.8124302324, 0.8368905191949, 243.3249986221, 0.6670442428931, 5405.815013039, 3980.836597034, 5409.019430207, 3961.806182549, 3, 1.555206971176, 41.95606984984, -1.562170495495, -41.93004912635, -1.427319365714, 0.2530023476336, -1.367914449911, 0.3565975112932, 0, 0, 0.2167268469759, -0, -0, -0, -0, -0, 0.2167268542356, 0.002388374816205, 0, 0, 0, 0, 0, -0.001379080797638, 0.002388391902788, -0.04424571802424, -0.001379070931677, 0.04794649933083, -0.001379070931677, 53.66678109841, 53.68590615191, 53.66656621271, 53.68582713849, 132.4843919037, -0.203406682298, 0.1993588129149, 0, 1, 50.00047276514, 50, 50.00046930335, -4.913921069926e-05, 0, 0, 0, 0, 0, 0, 0, 0, 132.4860669825, 129.5361004502, 132.4856244885, 129.5356685932, 132.4843919037, 129.5358845243, 132.4860681386, 129.5361004528, 0, 132.4856255351, 129.5356685958, -0.01601692071093, 0, -0.2192576880706, -0.01571021301005, 0.183161962993, -0.01571021301005, 0.7694487182714, 0.7705108667507, -0.8050184486725, -0.8044890744991, -0.01778194523685, -0.01697961841697, 0.7697508380408, 0.7705203517517, 0, -0.8053458335906, -0.8044795885856, -0, -0, 5.551115123126e-17, -0, 0.002628412088863, 0.3940890011014, 0.3912313275428, 0.3940700465053, 0, 0.3912249239135, 0.3941079556975
9.575, 0.2060002656441, 0.03556385267903, -0.196432567535, 0.0355697478959, 0.007076445789011, -0.0002973148391866, 0.02956764599674, -0.001673399184829, 0, 0, 1000, 0, -1000, 7527.690188517, 3132.862302226, 7532.135442938, 3132.254448809, 22.92550717335, 26.63757850538, 26.73071834145, 30.92570515848, -242.9478789947, -2.392732644495, 242.3231287067, -2.578397350339, 5405.664970245, 3955.680518846, 5409.180413863, 3987.427582591, 3, 0.32379824862, 14.12689361883, -0.2990342091732, -15.71578243276, -1.423437028835, 0.3078061911233, -1.371950771954, 0.302758448693, 0, 0, 0.2167071769551, -0, -0, -0, -0, -0, 0.216707177545, 0.002117032991685, 0, 0, 0, 0, 0, 0.002300620722481, 0.002117048134323, -0.04430329248478, 0.002300604266801, 0.04788408394756, 0.002300604266801, 53.80743444261, 53.82660895531, 53.8072175958, 53.82653009521, 132.8316176368, -0.2056096243355, 0.1971580568541, 0, 1, 50.00047686883, 50, 50.00051568696, 0.0002030511652675, 0, 0, 0, 0, 0, 0, 0, 0, 132.8332942096, 129.8833304257, 132.8328484588, 129.8828896753, 132.8316176368, 129.8831100461, 132.8332953789, 129.8833304213, 0, 132.8328494915, 129.8828896709, -0.01601034823153, 0, -0.2214538712722, -0.01603374009929, 0.1809680151058, -0.01603374009929, 0.7693517387089, 0.7704458013936, -0.8051154694614, -0.8045541382059, -0.01788019289932, -0.01706999228957, 0.7696542517962, 0.7704299762405, 0, -0.805442427971, -0.8045699608197, -0, -5.551115123126e-17, -0, -0, 0.002628477629914, 0.3940885374299, 0.3912316261289, 0.3941201580113, 0, 0.3912246035854, 0.3940569168485
9.6, 0.2010798140845, -0.08388687581735, -0.2013275913187, -0.08385381541946, -0.02224737575192, -0.0006799455817892, 0.01690873916295, 0.0005311329596257, 0, 0, 1000, 0, -1000, 7527.774424957, 3134.649017506, 7532.051419955, 3130.446325875, 19.02309451773, 40.59302431112, 30.26918805836, 17.49963268688, -243.4581766449, -5.19761815699, 241.7931502014, -5.969076084895, 5405.334586481, 3933.229382075, 5409.547348413, 4010.232220625, 3, -1.546276983814, -35.49318531267, 1.519982401988, 37.27271468491, -1.422552622919, 0.3525712843556, -1.372849175267, 0.2575600999652, 0, 0, 0.2167050858688, -0, -0, -0, -0, -0, 0.2167051128011, 0.00212486769484, 0, 0, 0, 0, 0, 0.005580179855111, 0.002124882893225, -0.04478284320224, 0.005580139942445, 0.04741166216541, 0.005580139942445, 53.94808348749, 53.96731204916, 53.9478732584, 53.96723272214, 133.1788432225, -0.1972109709617, 0.2055553753191, 0, 1, 50.00048461219, 50, 50.00044012097, -0.0002569756107165, 0, 0, 0, 0, 0, 0, 0, 0, 133.1805139783, 130.2305598728, 133.1800798278, 130.2301114718, 133.1788432225, 130.2303356614, 133.1805151154, 130.2305598619, 0, 133.1800808978, 130.2301114608, -0.01601444138573, 0, -0.2130574388746, -0.01631205618932, 0.1893630892963, -0.01631205618932, 0.769253432749, 0.7703787822272, -0.8052137278765, -0.8046211614127, -0.01797527216804, -0.01715957055471, 0.7695592210028, 0.7703403937957, 0, -0.8055374598738, -0.8046595349051, 5.551115123126e-17, -0, -0, -5.551115123126e-17, 0.002628448188579, 0.3940881837857, 0.391232281718, 0.3941648798397, 0, 0.3912238753229, 0.3940114877317
9.625, 0.1980364381789, -0.09975644746876, -0.2043873205487, -0.09971014885935, -0.02514520196216, -0.0002727962685859, 0.009007660393567, -0.000599659422781, 0, 0, 791.8426519184, 0, -764.0788441776, 7527.581385812, 3132.593455751, 7532.254167181, 3132.552450418, 14.98998785488, 39.59373228351, 34.37748881065, 16.84474578705, -243.434510257, -1.655586124038, 241.7425358867, -1.849769514696, 5405.382205754, 3957.638059437, 5409.529317603, 3985.148103368, 3, -1.481917268503, -42.72102457769, 1.486397522071, 42.6068973974, -1.424576845118, 0.3018303442148, -1.370739599556, 0.3093133685436, 0, 0, 0.2167097681481, -0, -0, -0, -0, -0, 0.2167097673904, 0.002265696697231, 0, 0, 0, 0, 0, 0.001993575773544, 0.002265712903613, -0.04460154124096, 0.001993561513727, 0.04759348536497, 0.001993561513727, 54.08873649694, 54.1080156543, 54.08852495099, 54.10793474852, 133.5260687702, -0.1990149753981, 0.2037504021888, 0, 1, 50.00049343536, 50, 50.00049701135, 2.130678233847e-05, 0, 0, 0, 0, 0, 0, 0, 0, 133.5277413, 130.5777819619, 133.5273036693, 130.5773407746, 133.5260687702, 130.5775613644, 133.5277424424, 130.5777819581, 0, 133.5273047328, 130.5773407708, -0.01606387004474, 0, -0.2149115666096, -0.01604963261061, 0.1875079834179, -0.01604963261061, 0.7691596479176, 0.7702552383662, -0.8053075041612, -0.8047447007947, -0.01806937433851, -0.01725844322509, 0.7694641980866, 0.770241525402, 0, -0.8056324777313, -0.8047584118522, -0, -0, -0, -5.551115123126e-17, 0.002628376190553, 0.394088858165, 0.3912321878246, 0.3941162586072, 0, 0.3912239102116, 0.3940614577229
9.65, 0.1977531515805, -0.09373189824606, -0.2046705544943, -0.09369086258787, -0.02453962757525, -0.0002860329055735, 0.01485685434206, -0.00204790069897, 0, 0, 1000, 0, -1000, 7527.502394423, 3132.277809536, 7532.344940252, 3132.89778173, 14.98191677317, 39.24660524607, 34.34551131863, 17.20857190385, -243.545166147, -1.671665880794, 241.6346766079, -1.863600304442, 5405.563001739, 3961.803185844, 5409.350449178, 3980.740595159, 3, -1.519041179493, -40.51975381991, 1.524493920844, 40.25340966586, -1.425405712773, 0.2930692636857, -1.369803416481, 0.3187187757862, 0, 0, 0.2167092863629, -0, -0, -0, -0, -0, 0.2167092845752, 0.002305127092594, 0, 0, 0, 0, 0, 0.001372340972134, 0.002305143580946, -0.04461533857837, 0.001372331155981, 0.04757672506511, 0.001372331155981, 54.22938883902, 54.2487177539, 54.22917734525, 54.2486383667, 133.8732944172, -0.1985258763698, 0.2042389920261, 0, 1, 50.0004996848, 50, 50.00050550734, 1.659346584912e-05, 0, 0, 0, 0, 0, 0, 0, 0, 133.8749669783, 130.9250073053, 133.8745292827, 130.9245668332, 133.8732944172, 130.9247870666, 133.8749681186, 130.9250073026, 0, 133.8745303485, 130.9245668306, -0.01609306831896, 0, -0.2144516104383, -0.01602361156926, 0.1879674423891, -0.01602361156926, 0.769063807794, 0.7701556139041, -0.8054033606924, -0.8048443249554, -0.01816488815768, -0.01735379462807, 0.7693684519033, 0.7701461743499, 0, -0.8057282201087, -0.8048537636061, -0, -0, -0, 5.551115123126e-17, 0.002628320634906, 0.3940890997067, 0.3912318276, 0.3941079616681, 0, 0.3912242666181, 0.3940702377452
9.675, 0.1964232445264, -0.1141513021128, -0.2059960323876, -0.1140904956152, -0.0294810193318, -7.061576434228e-05, -0.03441326680502, 0.000512688260409, 0, 0, -844.4511811975, 0, 906.215587472, 7527.108190655, 3130.62742052, 7532.744899491, 3134.567427665, 15.07100393726, 39.58935850162, 34.25300154547, 16.3002989105, -243.6086076401, 0.4106225596886, 241.5718255435, 0.2317238376815, 5404.533904148, 3979.845449524, 5410.361623661, 3963.225849322, 3, -1.642048451602, -48.88736341152, 1.634593309615, 49.27663763972, -1.429542318966, 0.2516546268509, -1.365622331367, 0.3605860391209, 0, 0, 0.2166947794013, -0, -0, -0, -0, -0, 0.2166947860684, 0.002757142081644, 0, 0, 0, 0, 0, -0.001204375841356, 0.002757161800576, -0.04431969548066, -0.001204367227786, 0.04786829324278, -0.001204367227786, 54.37004118134, 54.38942084822, 54.36982979054, 54.38934102772, 134.2205202643, -0.1979506747166, 0.2048153803578, 0, 1, 50.00050447752, 50, 50.00049197417, -0.000109513482568, 0, 0, 0, 0, 0, 0, 0, 0, 134.2221930546, 131.272230454, 134.2217546977, 131.2717951888, 134.2205202643, 131.2720128237, 134.2221941846, 131.2722304563, 0, 134.2217557729, 131.2717951911, -0.01615577041829, 0, -0.2139402348061, -0.01583419423732, 0.188480043197, -0.01583419423732, 0.7689717052261, 0.7700417030453, -0.8054954900185, -0.804958237158, -0.01825608852602, -0.01744998324643, 0.7692743322104, 0.7700499865072, 0, -0.8058223386033, -0.8049499530001, -0, -0, -0, 5.551115123126e-17, 0.00262831591255, 0.3940885743165, 0.3912338791613, 0.3940720209298, 0, 0.3912222506688, 0.3941051277031
9.7, 0.1976785879004, -0.004522936150085, -0.2047519445878, -0.0045228512353, -0.001904734309878, 0.0002346008317362, -0.02610002024922, -0.001116036051297, 0, 0, -1000, 0, 1000, 7526.734552004, 3129.271161662, 7533.121954872, 3135.939458924, 27.54813633323, 27.17633775425, 21.9632436705, 29.91714115114, -242.8832223451, 2.563003749727, 242.3940664541, 2.363490896528, 5404.129864202, 3994.59448626, 5410.773170123, 3948.982882808, 3, 0.09270708786056, -2.273353636927, -0.07508769076701, 1.470715702731, -1.433465268205, 0.2182054798234, -1.361679168404, 0.3943327600579, 0, 0, 0.216682426537, -0, -0, -0, -0, -0, 0.2166824561158, 0.003099900549558, 0, 0, 0, 0, 0, -0.003305345045383, 0.003099922717351, -0.04400105730509, -0.003305321408591, 0.04818132567419, -0.003305321408591, 54.51069428698, 54.53012395629, 54.51048149212, 54.53004353631, 134.5677461207, -0.1989149306766, 0.2038519080073, 0, 1, 50.00050525176, 50, 50.00052541406, 0.0001040661973795, 0, 0, 0, 0, 0, 0, 0, 0, 134.5694201257, 131.6194540448, 134.568979172, 131.6190228624, 134.5677461207, 131.6192384598, 134.569421253, 131.6194540511, 0, 134.5689802484, 131.6190228686, -0.0162107526242, 0, -0.2149606933614, -0.01568567226216, 0.1874604090256, -0.01568567226216, 0.7688785187896, 0.7699308158437, -0.8055887149475, -0.8050691277554, -0.01834925347454, -0.01754642151195, 0.7691789706239, 0.7699535476668, 0, -0.8059177002724, -0.8050463906907, -0, -0, -0, -0, 0.002628298049599, 0.3940880696938, 0.3912346856985, 0.3940426398099, 0, 0.3912214290638, 0.3941334995776
9.725, 0.2016902256359, 0.08234552172121, -0.2007192488318, 0.08237767731144, 0.01958987186319, 0.0006362345655938, -0.01703936675067, 0.0004174694237245, 0, 0, -1000, 0, 1000, 7526.570943723, 3127.552950379, 7533.298684173, 3137.625450416, 30.27949655702, 17.52701841419, 18.94991215094, 40.54146035961, -242.2102127819, 5.979876688299, 243.0489883922, 5.203788440292, 5405.179547329, 4016.123770864, 5409.755542696, 3927.473817117, 3, 1.501802301483, 36.39928426308, -1.522570304486, -34.87207210115, -1.435186723225, 0.1755510326675, -1.359835051903, 0.4364051099727, 0, 0, 0.2166894720296, -0, -0, -0, -0, -0, 0.2166895571677, 0.003062314182256, 0, 0, 0, 0, 0, -0.006424213630953, 0.003062336082689, -0.04366933235507, -0.006424167687867, 0.04851685899856, -0.006424167687867, 54.65134965042, 54.67082684707, 54.65113089449, 54.67074631854, 134.9149717784, -0.205535590855, 0.1972296538134, 0, 1, 50.0005095461, 50, 50.00047230993, -0.0002073267552315, 0, 0, 0, 0, 0, 0, 0, 0, 134.9166511425, 131.9666769303, 134.9161995731, 131.966251465, 134.9149717784, 131.9664642096, 134.916652296, 131.9666769423, 0, 134.9162006184, 131.966251477, -0.01626114890188, 0, -0.2216330463757, -0.01547769384039, 0.1807864360033, -0.01547769384039, 0.7687828162435, 0.7698090123926, -0.8056843811626, -0.8051909400406, -0.01844743652089, -0.01764677753942, 0.7690810012392, 0.7698531887771, 0, -0.8060156593715, -0.8051467438559, 5.551115123126e-17, -0, -0, -0, 0.002628204987141, 0.394088047734, 0.3912325964299, 0.3939997509679, 0, 0.3912234542761, 0.3941763445002
9.75, 0.2054277543074, 0.09354431371166, -0.1969903578052, 0.0935854405333, 0.02152834762544, 0.0003048602841922, -0.01520163763811, -0.001792326861466, 0, 0, -1000, 0, 1000, 7526.794194931, 3129.408349397, 7533.09027425, 3135.823764064, 33.98339175771, 17.12056334608, 15.32887473391, 39.43347686107, -241.9817991976, 2.4034331913, 243.2101729528, 2.17959785254, 5405.504567448, 3994.336757274, 5409.454664385, 3948.340152215, 3, 1.515033440334, 39.99175055657, -1.508943006292, -40.06008420435, -1.432850051245, 0.2214479725482, -1.362030908695, 0.3915923511321, 0, 0, 0.2166986240592, -0, -0, -0, -0, -0, 0.2166986528741, 0.002854420390697, 0, 0, 0, 0, 0, -0.003333245036191, 0.002854440806082, -0.04385025277874, -0.003333221196321, 0.04833476688147, -0.003333221196321, 54.79200210323, 54.81152933526, 54.79178319318, 54.81144950641, 135.2621974257, -0.204651483557, 0.1981126713634, 0, 1, 50.00051427013, 50, 50.00051728781, 2.545563718342e-05, 0, 0, 0, 0, 0, 0, 0, 0, 135.2638765695, 132.3139066862, 135.2634255692, 132.3134733742, 135.2621974257, 132.3136900365, 135.2638777232, 132.3139066925, 0, 135.2634266156, 132.3134733805, -0.01627091747162, 0, -0.2207580108027, -0.01576314258907, 0.181660371813, -0.01576314258907, 0.768682860936, 0.7697377064969, -0.8057843391162, -0.8052622365622, -0.01854750686346, -0.01773933863804, 0.768982280823, 0.7697606302263, 0, -0.8061143744711, -0.8052393075024, -0, -0, -0, 5.551115123126e-17, 0.002628110765253, 0.3940889665547, 0.3912319480361, 0.3940431532032, 0, 0.3912240546859, 0.3941347799063
9.775, 0.2066536004176, 0.1191864687232, -0.1957570360078, 0.1192529625553, 0.0277146133781, -0.0001206621714815, 0.03807562778048, -0.003630849069166, 0, 0, 1000, 0, -1000, 7527.192301695, 3132.084835608, 7532.703634145, 3133.236807898, 32.58948718529, 16.27431709203, 16.69488615222, 39.89542894526, -242.3543082461, -1.268762483034, 242.8667973183, -1.446572506246, 5405.137766306, 3962.672768651, 5409.803644841, 3979.291444211, 3, 1.625065111623, 51.17403430004, -1.633303050475, -50.5347306352, -1.42867786625, 0.288183792292, -1.366097818162, 0.3266602204913, 0, 0, 0.2166955790577, -0, -0, -0, -0, -0, 0.2166955767044, 0.002603572709584, 0, 0, 0, 0, 0, 0.001204308835185, 0.002603591330332, -0.04392617547365, 0.001204300222031, 0.04825253640835, 0.001204300222031, 54.93265516966, 54.95223245545, 54.93243491067, 54.95215212329, 135.6094232279, -0.2057881447704, 0.1969769672099, 0, 1, 50.00051454675, 50, 50.00049701066, -0.0001214406859054, 0, 0, 0, 0, 0, 0, 0, 0, 135.6111032325, 132.6611379654, 135.6106504689, 132.6606937876, 135.6094232279, 132.6609158742, 135.6111043941, 132.6611379631, 0, 135.610651507, 132.6606937852, -0.01626584556532, 0, -0.2218893240615, -0.01615842303158, 0.1805300442267, -0.01615842303158, 0.7685833560199, 0.7696778631925, -0.8058838847261, -0.8053220745225, -0.01864802931946, -0.0178303890372, 0.7688832948622, 0.7696695794723, 0, -0.806213358037, -0.8053303575467, -0, -0, -0, -5.551115123126e-17, 0.002628075762725, 0.3940896769918, 0.3912326783183, 0.3941062294575, 0, 0.3912233599792, 0.3940731245261
9.8, 0.2035230589928, -0.03760975324608, -0.1989041562582, -0.03760319720076, -0.01087556064386, -0.000381360444674, 0.02154538380643, -0.0009566972794251, 0, 0, 1000, 0, -1000, 7527.439869101, 3133.52174287, 7532.458877199, 3131.787408695, 20.84673384601, 34.83051480156, 28.65787710215, 22.76416985924, -242.9429364204, -3.161904893576, 242.3257177121, -3.418687029958, 5405.610099739, 3946.749905126, 5409.304333461, 3996.056364037, 3, -0.7349536315597, -16.72913714107, 0.751218376213, 15.78464570269, -1.426083254468, 0.3240518066553, -1.368677288123, 0.2906184921397, 0, 0, 0.2166805773578, -0, -0, -0, -0, -0, 0.216680583426, 0.002357205741458, 0, 0, 0, 0, 0, 0.00357310086215, 0.002357222597856, -0.04437730929772, 0.003573075311056, 0.04779834261997, 0.003573075311056, 55.07330584668, 55.09293564467, 55.07308906995, 55.09285472188, 135.95664919, -0.2011293634202, 0.2016361351528, 0, 1, 50.00051415247, 50, 50.00053588845, 9.468410153284e-05, 0, 0, 0, 0, 0, 0, 0, 0, 135.9583260653, 133.0083668452, 135.9578793524, 133.0079164587, 135.95664919, 133.0081416449, 135.9583272142, 133.0083668382, 0, 135.9578804073, 133.0079164517, -0.01627346901955, 0, -0.2172364387944, -0.01638428209731, 0.185183351608, -0.01638428209731, 0.7684813984146, 0.7695998224783, -0.8059858657191, -0.8054001161881, -0.01874856512814, -0.0179247229939, 0.7687844170757, 0.7695752432767, 0, -0.8063122384937, -0.8054246892645, -0, -0, 5.551115123126e-17, 5.551115123126e-17, 0.002628094649999, 0.394088837611, 0.3912317350416, 0.3941379476298, 0, 0.3912243572226, 0.3940397275923
9.825, 0.1977766120612, -0.09986720070331, -0.2046446920105, -0.09982082435918, -0.02597366910338, -0.0001311441673799, -0.004854178535975, 0.002251417031692, 0, 0, 276.8136434328, 0, -206.3956192481, 7527.326426448, 3131.502514393, 7532.577429303, 3133.67345498, 13.80687507921, 38.94178751176, 35.50435140812, 17.11333358799, -243.3080336187, -0.4516239443487, 241.8423786148, -0.6219988989563, 5405.633948732, 3971.422045088, 5409.288050667, 3972.826178783, 3, -1.445271933915, -42.78152717499, 1.444667021508, 42.87153433256, -1.427274612061, 0.2738211525259, -1.367446459571, 0.3382774248133, 0, 0, 0.216678205168, -0, -0, -0, -0, -0, 0.216678204836, 0.002445834593594, 0, 0, 0, 0, 0, 0.0001017536329888, 0.002445852083395, -0.04443472154749, 0.0001017529053689, 0.04774585761415, 0.0001017529053689, 55.21395758401, 55.23363875429, 55.21374215308, 55.23355734791, 136.3038750271, -0.1998041108425, 0.2029598298191, 0, 1, 50.00051887999, 50, 50.00051686883, -1.329457433616e-05, 0, 0, 0, 0, 0, 0, 0, 0, 136.3055515228, 133.3555893723, 136.3051055394, 133.3551455172, 136.3038750271, 133.3553674446, 136.3055526665, 133.3555893721, 0, 136.3051066003, 133.355145517, -0.01633388331365, 0, -0.2159713754931, -0.01614668214983, 0.1864468421721, -0.01614668214983, 0.7683836512748, 0.7694754352356, -0.8060835755541, -0.8055245022248, -0.01884536629073, -0.01802523336355, 0.7686870619486, 0.7694747353642, 0, -0.8064095899587, -0.8055252020913, 5.551115123126e-17, -5.551115123126e-17, -0, -0, 0.002628067362625, 0.3940874021668, 0.3912316872298, 0.3940888007064, 0, 0.3912243899572, 0.3940860036273
9.85, 0.1963678942426, -0.07721467485983, -0.2060589297736, -0.07718696500987, -0.02015442471751, 0.0001809723935862, -0.03426004276387, -0.001142441362787, 0, 0, -1000, 0, 1000, 7527.128677529, 3129.514844837, 7532.785119814, 3135.64357845, 21.45755726646, 35.28530464637, 27.96866815514, 21.63351101983, -243.0436745866, 2.181572209165, 242.2357397467, 2.010658402774, 5405.037697705, 3994.263736506, 5409.928903987, 3949.500651735, 3, -0.979631898478, -33.34358359123, 0.9921876515359, 32.87737564567, -1.429350145656, 0.2241798543366, -1.365280338156, 0.3875532429189, 0, 0, 0.2166928434231, -0, -0, -0, -0, -0, 0.2166928703491, 0.002697568926118, 0, 0, 0, 0, 0, -0.003243855277497, 0.002697588218641, -0.04442275799846, -0.003243832078194, 0.04774963185065, -0.003243832078194, 55.35460904962, 55.37434154883, 55.35439542576, 55.37426020805, 136.6511006639, -0.1968618480073, 0.2059034466246, 0, 1, 50.00051725306, 50, 50.00053251118, 0.0001223269395628, 0, 0, 0, 0, 0, 0, 0, 0, 136.6527759497, 133.7028117369, 136.6523325814, 133.7023744018, 136.6511006639, 133.7025930755, 136.6527770779, 133.702811743, 0, 136.6523336588, 133.702374408, -0.01639722628401, 0, -0.2130924680435, -0.0159094953043, 0.1893271116157, -0.0159094953043, 0.7682870973788, 0.7693530647807, -0.8061801849179, -0.8056468770254, -0.01894040790318, -0.01812459462089, 0.7685904273406, 0.769375373758, 0, -0.8065062239758, -0.8056245629998, -0, -0, -0, -0, 0.002627978055271, 0.3940878834439, 0.3912328750438, 0.3940432986982, 0, 0.3912231133359, 0.3941324681896
9.875, 0.1967147939172, -0.03288075453737, -0.2057197051601, -0.03287578731357, -0.008732016525609, 0.0002191692519382, -0.02924364270744, -0.001201435300515, 0, 0, -1000, 0, 1000, 7526.959743541, 3129.617183347, 7532.968387157, 3135.665479687, 26.67100918525, 30.41502164047, 22.84060601999, 26.70367447516, -242.7643828619, 2.284976751229, 242.522921194, 2.095795046648, 5404.815757355, 3991.185134422, 5410.185958484, 3950.3214487, 3, -0.2605168018934, -14.54553106882, 0.2894256710421, 13.40472504171, -1.431124091868, 0.226912490792, -1.363369798311, 0.3871339133983, 0, 0, 0.2167160697826, -0, -0, -0, -0, -0, 0.2167160938893, 0.002865517659383, 0, 0, 0, 0, 0, -0.002961276763896, 0.002865538157438, -0.04427333822828, -0.002961255580989, 0.04789317334566, -0.002961255580989, 55.49526172499, 55.51504482489, 55.49504742786, 55.51496243978, 136.9983261945, -0.197172612514, 0.205592758146, 0, 1, 50.00051743238, 50, 50.00055056334, 0.0002376680735348, 0, 0, 0, 0, 0, 0, 0, 0, 137.0000022654, 134.050038113, 136.9995576435, 134.0495995553, 136.9983261945, 134.0498188398, 137.0000033916, 134.0500381187, 0, 136.9995587221, 134.049599561, -0.01643146130513, 0, -0.2134380168032, -0.01595397094671, 0.1889816243961, -0.01595397094671, 0.7681907395104, 0.7692596021085, -0.8062765786823, -0.805740338937, -0.01903670622427, -0.01822000039469, 0.7684930495309, 0.7692799680245, 0, -0.8066035974335, -0.8057199688139, -5.551115123126e-17, -0, 5.551115123126e-17, -0, 0.002627875407559, 0.394090132359, 0.3912333179457, 0.3940494314769, 0, 0.3912226004573, 0.3941308332411
9.9, 0.2034818953872, 0.09406299273702, -0.1989358813042, 0.09410464874138, 0.02220337076385, 0.0003716227386891, -0.01526817406951, -0.002078848332658, 0, 0, -1000, 0, 1000, 7526.970920119, 3129.042647722, 7532.976014142, 3136.091630746, 32.96553617174, 16.93204850598, 16.33753237263, 40.12315712664, -242.1474391234, 3.217154521113, 243.0666770031, 2.924041613492, 5405.29411318, 3998.20717769, 5409.685103819, 3943.579575073, 3, 1.52217033107, 40.25849441745, -1.516257253906, -40.55231306996, -1.431009516546, 0.213056323088, -1.363299696602, 0.3981845142703, 0, 0, 0.2167392437142, -0, -0, -0, -0, -0, 0.2167392809488, 0.002773876667002, 0, 0, 0, 0, 0, -0.003958709244595, 0.00277389651376, -0.04391715971204, -0.003958680920693, 0.04825539072497, -0.003958680920693, 55.63591743552, 55.65574737552, 55.63569641149, 55.65566552811, 137.3455517439, -0.2044049451752, 0.1983578388424, 0, 1, 50.00051846906, 50, 50.00052643901, 5.641206668909e-05, 0, 0, 0, 0, 0, 0, 0, 0, 137.3472335953, 134.397263182, 137.3467777355, 134.3968258375, 137.3455517439, 134.3970445173, 137.3472347505, 134.3972631896, 0, 137.3467787805, 134.3968258451, -0.01646358890998, 0, -0.2207038586856, -0.01590983852385, 0.1817131359181, -0.01590983852385, 0.7680939476644, 0.7691540018337, -0.8063733155829, -0.8058459412049, -0.01913643546318, -0.01831874122411, 0.7683938247301, 0.7691812265359, 0, -0.8067028085607, -0.8058187089841, -0, -0, -0, -0, 0.002627806076299, 0.3940898528913, 0.3912323669177, 0.3940354429286, 0, 0.3912235961002, 0.3941442628539
9.925, 0.2069369941426, 0.1053827272219, -0.1954695279732, 0.1054346475036, 0.02414639628019, 6.823064285989e-05, 0.01228113680053, 0.009435155844106, 0, 0, 128.5046779238, 0, 50.63464614262, 7527.215989319, 3130.808682663, 7532.728767173, 3134.39915689, 37.26215469096, 16.69605471192, 11.97645428185, 38.81095674257, -242.0644079869, 0.2985260953882, 243.0373481946, 0.1101019668457, 5405.508603467, 3978.234593696, 5409.422812302, 3963.279335464, 3, 1.44786095707, 45.31753526477, -1.462944745994, -44.38804325064, -1.428441543572, 0.2562505968887, -1.365904132492, 0.356326934593, 0, 0, 0.2167302813953, -0, -0, -0, -0, -0, 0.2167302869072, 0.002555718678209, 0, 0, 0, 0, 0, -0.001083765646574, 0.002555736962561, -0.04414792275556, -0.001083757893056, 0.04802352160374, -0.001083757893056, 55.7765695087, 55.79644966376, 55.77634909466, 55.79636889712, 137.6927776411, -0.2026837666227, 0.2000799484793, 0, 1, 50.00051872051, 50, 50.00049326565, -0.0001628942433262, 0, 0, 0, 0, 0, 0, 0, 0, 137.6944584873, 134.7444927684, 137.6940045109, 134.7440481725, 137.6927776411, 134.7442704725, 137.6944596395, 134.7444927705, 0, 137.6940055607, 134.7440481746, -0.01646897847853, 0, -0.2189871918668, -0.01617362854631, 0.1834307522712, -0.01617362854631, 0.7679926195334, 0.7690797350192, -0.8064746540837, -0.8059202025117, -0.01923761508548, -0.01841277947526, 0.7682940720104, 0.7690871890084, 0, -0.8068025642413, -0.8059127479589, -0, 5.551115123126e-17, 5.551115123126e-17, -0, 0.002627871634406, 0.3940901254981, 0.3912319384353, 0.3940752298225, 0, 0.3912241199233, 0.3941050211736
9.95, 0.2077163688059, 0.106560369553, -0.1946892299239, 0.1066131256376, 0.02356331449656, -2.575954905866e-05, 0.00992381559172, 0.006053642955303, 0, 0, 11.93098583288, 0, 115.3057455623, 7527.094658047, 3130.654248008, 7532.839504012, 3134.634255179, 37.23137773866, 16.75257425137, 12.00347704194, 38.83836177817, -242.516507258, -0.1295099367065, 242.5828038635, -0.3234409895684, 5404.292840846, 3979.480557318, 5410.596407499, 3962.268413569, 3, 1.308167002485, 45.36175294072, -1.326005653904, -44.52875676212, -1.42971713571, 0.2511644732489, -1.364752979658, 0.3629261301487, 0, 0, 0.2167090227702, -0, -0, -0, -0, -0, 0.2167090298544, 0.002817129857447, 0, 0, 0, 0, 0, -0.001247315812387, 0.002817150008056, -0.04393611782881, -0.001247306890542, 0.04823784445133, -0.001247306890542, 55.91722220487, 55.93715194924, 55.91700120368, 55.93707222124, 138.0400036721, -0.2027150734407, 0.2000490201437, 0, 1, 50.0005160357, 50, 50.00049157083, -0.0001765303522038, 0, 0, 0, 0, 0, 0, 0, 0, 138.0416850554, 135.0917188972, 138.0412297147, 135.0912739305, 138.0400036721, 135.0914964163, 138.0416862024, 135.0917188996, 0, 138.0412307687, 135.0912739329, -0.01651709711425, 0, -0.219067434039, -0.01618712141091, 0.1833509127321, -0.01618712141091, 0.7678965032763, 0.7689827755278, -0.8065707572885, -0.8060171619897, -0.01933343812238, -0.01850861404727, 0.768196511355, 0.7689913543383, 0, -0.8069001289002, -0.8060085824328, -0, -0, -0, -0, 0.002627975322157, 0.3940898913699, 0.3912343613842, 0.3940727478004, 0, 0.3912217808558, 0.3941070349393
9.975, 0.2074904115059, 0.1070741478964, -0.1949144315387, 0.1071273142784, 0.02328498578988, -0.0001584286986272, 0.01636968010426, 0.008921677267725, 0, 0, 284.9836029694, 0, -114.0269765672, 7526.643531231, 3130.988390811, 7533.270974489, 3134.47254382, 37.26948047996, 17.09169216832, 11.96026232228, 38.73903848353, -242.9093897774, -0.984391174421, 242.1863006903, -1.175847204911, 5402.73166041, 3972.877343878, 5412.1425684, 3968.91654279, 3, 1.166537569908, 45.4980020455, -1.186544614761, -44.53497028741, -1.434454872738, 0.2583059388586, -1.360234765485, 0.3591432974087, 0, 0, 0.2166731298126, -0, -0, -0, -0, -0, 0.2166731312855, 0.003380126826176, 0, 0, 0, 0, 0, -0.0002870281522116, 0.00338015099583, -0.04352432538255, -0.0002870260998266, 0.04865421390656, -0.0002870260998266, 56.05787482038, 56.07785469285, 56.0576534203, 56.07777516715, 138.3872298477, -0.2023443054506, 0.200420396277, 0, 1, 50.00051159865, 50, 50.00048255421, -0.0002238193998936, 0, 0, 0, 0, 0, 0, 0, 0, 138.388911441, 135.4389461891, 138.3884551899, 135.4384987671, 138.3872298477, 135.4387224786, 138.3889125757, 135.4389461896, 0, 138.3884562549, 135.4384987677, -0.01657098782603, 0, -0.2187521369011, -0.01627643717298, 0.1836668576175, -0.01627643717298, 0.7678027893954, 0.7688961412532, -0.8066644473529, -0.8061037952153, -0.01942631072381, -0.01860185276818, 0.7680999880095, 0.7688981154463, 0, -0.8069966593444, -0.8061018209827, -5.551115123126e-17, -0, -0, -0, 0.002628099168948, 0.3940898467215, 0.3912374734506, 0.3940859017005, 0, 0.3912186984512, 0.3940937917425
10, 0.2061702134129, 0.03285796354269, -0.1962424367079, 0.03286295675963, 0.00483196564981, -0.0004960765001909, 0.02932627865775, 0.0002638383777428, 0, 0, 1000, 0, -1000, 7526.097175187, 3132.700218203, 7533.805934481, 3132.684896889, 25.80364840316, 27.06648202237, 23.51614085175, 30.23914858537, -243.612357861, -3.586150197798, 241.6709684572, -3.790805980438, 5402.164774553, 3948.722041972, 5412.716910088, 3995.159198862, 3, -0.0205913376395, 13.52594270919, 0.0106225392917, -13.26388734959, -1.440196498636, 0.3010934770377, -1.354625779807, 0.3150470590876, 0, 0, 0.2166442903295, -0, -0, -0, -0, -0, 0.2166442879445, 0.003872596561573, 0, 0, 0, 0, 0, 0.003365170580321, 0.003872624245269, -0.04308579046759, 0.003365146524189, 0.04908965003864, 0.003365146524189, 56.19852802265, 56.2185579536, 56.19830504044, 56.2184775136, 138.7344559462, -0.2035838224346, 0.199182324607, 0, 1, 50.00050810313, 50, 50.00049736113, -0.0001184078506057, 0, 0, 0, 0, 0, 0, 0, 0, 138.7361387851, 135.7861761743, 138.7356796526, 135.7857203548, 138.7344559462, 135.7859482579, 138.736139915, 135.7861761676, 0, 138.7356807196, 135.7857203481, -0.01660980984165, 0, -0.220032163097, -0.01658192517945, 0.1823883340925, -0.01658192517945, 0.7677079806983, 0.7688303365756, -0.8067592828611, -0.8061696001818, -0.01952096081944, -0.0186927777143, 0.7680021856742, 0.7688071879479, 0, -0.8070944670625, -0.8061927433765, -0, -0, -0, -0, 0.002628157377697, 0.3940877670087, 0.3912386049683, 0.3941340191569, 0, 0.3912175518086, 0.3940415148605
10.025, 0.205097113304, -0.02584673545818, -0.1973393980922, -0.02584365830293, -0.009771511473233, -0.0004937917187467, 0.02278421564647, -0.002135968668651, 0, 0, 1000, 0, -1000, 7525.579962606, 3132.937957707, 7534.312605988, 3132.722618235, 21.75234577399, 33.90311032746, 27.85847186552, 24.40251604488, -243.4842178164, -3.66081368153, 241.7815229633, -3.943543034186, 5402.607070658, 3944.960579776, 5412.306367312, 3997.890403024, 3, -0.7801185443612, -12.48637439223, 0.8173717648504, 10.50611849122, -1.445638365175, 0.3056693957831, -1.34930768861, 0.3158552079904, 0, 0, 0.2166113634889, -0, -0, -0, -0, -0, 0.2166113615044, 0.004206076026335, 0, 0, 0, 0, 0, 0.003835675900338, 0.004206106084809, -0.04294073799054, 0.003835648489104, 0.04923493405072, 0.003835648489104, 56.33918027309, 56.35926083659, 56.33895755851, 56.35918016729, 139.0816820406, -0.2021473346392, 0.2006180120787, 0, 1, 50.00050338337, 50, 50.00055224822, 0.0002510579939195, 0, 0, 0, 0, 0, 0, 0, 0, 139.0833645347, 136.1334033766, 139.0829056412, 136.1329454209, 139.0816820406, 136.1331743911, 139.0833656537, 136.1334033689, 0, 139.0829067194, 136.1329454132, -0.01667478160515, 0, -0.2186612086451, -0.01665963906369, 0.1837585396147, -0.01665963906369, 0.7676092822797, 0.7687372391494, -0.806857984378, -0.806262697801, -0.01961861562059, -0.01878911147881, 0.7679024961529, 0.7687108534671, 0, -0.8071941612558, -0.8062890764247, -0, 5.551115123126e-17, -0, -0, 0.002628186871408, 0.3940887929588, 0.3912377246442, 0.3941415119061, 0, 0.3912183687714, 0.3940360740114
10.05, 0.1972658542858, -0.09620098288921, -0.2051598868153, -0.09615824940419, -0.02670114976728, -0.0002868716207047, 0.01083939529322, -0.001374392822162, 0, 0, 848.6429370047, 0, -837.2763715069, 7525.185818252, 3131.632361439, 7534.720920968, 3133.890565809, 14.72309199233, 39.27250717301, 34.52400617848, 17.05749820099, -243.5017569892, -1.718962675448, 241.6744378152, -1.917743635778, 5403.305973657, 3959.690169487, 5411.655502575, 3984.348387464, 3, -1.532440889226, -41.35336239121, 1.538407527691, 41.19080995441, -1.449792126191, 0.273286797706, -1.345017928343, 0.3458058823924, 0, 0, 0.2166142784243, -0, -0, -0, -0, -0, 0.2166142718437, 0.004424201446681, 0, 0, 0, 0, 0, 0.001786911929156, 0.004424233064826, -0.04303539118175, 0.001786899158844, 0.04914638236106, 0.001786899158844, 56.47983134291, 56.49996408426, 56.4796111664, 56.49988249913, 139.4289077293, -0.1987966384046, 0.2039673226617, 0, 1, 50.00050577777, 50, 50.00051043053, 1.904578113993e-05, 0, 0, 0, 0, 0, 0, 0, 0, 139.4305888316, 136.4806277411, 139.4301327661, 136.480172512, 139.4289077293, 136.480400123, 139.4305899364, 136.4806277376, 0, 139.4301338615, 136.4801725084, -0.01676474424327, 0, -0.2154000906225, -0.01656044885265, 0.1870182446183, -0.01656044885265, 0.7675075553061, 0.7686225395221, -0.8069596609917, -0.8063773954555, -0.01971841285883, -0.01888971848439, 0.7678014145208, 0.7686102482384, 0, -0.8072952342876, -0.8063896852072, -0, -5.551115123126e-17, -0, -0, 0.002628071193773, 0.3940876108074, 0.3912363319226, 0.3941121707855, 0, 0.3912196658333, 0.3940630508293
10.075, 0.1969955212049, -0.09629741789803, -0.2054318167772, -0.09625459631279, -0.02707957570864, -0.000234673263901, 0.003957251076056, 0.002194280202516, 0, 0, 607.3131984854, 0, -542.1736422147, 7525.002950933, 3131.213205236, 7534.920462335, 3134.389730848, 14.11191462641, 39.01326120072, 35.15660212629, 17.16749833599, -243.4264420769, -1.30888473405, 241.73776325, -1.487556033746, 5403.283829155, 3964.206703994, 5411.714679274, 3978.87771422, 3, -1.494277147795, -41.35412869617, 1.501435216427, 41.39523115323, -1.451731552711, 0.2620794059779, -1.342916056573, 0.3586820259285, 0, 0, 0.2166188343493, -0, -0, -0, -0, -0, 0.2166188291351, 0.004576307820572, 0, 0, 0, 0, 0, 0.001063166982442, 0.004576340527141, -0.04291069822284, 0.001063159384112, 0.04926753587479, 0.001063159384112, 56.62048424987, 56.6406667695, 56.62026285489, 56.64058523918, 139.7761333598, -0.1991080008828, 0.2036558661869, 0, 1, 50.00050126382, 50, 50.00050168896, 7.185240588339e-06, 0, 0, 0, 0, 0, 0, 0, 0, 139.7778158618, 136.8278536494, 139.7773570573, 136.8273980341, 139.7761333598, 136.8276258396, 139.7778169654, 136.8278536473, 0, 139.777358153, 136.827398032, -0.01685162126874, 0, -0.2157988000047, -0.01657449986147, 0.1866194474251, -0.01657449986147, 0.7674065441001, 0.7685186264746, -0.8070606893405, -0.8064813078964, -0.01981930575062, -0.01898865327281, 0.7676995518975, 0.7685113136416, 0, -0.8073970897832, -0.8064886201872, -0, -0, -0, 5.551115123126e-17, 0.002627953237645, 0.3940885612686, 0.3912363766737, 0.3941031738286, 0, 0.3912195472411, 0.3940739487086
10.1, 0.1957193876269, -0.1074820418799, -0.2067058579383, -0.1074289630283, -0.02886511880493, -7.388897673631e-05, -0.02053818663863, 0.008882198950397, 0, 0, -277.4764152882, 0, 450.2458370412, 7524.880289092, 3130.681862589, 7535.062871612, 3134.979692591, 11.99651668334, 38.8322017578, 37.22879431834, 16.64207608599, -243.1821358658, -0.01506638567206, 241.927058079, -0.2042570249692, 5403.421839969, 3969.806292216, 5411.592467406, 3972.235563153, 3, -1.408350958827, -45.26424549909, 1.403893374266, 46.21780099851, -1.453039820517, 0.2493778681444, -1.341413009179, 0.3725772800584, 0, 0, 0.2166296186311, -0, -0, -0, -0, -0, 0.2166296175337, 0.004656435360754, 0, 0, 0, 0, 0, 0.0001760424547287, 0.004656468643303, -0.04278954579433, 0.0001760411964486, 0.04938346525074, 0.0001760411964486, 56.7611374173, 56.78137055992, 56.76091422805, 56.78128676286, 140.1233588969, -0.2003505291204, 0.2024134012789, 0, 1, 50.00049893781, 50, 50.00047675953, -0.0001127177035323, 0, 0, 0, 0, 0, 0, 0, 0, 140.1250434511, 137.175079426, 140.1245806884, 137.1746236534, 140.1233588969, 137.1748515394, 140.1250445584, 137.1750794257, 0, 140.1245817788, 137.1746236531, -0.01693809956222, 0, -0.2171282652889, -0.01658022005214, 0.1852900480548, -0.01658022005214, 0.7673048447481, 0.7684126716725, -0.8071624162725, -0.8065872623894, -0.01992131252688, -0.01908850619811, 0.7675970250477, 0.7684114608254, 0, -0.80749960852, -0.8065884732216, -0, -0, -0, -5.551115123126e-17, 0.002627840407774, 0.3940895997438, 0.3912361023706, 0.3940920193364, 0, 0.3912197900094, 0.3940871801512
10.125, 0.1963356425313, -0.01248896628615, -0.2060957320991, -0.01248834970123, -0.005058776602664, 0.0003870136798742, -0.02699877853501, -0.001108692075561, 0, 0, -1000, 0, 1000, 7524.975941058, 3128.50392089, 7534.990270163, 3137.00629333, 25.16868421686, 28.17124176165, 24.23817946985, 29.28304591445, -242.1972830419, 3.300164402817, 243.0999016966, 3.089063398035, 5404.623445884, 3998.044064812, 5410.384084439, 3944.504816374, 3, 0.1651119980909, -5.347327497527, -0.1449732751778, 4.489917166807, -1.452056361039, 0.1954324961784, -1.342166092233, 0.4236855672105, 0, 0, 0.2166494361182, -0, -0, -0, -0, -0, 0.2166494811148, 0.004421069838802, 0, 0, 0, 0, 0, -0.003879839245016, 0.004421101444823, -0.04303809404071, -0.003879811508414, 0.04912300097961, -0.003879811508414, 56.90178983539, 56.92207312546, 56.90156632218, 56.92198945227, 140.4705843197, -0.1993869535778, 0.2033774822388, 0, 1, 50.00049033869, 50, 50.00051379901, 0.0001515058012921, 0, 0, 0, 0, 0, 0, 0, 0, 140.4722695167, 137.5223015738, 140.4718057419, 137.521852044, 140.4705843197, 137.5220768165, 140.4722706259, 137.5223015814, 0, 140.4718068317, 137.5218520516, -0.01703207164024, 0, -0.2162577012255, -0.01635312009871, 0.1861611312504, -0.01635312009871, 0.7671989219596, 0.7682793432182, -0.8072684142996, -0.8067205962413, -0.02002712233149, -0.01919394057844, 0.7674927976424, 0.7683060255403, 0, -0.8076038301344, -0.8066939066972, -0, -0, -0, -0, 0.002627732467244, 0.3940890938363, 0.3912337074628, 0.3940357678918, 0, 0.3912221986748, 0.3941424197809
10.15, 0.2015013083855, 0.08538254589135, -0.2009060304866, 0.08541726392185, 0.01894513528803, 0.000653442098069, -0.01677566178832, 0.0001974606912361, 0, 0, -1000, 0, 1000, 7525.273156048, 3127.196127823, 7534.705747873, 3138.27192927, 30.24020687718, 17.30692000281, 18.90704613289, 40.50727163799, -241.775197989, 5.678966854853, 243.4889706922, 4.95750458949, 5405.174335963, 4016.310916123, 5409.817397822, 3926.123481555, 3, 1.66894682799, 37.60606449735, -1.690092425741, -36.13289201912, -1.448955660276, 0.162892816949, -1.345144861228, 0.4554179473543, 0, 0, 0.2166603378304, -0, -0, -0, -0, -0, 0.2166604349634, 0.004102679908267, 0, 0, 0, 0, 0, -0.006535630542506, 0.004102709241086, -0.04292094741033, -0.006535583815179, 0.04924356371334, -0.006535583815179, 57.04244506523, 57.0627758386, 57.0422155922, 57.06269205598, 140.8178098032, -0.2055211770892, 0.1972417405703, 0, 1, 50.00048661886, 50, 50.00044993277, -0.0002033568063973, 0, 0, 0, 0, 0, 0, 0, 0, 140.8195004983, 137.8695255041, 140.8190258822, 137.8690792039, 140.8178098032, 137.8693023667, 140.8195016363, 137.8695255168, 0, 140.8190269382, 137.8690792166, -0.0171116742253, 0, -0.222472006773, -0.0162356293992, 0.17994527677, -0.0162356293992, 0.7670953165174, 0.7681571225181, -0.8073719868294, -0.8068428244954, -0.02013347327701, -0.01929789823703, 0.7673883913478, 0.7682020650233, 0, -0.8077082269629, -0.8067978614973, -5.551115123126e-17, -0, -0, -5.551115123126e-17, 0.002627687478795, 0.3940892062034, 0.3912326106725, 0.3939993780819, 0, 0.3912233268255, 0.3941790343249
10.175, 0.2061923370378, 0.09995115980913, -0.1962187462347, 0.09999803575445, 0.02186053020705, 9.428810829764e-05, 0.003174524074796, 0.001316117281657, 0, 0, -273.1263000791, 0, 330.5064051477, 7525.797926254, 3130.149603906, 7534.1854094, 3135.275943919, 35.69409396495, 17.18801813354, 13.52546627063, 38.81939457711, -241.9681376794, 0.4107111592502, 243.1812977638, 0.2411553003809, 5404.449208396, 3981.36625468, 5410.516202733, 3961.378322482, 3, 1.507611906175, 42.4524058413, -1.508195028135, -42.57444546177, -1.443465152807, 0.236411696938, -1.350600198137, 0.381096056218, 0, 0, 0.2166620018126, -0, -0, -0, -0, -0, 0.2166620124633, 0.003813278138583, 0, 0, 0, 0, 0, -0.001448469416313, 0.003813305402692, -0.04319514866097, -0.001448459060144, 0.04897001759971, -0.001448459060144, 57.18309713395, 57.20347825574, 57.18286802302, 57.20339493177, 141.1650353603, -0.2034137475879, 0.1993485972136, 0, 1, 50.00048334338, 50, 50.00048566663, 8.409614833779e-06, 0, 0, 0, 0, 0, 0, 0, 0, 141.1667252106, 138.2167575956, 141.1662523074, 138.2162983185, 141.1650353603, 138.21652796, 141.1667263452, 138.2167575985, 0, 141.1662533698, 138.2162983214, -0.01713425506139, 0, -0.2203861057901, -0.01670770536005, 0.1820305999346, -0.01670770536005, 0.7669898844634, 0.7680990016421, -0.8074774142476, -0.8069009318976, -0.02023883570692, -0.01939100241117, 0.7672848327379, 0.7681089638554, 0, -0.8078117853522, -0.8068909686777, -0, -0, -0, -0, 0.00262769609756, 0.3940888996976, 0.3912340537423, 0.3940689913986, 0, 0.3912219363852, 0.3941088079966
10.2, 0.2075240550005, 0.1196391366282, -0.1948845884823, 0.1197061795468, 0.02701681280369, -0.0002131910294689, 0.03818092944021, -0.003936649918971, 0, 0, 1000, 0, -1000, 7526.058764266, 3131.893847766, 7533.923707356, 3133.413367737, 31.58202693491, 16.58917141231, 17.6687086443, 39.89961105281, -242.571887375, -1.941806894539, 242.6651003154, -2.097580246042, 5403.960996703, 3959.964723377, 5410.999792852, 3983.784621447, 3, 1.611772209128, 51.10340997899, -1.618582529031, -50.78874553995, -1.44074050708, 0.2807892011762, -1.353344789308, 0.3343927402019, 0, 0, 0.2166648445758, -0, -0, -0, -0, -0, 0.2166648398768, 0.003675549202114, 0, 0, 0, 0, 0, 0.001726161241466, 0.003675575482181, -0.04306794287419, 0.001726148899553, 0.04909355504674, 0.001726148899553, 57.32375105893, 57.34418148799, 57.32351856345, 57.34409691602, 141.5122608763, -0.2069004979136, 0.1958631872874, 0, 1, 50.0004764727, 50, 50.00046889904, -3.594952228091e-05, 0, 0, 0, 0, 0, 0, 0, 0, 141.5139537024, 138.5639871718, 141.5134748869, 138.5635194264, 141.5122608763, 138.5637532956, 141.5139548517, 138.5639871682, 0, 141.5134759314, 138.5635194229, -0.01716524137614, 0, -0.2239043465745, -0.0170157674167, 0.178513708661, -0.0170157674167, 0.7668878936486, 0.7680251810161, -0.8075794309805, -0.8069747502429, -0.02034247004947, -0.0194866572918, 0.7671819739883, 0.7680133076229, 0, -0.8079146448476, -0.8069866222065, -0, -0, -0, -0, 0.002627710706391, 0.3940878988801, 0.3912350269291, 0.3941116238782, 0, 0.3912209723368, 0.394064173882
10.225, 0.2064474372096, 0.1021938660435, -0.1959702049616, 0.1022430372428, 0.02366454627971, -0.0001904521729779, 0.03683883599436, -0.002957896979807, 0, 0, 1000, 0, -1000, 7526.33074564, 3132.455627238, 7533.64994629, 3132.932154191, 29.38963333488, 18.72544774065, 19.96450342764, 38.14452770491, -242.3713905645, -1.946023212322, 242.8931343055, -2.110779672452, 5405.094554877, 3955.012356223, 5409.871350157, 3987.804642918, 3, 1.463875489632, 43.56494454167, -1.455427806323, -44.09878226991, -1.437897628384, 0.2955753892147, -1.356217638916, 0.3210788257851, 0, 0, 0.21666838878, -0, -0, -0, -0, -0, 0.2166683857019, 0.00330383176492, 0, 0, 0, 0, 0, 0.00237636509374, 0.003303855387992, -0.04336404231434, 0.002376348102367, 0.04879703792289, 0.002376348102367, 57.4644034706, 57.48488486007, 57.46417056346, 57.48479864227, 141.8594863286, -0.2068214996751, 0.1959424688852, 0, 1, 50.00046996373, 50, 50.00048488658, 0.0001048582617421, 0, 0, 0, 0, 0, 0, 0, 0, 141.861179569, 138.9112142877, 141.8606999725, 138.9107434065, 141.8594863286, 138.9109788422, 141.8611807258, 138.9112142829, 0, 141.8607010109, 138.9107434016, -0.01719508117201, 0, -0.2238540662433, -0.01712984534922, 0.1785642682917, -0.01712984534922, 0.7667817525169, 0.7679288048474, -0.8076855764664, -0.8070711261171, -0.02044901578932, -0.01958750550708, 0.7670778530007, 0.7679124586205, 0, -0.80801876761, -0.8070874696347, 5.551115123126e-17, -0, -0, -5.551115123126e-17, 0.002627720637138, 0.3940888273511, 0.3912327673208, 0.3941214889913, 0, 0.3912232219593, 0.394056165711
10.25, 0.2054087369703, 0.05427646072853, -0.1970025930924, 0.05429043936384, 0.01238350258789, -0.0001594671983692, 0.0319282707906, 0.0003473328504361, 0, 0, 1000, 0, -1000, 7526.88711081, 3132.812259469, 7533.09326798, 3132.597846721, 27.16095891842, 23.81509200914, 22.09288068381, 32.56598063646, -242.1307646107, -1.905972433763, 243.1561212522, -2.088788100079, 5406.670297358, 3954.468943778, 5408.299411323, 3987.838526486, 3, 0.8633300197517, 23.5919046068, -0.871126479444, -23.25981447508, -1.432067939891, 0.3052529481255, -1.362061888113, 0.3118094190223, 0, 0, 0.216674211393, -0, -0, -0, -0, -0, 0.2166742105877, 0.002656622049522, 0, 0, 0, 0, 0, 0.002418200118381, 0.002656641045933, -0.0439830833073, 0.002418182826951, 0.04817770284392, 0.002418182826951, 57.60505496288, 57.62558784176, 57.60482344105, 57.62550080049, 142.2067117152, -0.2046621739481, 0.1981019546695, 0, 1, 50.00046456793, 50, 50.00045632469, -4.18977126279e-05, 0, 0, 0, 0, 0, 0, 0, 0, 142.2084038016, 139.2584407326, 142.2079265895, 139.2579678597, 142.2067117152, 139.2582042911, 142.2084049637, 139.2584407276, 0, 142.2079276271, 139.2579678547, -0.01721223882444, 0, -0.2217095391982, -0.01720230247443, 0.1807089473697, -0.01720230247443, 0.7666722133928, 0.7678258846067, -0.8077951198089, -0.8071740458091, -0.02055855300692, -0.01969071324023, 0.766972538476, 0.7678092505649, 0, -0.808124084665, -0.8071906770454, -0, -0, -0, 5.551115123126e-17, 0.002627724193014, 0.394089334838, 0.3912296251704, 0.3941225714741, 0, 0.3912263568893, 0.3940560982019
10.275, 0.2012424125716, -0.08676824068075, -0.2011628149944, -0.08673320436369, -0.02222573000167, -0.000467218528272, 0.01659961369092, -0.0001036826632502, 0, 0, 1000, 0, -1000, 7527.618893573, 3134.390195063, 7532.357783668, 3131.014931158, 18.97196936929, 40.24849797459, 30.17129775089, 17.00863978897, -242.7224193303, -4.06605290378, 242.5368060703, -4.573380358496, 5407.176134007, 3938.841864766, 5407.775564099, 4003.725650165, 3, -1.276070338096, -36.56500133222, 1.251502094463, 37.77456206424, -1.424392475136, 0.3450963753351, -1.369786975524, 0.2718935327297, 0, 0, 0.2166690293297, -0, -0, -0, -0, -0, 0.2166690468142, 0.002039744112953, 0, 0, 0, 0, 0, 0.00470194603857, 0.002039758697626, -0.04483621116544, 0.004701912418733, 0.04732920053993, 0.004701912418733, 57.74570439948, 57.76629068266, 57.74547837237, 57.7662031553, 142.5539371861, -0.1978025911827, 0.2049607107775, 0, 1, 50.0004578632, 50, 50.00042543006, -0.0002038435752468, 0, 0, 0, 0, 0, 0, 0, 0, 142.5556244814, 139.6056694178, 142.5551567774, 139.605190053, 142.5539371861, 139.6054297255, 142.5556256293, 139.605669408, 0, 142.5551578354, 139.6051900431, -0.01720764254767, 0, -0.2148420906041, -0.01743846428958, 0.1875755602528, -0.01743846428958, 0.7665618433061, 0.7677416006048, -0.8079054622893, -0.8072583317492, -0.02066711492478, -0.01979070603862, 0.7668679930631, 0.767709254835, 0, -0.8082286341784, -0.8072906669122, -0, -0, -0, -0, 0.002627766760483, 0.3940890748534, 0.3912286130128, 0.3941537001374, 0, 0.3912274052381, 0.3940244495693
10.3, 0.1959658967357, -0.1092821734686, -0.2064479398286, -0.1092266190724, -0.02696361979517, 1.356490100472e-05, -0.0201798515501, 0.005338679520067, 0, 0, -268.8794101887, 0, 392.6847983124, 7527.824216314, 3131.283133113, 7532.144865213, 3134.1162574, 13.56171121795, 39.09799617454, 35.62785382667, 16.62995734308, -242.9695143195, 0.58047352053, 242.1777586647, 0.396036399882, 5406.864733583, 3978.582415903, 5408.073067412, 3964.615179564, 3, -1.335088857362, -46.28016649109, 1.320535183054, 46.98830280906, -1.4222341197, 0.2681128168288, -1.372035866472, 0.3487460107323, 0, 0, 0.2166570028582, -0, -0, -0, -0, -0, 0.2166570070055, 0.001920228768991, 0, 0, 0, 0, 0, -0.001012166464345, 0.001920242497575, -0.04489268483968, -0.00101215922796, 0.04727554633714, -0.00101215922796, 57.8863568258, 57.90699380833, 57.88613029789, 57.90690521784, 142.901162692, -0.1990143732161, 0.2037492106557, 0, 1, 50.00045307295, 50, 50.00043366881, -0.0001267802705259, 0, 0, 0, 0, 0, 0, 0, 0, 142.9028512518, 139.9528892415, 142.9023808544, 139.9524212307, 142.901162692, 139.9526552382, 142.902852408, 139.9528892436, 0, 142.9023819041, 139.9524212328, -0.01726391631183, 0, -0.2161099510773, -0.01702542355368, 0.1863079899797, -0.01702542355368, 0.7664595408544, 0.7675936981866, -0.8080077479326, -0.8074062325245, -0.02076971917374, -0.0198993053954, 0.7667660766842, 0.7676006597144, 0, -0.808330552996, -0.8073992705052, -5.551115123126e-17, -0, -5.551115123126e-17, -0, 0.002627825542281, 0.3940884485486, 0.3912292330302, 0.3940745369586, 0, 0.3912268129047, 0.3941023601386
10.325, 0.1978351172035, 0.009741080574183, -0.20461045661, 0.009741519580481, 0.002427335705558, 0.0003260463012029, -0.02479033040469, -0.00328249043193, 0, 0, -1000, 0, 1000, 7527.915904889, 3129.298670174, 7532.04959439, 3136.085022421, 27.57433988305, 26.21576720726, 22.06775332318, 32.0255658337, -242.6674526637, 3.223801451186, 242.6046291097, 3.001990199657, 5406.324425504, 4003.20622367, 5408.639810716, 3940.102437733, 3, 0.4207260901748, 2.705724437279, -0.3690616669989, -5.575410972582, -1.421264942013, 0.2188649695394, -1.373052885393, 0.3975969004243, 0, 0, 0.2166587255699, -0, -0, -0, -0, -0, 0.2166587670941, 0.00192702376075, 0, 0, 0, 0, 0, -0.004572954464838, 0.001927037538134, -0.04485444721189, -0.004572921770418, 0.04730765735264, -0.004572921770418, 58.02700929079, 58.04769593615, 58.0267821008, 58.04760813309, 143.248387995, -0.1994501688441, 0.2033148094036, 0, 1, 50.0004418821, 50, 50.00051710335, 0.0004603541494065, 0, 0, 0, 0, 0, 0, 0, 0, 143.2500772487, 140.3001107734, 143.249605487, 140.2996500059, 143.248387995, 140.2998803988, 143.2500784064, 140.3001107826, 0, 143.2496065347, 140.2996500151, -0.01729937967168, 0, -0.2165813564243, -0.01676192707019, 0.1858379994455, -0.01676192707019, 0.7663587284132, 0.7674643520284, -0.808108606566, -0.8075355855891, -0.02087069593481, -0.02000416358996, 0.7666650039823, 0.7674958002024, 0, -0.808431629965, -0.8075041273823, -0, -0, -0, -0, 0.002627823166858, 0.3940883367315, 0.3912303095453, 0.3940254843552, 0, 0.3912256837533, 0.3941511891077
10.35, 0.2040938231784, 0.09376875460709, -0.1983255272179, 0.09380963741307, 0.0225570717975, 0.0003405155540674, -0.01574539204652, -0.001890151465738, 0, 0, -1000, 0, 1000, 7527.911233864, 3128.833426145, 7532.07227287, 3136.227671557, 32.28182864768, 16.79041256864, 16.95691344985, 40.26670599444, -242.6484130666, 3.429458103566, 242.5807048784, 3.112605135313, 5405.591452179, 4006.797804556, 5409.431956229, 3937.559079509, 3, 1.460668704831, 39.78994486795, -1.452777884016, -39.98219452607, -1.421306075191, 0.2081538155504, -1.372832720476, 0.4020334611289, 0, 0, 0.2167022437652, -0, -0, -0, -0, -0, 0.2167022931877, 0.002033321715388, 0, 0, 0, 0, 0, -0.005017536316001, 0.002033336258597, -0.04444704679344, -0.00501750042862, 0.04772114392265, -0.00501750042862, 58.16766376052, 58.18839796802, 58.16743175038, 58.18831102708, 143.5956127937, -0.2046805767427, 0.1980817876457, 0, 1, 50.00043917405, 50, 50.00044999323, 0.0001325362810327, 0, 0, 0, 0, 0, 0, 0, 0, 143.597306307, 140.6473351708, 143.5968266238, 140.6468753268, 143.5956127937, 140.6471052589, 143.597307482, 140.6473351809, 0, 143.5968276508, 140.6468753368, -0.01731155487785, 0, -0.2218254839625, -0.01672833319066, 0.1805911659722, -0.01672833319066, 0.7662607053073, 0.7673604321729, -0.8082065755397, -0.8076395067372, -0.02097069086497, -0.02010502630949, 0.7665642000879, 0.7673949371064, 0, -0.8085324210642, -0.8076049897253, 5.551115123126e-17, -0, -0, -0, 0.002627675867436, 0.3940872924291, 0.391231771819, 0.3940183295558, 0, 0.3912241034334, 0.3941562553024
10.375, 0.2070018215134, 0.05820609427653, -0.1954245076617, 0.05822166699418, 0.01310492503004, -0.000401903913166, 0.03204664623923, -0.0008131717585748, 0, 0, 1000, 0, -1000, 7528.027838505, 3132.96023391, 7531.978787853, 3131.98092193, 26.72842806676, 24.15117312797, 22.63938526938, 33.20136543595, -243.4062566216, -2.926577955157, 241.8883179321, -3.091846195292, 5404.874461379, 3953.452338957, 5410.197960965, 3989.426147816, 3, 0.5321142262628, 23.97385186082, -0.5103164691588, -24.72867851268, -1.420075659461, 0.3113755322282, -1.373830754354, 0.2963070686116, 0, 0, 0.2167583699719, -0, -0, -0, -0, -0, 0.2167583719673, 0.002058907592932, 0, 0, 0, 0, 0, 0.00260692110169, 0.002058922326772, -0.0443499475971, 0.00260690244632, 0.04780653250736, 0.00260690244632, 58.30831607186, 58.32910034647, 58.30808342685, 58.32901341061, 143.9428373838, -0.2050292645591, 0.197734220025, 0, 1, 50.00043042449, 50, 50.00045753218, 0.000254983153782, 0, 0, 0, 0, 0, 0, 0, 0, 143.944531172, 140.9945680787, 143.9440517015, 140.9940919933, 143.9428373838, 140.9943300306, 143.9445323461, 140.9945680733, 0, 143.9440527286, 140.9940919879, -0.01726544990725, 0, -0.2221283937957, -0.01731916573826, 0.1802893318504, -0.01731916573826, 0.7661598591906, 0.7673216955202, -0.808307496154, -0.8076782341554, -0.0210719852889, -0.02019619997378, 0.7664626920548, 0.7673037632337, 0, -0.8086339234538, -0.8076961631813, 5.551115123126e-17, -0, 5.551115123126e-17, -0, 0.002627512286029, 0.3940887660395, 0.3912332006008, 0.3941245965264, 0, 0.3912225770421, 0.3940529355526
10.4, 0.1988269481833, -0.09653011820872, -0.2035936143364, -0.09648654435866, -0.02432335232888, -0.000429462574239, 0.01505816643389, -0.002326222148166, 0, 0, 1000, 0, -1000, 7527.803076906, 3133.086233487, 7532.228866048, 3131.694563194, 16.05789065, 40.02436333379, 33.16674412454, 16.86613331227, -243.7405089954, -2.799192522405, 241.4735275575, -3.071910177931, 5405.131678191, 3949.021019522, 5409.92915837, 3992.659584737, 3, -1.577914201254, -41.63895483766, 1.586731492189, 41.31399981445, -1.422428429082, 0.3151729183225, -1.371221634353, 0.2892376812035, 0, 0, 0.2168155738111, -0, -0, -0, -0, -0, 0.2168155779772, 0.002219155127927, 0, 0, 0, 0, 0, 0.003162364523218, 0.002219171016904, -0.04465439210669, 0.003162341881096, 0.04750369903953, 0.003162341881096, 58.44896513156, 58.46980332619, 58.44873830885, 58.46971515336, 144.2900619163, -0.1982509817991, 0.2045100277873, 0, 1, 50.00042620832, 50, 50.00043995626, 0.0001593458709179, 0, 0, 0, 0, 0, 0, 0, 0, 144.2917513488, 141.3417935249, 144.2912813669, 141.3413162502, 144.2900619163, 141.341554881, 144.2917524949, 141.3417935183, 0, 144.2912824259, 141.3413162437, -0.0172749832286, 0, -0.2153583998931, -0.01736242891878, 0.1870567544597, -0.01736242891878, 0.7660561057186, 0.7672245820137, -0.8084112291312, -0.8077753480706, -0.02117276591483, -0.02029713414412, 0.7663610171461, 0.7672028284991, 0, -0.8087355889785, -0.8077970967873, -0, -0, -5.551115123126e-17, 5.551115123126e-17, 0.002627397184999, 0.3940899589573, 0.3912326866023, 0.3941334236636, 0, 0.3912231142251, 0.3940464942509
10.425, 0.1960512309306, -0.1081700806787, -0.20636207235, -0.1081155734621, -0.02737165218261, -7.113865834144e-05, -0.01867819300818, 0.004025505294629, 0, 0, -220.7266817603, 0, 325.6358231376, 7527.423640539, 3130.811255932, 7532.611551142, 3133.979007236, 13.4686572307, 39.05697332134, 35.70946822428, 16.64325915054, -243.4971015493, 0.3064965175396, 241.6516342421, 0.1252271672141, 5405.378506661, 3975.445509475, 5409.61303747, 3965.1179679, 3, -1.558570941481, -46.07127384777, 1.545746030564, 46.60562558976, -1.426405411204, 0.2579607378857, -1.367220413299, 0.3463681554012, 0, 0, 0.2168368923159, -0, -0, -0, -0, -0, 0.2168368956789, 0.00246670976553, 0, 0, 0, 0, 0, -0.0007484079965279, 0.002466727430452, -0.04447190167044, -0.0007484026369696, 0.04768311346262, -0.0007484026369696, 58.58961741815, 58.61050552285, 58.58939001248, 58.61041772893, 144.6372867982, -0.1989594502476, 0.2038024973482, 0, 1, 50.00041851461, 50, 50.00040520171, -5.274165793201e-05, 0, 0, 0, 0, 0, 0, 0, 0, 144.6389773743, 141.6890144849, 144.6385053913, 141.6885453566, 144.6372867982, 141.6887799223, 144.6389785198, 141.6890144864, 0, 144.63850645, 141.6885453581, -0.01732620022051, 0, -0.2161187640284, -0.01706607728977, 0.1862973062585, -0.01706607728977, 0.765955211541, 0.7670909578711, -0.8085121433856, -0.8079089723962, -0.02127335216383, -0.02040385960965, 0.7662588764813, 0.7670961053896, 0, -0.8088377288297, -0.8079038246089, -0, -0, 5.551115123126e-17, -0, 0.002627454633632, 0.3940910722001, 0.3912321958814, 0.3940807858041, 0, 0.3912237429301, 0.3941013585961
10.45, 0.1956079271739, -0.1105849589607, -0.2068025383709, -0.1105282051138, -0.02753094047337, -5.417696166228e-05, -0.0202607796969, 0.002064227327676, 0, 0, -297.3874927295, 0, 375.1982881957, 7527.350741326, 3131.02311846, 7532.667081986, 3133.719049221, 13.47447028611, 39.1880846276, 35.70556673361, 16.47136117374, -243.3177454532, 0.2913415169897, 241.8233553197, 0.107357270906, 5405.345906139, 3972.367858729, 5409.560255615, 3969.148053071, 3, -1.483222547858, -46.89453784508, 1.463048753637, 47.36970226764, -1.427168015546, 0.263816543552, -1.366649313458, 0.3393561412228, 0, 0, 0.2168261805895, -0, -0, -0, -0, -0, 0.2168261814863, 0.002513819840652, 0, 0, 0, 0, 0, -0.0002333302928601, 0.002513837841167, -0.04443499800892, -0.000233328622082, 0.04772382730594, -0.000233328622082, 58.73026956589, 58.75120847981, 58.73004194172, 58.75111957087, 144.984512, -0.198942820535, 0.2038197566625, 0, 1, 50.00041049894, 50, 50.00039457754, -0.0001167895342667, 0, 0, 0, 0, 0, 0, 0, 0, 144.9862027118, 142.0362403284, 144.9857303096, 142.0357696561, 144.984512, 142.0360049927, 144.9862038563, 142.0362403289, 0, 144.9857313691, 142.0357696566, -0.0173429712168, 0, -0.2161190528962, -0.01712224663889, 0.1862976495332, -0.01712224663889, 0.7658518756897, 0.7669925345645, -0.8086154600049, -0.8080073951208, -0.02137665112256, -0.02050582540424, 0.7661552886932, 0.7669941394254, 0, -0.8089413235351, -0.8080057902338, 5.551115123126e-17, -0, -0, -0, 0.002627635132688, 0.3940901235906, 0.3912322610182, 0.3940869166128, 0, 0.3912238478418, 0.3940933305683
10.475, 0.196282467073, -0.04644970468642, -0.2061576821588, -0.04643980217661, -0.01156093853364, 0.0003209484703721, -0.03079726752348, -0.003215595151138, 0, 0, -1000, 0, 1000, 7527.286175199, 3129.295166861, 7532.697317432, 3135.526104483, 26.4079961929, 32.35899940479, 23.24370169029, 25.90032293075, -242.419300406, 2.901661503732, 242.8484692874, 2.720102961636, 5405.925959894, 3995.198245449, 5408.942265608, 3947.163991407, 3, -0.3780558073879, -21.14923187211, 0.4199661810486, 18.0364067278, -1.427843481328, 0.2204248384674, -1.366343316889, 0.3840346324227, 0, 0, 0.2167929743429, -0, -0, -0, -0, -0, 0.2167930032779, 0.002469114638534, 0, 0, 0, 0, 0, -0.003480907767618, 0.002469132313516, -0.04461491910144, -0.003480882849957, 0.04754449368807, -0.003480882849957, 58.87092088592, 58.89191070076, 58.87069472743, 58.89182222538, 145.3317373899, -0.1964995735572, 0.2062652619497, 0, 1, 50.00039584705, 50, 50.00047136271, 0.0004058215015784, 0, 0, 0, 0, 0, 0, 0, 0, 145.3334266394, 142.3834622784, 145.3329567062, 142.3829978451, 145.3317373899, 142.3832300688, 145.3334277757, 142.3834622854, 0, 145.3329577754, 142.3829978521, -0.01738460375955, 0, -0.2137167656669, -0.01689528215565, 0.1887022455072, -0.01689528215565, 0.7657462160175, 0.7668627918181, -0.8087211323608, -0.8081371426128, -0.02148145960392, -0.02061323334492, 0.7660508567141, 0.766886730964, 0, -0.8090457723585, -0.8081131976538, -0, -5.551115123126e-17, -0, -5.551115123126e-17, 0.002627856764204, 0.3940892799133, 0.3912311045782, 0.3940414370309, 0, 0.3912250799152, 0.3941371227957
10.5, 0.2055558854135, 0.0931736911133, -0.1968562450734, 0.09321438162075, 0.02192414454283, 0.0003197672713258, -0.01530337049573, -0.002136888865054, 0, 0, -1000, 0, 1000, 7527.392537775, 3129.159584937, 7532.574212301, 3135.427019796, 33.78759083508, 17.09689512485, 15.38236115558, 39.50711128491, -242.0430707145, 2.613466435388, 243.1435314586, 2.376971066155, 5405.680521205, 3997.259169231, 5409.217240544, 3947.618585288, 3, 1.485909223687, 39.63133768928, -1.489965895837, -40.05986513465, -1.426725527019, 0.2175075007747, -1.367646103314, 0.3823361552264, 0, 0, 0.2167879079085, -0, -0, -0, -0, -0, 0.2167879380337, 0.002397035591266, 0, 0, 0, 0, 0, -0.003597313992048, 0.002397052749474, -0.04416510052467, -0.003597288242311, 0.04800801567376, -0.003597288242311, 59.0115766888, 59.03261264846, 59.01134295013, 59.03252513074, 145.6789624188, -0.2047554482661, 0.198007344687, 0, 1, 50.00039400578, 50, 50.00040414787, 5.384119375672e-05, 0, 0, 0, 0, 0, 0, 0, 0, 145.6806579071, 142.7306874674, 145.6801754376, 142.7302225333, 145.6789624188, 142.7304550077, 145.6806590756, 142.7306874747, 0, 145.6801764699, 142.7302225406, -0.0174068092093, 0, -0.2219966108452, -0.01691350024387, 0.180420313515, -0.01691350024387, 0.7656445222794, 0.7667586680677, -0.8088227321894, -0.8082412664131, -0.02158653961806, -0.02071655662321, 0.7659460917254, 0.766783407513, 0, -0.8091505368686, -0.8082165207594, -0, -0, -0, -0, 0.002627919617329, 0.3940867743682, 0.3912315958794, 0.3940373315556, 0, 0.3912245295174, 0.3941362171808
10.525, 0.2057407579804, 0.09760915655503, -0.1966736215903, 0.09765376355774, 0.02327616680504, 0.0001181594177222, 0.002213105604764, 0.002590837939287, 0, 0, -302.4271338127, 0, 374.9257139387, 7527.596352378, 3130.701551903, 7532.357422977, 3134.127085493, 35.6191748687, 17.20931782961, 13.58663951745, 38.7650379318, -242.0531794807, 0.7196647332438, 243.0924015442, 0.5496434712004, 5405.499525739, 3979.164011106, 5409.459600453, 3963.722081851, 3, 1.470544852365, 41.80380854495, -1.471600140227, -41.70146572251, -1.424584184586, 0.2555824263042, -1.369933476076, 0.348783318097, 0, 0, 0.2167823132655, -0, -0, -0, -0, -0, 0.2167823185654, 0.002270411618519, 0, 0, 0, 0, 0, -0.001119033335345, 0.002270427869501, -0.04431918549766, -0.001119025325669, 0.04785731935559, -0.001119025325669, 59.15222822634, 59.17331536668, 59.15199530622, 59.17322705876, 146.0261873567, -0.203314585714, 0.1994492459324, 0, 1, 50.00038358567, 50, 50.00038240119, 6.600539702156e-06, 0, 0, 0, 0, 0, 0, 0, 0, 146.0278818809, 143.0779155415, 146.0274012544, 143.077444613, 146.0261873567, 143.0776800796, 146.0278830458, 143.0779155438, 0, 146.0274022917, 143.0774446153, -0.0174070395887, 0, -0.2205553899744, -0.01713156472498, 0.1818625691823, -0.01713156472498, 0.7655385627329, 0.766675287547, -0.8089286747865, -0.8083246423491, -0.02169225520699, -0.02081698058139, 0.7658411846145, 0.7666829840662, 0, -0.8092554500635, -0.808316945229, -0, -0, -0, -0, 0.002627931305569, 0.3940887587964, 0.3912319556156, 0.3940733783888, 0, 0.3912240475897, 0.394104139204
10.55, 0.2017876581301, -0.08683457287945, -0.2006202884746, -0.08679937454313, -0.02258387144135, -0.0004909648271575, 0.01648520949947, 0.0001146744158543, 0, 0, 1000, 0, -1000, 7527.926547815, 3133.971313209, 7532.033241763, 3130.854708829, 19.24632121387, 40.09223603037, 29.89326336708, 17.0327729212, -243.1036999683, -3.92912804631, 242.1610635973, -4.402807332903, 5405.936107935, 3940.146877034, 5409.05831036, 4002.31319718, 3, -1.510747805004, -36.60993118335, 1.489597089847, 38.12227026268, -1.42111674437, 0.3369655777216, -1.373347077554, 0.2673655294871, 0, 0, 0.2167920595548, -0, -0, -0, -0, -0, 0.2167920754825, 0.001973841737346, 0, 0, 0, 0, 0, 0.004505018986987, 0.001973855866833, -0.04484442124266, 0.004504986738626, 0.04732751998659, 0.004504986738626, 59.29287794557, 59.31401777899, 59.29264940315, 59.31392933932, 146.3734120753, -0.1978270934518, 0.2049374042866, 0, 1, 50.00037242546, 50, 50.00033502888, -0.000209499961328, 0, 0, 0, 0, 0, 0, 0, 0, 146.3751026407, 143.4251466653, 146.3746300601, 143.4246629051, 146.3734120753, 143.4249047757, 146.3751037899, 143.4251466558, 0, 146.3746311169, 143.4246628956, -0.01737875965342, 0, -0.2150375846012, -0.0175983612253, 0.1873810426984, -0.0175983612253, 0.7654292816773, 0.7666164544107, -0.8090379889684, -0.8083834761645, -0.0217999338764, -0.02091449686705, 0.7657354894236, 0.7665854635521, 0, -0.8093611472753, -0.8084144572862, -0, -0, -0, -5.551115123126e-17, 0.002627869465191, 0.3940891819748, 0.3912310831396, 0.3941511006202, 0, 0.391224849977, 0.3940272633295
10.575, 0.1970619374063, -0.04162347931005, -0.2053496002459, -0.04161546426072, -0.01091195489057, 0.0002602591740001, -0.03045655033392, 0.001120336175064, 0, 0, -1000, 0, 1000, 7527.553468611, 3129.222875783, 7532.418935061, 3135.508464717, 22.78921241078, 30.92963497798, 26.35127351772, 25.41333448797, -242.8504690395, 2.740730496299, 242.4474913078, 2.549937230146, 5405.78715749, 3997.21944844, 5409.20031207, 3945.786949226, 3, -0.4183285395239, -17.25020409077, 0.4009593708987, 18.31002258866, -1.42502600392, 0.2186733031311, -1.369315000525, 0.3838930107123, 0, 0, 0.2167997004826, -0, -0, -0, -0, -0, 0.2167997317691, 0.002281402769603, 0, 0, 0, 0, 0, -0.003727169072063, 0.002281419101877, -0.04462801853275, -0.003727142389914, 0.04753835249385, -0.003727142389914, 59.43353006889, 59.45472027252, 59.43330106973, 59.45463152307, 146.7206367684, -0.1987130770898, 0.2040517920297, 0, 1, 50.00036546941, 50, 50.00033827255, -0.0001638038676665, 0, 0, 0, 0, 0, 0, 0, 0, 146.7223288094, 143.7723627345, 146.7218533825, 143.7718961235, 146.7206367684, 143.7721294366, 146.7223299583, 143.7723627421, 0, 146.7218544385, 143.7718961311, -0.01746944373791, 0, -0.2160150707792, -0.01697450460311, 0.1864039368927, -0.01697450460311, 0.7653275955665, 0.7664469021703, -0.8091397086113, -0.8085530320428, -0.02190111438619, -0.0210274291142, 0.7656323258785, 0.7664725346599, 0, -0.8094643062923, -0.8085273928883, -0, -0, -0, -0, 0.002627815214793, 0.3940886382123, 0.3912313810073, 0.3940374106236, 0, 0.3912245659134, 0.3941398658011
10.6, 0.2054630019832, 0.100650034635, -0.1969538336222, 0.1006972913184, 0.02353059087587, 8.325202051721e-05, 0.004183824839226, -0.005333571331707, 0, 0, -284.7973769237, 0, 245.9858978726, 7527.627368355, 3130.445030184, 7532.353221271, 3134.216391248, 35.43068598835, 17.01186804866, 13.70889287447, 39.05099167971, -242.3045230112, 0.6364045184228, 242.85469228, 0.4641177069253, 5405.044198655, 3981.611888116, 5409.925885054, 3962.143635473, 3, 1.402211419818, 42.51053628483, -1.39615354522, -43.14271001113, -1.424246891598, 0.2492912767919, -1.370017219012, 0.3519536949944, 0, 0, 0.2167984686239, -0, -0, -0, -0, -0, 0.2167984759836, 0.002322724589977, 0, 0, 0, 0, 0, -0.001410809708421, 0.00232274121788, -0.04429416223286, -0.0014107996088, 0.04787659280083, -0.0014107996088, 59.5741842457, 59.59542223927, 59.57395067217, 59.59533423818, 147.0678615001, -0.2029986461549, 0.1997637683092, 0, 1, 50.00036077146, 50, 50.00037579006, 7.379450249999e-05, 0, 0, 0, 0, 0, 0, 0, 0, 147.0695568687, 144.119590281, 147.0690747828, 144.1191182403, 147.0678615001, 144.1193542636, 147.0695580317, 144.1195902839, 0, 147.0690758218, 144.1191182432, -0.0174761418482, 0, -0.2203086326792, -0.01717202691787, 0.1821079055007, -0.01717202691787, 0.765225362814, 0.7663628971921, -0.8092419045029, -0.8086370325481, -0.02200525489653, -0.02112736401352, 0.7655278145371, 0.7663726003791, 0, -0.8095688106006, -0.8086273284061, -0, -0, -0, -0, 0.002627794094424, 0.3940878927853, 0.3912328627736, 0.3940685020954, 0, 0.3912231186263, 0.3941072834752
10.625, 0.2074421513972, 0.1220933603506, -0.1949742867406, 0.1221628524329, 0.02840296818722, -0.000251293618755, 0.03846194184671, -0.004620499691821, 0, 0, 1000, 0, -1000, 7527.601988958, 3132.321935073, 7532.377354948, 3132.455270191, 30.63067230958, 16.6437465875, 18.65685978619, 40.12862979299, -242.8250547798, -2.060964754902, 242.4273079283, -2.215924875919, 5404.776945881, 3958.206644434, 5410.198720272, 3984.933801233, 3, 1.516979342783, 51.82899303724, -1.512894882517, -51.96285289675, -1.42451018761, 0.2957608454086, -1.369775815476, 0.3076473431749, 0, 0, 0.2167892452989, -0, -0, -0, -0, -0, 0.2167892441296, 0.002369104557487, 0, 0, 0, 0, 0, 0.001936842147694, 0.002369121515971, -0.04399709172969, 0.001936828283523, 0.04816963345886, 0.001936828283523, 59.71483791301, 59.73612461593, 59.71460071699, 59.7360363447, 147.4150862537, -0.2072286928043, 0.1955357393192, 0, 1, 50.0003470791, 50, 50.0003504345, 1.418071989954e-05, 0, 0, 0, 0, 0, 0, 0, 0, 147.4167846138, 144.4668187557, 147.4162964142, 144.4663390468, 147.4150862537, 144.4665788972, 147.4167857911, 144.4668187516, 0, 147.4162974353, 144.4663390427, -0.0174782469475, 0, -0.2245419455566, -0.01745098226453, 0.1778766399428, -0.01745098226453, 0.7651225929586, 0.7662867289175, -0.8093447022556, -0.8087131989282, -0.02210968055522, -0.0212265567846, 0.7654230165324, 0.7662734062384, 0, -0.8096736088827, -0.8087265198076, -0, -5.551115123126e-17, -0, -5.551115123126e-17, 0.002627799214317, 0.394088505307, 0.3912333967124, 0.3941151259811, 0, 0.391222573453, 0.394061884633
10.65, 0.2037240062703, -0.03391162290146, -0.1986986859987, -0.03390626678263, -0.009921410594611, -0.0004175982871395, 0.02195239336763, -0.0004672674226865, 0, 0, 1000, 0, -1000, 7527.61401319, 3133.341571127, 7532.368967383, 3131.483538678, 20.87252844796, 34.32060840127, 28.46697952317, 23.03513979469, -243.1773216688, -3.270997528221, 242.0986536065, -3.530445785018, 5405.218308579, 3945.961349528, 5409.768202622, 3996.847905538, 3, -0.762986821609, -14.95819503751, 0.7726635763075, 14.52861965253, -1.424382201308, 0.3210409228129, -1.369874473218, 0.2832525712559, 0, 0, 0.2167875370656, -0, -0, -0, -0, -0, 0.216787544144, 0.002313330683907, 0, 0, 0, 0, 0, 0.003687606095307, 0.00231334724289, -0.044385173082, 0.003687579699351, 0.0477796280062, 0.003687579699351, 59.85548751077, 59.87682707499, 59.85525477731, 59.87673830931, 147.7623108653, -0.2012985834928, 0.2014657830819, 0, 1, 50.00033793169, 50, 50.00034921064, 6.453186431031e-05, 0, 0, 0, 0, 0, 0, 0, 0, 147.7640052989, 144.8140455986, 147.7635249251, 144.8135614568, 147.7623108653, 144.8138035199, 147.7640064553, 144.8140455908, 0, 147.7635259717, 144.813561449, -0.01748831554146, 0, -0.2186203955413, -0.01761224292631, 0.1837981346682, -0.01761224292631, 0.7650143841909, 0.7661965195271, -0.8094529262286, -0.8088034093243, -0.02221571727111, -0.02132880861528, 0.7653174571245, 0.7661711525484, 0, -0.8097791704725, -0.808828769779, -0, -0, -0, -0, 0.00262777369547, 0.3940888345871, 0.3912325154602, 0.3941395184077, 0, 0.3912234332873, 0.3940381507665
10.675, 0.1960018365678, -0.1164270277457, -0.2064151804443, -0.1163640895052, -0.02965617745568, 5.641098986127e-05, -0.03734435337656, -0.001813806810828, 0, 0, -973.0246525865, 0, 1000, 7527.267094163, 3130.244682683, 7532.725823862, 3134.465629565, 15.66466653435, 39.65131027189, 33.52099236117, 16.34145799431, -243.1309387578, 1.117090568601, 242.0728124631, 0.9397778396576, 5405.514649769, 3982.765866349, 5409.488227725, 3960.68596591, 3, -1.571722532127, -49.52370613277, 1.565643219399, 49.99378160354, -1.428020147127, 0.2439964493958, -1.366140782452, 0.3580927416516, 0, 0, 0.2167977789391, -0, -0, -0, -0, -0, 0.2167977882157, 0.00254928285501, 0, 0, 0, 0, 0, -0.00160006850476, 0.00254930110468, -0.04448571894897, -0.001600057050356, 0.04768005206275, -0.001600057050356, 59.99613768936, 60.01752974091, 59.99590818569, 60.01744010751, 148.1095352907, -0.1976513101847, 0.2051122592037, 0, 1, 50.00033218125, 50, 50.00032134523, -5.306676460292e-05, 0, 0, 0, 0, 0, 0, 0, 0, 148.1112279156, 145.1612647393, 148.1107512977, 145.1607912402, 148.1095352907, 145.1610279931, 148.1112290557, 145.1612647427, 0, 148.1107523623, 145.1607912435, -0.01756318914735, 0, -0.2150475808891, -0.01722508230625, 0.1873701324595, -0.01722508230625, 0.7649091493882, 0.7660497827919, -0.8095581502825, -0.8089501466472, -0.02231884026808, -0.02143917651726, 0.765212908487, 0.7660607875881, 0, -0.80988371501, -0.8089391406226, -0, -0, -0, -0, 0.00262770984709, 0.3940881952325, 0.3912319246068, 0.3940662032998, 0, 0.3912239915724, 0.3941101871652
10.7, 0.2021304258605, 0.08222403530892, -0.2002742738522, 0.08225591316307, 0.01932534270322, 0.0005726150417823, -0.01713601143828, 0.0007227312737381, 0, 0, -1000, 0, 1000, 7527.041686806, 3127.504848642, 7532.960427787, 3137.201167542, 30.03501188977, 17.36897692559, 19.05621695223, 40.23418437838, -242.3994284055, 5.515693151772, 242.8682650044, 4.839345247645, 5405.024824434, 4015.288800461, 5409.990412886, 3927.712883609, 3, 1.461903964554, 36.26764834611, -1.487824541416, -34.43790592607, -1.430384007878, 0.1755695295002, -1.363688875029, 0.4263925825967, 0, 0, 0.2168087753714, -0, -0, -0, -0, -0, 0.2168088562432, 0.002775346152354, 0, 0, 0, 0, 0, -0.006346381238734, 0.00277536602237, -0.04385074684253, -0.006346335802281, 0.04831436782999, -0.006346335802281, 60.13679302325, 60.15823182741, 60.1365563708, 60.15814236685, 148.4567596398, -0.2056263241534, 0.1971367336469, 0, 1, 50.00032141829, 50, 50.00027672063, -0.0002402914663083, 0, 0, 0, 0, 0, 0, 0, 0, 148.4584587804, 145.5084843429, 148.4579692857, 145.5080203279, 148.4567596398, 145.5082523483, 148.4584599463, 145.5084843558, 0, 148.4579703182, 145.5080203408, -0.0176340466227, 0, -0.2230959030456, -0.0168800658142, 0.1793212833999, -0.0168800658142, 0.7648084601674, 0.7659078404945, -0.8096588362587, -0.8090921008148, -0.02242228014742, -0.0215484791482, 0.765107884112, 0.7659514818448, 0, -0.809988731469, -0.8090484401412, -0, -0, 5.551115123126e-17, -5.551115123126e-17, 0.002627653820723, 0.3940886413235, 0.3912329036966, 0.3940014143152, 0, 0.3912229875757, 0.3941758683318
10.725, 0.2071538617442, 0.1106347060386, -0.1952548326524, 0.1106918402785, 0.02516306598652, -3.549561589726e-05, 0.02172433696734, 0.004694007834925, 0, 0, 450.9043956846, 0, -335.3599278214, 7527.252473634, 3130.921566833, 7532.758754884, 3133.808061636, 35.44999539296, 16.47020001479, 13.70618183757, 39.19141514107, -242.4167596388, -0.3618103554947, 242.7427244905, -0.5464667311138, 5404.765880454, 3973.409331653, 5410.249255849, 3968.821831079, 3, 1.411181349344, 47.33911913479, -1.41930938367, -46.6309366744, -1.428173064266, 0.2600293718027, -1.365812687453, 0.3423094187344, 0, 0, 0.2168209116116, -0, -0, -0, -0, -0, 0.2168209130029, 0.002659837466558, 0, 0, 0, 0, 0, -0.0003324433104427, 0.002659856511724, -0.04397976664206, -0.0003324409300744, 0.04818339866537, -0.0003324409300744, 60.27744460152, 60.29893325828, 60.27720825487, 60.29884521773, 148.8039839128, -0.2038913007707, 0.1988716363512, 0, 1, 50.00031559007, 50, 50.0002991581, -7.566855614326e-05, 0, 0, 0, 0, 0, 0, 0, 0, 148.8056820672, 145.8557156997, 148.8051947096, 145.8552379258, 148.8039839128, 145.8554768134, 148.8056832273, 145.8557157004, 0, 148.8051957494, 145.8552379265, -0.01762130449496, 0, -0.2213476281008, -0.01738058825955, 0.1810694259473, -0.01738058825955, 0.7647010131868, 0.7658525373729, -0.809766294451, -0.8091473901876, -0.02252959329093, -0.02164513982626, 0.7650013185424, 0.7658548239275, 0, -0.8100952949261, -0.80914510358, -0, -5.551115123126e-17, 5.551115123126e-17, -5.551115123126e-17, 0.002627610642224, 0.3940894111859, 0.3912334188459, 0.3940848419622, 0, 0.3912224727055, 0.3940939804095
10.75, 0.2076614431194, 0.1182051335563, -0.1947516141869, 0.1182703994584, 0.02712985464386, -0.0002084703389163, 0.03803656215374, -0.004169188999091, 0, 0, 1000, 0, -1000, 7527.147271821, 3131.882472633, 7532.871508655, 3132.7822789, 31.97031525702, 16.67533257425, 17.26271372417, 39.82574895482, -242.7125400657, -1.751222529918, 242.5206953207, -1.916517663774, 5404.383531915, 3959.961179222, 5410.6163156, 3982.359787882, 3, 1.511110467454, 50.21665940461, -1.509990366737, -50.33134715012, -1.429277529546, 0.2844860400381, -1.3646369365, 0.3165690298239, 0, 0, 0.2168320217908, -0, -0, -0, -0, -0, 0.216832019146, 0.002789914819414, 0, 0, 0, 0, 0, 0.00162316440005, 0.002789934798017, -0.04371671441335, 0.00162315277664, 0.04844257816539, 0.00162315277664, 60.41809757988, 60.43963588839, 60.41785870331, 60.43954677738, 149.1512081476, -0.2066258736056, 0.1961374591961, 0, 1, 50.00030574506, 50, 50.00030902373, 2.701372483869e-05, 0, 0, 0, 0, 0, 0, 0, 0, 149.1529086626, 146.202942351, 149.1524167373, 146.202459619, 149.1512081476, 146.2027009816, 149.1529098303, 146.2029423476, 0, 149.1524177667, 146.2024596156, -0.01764818209284, 0, -0.2241100848408, -0.01756095426582, 0.1783073618312, -0.01756095426582, 0.7645970077867, 0.7657645024263, -0.809870322942, -0.8092354242279, -0.02263450476575, -0.02174662519866, 0.7648955174785, 0.7657533374964, 0, -0.8102010925489, -0.8092465878937, -0, -0, -0, -0, 0.002627590532941, 0.3940893215878, 0.3912341818707, 0.3941116309589, 0, 0.3912217400188, 0.3940670122166
10.775, 0.2046113846576, -0.001954296511616, -0.1978113760526, -0.001954281311228, -0.002557852858879, -0.0003610329762468, 0.02548324698648, -0.001151358623772, 0, 0, 1000, 0, -1000, 7527.168733898, 3132.840369298, 7532.843619668, 3131.968603763, 21.76663139942, 30.69508822517, 27.61467598244, 26.57519977252, -243.0866575319, -2.849007308187, 242.1924519583, -3.063826162467, 5404.828968298, 3949.172160961, 5410.139455108, 3992.337489365, 3, -0.2993794886311, -1.471045133398, 0.3110844725956, 0.6628407621979, -1.429054649391, 0.3075934343911, -1.364935353739, 0.2961790438596, 0, 0, 0.2168199814397, -0, -0, -0, -0, -0, 0.2168199832534, 0.002712940850158, 0, 0, 0, 0, 0, 0.003128070378753, 0.002712960275392, -0.04397509778986, 0.003128047981263, 0.04818255034657, 0.003128047981263, 60.55874816147, 60.58033809441, 60.55851155057, 60.58024874718, 149.4984325706, -0.2032816272426, 0.1994822803342, 0, 1, 50.00029428209, 50, 50.00031298392, 9.049398970938e-05, 0, 0, 0, 0, 0, 0, 0, 0, 149.5001310566, 146.5501689061, 149.4996430229, 146.5496819303, 149.4984325706, 146.5499254116, 149.5001322137, 146.5501688995, 0, 149.4996440659, 146.5496819236, -0.01767028377937, 0, -0.2207869477263, -0.01771534016845, 0.1816310991718, -0.01771534016845, 0.7644881502472, 0.7656713387984, -0.8099791970405, -0.8093285882645, -0.02274217161696, -0.02185013997878, 0.7647884236376, 0.7656498212055, 0, -0.8103081918969, -0.809350101163, -0, -0, -5.551115123126e-17, -0, 0.002627659272034, 0.394090129243, 0.3912332931974, 0.394133122598, 0, 0.3912226914368, 0.3940471358881
10.8, 0.2031494555515, -0.06756437954025, -0.1992629015518, -0.06754301439072, -0.01938088298767, -0.0005178791724757, 0.01817135362111, -9.562277051134e-05, 0, 0, 1000, 0, -1000, 7527.045061169, 3133.240997559, 7532.957045763, 3131.554079433, 19.84082246074, 38.30959686839, 29.41585922417, 19.2760552368, -243.3457789759, -3.970937938743, 241.9166556559, -4.375125394621, 5404.628479004, 3944.092568126, 5410.308259292, 3998.479312356, 3, -1.341503185224, -29.31526082694, 1.331208728466, 29.57833965462, -1.430355166351, 0.3168872488574, -1.363750218944, 0.2866350066329, 0, 0, 0.216800122503, -0, -0, -0, -0, -0, 0.2168001285595, 0.002841043413177, 0, 0, 0, 0, 0, 0.003941254928234, 0.002841063751927, -0.04412355299418, 0.003941226713379, 0.04803877001487, 0.003941226713379, 60.69939850089, 60.7210398488, 60.69916464189, 60.72095121143, 149.8456570348, -0.1991538737001, 0.2036099051821, 0, 1, 50.00028532744, 50, 50.00027509118, -9.8996354876e-05, 0, 0, 0, 0, 0, 0, 0, 0, 149.8473530863, 146.8973946213, 149.8468696473, 146.8969048969, 149.8456570348, 146.8971497507, 149.8473542258, 146.8973946129, 0, 149.8468707106, 146.8969048885, -0.01771237195889, 0, -0.2167007057779, -0.01781532771899, 0.185717226404, -0.01781532771899, 0.7643808658086, 0.7655738197926, -0.8100864540357, -0.8094261077971, -0.02284768586676, -0.0219532523567, 0.764682153279, 0.7655467077119, 0, -0.8104144667902, -0.8094532124253, 5.551115123126e-17, -0, -0, -0, 0.002627748028267, 0.3940890708998, 0.391233691799, 0.3941432409637, 0, 0.391222355998, 0.394034900836
10.825, 0.1963844228578, -0.1048202142715, -0.2060301473121, -0.1047692095664, -0.0276706452732, -0.0001228806181976, -0.01668323117985, 0.01112020688612, 0, 0, -108.0817266398, 0, 312.4109585656, 7526.589896915, 3130.718654984, 7533.397546371, 3134.126259269, 12.07224521483, 38.68980845831, 37.1102372937, 16.78730312173, -243.5533647214, -0.1038691887103, 241.5476691408, -0.2870546469763, 5404.020331761, 3973.269636963, 5410.921615471, 3969.93311709, 3, -1.541041294427, -44.40999172936, 1.522190893517, 45.49317067131, -1.435134292733, 0.253971405046, -1.359132929168, 0.3504979138007, 0, 0, 0.2167772924131, -0, -0, -0, -0, -0, 0.2167772936012, 0.003268593172618, 0, 0, 0, 0, 0, -0.0002417882441344, 0.003268616567226, -0.04379544265655, -0.0002417865135732, 0.04837429226017, -0.0002417865135732, 60.84005053328, 60.86174285163, 60.83981599557, 60.86165243898, 150.1928814647, -0.2002051369491, 0.202558516576, 0, 1, 50.00028009372, 50, 50.00025081734, -0.0001921685250677, 0, 0, 0, 0, 0, 0, 0, 0, 150.1945789566, 147.2446149956, 150.1940923239, 147.2441334138, 150.1928814647, 147.2443742052, 150.1945800936, 147.2446149961, 0, 150.1940933879, 147.2441334143, -0.01780094655207, 0, -0.2178418086483, -0.01751911233034, 0.1845760062559, -0.01751911233034, 0.7642777695389, 0.7654360953038, -0.8101895026127, -0.8095638310845, -0.02295025427236, -0.02206220484872, 0.7645768174877, 0.7654377583314, 0, -0.8105198053304, -0.8095621680289, -0, -5.551115123126e-17, -0, -5.551115123126e-17, 0.002627823216026, 0.3940884434685, 0.3912349049663, 0.3940851202416, 0, 0.3912211322458, 0.3940917666955
10.85, 0.1951859378111, -0.1147715228806, -0.207232392207, -0.1147107440529, -0.02920216344142, 7.816450795793e-06, -0.02885823805516, 0.0005019521821461, 0, 0, -637.6843639272, 0, 696.9751692866, 7526.469423228, 3130.602054612, 7533.517656495, 3134.200278579, 14.37462660062, 39.45293187219, 34.81042472546, 16.2966783672, -243.0781941591, 0.6224713018637, 242.0908373956, 0.4408958519706, 5404.722403618, 3974.391884724, 5410.253011977, 3969.249161186, 3, -1.503916634479, -48.51966818249, 1.49579877583, 49.00201761925, -1.436403822868, 0.2518168091197, -1.357875100261, 0.3518726120935, 0, 0, 0.2167769163867, -0, -0, -0, -0, -0, 0.2167769182835, 0.003266053442172, 0, 0, 0, 0, 0, -0.0003726787616435, 0.003266076818521, -0.04391647704525, -0.0003726760942632, 0.04825206071212, -0.0003726760942632, 60.98070173245, 61.00244563169, 60.9804680794, 61.00235361187, 150.5401055846, -0.1983623569534, 0.2044015044521, 0, 1, 50.00027209219, 50, 50.00026060249, -6.218089739197e-05, 0, 0, 0, 0, 0, 0, 0, 0, 150.5418023502, 147.591839496, 150.5413171653, 147.5913570211, 150.5401055846, 147.5915982593, 150.5418034809, 147.5918394967, 0, 150.541318237, 147.5913570219, -0.01784420360645, 0, -0.2160418149158, -0.01755160292329, 0.1863762131118, -0.01755160292329, 0.7641691500099, 0.7653294182143, -0.8102981314204, -0.80967050792, -0.02305814839414, -0.02216798153713, 0.7644690233801, 0.7653319814967, 0, -0.8106276006218, -0.8096679445709, -0, -0, -0, -0, 0.002627795732264, 0.394088006918, 0.3912335057846, 0.3940828846834, 0, 0.3912224648286, 0.3940931291526
10.875, 0.1960959010737, -0.07426725171922, -0.206324477241, -0.07424191096205, -0.01972790731524, 0.0003005495121393, -0.03391449539376, -0.0003232278894008, 0, 0, -1000, 0, 1000, 7526.462346894, 3128.935957226, 7533.529892085, 3135.956609928, 21.17811991534, 34.74410562223, 28.07267325651, 22.10954800582, -242.5852182045, 2.846066087336, 242.6977292923, 2.674729459348, 5405.688051717, 3996.51565425, 5409.320831648, 3945.999464896, 3, -0.8412975148176, -31.4565008957, 0.8410776841153, 31.67609306277, -1.436484425276, 0.2092555309201, -1.357748235366, 0.3962152180028, 0, 0, 0.2167824834596, -0, -0, -0, -0, -0, 0.2167825182333, 0.003138422717929, 0, 0, 0, 0, 0, -0.003660766660617, 0.003138445181932, -0.0440874998414, -0.003660740457993, 0.04807653708211, -0.003660740457993, 61.12135333139, 61.143146938, 61.12111966848, 61.14305622859, 150.887329562, -0.1974501905673, 0.2053142649595, 0, 1, 50.00026017125, 50, 50.00025594015, -1.397768353059e-05, 0, 0, 0, 0, 0, 0, 0, 0, 150.8890265552, 147.9390607403, 150.8885409904, 147.9385837741, 150.887329562, 147.9388222649, 150.8890276859, 147.939060748, 0, 150.888542063, 147.9385837818, -0.01790916263942, 0, -0.2151939501181, -0.01735120637701, 0.1872246802746, -0.01735120637701, 0.7640593033295, 0.7651963664091, -0.810408008223, -0.8098035645844, -0.02316771534106, -0.02227841995642, 0.7643603430252, 0.7652215423256, 0, -0.8107362804765, -0.8097783822385, 5.551115123126e-17, -0, -0, -0, 0.00262773939832, 0.394089127563, 0.3912315812865, 0.3940388126335, 0, 0.3912243227684, 0.3941394424925
10.9, 0.2029208435506, 0.08748052935095, -0.1994908069545, 0.08751659083054, 0.01975880890188, 0.0005196915146246, -0.01654702329094, -0.0005856710492252, 0, 0, -1000, 0, 1000, 7526.473683084, 3127.614628159, 7533.525912702, 3137.323136028, 30.96513464011, 17.14705701373, 18.20459712425, 40.3915000738, -242.2471177331, 4.811556713204, 243.0039183421, 4.267454303222, 5404.906978794, 4012.529055834, 5410.098532464, 3929.460586632, 3, 1.535933129536, 37.84390616327, -1.546046077031, -37.07096578648, -1.436370476615, 0.1761137223649, -1.357792543714, 0.430307377386, 0, 0, 0.2167840146374, -0, -0, -0, -0, -0, 0.2167840923788, 0.003224564925048, 0, 0, 0, 0, 0, -0.006019739133499, 0.00322458800596, -0.04353856821741, -0.006019696045461, 0.04862965606238, -0.006019696045461, 61.26200857647, 61.28384882817, 61.26176757506, 61.28375831538, 151.2345535285, -0.2054454248264, 0.1973176086858, 0, 1, 50.00025157428, 50, 50.00023145233, -0.0001248506571888, 0, 0, 0, 0, 0, 0, 0, 0, 151.2362570681, 148.2862829106, 151.2357584382, 148.2858096987, 151.2345535285, 148.2860463171, 151.2362582265, 148.286282923, 0, 151.2357594765, 148.2858097111, -0.01797718348386, 0, -0.2232593378279, -0.01721463189358, 0.1791578517806, -0.01721463189358, 0.763955372298, 0.7650721930404, -0.8105119020791, -0.8099277445636, -0.02327466646568, -0.0223863713191, 0.7642526647839, 0.7651135887902, 0, -0.8108439499278, -0.8098863314284, -0, -5.551115123126e-17, -0, -0, 0.002627707992031, 0.3940896495755, 0.3912331400744, 0.3940069120568, 0, 0.3912227703768, 0.3941723870942
10.925, 0.2037076184137, 0.09259387438508, -0.1987067694522, 0.09263404431302, 0.02044502695922, 0.0003646851992971, -0.01592754395322, -0.00158554038579, 0, 0, -1000, 0, 1000, 7526.402310621, 3128.031394742, 7533.59828528, 3136.969077511, 31.8495143168, 16.81201385327, 17.3677852145, 40.26351386427, -242.5524643242, 3.572325779063, 242.6807640115, 3.22420692882, 5403.929196147, 4006.732576804, 5411.039296372, 3935.318812523, 3, 1.407812893668, 39.37728501748, -1.410165566932, -39.3350284867, -1.437124315311, 0.1856903917416, -1.357035805948, 0.4220311233322, 0, 0, 0.2167695208512, -0, -0, -0, -0, -0, 0.2167695829925, 0.003419885562142, 0, 0, 0, 0, 0, -0.005175155334496, 0.003419910037855, -0.04340142795998, -0.005175118296772, 0.04876715336715, -0.005175118296772, 61.40266035209, 61.42455049102, 61.40241895954, 61.42446060151, 151.5817776194, -0.204961285031, 0.1978015382802, 0, 1, 50.00024299141, 50, 50.00023906638, -5.716412536657e-05, 0, 0, 0, 0, 0, 0, 0, 0, 151.5834814371, 148.6335084171, 151.5829820549, 148.6330323361, 151.5817776194, 148.6332703873, 151.5834825897, 148.6335084278, 0, 151.5829830987, 148.6330323468, -0.01802640147531, 0, -0.2228249417072, -0.0173190038053, 0.1795920593403, -0.0173190038053, 0.7638492854481, 0.7649746094404, -0.8106179859838, -0.8100253250308, -0.02338039240649, -0.02248976250056, 0.7641456429895, 0.7650101983105, 0, -0.8109509710738, -0.8099897233116, -0, -0, -0, 5.551115123126e-17, 0.002627743069331, 0.3940895886421, 0.3912350885585, 0.3940184593951, 0, 0.3912208955478, 0.3941607178891
10.95, 0.2054820573692, 0.09275624157667, -0.1969286727545, 0.09279666505391, 0.02105937968426, 0.0001541035765965, -0.01501259977861, -0.001654132804347, 0, 0, -1000, 0, 1000, 7526.287437871, 3129.682259494, 7533.706397434, 3135.323361006, 34.32408244941, 17.10793318335, 14.85202604802, 38.95888870569, -242.3652460544, 1.350235247902, 242.8154739509, 1.176744685657, 5403.665083713, 3985.459097982, 5411.276539657, 3957.669642758, 3, 1.385158475177, 39.63624959097, -1.38989842921, -39.62019964404, -1.438335617191, 0.2275547924841, -1.355902938973, 0.3803652587387, 0, 0, 0.216745494176, -0, -0, -0, -0, -0, 0.2167455098135, 0.003543449193264, 0, 0, 0, 0, 0, -0.002013823931477, 0.003543474547684, -0.0433274515692, -0.002013809522075, 0.04884276310472, -0.002013809522075, 61.54331209495, 61.56525318279, 61.54307037165, 61.56516175574, 151.9290017674, -0.2042467263763, 0.1985160880338, 0, 1, 50.00023623214, 50, 50.00023225131, -6.700969618285e-05, 0, 0, 0, 0, 0, 0, 0, 0, 151.9307054345, 148.9807363403, 151.930206028, 148.9802524686, 151.9290017674, 148.9804944087, 151.9307065816, 148.9807363445, 0, 151.9302070774, 148.9802524728, -0.01805475636481, 0, -0.222139030238, -0.01760241659491, 0.1802779938189, -0.01760241659491, 0.7637420612442, 0.7648951795424, -0.8107252017481, -0.8101047471029, -0.02348734616011, -0.02259093251269, 0.7640379140651, 0.7649090298371, 0, -0.8110587026905, -0.8100908948625, -0, -0, -0, -0, 0.002627808444102, 0.3940885169471, 0.3912356150611, 0.3940608382068, 0, 0.391220422512, 0.3941161956873
10.975, 0.2050702218337, 0.09826663959184, -0.1973404895547, 0.09831224892186, 0.023072091022, 0.0001212581404475, 0.009390635603253, 0.002458237187562, 0, 0, -28.39410808318, 0, 100.9374775019, 7526.457594995, 3130.831956954, 7533.524692403, 3134.327973631, 36.08416788081, 17.26855317088, 13.10858463531, 38.66731771411, -241.7954173564, 0.5020761066108, 243.3379480308, 0.3261891311713, 5405.145170306, 3974.065565029, 5409.792222006, 3969.05279889, 3, 1.520361124792, 42.34902411389, -1.524861280299, -42.29301197892, -1.436557999739, 0.2565377749022, -1.357809474393, 0.3544643131598, 0, 0, 0.2167144442981, -0, -0, -0, -0, -0, 0.2167144461076, 0.003198036375474, 0, 0, 0, 0, 0, -0.000363261111644, 0.003198059251809, -0.04367283853264, -0.0003632585131671, 0.04849934958918, -0.0003632585131671, 61.68396341389, 61.70595561521, 61.68372217084, 61.70586312252, 152.2762259213, -0.2029219049315, 0.1998415071223, 0, 1, 50.00022763012, 50, 50.00022299325, -7.01691789596e-05, 0, 0, 0, 0, 0, 0, 0, 0, 152.2779287631, 149.3279630363, 152.2774305824, 149.3274740889, 152.2762259213, 149.3277185634, 152.2779299124, 149.3279630371, 0, 152.2774316319, 149.3274740897, -0.01807342853028, 0, -0.2208315891213, -0.01778706063786, 0.1815860742779, -0.01778706063786, 0.7636291781518, 0.7648004338207, -0.8108380767331, -0.8101994903159, -0.02360018780151, -0.02269702970398, 0.7639273871569, 0.7648029323327, 0, -0.8111692353096, -0.8101969917406, -0, -0, -0, 5.551115123126e-17, 0.002627876260901, 0.3940885275181, 0.3912326648917, 0.3940835347231, 0, 0.3912233813109, 0.394093520313
11, 0.2068991399892, 0.1121994212361, -0.1955084626625, 0.112258461954, 0.02543361883754, 6.633339086802e-05, 0.0246592868552, 0.003281800731801, 0, 0, 554.3697757297, 0, -457.857282211, 7526.769005584, 3130.874039524, 7533.206650142, 3134.388353353, 35.20131372003, 16.19665459537, 13.95814978304, 39.32059241703, -241.9179576325, 0.1004621880239, 243.2413189038, -0.08899829587333, 5405.962085408, 3977.14326754, 5408.997807713, 3966.053410011, 3, 1.59731019437, 48.18773551567, -1.608645128445, -47.51254987981, -1.433297124218, 0.2564946128213, -1.361147309163, 0.356624781676, 0, 0, 0.2166920623572, -0, -0, -0, -0, -0, 0.2166920664474, 0.002837789310207, 0, 0, 0, 0, 0, -0.0008036508897814, 0.002837809605414, -0.0438743481584, -0.0008036451422986, 0.04829801383534, -0.0008036451422986, 61.82461572568, 61.84665670549, 61.82437290821, 61.84656578337, 152.6234499191, -0.2041972138899, 0.198566971645, 0, 1, 50.00022087982, 50, 50.00020180826, -0.0001418171893348, 0, 0, 0, 0, 0, 0, 0, 0, 152.625154069, 149.6751874126, 152.6246529671, 149.6746976635, 152.6234499191, 149.6749425398, 152.6251552305, 149.6751874144, 0, 152.6246540047, 149.6746976652, -0.01811067418242, 0, -0.2221434084583, -0.01781622769868, 0.1802750630537, -0.01781622769868, 0.7635171930624, 0.764688732543, -0.8109500633566, -0.8103111914677, -0.02371310481728, -0.02280570187804, 0.7638167767524, 0.7646942599724, 0, -0.8112798485498, -0.8103056637285, 5.551115123126e-17, -5.551115123126e-17, 5.551115123126e-17, -5.551115123126e-17, 0.002627891702144, 0.3940884494856, 0.39123103652, 0.3940774038108, 0, 0.3912249649702, 0.3940994951604
11.025, 0.2067750956229, 0.03490834108367, -0.1956664197404, 0.03491397846631, 0.005657553293543, -0.0003654381293083, 0.02931756381909, -0.002558678255044, 0, 0, 1000, 0, -1000, 7527.013320757, 3132.64229836, 7532.961716049, 3132.791876244, 22.96431165218, 27.10830481808, 26.62725860003, 30.8898105185, -243.1754474654, -2.80570728204, 242.1044307665, -2.999754442037, 5404.648597246, 3955.862957669, 5410.339254775, 3986.423709421, 3, 0.2519404096469, 13.10440801295, -0.204781844569, -15.54611119404, -1.430737818107, 0.2996916000144, -1.363720492376, 0.3168800060292, 0, 0, 0.2166765392054, -0, -0, -0, -0, -0, 0.216676537272, 0.002839727055534, 0, 0, 0, 0, 0, 0.002214652013206, 0.002839747361689, -0.04375545988427, 0.002214636176914, 0.04841016612844, 0.002214636176914, 61.96526798971, 61.98735861245, 61.9650236147, 61.98726760338, 152.9706737729, -0.205636271488, 0.1971291708987, 0, 1, 50.00020644331, 50, 50.000268405, 0.0003459688226073, 0, 0, 0, 0, 0, 0, 0, 0, 152.9723793185, 150.0224150201, 152.9718752159, 150.0219176061, 152.9706737729, 150.0221663083, 152.9723804846, 150.0224150153, 0, 152.9718762475, 150.0219176013, -0.01813671110946, 0, -0.2236089745289, -0.01809506316169, 0.1788108038051, -0.01809506316169, 0.7634095013446, 0.7646071664824, -0.8110578038195, -0.8103927561479, -0.02382146531353, -0.02290802744689, 0.7637082752079, 0.7645919326917, 0, -0.8113883525718, -0.8104079875855, -0, -0, -0, -5.551115123126e-17, 0.002627870391485, 0.3940893556149, 0.3912336536504, 0.3941197946106, 0, 0.3912222921196, 0.3940589166191
11.05, 0.2060660361389, -0.01640616426345, -0.1963572346229, -0.01640486006313, -0.007193324136636, -0.0005331083298836, 0.02361881565175, -0.000398356846245, 0, 0, 1000, 0, -1000, 7526.774019892, 3133.072269074, 7533.212780292, 3132.315386781, 21.77563232047, 32.68043108183, 27.57366091333, 24.96779126678, -243.6409220296, -3.881832145987, 241.6425843863, -4.162493456652, 5403.228970064, 3947.817816482, 5411.780622391, 3994.761883103, 3, -0.6857487350229, -7.917010359334, 0.6960562446205, 7.672692239917, -1.433252160597, 0.3101132256112, -1.361090037691, 0.3057216011965, 0, 0, 0.2166795654966, -0, -0, -0, -0, -0, 0.2166795662555, 0.003242170354354, 0, 0, 0, 0, 0, 0.003401904915295, 0.003242193538925, -0.04360039217401, 0.003401880588644, 0.04856256617544, 0.003401880588644, 62.1059186065, 62.12806043419, 62.1056758799, 62.12796941995, 153.3178973759, -0.2026599582996, 0.2001051889971, 0, 1, 50.00019977247, 50, 50.00020650767, 3.546453441711e-05, 0, 0, 0, 0, 0, 0, 0, 0, 153.319601579, 150.3696402462, 153.3191002011, 150.3691396069, 153.3178973759, 150.3693899191, 153.3196027257, 150.3696402388, 0, 153.3191012529, 150.3691395995, -0.01818674759794, 0, -0.2206832596754, -0.01821239366376, 0.181736229111, -0.01821239366376, 0.7633038650058, 0.7645123832838, -0.8111634551257, -0.8104875399242, -0.02392556186475, -0.02301097696978, 0.7636015822368, 0.7644889818581, 0, -0.8114950419914, -0.8105109357976, -0, -0, -0, -0, 0.002627790811138, 0.3940890633496, 0.3912364823993, 0.394135820388, 0, 0.3912194199898, 0.3940423063112
11.075, 0.1995500843254, -0.09064094835015, -0.2028670481418, -0.09060264516866, -0.02439525219366, -0.0006780996822681, 0.01621514208801, -0.001338676911599, 0, 0, 1000, 0, -1000, 7526.410224391, 3134.069773883, 7533.591400348, 3131.216725699, 17.8191894813, 40.80143217313, 31.38235603023, 17.28810381323, -243.7735183011, -4.905741464514, 241.4697638267, -5.596152043516, 5403.310792751, 3932.641841672, 5411.705221757, 4010.464181186, 3, -1.650363654408, -38.97660481882, 1.649469989161, 39.21836778294, -1.437074974326, 0.3360442401033, -1.357118557378, 0.277997447111, 0, 0, 0.2166883387459, -0, -0, -0, -0, -0, 0.2166883553746, 0.003528538374801, 0, 0, 0, 0, 0, 0.005639566786116, 0.003528563609217, -0.04372929609088, 0.005639526454918, 0.04843914659698, 0.005639526454918, 62.24656795435, 62.26876319086, 62.24632935035, 62.26867013161, 153.665120864, -0.1972736080212, 0.2054891188185, 0, 1, 50.00019535643, 50, 50.00018983857, -2.957109588812e-05, 0, 0, 0, 0, 0, 0, 0, 0, 153.6668217393, 150.7168665921, 153.6663271355, 150.7163603865, 153.665120864, 150.7166134768, 153.6668228615, 150.7168665797, 0, 153.6663282154, 150.716360374, -0.01822462710142, 0, -0.2153342556725, -0.01841488804323, 0.1870827784454, -0.01841488804323, 0.7631950185215, 0.7644247310438, -0.8112722566764, -0.8105751952382, -0.02403180814831, -0.02311402156211, 0.7634936159306, 0.7643859339495, 0, -0.8116030008569, -0.8106139770737, -5.551115123126e-17, 5.551115123126e-17, 5.551115123126e-17, -0, 0.002627710414667, 0.3940885379089, 0.3912363187352, 0.3941660501989, 0, 0.3912195709036, 0.3940110256189
11.1, 0.1950110585286, -0.1161266545736, -0.2074084512287, -0.1160645560198, -0.02950342810566, 6.114615879588e-05, -0.03220706509989, 0.0006244552959142, 0, 0, -762.1990392334, 0, 825.8713148509, 7526.047172514, 3130.456273943, 7533.9655501, 3134.770605595, 14.83503940634, 39.52993595992, 34.35183814869, 16.37901549611, -242.9725971116, 1.010904351801, 242.2138035709, 0.8315742766033, 5405.014894658, 3977.101478538, 5409.999817224, 3966.167406888, 3, -1.473433367596, -49.03032158436, 1.468161678362, 49.44654217139, -1.440892621851, 0.246643896309, -1.353191432486, 0.3663510199661, 0, 0, 0.2166964367947, -0, -0, -0, -0, -0, 0.2166964416166, 0.003561033801851, 0, 0, 0, 0, 0, -0.000792361524005, 0.003561059270562, -0.04373671408695, -0.0007923558570318, 0.04842672547226, -0.0007923558570318, 62.38721973552, 62.4094656557, 62.38698033245, 62.40937110531, 154.0123443002, -0.1980576423389, 0.2047055943889, 0, 1, 50.00018727004, 50, 50.00017759001, -4.692153354055e-05, 0, 0, 0, 0, 0, 0, 0, 0, 154.0140467246, 151.0640838036, 154.013549133, 151.0635900055, 154.0123443002, 151.0638369062, 154.0140478515, 151.0640838053, 0, 154.0135502076, 151.0635900072, -0.01831490311041, 0, -0.216208537354, -0.01796352479059, 0.1862090126838, -0.01796352479059, 0.7630847284378, 0.7642638273081, -0.811382576241, -0.8107360954341, -0.02414195297487, -0.02323068412894, 0.7633833738909, 0.7642692770915, 0, -0.8117132384974, -0.8107306453494, -0, -0, 5.551115123126e-17, -0, 0.002627657191356, 0.3940883775665, 0.3912329240722, 0.3940774870569, 0, 0.3912229681942, 0.3940992680761
11.125, 0.1950997052886, -0.1180578087871, -0.2073191679714, -0.1179933919155, -0.03071444350877, 0.0001894680290929, -0.03805714973878, -0.003769004026754, 0, 0, -1000, 0, 1000, 7526.212723801, 3129.55861056, 7533.80786505, 3135.65509377, 17.28839314716, 39.76227534103, 31.94050454561, 16.64599653804, -242.7109009226, 1.9341095701, 242.5244662822, 1.767836080903, 5405.82803644, 3990.067051366, 5409.186940695, 3952.800626539, 3, -1.475586343562, -50.18657708713, 1.472791506061, 50.51198681475, -1.439164732846, 0.2235268077652, -1.354843380365, 0.3892162083321, 0, 0, 0.2167073746714, -0, -0, -0, -0, -0, 0.2167073974072, 0.003325053266186, 0, 0, 0, 0, 0, -0.002700593348753, 0.003325077049552, -0.04403263711885, -0.002700574032145, 0.04812737564391, -0.002700574032145, 62.52787070367, 62.5501666909, 62.52763207347, 62.55007344472, 154.3595676443, -0.196214325698, 0.2065491063905, 0, 1, 50.00017796998, 50, 50.00017145439, -1.596819623423e-05, 0, 0, 0, 0, 0, 0, 0, 0, 154.3612696282, 151.4113059787, 154.3607730655, 151.4108145088, 154.3595676443, 151.4110602496, 154.3612707534, 151.4113059845, 0, 154.3607741438, 151.4108145146, -0.01837124218763, 0, -0.2144204198088, -0.01787882488695, 0.1879973213063, -0.01787882488695, 0.7629711244034, 0.7641393160117, -0.8114962018812, -0.8108606090576, -0.02425510797123, -0.02334207157952, 0.7632717892846, 0.7641578892056, 0, -0.8118248214758, -0.8108420323647, -0, -0, -0, -0, 0.002627619219126, 0.3940887767755, 0.3912313027206, 0.3940516588225, 0, 0.3912245891919, 0.3941258947285
11.15, 0.2036801682499, 0.0922969656743, -0.198734531657, 0.09233692371041, 0.02042468919823, 0.0003799090840914, -0.01593670538608, -0.001524663074994, 0, 0, -1000, 0, 1000, 7526.209760254, 3128.091031141, 7533.815406633, 3137.103642935, 31.85295477279, 16.85299627452, 17.38422181378, 40.23725362098, -242.4127650921, 3.57409293074, 242.8224112872, 3.228635903527, 5404.317066068, 4006.941308788, 5410.689279728, 3935.582971379, 3, 1.508508035444, 39.319644352, -1.509326651207, -39.24185605531, -1.439202676647, 0.1866457438794, -1.354763782388, 0.4257541720587, 0, 0, 0.2167175699051, -0, -0, -0, -0, -0, 0.2167176327255, 0.003524555652384, 0, 0, 0, 0, 0, -0.005171138686719, 0.003524580865119, -0.0433342266927, -0.005171101695478, 0.0488297116772, -0.005171101695478, 62.668526124, 62.69086802497, 62.66827932404, 62.69077556769, 154.7067909409, -0.2050091788245, 0.1977531270389, 0, 1, 50.00016917085, 50, 50.00016818006, 1.02663033986e-05, 0, 0, 0, 0, 0, 0, 0, 0, 154.7085002136, 151.7585273141, 154.7079892184, 151.7580398482, 154.7067909409, 151.7582835921, 154.7085013668, 151.7585273251, 0, 154.7079902607, 151.7580398592, -0.01844860168992, 0, -0.2232953286038, -0.01773316912785, 0.1791212547467, -0.01773316912785, 0.762866379691, 0.7640127764888, -0.8116009123397, -0.81098715449, -0.02436311250484, -0.0234516213754, 0.763162277769, 0.7640483376993, 0, -0.8119343251843, -0.8109515804501, -0, -0, -0, -0, 0.002627607260163, 0.3940891176378, 0.3912343162568, 0.3940180435969, 0, 0.3912215924281, 0.3941601916788
11.175, 0.2051881361419, 0.09671868076329, -0.1972222039163, 0.09676257002795, 0.02206802021954, 7.850595375162e-05, -0.004805975941171, 0.002569035578038, 0, 0, -578.9310184358, 0, 648.5174784148, 7526.302286089, 3130.265448584, 7533.722173029, 3134.930081452, 35.00583643162, 17.10038696361, 14.17785876898, 38.81613935474, -242.3117634702, 0.5927031492478, 242.8552433107, 0.4239747125028, 5403.748209536, 3979.113053586, 5411.239538267, 3963.144427132, 3, 1.416745854226, 41.36276061221, -1.420622494547, -41.21050725269, -1.438238713406, 0.2416226510907, -1.355741795291, 0.3707643368811, 0, 0, 0.2167223848169, -0, -0, -0, -0, -0, 0.2167223924123, 0.003539302934753, 0, 0, 0, 0, 0, -0.001157201600621, 0.003539328254106, -0.04337484317346, -0.001157193322328, 0.04878931455583, -0.001157193322328, 62.80917727207, 62.83157038095, 62.80893081983, 62.83147652684, 155.0540142464, -0.2034057696022, 0.1993563643274, 0, 1, 50.00016317249, 50, 50.00015942741, -1.29075874734e-05, 0, 0, 0, 0, 0, 0, 0, 0, 155.0557228611, 152.105755566, 155.0552132481, 152.105258364, 155.0540142464, 152.1055069675, 155.0557240072, 152.1057555685, 0, 155.0552142988, 152.1052583665, -0.01846756508918, 0, -0.2217107141093, -0.01808734915615, 0.1807056889945, -0.01808734915615, 0.762755753201, 0.7639378019943, -0.8117115386257, -0.8110621198477, -0.02447335861557, -0.0235541995694, 0.7630519295091, 0.7639457610303, 0, -0.8120446746735, -0.8110541601691, -0, -0, -0, -0, 0.002627632925326, 0.394089384899, 0.391235449227, 0.3940734798926, 0, 0.3912204965309, 0.3941052899054
11.2, 0.2065164547644, 0.1182631285231, -0.1958888366087, 0.1183287281999, 0.02705727471975, -9.446962572837e-05, 0.03789526250567, -0.003642927282729, 0, 0, 1000, 0, -1000, 7526.435882127, 3131.493347391, 7533.582939093, 3133.676941039, 32.97639566731, 16.1736205944, 16.20453985161, 39.80472943747, -242.3503900267, -1.017649483923, 242.8605914876, -1.197837450377, 5404.744758659, 3965.596540506, 5410.219423584, 3976.934850083, 3, 1.568379616183, 50.73931073178, -1.58193532804, -50.22312513783, -1.436844361292, 0.2720891738096, -1.357201547035, 0.339794513557, 0, 0, 0.2167208765701, -0, -0, -0, -0, -0, 0.2167208737457, 0.003283890029882, 0, 0, 0, 0, 0, 0.0008216555148801, 0.003283913521744, -0.04345259588403, 0.000821649637071, 0.04870957522735, 0.000821649637071, 62.94982969542, 62.97227190006, 62.9495810211, 62.97217835947, 155.4012375703, -0.2054563602687, 0.197306963327, 0, 1, 50.000154772, 50, 50.00014061377, -8.659879015555e-05, 0, 0, 0, 0, 0, 0, 0, 0, 155.4029479793, 152.4529817253, 155.4024347571, 152.4524788165, 155.4012375703, 152.4527302691, 155.4029491382, 152.4529817235, 0, 155.4024357941, 152.4524788147, -0.01848888710175, 0, -0.2237823491241, -0.01829495332577, 0.1786352533746, -0.01829495332577, 0.7626430870208, 0.7638442231359, -0.8118242208074, -0.8111556967349, -0.02458715250586, -0.02366138823078, 0.7629397927002, 0.7638385715426, 0, -0.8121568141563, -0.8111613480042, 5.551115123126e-17, -0, -5.551115123126e-17, -5.551115123126e-17, 0.002627689007661, 0.3940891121202, 0.3912334636677, 0.3941004052573, 0, 0.3912225290944, 0.3940778189832
11.225, 0.1989725748284, -0.09494810421223, -0.2034445766962, -0.0949062491241, -0.02525574066472, -0.0003326474562681, 0.01513402687378, -0.002033394683991, 0, 0, 1000, 0, -1000, 7526.605712473, 3132.550885826, 7533.40352069, 3132.521942759, 16.19036259566, 39.91266252163, 33.06480685655, 16.86322454865, -243.1536867733, -2.483204462639, 242.0520277413, -2.728471657021, 5405.365589174, 3953.70687343, 5409.589303745, 3989.930666852, 3, -1.440081259777, -40.83545668465, 1.437144120849, 40.66199211096, -1.435069044339, 0.2987728456935, -1.359083669777, 0.3112393887428, 0, 0, 0.2167164156379, -0, -0, -0, -0, -0, 0.2167164139757, 0.003078388826835, 0, 0, 0, 0, 0, 0.002625036775031, 0.003078410847703, -0.04403565566552, 0.002625017997295, 0.04813261122372, 0.002625017997295, 63.09047817993, 63.11297417382, 63.09023514003, 63.11287953348, 155.7484608763, -0.1985312610953, 0.2042313537215, 0, 1, 50.00014644152, 50, 50.00014998211, 1.689732524711e-05, 0, 0, 0, 0, 0, 0, 0, 0, 155.7501667614, 152.8002075777, 155.7496625199, 152.7996993098, 155.7484608763, 152.799953438, 155.7501678996, 152.8002075719, 0, 155.7496635842, 152.799699304, -0.01851626083283, 0, -0.2168823727887, -0.01848990862384, 0.1855345053302, -0.01848990862384, 0.7625272674393, 0.7637490680915, -0.8119400041813, -0.81125085155, -0.02470043104581, -0.0237689469521, 0.7628279535912, 0.7637310112156, 0, -0.8122686588979, -0.8112689051199, -0, -0, -0, 5.551115123126e-17, 0.002627751530947, 0.3940880100044, 0.3912322239142, 0.3941240894799, 0, 0.3912237876421, 0.394051930529
11.25, 0.1979375404792, -0.0954421754799, -0.2044812676841, -0.09539972695161, -0.02577928454456, -0.0002760719783125, 0.008507084225007, -0.001371567451876, 0, 0, 761.7563692784, 0, -750.3858812918, 7526.574841387, 3131.667897148, 7533.426556311, 3133.443215615, 14.53070232677, 39.1455592122, 34.66122418771, 17.10464977175, -243.5384145855, -1.580769459111, 241.6323089058, -1.772184311283, 5404.577631402, 3964.26536772, 5410.37928985, 3979.116001325, 3, -1.495625253303, -41.2448727427, 1.493079035948, 41.09190944153, -1.435398658519, 0.2759846227824, -1.35884278762, 0.3347230909332, 0, 0, 0.2167138136375, -0, -0, -0, -0, -0, 0.2167138104276, 0.003212318249112, 0, 0, 0, 0, 0, 0.001076183791885, 0.003212341227475, -0.04391029791644, 0.00107617609378, 0.04825924416322, 0.00107617609378, 63.23112984851, 63.25367560735, 63.23088602777, 63.25358143333, 156.0956840975, -0.1989782830402, 0.203784253987, 0, 1, 50.00014122457, 50, 50.00014530826, 3.133672694296e-05, 0, 0, 0, 0, 0, 0, 0, 0, 156.0973910511, 153.1474298162, 156.096884641, 153.1469237017, 156.0956840975, 153.1471767565, 156.0973921887, 153.1474298138, 0, 156.0968857051, 153.1469236993, -0.01857844774268, 0, -0.2173920605892, -0.01841157271392, 0.1850247390352, -0.01841157271392, 0.7624177079212, 0.7636283419192, -0.8120495579206, -0.8113715770405, -0.02480992877995, -0.02387901964773, 0.7627175392929, 0.7636209395543, 0, -0.8123790759845, -0.8113789788498, -0, 5.551115123126e-17, -5.551115123126e-17, -0, 0.002627793834992, 0.3940882654992, 0.3912337942077, 0.3941030569669, 0, 0.3912222132378, 0.3940734740314
11.275, 0.1981579056285, -0.09637046013282, -0.2042605393334, -0.09632707539566, -0.0263459287309, -0.0003415056831945, 0.004769639143691, 0.002641210436908, 0, 0, 647.0912793857, 0, -575.4660876811, 7526.304434023, 3131.608173854, 7533.689224411, 3133.602378679, 14.38044957596, 39.1806146115, 34.83608500438, 17.05551557229, -243.8889020132, -1.838231957918, 241.276229628, -2.040836464158, 5403.47757293, 3962.915868381, 5411.492281806, 3979.587611454, 3, -1.616453579522, -41.6251518352, 1.611362787014, 41.80923292813, -1.438241749874, 0.2737346062081, -1.356087317535, 0.3388503835516, 0, 0, 0.2167119732346, -0, -0, -0, -0, -0, 0.2167119692398, 0.0035762116445, 0, 0, 0, 0, 0, 0.001208154490374, 0.003576237225431, -0.04362496615336, 0.001208145848409, 0.04854678631729, 0.001208145848409, 63.37178147949, 63.39437714155, 63.37153688254, 63.39428315931, 156.4429072535, -0.1990634644922, 0.2036996205994, 0, 1, 50.00013300318, 50, 50.00012846616, -2.081764115047e-05, 0, 0, 0, 0, 0, 0, 0, 0, 156.4446150457, 153.4946535996, 156.4441069283, 153.4941463513, 156.4429072535, 153.4943999728, 156.4446161767, 153.494653597, 0, 156.444107998, 153.4941463486, -0.01863775575486, 0, -0.2175376303012, -0.01845282007586, 0.1848797120298, -0.01845282007586, 0.7623101031081, 0.7635222782276, -0.8121571499747, -0.8114776404398, -0.02491710450965, -0.02398599091771, 0.7626079878235, 0.7635139680658, 0, -0.8124886295235, -0.8114859499012, -5.551115123126e-17, -0, -0, -0, 0.002627824742704, 0.3940891398727, 0.3912359870469, 0.3941057451945, 0, 0.3912199944645, 0.3940725345509
11.3, 0.1953964758495, -0.1198520017592, -0.20702173932, -0.1197852721889, -0.03152723191635, -1.212204977175e-05, -0.03814720175119, -0.004173482930521, 0, 0, -1000, 0, 1000, 7525.767025347, 3129.735897324, 7534.224730339, 3135.418930602, 17.54519434226, 39.94437831887, 31.68848008709, 16.05138324794, -243.5363638257, 0.8701750392108, 241.6961141202, 0.6935437582534, 5403.16878011, 3982.971857003, 5411.801890747, 3959.909302263, 3, -1.734203520904, -51.31604204071, 1.727956890335, 51.51477722516, -1.443888383695, 0.2272559972785, -1.350466966461, 0.3842906196047, 0, 0, 0.216714513001, -0, -0, -0, -0, -0, 0.2167145263386, 0.004039612128201, 0, 0, 0, 0, 0, -0.001671278698821, 0.004039641024551, -0.04349335973138, -0.001671266743833, 0.04867410936276, -0.001671266743833, 63.51243178164, 63.53507910618, 63.51218902758, 63.53498437644, 156.7901303217, -0.1957817851884, 0.2069827236606, 0, 1, 50.00012544779, 50, 50.00012017332, -2.988083278578e-05, 0, 0, 0, 0, 0, 0, 0, 0, 156.7918368618, 153.8418739136, 156.7913312772, 153.8413719856, 156.7901303217, 153.8416229532, 156.7918379728, 153.8418739172, 0, 156.7913323681, 153.8413719892, -0.01872260975358, 0, -0.2143412762728, -0.01825927321922, 0.1880775023909, -0.01825927321922, 0.7622012169985, 0.7633912895961, -0.812266067833, -0.8116086310956, -0.02502399817303, -0.02409717553286, 0.7624982035943, 0.763402784143, 0, -0.8125984161646, -0.8115971352087, -0, -0, -0, -0, 0.002627837219175, 0.3940887636179, 0.3912366028551, 0.3940657929459, 0, 0.3912193769763, 0.39411173429
11.325, 0.1980153465359, 0.005351411584774, -0.2044129530527, 0.005351567839823, -0.0006187694475042, 0.0002565833476062, -0.02508047562618, -0.00134367485789, 0, 0, -1000, 0, 1000, 7525.356380367, 3128.540539047, 7534.628917466, 3136.71333987, 27.76897430686, 26.1458729881, 21.63099360241, 31.00880884704, -242.800476599, 2.69277990879, 242.4764978389, 2.486949875998, 5403.436893649, 3996.509342873, 5411.52312227, 3945.832304464, 3, 0.2369802458606, 1.809888377305, -0.2211455608846, -2.833705912737, -1.448208775098, 0.1970887031796, -1.346220700521, 0.4163555928296, 0, 0, 0.2167055915333, -0, -0, -0, -0, -0, 0.2167056324478, 0.0043016835017, 0, 0, 0, 0, 0, -0.003672422922137, 0.004301714270178, -0.04309512507708, -0.003672396654724, 0.04907130623974, -0.003672396654724, 63.6530849414, 63.67578073451, 63.65283830134, 63.67568590681, 157.1373534568, -0.1995553029925, 0.2032097369786, 0, 1, 50.00011484993, 50, 50.00014009112, 0.0001387542305471, 0, 0, 0, 0, 0, 0, 0, 0, 157.1390635016, 154.1890954645, 157.1385507884, 154.1885965895, 157.1373534568, 154.188846035, 157.1390646222, 154.1890954725, 0, 157.1385518658, 154.1885965975, -0.018800230531, 0, -0.2181939539035, -0.01814821200607, 0.1842253736777, -0.01814821200607, 0.7620922517157, 0.7632661823557, -0.8123750412394, -0.8117337418712, -0.02513400249101, -0.02420852044251, 0.7623865185617, 0.7632914384357, 0, -0.8127101021918, -0.8117084793207, -5.551115123126e-17, -0, -5.551115123126e-17, 5.551115123126e-17, 0.00262788467504, 0.3940893003386, 0.3912360708193, 0.3940388252008, 0, 0.3912199299784, 0.3941397754763
11.35, 0.1961495314804, -0.01471243400322, -0.2062919245729, -0.01471154061601, -0.004556753921094, 0.0003306412980037, -0.02701801353881, -0.002680851497022, 0, 0, -1000, 0, 1000, 7525.431473392, 3129.024448141, 7534.546340843, 3136.364417882, 27.10868892838, 28.58572334977, 22.46221708372, 29.26969696595, -242.307639422, 2.892902752454, 242.9681498162, 2.68865041962, 5404.616556198, 3992.026548022, 5410.33654875, 3949.570383211, 3, 0.185216993132, -6.9448730767, -0.1446417689104, 4.60838627975, -1.447434607379, 0.2096960520017, -1.34707979023, 0.4063229535522, 0, 0, 0.2166940458249, -0, -0, -0, -0, -0, 0.2166940765637, 0.004074074452335, 0, 0, 0, 0, 0, -0.003076679255126, 0.004074103589699, -0.04335200380592, -0.003076657251183, 0.0488142008514, -0.003076657251183, 63.79373591309, 63.81648322649, 63.79348973136, 63.81638648301, 157.4845765684, -0.1982899210573, 0.2044757394563, 0, 1, 50.00010649196, 50, 50.00016524484, 0.0003326382412758, 0, 0, 0, 0, 0, 0, 0, 0, 157.4862862294, 154.5363201595, 157.4857741256, 154.5358182228, 157.4845765684, 154.5360691979, 157.4862873503, 154.5363201662, 0, 157.4857752045, 154.5358182296, -0.01884346556981, 0, -0.2169708356051, -0.0182595896624, 0.1854491316816, -0.0182595896624, 0.7619759350621, 0.7631593109511, -0.8124913633352, -0.8118406113385, -0.02525011325049, -0.02431948842691, 0.7622719542012, 0.7631804704472, 0, -0.8128246707523, -0.811819447301, -0, -0, -0, -0, 0.002627933679231, 0.394090042329, 0.3912337195713, 0.3940477553123, 0, 0.3912222951694, 0.3941323293457
11.375, 0.1998757193073, 0.08460111290927, -0.2025309822453, 0.08463534396828, 0.02017604756452, 0.0006531642874928, -0.01646389861479, 0.0001761779296674, 0, 0, -1000, 0, 1000, 7525.841349434, 3127.877352786, 7534.13487089, 3137.391235377, 29.90505832613, 17.38493071078, 19.23688644155, 40.37144999416, -241.6022999168, 5.473935468805, 243.6596306296, 4.809161726958, 5406.185139468, 4009.905197647, 5408.766881914, 3932.987721794, 3, 1.762840365958, 37.65186232375, -1.78961720207, -36.17819883562, -1.443145874134, 0.1819264565386, -1.351391452152, 0.4318716998158, 0, 0, 0.2166902676671, -0, -0, -0, -0, -0, 0.2166903384499, 0.003515806229071, 0, 0, 0, 0, 0, -0.00557399385437, 0.00351583137288, -0.04339522869666, -0.005573953991386, 0.04877751274174, -0.005573953991386, 63.93439013196, 63.95718512452, 63.93413788316, 63.95708778061, 157.8317995565, -0.2050590880242, 0.1977055510185, 0, 1, 50.00010061626, 50, 50.00006154304, -0.0002464438131921, 0, 0, 0, 0, 0, 0, 0, 0, 157.8335146415, 154.8835415003, 157.8329916441, 154.8830426873, 157.8317995565, 154.883292106, 157.8335157989, 154.8835415125, 0, 157.8329926825, 154.8830426995, -0.01889444699129, 0, -0.223790873045, -0.01814595512088, 0.1786280533732, -0.01814595512088, 0.7618592391287, 0.7630254017621, -0.8126080100689, -0.8119745267023, -0.02537004130783, -0.02443622400124, 0.7621555509167, 0.7630637327779, 0, -0.8129410697646, -0.8119361807804, 5.551115123126e-17, -5.551115123126e-17, -0, -0, 0.002627946039266, 0.3940887502074, 0.3912305946809, 0.394012139176, 0, 0.391225422208, 0.3941653612388
11.4, 0.2066972547779, 0.09735148726344, -0.1957067952957, 0.09739601913411, 0.02209197147064, -0.0001081230051146, 0.03606434611862, -0.00100916561678, 0, 0, 1000, 0, -1000, 7526.81361655, 3132.118790759, 7533.161117641, 3133.057283673, 29.31587121887, 18.83941044149, 19.8310783933, 37.04472302757, -242.0226880148, -1.517464987743, 243.2479325118, -1.693792567606, 5406.438566714, 3962.264327809, 5408.517956656, 3981.748872197, 3, 1.435798430639, 42.15594144707, -1.458127154417, -41.04541222775, -1.432952928507, 0.2878895963705, -1.361606367011, 0.3242246660353, 0, 0, 0.2166848301864, -0, -0, -0, -0, -0, 0.2166848275808, 0.002733377927557, 0, 0, 0, 0, 0, 0.001411990314971, 0.002733397474733, -0.04382565313485, 0.001411980217493, 0.04834604711143, 0.001411980217493, 64.07504235324, 64.09788617995, 64.07478800066, 64.09778983666, 158.1790225134, -0.2064245083265, 0.196340753935, 0, 1, 50.00009603834, 50, 50.00006682728, -0.0001826694928459, 0, 0, 0, 0, 0, 0, 0, 0, 158.1807386225, 155.2307729074, 158.1802135037, 155.2302569812, 158.1790225134, 155.2305149411, 158.1807397983, 155.2307729042, 0, 158.1802145251, 155.230256978, -0.0188689095575, 0, -0.2251291440445, -0.01876850417763, 0.1772904180116, -0.01876850417763, 0.7617396714951, 0.7629688781108, -0.8127275868559, -0.8120310378659, -0.02549160131023, -0.024540791656, 0.762038921898, 0.7629591658541, 0, -0.8130577008868, -0.8120407491661, -0, 5.551115123126e-17, -0, -5.551115123126e-17, 0.002627952282103, 0.3940876361353, 0.3912300876088, 0.394107043052, 0, 0.3912259205719, 0.3940682292186
11.425, 0.2058027622215, 0.01758467298262, -0.1966237210431, 0.01758613175977, 0.002887793936795, -0.0002866724407434, 0.02771726620625, -0.001174922793304, 0, 0, 1000, 0, -1000, 7527.36441361, 3133.055450233, 7532.610477201, 3132.122035085, 24.63323530911, 28.4710431136, 24.77535557574, 28.80007687428, -242.5708521938, -2.671098397744, 242.7206081265, -2.861506211196, 5405.949044023, 3952.653653484, 5409.03304638, 3991.321599294, 3, 0.2209795924558, 6.889579371713, -0.20330432081, -7.840888058366, -1.427175525763, 0.3116879552855, -1.367388306786, 0.3004281950443, 0, 0, 0.2166859838987, -0, -0, -0, -0, -0, 0.2166859855014, 0.002392653831004, 0, 0, 0, 0, 0, 0.002802157641838, 0.002392670941746, -0.04420097376552, 0.002802137602728, 0.04796870948076, 0.002802137602728, 64.21569259883, 64.2385882814, 64.21544001698, 64.2384907769, 158.5262453413, -0.2037658981806, 0.1989995412769, 0, 1, 50.00008704818, 50, 50.00011292051, 0.0001661292025684, 0, 0, 0, 0, 0, 0, 0, 0, 158.5279599627, 155.5779979275, 158.5274378346, 155.5774775836, 158.5262453413, 155.5777377492, 158.5279611347, 155.5779979211, 0, 158.5274388632, 155.5774775773, -0.01888584413661, 0, -0.2224860301592, -0.0189292106308, 0.1799337150208, -0.0189292106308, 0.7616232212621, 0.7628683305921, -0.8128440538225, -0.8121315853366, -0.02560762926936, -0.02465090083074, 0.7619250352361, 0.7628490552501, 0, -0.8131715904301, -0.8121508569115, 5.551115123126e-17, -0, -5.551115123126e-17, 5.551115123126e-17, 0.002627929069049, 0.3940876735797, 0.3912310607847, 0.3941261874699, 0, 0.3912248966627, 0.3940491596895
11.45, 0.2015702816077, -0.08463238803434, -0.2008392845437, -0.08459877049923, -0.0224634051303, -0.000609973900917, 0.01667800194607, 3.803444300935e-05, 0, 0, 1000, 0, -1000, 7527.632551182, 3134.255081603, 7532.354896588, 3130.843651691, 18.9487128033, 40.41739445975, 30.20027729967, 17.33695945841, -243.316022439, -4.747678215427, 241.9480859173, -5.396790369922, 5405.601043578, 3937.835556732, 5409.416658213, 4005.743864285, 3, -1.508900892267, -36.02761839362, 1.4918454572, 37.32116796631, -1.424360175066, 0.3418414670926, -1.37007774161, 0.268718633567, 0, 0, 0.2167106377301, -0, -0, -0, -0, -0, 0.2167106560095, 0.002261831039186, 0, 0, 0, 0, 0, 0.004921124692855, 0.002261847218047, -0.04465967536927, 0.004921089492331, 0.0475126886697, 0.004921089492331, 64.35634125159, 64.37928964259, 64.35609352209, 64.3791923682, 158.8734678601, -0.1975338883667, 0.2052300107504, 0, 1, 50.00008222124, 50, 50.00005327833, -0.0001229177621668, 0, 0, 0, 0, 0, 0, 0, 0, 158.8751784675, 155.9252233052, 158.8746646993, 155.9246974969, 158.8734678601, 155.9249603898, 158.8751796185, 155.9252232939, 0, 158.8746657534, 155.9246974856, -0.01889657401964, 0, -0.2162629524451, -0.01912799532827, 0.1861552035158, -0.01912799532827, 0.7615075971383, 0.7627746072066, -0.8129596559212, -0.8122253108332, -0.02572099877578, -0.02475919972598, 0.7618125438943, 0.7627407534845, 0, -0.8132840780137, -0.8122591529365, -0, -0, -0, -0, 0.00262783129676, 0.3940880668522, 0.3912317515836, 0.3941557046085, 0, 0.3912241350905, 0.3940204290959
11.475, 0.2011097373583, -0.08708966774572, -0.2012999867212, -0.08705417224699, -0.02231323117391, -0.0006336823967251, 0.01666565451938, -0.0002661272918678, 0, 0, 1000, 0, -1000, 7527.711065032, 3134.660023008, 7532.288317884, 3130.537480994, 18.96434598272, 40.59486531259, 30.18427883399, 17.26434396817, -243.3901590427, -4.873714861079, 241.8746134199, -5.570623861017, 5405.451006257, 3932.154192253, 5409.568267204, 4009.480853511, 3, -1.49409454748, -36.95045324233, 1.478017253174, 38.05842671077, -1.423532506818, 0.3526231456524, -1.370786057276, 0.2598065017886, 0, 0, 0.2167312839606, -0, -0, -0, -0, -0, 0.2167313103814, 0.002228143047234, 0, 0, 0, 0, 0, 0.005603646388611, 0.002228158988162, -0.04468638741381, 0.005603606298407, 0.04748341022337, 0.005603606298407, 64.49699237485, 64.51999174451, 64.49674451047, 64.51989310825, 159.2206903683, -0.1974078117217, 0.2053557709411, 0, 1, 50.00007635748, 50, 50.00005034374, -0.0001218566946142, 0, 0, 0, 0, 0, 0, 0, 0, 159.2224012378, 156.2724470866, 159.2218872271, 156.2719192358, 159.2206903683, 156.2721831483, 159.2224023889, 156.2724470737, 0, 159.2218882811, 156.2719192229, -0.01891098212288, 0, -0.2161511662271, -0.01920230151125, 0.1862666503198, -0.01920230151125, 0.7613951351922, 0.7626689826971, -0.8130721310643, -0.8123309363826, -0.02583347642161, -0.02486951938681, 0.7617002645797, 0.7626304326205, 0, -0.813396352988, -0.8123694713941, -0, 5.551115123126e-17, -0, -0, 0.002627770593155, 0.3940900030497, 0.3912320503204, 0.3941670216363, 0, 0.3912238332464, 0.3940129844632
11.5, 0.199064162855, -0.09314532396502, -0.2033523575907, -0.09310495401684, -0.02310929882439, -0.00042671016438, 0.01581323492337, -0.001761080966335, 0, 0, 1000, 0, -1000, 7527.830752946, 3134.017593078, 7532.169388115, 3131.229881447, 17.32887449199, 40.32910014325, 31.92359868606, 16.90812492362, -243.1238767086, -3.349946561408, 242.1078213577, -3.711101847618, 5406.396482707, 3941.551837668, 5408.572709708, 3999.696539502, 3, -1.416707500729, -39.81417956747, 1.414232812069, 39.73325394241, -1.422272052275, 0.3372033851402, -1.372044179071, 0.2761964604347, 0, 0, 0.2167284177118, -0, -0, -0, -0, -0, 0.2167284307698, 0.001994914339743, 0, 0, 0, 0, 0, 0.004213583562659, 0.001994928611693, -0.04486758820367, 0.004213553418192, 0.04730436965133, 0.004213553418192, 64.63764355139, 64.66069368823, 64.63739549007, 64.66059408725, 159.5679131074, -0.1977352933272, 0.2050277921303, 0, 1, 50.00006916767, 50, 50.00006876468, -2.347815163384e-05, 0, 0, 0, 0, 0, 0, 0, 0, 159.5696243237, 156.6196687374, 159.5691095815, 156.6191431477, 159.5679131074, 156.6194059329, 159.5696254813, 156.6196687277, 0, 159.5691106296, 156.619143138, -0.01892656075419, 0, -0.2164935462094, -0.01912004651474, 0.1859237694248, -0.01912004651474, 0.7612802966379, 0.7625446562183, -0.8131869536537, -0.8124552603439, -0.02594861109187, -0.02498428361833, 0.7615866618259, 0.7625156704039, 0, -0.8135099547126, -0.8124842376405, -0, -0, 5.551115123126e-17, -5.551115123126e-17, 0.002627819218533, 0.3940903889969, 0.3912301659348, 0.3941483020464, 0, 0.3912258174392, 0.3940324759474
11.525, 0.1962240316089, -0.1031875547663, -0.2061882066284, -0.1031379972584, -0.02579251259982, -2.704145283873e-05, -0.01098688468311, 0.01112745236151, 0, 0, 116.2428111655, 0, 86.00323176758, 7527.813263909, 3131.292325145, 7532.170210309, 3134.024091511, 12.06564596009, 38.59215388487, 37.13793708378, 17.03317682348, -243.1637926979, 0.4109653782353, 241.9380462002, 0.2242366147937, 5406.765493834, 3976.971305394, 5408.145961461, 3965.021267143, 3, -1.367872913409, -43.61333077203, 1.346563491547, 44.61075757521, -1.422448886091, 0.2688173540489, -1.372047988394, 0.3458941909618, 0, 0, 0.2166984461549, -0, -0, -0, -0, -0, 0.2166984495469, 0.001937074181982, 0, 0, 0, 0, 0, -0.0008659857759408, 0.0019370880363, -0.04482123699953, -0.0008659795822918, 0.04735349360877, -0.0008659795822918, 64.77829548887, 64.80139496417, 64.77804576697, 64.80129581253, 159.915136114, -0.2001537402063, 0.2026104473893, 0, 1, 50.00006348829, 50, 50.00003364337, -0.0002197632887924, 0, 0, 0, 0, 0, 0, 0, 0, 159.9168492716, 156.9668865239, 159.9163302359, 156.966371166, 159.915136114, 156.9666288469, 159.9168504412, 156.9668865259, 0, 159.9163312712, 156.9663711679, -0.01897542298872, 0, -0.2189610711316, -0.01874783237068, 0.1834573834625, -0.01874783237068, 0.7611677218728, 0.7623907196914, -0.8132995150564, -0.812609196173, -0.02606184667925, -0.02510328189331, 0.76147376994, 0.762396675859, 0, -0.8136228522882, -0.8126032396456, 5.551115123126e-17, -0, -0, -0, 0.002627966240459, 0.3940896487871, 0.3912294311009, 0.3940777463586, 0, 0.3912266672579, 0.3941015512157
11.55, 0.1963583944491, -0.1079527476903, -0.2060585503437, -0.1078984599626, -0.02657375887131, 0.0001500615881497, -0.03715640007977, -0.003085548102102, 0, 0, -1000, 0, 1000, 7527.86461912, 3130.156176335, 7532.104128956, 3135.038118289, 19.08917182932, 38.50484783925, 30.21343856578, 18.12570441149, -243.0843014892, 1.937453762666, 242.1658748468, 1.7674709132, 5406.020531783, 3990.846726986, 5408.878356081, 3953.345532073, 3, -1.334285587096, -46.16771034137, 1.327830974451, 46.07409037953, -1.421902072378, 0.2412217468669, -1.372754861558, 0.3711654975346, 0, 0, 0.2166766478953, -0, -0, -0, -0, -0, 0.2166766658371, 0.002008078229657, 0, 0, 0, 0, 0, -0.002717606473323, 0.00200809258892, -0.04495603926681, -0.002717587040536, 0.04721788520611, -0.002717587040536, 64.91894530786, 64.94209661113, 64.91869815361, 64.94199710859, 160.262358999, -0.1965398820455, 0.2062254351029, 0, 1, 50.00005590343, 50, 50.00005549426, -3.493274036037e-05, 0, 0, 0, 0, 0, 0, 0, 0, 160.2640698354, 157.3141072236, 160.2635551452, 157.3135955414, 160.262358999, 157.3138513886, 160.2640709893, 157.3141072297, 0, 160.2635561978, 157.3135955475, -0.01900256573664, 0, -0.2153738367031, -0.01861411549095, 0.1870457851522, -0.01861411549095, 0.7610546523329, 0.7622641811307, -0.8134125988392, -0.8127357375239, -0.02617354998156, -0.02521708629783, 0.7613616220931, 0.7622828712578, 0, -0.8137350088476, -0.8127170438535, -0, -0, 5.551115123126e-17, -0, 0.002628058237644, 0.394087457466, 0.3912309143674, 0.3940501056783, 0, 0.3912252090692, 0.3941248092537
11.575, 0.1963160195433, -0.1119022737394, -0.2060998747096, -0.1118437193819, -0.02834407323866, 0.0001103630535038, -0.03774790046407, -0.003121203200406, 0, 0, -1000, 0, 1000, 7527.71458219, 3129.878735212, 7532.242253765, 3135.415154841, 19.08107216817, 38.95948006518, 30.17725846774, 17.43870150778, -243.371675581, 1.850146339902, 241.8819284623, 1.678565288165, 5405.30989224, 3993.68965278, 5409.629397084, 3950.204668485, 3, -1.585234711003, -47.91397289969, 1.576223649789, 48.31277595371, -1.423468184829, 0.2332406602551, -1.371319681721, 0.3810797036014, 0, 0, 0.2166631551761, -0, -0, -0, -0, -0, 0.2166631788457, 0.002225251227492, 0, 0, 0, 0, 0, -0.003151234912705, 0.002225267137724, -0.04483493265402, -0.003151212381977, 0.04734167866613, -0.003151212381977, 65.05959622109, 65.0827973832, 65.05934936013, 65.0826992441, 160.609581725, -0.1957747492382, 0.2069910125412, 0, 1, 50.0000506702, 50, 50.00004058017, -6.296467165002e-05, 0, 0, 0, 0, 0, 0, 0, 0, 160.6112922478, 157.6613295362, 160.6107779987, 157.6608186962, 160.609581725, 157.6610741232, 160.6112933947, 157.6613295432, 0, 160.6107790582, 157.6608187033, -0.01902564509835, 0, -0.2146322455907, -0.01858347537747, 0.1877878321694, -0.01858347537747, 0.7609437490441, 0.7621495327037, -0.8135234886361, -0.8128503868348, -0.02628386877349, -0.02532875262185, 0.7612498929844, 0.7621712047653, 0, -0.8138467426728, -0.812828710009, -0, -0, -0, 5.551115123126e-17, 0.002628083129637, 0.3940877540641, 0.3912323306316, 0.3940444423268, 0, 0.3912237122746, 0.3941310658013
11.6, 0.1984102809798, 0.01715595453449, -0.2040185911507, 0.01715728797842, 0.002805092174603, 0.0001750053354257, -0.02408053087611, -0.000949351883128, 0, 0, -1000, 0, 1000, 7527.195820878, 3129.052848276, 7532.758920423, 3136.417201483, 26.63284631936, 24.93656318269, 22.75695350813, 32.04803335683, -243.4420571256, 2.560967001202, 241.8438705886, 2.34989694165, 5403.947357554, 4000.677551905, 5411.029318902, 3941.776166176, 3, 0.2249061791057, 6.525776647858, -0.2103680273568, -7.272452781211, -1.428904974124, 0.2115999327584, -1.365910894941, 0.4061954374512, 0, 0, 0.2166577364654, -0, -0, -0, -0, -0, 0.2166577786659, 0.002808468470645, 0, 0, 0, 0, 0, -0.004268418303474, 0.002808488549793, -0.04414440143266, -0.00426838778662, 0.04802977857306, -0.00426838778662, 65.20024920154, 65.22349835355, 65.19999842476, 65.2234011301, 160.9568043109, -0.2001734486114, 0.2025928050908, 0, 1, 50.00004389552, 50, 50.0000633001, 0.0001108932503334, 0, 0, 0, 0, 0, 0, 0, 0, 160.9585183715, 158.0085509447, 160.9579969754, 158.0080426734, 160.9568043109, 158.0082968186, 160.9585195241, 158.0085509542, 0, 160.9579980248, 158.0080426829, -0.01907250134749, 0, -0.2190804463711, -0.01849003290905, 0.1833401409791, -0.01849003290905, 0.7608378174247, 0.7620308338648, -0.8136294367791, -0.8129690884931, -0.02639066974448, -0.02543976868763, 0.7611392482516, 0.7620601881208, 0, -0.8139573869791, -0.8129397254961, -5.551115123126e-17, -0, -0, -0, 0.002628059791295, 0.3940891884303, 0.3912350485046, 0.3940305217116, 0, 0.3912209196763, 0.3941478551489
11.625, 0.201486353828, 0.08773123486179, -0.2009238449876, 0.08776720583751, 0.02003374022263, 0.0003565854880298, -0.01656408247745, 4.046777563166e-05, 0, 0, -1000, 0, 1000, 7526.590382304, 3128.058190556, 7533.372981244, 3137.344693381, 30.19506241681, 16.76082482122, 18.95183242473, 40.11275905528, -243.112906064, 4.077866452952, 242.149543799, 3.644738545165, 5403.216626344, 4009.216281161, 5411.774443015, 3933.585710487, 3, 1.266443799408, 38.00286849807, -1.285559622521, -36.61991161828, -1.435255845096, 0.1866276882926, -1.359475192986, 0.4299671021039, 0, 0, 0.2166637505863, -0, -0, -0, -0, -0, 0.2166638183453, 0.003368830072248, 0, 0, 0, 0, 0, -0.005480735434575, 0.003368854159039, -0.04346122205162, -0.005480696248132, 0.04871669620445, -0.005480696248132, 65.34090236169, 65.36419970845, 65.34064725628, 65.36410249444, 161.3040267504, -0.2046693015707, 0.1980955849308, 0, 1, 50.00003921808, 50, 50.00000452381, -0.0002004899384051, 0, 0, 0, 0, 0, 0, 0, 0, 161.3057446742, 158.3557720651, 161.3052156373, 158.3552663943, 161.3040267504, 158.3555192418, 161.3057458325, 158.3557720772, 0, 161.3052166753, 158.3552664064, -0.01912434132278, 0, -0.2236307487302, -0.01839542951998, 0.1787884475645, -0.01839542951998, 0.7607306945229, 0.76191039606, -0.8137365257446, -0.8130895299702, -0.02649881109575, -0.025551869918, 0.7610274614161, 0.7619480858914, 0, -0.8140691650795, -0.8130518257274, -0, -0, -0, -0, 0.002628003272909, 0.3940888408348, 0.3912365077104, 0.3940135115815, 0, 0.3912194314059, 0.3941641700881
11.65, 0.2058120616954, 0.03678170735951, -0.1966073477742, 0.03678802455094, 0.006663429562356, -0.0004073214313707, 0.02986316325351, -0.0001585925440435, 0, 0, 1000, 0, -1000, 7526.494350025, 3132.75601408, 7533.480135912, 3132.52663746, 26.14313329553, 26.42904699035, 23.18646621694, 30.74577477367, -243.3065278649, -3.066640325158, 241.9863296641, -3.259829603078, 5403.391372312, 3949.693303981, 5411.59768445, 3993.80781344, 3, 0.165369013164, 15.25748404164, -0.1604261624433, -15.4309258608, -1.436267788693, 0.30406108935, -1.358352157062, 0.3102979610496, 0, 0, 0.2166729767494, -0, -0, -0, -0, -0, 0.2166729757367, 0.003423648336327, 0, 0, 0, 0, 0, 0.003196854838538, 0.003423672817148, -0.04342299785027, 0.003196831979569, 0.04874878412758, 0.003196831979569, 65.48155350002, 65.50490107411, 65.48129807661, 65.50480389131, 161.6512491157, -0.2037263451346, 0.1990391422888, 0, 1, 50.00003334068, 50, 50.00003872649, 4.027130230186e-05, 0, 0, 0, 0, 0, 0, 0, 0, 161.652966498, 158.7030040182, 161.6524386699, 158.7024791238, 161.6512491157, 158.7027415637, 161.6529676503, 158.7030040109, 0, 161.6524397142, 158.7024791164, -0.01910081665894, 0, -0.2226643984486, -0.01909475497874, 0.1797554074729, -0.01909475497874, 0.7606159067216, 0.7618682451251, -0.8138513531344, -0.8131316698616, -0.02661356591953, -0.02565370061117, 0.7609124123636, 0.7618462544306, 0, -0.8141842118488, -0.813153655653, 5.551115123126e-17, -0, -5.551115123126e-17, 5.551115123126e-17, 0.002627949961589, 0.394088145684, 0.3912361598089, 0.3941320844383, 0, 0.3912197833281, 0.3940442069296
11.675, 0.2039033343013, -0.03080543559089, -0.1985198540732, -0.03080104229991, -0.01047294782167, -0.0004634333854194, 0.02220770615078, -0.0004088722277155, 0, 0, 1000, 0, -1000, 7526.231571312, 3132.979387886, 7533.749375141, 3132.338280579, 20.94272730254, 34.14074056659, 28.432065815, 23.36188412273, -243.3703412113, -3.502103419994, 241.9059417787, -3.775258275485, 5403.764259921, 3946.022140588, 5411.226705776, 3996.767023002, 3, -0.8049784251476, -13.75654966533, 0.8146186104614, 13.37577123016, -1.439032476396, 0.3088553693674, -1.35552502408, 0.3061586207631, 0, 0, 0.21668103013, -0, -0, -0, -0, -0, 0.2166810306337, 0.00357924041022, 0, 0, 0, 0, 0, 0.003677339381042, 0.003579266005506, -0.04345555276133, 0.003677313084434, 0.04871527886025, 0.003677313084434, 65.62220383838, 65.64560226136, 65.6219496572, 65.64550541871, 161.9984714454, -0.2014323387502, 0.2013327428576, 0, 1, 50.00002773854, 50, 50.00003914029, 8.591088926412e-05, 0, 0, 0, 0, 0, 0, 0, 0, 162.0001879403, 159.0502274786, 161.9996619948, 159.049700476, 161.9984714454, 159.0499639688, 162.0001890819, 159.0502274701, 0, 161.9996630514, 159.0497004676, -0.01914968704012, 0, -0.2204191165632, -0.01917144226014, 0.1820002745774, -0.01917144226014, 0.760500169781, 0.7617589239137, -0.8139670943249, -0.8132409911614, -0.02672816652714, -0.0257663267263, 0.7607968971996, 0.7617336275674, 0, -0.8142997248512, -0.81326628102, -0, -0, -0, -0, 0.002627917080241, 0.3940888546031, 0.3912354168365, 0.3941393973145, 0, 0.3912205225238, 0.3940383118916
11.7, 0.197578870062, -0.09855345057449, -0.2048457928017, -0.09850846570296, -0.02684550447713, -0.0002265413775518, 0.0008765734527218, -0.005024692849025, 0, 0, 441.7028887306, 0, -478.9245222095, 7525.880745453, 3131.291991491, 7534.111779865, 3133.870530066, 14.12936064742, 39.14560044801, 35.07242405259, 17.05371033928, -243.5036606752, -1.156096086432, 241.6629115276, -1.336210862832, 5403.776998589, 3964.728115307, 5411.212771757, 3978.564652156, 3, -1.528294952923, -42.58919514601, 1.534459019982, 42.03689540375, -1.442722797184, 0.2667989431565, -1.351718463333, 0.3452400287478, 0, 0, 0.2167013094458, -0, -0, -0, -0, -0, 0.2167013054525, 0.003855355261812, 0, 0, 0, 0, 0, 0.001002695041622, 0.003855382836767, -0.04340973387287, 0.00100268787002, 0.04876411822958, 0.00100268787002, 65.76285400394, 65.78630411692, 65.76260137945, 65.78620633144, 162.3456936123, -0.1994007884304, 0.2033620018822, 0, 1, 50.00002864571, 50, 50.00004420636, 0.000113293516093, 0, 0, 0, 0, 0, 0, 0, 0, 162.3474097108, 159.3974475971, 162.3468848414, 159.3969250375, 162.3456936123, 159.397186315, 162.347410841, 159.3974475948, 0, 162.3468859103, 159.3969250352, -0.01923430954668, 0, -0.2184723317113, -0.01900981615288, 0.18394472481, -0.01900981615288, 0.7603849840484, 0.7616240772619, -0.8140822527856, -0.8133758362908, -0.0268419467014, -0.02588277614092, 0.7606813986214, 0.7616171803943, 0, -0.8144152167771, -0.8133827326761, 5.551115123126e-17, -0, -0, -0, 0.00262786078159, 0.3940883537569, 0.3912353916979, 0.3941021351681, 0, 0.3912205499971, 0.3940745723457
11.725, 0.1955141559176, -0.1028221222919, -0.2069034611393, -0.1027734177483, -0.02718890598386, 0.0001656609101223, -0.03652699953251, -0.002130739172909, 0, 0, -1000, 0, 1000, 7525.607358279, 3129.282562361, 7534.38784494, 3135.820746635, 19.62641818682, 37.79173109077, 29.62683901466, 18.56420527851, -242.9134304369, 1.904564873095, 242.3542699117, 1.736739459432, 5403.922278788, 3988.086200046, 5411.066343689, 3955.132468879, 3, -1.307558239419, -43.60040820958, 1.29972996926, 43.988379882, -1.445601709468, 0.2168716352338, -1.348816464125, 0.3939707031631, 0, 0, 0.2167145533833, -0, -0, -0, -0, -0, 0.216714574874, 0.00405251521815, 0, 0, 0, 0, 0, -0.002388064529327, 0.00405254420681, -0.04345685827573, -0.00238804744702, 0.04871137745868, -0.00238804744702, 65.90350413042, 65.927005926, 65.90325309107, 65.92690713888, 162.6929158233, -0.1963691157449, 0.2063956740132, 0, 1, 50.00001982348, 50, 50.0000114114, -2.578420472712e-05, 0, 0, 0, 0, 0, 0, 0, 0, 162.6946309919, 159.7446667738, 162.6941081503, 159.7441499874, 162.6929158233, 159.744408386, 162.6946321081, 159.7446667792, 0, 162.6941092352, 159.7441499928, -0.01932423690521, 0, -0.2155303761611, -0.01879979600976, 0.1868886804026, -0.01879979600976, 0.760268398842, 0.7614830784449, -0.8141988773569, -0.8135168381396, -0.02695702481346, -0.02600045452209, 0.7605651350326, 0.7614995024021, 0, -0.8145314814244, -0.8135004114463, -0, -0, -0, -0, 0.002627850734156, 0.3940884272783, 0.3912351020512, 0.3940556048369, 0, 0.3912208419927, 0.3941212497197
11.75, 0.1951947179804, -0.1188938886313, -0.2072234812152, -0.1188285509637, -0.03170824845304, 0.0001187676405775, -0.03810690869599, -0.00390519847394, 0, 0, -1000, 0, 1000, 7525.543906923, 3129.371561727, 7534.450370675, 3135.775898836, 17.51803210915, 39.87287768785, 31.74390686486, 16.39031034974, -242.9554267993, 1.516232330807, 242.2791706907, 1.345473389717, 5404.162049774, 3987.13003079, 5410.809432462, 3955.316281301, 3, -1.614595912161, -50.67703965907, 1.607216308453, 51.00613891067, -1.44627951314, 0.2181957793432, -1.348153304243, 0.3933996043169, 0, 0, 0.2167217127109, -0, -0, -0, -0, -0, 0.2167217332363, 0.004066201527208, 0, 0, 0, 0, 0, -0.002305453253618, 0.004066230615691, -0.0434769632223, -0.002305436761157, 0.04869239376234, -0.002305436761157, 66.04415533465, 66.06770697284, 66.04390372881, 66.06760872008, 163.04013806, -0.1960296692053, 0.2067349662459, 0, 1, 50.00001503694, 50, 50.00000750917, -2.604028653883e-05, 0, 0, 0, 0, 0, 0, 0, 0, 163.0418539338, 160.0918900851, 163.0413297791, 160.0913713705, 163.04013806, 160.091630733, 163.0418550491, 160.0918900903, 0, 163.0413308651, 160.0913713757, -0.01938855320025, 0, -0.2152551620758, -0.01886994017592, 0.1871637246399, -0.01886994017592, 0.7601508944397, 0.7613696301795, -0.8143163736755, -0.8136302856781, -0.02707432833928, -0.02611447060097, 0.7604477675556, 0.7613854860528, 0, -0.814648848551, -0.8136144272548, 5.551115123126e-17, -0, -0, -5.551115123126e-17, 0.002627875316816, 0.3940891965813, 0.3912346243158, 0.3940575095798, 0, 0.391221353878, 0.3941208835827
11.775, 0.1954534533076, -0.1158737495152, -0.2069642128961, -0.1158115267815, -0.0314090157395, 2.784851953977e-05, -0.03782519348548, -0.003674730441922, 0, 0, -1000, 0, 1000, 7525.395181493, 3129.543011835, 7534.590924357, 3135.685198696, 16.79567823931, 39.68200077061, 32.46336806475, 16.36289106907, -243.2221791886, 0.9384312822033, 241.9960179684, 0.7583236429738, 5403.497457083, 3984.169896445, 5411.444848912, 3957.728781547, 3, -1.63552482086, -49.62658616911, 1.625492793369, 49.88140553439, -1.447852996825, 0.2214917261055, -1.346670510968, 0.3916091782293, 0, 0, 0.2167162527204, -0, -0, -0, -0, -0, 0.2167162692854, 0.004270562415753, 0, 0, 0, 0, 0, -0.00191611348362, 0.004270592964638, -0.04329801128876, -0.00191609977706, 0.04887363144127, -0.00191609977706, 66.18480687683, 66.20840823806, 66.18455404646, 66.20831012458, 163.3873604056, -0.1964367991801, 0.2063280325492, 0, 1, 50.00001106579, 50, 50.00000303672, -5.613892627028e-05, 0, 0, 0, 0, 0, 0, 0, 0, 163.3890775296, 160.4391137368, 163.3885507992, 160.4385925543, 163.3873604056, 160.4388531499, 163.3890786428, 160.4391137412, 0, 163.3885518865, 160.4385925586, -0.01946205756654, 0, -0.2157364797252, -0.01895972018486, 0.1866826032998, -0.01895972018486, 0.7600355146046, 0.7612597314812, -0.8144317400834, -0.8137401831674, -0.0271895857073, -0.0262270465962, 0.760331166777, 0.7612729098474, 0, -0.8147654513908, -0.8137270030398, -0, -0, -0, -5.551115123126e-17, 0.002627949605392, 0.3940897421322, 0.3912359491306, 0.3940634063604, 0, 0.391220087055, 0.394116077904
11.8, 0.2024180055742, 0.08340437837584, -0.199983377558, 0.08343730434694, 0.01781976457054, 0.0005051919199394, -0.01708841611226, 0.0006429906469436, 0, 0, -1000, 0, 1000, 7524.99420197, 3126.941413077, 7534.977366122, 3138.248874864, 30.29631522323, 17.15316676166, 18.82985704355, 40.15344174442, -242.5471249256, 4.989317226241, 242.7077278012, 4.409581379729, 5402.742080536, 4014.396775078, 5412.175462491, 3928.583107093, 3, 1.385264523532, 36.57600853801, -1.42092548263, -34.80456134039, -1.452073769643, 0.1566796301655, -1.342607237137, 0.4556901360724, 0, 0, 0.2167003971781, -0, -0, -0, -0, -0, 0.2167004916514, 0.004655485309794, 0, 0, 0, 0, 0, -0.006218675959016, 0.0046555186073, -0.04247343143643, -0.006218631481355, 0.04970475061556, -0.006218631481355, 66.32546214107, 66.34910971708, 66.32520066653, 66.34901134942, 163.7345828489, -0.2056048406513, 0.1971597446117, 0, 1, 50.00000379151, 50, 49.99995597684, -0.0003043678208023, 0, 0, 0, 0, 0, 0, 0, 0, 163.7363077128, 160.7863321217, 163.735765294, 160.785818619, 163.7345828489, 160.7860753843, 163.7363088518, 160.7863321357, 0, 163.7357663449, 160.7858186329, -0.01957406772429, 0, -0.2250197260468, -0.01868034281317, 0.1773991101352, -0.01868034281317, 0.7599248256114, 0.761112078978, -0.8145423833288, -0.8138878465892, -0.02730328941962, -0.02634511116045, 0.7602148482341, 0.7611548423464, 0, -0.8148817684653, -0.8138450646673, -5.551115123126e-17, -0, -0, 5.551115123126e-17, 0.002628052635422, 0.3940886631348, 0.3912374580787, 0.3940031913545, 0, 0.3912186267681, 0.3941741349152
11.825, 0.2067600550345, 0.1040777350138, -0.1956448093479, 0.1041286744288, 0.02236824967634, 2.994025896974e-06, 0.008440505781961, 0.003241052445737, 0, 0, -72.76891250542, 0, 155.367541336, 7525.103443635, 3130.159000147, 7534.853723575, 3135.059786596, 37.23904817095, 16.8971488338, 11.96617198643, 38.7242402019, -242.2475462477, -0.1291804368703, 242.8515087766, -0.3195908259641, 5403.040932284, 3975.548696135, 5411.877051832, 3967.912053719, 3, 1.368114881936, 44.63005081844, -1.383053231593, -43.95316403219, -1.450944801442, 0.2365114102794, -1.343892458667, 0.3763512772227, 0, 0, 0.2166848366172, -0, -0, -0, -0, -0, 0.2166848405535, 0.004532155226294, 0, 0, 0, 0, 0, -0.0005534060698545, 0.004532187637049, -0.04269430664198, -0.0005534021123156, 0.04948760837783, -0.0005534021123156, 66.46611267082, 66.48981081168, 66.46585199439, 66.48971291484, 164.0818052489, -0.202682669758, 0.2000825585022, 0, 1, 50.00000279848, 50, 49.99998451262, -0.0001163943895219, 0, 0, 0, 0, 0, 0, 0, 0, 164.0835286128, 161.1335615859, 164.0829889755, 161.1330340216, 164.0818052489, 161.133297805, 164.083529743, 161.1335615871, 0, 164.0829900388, 161.1330340229, -0.01960094388034, 0, -0.2221235868585, -0.0191918774428, 0.1802959030996, -0.0191918774428, 0.7598044407464, 0.7610435403914, -0.8146627494388, -0.8139563713252, -0.02742302914953, -0.02645260909188, 0.7600959711916, 0.761047346693, 0, -0.8150006523838, -0.8139525648767, -0, -0, -0, -0, 0.002628129854209, 0.3940881864857, 0.3912368616357, 0.3940805802682, 0, 0.3912192224949, 0.3940957927033
11.85, 0.2073887237153, 0.1201641127515, -0.1950234365225, 0.1202319663497, 0.02624919616517, -0.0001939790117834, 0.03820732428863, -0.004308491934869, 0, 0, 1000, 0, -1000, 7525.126587613, 3131.3475165, 7534.826656576, 3133.81245647, 31.68947981603, 16.58685084845, 17.59928252894, 39.9850519423, -242.517649049, -1.810653699513, 242.714447984, -1.971652207573, 5403.389153925, 3961.030916361, 5411.557443497, 3982.922452423, 3, 1.583147104697, 51.15955887123, -1.585262378984, -51.18885049274, -1.450718493092, 0.2664469824504, -1.34416485446, 0.345313403794, 0, 0, 0.2166860990146, -0, -0, -0, -0, -0, 0.2166860926613, 0.004454542552864, 0, 0, 0, 0, 0, 0.001586418254585, 0.00445457440896, -0.04251595211665, 0.001586406909598, 0.04966390417446, 0.001586406909598, 66.60676560327, 66.63051257802, 66.6065008609, 66.63041378256, 164.4290274294, -0.2068757222443, 0.1958902485569, 0, 1, 49.99999638411, 50, 49.9999978877, 1.622669093545e-05, 0, 0, 0, 0, 0, 0, 0, 0, 164.430754526, 161.4807869744, 164.4302074464, 161.4802527557, 164.4290274294, 161.4805198613, 164.430755673, 161.4807869707, 0, 164.4302084883, 161.480252752, -0.01965747861065, 0, -0.2263738777202, -0.01943395467291, 0.1760463601698, -0.01943395467291, 0.7596864996747, 0.7609455928547, -0.8147807047334, -0.8140543171491, -0.02754263701712, -0.02656527365606, 0.7599768116591, 0.7609346807421, 0, -0.8151198120614, -0.8140652280543, 5.551115123126e-17, -5.551115123126e-17, -0, -5.551115123126e-17, 0.002628124419462, 0.3940876956968, 0.3912361688729, 0.3941095000155, 0, 0.391219858123, 0.394065891378
11.875, 0.2057092532273, 0.07743467131137, -0.1967059046198, 0.07746313575609, 0.01677132577546, -0.0002175234473837, 0.03446487696188, -0.0005534638580159, 0, 0, 1000, 0, -1000, 7525.421988163, 3132.266581264, 7534.532207608, 3132.983056481, 28.33121541676, 21.4718929585, 20.97359324315, 35.23103656344, -242.3125962729, -2.267387371479, 242.9653732024, -2.439559183061, 5404.313083736, 3951.493131869, 5410.662016315, 3991.343762936, 3, 1.110243857629, 33.35443187613, -1.110941651753, -33.19718552873, -1.447636148199, 0.290042312483, -1.347242577169, 0.3234225415411, 0, 0, 0.2166917326615, -0, -0, -0, -0, -0, 0.2166917277654, 0.004101781865664, 0, 0, 0, 0, 0, 0.00288786352816, 0.004101811200561, -0.04284950751499, 0.002887842875046, 0.04932889225984, 0.002887842875046, 66.74741633432, 66.77121490129, 66.74715186186, 66.77111392004, 164.7762495204, -0.2056489609446, 0.1971172115274, 0, 1, 49.9999915587, 50, 49.99998913836, 2.446212960219e-06, 0, 0, 0, 0, 0, 0, 0, 0, 164.7779765062, 161.8280117119, 164.7774297234, 161.8274724239, 164.7762495204, 161.8277420611, 164.7779776562, 161.8280117051, 0, 164.7774307653, 161.8274724171, -0.01970459016396, 0, -0.2251929545879, -0.01961836609122, 0.1772274816227, -0.01961836609122, 0.7595636132748, 0.7608391087315, -0.814903602042, -0.8141608009415, -0.0276655555486, -0.02668070911233, 0.7598562015249, 0.7608192437236, 0, -0.8152404234087, -0.8141806619483, 5.551115123126e-17, -5.551115123126e-17, -0, -0, 0.002628093799625, 0.3940888073731, 0.3912343266791, 0.3941284992367, 0, 0.391221643818, 0.3940491155096
11.9, 0.2055720676464, 0.02636677613028, -0.1968575834183, 0.0263701449867, 0.003761765273653, -0.0002122235056099, 0.02858232917137, -0.00120913911851, 0, 0, 1000, 0, -1000, 7525.872809429, 3132.222862984, 7534.083353611, 3133.178846902, 22.72451142814, 27.33670416908, 26.74698782671, 29.70571899602, -242.4626666316, -2.080356152125, 242.8222515299, -2.272786284925, 5405.471323582, 3955.986861752, 5409.5040107, 3985.335306352, 3, 0.3211225774198, 10.68563873621, -0.2990881307148, -11.77627752526, -1.442919881481, 0.288052892866, -1.351943111232, 0.3283463539737, 0, 0, 0.2166927053706, -0, -0, -0, -0, -0, 0.2166927010182, 0.003592136844196, 0, 0, 0, 0, 0, 0.002126799514503, 0.003592162534473, -0.04326277462631, 0.002126784304149, 0.04891210001933, 0.002126784304149, 66.88806741647, 66.91191587183, 66.88780249445, 66.911815437, 165.1234716306, -0.2053196453482, 0.1974469096969, 0, 1, 49.99998714787, 50, 50.00001530207, 0.000167675632107, 0, 0, 0, 0, 0, 0, 0, 0, 165.1251992002, 162.1752343465, 165.1246512632, 162.1746942429, 165.1234716306, 162.1749642897, 165.1252003599, 162.1752343415, 0, 165.1246522979, 162.1746942379, -0.01975725993612, 0, -0.2249147441047, -0.01964803811514, 0.1775060864224, -0.01964803811514, 0.7594395833125, 0.7607150038737, -0.8150276569303, -0.8142849046044, -0.0277900583226, -0.02679957875605, 0.7597349917272, 0.7607003743979, 0, -0.8153616343733, -0.81429953191, 5.551115123126e-17, -0, -0, -0, 0.002628085656834, 0.3940903162941, 0.3912320173084, 0.3941195478126, 0, 0.3912239530411, 0.3940610847756
11.925, 0.2064855067307, 0.01818187022537, -0.195954014384, 0.01818340855241, 0.001037258369721, -0.0003628789176995, 0.02741497702044, -0.002748212063705, 0, 0, 1000, 0, -1000, 7526.140859305, 3132.43744969, 7533.81141507, 3133.132348968, 22.60810190292, 29.03691403406, 27.02085437866, 29.04418165575, -243.0143114406, -2.933690652391, 242.2614329025, -3.14254512365, 5404.552784146, 3954.773681541, 5410.382663746, 3985.708772784, 3, 0.06080285355644, 5.967575167365, -0.01964566890187, -8.406892714561, -1.440117450945, 0.2923011793552, -1.35479115596, 0.3274031772451, 0, 0, 0.216675650309, -0, -0, -0, -0, -0, 0.2166756463123, 0.003518317914558, 0, 0, 0, 0, 0, 0.002241779346594, 0.003518343072935, -0.04333165724856, 0.002241763316455, 0.04884403818557, 0.002241763316455, 67.02871844914, 67.05261679153, 67.02845321835, 67.05251705993, 165.4706939218, -0.2047524558117, 0.198014222, 0, 1, 49.99998099048, 50, 50.0000401381, 0.000309412124858, 0, 0, 0, 0, 0, 0, 0, 0, 165.4724218627, 162.5224577551, 165.4718729508, 162.5219155492, 165.4706939218, 162.5221866468, 165.4724230216, 162.5224577498, 0, 165.471873987, 162.5219155439, -0.01981819384126, 0, -0.2244082367892, -0.01972451483116, 0.1780127404254, -0.01972451483116, 0.759320530624, 0.7606006981891, -0.8151467059433, -0.8143992096871, -0.02790903582879, -0.02691467501799, 0.7596164107795, 0.7605852777146, 0, -0.8154802171512, -0.8144146277506, -0, -0, 5.551115123126e-17, -0, 0.002628147737423, 0.3940911526323, 0.3912338467123, 0.3941219644761, 0, 0.3912222031333, 0.3940603407884
11.95, 0.2064693978938, 0.004043256247754, -0.1959696443869, 0.004043322648559, -0.00259369046229, -0.0005192539226266, 0.02586784514341, -0.00295734902691, 0, 0, 1000, 0, -1000, 7526.016229667, 3132.756535939, 7533.923018032, 3132.873369138, 22.3643846278, 30.94634670829, 27.28680132957, 27.66438710289, -243.6076613065, -3.792387152361, 241.6611517709, -4.035864753549, 5402.797544598, 3949.450759507, 5412.094229128, 3992.042799256, 3, -0.3279799404312, -0.3439011789822, 0.3669850856142, -2.193321353014, -1.441433410174, 0.2998165163527, -1.353616728202, 0.3211623941953, 0, 0, 0.2166414961224, -0, -0, -0, -0, -0, 0.216641492776, 0.003862789381344, 0, 0, 0, 0, 0, 0.0030865257203, 0.00386281699422, -0.04310202457938, 0.003086503656647, 0.04907644754713, 0.003086503656647, 67.1693693893, 67.19331817386, 67.16910409387, 67.19321832532, 165.8179163927, -0.203784032374, 0.1989830574719, 0, 1, 49.99997674496, 50, 50.00003610641, 0.0002814633390494, 0, 0, 0, 0, 0, 0, 0, 0, 165.8196443233, 162.8696815567, 165.8190949658, 162.869136401, 165.8179163927, 162.8694089715, 165.8196454714, 162.8696815494, 0, 165.8190960122, 162.8691363937, -0.01988227439483, 0, -0.2235047797176, -0.01983182231489, 0.1789166532147, -0.01983182231489, 0.7592055649787, 0.7604940533221, -0.8152616577953, -0.8145058546156, -0.02802328121649, -0.02702713014414, 0.7594998797896, 0.7604728215395, 0, -0.8155967529766, -0.8145270818277, -0, 5.551115123126e-17, -0, -0, 0.002628261159069, 0.394090145286, 0.3912373443872, 0.3941325676363, 0, 0.3912187922857, 0.3940477229357
11.975, 0.2054309737604, 0.003911482297396, -0.1969917802574, 0.003911548227946, -0.002549078443962, -0.0005593098828656, 0.02597849098095, -0.0009954755781694, 0, 0, 1000, 0, -1000, 7525.568128525, 3132.734642059, 7534.357503264, 3132.825972681, 21.93401474634, 30.62611685894, 27.50920692637, 27.29355002235, -243.8321627009, -3.946812977446, 241.4396877066, -4.192757201615, 5402.157605526, 3947.479225899, 5412.728109987, 3996.232350854, 3, -0.408271436122, 0.61973557935, 0.4157273994887, -1.319787876268, -1.446145277724, 0.2994333855911, -1.349052675014, 0.3203483611922, 0, 0, 0.2166086570646, -0, -0, -0, -0, -0, 0.2166086533114, 0.004293592172896, 0, 0, 0, 0, 0, 0.003533002284797, 0.004293622856031, -0.04281456714345, 0.003532977037218, 0.04936893552227, 0.003532977037218, 67.31002055044, 67.33401957475, 67.30975474836, 67.33391946585, 166.1651388359, -0.2034136398869, 0.1993525536604, 0, 1, 49.99997453596, 50, 49.9999882826, 2.467517270925e-05, 0, 0, 0, 0, 0, 0, 0, 0, 166.1668671541, 163.2169046972, 166.166316573, 163.2163575969, 166.1651388359, 163.2166311386, 166.166868293, 163.2169046888, 0, 166.1663176274, 163.2163575885, -0.01995007604686, 0, -0.2232032960925, -0.01990256416123, 0.1792172735864, -0.01990256416123, 0.7590907101481, 0.7603837130497, -0.8153764819036, -0.8146161949228, -0.02813734522339, -0.02714054121762, 0.7593830630639, 0.7603594097743, 0, -0.8157135731059, -0.8146404922096, -0, -5.551115123126e-17, -0, -5.551115123126e-17, 0.002628340338405, 0.3940879359273, 0.3912386206375, 0.3941364948166, 0, 0.3912175278596, 0.394039377038
12, 0.2038619001515, -0.03211532786461, -0.198566182677, -0.03211053433453, -0.01133285703682, -0.000571507084247, 0.02206446465514, -0.0008114493654552, 0, 0, 1000, 0, -1000, 7525.148369241, 3132.959681571, 7534.769737768, 3132.691484181, 20.93926002975, 34.66143829896, 28.52584273013, 23.47163762675, -243.702453925, -4.152204983136, 241.5635202608, -4.480571364548, 5402.466537561, 3943.427990652, 5412.46241776, 4000.411462982, 3, -0.8612999805455, -14.65550523028, 0.8769962692141, 13.86395599282, -1.450564001067, 0.3046699708264, -1.344717903062, 0.3169612511838, 0, 0, 0.2165882471898, -0, -0, -0, -0, -0, 0.2165882446118, 0.004576400107505, 0, 0, 0, 0, 0, 0.004129432477537, 0.004576432805497, -0.04275495470755, 0.004129402973302, 0.04943168180712, 0.004129402973302, 67.45067094507, 67.47472098999, 67.45040609593, 67.47462052263, 166.5123610957, -0.2011523739465, 0.2016146610907, 0, 1, 49.99997116376, 50, 49.99999094736, 9.793703544457e-05, 0, 0, 0, 0, 0, 0, 0, 0, 166.5140885695, 163.5641282114, 166.5135393968, 163.5635785296, 166.5123610957, 163.5638533606, 166.5140896956, 163.5641282015, 0, 166.5135404655, 163.5635785197, -0.020016635305, 0, -0.2210088128941, -0.01999647415822, 0.1814126189925, -0.01999647415822, 0.7589726216943, 0.7602731058226, -0.8154945511385, -0.8147268023473, -0.02825412285858, -0.02725525083029, 0.7592645671397, 0.7602446991641, 0, -0.8158320711885, -0.8147552008247, -0, -0, -0, -0, 0.002628338760547, 0.3940878082856, 0.3912380055392, 0.394144564732, 0, 0.3912180567574, 0.3940310518392
12.025, 0.197179281324, -0.09397732264333, -0.2052481981643, -0.0939364893914, -0.0259490111654, -0.0003756645970844, 0.01513073189562, -0.002023827237326, 0, 0, 1000, 0, -1000, 7524.875563452, 3131.972261953, 7535.056904726, 3133.570098656, 15.25995627662, 39.51300768271, 33.99514121628, 17.15178575929, -243.6005959212, -2.438226150799, 241.5901488228, -2.67965297944, 5403.241868272, 3954.474438251, 5411.749779252, 3989.739306429, 3, -1.494886344239, -40.47912999436, 1.503665464927, 40.19924004635, -1.453443255394, 0.2804911940495, -1.341692822594, 0.3392151821664, 0, 0, 0.2166023477206, -0, -0, -0, -0, -0, 0.2166023400988, 0.004691143778006, 0, 0, 0, 0, 0, 0.002555546131342, 0.004691177300196, -0.04289107677532, 0.002555527869935, 0.04929821346326, 0.002555527869935, 67.59132070058, 67.61542281275, 67.59105797561, 67.61532117959, 166.8595829471, -0.1981782348789, 0.2045865387379, 0, 1, 49.99997357699, 50, 49.99998330527, 7.635941405592e-05, 0, 0, 0, 0, 0, 0, 0, 0, 166.8613093188, 163.9113493835, 166.860762547, 163.9108013333, 166.8595829471, 163.9110753523, 166.8613104337, 163.9113493774, 0, 166.8607636298, 163.9108013272, -0.02009836404284, 0, -0.2181158561679, -0.01993712166633, 0.1843032822258, -0.01993712166633, 0.7588514551405, 0.7601431255172, -0.8156156920259, -0.8148567806973, -0.02837372992326, -0.02737440482478, 0.7591443289743, 0.7601255467159, 0, -0.81595230192, -0.8148743563654, -0, -0, -0, -0, 0.002628203865978, 0.3940874361173, 0.3912364603614, 0.394122560488, 0, 0.3912194771406, 0.3940523117466
12.05, 0.1968249029025, -0.09791817891208, -0.2056048302777, -0.09787391493291, -0.02705432300111, -0.0001928531753442, -0.0022076345926, 0.001745048539205, 0, 0, 368.2071461568, 0, -307.0847770144, 7524.761227523, 3130.939114088, 7535.188605439, 3134.737420385, 13.70530472002, 38.90289410873, 35.56866315337, 17.20812725552, -243.4164070343, -0.922763739721, 241.739246235, -1.098187946145, 5403.579835617, 3967.104745001, 5411.440505822, 3975.136742259, 3, -1.424622331428, -42.00229687914, 1.432975360207, 41.95394277034, -1.454661683152, 0.254081214527, -1.34029699185, 0.3683088466545, 0, 0, 0.2166167384761, -0, -0, -0, -0, -0, 0.2166167351026, 0.004736169607257, 0, 0, 0, 0, 0, 0.0005820563244277, 0.004736203455692, -0.04280418387351, 0.00058205216462, 0.04938102846984, 0.00058205216462, 67.73197238309, 67.75612406605, 67.73170785859, 67.75602231088, 167.2068047561, -0.1993753178117, 0.2033894079001, 0, 1, 49.99996963765, 50, 49.99997326504, 4.288345026464e-05, 0, 0, 0, 0, 0, 0, 0, 0, 167.2085332066, 164.2585702905, 167.207982472, 164.2580244599, 167.2068047561, 164.2582973738, 167.2085343258, 164.2585702891, 0, 167.207983549, 164.2580244585, -0.0201866112624, 0, -0.2194015126382, -0.01985637713082, 0.1830175703837, -0.01985637713082, 0.7587308861644, 0.7600094659472, -0.8157362808969, -0.8149904395527, -0.0284946086751, -0.02749449024902, 0.759023166138, 0.7600054624197, 0, -0.8160734568098, -0.8149944429177, -0, -0, -5.551115123126e-17, 5.551115123126e-17, 0.002628086963926, 0.3940894008888, 0.3912357875636, 0.394097400886, 0, 0.391220092736, 0.3940814008915
12.075, 0.1966766110694, -0.04989666458824, -0.205742797552, -0.049885333015, -0.01480167611486, 0.0002096604433348, -0.03130907649976, 0.000723886682268, 0, 0, -1000, 0, 1000, 7524.643536327, 3128.688216317, 7535.325052302, 3136.889348336, 22.33795231431, 31.93999157745, 26.90702103606, 24.3986825459, -242.8594025939, 2.272723514313, 242.4368229374, 2.086064211987, 5403.536370031, 3994.027942448, 5411.465175259, 3948.408826513, 3, -0.5053046356115, -20.96190070064, 0.4972434187987, 21.60572162109, -1.455914344844, 0.1982865115482, -1.338852030947, 0.4223238436033, 0, 0, 0.2166317322175, -0, -0, -0, -0, -0, 0.2166317698514, 0.004841701929105, 0, 0, 0, 0, 0, -0.003305889442993, 0.004841736536549, -0.04278712192555, -0.003305865813367, 0.04938757966218, -0.003305865813367, 67.87262330206, 67.89682550176, 67.87235851088, 67.89672327775, 167.5540265597, -0.1984358397167, 0.204329968869, 0, 1, 49.9999651536, 50, 49.99994917438, -8.871613352546e-05, 0, 0, 0, 0, 0, 0, 0, 0, 167.555755754, 164.6057888304, 167.5552037338, 164.6052493102, 167.5540265597, 164.6055190781, 167.5557568686, 164.6057888382, 0, 167.5552048159, 164.605249318, -0.0202913225139, 0, -0.2185667923417, -0.01962681122729, 0.1838533896952, -0.01962681122729, 0.7586098334229, 0.7598603737331, -0.815857400042, -0.8151395364815, -0.02861511804922, -0.02761684312074, 0.7589019969733, 0.7598831093649, 0, -0.8161946206287, -0.8151167956064, -0, 5.551115123126e-17, -0, 5.551115123126e-17, 0.002628009952642, 0.3940892057494, 0.3912358742354, 0.394043768383, 0, 0.3912200435551, 0.3941346431158
12.1, 0.2032084008138, 0.09200427121725, -0.1992076370321, 0.09204431375508, 0.02001888088559, 0.0003980436623926, -0.01578941029163, -0.001754361557935, 0, 0, -1000, 0, 1000, 7524.687138329, 3127.829439526, 7535.288068973, 3137.65720282, 32.04296898425, 16.90533231969, 17.22274974623, 40.25913243869, -242.2326277838, 3.564333493021, 242.9993160295, 3.22583384543, 5403.476488641, 4004.839235292, 5411.483701847, 3938.438890007, 3, 1.547675893956, 39.33305705062, -1.547840889418, -39.49343823839, -1.455473279739, 0.17731075094, -1.339227793863, 0.4416258277639, 0, 0, 0.2166315309869, -0, -0, -0, -0, -0, 0.216631595608, 0.004800536401424, 0, 0, 0, 0, 0, -0.004811846869717, 0.004800570714562, -0.0424240666794, -0.00481181247596, 0.04975590939487, -0.00481181247596, 68.01327740006, 68.03752673018, 68.01300603018, 68.03742456883, 167.9012485161, -0.2049368965063, 0.1978270665181, 0, 1, 49.99996261869, 50, 49.99996552503, 6.617549685203e-06, 0, 0, 0, 0, 0, 0, 0, 0, 167.9029834416, 164.9530101712, 167.9024199669, 164.9524718034, 167.9012485161, 164.9527409986, 167.90298458, 164.9530101825, 0, 167.902421018, 164.9524718147, -0.02037231302067, 0, -0.2251502588137, -0.01958488821078, 0.1772680573862, -0.01958488821078, 0.7584901244306, 0.7597298822014, -0.8159770641613, -0.8152700313402, -0.02873746350692, -0.02773697825357, 0.7587798088887, 0.759762972963, 0, -0.81631679981, -0.8152369294701, -0, -0, -0, -0, 0.002628018484801, 0.3940883670114, 0.3912359953645, 0.3940222312095, 0, 0.3912200044737, 0.3941545028132
12.125, 0.2066281165821, 0.1077569338741, -0.1957773689645, 0.1078115937362, 0.02388296986113, -8.283339414926e-06, 0.01701902598759, 0.006139436166974, 0, 0, 276.4313807928, 0, -143.0124560485, 7525.090733292, 3130.631589978, 7534.880504482, 3134.86291033, 35.94628850867, 16.70119025575, 13.27917756296, 39.01221207574, -242.1137198823, -0.3960682205658, 243.0280121236, -0.5805888410019, 5403.861151541, 3972.157687053, 5411.089417646, 3971.191694043, 3, 1.555800757341, 46.40320854078, -1.568428416409, -45.64913413391, -1.451255998743, 0.2475075929021, -1.343491141853, 0.3714961632532, 0, 0, 0.2166288796369, -0, -0, -0, -0, -0, 0.2166288800821, 0.004439091196462, 0, 0, 0, 0, 0, -7.000280537427e-05, 0.004439122925296, -0.04272952369829, -7.000230502603e-05, 0.04944951283898, -7.000230502603e-05, 68.1539282622, 68.17822815535, 68.15365676599, 68.17812552528, 168.2484704771, -0.2036065625692, 0.1991583049354, 0, 1, 49.99996118438, 50, 49.99994259828, -9.725413894915e-05, 0, 0, 0, 0, 0, 0, 0, 0, 168.2502050129, 165.3002383426, 168.2496422772, 165.2996876272, 168.2484704771, 165.2999629851, 168.2502061528, 165.3002383428, 0, 168.2496433295, 165.2996876274, -0.02039518235041, 0, -0.2238416327521, -0.02003407589684, 0.1785775957554, -0.02003407589684, 0.758364371471, 0.7596488449723, -0.8161028269959, -0.8153510587471, -0.02886346660711, -0.02785062540192, 0.7586561411369, 0.7596493264566, 0, -0.8164404712092, -0.8153505772605, -5.551115123126e-17, -0, -0, -0, 0.002628050928414, 0.3940882974289, 0.391235227554, 0.3940873352845, 0, 0.3912207917113, 0.3940892595733
12.15, 0.2071170894274, 0.1056428345914, -0.1952888591936, 0.1056952108664, 0.02303817766, 4.6339304274e-05, 0.007898226637805, 0.007366911775675, 0, 0, -61.78704427751, 0, 208.694935135, 7525.25957824, 3130.18649708, 7534.70790357, 3135.416779007, 37.02835708355, 16.6864114382, 12.20038972551, 38.85243415363, -242.0966944384, 0.1237577210028, 243.0134040657, -0.06730901964436, 5404.11981671, 3979.107521274, 5410.843141151, 3962.950718235, 3, 1.490807400713, 45.37178437354, -1.503312369309, -44.4900437801, -1.449499107326, 0.2356456266184, -1.345291609788, 0.3853843596753, 0, 0, 0.2166340046136, -0, -0, -0, -0, -0, 0.216634013525, 0.004274720017538, 0, 0, 0, 0, 0, -0.001170838223509, 0.004274750572958, -0.04289240477414, -0.001170829854493, 0.04928827615858, -0.001170829854493, 68.29457921749, 68.31892907752, 68.29430736697, 68.31882696923, 168.5956923214, -0.2029750788778, 0.1997898755979, 0, 1, 49.99995937549, 50, 49.99993863286, -9.650552799577e-05, 0, 0, 0, 0, 0, 0, 0, 0, 168.5974274063, 165.6474602063, 168.5968636393, 165.6469097715, 168.5956923214, 165.6471849917, 168.5974285476, 165.6474602091, 0, 168.5968646916, 165.6469097743, -0.02046407589165, 0, -0.2232784189445, -0.02002386695726, 0.1791408822276, -0.02002386695726, 0.758240403278, 0.7595204780413, -0.8162267852253, -0.8154794261039, -0.02898738205368, -0.02797142087583, 0.7585332847688, 0.7595285308679, 0, -0.8165633289169, -0.8154713726196, -0, -0, -5.551115123126e-17, -5.551115123126e-17, 0.002628060471099, 0.3940895833445, 0.3912347114539, 0.3940734909112, 0, 0.3912212832503, 0.3941056757778
12.175, 0.2068183021711, 0.09090197606574, -0.1955945196435, 0.09094069486315, 0.01963130256152, -0.0003144985983712, 0.03553863268688, -0.001327973994533, 0, 0, 1000, 0, -1000, 7525.515590559, 3132.216543901, 7534.453966202, 3133.267287968, 28.89927714602, 20.35803352414, 20.415956683, 36.60176278894, -242.7702794019, -2.724049498771, 242.502070763, -2.879194986546, 5403.754205338, 3953.923539136, 5411.210050798, 3988.588862906, 3, 1.180517552594, 38.64793105872, -1.18498871819, -38.50635710646, -1.446825504565, 0.2871913471077, -1.347947591594, 0.3315624243117, 0, 0, 0.2166474869994, -0, -0, -0, -0, -0, 0.2166474813382, 0.004125724213656, 0, 0, 0, 0, 0, 0.00251209883641, 0.004125753707734, -0.04280670282152, 0.002512080877985, 0.04936923797382, 0.002512080877985, 68.43523148076, 68.45963102687, 68.43495664534, 68.45952737607, 168.9429140722, -0.206081027228, 0.1966847513463, 0, 1, 49.99995394113, 50, 49.99995087352, -6.079021503555e-06, 0, 0, 0, 0, 0, 0, 0, 0, 168.9446519485, 165.9946866788, 168.9440827868, 165.994126536, 168.9429140722, 165.9944066012, 168.9446531035, 165.9946866726, 0, 168.9440838223, 165.9941265298, -0.0204966628966, 0, -0.2264172909582, -0.02037702927712, 0.1760028306241, -0.02037702927712, 0.7581181900465, 0.7594309393794, -0.816349030416, -0.815568962528, -0.02911103738815, -0.02808629004954, 0.7584104868215, 0.7594136593904, 0, -0.8166861263478, -0.8155862394895, 5.551115123126e-17, 5.551115123126e-17, -5.551115123126e-17, -0, 0.002628050687488, 0.3940891306949, 0.3912354402008, 0.3941236579098, 0, 0.3912205518789, 0.39405460348
12.2, 0.197014448722, -0.09637924236407, -0.205408133605, -0.09633631499435, -0.02541894478611, -0.0002662889865178, 0.01382277103939, -0.005385218263406, 0, 0, 935.7182768228, 0, -981.6496960231, 7525.68931763, 3131.940491468, 7534.282310307, 3133.344329237, 14.85673508622, 39.38521853131, 34.36588648962, 17.05381088619, -243.2458432647, -1.781115961802, 241.9353716834, -1.979234512201, 5404.606477314, 3958.18440371, 5410.33928774, 3985.693507672, 3, -1.367453807066, -41.44760044331, 1.369221057646, 40.85142942747, -1.445013393394, 0.2814043535334, -1.349742067242, 0.3335346235299, 0, 0, 0.216657930533, -0, -0, -0, -0, -0, 0.2166579252552, 0.00388931533321, 0, 0, 0, 0, 0, 0.001993507649746, 0.003889343139924, -0.04345986141476, 0.001993493397239, 0.04872079946899, 0.001993493397239, 68.57587921503, 68.60033310073, 68.57561046486, 68.60022771384, 169.2901358472, -0.1985876731042, 0.204175854169, 0, 1, 49.99995660388, 50, 49.99997160854, 9.454890228592e-05, 0, 0, 0, 0, 0, 0, 0, 0, 169.2918691047, 166.3419088549, 169.2913093246, 166.3413480099, 169.2901358472, 166.3416284275, 169.2918702388, 166.34190885, 0, 169.2913103897, 166.341348005, -0.0205467477583, 0, -0.218971491453, -0.02040257215963, 0.1834463449818, -0.02040257215963, 0.7579903780602, 0.7593057492936, -0.8164768110193, -0.8156941518035, -0.02923604466539, -0.02820791275911, 0.7582871336557, 0.7592920368361, 0, -0.816809480717, -0.8157078623543, -0, -0, -0, 5.551115123126e-17, 0.002628060584073, 0.3940877707661, 0.3912337390908, 0.394115170272, 0, 0.3912222902561, 0.3940603712601
12.225, 0.1961317610172, -0.1054100938853, -0.2062885089818, -0.1053587190516, -0.0274519658266, -4.424561308064e-05, -0.01872384563486, 0.004584322440962, 0, 0, -236.3244137626, 0, 341.7710314901, 7525.763269307, 3130.630078576, 7534.196926343, 3134.801249348, 11.98554068261, 38.74464113485, 37.26088742833, 16.90101987607, -243.1608584575, 0.249045290214, 241.9396662124, 0.05999710011409, 5405.140182673, 3975.7276583, 5409.799801855, 3967.007496792, 3, -1.333617922993, -44.61054174821, 1.319560827467, 45.33245753643, -1.444246286315, 0.2486171550985, -1.350633353385, 0.3690132291412, 0, 0, 0.2166525980255, -0, -0, -0, -0, -0, 0.216652601894, 0.003746523860194, 0, 0, 0, 0, 0, -0.0006319256598671, 0.003746550644699, -0.04349827401713, -0.0006319211421605, 0.04868451708579, -0.0006319211421605, 68.71653089868, 68.74103452139, 68.71626031271, 68.74092862605, 169.6373577627, -0.2003413308319, 0.2024238243887, 0, 1, 49.99995298106, 50, 49.9999350123, -9.216258874307e-05, 0, 0, 0, 0, 0, 0, 0, 0, 169.6390930307, 166.6891288522, 169.6385291464, 166.6885719148, 169.6373577627, 166.6888503851, 169.6390941753, 166.6891288538, 0, 169.6385302002, 166.6885719163, -0.02061319857495, 0, -0.2207914715826, -0.02026042247694, 0.1816279930059, -0.02026042247694, 0.7578669867967, 0.7591636943229, -0.8166001911215, -0.8158362073033, -0.02936007761835, -0.02833191004267, 0.7581640038404, 0.7591680406746, 0, -0.8169326140269, -0.81583186076, -0, -0, -0, -0, 0.002628128214019, 0.3940889091841, 0.391232675734, 0.3940802237643, 0, 0.3912233651394, 0.3940975946039
12.25, 0.1975266606103, 0.02319097544859, -0.2049026899995, 0.02319358171427, 0.004676649250525, 0.0003564320319753, -0.02314675615683, -0.001026953273097, 0, 0, -1000, 0, 1000, 7525.939561604, 3128.521287898, 7534.018441634, 3136.770378028, 27.10401697236, 24.31687890272, 22.34660913223, 33.15112126444, -242.4961147104, 3.342015146692, 242.7858205764, 3.102898488837, 5405.143386198, 4002.319482014, 5409.808045905, 3941.112201866, 3, 0.6809563282252, 9.662732548673, -0.6673613942134, -10.5449587887, -1.44240277112, 0.1968025952161, -1.352503897159, 0.4180608531133, 0, 0, 0.2166659166793, -0, -0, -0, -0, -0, 0.2166659665416, 0.003611012427988, 0, 0, 0, 0, 0, -0.004435520009529, 0.003611038246874, -0.04357803351965, -0.004435488295592, 0.04859793067348, -0.004435488295592, 68.85718212028, 68.8817356438, 68.85691060061, 68.88162982512, 169.9845794717, -0.2006088995662, 0.2021576072723, 0, 1, 49.99994694564, 50, 49.99997131672, 0.000169625601577, 0, 0, 0, 0, 0, 0, 0, 0, 169.986315825, 167.0363470602, 169.9857499529, 167.0357967391, 169.9845794717, 167.0360719103, 169.9863169734, 167.0363470709, 0, 169.9857510028, 167.0357967498, -0.02068042824271, 0, -0.2211259607055, -0.02001973114691, 0.1812948602032, -0.02001973114691, 0.7577432875123, 0.7590121160171, -0.8167239405758, -0.8159877925584, -0.02948407738476, -0.0284573303768, 0.7580408491621, 0.7590426191915, 0, -0.8170557722525, -0.8159572799451, -0, 5.551115123126e-17, -0, -0, 0.002628130639226, 0.3940882142734, 0.3912326689386, 0.3940272508472, 0, 0.3912233492189, 0.3941491776997
12.275, 0.2068850972571, 0.1190045202671, -0.1955244881523, 0.1190707131478, 0.02748923144348, -0.0001378061569038, 0.03791126375786, -0.003584670487621, 0, 0, 1000, 0, -1000, 7526.463049093, 3131.553060122, 7533.500911258, 3133.545047209, 32.90458994237, 16.30145462991, 16.34091241031, 39.82883172668, -242.4413279757, -1.339560765327, 242.7738716648, -1.511086646087, 5405.002097232, 3965.922968292, 5409.979243274, 3977.852904755, 3, 1.64462576133, 51.0032104024, -1.653791236819, -50.35380406698, -1.436914819367, 0.2730683353101, -1.357933359614, 0.3379360426513, 0, 0, 0.2166978793071, -0, -0, -0, -0, -0, 0.2166978764598, 0.003223567154246, 0, 0, 0, 0, 0, 0.0008645290557233, 0.003223590209683, -0.04351438946542, 0.0008645228725256, 0.04866611627428, 0.0008645228725256, 68.99783542464, 69.02243652096, 68.99755873835, 69.02233129375, 170.3318009533, -0.2055305104144, 0.1972348594092, 0, 1, 49.99994706582, 50, 49.9999350757, -9.589621320402e-06, 0, 0, 0, 0, 0, 0, 0, 0, 170.3335412251, 167.3835750317, 170.3329679558, 167.3830119285, 170.3318009533, 167.383293478, 170.3335423973, 167.3835750295, 0, 170.3329689787, 167.3830119264, -0.0206702332347, 0, -0.226037629512, -0.0204847195928, 0.1763819862509, -0.0204847195928, 0.7576194190973, 0.7589337195256, -0.8168477718008, -0.8160661799917, -0.02961074197793, -0.02857217653418, 0.7579165462841, 0.7589277730452, 0, -0.817180068855, -0.8160721261136, -0, -0, -0, -5.551115123126e-17, 0.002628072361194, 0.3940878725915, 0.3912329507209, 0.3940997549984, 0, 0.3912230077932, 0.3940759901847
12.3, 0.2059215062254, 0.008686955409044, -0.1965077779047, 0.008687302987484, 8.403202385252e-05, -0.0003753108738524, 0.02651321958564, -0.001278123194085, 0, 0, 1000, 0, -1000, 7526.723492695, 3132.68352187, 7533.246030649, 3132.469634949, 22.3687107217, 29.64703110998, 27.1197913017, 27.80214489269, -243.1420275169, -2.927980072383, 242.1418280503, -3.137002050517, 5404.963728552, 3952.379165216, 5410.034767502, 3989.328286725, 3, -0.07586272484422, 2.849906121458, 0.0967869092393, -3.818322909515, -1.434184293853, 0.3009841654457, -1.360609577016, 0.3108778389223, 0, 0, 0.2167304090491, -0, -0, -0, -0, -0, 0.2167304077035, 0.003037383376972, 0, 0, 0, 0, 0, 0.00267759927082, 0.003037405107318, -0.04371990511459, 0.002677580114614, 0.04845380452569, 0.002677580114614, 69.13848574934, 69.16313772921, 69.138209807, 69.16303231718, 170.6790223978, -0.2041281907382, 0.1986381133978, 0, 1, 49.99994341395, 50, 49.9999729893, 0.000239108108251, 0, 0, 0, 0, 0, 0, 0, 0, 170.6807622775, 167.7307991881, 170.6801902321, 167.7302310342, 170.6790223978, 167.7305151045, 170.680763448, 167.7307991815, 0, 170.6801912586, 167.7302310276, -0.02068712249367, 0, -0.2246513879412, -0.02066845752894, 0.17776913645, -0.02066845752894, 0.7574946406597, 0.758826873324, -0.8169725978556, -0.81617302592, -0.02973530398318, -0.02869149313963, 0.7577931712455, 0.7588084547625, 0, -0.8173034451062, -0.8161914410418, -0, -0, -0, -0, 0.002628028916006, 0.3940899323865, 0.3912330260843, 0.3941267343003, 0, 0.3912228984159, 0.3940531304726
12.325, 0.2005228210983, -0.0847686049636, -0.2018858470022, -0.08473487065484, -0.02280606162004, -0.0007146866628696, 0.01673523958238, -0.0002807786613249, 0, 0, 1000, 0, -1000, 7526.791975845, 3134.168173415, 7533.184646122, 3130.847744442, 18.53562822786, 40.71865550512, 30.66804683103, 17.57731182072, -243.6467226138, -5.324424450999, 241.6063528739, -6.120833910637, 5404.518080639, 3932.571499989, 5410.452094787, 4008.997457089, 3, -1.5442789141, -36.29914959229, 1.524382842637, 37.28687951548, -1.433466500604, 0.3385034134174, -1.361256685099, 0.2705986331035, 0, 0, 0.216759993836, -0, -0, -0, -0, -0, 0.2167600129399, 0.003068841952706, 0, 0, 0, 0, 0, 0.005538374893875, 0.00306886391411, -0.04410774573992, 0.005538335260149, 0.04807260068405, 0.005538335260149, 69.27913368928, 69.30383914761, 69.27886328163, 69.30373322477, 171.0262438801, -0.1970832627677, 0.2056810591089, 0, 1, 49.999943803, 50, 49.99992000262, -0.0001073102389249, 0, 0, 0, 0, 0, 0, 0, 0, 171.0279792251, 168.0780243343, 171.0274166472, 168.0774491957, 171.0262438801, 168.0777367511, 171.027980369, 168.0780243204, 0, 171.0274177059, 168.0774491818, -0.02070397777533, 0, -0.2176217754491, -0.02092255247458, 0.1847966951976, -0.02092255247458, 0.7573695507749, 0.7587295016607, -0.8170976399778, -0.8162704006864, -0.02985761346645, -0.02880854311771, 0.7576707304601, 0.7586914006978, 0, -0.8174258835075, -0.8163084869332, 5.551115123126e-17, -5.551115123126e-17, -0, 5.551115123126e-17, 0.002628022584053, 0.3940900689188, 0.3912339117991, 0.3941661903896, 0, 0.3912220692795, 0.3940139474479
12.35, 0.2009757730094, -0.08844886677699, -0.2014277747235, -0.08841243382508, -0.02277012082139, -0.0006187339551097, 0.01660012541468, -5.322710827867e-05, 0, 0, 1000, 0, -1000, 7526.831699415, 3134.316618205, 7533.130196723, 3130.82607234, 19.0038058296, 40.57974051397, 30.20124414556, 17.15738402109, -243.368986257, -4.759865579654, 241.8849608425, -5.433995418367, 5404.760318773, 3931.087094005, 5410.139501628, 4009.795365573, 3, -1.489374907138, -37.22368888778, 1.457823453795, 38.64751728865, -1.433049979096, 0.3429868496003, -1.361831590122, 0.2684065833903, 0, 0, 0.2167481255763, -0, -0, -0, -0, -0, 0.2167481471849, 0.002991466241573, 0, 0, 0, 0, 0, 0.005703767820604, 0.002991487646913, -0.04413386317137, 0.005703727007761, 0.04804811264239, 0.005703727007761, 69.41978484896, 69.44454103132, 69.41951363737, 69.44443352678, 171.373465813, -0.1975008500025, 0.2052644395243, 0, 1, 49.99994020565, 50, 49.99990065653, -0.0002533560346658, 0, 0, 0, 0, 0, 0, 0, 0, 171.3752017381, 168.4252468614, 171.3746378357, 168.4246705129, 171.373465813, 168.4249586728, 171.375202885, 168.425246847, 0, 171.3746388914, 168.4246704986, -0.02072793493786, 0, -0.2180632332134, -0.02096656171537, 0.1843562176625, -0.02096656171537, 0.7572457063189, 0.7586086766605, -0.8172214792617, -0.8163912256904, -0.02998178887912, -0.02893050578027, 0.7575470639606, 0.7585694375911, 0, -0.8175495561155, -0.8164304491516, 5.551115123126e-17, -0, -0, -0, 0.002628171503246, 0.3940907525696, 0.3912334291158, 0.394169147262, 0, 0.3912226921151, 0.3940123578772
12.375, 0.1966119555386, -0.09823897682935, -0.205804737976, -0.09819427567437, -0.02494207536971, -9.962089804807e-05, -0.0003349263729372, 0.001878534223293, 0, 0, 443.7614593826, 0, -380.6500846075, 7526.799368291, 3131.382744149, 7533.13605419, 3133.720227011, 13.76939439172, 38.78868880727, 35.50840991126, 17.27861024206, -243.1474897661, -0.3114687801285, 241.9945208957, -0.4795333400956, 5406.03818897, 3969.779075585, 5408.80083676, 3973.045427266, 3, -1.341848952311, -41.87740255695, 1.327770761551, 41.86414625833, -1.43338870243, 0.2698926253663, -1.36177458192, 0.3406890154181, 0, 0, 0.2167145756455, -0, -0, -0, -0, -0, 0.2167145747957, 0.002811354314616, 0, 0, 0, 0, 0, 0.0002367033509759, 0.002811374424945, -0.04423420334703, 0.0002367016577891, 0.04795611180091, 0.0002367016577891, 69.56043626172, 69.58524226214, 69.56016384409, 69.58513476148, 171.7206879904, -0.1993051865667, 0.2034602707951, 0, 1, 49.99993980924, 50, 49.99993416369, -9.202936824574e-05, 0, 0, 0, 0, 0, 0, 0, 0, 171.7224255021, 168.7724635252, 171.721857971, 168.771897742, 171.7206879904, 168.772180633, 171.7224266615, 168.7724635246, 0, 171.721859014, 168.7718977414, -0.0207873580553, 0, -0.2199266521171, -0.02058221585125, 0.1824929879674, -0.02058221585125, 0.7571203742681, 0.7584404665776, -0.8173467622764, -0.8165594318134, -0.03010763263921, -0.02906111068673, 0.7574224150559, 0.7584388384953, 0, -0.8176742132063, -0.8165610598688, -0, -5.551115123126e-17, 5.551115123126e-17, -0, 0.002628372012134, 0.3940888202129, 0.3912308830301, 0.3940920735512, 0, 0.3912253593035, 0.3940855668746
12.4, 0.1977762725833, 0.008380399986158, -0.2046680800117, 0.008380738850971, 0.001230172755579, 0.0003213437557281, -0.02493205359321, -0.003294182506682, 0, 0, -1000, 0, 1000, 7526.776199234, 3128.810401519, 7533.127298788, 3136.404004499, 27.57002325466, 26.43342349429, 22.13454360155, 31.80737118794, -242.5914944058, 3.107850316175, 242.6703147088, 2.887176621284, 5405.668918898, 4002.663595132, 5409.177753438, 3940.96417893, 3, 0.4216549816335, 2.130838177386, -0.3796788298296, -4.986330871583, -1.433629470566, 0.2053758256165, -1.361872829066, 0.4072449859751, 0, 0, 0.2166760745993, -0, -0, -0, -0, -0, 0.2166761204567, 0.002870225394173, 0, 0, 0, 0, 0, -0.004471183732622, 0.002870245918326, -0.04419026296018, -0.004471151760693, 0.04799852744783, -0.004471151760693, 69.70108734773, 69.72594317813, 69.70081437693, 69.72583632095, 172.0679101989, -0.1994387271664, 0.2033295665042, 0, 1, 49.9999339472, 50, 50.00000389554, 0.0003731704316167, 0, 0, 0, 0, 0, 0, 0, 0, 172.0696482595, 169.1196808666, 172.0690791024, 169.1191242653, 172.0679101989, 169.1194025768, 172.0696494188, 169.1196808774, 0, 172.0690801452, 169.1191242761, -0.02085259901383, 0, -0.220125629856, -0.02024819401604, 0.1822969132507, -0.02024819401604, 0.7569972348209, 0.7582802321896, -0.8174699273834, -0.8167196742552, -0.0302306700381, -0.02918896785608, 0.7572989761375, 0.7583109805707, 0, -0.8177976673078, -0.8166889162829, -0, -0, 5.551115123126e-17, -5.551115123126e-17, 0.002628532874995, 0.3940880189454, 0.3912316188591, 0.3940265653438, 0, 0.3912246082312, 0.394149472547
12.425, 0.2030073640178, 0.08631268913121, -0.1994051513329, 0.08634761272277, 0.02032530803153, 0.0005067405049184, -0.01678107859964, -0.0002831338595145, 0, 0, -1000, 0, 1000, 7526.795655354, 3127.64246863, 7533.104059008, 3137.382741642, 30.78812504227, 17.15675267369, 18.43539342373, 40.43699057168, -242.525338253, 4.984785288683, 242.7216570465, 4.411730887278, 5404.757940109, 4016.075108295, 5410.167304132, 3929.008496835, 3, 1.481549032164, 37.42019036092, -1.497556380378, -36.41930902652, -1.433421997054, 0.1768250074508, -1.362124194524, 0.4321358386248, 0, 0, 0.2166845204077, -0, -0, -0, -0, -0, 0.2166846022482, 0.002975462536115, 0, 0, 0, 0, 0, -0.006309473252991, 0.002975483814447, -0.0437348260012, -0.00630942813254, 0.04846396128862, -0.00630942813254, 69.84174086052, 69.86664436639, 69.84146236165, 69.8665375056, 172.4151318789, -0.205448496984, 0.1973180634442, 0, 1, 49.99993623086, 50, 49.99991353259, -0.0001066487341233, 0, 0, 0, 0, 0, 0, 0, 0, 172.4168748486, 169.4669008154, 172.4162959931, 169.4663475439, 172.4151318789, 169.4666241949, 172.4168760275, 169.4669008306, 0, 172.416297011, 169.4663475592, -0.02089394871224, 0, -0.2261785079516, -0.02012706055043, 0.1762422503976, -0.02012706055043, 0.7568769133373, 0.758143249779, -0.817590175439, -0.816856662593, -0.03035327428269, -0.0293133094805, 0.7571755460882, 0.7581866371559, 0, -0.8179210918449, -0.8168132561169, -0, -0, -0, -0, 0.002628476792333, 0.394086567725, 0.3912334359435, 0.393999847993, 0, 0.3912226343401, 0.394173287457
12.45, 0.2040631864534, 0.09449797125421, -0.198360331297, 0.09453960899519, 0.02159079425374, 0.0002901457029797, -0.0156563947251, -0.001885031132054, 0, 0, -1000, 0, 1000, 7526.670038032, 3128.506869053, 7533.241014838, 3136.66245921, 32.35927663324, 16.74568578472, 16.95221290543, 40.1855452198, -242.7505863917, 3.042483953665, 242.4754914625, 2.758988970101, 5404.236555659, 4003.945741931, 5410.761869613, 3938.685740052, 3, 1.395212662456, 40.0333034885, -1.384865089423, -40.18169761027, -1.434736968541, 0.1974020354094, -1.360694602499, 0.4142911556975, 0, 0, 0.2167079817886, -0, -0, -0, -0, -0, 0.2167080339015, 0.003158432199736, 0, 0, 0, 0, 0, -0.004729209404244, 0.003158454791425, -0.0436376614797, -0.004729175577298, 0.0485600788624, -0.004729175577298, 69.98239151306, 70.00734499438, 69.98211309821, 70.00723912761, 172.762353349, -0.2046140367771, 0.1981519160865, 0, 1, 49.99993546443, 50, 49.99994387803, 9.643915345935e-05, 0, 0, 0, 0, 0, 0, 0, 0, 172.7640962669, 169.814124544, 172.7635178342, 169.8135673917, 172.762353349, 169.8138459793, 172.764097439, 169.8141245555, 0, 172.7635188588, 169.8135674032, -0.02091733620096, 0, -0.2253677786949, -0.02026824046286, 0.1770523389888, -0.02026824046286, 0.7567543285442, 0.7580344224194, -0.8177127629235, -0.8169654844, -0.03047533885232, -0.02943300300955, 0.7570522986383, 0.7580669450351, 0, -0.8180443346106, -0.8169329510542, -0, -0, -0, -0, 0.002628347223259, 0.3940890111257, 0.3912344750635, 0.3940240111241, 0, 0.3912214493915, 0.3941540111274
12.475, 0.2072225563968, 0.08779362837406, -0.1952036676328, 0.08782947176832, 0.01950734618918, -0.0003769167285236, 0.03518474932795, -0.001878634488853, 0, 0, 1000, 0, -1000, 7526.694222758, 3132.453609678, 7533.237971278, 3132.65642647, 28.40569925834, 20.87912603579, 21.01053217313, 36.48644931354, -243.2796882637, -2.811974061603, 242.0009199285, -2.962668116885, 5403.611243707, 3953.164773094, 5411.399449102, 3988.679980552, 3, 0.9651244112068, 36.74454397125, -0.9470096525781, -37.41957122165, -1.4344825792, 0.2961998633207, -1.360731309406, 0.3143945233887, 0, 0, 0.2167362207388, -0, -0, -0, -0, -0, 0.2167362183604, 0.003235354394931, 0, 0, 0, 0, 0, 0.00257368753985, 0.003235377542862, -0.04343529679407, 0.002573669126067, 0.048751580502, 0.002573669126067, 70.12304315464, 70.1480463877, 70.12276282363, 70.14794001172, 173.1095747743, -0.2061731921722, 0.1965937699907, 0, 1, 49.99993303848, 50, 49.99995266452, 0.0001411101127766, 0, 0, 0, 0, 0, 0, 0, 0, 173.1113189798, 170.1613541497, 173.1107383577, 170.1607808369, 173.1095747743, 170.1610674868, 173.1113201544, 170.1613541432, 0, 173.1107393774, 170.1607808304, -0.02089934582713, 0, -0.2269096990107, -0.02085612984453, 0.1755114243074, -0.02085612984453, 0.7566313373791, 0.7579714527114, -0.817835822012, -0.8170284445323, -0.03059916547906, -0.02954619802889, 0.7569279265839, 0.757953749004, 0, -0.8181687002326, -0.8170461450618, -0, -0, -0, -0, 0.002628226889951, 0.3940897956645, 0.3912357217545, 0.3941251693771, 0, 0.3912201782029, 0.394054421952
12.5, 0.199013904061, -0.0933819758814, -0.203408340861, -0.09334143387076, -0.02444836652227, -0.0004918620010575, 0.01567636083377, -0.001973312995507, 0, 0, 1000, 0, -1000, 7526.584307183, 3133.244903779, 7533.365899432, 3131.636321305, 17.06329566156, 40.41651931661, 32.24770469474, 17.02370258114, -243.4946318206, -3.579339754424, 241.7334366418, -3.965340698162, 5404.439090854, 3942.359051558, 5410.535200226, 4000.693059041, 3, -1.555370259478, -40.17652441888, 1.559976436747, 39.94715066654, -1.435636863501, 0.3168518542698, -1.359391692129, 0.2893075312724, 0, 0, 0.2167570013751, -0, -0, -0, -0, -0, 0.2167570072897, 0.003225567305655, 0, 0, 0, 0, 0, 0.004227302020436, 0.003225590387988, -0.04395990786783, 0.00422727176985, 0.0482287663763, 0.00422727176985, 70.26369048979, 70.28874817345, 70.26341689672, 70.28864047025, 173.4567962969, -0.1977777588587, 0.2049870529828, 0, 1, 49.99993445571, 50, 49.99994111819, 5.321470004669e-05, 0, 0, 0, 0, 0, 0, 0, 0, 173.4585349955, 170.5085778728, 173.4579656667, 170.5080001535, 173.4567962969, 170.5082890025, 173.4585361404, 170.5085778621, 0, 173.4579667236, 170.5080001428, -0.0209202771716, 0, -0.2185331370273, -0.02101643130381, 0.1838857968121, -0.02101643130381, 0.7565022294548, 0.7578607623129, -0.8179649123477, -0.8171391360184, -0.03072494168531, -0.0296682626326, 0.7568023997657, 0.7578316822463, 0, -0.8182942220665, -0.8171682075115, -0, 5.551115123126e-17, -0, -0, 0.002628171071925, 0.3940885924427, 0.391234069925, 0.3941466940437, 0, 0.3912219028347, 0.3940304908418
12.525, 0.1958731553925, -0.1071911418034, -0.2065474066798, -0.1071381093912, -0.02724079297479, -2.596880498296e-06, -0.02143613293601, 0.006531685730131, 0, 0, -326.9013504937, 0, 463.9023127337, 7526.40517676, 3130.591863305, 7533.547626149, 3134.291066448, 11.99580623838, 38.75197360942, 37.26363492552, 16.94422525865, -243.1461640197, 0.6203304156008, 241.9582020624, 0.43457074825, 5405.382348238, 3975.17420715, 5409.572734099, 3967.480369127, 3, -1.366315441045, -45.1172506913, 1.354451256422, 45.97506159716, -1.437517661154, 0.2510794026675, -1.357487456958, 0.3549022528758, 0, 0, 0.2167663038503, -0, -0, -0, -0, -0, 0.2167663067935, 0.003218178919751, 0, 0, 0, 0, 0, -0.0005575508780846, 0.003218201951189, -0.04386983594162, -0.0005575468879065, 0.04831697057157, -0.0005575468879065, 70.40434225613, 70.42944986406, 70.40406655125, 70.42934103633, 173.8040179269, -0.2003919169986, 0.2023735717357, 0, 1, 49.99993447266, 50, 49.9999144416, -8.889397584121e-05, 0, 0, 0, 0, 0, 0, 0, 0, 173.805759254, 170.8557950217, 173.8051847926, 170.8552263743, 173.8040179269, 170.8555106994, 173.8057604105, 170.8557950231, 0, 173.805185836, 170.8552263757, -0.02099067407621, 0, -0.2212180444836, -0.02068641086769, 0.181201558403, -0.02068641086769, 0.756376562299, 0.7576969643854, -0.8180905898131, -0.8173029330353, -0.03085129283044, -0.02979914943382, 0.7566761160816, 0.7577007992019, 0, -0.8184205034628, -0.8172990980696, -5.551115123126e-17, -0, -0, -0, 0.00262817870339, 0.3940889894472, 0.3912321913982, 0.3940813262619, 0, 0.3912238195898, 0.3940966526325
12.55, 0.199885594532, 0.06914245517018, -0.2025405629738, 0.06916511601303, 0.01616353476599, 0.0004991187630485, -0.01815847509261, -0.000947953002405, 0, 0, -1000, 0, 1000, 7526.480692289, 3127.99987504, 7533.475081247, 3136.790228814, 29.52434125813, 19.37985745857, 19.90657246975, 38.61228422448, -242.1350847694, 4.426989333847, 243.1284067215, 4.01588135041, 5405.651396407, 4007.756071714, 5409.307860502, 3934.868442624, 3, 1.365832726421, 29.58007864895, -1.355582639898, -30.14654279437, -1.436725915474, 0.18659240547, -1.358251470932, 0.4174588728406, 0, 0, 0.2167859420401, -0, -0, -0, -0, -0, 0.2167860039942, 0.003113996694554, 0, 0, 0, 0, 0, -0.005281962191228, 0.003114018984433, -0.04375234350056, -0.005281924383378, 0.04843030963692, -0.005281924383378, 70.54499468088, 70.57015070212, 70.54471553448, 70.57004250323, 174.1512394372, -0.2037431778479, 0.1990228083062, 0, 1, 49.99993013677, 50, 49.9999470565, 0.0001339528292066, 0, 0, 0, 0, 0, 0, 0, 0, 174.1529840481, 171.2030120497, 174.1524032901, 171.2024522072, 174.1512394372, 171.2027321414, 174.1529852194, 171.2030120626, 0, 174.1524043162, 171.2024522201, -0.02105797494751, 0, -0.2246370601741, -0.02036610333334, 0.1777830245422, -0.02036610333334, 0.7562504974247, 0.7575337788463, -0.8182166812585, -0.8174661283466, -0.03097878319715, -0.02992984487937, 0.7565492484621, 0.7575701020246, 0, -0.8185473693075, -0.8174297917833, -0, 5.551115123126e-17, -0, -0, 0.002628161169103, 0.3940890177335, 0.3912316560593, 0.3940164204936, 0, 0.3912243465729, 0.3941616149733
12.575, 0.2071359768669, 0.1125725525245, -0.1952729024443, 0.1126317461117, 0.02576084630593, -3.857308118653e-05, 0.02618811281925, 0.004528512017161, 0, 0, 621.0109621088, 0, -504.6361861648, 7526.936493995, 3130.934760013, 7533.022438347, 3133.75397111, 34.95491000144, 16.44016763994, 14.28578452451, 39.34012975515, -242.2763468381, -0.5382501594165, 242.8925236835, -0.7189607956163, 5405.09572779, 3972.337762323, 5409.870849394, 3970.152351178, 3, 1.532375022798, 48.224549241, -1.54401013629, -47.50888278889, -1.431943189851, 0.2596539699408, -1.363004553253, 0.3422885875348, 0, 0, 0.2168094704914, -0, -0, -0, -0, -0, 0.2168094711581, 0.002846803630675, 0, 0, 0, 0, 0, -0.0001583706210876, 0.002846824012419, -0.04384715421363, -0.0001583694872383, 0.04833754963555, -0.0001583694872383, 70.68564618318, 70.71085126751, 70.68536542154, 70.71074428279, 174.4984608967, -0.2042868496092, 0.1984786530008, 0, 1, 49.99993291329, 50, 49.99991725406, -5.222050819072e-05, 0, 0, 0, 0, 0, 0, 0, 0, 174.5002063237, 171.5502397685, 174.4996242545, 171.5496677394, 174.4984608967, 171.5499537543, 174.5002075004, 171.5502397689, 0, 174.4996252756, 171.5496677398, -0.02105052208145, 0, -0.2251729072746, -0.02080943270805, 0.177246648868, -0.02080943270805, 0.7561225266053, 0.7574507517294, -0.8183446362197, -0.8175491443981, -0.03110774816381, -0.03004810704477, 0.756421925868, 0.757451841013, 0, -0.8186746899557, -0.8175480551025, -0, -0, -0, -0, 0.002628139611114, 0.3940891532719, 0.3912327624737, 0.3940869765676, 0, 0.3912232256164, 0.3940913299762
12.6, 0.2060555109547, 0.01606495879881, -0.1963726402325, 0.01606615358072, 0.00178867739288, -0.0003852197198252, 0.02740786677426, -0.001302606208282, 0, 0, 1000, 0, -1000, 7527.065119286, 3132.620665107, 7532.892536437, 3132.079751513, 22.56868881058, 28.86205006681, 26.94002631581, 28.65679786287, -243.1933309046, -2.97233686821, 242.088186421, -3.175618218812, 5404.563787306, 3951.105369537, 5410.393028072, 3990.554617678, 3, -0.02911437031247, 5.953634243138, 0.04684604423496, -6.972541723856, -1.430591537978, 0.3014775510473, -1.364373028249, 0.3005089960361, 0, 0, 0.2168247268754, -0, -0, -0, -0, -0, 0.2168247270161, 0.002823532548554, 0, 0, 0, 0, 0, 0.002858776457805, 0.002823552766533, -0.04383001926114, 0.002858755987607, 0.04834815786563, 0.002858755987607, 70.82629715371, 70.85155274318, 70.82601584845, 70.8514450914, 174.8456824409, -0.2045686248518, 0.1981982283446, 0, 1, 49.99992871573, 50, 49.99995637436, 0.0001903486586355, 0, 0, 0, 0, 0, 0, 0, 0, 174.8474284784, 171.8974649858, 174.8468453949, 171.8968855897, 174.8456824409, 171.8971752805, 174.8474296562, 171.8974649786, 0, 174.8468464145, 171.8968855825, -0.02106379117026, 0, -0.2254680070597, -0.02107742839644, 0.1769529002239, -0.02107742839644, 0.7559964359999, 0.757350829761, -0.8184707745831, -0.8176490656281, -0.03123405584862, -0.03016878093527, 0.7562957190655, 0.7573311647988, 0, -0.8188008998806, -0.8176687266694, -0, -0, -0, -0, 0.002628158118338, 0.3940899796019, 0.3912338222053, 0.3941292716816, 0, 0.391222185359, 0.3940506875221
12.625, 0.2017083321088, -0.08370890564598, -0.2006957558469, -0.08367602279204, -0.02300317353692, -0.0006667163047028, 0.01675564957344, 0.0003344033213391, 0, 0, 1000, 0, -1000, 7526.953723753, 3133.758390526, 7532.999455357, 3130.880188226, 19.21718134519, 40.43261634956, 29.99613049162, 17.50328934721, -243.5868244693, -4.982474522422, 241.6715514963, -5.682747702265, 5404.207079949, 3935.733471974, 5410.717725928, 4006.239765791, 3, -1.634037008627, -35.60190960837, 1.602837083281, 37.20357928242, -1.431758543714, 0.3296850026611, -1.363256340339, 0.2709930268561, 0, 0, 0.2168302414712, -0, -0, -0, -0, -0, 0.2168302567041, 0.002974905922295, 0, 0, 0, 0, 0, 0.005109393514279, 0.002974927225271, -0.04413655805085, 0.005109356926728, 0.04804889376153, 0.005109356926728, 70.96694518527, 70.99225384377, 70.96666925535, 70.99214637528, 175.1929040983, -0.197407481454, 0.2053582948565, 0, 1, 49.99992838275, 50, 49.99988671973, -0.0002422553187861, 0, 0, 0, 0, 0, 0, 0, 0, 175.1946455181, 172.2446894626, 175.1940717379, 172.2441044901, 175.1929040983, 172.2443969633, 175.1946466665, 172.2446894496, 0, 175.194072792, 172.2441044771, -0.02109014454604, 0, -0.2183320012726, -0.02128029073708, 0.184087793312, -0.02128029073708, 0.7558688037466, 0.7572454176184, -0.8185983596709, -0.8177544800113, -0.03135872414918, -0.03028967417991, 0.7561701806331, 0.7572102683726, 0, -0.8189264408973, -0.8177896167324, -0, -0, -0, -0, 0.002628215336903, 0.3940896665229, 0.3912345311707, 0.3941598919149, 0, 0.3912215402698, 0.394019441131
12.65, 0.2010353716716, -0.08851723206288, -0.2013693660738, -0.08848076145128, -0.02326011762214, -0.0006336065868124, 0.01660392502122, -9.920056201129e-05, 0, 0, 1000, 0, -1000, 7526.817229799, 3134.130386057, 7533.118494314, 3130.628472437, 19.00735271487, 40.63813143366, 30.21740600188, 17.17684627167, -243.4129240693, -4.84531232613, 241.8385445489, -5.540571677658, 5404.33105271, 3930.745179824, 5410.552023413, 4011.037364792, 3, -1.54922307827, -37.31917199759, 1.518445937363, 38.73704664225, -1.433190015975, 0.339496616649, -1.362011493971, 0.2633954719361, 0, 0, 0.2168098085649, -0, -0, -0, -0, -0, 0.2168098310578, 0.00305093764044, 0, 0, 0, 0, 0, 0.005818549607917, 0.003050959483753, -0.04407777817165, 0.005818507950062, 0.04811189037225, 0.005818507950062, 71.10759619886, 71.13295591394, 71.10731975427, 71.13284658563, 175.5401260389, -0.1975388015735, 0.2052274053783, 0, 1, 49.99992825892, 50, 49.99988873232, -0.0002621628709195, 0, 0, 0, 0, 0, 0, 0, 0, 175.5418678254, 172.5919125557, 175.5412930326, 172.5913252394, 175.5401260389, 172.5916188826, 175.5418689731, 172.5919125408, 0, 175.5412940871, 172.5913252245, -0.02112205936845, 0, -0.2184954748486, -0.02136555281213, 0.1839247667664, -0.02136555281213, 0.7557426019323, 0.7571263641422, -0.8187245388053, -0.8178735344742, -0.03148486365533, -0.03041360582421, 0.7560435772601, 0.7570863353627, 0, -0.819053050457, -0.8179135470111, -5.551115123126e-17, -0, -0, -0, 0.002628349678416, 0.3940898559912, 0.391234284522, 0.3941698282866, 0, 0.3912218699934, 0.3940098836958
12.675, 0.1969846667444, -0.09328870213914, -0.2054330096507, -0.09324839799142, -0.02434485035396, -0.0002588160307786, 0.0152131818858, -0.001804467371909, 0, 0, 1000, 0, -1000, 7526.743207168, 3132.154418906, 7533.171622889, 3132.63007926, 15.35235254618, 39.29022943269, 33.93444208789, 17.11187752482, -243.1887937854, -1.769172268162, 241.9928217141, -1.966242950976, 5405.522555658, 3957.309453349, 5409.332715088, 3985.713797465, 3, -1.423813493008, -39.90469363796, 1.414477160529, 39.82735987143, -1.433967014584, 0.2898115076281, -1.361457298918, 0.3135849654981, 0, 0, 0.2167782538, -0, -0, -0, -0, -0, 0.2167782513146, 0.00292293785352, 0, 0, 0, 0, 0, 0.002058383210525, 0.002922958774323, -0.04419599478419, 0.002058368477841, 0.04800120287685, 0.002058368477841, 71.24824722349, 71.27365706035, 71.24797030224, 71.27354788856, 175.8873481058, -0.1981508091559, 0.2046150600368, 0, 1, 49.99992943081, 50, 49.99992653835, -7.060751505872e-05, 0, 0, 0, 0, 0, 0, 0, 0, 175.889090679, 172.9391310803, 175.8885138865, 172.9385505684, 175.8873481058, 172.9388408191, 175.8890918334, 172.9391310751, 0, 175.8885149348, 172.9385505632, -0.02117941978119, 0, -0.2191644241342, -0.02111802016177, 0.1832555010774, -0.02111802016177, 0.7556136828272, 0.7569691409414, -0.8188534125705, -0.8180307530928, -0.03161385854219, -0.03054496382953, 0.7559154635265, 0.7569549821712, 0, -0.8191811704869, -0.8180449098302, -0, 5.551115123126e-17, 5.551115123126e-17, -0, 0.002628487949872, 0.3940886220058, 0.3912319103891, 0.3941169131852, 0, 0.3912242995275, 0.3940603308265
12.7, 0.1962935229438, -0.1025291693913, -0.2061237252268, -0.1024803138322, -0.02697883207995, -0.0001029292664873, -0.008846889579934, 0.01108135870714, 0, 0, 197.1878725226, 0, 3.133672477357, 7526.637019682, 3130.907575487, 7533.25049217, 3134.173468042, 12.11399622237, 38.70608983675, 37.16860755643, 16.88824283848, -243.2983549175, -0.164157223794, 241.79682953, -0.3532212048496, 5405.185430805, 3973.891522697, 5409.672486053, 3968.566324719, 3, -1.430292254829, -43.46282495453, 1.409225227053, 44.53547225192, -1.435080816157, 0.2574965295128, -1.360634017042, 0.3516254914707, 0, 0, 0.2167308552082, -0, -0, -0, -0, -0, 0.2167308570558, 0.003037288919866, 0, 0, 0, 0, 0, -0.0003859021716952, 0.003037310649626, -0.04401951622357, -0.0003858994108443, 0.04818296409213, -0.0003858994108443, 71.38889896351, 71.41435828432, 71.38862014791, 71.4142491408, 176.2345703282, -0.2001075147415, 0.2026600454291, 0, 1, 49.99992877466, 50, 49.99989699952, -0.0002427456899615, 0, 0, 0, 0, 0, 0, 0, 0, 176.2363147188, 173.2863512517, 176.2357336396, 173.2857748649, 176.2345703282, 173.2860630593, 176.2363158791, 173.2863512527, 0, 176.2357346803, 173.2857748659, -0.02124335846229, 0, -0.2211857855525, -0.02096795684251, 0.1812358855762, -0.02096795684251, 0.7554879488326, 0.7568241574316, -0.8189791198476, -0.8181757371369, -0.03174001655324, -0.03067313557735, 0.7557885249699, 0.7568268116712, 0, -0.8193081183185, -0.8181730828259, -0, -0, -0, -0, 0.002628629317018, 0.394089185402, 0.39123258288, 0.39408388142, 0, 0.3912236216514, 0.3940944893841
12.725, 0.1956441419497, -0.1232405500535, -0.2067764898267, -0.1231700017337, -0.03168116215317, 0.0001077108385973, -0.03857220856685, -0.004405751903571, 0, 0, -1000, 0, 1000, 7526.528210243, 3129.612985041, 7533.352312371, 3135.402788359, 18.50075399107, 40.1945974991, 30.83932595503, 16.20333296903, -243.1738225011, 1.630925598082, 242.0679723224, 1.459098301005, 5404.395189159, 3989.070745864, 5410.500575205, 3955.007784999, 3, -1.656221318132, -52.55153614827, 1.649548290252, 52.92831994468, -1.436221989646, 0.2254189256472, -1.359569977183, 0.3825802905171, 0, 0, 0.2167103762454, -0, -0, -0, -0, -0, 0.2167103959574, 0.003247058514306, 0, 0, 0, 0, 0, -0.002468447295625, 0.003247081740436, -0.04411055337652, -0.002468429639005, 0.0480893894441, -0.002468429639005, 71.52954826889, 71.55505962677, 71.52927239454, 71.55495020248, 176.5817922679, -0.1954731423654, 0.2072952938235, 0, 1, 49.99992683725, 50, 49.99991544828, -9.99276277294e-05, 0, 0, 0, 0, 0, 0, 0, 0, 176.5835340893, 173.6335710909, 176.5829578686, 173.6329982961, 176.5817922679, 173.6332846997, 176.583535228, 173.633571097, 0, 176.5829589335, 173.6329983023, -0.0213040052378, 0, -0.2166116974807, -0.02083728483613, 0.1858108920392, -0.02083728483613, 0.7553607549207, 0.7566826785499, -0.8191063368777, -0.818317218755, -0.03186528037327, -0.03080029193444, 0.7556619539858, 0.7566996552563, 0, -0.8194346949425, -0.8183002391252, -0, -0, -0, -0, 0.002628629715247, 0.3940875708187, 0.391234156588, 0.3940536435668, 0, 0.3912219726088, 0.3941214980705
12.75, 0.2029223563121, 0.0870750649045, -0.1994937934241, 0.08711070197546, 0.01966695260978, 0.0004638494542148, -0.01663291981984, -0.000366288664817, 0, 0, -1000, 0, 1000, 7526.188145959, 3127.617851989, 7533.695792839, 3137.528860326, 30.95275645355, 17.11555469372, 18.32090571277, 40.3539854482, -242.5850194158, 4.608488384394, 242.6623136806, 4.099181516515, 5403.999267809, 4012.617809214, 5410.945710899, 3930.750836217, 3, 1.40653725538, 37.67010864964, -1.416359440161, -36.7198475278, -1.439790192755, 0.1750536246243, -1.35596983965, 0.4356046576882, 0, 0, 0.2166995333071, -0, -0, -0, -0, -0, 0.2166996118411, 0.003542833311786, 0, 0, 0, 0, 0, -0.005932670038728, 0.003542858651051, -0.04332296350179, -0.005932627607003, 0.04888117783905, -0.005932627607003, 71.6702034394, 71.69576047195, 71.66991871809, 71.69565180339, 176.9290140748, -0.2053261821304, 0.197441171984, 0, 1, 49.99992604684, 50, 49.99990219907, -0.0001503244075382, 0, 0, 0, 0, 0, 0, 0, 0, 176.9307636714, 173.9807896531, 176.9301717601, 173.9802234206, 176.9290140748, 173.9805065515, 176.9307648411, 173.9807896677, 0, 176.9301727846, 173.9802234353, -0.02137927325815, 0, -0.2265430616796, -0.02059855808579, 0.1758784464187, -0.02059855808579, 0.7552393392869, 0.7565299707158, -0.819227714994, -0.8184699359433, -0.03199002806281, -0.03092917718509, 0.7555351608695, 0.7565707677015, 0, -0.8195614788759, -0.8184291220716, -0, -5.551115123126e-17, -0, -0, 0.002628564470504, 0.394088276129, 0.3912349493791, 0.3940067353197, 0, 0.3912210813095, 0.3941698169383
12.775, 0.206910335657, 0.1051186985322, -0.195502546159, 0.1051702775986, 0.023319712335, -7.248301105546e-05, 0.01439972247373, 0.01296736460674, 0, 0, 237.1545127119, 0, -6.075370384663, 7526.221854189, 3130.854807545, 7533.672898867, 3134.49129159, 37.17744056428, 17.0776473348, 12.08855159983, 38.66096487486, -242.5094304494, -0.583174523992, 242.6002173871, -0.7739348781937, 5403.647601419, 3972.475339985, 5411.330178851, 3969.239811155, 3, 1.323541676199, 45.10708232169, -1.330289348615, -43.9835745145, -1.439439869563, 0.2548407487592, -1.3562106119, 0.3597924504655, 0, 0, 0.2166946672855, -0, -0, -0, -0, -0, 0.2166946685385, 0.003582311124317, 0, 0, 0, 0, 0, -0.0002344697049993, 0.003582336744786, -0.0434099933269, -0.0002344680280984, 0.04879152139117, -0.0002344680280984, 71.81085361863, 71.83646128181, 71.81056998946, 71.83635340376, 177.2762358063, -0.2024683734758, 0.2002988350313, 0, 1, 49.99992710859, 50, 49.99989921419, -0.000168151843095, 0, 0, 0, 0, 0, 0, 0, 0, 177.2779837244, 174.3280182645, 177.277395102, 174.3274387996, 177.2762358063, 174.3277285326, 177.2779848817, 174.3280182651, 0, 177.2773961412, 174.3274388002, -0.02138625797736, 0, -0.2236918917434, -0.02107993209199, 0.1787294886162, -0.02107993209199, 0.7551105728825, 0.7564510485094, -0.8193564968848, -0.8185488449071, -0.03211797984227, -0.03104728548873, 0.7554069893182, 0.7564526612063, 0, -0.8196896478834, -0.8185472321838, -5.551115123126e-17, -5.551115123126e-17, -0, -0, 0.002628476898623, 0.394089925145, 0.3912356494597, 0.3940867025067, 0, 0.3912203159592, 0.3940931477832
12.8, 0.2052718525992, -0.02388813929159, -0.1971583552617, -0.02388549153012, -0.008658607980396, -0.0004773805825995, 0.02303282992809, -0.000896062479983, 0, 0, 1000, 0, -1000, 7526.141264382, 3132.989673528, 7533.77436363, 3132.223394864, 22.18026270603, 33.45735496208, 27.3025874023, 24.35681601344, -243.3153218181, -3.684789573774, 241.9700292969, -3.963275722998, 5403.51613629, 3944.828099216, 5411.463213782, 3997.778082447, 3, -0.6561056046112, -11.01204416691, 0.6757410775075, 10.24582364329, -1.44029032888, 0.308401986663, -1.355144689776, 0.3038650491678, 0, 0, 0.2167024918804, -0, -0, -0, -0, -0, 0.2167024927646, 0.003672114585596, 0, 0, 0, 0, 0, 0.003837136860874, 0.003672140850231, -0.04334586322369, 0.003837109416121, 0.04884289568268, 0.003837109416121, 71.9515044649, 71.97716294086, 71.95122059317, 71.97705408749, 177.6234574238, -0.2021424491321, 0.20062550703, 0, 1, 49.99992611055, 50, 49.99994573111, 0.0001050408307452, 0, 0, 0, 0, 0, 0, 0, 0, 177.6252056386, 174.6752446719, 177.6246165335, 174.6746553544, 177.6234574238, 174.6749500033, 177.6252067926, 174.6752446621, 0, 177.6246175756, 174.6746553445, -0.02141063933464, 0, -0.2233905829239, -0.02143835578201, 0.179031581003, -0.02143835578201, 0.7549824381518, 0.7563580189971, -0.819484713724, -0.8186418742824, -0.03224598373396, -0.03116831985976, 0.7552784168922, 0.756331623248, 0, -0.8198182152773, -0.8186682629676, -0, 5.551115123126e-17, -0, 5.551115123126e-17, 0.002628367840469, 0.3940890367839, 0.3912359116739, 0.3941417758109, 0, 0.3912200506506, 0.3940362977569
12.825, 0.1970319243184, -0.09425915695002, -0.2053934329348, -0.09421797884607, -0.02557947336837, -0.0003128826215607, 0.01498245885961, -0.001854587587401, 0, 0, 1000, 0, -1000, 7525.895151309, 3131.813805336, 7534.038772844, 3133.248201445, 14.89144534247, 39.27803753401, 34.40989939358, 17.16956291111, -243.520639595, -1.945425937871, 241.6628542217, -2.148294714201, 5403.936686064, 3958.166680949, 5411.038707926, 3985.414377852, 3, -1.507475464516, -40.4945014349, 1.512132696827, 40.45696284003, -1.442878598597, 0.2794129209945, -1.352367758939, 0.3300450213399, 0, 0, 0.216712681913, -0, -0, -0, -0, -0, 0.2167126768356, 0.003815887937061, 0, 0, 0, 0, 0, 0.001974564220184, 0.003815915232595, -0.04351251595179, 0.001974550095975, 0.04868055408287, 0.001974550095975, 72.09215367626, 72.11786446819, 72.09187282859, 72.11775493761, 177.9706790174, -0.1983876729065, 0.204377626818, 0, 1, 49.99993019556, 50, 49.99993207747, 1.665945524092e-05, 0, 0, 0, 0, 0, 0, 0, 0, 177.972425381, 175.0224649685, 177.9718401191, 175.0218782951, 177.9706790174, 175.0221716267, 177.9724265203, 175.0224649634, 0, 177.9718411791, 175.0218782901, -0.02148204837891, 0, -0.219706550678, -0.02134216313127, 0.1827129246577, -0.02134216313127, 0.7548523666632, 0.7562162775127, -0.8196147463709, -0.8187836141573, -0.03237408461749, -0.03129724954207, 0.7551494827966, 0.7562026953577, 0, -0.8199471400996, -0.8187971944418, -0, -0, -5.551115123126e-17, -0, 0.002628277811904, 0.3940880664405, 0.3912350730631, 0.3941152055808, 0, 0.3912208972229, 0.3940609273002
12.85, 0.1963771772862, -0.06977613410513, -0.206042651492, -0.06975373410271, -0.01924547006083, 0.00017997852527, -0.03338460699533, 0.0002062253336253, 0, 0, -1000, 0, 1000, 7525.548017143, 3128.925632267, 7534.398045384, 3136.112923655, 21.31096592154, 34.19155461032, 27.99146052086, 22.20012025057, -242.9718528173, 2.101523839953, 242.3142653577, 1.922629833306, 5404.018067006, 3992.359782614, 5410.958664566, 3950.981342607, 3, -0.8454469557285, -29.52550705774, 0.8380725301666, 30.10484805051, -1.446528053931, 0.207248718361, -1.348594185931, 0.4017862497596, 0, 0, 0.2167226616416, -0, -0, -0, -0, -0, 0.216722691282, 0.004076189155918, 0, 0, 0, 0, 0, -0.002998579565337, 0.004076218316106, -0.043387987042, -0.002998558114286, 0.04879599905761, -0.002998558114286, 72.23280449107, 72.25856577505, 72.23252344305, 72.25845593737, 178.3179006082, -0.197642698656, 0.2051240270146, 0, 1, 49.99992880136, 50, 49.9999155278, -6.236000499819e-05, 0, 0, 0, 0, 0, 0, 0, 0, 178.3196477362, 175.3696818883, 178.3190610777, 175.3691044334, 178.3179006082, 175.3693931684, 178.3196488689, 175.3696818959, 0, 178.319062144, 175.369104441, -0.02158431219398, 0, -0.2190642978274, -0.02100681081991, 0.1833566221533, -0.02100681081991, 0.7547243770393, 0.7560497049983, -0.8197427947596, -0.8189501913001, -0.03250129721238, -0.03142961865435, 0.7550206427432, 0.756070327338, 0, -0.8200759768771, -0.8189295646467, 5.551115123126e-17, -0, 5.551115123126e-17, -0, 0.002628214720319, 0.3940883051125, 0.3912349115945, 0.3940470915269, 0, 0.3912210560012, 0.3941295186981
12.875, 0.2003138747156, 0.08521255414618, -0.2020965913045, 0.08524702159977, 0.01943511790987, 0.0004686785022806, -0.01646152654624, 0.0002182000883007, 0, 0, -1000, 0, 1000, 7525.491331153, 3127.815979139, 7534.462492156, 3137.225247264, 29.93638729504, 17.08106774711, 19.27998407924, 40.01705264158, -242.2896309236, 4.319203626758, 242.977337744, 3.861235887249, 5404.11506378, 4005.650726282, 5410.863574492, 3937.131275803, 3, 1.554336381559, 37.52273956519, -1.575968267434, -36.01845630765, -1.447130486469, 0.1800399841132, -1.347913353399, 0.4290381034299, 0, 0, 0.216733842418, -0, -0, -0, -0, -0, 0.2167339052355, 0.004089938590085, 0, 0, 0, 0, 0, -0.004965412514926, 0.004089967851652, -0.04295961212206, -0.004965376989993, 0.04922495853493, -0.004965376989993, 72.3734585059, 72.39926746015, 72.37317085335, 72.39915655872, 178.6651221856, -0.204844548499, 0.1979214184807, 0, 1, 49.99992839098, 50, 49.99989170138, -0.0001939427230648, 0, 0, 0, 0, 0, 0, 0, 0, 178.6668753374, 175.7169022225, 178.666276791, 175.7163273598, 178.6651221856, 175.7166148036, 178.6668764962, 175.716902235, 0, 178.6662778239, 175.7163273723, -0.02165595051182, 0, -0.2263394493613, -0.02091251288619, 0.1760806914244, -0.02091251288619, 0.7545968410581, 0.7559063371532, -0.8198703186309, -0.819093563851, -0.0326315670208, -0.03155946075246, 0.7548901814053, 0.7559404838352, 0, -0.8202064300063, -0.8190594053402, -0, -0, -0, -0, 0.002628173904824, 0.3940888610679, 0.391234720578, 0.3940206146035, 0, 0.3912212429182, 0.3941571075322
12.9, 0.2067313322187, 0.1043492809238, -0.1956761946809, 0.1044005079884, 0.02326190399972, 0.0001040755432597, 0.008320632460483, 0.009536154046966, 0, 0, -27.79377862607, 0, 207.3895527943, 7525.908781739, 3130.22581412, 7534.046326343, 3134.930457473, 37.27405702005, 16.70535249697, 11.98727139823, 38.81823984739, -241.891931148, 0.4642529862473, 243.2119457956, 0.2735367297562, 5404.730086516, 3978.542897412, 5410.234011568, 3962.960415845, 3, 1.491353720767, 45.03522768529, -1.503581132825, -44.0961656484, -1.442758971598, 0.2394095781403, -1.352274415039, 0.371855083697, 0, 0, 0.2167371973123, -0, -0, -0, -0, -0, 0.2167372049139, 0.003687435496098, 0, 0, 0, 0, 0, -0.001129218764144, 0.003687461878763, -0.04332555367765, -0.001129210684928, 0.04886170180958, -0.001129210684928, 72.51410916187, 72.53996799944, 72.51382163736, 72.53985843512, 179.0123438429, -0.2028218341743, 0.1999437939251, 0, 1, 49.99993247036, 50, 49.99990923839, -0.0001225056296233, 0, 0, 0, 0, 0, 0, 0, 0, 179.0140961796, 176.0641292543, 179.0134993052, 176.0635442275, 179.0123438429, 176.0638367438, 179.0140973379, 176.0641292572, 0, 179.0135003422, 176.0635442304, -0.02167199053098, 0, -0.2243313749914, -0.02128226510167, 0.1780884115624, -0.02128226510167, 0.7544619886689, 0.7558087405413, -0.8200051524441, -0.8191911511117, -0.03276654849843, -0.0316834383822, 0.754757826882, 0.7558165071385, 0, -0.8203387845118, -0.8191833839028, -5.551115123126e-17, -0, -0, -0, 0.002628183157489, 0.3940901360656, 0.391233493552, 0.3940746156657, 0, 0.3912224991502, 0.3941056564656
12.925, 0.2067584251368, 0.08728222832288, -0.1956606413003, 0.08731793634455, 0.01886476514048, -0.0002643265356604, 0.0351662618813, -0.001717397813922, 0, 0, 1000, 0, -1000, 7526.178279098, 3132.135283553, 7533.777487075, 3132.909057008, 28.78879220143, 20.78986807212, 20.64053640358, 36.33529018695, -242.5967267419, -2.420984868356, 242.6733467397, -2.58678364161, 5404.538148977, 3955.558264912, 5410.399794971, 3986.759014576, 3, 1.136888688391, 36.8010340023, -1.131019596794, -37.30456247044, -1.439937276078, 0.2875245520458, -1.355092059537, 0.3215893852746, 0, 0, 0.2167418398352, -0, -0, -0, -0, -0, 0.2167418359233, 0.003499850603696, 0, 0, 0, 0, 0, 0.002261030877566, 0.003499875645312, -0.04327181960047, 0.002261014699887, 0.04891063632294, 0.002261014699887, 72.65476137143, 72.68066963509, 72.65447090169, 72.68055911921, 179.3595655132, -0.2059844899831, 0.1967819714718, 0, 1, 49.99992872859, 50, 49.99994087026, 6.853043135526e-05, 0, 0, 0, 0, 0, 0, 0, 0, 179.3613205593, 176.4113552186, 179.3607183349, 176.4107611976, 179.3595655132, 176.4110582022, 179.3613217326, 176.4113552127, 0, 179.3607193543, 176.4107611917, -0.02170004347, 0, -0.2275223066196, -0.02160945831715, 0.1748983238502, -0.02160945831715, 0.7543310681473, 0.7557080283785, -0.8201361057107, -0.8192918608285, -0.03289894853337, -0.03180746783631, 0.7546265396741, 0.7556924755408, 0, -0.8204700716829, -0.8193074112135, 5.551115123126e-17, -5.551115123126e-17, 5.551115123126e-17, -5.551115123126e-17, 0.002628207280478, 0.394089325112, 0.3912338761748, 0.3941204015559, 0, 0.3912221686194, 0.3940582486681
12.95, 0.1972670492951, -0.09662770654658, -0.2051545494398, -0.09658446060527, -0.02557861877893, -0.0002528908807988, 0.01134393437776, -0.005663272047349, 0, 0, 838.8721989591, 0, -888.4081001889, 7526.298596619, 3131.80549077, 7533.654350355, 3133.073580833, 14.72461586257, 39.3502977899, 34.52775778666, 17.07110544465, -243.2684085525, -1.634282754655, 241.9068450237, -1.826009608953, 5404.743954966, 3960.041456221, 5410.169037024, 3983.793646726, 3, -1.409963994449, -41.64738463487, 1.409209383208, 41.06885581922, -1.438678943402, 0.2799801567384, -1.356382822677, 0.3259875452343, 0, 0, 0.2167422372501, -0, -0, -0, -0, -0, 0.2167422332283, 0.003394393207454, 0, 0, 0, 0, 0, 0.001721254672845, 0.003394417494606, -0.04380044281663, 0.00172124235722, 0.04838782644441, 0.00172124235722, 72.79540918377, 72.82137165992, 72.79512460113, 72.8212596017, 179.7067872352, -0.198785120142, 0.2039792584551, 0, 1, 49.99993463279, 50, 49.99994789642, 6.843984117335e-05, 0, 0, 0, 0, 0, 0, 0, 0, 179.7085378092, 176.7585771594, 179.7079445366, 176.7579827437, 179.7067872352, 176.7582799471, 179.7085389595, 176.758577155, 0, 179.7079455864, 176.7579827392, -0.02175120337663, 0, -0.2203720456164, -0.02162382013219, 0.1820464798349, -0.02162382013219, 0.7541966403806, 0.7555750084042, -0.8202704965087, -0.8194248801382, -0.03303054363407, -0.03193677479467, 0.7544957213195, 0.7555631687658, 0, -0.8206008929514, -0.8194367183552, -0, -0, -0, -5.551115123126e-17, 0.002628248399762, 0.3940878134647, 0.3912334634601, 0.3941114710249, 0, 0.3912226313275, 0.3940641559044
12.975, 0.197859345039, -0.09777932024253, -0.2045614500538, -0.09773487952914, -0.0263403116884, -0.0002068305755156, 0.0002042703674463, 0.0008873421337826, 0, 0, 459.780568926, 0, -412.186537887, 7526.253443623, 3131.225064789, 7533.682859404, 3133.860958965, 14.10741622301, 39.03481699706, 35.19145268224, 17.11672379893, -243.4459463756, -1.021305144035, 241.7090396658, -1.200480706371, 5404.615980068, 3968.021232356, 5410.288783901, 3974.701711898, 3, -1.480575682372, -42.06004655737, 1.474613663582, 42.07386297565, -1.439155989881, 0.2643241084401, -1.356083391239, 0.3455699913066, 0, 0, 0.2167237543298, -0, -0, -0, -0, -0, 0.2167237523338, 0.003438781537329, 0, 0, 0, 0, 0, 0.000484115627769, 0.003438806137886, -0.04373822137605, 0.000484112164499, 0.0484542275362, 0.000484112164499, 72.93606054205, 72.96207252997, 72.93577476005, 72.96196110093, 180.054009152, -0.1994720702729, 0.2032933208489, 0, 1, 49.99993287649, 50, 49.99993089909, -2.548180613083e-05, 0, 0, 0, 0, 0, 0, 0, 0, 180.0557608903, 177.1057984446, 180.0551650308, 177.1052053039, 180.054009152, 177.105501873, 180.0557620429, 177.1057984434, 0, 180.0551660777, 177.1052053027, -0.0218120517792, 0, -0.2211200981695, -0.02157743448077, 0.1812994532108, -0.02157743448077, 0.7540668035241, 0.7554371911843, -0.8204003101484, -0.8195626971843, -0.03316050348745, -0.03206608279548, 0.7543654597783, 0.7554338613326, 0, -0.8207311597956, -0.8195660269236, -0, -0, -0, -5.551115123126e-17, 0.002628344893264, 0.3940889213562, 0.3912337187147, 0.3940955752203, 0, 0.3912223924049, 0.3940822674921
13, 0.1967735264427, -0.06659741026914, -0.205646561255, -0.06657686845124, -0.01823846787866, 0.0001477762444147, -0.03316427913585, -9.653492423472e-05, 0, 0, -1000, 0, 1000, 7525.982850676, 3129.019305675, 7533.943896384, 3136.015331389, 21.5061692149, 33.93237337957, 27.84612067455, 22.57498457605, -243.1617911104, 1.995024029238, 242.1150196516, 1.815321686097, 5404.001920478, 3993.655551501, 5410.910790053, 3949.887089723, 3, -0.834401971712, -28.51989084334, 0.8270728086649, 28.69596424346, -1.441998010421, 0.2094871237415, -1.35334463456, 0.3994357644644, 0, 0, 0.216716467887, -0, -0, -0, -0, -0, 0.216716498499, 0.003736108070776, 0, 0, 0, 0, 0, -0.003171777742314, 0.003736134796568, -0.04363205899698, -0.003171755053546, 0.04855652588701, -0.003171755053546, 73.07671095508, 73.10277390122, 73.07642586135, 73.10266213443, 180.4012309649, -0.1976860428981, 0.2050813500947, 0, 1, 49.99993148534, 50, 49.99992612624, -3.992559505561e-05, 0, 0, 0, 0, 0, 0, 0, 0, 180.4029824218, 177.4530166728, 180.4023870193, 177.452430274, 180.4012309649, 177.4527234815, 180.4029835627, 177.453016681, 0, 180.4023880783, 177.4524302821, -0.02189697860134, 0, -0.2194193911118, -0.02133217741454, 0.1830021885022, -0.02133217741454, 0.7539382360067, 0.7552805310413, -0.8205289098938, -0.8197193622089, -0.03328789995609, -0.032197599826, 0.7542361683215, 0.7553023443858, 0, -0.8208604569613, -0.8196975440378, -0, -0, -0, -0, 0.002628388447409, 0.3940881043352, 0.3912349424933, 0.3940445102498, 0, 0.3912211527579, 0.3941316984206
13.025, 0.1964765129221, -0.03460714297009, -0.2059591827944, -0.03460170775748, -0.009485713473339, 0.0002234301998653, -0.0293709401441, -0.001459008298233, 0, 0, -1000, 0, 1000, 7525.884368952, 3129.205608965, 7534.035741301, 3135.917423011, 26.70887247604, 30.59609406567, 22.83545723205, 26.60066146389, -242.6836684751, 2.247211470061, 242.5962846587, 2.062060191306, 5404.213974278, 3990.815095102, 5410.720184764, 3952.050146063, 3, -0.225188143607, -15.28384030475, 0.2507163968982, 13.89826772471, -1.443035171846, 0.2146736519933, -1.352380166313, 0.3958933876726, 0, 0, 0.216713319359, -0, -0, -0, -0, -0, 0.2167133452262, 0.00378125191733, 0, 0, 0, 0, 0, -0.002809187198948, 0.003781278965267, -0.04362888158005, -0.002809167104494, 0.0485584186566, -0.002809167104494, 73.21736177561, 73.2434758052, 73.21707653084, 73.24336250321, 180.7484527239, -0.1971144104623, 0.2056535433327, 0, 1, 49.99993168743, 50, 49.99996821839, 0.0002260056390582, 0, 0, 0, 0, 0, 0, 0, 0, 180.7502043368, 177.8002394392, 180.7496085785, 177.7996510592, 180.7484527239, 177.7999452564, 180.750205475, 177.8002394464, 0, 180.7496096406, 177.7996510664, -0.02194227287413, 0, -0.2188930631318, -0.02140424688795, 0.1835290871877, -0.02140424688795, 0.7538073005847, 0.7551549538489, -0.8206598575175, -0.8198449381422, -0.03341860300675, -0.03232567028441, 0.754105210892, 0.7551742738181, 0, -0.820991417821, -0.8198256143869, -5.551115123126e-17, 5.551115123126e-17, -0, 5.551115123126e-17, 0.002628403351028, 0.3940887791666, 0.391234520092, 0.3940501686596, 0, 0.3912215324386, 0.3941273896736
13.05, 0.2017911734934, 0.08335943790828, -0.2006166165078, 0.08339242855626, 0.01938606801496, 0.0006581534002576, -0.01704219967464, 0.0006050175225419, 0, 0, -1000, 0, 1000, 7525.915279302, 3127.12658527, 7534.008976026, 3137.98764298, 30.24881444744, 17.45123760295, 18.9554036268, 40.57578490397, -242.0832075163, 6.07479144548, 243.1757684354, 5.270838099195, 5405.198816458, 4017.831086661, 5409.754882331, 3924.549690149, 3, 1.567765186951, 36.93797014627, -1.594148590656, -35.14269506578, -1.442714974765, 0.1628346557698, -1.352659842002, 0.4475835442376, 0, 0, 0.2167248750467, -0, -0, -0, -0, -0, 0.2167249728399, 0.003595671132625, 0, 0, 0, 0, 0, -0.006759841317389, 0.003595696855814, -0.04329730296892, -0.006759792958241, 0.04889718708372, -0.006759792958241, 73.3580163148, 73.38417675231, 73.35772344961, 73.38406390709, 181.0956743219, -0.2056023632124, 0.1971640068489, 0, 1, 49.99993230982, 50, 49.99988827542, -0.000237068045332, 0, 0, 0, 0, 0, 0, 0, 0, 181.0974328427, 178.1474577194, 181.0968234333, 178.1468762474, 181.0956743219, 178.1471670005, 181.0974340164, 178.1474577365, 0, 181.0968244529, 178.1468762645, -0.02200721729627, 0, -0.2274472668628, -0.0211529480777, 0.174973253545, -0.0211529480777, 0.7536768554251, 0.7549923973363, -0.8207902438498, -0.8200075062888, -0.03355242197807, -0.03246105957462, 0.7539724999661, 0.7550388812764, 0, -0.8211241190845, -0.8199610004256, -0, -0, -0, -0, 0.002628363894286, 0.3940892594317, 0.3912325599731, 0.3939963496749, 0, 0.3912234533839, 0.3941821691886
13.075, 0.2067312670121, 0.1065042092745, -0.1956773554111, 0.1065572085166, 0.02388227040288, -1.764554101562e-05, 0.01983297587607, 0.01230678682735, 0, 0, 446.1124654132, 0, -222.4381708828, 7526.387175683, 3130.880920436, 7533.536907694, 3134.361873452, 37.17015241712, 17.00689740811, 12.09544595931, 38.69100550421, -242.1068189327, -0.467109623728, 242.9990168354, -0.6572078945116, 5404.998529277, 3973.482382904, 5409.949664993, 3967.655389887, 3, 1.4823024477, 45.76327542454, -1.496329788971, -44.67386559695, -1.437767620248, 0.2556517262957, -1.357611990358, 0.3572481935138, 0, 0, 0.2167247181458, -0, -0, -0, -0, -0, 0.2167247203278, 0.003272496326743, 0, 0, 0, 0, 0, -0.0004222658515832, 0.003272519737928, -0.04366220759375, -0.0004222628307476, 0.04853312307569, -0.0004222628307476, 73.4986663703, 73.52487729363, 73.49837486944, 73.52476575418, 181.4428960479, -0.2024624745547, 0.2003039941624, 0, 1, 49.99993390539, 50, 49.99990607283, -0.000161484857074, 0, 0, 0, 0, 0, 0, 0, 0, 181.4446526088, 178.4946872121, 181.4440471126, 178.4940906111, 181.4428960479, 178.4943889127, 181.4446537759, 178.4946872132, 0, 181.4440481428, 178.4940906122, -0.02200058467091, 0, -0.2242993439221, -0.02170331299417, 0.1781212724092, -0.02170331299417, 0.753541388063, 0.7549141473304, -0.8209257077478, -0.8200857397179, -0.03368747442397, -0.03258289179553, 0.7538395246299, 0.7549170516858, 0, -0.8212570967302, -0.8200828352769, -0, -5.551115123126e-17, -0, -0, 0.002628371694431, 0.3940905002156, 0.3912329570606, 0.3940846964377, 0, 0.3912230674843, 0.3940963039935
13.1, 0.2072890945636, 0.1144245311186, -0.1951224785845, 0.1144856790345, 0.02606548463299, -0.0002907448332807, 0.03778865659202, -0.003232521952901, 0, 0, 1000, 0, -1000, 7526.548352872, 3132.264271819, 7533.379451386, 3132.793166062, 30.16249572453, 17.58768530885, 19.14727709535, 39.17639225715, -242.8053266309, -2.458840391469, 242.4519485382, -2.604821871856, 5404.098702404, 3955.531214238, 5410.824258639, 3987.215320755, 3, 1.483572611007, 48.85202375387, -1.493585076996, -48.40858147459, -1.436077943118, 0.2913477468115, -1.359265507413, 0.3180614498927, 0, 0, 0.2167273285284, -0, -0, -0, -0, -0, 0.2167273254132, 0.003267539315304, 0, 0, 0, 0, 0, 0.002296058391639, 0.003267562691589, -0.04337347999353, 0.002296041965538, 0.04881674569182, 0.002296041965538, 73.6393191063, 73.66557920338, 73.63902365324, 73.66546623473, 181.7901177763, -0.2069926529466, 0.1957746262826, 0, 1, 49.99993402998, 50, 49.99992134553, -8.773016058419e-05, 0, 0, 0, 0, 0, 0, 0, 0, 181.7918779217, 178.8419121788, 181.791265298, 178.841308622, 181.7901177763, 178.8416103943, 181.7918791047, 178.8419121727, 0, 181.7912663078, 178.8413086159, -0.02202541522571, 0, -0.2288554753872, -0.0219563558617, 0.1735659663501, -0.0219563558617, 0.7534116442592, 0.7548068782654, -0.8210554841513, -0.8201930073546, -0.03381907998683, -0.03270885706175, 0.7537078105854, 0.7547910844836, 0, -0.8213888083337, -0.8202087986071, -0, -0, -0, -0, 0.002628378818129, 0.3940888975571, 0.3912347510413, 0.3941204554321, 0, 0.3912213236213, 0.3940573396821
13.125, 0.2047251007514, -0.01315399824212, -0.1977002669973, -0.01315323001934, -0.004463127460277, -0.0003511189781794, 0.0244816056356, -0.001110638107394, 0, 0, 1000, 0, -1000, 7526.753813481, 3133.303476836, 7533.16286525, 3131.920416007, 22.95375123476, 31.90700761199, 26.53287983082, 25.56576967585, -242.7836064205, -3.045904480535, 242.4976669288, -3.278755300724, 5405.099933877, 3944.929902307, 5409.793956135, 3997.30699991, 3, -0.29349175631, -5.996962410558, 0.3034013651946, 5.148082321524, -1.433922821689, 0.3176571781902, -1.361540335917, 0.2949771353493, 0, 0, 0.2167041392155, -0, -0, -0, -0, -0, 0.2167041435882, 0.002970789058432, 0, 0, 0, 0, 0, 0.003795621445854, 0.00297081030719, -0.04385258526625, 0.003795594297623, 0.04833676572741, 0.003795594297623, 73.77996833661, 73.80628121855, 73.77967599249, 73.80616658744, 182.1373397778, -0.2025735406804, 0.2001944843073, 0, 1, 49.99993324468, 50, 49.99995193889, 7.496727948215e-05, 0, 0, 0, 0, 0, 0, 0, 0, 182.1390969893, 179.1891364383, 182.1384899141, 179.1885283749, 182.1373397778, 179.1888323965, 182.1390981624, 179.1891364282, 0, 182.1384909393, 179.1885283648, -0.02203993779936, 0, -0.2244490601501, -0.02212029890229, 0.1779731676012, -0.02212029890229, 0.7532750733471, 0.7546875128198, -0.821192069163, -0.820312373258, -0.03395440008331, -0.03283853691317, 0.7535745097028, 0.7546614026698, 0, -0.8215221176627, -0.8203384764961, -0, -0, -0, -0, 0.002628466978431, 0.3940894046112, 0.3912327540666, 0.3941415730349, 0, 0.3912233787946, 0.3940372361874
13.15, 0.1970193942624, -0.09147108034944, -0.2054028179539, -0.09143227479603, -0.02363770838457, -0.0002943493469306, 0.01550579815716, -0.002087879091719, 0, 0, 1000, 0, -1000, 7526.979836226, 3132.681874606, 7532.932669145, 3132.330661244, 15.74822292109, 39.50068662033, 33.53377893587, 17.19509425213, -243.0696240334, -2.216202331616, 242.1271338244, -2.437307702619, 5406.309794229, 3954.975627627, 5408.586523789, 3989.690413161, 3, -1.325477862021, -39.37201843408, 1.326529703129, 38.82974771636, -1.431550588405, 0.3026992055184, -1.363959179478, 0.3059473692873, 0, 0, 0.2166954715397, -0, -0, -0, -0, -0, 0.2166954711246, 0.002633791198436, 0, 0, 0, 0, 0, 0.002515683199817, 0.002633810035289, -0.0444430973282, 0.002515665207801, 0.04775558555795, 0.002515665207801, 73.92061704558, 73.94698249595, 73.9203288682, 73.94686787572, 182.4845616426, -0.1977884662127, 0.2049771646017, 0, 1, 49.99993893724, 50, 49.99995084462, 4.64033575052e-05, 0, 0, 0, 0, 0, 0, 0, 0, 182.4863157068, 179.5363575252, 182.4857148123, 179.5357507632, 182.4845616426, 179.5360541375, 182.4863168705, 179.5363575185, 0, 182.4857158522, 179.5357507565, -0.02207289189259, 0, -0.2196946797071, -0.02207295323358, 0.1827251324679, -0.02207295323358, 0.7531374515633, 0.7545450464657, -0.8213296280014, -0.8204548381762, -0.03409025942729, -0.03297219888967, 0.7534409183096, 0.7545277419131, 0, -0.8216557100625, -0.8204721396925, -0, -5.551115123126e-17, -0, -0, 0.002628487666077, 0.3940869856353, 0.3912303408801, 0.3941215621149, 0, 0.3912257873653, 0.3940524091557
13.175, 0.1959758700766, -0.1087975191183, -0.2064508110868, -0.1087424583979, -0.02786552339021, 0.0001794127298391, -0.03741195866651, -0.003439207773317, 0, 0, -1000, 0, 1000, 7526.955793775, 3129.522937867, 7532.951708586, 3135.596299899, 19.64777410802, 38.83048709704, 29.77120358489, 18.05193474191, -242.9165767946, 2.042041348527, 242.342721414, 1.875367468738, 5405.781258443, 3994.245653561, 5409.151573436, 3949.702620462, 3, -1.349098608828, -46.78017267556, 1.356519665855, 46.42134847619, -1.431798977513, 0.2233670981912, -1.363766308028, 0.3873155490145, 0, 0, 0.216689755255, -0, -0, -0, -0, -0, 0.2166897821431, 0.002734428658852, 0, 0, 0, 0, 0, -0.003227908749043, 0.002734448214431, -0.04449459409447, -0.003227885664444, 0.04769981918244, -0.003227885664444, 74.06126720948, 74.08768351233, 74.06098022699, 74.08756924144, 182.8317834582, -0.1957587611279, 0.2070090548149, 0, 1, 49.99993620829, 50, 49.99994674428, 7.226066385787e-05, 0, 0, 0, 0, 0, 0, 0, 0, 182.8335369917, 179.8835736121, 182.832937071, 179.8829781646, 182.8317834582, 179.8832758967, 182.8335381464, 179.8835736205, 0, 182.8329381208, 179.882978173, -0.02215069649901, 0, -0.2177425740796, -0.02166135240941, 0.1846794485658, -0.02166135240941, 0.7530057046081, 0.7543683330314, -0.8214614084674, -0.82063155691, -0.03422100093863, -0.03310941013038, 0.7533095238421, 0.7543905323409, 0, -0.821787108775, -0.8206093526017, -0, 5.551115123126e-17, 5.551115123126e-17, -0, 0.002628478894719, 0.3940877002969, 0.391231393467, 0.3940433347261, 0, 0.3912246620859, 0.3941320658676
13.2, 0.1966292537284, -0.105543803875, -0.2057919403087, -0.1054917224501, -0.02765296119855, 6.353792479863e-05, -0.03717580891002, -0.002495898610897, 0, 0, -1000, 0, 1000, 7526.825675726, 3129.528863755, 7533.089190678, 3135.668850554, 19.37215839943, 38.31879928154, 29.95233586842, 17.9679787786, -243.4716725741, 1.510372095696, 241.7897702722, 1.333233518138, 5404.288191964, 3992.146709107, 5410.676955585, 3950.547594475, 3, -1.502976881287, -45.32301555308, 1.499482746262, 45.72932283039, -1.433159691513, 0.2226766553993, -1.362331379193, 0.3895495369042, 0, 0, 0.2167003806948, -0, -0, -0, -0, -0, 0.2167004062543, 0.003054117346601, 0, 0, 0, 0, 0, -0.003014571232454, 0.003054139190612, -0.04421571061665, -0.003014549671438, 0.04797736476234, -0.003014549671438, 74.20191833908, 74.22838437084, 74.20163058238, 74.22827075271, 183.1790050935, -0.196072477111, 0.20669512005, 0, 1, 49.99993857385, 50, 49.99993026688, -2.848884024639e-05, 0, 0, 0, 0, 0, 0, 0, 0, 183.1807595055, 180.2307958989, 183.1801579723, 180.2301994905, 183.1790050935, 180.2304977025, 183.1807606548, 180.2307959067, 0, 183.1801590262, 180.2301994983, -0.02219335677478, 0, -0.2180999983941, -0.02169630803585, 0.1843217937895, -0.02169630803585, 0.752877247068, 0.7542414260155, -0.8215898718298, -0.8207584632428, -0.03434922371918, -0.03323778409116, 0.7531791643105, 0.7542621583581, 0, -0.8219174647149, -0.8207377265404, -0, -0, 5.551115123126e-17, -0, 0.002628409919969, 0.3940889493514, 0.3912343691763, 0.3940475159703, 0, 0.3912216218948, 0.3941303827324
13.225, 0.1960206379756, -0.1202994563913, -0.206399445649, -0.1202318278625, -0.03156564843788, -4.36123568823e-05, -0.03839946396322, -0.004096408380359, 0, 0, -1000, 0, 1000, 7526.359232683, 3129.782806469, 7533.562115361, 3135.497764882, 18.04650926009, 40.03314035626, 31.26721978051, 16.00444305815, -243.819168321, 0.8534313666289, 241.422166138, 0.6780091157439, 5403.151930232, 3985.624753923, 5411.804930116, 3956.155831422, 3, -1.837298616918, -51.66322399169, 1.831321976394, 52.09226892806, -1.438051281019, 0.2283923232599, -1.357374692455, 0.38550355589, 0, 0, 0.2167023306928, -0, -0, -0, -0, -0, 0.2167023477418, 0.003578150123615, 0, 0, 0, 0, 0, -0.002135530211675, 0.003578175716135, -0.04385386482833, -0.002135514937521, 0.04833806986553, -0.002135514937521, 74.34256916459, 74.36908549207, 74.34228126511, 74.36897203326, 183.5262268367, -0.1954752364742, 0.2072920621712, 0, 1, 49.99994020501, 50, 49.99992869938, -7.442332568152e-05, 0, 0, 0, 0, 0, 0, 0, 0, 183.527981466, 180.5780188508, 183.5273795247, 180.5774202853, 183.5262268367, 180.5777195736, 183.527982603, 180.5780188564, 0, 183.5273805896, 180.5774202909, -0.02224009567563, 0, -0.2175508581039, -0.02177478066565, 0.184870636992, -0.02177478066565, 0.7527497099833, 0.7541203005522, -0.8217174134805, -0.8208795868019, -0.03447585512757, -0.03336495470051, 0.7530491581853, 0.7541349878825, 0, -0.8220474673796, -0.8208648972836, -5.551115123126e-17, -0, -0, -0, 0.002628385768115, 0.394089859701, 0.3912366345442, 0.3940605081846, 0, 0.3912193728643, 0.3941192112174
13.25, 0.196588965281, -0.0668847498278, -0.2058398777169, -0.06686394987885, -0.01856930329183, 6.1250332226e-05, -0.03320112758963, -0.001064710002483, 0, 0, -1000, 0, 1000, 7525.721463296, 3129.152212101, 7534.197655718, 3136.181648819, 21.9592088509, 34.198926082, 27.49074469627, 22.5688958478, -243.6114052566, 1.629222296954, 241.6664507192, 1.451609209817, 5402.743319405, 3990.488946949, 5412.167610332, 3951.613352935, 3, -1.012018968204, -29.27812873369, 1.0219663176, 28.47948829087, -1.444745290387, 0.2121828107788, -1.350706908701, 0.4028257523569, 0, 0, 0.2166841631715, -0, -0, -0, -0, -0, 0.2166841904619, 0.004115927916166, 0, 0, 0, 0, 0, -0.00281720532481, 0.004115957350176, -0.04337298351299, -0.002817185178423, 0.04881751996452, -0.002817185178423, 74.4832209754, 74.50978662468, 74.4829310427, 74.50967329936, 183.8734488237, -0.197097474958, 0.2056701838535, 0, 1, 49.99993927529, 50, 49.99995611145, 5.720522371907e-05, 0, 0, 0, 0, 0, 0, 0, 0, 183.8752052488, 180.9252402449, 183.8745994698, 180.9246426406, 183.8734488237, 180.9249414501, 183.8752063821, 180.9252402522, 0, 183.8746005355, 180.924642648, -0.02230529085686, 0, -0.2192401342024, -0.02173981178524, 0.1831817552642, -0.02173981178524, 0.7526218977304, 0.7539857788047, -0.821845234944, -0.8210141097243, -0.0346035166949, -0.03349478841073, 0.7529180629046, 0.7540051539499, 0, -0.822178561959, -0.8209947307714, -0, -0, -5.551115123126e-17, -0, 0.002628444235955, 0.3940895390656, 0.3912374510092, 0.3940508183544, 0, 0.3912186476184, 0.3941282597767
13.275, 0.1972167086108, -0.003131098927037, -0.2052157836926, -0.003131071272395, -0.002009703250838, 0.0002473756962961, -0.02578461741105, -0.001516792630168, 0, 0, -1000, 0, 1000, 7525.340429308, 3128.955735155, 7534.568248624, 3136.415350499, 27.61469894466, 27.02468145693, 21.9036640689, 30.19086977153, -242.7627485926, 2.566193645748, 242.510708902, 2.364753860239, 5403.417488167, 3991.96011868, 5411.470566918, 3951.005540449, 3, 0.1855092451251, -1.647939305198, -0.1675179529697, 0.4680904827151, -1.448750017389, 0.20797403166, -1.34681449203, 0.4077862516329, 0, 0, 0.2166586290267, -0, -0, -0, -0, -0, 0.2166586591593, 0.00429873031545, 0, 0, 0, 0, 0, -0.002967863478015, 0.00429876104948, -0.04313840197256, -0.002967842259243, 0.04905313918832, -0.002967842259243, 74.62387291345, 74.65048864986, 74.62358073005, 74.65037360268, 184.2206709051, -0.1990410510816, 0.2037270856101, 0, 1, 49.99993969502, 50, 49.99996702988, 0.0001243104459308, 0, 0, 0, 0, 0, 0, 0, 0, 184.2224291889, 181.2724625299, 184.2218193454, 181.2718641406, 184.2206709051, 181.272163343, 184.2224303263, 181.2724625377, 0, 184.2218204045, 181.2718641483, -0.02236110348856, 0, -0.2212404423523, -0.02176837078311, 0.181181961363, -0.02176837078311, 0.7524895620054, 0.7538531233255, -0.8219775659691, -0.8211467651145, -0.03473633800256, -0.03362640764657, 0.7527841243285, 0.7538735344605, 0, -0.8223125030224, -0.8211263497536, 5.551115123126e-17, -0, -0, -0, 0.002628522524696, 0.3940886790937, 0.3912361092532, 0.3940478876812, 0, 0.3912200347765, 0.3941294705062
13.3, 0.1962556190498, 0.01472387755417, -0.206174683337, 0.0147250330082, 0.003097971487581, 0.0004534561771537, -0.02367644851063, -0.0008637087271661, 0, 0, -1000, 0, 1000, 7525.538603787, 3128.799647038, 7534.361946344, 3136.670888973, 27.69039710945, 25.13540975158, 21.79779717253, 32.54922883156, -241.9885962343, 3.760494219826, 243.2860670641, 3.500591679328, 5405.453697242, 3997.192988243, 5409.44922348, 3945.684115044, 3, 0.6798883018441, 6.709649945416, -0.6683313249834, -7.372910960626, -1.446679600162, 0.2046395594747, -1.348973088244, 0.4130953943928, 0, 0, 0.2166405962794, -0, -0, -0, -0, -0, 0.2166406358142, 0.003848238230163, 0, 0, 0, 0, 0, -0.0037327036415, 0.003848265738793, -0.04345006400276, -0.003732676958935, 0.04874201408053, -0.003732676958935, 74.76452433297, 74.7911904762, 74.76423092188, 74.79107419112, 184.5678928942, -0.1999855139018, 0.2027831172678, 0, 1, 49.99993970323, 50, 49.99995550706, 7.239615680109e-05, 0, 0, 0, 0, 0, 0, 0, 0, 184.5696522398, 181.6196846927, 184.5690400288, 181.6190859601, 184.5678928942, 181.6193853361, 184.5696533905, 181.6196847025, 0, 184.5690410755, 181.6190859698, -0.02240163884496, 0, -0.2222242833555, -0.02178085978729, 0.1801986411333, -0.02178085978729, 0.7523497766159, 0.7537118610625, -0.822117350566, -0.8212880284764, -0.03487697631495, -0.03376240980968, 0.7526464639673, 0.7537375316175, 0, -0.822450166687, -0.8212623512368, -0, -0, -0, -0, 0.002628551258983, 0.3940887669891, 0.3912320514529, 0.3940374633307, 0, 0.3912240631686, 0.3941400706476
13.325, 0.203913566806, 0.09784433363204, -0.1985049096181, 0.0978896380621, 0.02249370908116, 0.0004174091841239, -0.01461838645703, -0.001638309135989, 0, 0, -990.1016043807, 0, 1000, 7526.17546297, 3129.126630735, 7533.729120074, 3136.220830887, 33.91654051905, 16.85959603625, 15.38795848223, 39.87644040487, -241.4241911621, 2.929664038429, 243.7656056766, 2.659463679283, 5406.460055608, 3997.497200986, 5408.481151735, 3946.409655715, 3, 1.730646853342, 42.05788050294, -1.727562766532, -42.20818987487, -1.440003940485, 0.2127146966391, -1.355609153527, 0.4027779167218, 0, 0, 0.2166435708894, -0, -0, -0, -0, -0, 0.2166436066403, 0.003209886045939, 0, 0, 0, 0, 0, -0.003702171188549, 0.003209908992022, -0.04366114953288, -0.003702144723514, 0.04854046462333, -0.003702144723514, 74.90517737704, 74.93189096087, 74.90487944825, 74.93177613069, 184.9151146652, -0.204137745189, 0.1986285108838, 0, 1, 49.99994581734, 50, 49.99995007804, 2.365912858859e-05, 0, 0, 0, 0, 0, 0, 0, 0, 184.9168776311, 181.9669076777, 184.916258227, 181.9663066083, 184.9151146652, 181.9666071527, 184.9168788091, 181.9669076874, 0, 184.9162592452, 181.966306618, -0.02243300344404, 0, -0.2264071101838, -0.02186586734765, 0.1760133980238, -0.02186586734765, 0.7522100115077, 0.7535769166959, -0.8222570432594, -0.8214229718984, -0.03501933153305, -0.03389756377547, 0.7525081385881, 0.7536023772339, 0, -0.8225884848867, -0.8213975047848, -0, -0, -5.551115123126e-17, -0, 0.00262849333007, 0.3940877413519, 0.3912300456599, 0.3940368573428, 0, 0.391225992766, 0.3941386253611
13.35, 0.2070759453339, 0.1066245600167, -0.1953363335586, 0.106677699281, 0.02399601038141, 6.26323427757e-05, 0.01529137528865, 0.01116670585348, 0, 0, 259.1817318236, 0, -53.30728436197, 7526.788441781, 3130.88763557, 7533.119009319, 3134.689852575, 37.26636613974, 16.74088860325, 12.00877310159, 38.80523940671, -241.8576864642, 0.04258733628145, 243.2466399469, -0.1523704289883, 5405.517791364, 3978.300765452, 5409.447559369, 3963.536822492, 3, 1.550082746414, 45.83401159472, -1.55887281082, -44.76829187496, -1.433573904984, 0.2555949250131, -1.362011960882, 0.3643474673185, 0, 0, 0.216641143638, -0, -0, -0, -0, -0, 0.2166411495513, 0.002885110743926, 0, 0, 0, 0, 0, -0.001069901558765, 0.002885131367869, -0.04392300366602, -0.001069893910728, 0.04827649821949, -0.001069893910728, 75.0458279685, 75.07259185631, 75.04553039324, 75.07247759216, 185.2623364801, -0.2027196070432, 0.2000473735497, 0, 1, 49.99994586188, 50, 49.99992020841, -0.0001377830681907, 0, 0, 0, 0, 0, 0, 0, 0, 185.2640989108, 182.314133379, 185.2634805393, 182.3135249785, 185.2623364801, 182.3138291816, 185.2641000886, 182.3141333818, 0, 185.2634815601, 182.3135249813, -0.02245310755599, 0, -0.2250080786546, -0.02213256152542, 0.1774131659747, -0.02213256152542, 0.752072246766, 0.7534653308935, -0.8223948235325, -0.8215345518728, -0.0351572994427, -0.03402725158378, 0.7523721633064, 0.7534726895248, 0, -0.8227244611108, -0.8215271926923, 5.551115123126e-17, -0, -5.551115123126e-17, -0, 0.002628455536277, 0.3940898031306, 0.3912319213131, 0.3940750980081, 0, 0.3912240691747, 0.394104508253
13.375, 0.2077019157194, 0.1250873498845, -0.1947120053212, 0.1251600431981, 0.02801009665855, -0.0002797113108176, 0.03840869638159, -0.004363768794971, 0, 0, 1000, 0, -1000, 7526.867376213, 3132.015518545, 7533.055455865, 3133.38721228, 31.6491417213, 16.42488913946, 17.65610272841, 40.27525462947, -242.9100958873, -2.236478333151, 242.3293939458, -2.381191936136, 5403.908059331, 3962.547132844, 5411.052245698, 3980.269079023, 3, 1.50305949322, 53.03116553722, -1.508464438401, -52.60636980834, -1.432743637049, 0.2840415269859, -1.362683440855, 0.3326957884295, 0, 0, 0.2166547592845, -0, -0, -0, -0, -0, 0.2166547561113, 0.003053660493387, 0, 0, 0, 0, 0, 0.001284259760936, 0.003053682324936, -0.04355489037405, 0.001284250579437, 0.04863802707518, 0.001284250579437, 75.18648044117, 75.21329305975, 75.1861794659, 75.2131788319, 185.6095581528, -0.2064404518333, 0.196326663167, 0, 1, 49.99994449143, 50, 49.99993389665, -6.161477377646e-05, 0, 0, 0, 0, 0, 0, 0, 0, 185.6113237781, 182.6613578737, 185.6106992095, 182.660743508, 185.6095581528, 182.6610506874, 185.6113249655, 182.6613578703, 0, 185.6107002161, 182.6607435045, -0.02248630528911, 0, -0.2287635289595, -0.02234956384725, 0.1736578532298, -0.02234956384725, 0.7519413964641, 0.7533534215239, -0.8225257119675, -0.8216464590479, -0.0352894092705, -0.03415535202635, 0.7522388018017, 0.7533445878639, 0, -0.8228578154596, -0.8216552919166, -0, -0, -5.551115123126e-17, -0, 0.00262838155958, 0.3940888283752, 0.3912351298686, 0.3941064797161, 0, 0.3912208705018, 0.3940711770344
13.4, 0.2069483689432, 0.1092594246378, -0.1954749634202, 0.1093151942642, 0.02524764111651, -0.0003248789342103, 0.03747185043015, -0.003698293334278, 0, 0, 1000, 0, -1000, 7526.7163035, 3132.765769921, 7533.208311663, 3132.72869401, 29.98997626119, 18.38698914954, 19.45481476924, 38.93914282544, -242.96588093, -2.620920670371, 242.2920649557, -2.76761222963, 5403.750619254, 3951.948420299, 5411.186522118, 3990.298931194, 3, 1.366184808522, 46.16211878706, -1.353557224624, -46.8580473765, -1.434326583134, 0.3036270963323, -1.361084323763, 0.3149201463117, 0, 0, 0.2166478925803, -0, -0, -0, -0, -0, 0.2166478909862, 0.003189828591493, 0, 0, 0, 0, 0, 0.00277915401638, 0.003189851395103, -0.04343413527292, 0.002779134148764, 0.04875705411039, 0.002779134148764, 75.32713156185, 75.35399528438, 75.3268299275, 75.35387885961, 185.9567800547, -0.2067291131973, 0.1960382390497, 0, 1, 49.99994564191, 50, 49.99996241693, 8.576847293659e-05, 0, 0, 0, 0, 0, 0, 0, 0, 185.9585462307, 183.0085817709, 185.9579204678, 183.0079634728, 185.9567800547, 183.0082726144, 185.9585474165, 183.0085817634, 0, 185.957921475, 183.0079634653, -0.02251497569049, 0, -0.2290813241378, -0.02249261828841, 0.1733403126937, -0.02249261828841, 0.7518083316569, 0.7532334880659, -0.8226587878013, -0.8217663924242, -0.03542242798047, -0.03428556750003, 0.7521049126752, 0.7532143708922, 0, -0.8229917037953, -0.8217855058923, -0, -0, -0, -0, 0.002628396387302, 0.3940893946046, 0.3912354441201, 0.3941275923246, 0, 0.3912206023282, 0.3940511968847
13.425, 0.206575106919, 0.1199362188538, -0.1958361787707, 0.1200038814834, 0.0287132527993, -0.0001235833793032, 0.03846743792503, -0.003959013316558, 0, 0, 1000, 0, -1000, 7526.818821516, 3132.502449138, 7533.102352745, 3133.023493515, 31.01145352963, 16.26011678358, 18.31041552364, 40.04595866599, -242.2805499765, -1.388762323617, 242.9633658657, -1.560989409283, 5405.592207685, 3957.557919615, 5409.318348428, 3985.021891624, 3, 1.718237668362, 51.7826620581, -1.728610253327, -51.3155475288, -1.433249938045, 0.2979295499526, -1.362199566977, 0.3212945057576, 0, 0, 0.2166340073504, -0, -0, -0, -0, -0, 0.2166340049885, 0.002839936394356, 0, 0, 0, 0, 0, 0.001990237060552, 0.002839956694036, -0.04370103280696, 0.001990222834569, 0.04849125932315, 0.001990222834569, 75.46778272576, 75.4946970491, 75.46748038858, 75.49457947743, 186.3040020459, -0.2071936731428, 0.195573686751, 0, 1, 49.99994735545, 50, 49.999933139, -0.000110197093465, 0, 0, 0, 0, 0, 0, 0, 0, 186.3057687489, 183.3558035297, 186.3051417438, 183.3551856411, 186.3040020459, 183.35549458, 186.3057699445, 183.3558035243, 0, 186.3051427427, 183.3551856357, -0.02253819292512, 0, -0.2295681067887, -0.02247771932233, 0.1728535554311, -0.02247771932233, 0.7516696617085, 0.7530917523349, -0.8227974507299, -0.8219081274133, -0.03556161635537, -0.03442187659272, 0.751968062373, 0.7530780623312, 0, -0.8231285550201, -0.8219218155166, -0, -0, 5.551115123126e-17, 5.551115123126e-17, 0.002628441782714, 0.3940890636953, 0.3912317742325, 0.3941164182491, 0, 0.3912243253286, 0.3940617091415
13.45, 0.2050196629807, 0.01098828670492, -0.1974050021718, 0.01098889292385, 0.002039212920394, -0.0001863831438583, 0.02712823519976, -0.001022767521809, 0, 0, 1000, 0, -1000, 7527.40393121, 3133.311077645, 7532.507676674, 3132.275469185, 24.3480975292, 28.89044570357, 25.11908879913, 28.08008027607, -242.2143084631, -2.082361017434, 243.0720201138, -2.27521025279, 5407.242690842, 3952.490300312, 5407.654178139, 3990.529853806, 3, 0.2383653448336, 4.539068878259, -0.2297326410968, -5.31748980338, -1.427107957901, 0.3184655043418, -1.368444493213, 0.3020205872522, 0, 0, 0.2166119622957, -0, -0, -0, -0, -0, 0.2166119645984, 0.002158547630473, 0, 0, 0, 0, 0, 0.00275661979876, 0.002158563056492, -0.04442625207759, 0.002756600098772, 0.04776529696067, 0.002756600098772, 75.60843220582, 75.63539858625, 75.60813257318, 75.63528046757, 186.6512241309, -0.2035753638661, 0.1991926825254, 0, 1, 49.99994757936, 50, 49.99996464065, 6.472390293816e-05, 0, 0, 0, 0, 0, 0, 0, 0, 186.6529882884, 183.703027133, 186.6523660714, 183.7024059787, 186.6512241309, 183.7027165484, 186.6529894847, 183.7030271255, 0, 186.652367076, 183.7024059713, -0.02253823916864, 0, -0.2259470945773, -0.02259652015478, 0.1764752919805, -0.02259652015478, 0.7515264017719, 0.7529610997048, -0.8229407232482, -0.8220387796315, -0.03570439760733, -0.03455780025445, 0.7518297519256, 0.7529421375908, 0, -0.82326687328, -0.8220577380997, -0, -5.551115123126e-17, -0, -0, 0.00262850623604, 0.3940886248884, 0.39122848261, 0.3941265128898, 0, 0.3912276445716, 0.394050736887
13.475, 0.2000470090665, -0.08772330520334, -0.2023689389522, -0.08768733676753, -0.02262937268673, -0.0004685289517131, 0.0162821412998, -0.0009058698993894, 0, 0, 1000, 0, -1000, 7527.981515396, 3134.30696737, 7531.924911498, 3131.218204513, 17.96632334774, 40.35286676655, 31.33063846422, 17.14819406972, -242.9374290447, -3.884995625613, 242.3012201781, -4.337674880035, 5407.004531631, 3943.038957522, 5407.90553538, 4001.128149813, 3, -1.347524642841, -37.53507871062, 1.337428585624, 37.98522454013, -1.42104058114, 0.3432910500239, -1.374568686089, 0.2761040549669, 0, 0, 0.2166000574425, -0, -0, -0, -0, -0, 0.2166000718096, 0.001766140645161, 0, 0, 0, 0, 0, 0.004209560906085, 0.001766153265463, -0.0450616110654, 0.004209530826059, 0.04713858939888, 0.004209530826059, 75.74908054939, 75.77609967816, 75.74878588028, 75.77598185181, 186.9984461196, -0.1976171475092, 0.2051493346458, 0, 1, 49.99994982438, 50, 49.99993733929, -8.886204655584e-05, 0, 0, 0, 0, 0, 0, 0, 0, 187.0002060751, 184.0502511914, 186.9995920978, 184.0496257339, 186.9984461196, 184.0499384511, 187.0002072565, 184.0502511799, 0, 186.9995931226, 184.0496257224, -0.02254161596151, 0, -0.2199898207318, -0.0227530628251, 0.1824309879023, -0.0227530628251, 0.7513857509593, 0.7528379447849, -0.8230813178677, -0.8221619352764, -0.03584323789295, -0.03469094891897, 0.7516934399511, 0.7528089868609, 0, -0.8234031881119, -0.8221908846988, -0, -0, 5.551115123126e-17, -0, 0.002628521181925, 0.3940874818972, 0.3912289536427, 0.3941453396583, 0, 0.3912271474042, 0.3940296241361
13.5, 0.196226390955, -0.110659431816, -0.2061931982471, -0.1106023159819, -0.02756732045428, -2.195604942758e-05, -0.02425805602427, 0.005271250276008, 0, 0, -423.6999715711, 0, 548.649865535, 7527.957605672, 3131.285129503, 7531.951734188, 3134.226323169, 14.05388463414, 39.24332964956, 35.22570154428, 16.5365067758, -243.2355699303, 0.5046627265038, 241.925022153, 0.3230321796793, 5406.057088969, 3979.456435098, 5408.895888426, 3964.575163276, 3, -1.467557834607, -47.01181186276, 1.459115293346, 47.76058097793, -1.421278775776, 0.2683301941757, -1.374302480208, 0.3508349885534, 0, 0, 0.2166060436244, -0, -0, -0, -0, -0, 0.2166060481455, 0.001922056386197, 0, 0, 0, 0, 0, -0.001078404049947, 0.001922070121384, -0.04490201372905, -0.001078396343629, 0.04729594627791, -0.001078396343629, 75.889731656, 75.91680142787, 75.88943636146, 75.91668262297, 187.3456679055, -0.198687423874, 0.2040795694173, 0, 1, 49.9999534606, 50, 49.99993693998, -7.141065786363e-05, 0, 0, 0, 0, 0, 0, 0, 0, 187.3474292318, 184.3974676052, 187.3468125937, 184.3968530502, 187.3456679055, 184.3971603306, 187.3474304151, 184.3974676081, 0, 187.3468136156, 184.3968530531, -0.02260063987353, 0, -0.2211197269507, -0.02235645072021, 0.1813015918008, -0.02235645072021, 0.7512532994187, 0.7526617551358, -0.8232137834881, -0.8223381252454, -0.03597568794734, -0.03483076770892, 0.7515599001065, 0.7526691722027, 0, -0.8235367265831, -0.8223307076206, -0, -5.551115123126e-17, -0, -0, 0.002628464597673, 0.3940876178601, 0.3912308418336, 0.3940727958762, 0, 0.3912251737046, 0.394102439844
13.525, 0.1983466294915, 0.007435792836831, -0.2040866620031, 0.007436052326196, 0.001845046714401, 0.0002973446211367, -0.02490817749182, -0.00107746545978, 0, 0, -1000, 0, 1000, 7527.802192454, 3129.490824743, 7532.123067862, 3135.9675866, 27.84054496851, 25.90956576944, 21.64124351066, 31.39286322051, -242.7452390907, 3.022839218188, 242.5378121333, 2.807690475472, 5405.667112608, 3999.667392897, 5409.33606059, 3943.375839335, 3, 0.32917651508, 2.800620814948, -0.3067909162509, -3.599464661349, -1.422895994089, 0.2240610825184, -1.372520578354, 0.3940652188567, 0, 0, 0.21663779503, -0, -0, -0, -0, -0, 0.2166378302633, 0.002103280028029, 0, 0, 0, 0, 0, -0.004079291077814, 0.002103295062663, -0.04470656525505, -0.004079261918486, 0.04748292399797, -0.004079261918486, 76.03038299816, 76.05750254667, 76.03008652426, 76.05738387045, 187.6928894096, -0.199672038174, 0.2030953757632, 0, 1, 49.99995207797, 50, 49.9999778359, 0.0002102809388705, 0, 0, 0, 0, 0, 0, 0, 0, 187.6946520364, 184.7446859807, 187.69403323, 184.7440777139, 187.6928894096, 184.7443818581, 187.69465322, 184.7446859915, 0, 187.6940342502, 184.7440777247, -0.02263787986622, 0, -0.2221423023136, -0.02212769584327, 0.180279418853, -0.02212769584327, 0.7511211271207, 0.7525044804356, -0.8233460087778, -0.8224954060995, -0.03610800350177, -0.03496740508462, 0.7514263938293, 0.7525325341912, 0, -0.8236702278732, -0.8224673443604, -0, -0, -0, -0, 0.002628333096019, 0.3940886013595, 0.3912316197223, 0.3940325340752, 0, 0.3912242958119, 0.3941446686438
13.55, 0.2034382337316, 0.09247096348614, -0.1989846844615, 0.09251098886358, 0.02263140809553, 0.0003744299126776, -0.0156002062619, -0.001831050048225, 0, 0, -1000, 0, 1000, 7527.801375668, 3129.176741165, 7532.149620812, 3136.057038082, 32.44141333869, 16.96405475447, 16.8979437629, 40.24703772227, -242.4154100063, 3.519172481009, 242.8135755595, 3.193294745461, 5405.817745421, 4002.102009266, 5409.206650929, 3940.694668215, 3, 1.514189398733, 39.55098407523, -1.50415984319, -39.73558626614, -1.422892542295, 0.217102451711, -1.372256086557, 0.3966499729963, 0, 0, 0.2166880387133, -0, -0, -0, -0, -0, 0.2166880793059, 0.002079619789103, 0, 0, 0, 0, 0, -0.004450017868809, 0.002079634661506, -0.04443277402464, -0.004449986044718, 0.04775880395583, -0.004449986044718, 76.17103596053, 76.1982035721, 76.17073501842, 76.19808519411, 188.0401107248, -0.2045576410201, 0.1982074329431, 0, 1, 49.99995537579, 50, 49.99996572462, 0.0001316133740589, 0, 0, 0, 0, 0, 0, 0, 0, 188.0418773337, 185.0919072141, 188.0412512525, 185.0912995134, 188.0401107248, 185.0916033755, 188.041878536, 185.0919072259, 0, 188.0412522507, 185.0912995252, -0.02264646646831, 0, -0.2270375236294, -0.02210710286298, 0.1753817699314, -0.02210710286298, 0.750988051625, 0.752367108175, -0.8234790543726, -0.8226327793371, -0.03624303137688, -0.03510222792101, 0.7512914484901, 0.7523977110848, 0, -0.8238051575103, -0.8226021669268, -0, -0, -0, 5.551115123126e-17, 0.002628179304729, 0.3940888467422, 0.3912313211114, 0.3940276840521, 0, 0.3912245520343, 0.3941500094323
13.575, 0.2072059361064, 0.1158050040454, -0.1952136601498, 0.1158672827003, 0.02704448739436, -0.000233193062575, 0.03766896874645, -0.003938775218263, 0, 0, 1000, 0, -1000, 7528.022731353, 3132.36782931, 7531.946097184, 3132.723372179, 30.62253016655, 17.35450472894, 18.74829406598, 39.37654523838, -242.8679149168, -1.847799761766, 242.389339083, -2.007060633366, 5405.560252104, 3962.09751778, 5409.440021945, 3980.107035327, 3, 1.410251370936, 48.94721954619, -1.404386731299, -49.18572471194, -1.420558315755, 0.2966139649761, -1.37440530434, 0.3142760683791, 0, 0, 0.2167286203534, -0, -0, -0, -0, -0, 0.2167286191827, 0.001947407707157, 0, 0, 0, 0, 0, 0.001305099258177, 0.001947421639262, -0.04438333717094, 0.001305089921329, 0.0477991500501, 0.001305089921329, 76.31168763602, 76.33890409372, 76.31138482405, 76.33878706734, 188.3873321543, -0.2063535898518, 0.1964123432832, 0, 1, 49.99995579755, 50, 49.99996564638, 0.0001143277157065, 0, 0, 0, 0, 0, 0, 0, 0, 188.3891000851, 185.4391350662, 188.3884719136, 185.4385147231, 188.3873321543, 185.4388248911, 188.3891012953, 185.4391350626, 0, 188.3884729026, 185.4385147196, -0.02261347405211, 0, -0.2288006493253, -0.02256700903246, 0.1736194735131, -0.02256700903246, 0.7508527356521, 0.7522792961509, -0.8236144269448, -0.8227205820909, -0.03637947655744, -0.03522961958429, 0.7511557953117, 0.752270319128, 0, -0.8239408052135, -0.8227295582966, -0, -0, -0, -0, 0.002628111855794, 0.3940894375939, 0.3912318343077, 0.3941073753603, 0, 0.3912240869223, 0.3940714998274
13.6, 0.2064811074564, 0.0670841802316, -0.1959348267867, 0.06710507110166, 0.01546238060642, -0.0003338459617933, 0.0331551981427, -0.0002776185002695, 0, 0, 1000, 0, -1000, 7527.960447652, 3133.062704577, 7532.008974271, 3132.017667191, 27.76190933254, 22.89245619471, 21.60824956259, 34.07578549467, -243.0457994887, -2.634809932403, 242.2367623048, -2.806749092603, 5405.025006498, 3951.827724586, 5409.916970421, 3989.651637967, 3, 0.7397678706507, 28.37182691362, -0.7437340082651, -28.3957360633, -1.421199929348, 0.3144541201127, -1.37375925494, 0.296035606182, 0, 0, 0.216745441374, -0, -0, -0, -0, -0, 0.2167454439384, 0.002071147221999, 0, 0, 0, 0, 0, 0.002740992988528, 0.002071162041659, -0.04434840981097, 0.002740973376066, 0.04783238597719, 0.002740973376066, 76.45233796615, 76.47960590059, 76.45203605242, 76.47948763594, 188.73455386, -0.2050265175031, 0.1977397576343, 0, 1, 49.99995619186, 50, 49.99995729632, 2.973580006299e-05, 0, 0, 0, 0, 0, 0, 0, 0, 188.7363211045, 185.7863584554, 188.7356945323, 185.7857348987, 188.73455386, 185.7860466696, 188.7363223068, 185.7863584479, 0, 188.7356955295, 185.7857348913, -0.02261994270394, 0, -0.2274801551318, -0.02268391472219, 0.1749402895563, -0.02268391472219, 0.7507181270648, 0.7521567508508, -0.8237490482407, -0.8228431275156, -0.03651353026952, -0.0353620412141, 0.7510209490854, 0.7521378961669, 0, -0.824075652632, -0.822861978595, -5.551115123126e-17, -0, -0, -0, 0.002628168126652, 0.3940901595465, 0.3912329007184, 0.394127832767, 0, 0.3912231366366, 0.394052486326
13.625, 0.1975179719048, -0.09963801666772, -0.2049007735188, -0.09959178246036, -0.02525845832448, -0.0001915392327669, -0.0002109089704063, -0.00530881263872, 0, 0, 401.1769481554, 0, -440.2774902895, 7527.729826354, 3131.822842288, 7532.229186371, 3133.040937359, 14.05176557299, 39.15049604355, 35.2046363491, 17.07605385321, -243.5068263378, -0.8235778285082, 241.6491907683, -0.9943043350662, 5405.485338983, 3966.193085779, 5409.399105516, 3977.132793735, 3, -1.515507495671, -42.99040707713, 1.510513248759, 42.36503554089, -1.423609082221, 0.2839381897364, -1.371461184856, 0.322258010264, 0, 0, 0.2167492314884, -0, -0, -0, -0, -0, 0.2167492299458, 0.002186341327586, 0, 0, 0, 0, 0, 0.0007927699741664, 0.00218635697204, -0.04464508495399, 0.0007927643015092, 0.04754345682498, 0.0007927643015092, 76.59298627002, 76.620307532, 76.59268940105, 76.62018864467, 189.0817757349, -0.1993781220173, 0.2033863510216, 0, 1, 49.99996179265, 50, 49.99997558628, 7.518301177093e-05, 0, 0, 0, 0, 0, 0, 0, 0, 189.0835392757, 186.1335783765, 189.0829201657, 186.132958678, 189.0817757349, 186.1332685251, 189.0835404561, 186.1335783744, 0, 189.0829211888, 186.1329586759, -0.02265208369767, 0, -0.221862734762, -0.0225435612211, 0.1805558727584, -0.0225435612211, 0.7505807321908, 0.7520057034724, -0.8238863948666, -0.8229941747653, -0.03664828940961, -0.03549968838889, 0.7508855793858, 0.7520002505792, 0, -0.8242110271781, -0.822999627357, -0, -0, -5.551115123126e-17, -0, 0.002628281117321, 0.3940883207994, 0.3912319821484, 0.3940992169229, 0, 0.3912241698817, 0.394077424676
13.65, 0.2008748444225, 0.08624450674475, -0.2015318593432, 0.08627939972755, 0.02054451626353, 0.000451568212435, -0.01655415045223, 5.015253951417e-05, 0, 0, -1000, 0, 1000, 7527.326700774, 3128.237297634, 7532.605726032, 3136.67121956, 29.92012217146, 17.14811860291, 19.3445176136, 40.1080316912, -242.5498636032, 4.433122678802, 242.7051218449, 3.955376597949, 5405.249204507, 4009.342590666, 5409.625416888, 3934.165300867, 3, 1.447065986754, 37.6378361124, -1.477311945263, -36.26638714729, -1.427829175024, 0.1941036190269, -1.367521945192, 0.4127173554312, 0, 0, 0.2167366921936, -0, -0, -0, -0, -0, 0.2167367527013, 0.002502478077991, 0, 0, 0, 0, 0, -0.005447887466699, 0.002502495982503, -0.04412460043339, -0.005447848488886, 0.04806668912291, -0.005447848488886, 76.73363951846, 76.76100857373, 76.73333781846, 76.76089016782, 189.4289977868, -0.2047611750322, 0.1980057182104, 0, 1, 49.99995681703, 50, 49.9999212798, -0.0002021726979519, 0, 0, 0, 0, 0, 0, 0, 0, 189.4307657861, 186.4807936471, 189.4301375796, 186.4801869885, 189.4289977868, 186.4804903322, 189.4307669814, 186.4807936615, 0, 189.4301385826, 186.4801870029, -0.02272602705113, 0, -0.2273217471873, -0.02206919123441, 0.1750992897751, -0.02206919123441, 0.7504492632776, 0.7518208284051, -0.8240178525508, -0.8231790618781, -0.03678122263006, -0.03564164569883, 0.7507505567316, 0.7518582923232, 0, -0.8243460572719, -0.8231415837208, -0, -0, 5.551115123126e-17, -0, 0.002628430964402, 0.3940881377688, 0.3912324552889, 0.3940132599905, 0, 0.3912237160815, 0.3941630155472
13.675, 0.2069220365935, 0.1167542205528, -0.1954872019676, 0.1168178172605, 0.02722654192919, -0.0001297518229115, 0.03756537046218, -0.002684337646465, 0, 0, 1000, 0, -989.5217565539, 7527.536850045, 3131.726265058, 7532.381710306, 3133.117129397, 33.45154283359, 16.36090278569, 15.8260628464, 39.70516503409, -242.5925806532, -1.102182756424, 242.603951816, -1.27844777391, 5404.85782634, 3966.287181263, 5410.042452155, 3977.546532447, 3, 1.490747746235, 49.99234693682, -1.5065383976, -49.35457028963, -1.425617209909, 0.2810110316042, -1.369881564796, 0.3243986082519, 0, 0, 0.2167431822195, -0, -0, -0, -0, -0, 0.2167431804219, 0.002393803926362, 0, 0, 0, 0, 0, 0.0008159336226018, 0.002393821054368, -0.04411739276812, 0.0008159277845233, 0.0480784145146, 0.0008159277845233, 76.87429098995, 76.9017095471, 76.87398799111, 76.90159181138, 189.7762196285, -0.2051598248334, 0.1976073164159, 0, 1, 49.99996038135, 50, 49.99994577104, -5.830203847826e-05, 0, 0, 0, 0, 0, 0, 0, 0, 189.7779879602, 186.8280225399, 189.7773591769, 186.8274019095, 189.7762196285, 186.8277122225, 189.7779891573, 186.8280225377, 0, 189.777360178, 186.8274019073, -0.02270064497399, 0, -0.227695040422, -0.02257746143624, 0.1747262171816, -0.02257746143624, 0.7503121445589, 0.75173639308, -0.8241549454094, -0.8232634847997, -0.03691905753925, -0.03576915791671, 0.7506133893898, 0.7517307808634, 0, -0.8244832295022, -0.8232690966968, -0, -0, -0, -5.551115123126e-17, 0.002628479358835, 0.3940878149862, 0.3912332349643, 0.3940990294794, 0, 0.3912228852671, 0.394076600493
13.7, 0.206567528541, 0.0420145512676, -0.195880190219, 0.04202274229543, 0.008003133251548, -0.0003399754180634, 0.03017036112441, -0.003105326484228, 0, 0, 1000, 0, -1000, 7527.430213059, 3132.569816187, 7532.477217635, 3132.509400269, 23.21064301454, 26.28625164153, 26.54159612842, 31.86956688219, -243.2639639533, -2.478982921637, 242.0087344782, -2.664699283392, 5404.673716473, 3955.598787307, 5410.259004231, 3985.753678254, 3, 0.2759929108906, 15.98872510575, -0.2224179082771, -18.98787359999, -1.426729444622, 0.3005865681758, -1.368888429221, 0.3091692075025, 0, 0, 0.2167484499411, -0, -0, -0, -0, -0, 0.2167484489885, 0.002497349662409, 0, 0, 0, 0, 0, 0.002185240428742, 0.002497367532167, -0.04399392775792, 0.00218522479239, 0.04819870773833, 0.00218522479239, 77.01494228534, 77.04241054325, 77.01463830596, 77.04229335289, 190.1234414673, -0.2059649188194, 0.1968036491809, 0, 1, 49.99995794765, 50, 50.00003682965, 0.000491928492868, 0, 0, 0, 0, 0, 0, 0, 0, 190.1252107677, 187.1752463009, 190.1245801167, 187.1746221506, 190.1234414673, 187.1749342198, 190.1252119659, 187.1752462949, 0, 190.1245811155, 187.1746221447, -0.0227222205088, 0, -0.2285221784878, -0.02270550929076, 0.1739005095051, -0.02270550929076, 0.7501764175446, 0.751612254694, -0.8242906998868, -0.8233876227805, -0.03705495037156, -0.03590271439636, 0.7504768195893, 0.7515972231954, 0, -0.8246198050048, -0.8234026519881, -0, -5.551115123126e-17, -0, -0, 0.002628506718444, 0.3940902861023, 0.3912336023652, 0.3941203208542, 0, 0.3912224531985, 0.3940602513503
13.725, 0.1977043152631, -0.09055442086532, -0.2047193115369, -0.09051606932794, -0.02438964715264, -0.0004694322165919, 0.01552464395272, -0.002126852942759, 0, 0, 1000, 0, -1000, 7527.127917501, 3132.743083128, 7532.78921167, 3132.02567927, 15.86085428055, 39.76678514854, 33.42758241554, 17.37863023585, -243.8085542862, -3.085746792174, 241.3925175886, -3.391843269924, 5404.188089145, 3950.264356945, 5410.749234647, 3992.728797761, 3, -1.599725573151, -39.45579500825, 1.604449229888, 38.90367413149, -1.429896580174, 0.3053465748066, -1.365621757996, 0.2983879643492, 0, 0, 0.2167762256199, -0, -0, -0, -0, -0, 0.2167762267076, 0.002824193188725, 0, 0, 0, 0, 0, 0.003077279010646, 0.002824213402388, -0.04426331465071, 0.003077256985723, 0.04793636894334, 0.003077256985723, 77.15558966134, 77.18311220799, 77.15529253471, 77.18299427383, 190.4706631001, -0.1975971980948, 0.2051684993209, 0, 1, 49.99996529065, 50, 49.99998041686, 0.000107997399943, 0, 0, 0, 0, 0, 0, 0, 0, 190.4724270884, 187.5224692212, 190.4718074402, 187.5218426456, 190.4706631001, 187.522155925, 190.4724282499, 187.5224692128, 0, 190.4718084812, 187.5218426372, -0.02276184440876, 0, -0.2201929808546, -0.02279373866287, 0.1822267664063, -0.02279373866287, 0.7500388229103, 0.7514851959266, -0.8244282432565, -0.8235146817111, -0.03718872818477, -0.03603590870887, 0.7503410653182, 0.7514640278383, 0, -0.8247555561371, -0.8235358452561, -0, -0, -0, -0, 0.002628453178972, 0.394088651668, 0.3912345683333, 0.3941309469277, 0, 0.391221478147, 0.3940463564082
13.75, 0.1972522303257, -0.00987395874714, -0.2051756403603, -0.00987352686685, -0.004068314236366, 0.0002219058985845, -0.0268802153596, -0.0009057250331681, 0, 0, -1000, 0, 1000, 7526.464171997, 3128.753853864, 7533.449653008, 3136.052266738, 25.23554850687, 27.84395964692, 24.20167581747, 29.20411058566, -243.0673063592, 2.612160731149, 242.2223468327, 2.414959548536, 5403.801768058, 3996.41867951, 5411.121467401, 3946.089383442, 3, -0.07797194120504, -4.610678115458, 0.08615768348158, 3.998240111143, -1.436857903373, 0.2055488990702, -1.358697393583, 0.3987744874721, 0, 0, 0.2167792626623, -0, -0, -0, -0, -0, 0.2167792984689, 0.003379838329025, 0, 0, 0, 0, 0, -0.003647223027227, 0.003379862520299, -0.04378274775231, -0.00364719692232, 0.04840981751402, -0.00364719692232, 77.29624146465, 77.32381358454, 77.29594236317, 77.32369540354, 190.8178850012, -0.1993016675205, 0.2034665219206, 0, 1, 49.99996181189, 50, 49.9999775229, 9.826974217242e-05, 0, 0, 0, 0, 0, 0, 0, 0, 190.819651339, 187.8696840617, 190.8190270254, 187.8690713333, 190.8178850012, 187.8693777072, 190.8196524974, 187.8696840714, 0, 190.8190280662, 187.869071343, -0.02286614219665, 0, -0.222003574669, -0.02229000183846, 0.1804186867715, -0.02229000183846, 0.7499065575812, 0.7512965488465, -0.8245605590952, -0.8237033351584, -0.0373207200146, -0.03617830717953, 0.7502055190949, 0.7513216316319, 0, -0.8248911041215, -0.823678245991, -0, -0, -0, -5.551115123126e-17, 0.002628485790694, 0.394089134597, 0.3912353404183, 0.3940390058162, 0, 0.3912207339297, 0.3941392633779
13.775, 0.2031386082133, 0.09135019276061, -0.1992789336695, 0.09138955960589, 0.02074834883836, 0.0004004199232135, -0.01575938570124, -0.001682545230982, 0, 0, -1000, 0, 1000, 7526.206186361, 3128.132292295, 7533.704601347, 3136.625980389, 32.14800091027, 17.00182735695, 17.17248745307, 40.29588608287, -242.3527685627, 3.717110995374, 242.8718464886, 3.359911396694, 5404.061696828, 4003.135004157, 5410.844654052, 3939.815710522, 3, 1.443118976949, 39.13648723567, -1.445614220747, -39.21085826543, -1.439565600033, 0.1901405233336, -1.356023671252, 0.4131635812033, 0, 0, 0.2167799364782, -0, -0, -0, -0, -0, 0.2167799884722, 0.00352214096773, 0, 0, 0, 0, 0, -0.004588571740208, 0.003522166177694, -0.0433519250227, -0.004588538897412, 0.04884963811381, -0.004588538897412, 77.43689506554, 77.46451493169, 77.43659043799, 77.46439665448, 191.1651069392, -0.2048449200457, 0.1979215803853, 0, 1, 49.99996389137, 50, 49.99996520754, 5.599682860802e-06, 0, 0, 0, 0, 0, 0, 0, 0, 191.1668779717, 188.2169055132, 191.1662442834, 188.2162937813, 191.1651069392, 188.2165996595, 191.1668791476, 188.2169055255, 0, 191.1662453011, 188.2162937936, -0.0229201717122, 0, -0.2276025253931, -0.02225375064443, 0.1748180115548, -0.02225375064443, 0.7497713587504, 0.7511530994907, -0.8246956903781, -0.8238467867614, -0.03745790965103, -0.03631528300068, 0.7500673779748, 0.7511846550746, 0, -0.8250292390954, -0.823815221076, -0, -0, -0, -5.551115123126e-17, 0.002628519629018, 0.3940886932435, 0.3912348248689, 0.3940256262182, 0, 0.3912212828016, 0.3941517602689
13.8, 0.2050097535039, 0.09099177277179, -0.197406128975, 0.09103094371713, 0.02097312575379, 0.0003080626716955, -0.01521876561185, -0.001665438104062, 0, 0, -1000, 0, 1000, 7526.267435054, 3129.240447417, 7533.637395456, 3135.541702595, 33.9800393292, 17.24990667933, 15.31779545616, 39.29128248774, -241.8948736683, 2.344762716074, 243.2920754723, 2.12837301565, 5404.774899025, 3990.225149868, 5410.130580543, 3952.694955753, 3, 1.515006501459, 39.14869177562, -1.516669085513, -39.20960030851, -1.438925695317, 0.218100787194, -1.356728317311, 0.3855555182743, 0, 0, 0.2167764768783, -0, -0, -0, -0, -0, 0.216776500019, 0.003370137950669, 0, 0, 0, 0, 0, -0.002719707982126, 0.003370162071892, -0.04346515399435, -0.002719688516387, 0.04873788859733, -0.002719688516387, 77.57754624904, 77.60521679829, 77.5772409454, 77.60509737042, 191.5123289248, -0.204715388108, 0.1980511143543, 0, 1, 49.99996626602, 50, 49.99996740713, 4.390811725483e-06, 0, 0, 0, 0, 0, 0, 0, 0, 191.514100343, 188.5641302491, 191.5134658375, 188.5635130806, 191.5123289248, 188.5638216722, 191.5141015215, 188.5641302564, 0, 191.5134668535, 188.5635130879, -0.02294915516236, 0, -0.2275015505693, -0.02245152467229, 0.1749189882807, -0.02245152467229, 0.7496307885034, 0.7510310739654, -0.824836252509, -0.8239688068893, -0.03759872949363, -0.03645016004921, 0.7499275798114, 0.7510497786038, 0, -0.8251690394012, -0.8239500987022, 5.551115123126e-17, -0, -0, -0, 0.002628552752873, 0.3940887245504, 0.3912334035621, 0.394051343879, 0, 0.3912227059081, 0.3941261052218
13.825, 0.205250663674, 0.1011694571175, -0.1971629216347, 0.1012177940094, 0.02370132144351, 0.0001269359376678, 0.01759035024018, 0.002751909614404, 0, 0, 289.781807185, 0, -210.2299564134, 7526.735244766, 3131.020979533, 7533.161311927, 3133.914192895, 36.6458306251, 17.23766196541, 12.63916679025, 38.6782812882, -241.5170255052, 0.2891853147079, 243.6001652071, 0.1083002669777, 5405.852572372, 3971.884410254, 5409.0481744, 3970.245365067, 3, 1.595319369542, 43.65282012385, -1.601588445956, -43.45865136017, -1.434019692903, 0.2623449055751, -1.361723482707, 0.344218298715, 0, 0, 0.2167625929525, -0, -0, -0, -0, -0, 0.2167625934483, 0.002858713711551, 0, 0, 0, 0, 0, -0.0001187770109754, 0.002858734169716, -0.04395199075903, -0.000118776160963, 0.04825196626915, -0.000118776160963, 77.71819658786, 77.74591841711, 77.71789232165, 77.74579841033, 191.8595510229, -0.2026787962337, 0.2000883851005, 0, 1, 49.99996776696, 50, 49.99996094188, -6.134108427015e-05, 0, 0, 0, 0, 0, 0, 0, 0, 191.8613211668, 188.9113561446, 191.8606890166, 188.9107316074, 191.8595510229, 188.9110438763, 191.8613223479, 188.9113561449, 0, 191.8606900341, 188.9107316077, -0.02295830996305, 0, -0.2254722688879, -0.02271958588931, 0.1769489674193, -0.02271958588931, 0.7494859292468, 0.7509133365093, -0.8249811106419, -0.8240865396697, -0.03774360367718, -0.03658578461889, 0.7497860431967, 0.7509141534672, 0, -0.8253105813915, -0.824085722705, -0, -5.551115123126e-17, 5.551115123126e-17, -0, 0.002628601604129, 0.3940895121751, 0.3912312542671, 0.39408787966, 0, 0.3912248649032, 0.3940911446903
13.85, 0.2016523931396, -0.08578949318503, -0.2007552206545, -0.08575531230575, -0.02299562111962, -0.0004320986281278, 0.01658834012297, 0.0003852140028313, 0, 0, 1000, 0, -1000, 7527.311927575, 3133.720579309, 7532.579492705, 3131.162633834, 19.28666828385, 40.02044189135, 29.95338978243, 17.02673082214, -242.6980762048, -3.791557557168, 242.5622240703, -4.238166977416, 5406.361049162, 3941.939675393, 5408.544926197, 4001.235125854, 3, -1.387271179622, -35.9997080941, 1.358727307064, 37.71221489358, -1.427968459116, 0.3294772659405, -1.367830794245, 0.2760925598662, 0, 0, 0.2167515352975, -0, -0, -0, -0, -0, 0.21675154695, 0.002355502592043, 0, 0, 0, 0, 0, 0.004296975096439, 0.002355519447296, -0.04459098684955, 0.004296944348822, 0.04761125162889, 0.004296944348822, 77.85884563362, 77.88661969668, 77.85854500633, 77.88649974743, 192.2067731153, -0.197952413271, 0.2048156189854, 0, 1, 49.99996476239, 50, 49.99991966641, -0.0002838432338555, 0, 0, 0, 0, 0, 0, 0, 0, 192.2085400287, 189.2585835746, 192.2079141841, 189.257947846, 192.2067731153, 189.2582656984, 192.2085412017, 189.2585835627, 0, 192.207915215, 189.2579478341, -0.02295508951479, 0, -0.220740224085, -0.02312670963681, 0.1816818873204, -0.02312670963681, 0.7493405940796, 0.7508105314194, -0.8251264637279, -0.824189344708, -0.03788785040209, -0.03671896163256, 0.7496450705454, 0.7507809720019, 0, -0.8254515603439, -0.824218895267, -0, -5.551115123126e-17, -0, -0, 0.002628624095625, 0.3940884702052, 0.391230237994, 0.3941475294187, 0, 0.3912258710492, 0.3940294109918
13.875, 0.1965411450387, -0.1057365693402, -0.2058811144804, -0.1056846788536, -0.02722486377162, -2.074757575133e-05, -0.02171334992142, 0.00410093634011, 0, 0, -355.839473893, 0, 454.5730377989, 7527.267466592, 3130.759203103, 7532.625349558, 3134.080255965, 11.98990181797, 38.74088423879, 37.29400583006, 16.9792609736, -243.1551602124, 0.4613478320758, 241.9461974145, 0.2733949301366, 5405.692042017, 3978.009209545, 5409.237067585, 3965.702332997, 3, -1.386602382818, -44.83878322599, 1.376936598999, 45.59903666832, -1.428429658451, 0.2559689434243, -1.367357241226, 0.3487226052753, 0, 0, 0.2167502829402, -0, -0, -0, -0, -0, 0.2167502871444, 0.002481334221852, 0, 0, 0, 0, 0, -0.0008918448501759, 0.002481351977312, -0.04439211877706, -0.0008918384685272, 0.04781261390969, -0.0008918384685272, 77.9994973591, 78.02732169907, 77.99919499153, 78.02720040734, 192.5539951016, -0.2005057733285, 0.2022618286803, 0, 1, 49.99997031988, 50, 49.99995191699, -0.0001009790648613, 0, 0, 0, 0, 0, 0, 0, 0, 192.5557645721, 189.6058005926, 192.555133597, 189.6051749021, 192.5539951016, 189.6054877498, 192.5557657538, 189.605800595, 0, 192.5551346172, 189.6051749046, -0.02303485017488, 0, -0.2233741159697, -0.02276153695624, 0.1790475576159, -0.02276153695624, 0.7492041801387, 0.7506319843671, -0.825262857256, -0.8243678915417, -0.03802471321044, -0.03686181940503, 0.749507299671, 0.7506381183585, 0, -0.8255893276996, -0.8243617571686, -0, -0, 5.551115123126e-17, -0, 0.00262859485971, 0.3940879366629, 0.3912315717316, 0.3940756788177, 0, 0.391224491137, 0.394100194508
13.9, 0.1968937813871, -0.02293639691223, -0.2055574606071, -0.02293399616693, -0.006215782838528, 0.0002720676652897, -0.02819555939276, -0.003058939201468, 0, 0, -1000, 0, 1000, 7527.216968341, 3129.357302915, 7532.683720336, 3135.589726673, 26.94725049678, 29.72842159784, 22.77379895752, 28.27748078362, -242.5766321909, 2.6021136616, 242.7022878764, 2.40973855551, 5405.369007918, 3994.643466708, 5409.600208282, 3947.536629646, 3, -0.06297268114072, -11.08972986865, 0.1190684309056, 8.326325250367, -1.428953160763, 0.2209416577066, -1.366753296256, 0.3857341019874, 0, 0, 0.2167621848672, -0, -0, -0, -0, -0, 0.2167622134488, 0.002579331181927, 0, 0, 0, 0, 0, -0.00341370045145, 0.002579349640643, -0.04446827246231, -0.003413676021826, 0.04772641318067, -0.003413676021826, 78.14014739573, 78.16802311898, 78.13984661123, 78.16790154022, 192.9012169328, -0.1977527615304, 0.2050159897363, 0, 1, 49.99996684254, 50, 50.00004080994, 0.0004654101899627, 0, 0, 0, 0, 0, 0, 0, 0, 192.9029851655, 189.9530201558, 192.9023568285, 189.9523990691, 192.9012169328, 189.9527096217, 192.902986335, 189.9530201651, 0, 192.9023578623, 189.9523990784, -0.02308656825085, 0, -0.2206725051562, -0.0225940609308, 0.1817503370308, -0.0225940609308, 0.7490659612576, 0.7504754782257, -0.8254011460074, -0.8245244021098, -0.03816180999184, -0.03700098213861, 0.7493696013395, 0.7504989552337, 0, -0.825727027211, -0.8245009195109, -0, -0, -5.551115123126e-17, -0, 0.002628515025766, 0.394089461356, 0.3912322148224, 0.3940425421956, 0, 0.3912237682401, 0.3941363805163
13.925, 0.2026813752931, 0.08831812767127, -0.1997383679335, 0.08835489573112, 0.0213014602648, 0.0004940647209835, -0.01612925383941, -0.00114991299704, 0, 0, -1000, 0, 1000, 7527.263917641, 3128.383399822, 7532.656338479, 3136.455424703, 31.52520414894, 17.22152847501, 17.78746480427, 40.39515781525, -242.1669621708, 4.458893229806, 243.0755747914, 3.988478249396, 5405.756736774, 4006.534347402, 5409.226544776, 3935.396144603, 3, 1.564330033797, 38.19960006384, -1.56382175419, -37.91456235109, -1.428454064608, 0.1973893683762, -1.367049073753, 0.4072233678484, 0, 0, 0.2167892769862, -0, -0, -0, -0, -0, 0.2167893319437, 0.00247588398067, 0, 0, 0, 0, 0, -0.005155186173096, 0.002475901703506, -0.04412276534199, -0.005155149271565, 0.04807684387428, -0.005155149271565, 78.2808014926, 78.30872450136, 78.28049414374, 78.30860271691, 193.2484386146, -0.2050883471439, 0.1976780031927, 0, 1, 49.99997031929, 50, 49.9999652291, -5.845743149646e-06, 0, 0, 0, 0, 0, 0, 0, 0, 193.2502126863, 190.3002405639, 193.2495730472, 190.2996223511, 193.2484386146, 190.2999314714, 193.2502138854, 190.3002405778, 0, 193.2495740463, 190.299622365, -0.02311969603091, 0, -0.2280425578472, -0.02248951421612, 0.1743778214968, -0.02248951421612, 0.7489293158145, 0.7503237570529, -0.8255377423877, -0.8246761279929, -0.03830137803933, -0.0371407275158, 0.7492305959444, 0.750359208632, 0, -0.8258660171259, -0.8246406636636, -0, -0, -0, -0, 0.002628400064793, 0.3940897090702, 0.3912314442784, 0.3940188542868, 0, 0.391224510589, 0.3941605638536
13.95, 0.2071481680668, 0.1155997027384, -0.1952651781687, 0.1156620340212, 0.02685991637429, -5.541698631109e-05, 0.03358599081734, 0.0006354267063785, 0, 0, 878.2896565515, 0, -814.0763969354, 7527.643724119, 3131.380807479, 7532.287196056, 3133.3764562, 34.21104451194, 16.31594648427, 15.06326663788, 39.60775479688, -242.3388045444, -0.6479482207812, 242.8501585073, -0.8268402103912, 5405.818908812, 3970.938078852, 5409.137260446, 3971.309588843, 3, 1.543250231344, 49.35899247262, -1.550096302547, -48.9546479336, -1.424462693562, 0.2719372006339, -1.370930487559, 0.3311233330571, 0, 0, 0.2167987771082, -0, -0, -0, -0, -0, 0.2167987770282, 0.002179344191805, 0, 0, 0, 0, 0, 2.692228793895e-05, 0.002179359793321, -0.04431557965393, 2.692209520872e-05, 0.04787905197276, 2.692209520872e-05, 78.42145258417, 78.44942512289, 78.42114473483, 78.44930476628, 193.5956605039, -0.2047827667161, 0.1979840127931, 0, 1, 49.99997350325, 50, 49.99996269701, -6.578171222675e-05, 0, 0, 0, 0, 0, 0, 0, 0, 193.5974344276, 190.6474685087, 193.5967952147, 190.6468382637, 193.5956605039, 190.6471533861, 193.5974356302, 190.6474685086, 0, 193.5967962116, 190.6468382637, -0.02309936893953, 0, -0.2277159121986, -0.02292722243487, 0.1747049001297, -0.02292722243487, 0.7487882515287, 0.7502280351329, -0.8256788382054, -0.8247718387693, -0.03844301021072, -0.0372720869926, 0.7490908481488, 0.7502278499583, 0, -0.8260057625388, -0.8247720239435, -0, -0, -0, -0, 0.002628372300676, 0.3940893947532, 0.3912313194136, 0.3940897647831, 0, 0.3912246895771, 0.3940890247234
13.975, 0.2027749488104, -0.08067596458093, -0.1996448150026, -0.08064540656156, -0.02170605178353, -0.0005498884236243, 0.01688620213248, -0.0009271544759996, 0, 0, 1000, 0, -1000, 7527.793040099, 3133.673055589, 7532.138776618, 3130.989204954, 19.56854005673, 39.8728837647, 29.81923244015, 18.05563684691, -243.4191884721, -4.163449579037, 241.8408656191, -4.63825244842, 5405.192214452, 3942.294762178, 5409.734359378, 4000.935837317, 3, -1.486609827254, -34.99652473142, 1.48446037125, 35.04606781146, -1.422888812078, 0.3291601987387, -1.372496743821, 0.2720042710116, 0, 0, 0.2167976367133, -0, -0, -0, -0, -0, 0.2167976490513, 0.002170934297628, 0, 0, 0, 0, 0, 0.004249554364039, 0.002170949838776, -0.04467590102062, 0.004249523942811, 0.04751661448375, 0.004249523942811, 78.5621009149, 78.59012672017, 78.56179813332, 78.59000583253, 193.9428825286, -0.1983020170512, 0.2044649787912, 0, 1, 49.99997118596, 50, 49.99996934373, -1.452058712275e-05, 0, 0, 0, 0, 0, 0, 0, 0, 193.9446520093, 190.994695175, 193.944021662, 190.9940552769, 193.9428825286, 190.9943752141, 193.9446531872, 190.9946951631, 0, 193.944022688, 190.994055265, -0.02309596741907, 0, -0.2212303521903, -0.02327838688827, 0.1811906865764, -0.02327838688827, 0.7486474479732, 0.750125269345, -0.8258196603561, -0.8248746049967, -0.03858145767069, -0.03740389664573, 0.7489525060558, 0.7500960361931, 0, -0.8261441088198, -0.8249038294846, -0, -0, -5.551115123126e-17, 5.551115123126e-17, 0.00262839794208, 0.3940884146536, 0.3912325658976, 0.3941468220988, 0, 0.3912235021976, 0.3940300072084
14, 0.196311975348, -0.1188070877158, -0.2061042491013, -0.1187413116388, -0.0303616252369, 5.718001644277e-06, -0.03801790181557, -0.003674094991414, 0, 0, -1000, 0, 1000, 7527.266787399, 3130.080245011, 7532.664255415, 3134.506999219, 16.43252488361, 39.8615656653, 32.85227484659, 16.10716715342, -243.453776432, 0.9605316829698, 241.7588196933, 0.785110432232, 5404.699003216, 3983.769619635, 5410.230275143, 3959.958733229, 3, -1.692108187703, -50.62574835901, 1.679152919789, 51.30067711247, -1.428402273976, 0.2397013831801, -1.36699318963, 0.3599231953561, 0, 0, 0.2168029460627, -0, -0, -0, -0, -0, 0.2168029566036, 0.002646610803935, 0, 0, 0, 0, 0, -0.001725508207139, 0.002646629751254, -0.04444832834395, -0.001725495854161, 0.04774509994012, -0.001725495854161, 78.70275117852, 78.73082855629, 78.70244959589, 78.73070668741, 194.290104485, -0.1970741726262, 0.2056927421542, 0, 1, 49.9999752194, 50, 49.99995919542, -7.69742669395e-05, 0, 0, 0, 0, 0, 0, 0, 0, 194.2918739218, 191.3419108991, 194.2912437339, 191.3412834902, 194.290104485, 191.3415971994, 194.2918750876, 191.3419109038, 0, 194.2912447714, 191.3412834949, -0.02318046072169, 0, -0.2200878480612, -0.02282405208842, 0.1823330979331, -0.02282405208842, 0.7485123852882, 0.749940735676, -0.8259547163737, -0.8250591400726, -0.03871504509612, -0.03754733401143, 0.7488158902342, 0.7499526031486, 0, -0.826280724116, -0.8250472711715, 5.551115123126e-17, -0, -0, -0, 0.002628400404707, 0.3940879197886, 0.3912335495984, 0.3940642037663, 0, 0.391222513021, 0.3941116358109
14.025, 0.1970022958353, -0.02322839119757, -0.2054322247659, -0.02322591052458, -0.006638620120653, 0.0002035031823605, -0.02825313406045, -0.001435411343521, 0, 0, -1000, 0, 1000, 7526.896507096, 3129.166747923, 7533.031641875, 3135.538662665, 26.86531180659, 29.41797507822, 22.67422602937, 27.76162328971, -242.9262641401, 2.302243869002, 242.3557453906, 2.114409436402, 5404.490985875, 3993.020866617, 5410.462480891, 3949.255534205, 3, -0.1949033427076, -10.57340966077, 0.2187246833979, 9.343878663112, -1.432282017068, 0.2166103023553, -1.363145617441, 0.385161206462, 0, 0, 0.2168103367544, -0, -0, -0, -0, -0, 0.216810363915, 0.002958162410966, 0, 0, 0, 0, 0, -0.003171550985603, 0.002958183590155, -0.04419008202835, -0.0031715282788, 0.04799830363962, -0.0031715282788, 78.84340251851, 78.87152990152, 78.84309995225, 78.87140793308, 194.6373264098, -0.1976380613415, 0.2051300056897, 0, 1, 49.99997405808, 50, 50.00000772021, 0.0002247061461853, 0, 0, 0, 0, 0, 0, 0, 0, 194.6390968404, 191.6891315406, 194.6384647636, 191.6885067803, 194.6373264098, 191.6888191691, 194.6390980027, 191.6891315493, 0, 194.638465803, 191.688506789, -0.02323023284314, 0, -0.2207024836746, -0.02272770077681, 0.1817196220041, -0.02272770077681, 0.74837618598, 0.7497925551143, -0.8260909524886, -0.8252073233858, -0.03885102493906, -0.03768556986806, 0.7486779278593, 0.7498143669691, 0, -0.8264186887514, -0.8251855067052, -0, -0, -0, -0, 0.002628392607693, 0.3940893655309, 0.3912339653395, 0.3940457745624, 0, 0.3912220490154, 0.3941329564994
14.05, 0.1979785339442, 0.02374167484728, -0.2044457543515, 0.02374443464782, 0.005603508721174, 0.000380802740756, -0.02278963894418, -0.0003219570218904, 0, 0, -1000, 0, 1000, 7526.812181569, 3128.859027509, 7533.118090948, 3135.910379387, 28.31377467489, 23.95288358561, 21.09183712463, 33.35244062098, -242.3927977041, 3.478181131799, 242.8828835434, 3.227353020364, 5405.263173831, 3996.866278732, 5409.682380166, 3944.442349517, 3, 0.6600912905932, 10.47962391598, -0.6562175985454, -10.67668478581, -1.433163853232, 0.209354726917, -1.36224322265, 0.3936203850223, 0, 0, 0.2168174179693, -0, -0, -0, -0, -0, 0.2168174535357, 0.002902201048813, 0, 0, 0, 0, 0, -0.003799015229922, 0.002902221828699, -0.04406182816447, -0.003798988028993, 0.04812892722236, -0.003798988028993, 78.98405484735, 79.01223183537, 78.98374933129, 79.01210856649, 194.9845483497, -0.2008057744624, 0.2019617313408, 0, 1, 49.99997470196, 50, 49.99997977801, 3.347204899518e-05, 0, 0, 0, 0, 0, 0, 0, 0, 194.9863214462, 192.0363533759, 194.9856841359, 192.0357290814, 194.9845483497, 192.036041239, 194.9863226219, 192.0363533863, 0, 194.9856851599, 192.0357290917, -0.02326139927198, 0, -0.2239018659583, -0.02271075800614, 0.1785196581099, -0.02271075800614, 0.7482366429073, 0.7496485365865, -0.8262304754131, -0.8253513431475, -0.03899181004036, -0.03782527318258, 0.7485375077865, 0.7496746632223, 0, -0.8265591049469, -0.8253252095874, -0, -0, 5.551115123126e-17, -0, 0.002628390371767, 0.3940903291853, 0.3912324277914, 0.3940381141164, 0, 0.3912236022521, 0.3941425442541
14.075, 0.2050804992145, 0.09127348352428, -0.1973353244649, 0.09131282202044, 0.02167097916242, 0.0003988769283991, -0.01536160253189, -0.00186178122504, 0, 0, -1000, 0, 1000, 7527.07843151, 3129.10205901, 7532.851548789, 3135.515472877, 33.78352870448, 17.28814155833, 15.50291100498, 39.56513111174, -241.7102086762, 3.038855077965, 243.4819224588, 2.768443446537, 5406.211367541, 3996.0472454, 5408.704655923, 3946.743357651, 3, 1.57741729538, 39.22234496621, -1.578961370466, -39.45192250766, -1.430367791531, 0.2158777224843, -1.365044014344, 0.3841914069514, 0, 0, 0.2168163499747, -0, -0, -0, -0, -0, 0.2168163805284, 0.002548174681798, 0, 0, 0, 0, 0, -0.003572914569297, 0.00254819292666, -0.04407113815428, -0.003572888987501, 0.04812667229996, -0.003572888987501, 79.12470786993, 79.15293288524, 79.1243980789, 79.15281028187, 195.3317704041, -0.2049175120066, 0.1978481867012, 0, 1, 49.99997938493, 50, 49.99998312785, 2.547042610224e-06, 0, 0, 0, 0, 0, 0, 0, 0, 195.3335468368, 192.3835763151, 195.3329028484, 192.3829502297, 195.3317704041, 192.3832632822, 195.3335480344, 192.3835763248, 0, 195.3329038486, 192.3829502395, -0.02327926482364, 0, -0.2280314649678, -0.0227759039802, 0.1743882267194, -0.0227759039802, 0.7480945162052, 0.7495102342277, -0.8263725487966, -0.8254896443955, -0.03913612090597, -0.03796513022643, 0.7483954431168, 0.7495348060229, 0, -0.8267011646425, -0.8254650664758, -5.551115123126e-17, -0, -0, -0, 0.002628422107397, 0.3940888532148, 0.391230538911, 0.394039745757, 0, 0.3912255499222, 0.3941379606726
14.1, 0.206677489235, 0.1181029416502, -0.1957317513284, 0.1181682545047, 0.02776120063501, -3.721394600115e-05, 0.03787531039052, -0.003574852134484, 0, 0, 1000, 0, -1000, 7527.64072641, 3131.656891252, 7532.278759817, 3132.985208056, 33.07428162581, 16.11163941957, 16.20188416578, 39.82038945518, -242.078615918, -0.7508932486243, 243.1273042264, -0.9268357381146, 5406.24688372, 3967.645267162, 5408.646930422, 3975.740016137, 3, 1.686606554794, 50.77201579987, -1.702351294676, -50.14301508514, -1.424463723324, 0.2793630566516, -1.371059949826, 0.321144288738, 0, 0, 0.2167990790366, -0, -0, -0, -0, -0, 0.2167990777922, 0.002106057652758, 0, 0, 0, 0, 0, 0.0005866037724499, 0.002106072729672, -0.04432827931649, 0.0005865995730819, 0.04786839563332, 0.0005865995730819, 79.26535920607, 79.29363412816, 79.26504854849, 79.29351177213, 195.6789926389, -0.2055602515632, 0.1972070328497, 0, 1, 49.99997892837, 50, 49.99996071554, -0.0001296737580698, 0, 0, 0, 0, 0, 0, 0, 0, 195.6807693928, 192.7308035186, 195.680124523, 192.7301672429, 195.6789926389, 192.7304853791, 195.6807706008, 192.730803517, 0, 195.6801255142, 192.7301672412, -0.02326598928312, 0, -0.2286599748654, -0.02314661370817, 0.173761334123, -0.02314661370817, 0.7479506023208, 0.7494039370252, -0.8265164760429, -0.8255959345346, -0.03928105826413, -0.03810003346701, 0.7482532849775, 0.7493999022303, 0, -0.826843328446, -0.8255999691643, -0, -0, -0, -0, 0.002628499641603, 0.3940882616494, 0.3912304668071, 0.3940963241483, 0, 0.3912256663906, 0.3940801991504
14.125, 0.2058750996143, 0.01853411307808, -0.1965581665054, 0.01853568913276, 0.002513227904765, -0.0003256558071453, 0.02753946052579, -0.001678225329421, 0, 0, 1000, 0, -1000, 7527.890151373, 3132.719703285, 7532.016785162, 3132.073340886, 22.39990134649, 28.59295358765, 27.17351600823, 28.89707155418, -243.0417078145, -2.564942231215, 242.2334608038, -2.761211303215, 5405.660961893, 3956.01954751, 5409.244689671, 3986.763542202, 3, 0.01705823190832, 6.766538225089, 0.006742435115433, -8.164558905566, -1.421839151556, 0.3048320735464, -1.373818060779, 0.2985277768346, 0, 0, 0.2167819544412, -0, -0, -0, -0, -0, 0.2167819551546, 0.001998646818025, 0, 0, 0, 0, 0, 0.002227931130878, 0.001998661123743, -0.04444839212289, 0.002227915184126, 0.04774647040264, 0.002227915184126, 79.40600984049, 79.43433522989, 79.40569972073, 79.43421336654, 196.0262148691, -0.2045717435042, 0.1981967445917, 0, 1, 49.99997684098, 50, 50.00001195273, 0.0001954663612074, 0, 0, 0, 0, 0, 0, 0, 0, 196.0279911217, 193.0780278638, 196.0273470188, 193.0773872022, 196.0262148691, 193.0777075268, 196.0279923278, 193.0780278576, 0, 196.0273480131, 193.0773871959, -0.0232793891459, 0, -0.2276844184647, -0.02330616591971, 0.1747381282137, -0.02330616591971, 0.7478095467783, 0.7492784510585, -0.8266575513552, -0.8257214198314, -0.03942193638918, -0.03823680831592, 0.748113050516, 0.7492631259383, 0, -0.8269835702259, -0.8257367425702, -0, -0, -0, -0, 0.002628554147483, 0.3940888611665, 0.3912316333463, 0.3941194826751, 0, 0.3912244763302, 0.3940582396579
14.15, 0.2070387826561, 0.03906017839855, -0.1953927534572, 0.03906712118482, 0.006736504289652, -0.0004433971479368, 0.0296690384971, -0.001116420287214, 0, 0, 1000, 0, -1000, 7527.617579041, 3132.589116798, 7532.284338859, 3132.375127195, 22.93283822247, 26.5559396347, 26.61008492015, 31.10130533008, -243.6516406559, -3.063568628751, 241.6278921661, -3.257435329747, 5404.035952736, 3955.593410206, 5410.885908264, 3986.05947269, 3, 0.1103962288905, 15.30867189538, -0.09006601491033, -16.37767013447, -1.424690902985, 0.300173060671, -1.371020955219, 0.3065071301985, 0, 0, 0.2167713724346, -0, -0, -0, -0, -0, 0.2167713717243, 0.002438125477836, 0, 0, 0, 0, 0, 0.002207790161189, 0.002438142927506, -0.04404478832834, 0.002207774360142, 0.04815073209196, 0.002207774360142, 79.54666142408, 79.57503608169, 79.54634992907, 79.57491521436, 196.3734370299, -0.2056362839038, 0.1971324370572, 0, 1, 49.99997727848, 50, 50.00000385743, 0.00014175579772, 0, 0, 0, 0, 0, 0, 0, 0, 196.3752145582, 193.4252502528, 196.3745677607, 193.4246093617, 196.3734370299, 193.4249298011, 196.3752157592, 193.4252502466, 0, 196.374568757, 193.4246093555, -0.02332459197833, 0, -0.2287957031454, -0.02331451092205, 0.1736270906373, -0.02331451092205, 0.7476746434776, 0.7491421621022, -0.8267924511628, -0.825857708673, -0.03955668325803, -0.0383729587267, 0.7479753937824, 0.7491269754916, 0, -0.8271212276541, -0.825872892945, -0, -0, -0, -0, 0.002628565086729, 0.3940899868759, 0.3912348725437, 0.3941203315596, 0, 0.3912212046615, 0.3940596421921
14.175, 0.1981072259831, -0.09375030022062, -0.2043161667447, -0.09370903699309, -0.02542301603855, -0.0005014356415805, 0.01497107350178, -0.002317758102175, 0, 0, 1000, 0, -1000, 7526.973016434, 3132.366318433, 7532.933147518, 3132.451198118, 15.17516947549, 39.67914211803, 34.09814865013, 17.27023970316, -244.2649935737, -2.930280341084, 240.9178734182, -3.221624150964, 5402.970284019, 3953.763966944, 5411.947917512, 3989.503204228, 3, -1.745769345339, -40.96643435914, 1.747991656016, 40.50406518338, -1.431448665764, 0.294930068278, -1.364220552006, 0.3091039455147, 0, 0, 0.2167661911184, -0, -0, -0, -0, -0, 0.2167661892538, 0.00310536524584, 0, 0, 0, 0, 0, 0.002589922358489, 0.003105387469886, -0.04401128950995, 0.002589903823427, 0.04819147573101, 0.002589903823427, 79.68730929146, 79.71573805298, 79.68700388028, 79.71561605916, 196.7206591599, -0.1981431809074, 0.2046229700525, 0, 1, 49.99998509307, 50, 49.99999425915, 2.001556873044e-05, 0, 0, 0, 0, 0, 0, 0, 0, 196.7224318961, 193.7724728599, 196.7217946141, 193.7718311074, 196.7206591599, 193.7721519764, 196.7224330571, 193.7724728527, 0, 196.7217956539, 193.7718311001, -0.02337730151315, 0, -0.2213553850254, -0.02334584991197, 0.1810648200451, -0.02334584991197, 0.747537761809, 0.749009394638, -0.8269292818671, -0.8259904762262, -0.03968961917539, -0.03850835451308, 0.7478382851584, 0.74899157931, 0, -0.8272583346471, -0.8260082883361, -0, -0, -0, -0, 0.002628547422795, 0.394088378909, 0.3912369955649, 0.3941239757588, 0, 0.3912190888721, 0.3940527820591
14.2, 0.1970683183344, -0.09990304097784, -0.2053567240897, -0.09985658106881, -0.02693674814954, -0.0002606836112612, -0.008879262478473, 0.00245658968702, 0, 0, 119.1435471292, 0, -43.61348699001, 7526.200550076, 3130.984590018, 7533.699717427, 3133.948774941, 13.33326691034, 38.9051642557, 35.98806465689, 17.15977265319, -244.041326794, -0.9294572981095, 241.0920215942, -1.103419558353, 5402.899120668, 3967.875418183, 5412.010683109, 3975.451780917, 3, -1.692219315693, -43.03268159962, 1.690032879007, 43.06199942072, -1.439554113282, 0.259865497531, -1.356178908234, 0.3464815793579, 0, 0, 0.2167418062421, -0, -0, -0, -0, -0, 0.2167418038287, 0.00369900118255, 0, 0, 0, 0, 0, 0.000549037772296, 0.003699027649091, -0.04352480700183, 0.0005490338439312, 0.04867882885628, 0.0005490338439312, 79.82796106265, 79.85643947498, 79.8276539449, 79.85631730463, 197.0678815014, -0.1994912254411, 0.2032758311715, 0, 1, 49.99998410318, 50, 49.99998069239, -5.646451414801e-05, 0, 0, 0, 0, 0, 0, 0, 0, 197.0696558904, 194.1196931036, 197.0690149649, 194.1190553176, 197.0678815014, 194.1193742091, 197.069657046, 194.1196931021, 0, 197.0690160071, 194.1190553161, -0.02345155425065, 0, -0.2227795490303, -0.02320155389831, 0.1796415970397, -0.02320155389831, 0.7474022920272, 0.748855719194, -0.8270647457571, -0.8261441517446, -0.03982465284518, -0.03864799260595, 0.747699493596, 0.7488519427911, 0, -0.8273971261172, -0.826147928003, -5.551115123126e-17, -0, -0, -5.551115123126e-17, 0.002628587114097, 0.3940883195047, 0.3912371398621, 0.3940958656827, 0, 0.391218961028, 0.3940807733267
14.225, 0.1951869519171, -0.119893692218, -0.207234927988, -0.1198274079944, -0.03084794685175, 2.696741205769e-05, -0.03773158201985, -0.003830866118416, 0, 0, -1000, 0, 1000, 7525.771940188, 3130.137923809, 7534.129115171, 3134.796175391, 15.87997292576, 39.86351064107, 33.41349281967, 16.08286651902, -243.2152724142, 0.9267925238481, 241.9851662627, 0.7479494939085, 5403.915590685, 3977.217140162, 5411.004826125, 3966.708943616, 3, -1.600060545208, -50.73238875141, 1.591989558234, 51.20441355529, -1.444056778591, 0.2393325698027, -1.351669833876, 0.3671237081168, 0, 0, 0.2167294289002, -0, -0, -0, -0, -0, 0.2167294338477, 0.00388588674031, 0, 0, 0, 0, 0, -0.0007614995506579, 0.003885914540851, -0.04353817407089, -0.0007614941027511, 0.04866229053292, -0.0007614941027511, 79.96861145937, 79.99714169781, 79.96830537676, 79.99701768541, 197.4151037198, -0.1973673158211, 0.2054005090439, 0, 1, 49.99998475538, 50, 49.99997187445, -9.296273789631e-05, 0, 0, 0, 0, 0, 0, 0, 0, 197.4168773041, 194.4669143467, 197.416237817, 194.466278251, 197.4151037198, 194.4665963009, 197.4168784493, 194.4669143488, 0, 197.4162388708, 194.4662782531, -0.02351485303172, 0, -0.220718881231, -0.02314006422684, 0.181703064884, -0.02314006422684, 0.7472604368285, 0.7487055595662, -0.8272066230734, -0.8262943121228, -0.0399653581681, -0.03878913862458, 0.7475577281748, 0.7487107970808, 0, -0.8275388921735, -0.82628907433, -0, -0, -0, -5.551115123126e-17, 0.002628573059711, 0.3940877229893, 0.3912351149526, 0.3940772566581, 0, 0.3912209648224, 0.3940981893205
14.25, 0.2027153622059, 0.090971066583, -0.199705554623, 0.09101039541165, 0.02065845969141, 0.0005138110870647, -0.01575074141881, -0.001676409250217, 0, 0, -1000, 0, 1000, 7525.740782243, 3127.902625359, 7534.168484063, 3136.957254905, 32.11153502996, 17.15555912422, 17.21257496376, 40.47186530886, -241.8707919705, 4.3441372583, 243.3582811333, 3.898722883565, 5404.975937583, 4006.104480236, 5409.984151695, 3938.296841537, 3, 1.601297959568, 39.25286233694, -1.596919725964, -39.30995677242, -1.444391512898, 0.1835461396082, -1.351250710163, 0.4215675659411, 0, 0, 0.2167348343628, -0, -0, -0, -0, -0, 0.2167348937867, 0.003742331772814, 0, 0, 0, 0, 0, -0.004913829511042, 0.003742358547664, -0.04320830793795, -0.004913794354838, 0.04899428864975, -0.004913794354838, 80.1092660272, 80.13784255069, 80.10895259409, 80.1377195759, 197.7623257395, -0.2050012210183, 0.1977653142603, 0, 1, 49.99998492128, 50, 49.99998811389, 3.032478522141e-05, 0, 0, 0, 0, 0, 0, 0, 0, 197.7641057664, 194.8141327745, 197.7634534775, 194.8135037661, 197.7623257395, 194.8138182838, 197.7641069427, 194.814132788, 0, 197.7634544934, 194.8135037796, -0.02359353800477, 0, -0.22843276995, -0.02288224069716, 0.1739878693221, -0.02288224069716, 0.7471185881457, 0.7485307489231, -0.8273484473634, -0.8264691312653, -0.04011032994849, -0.03893539350637, 0.7474136253217, 0.7485645407957, 0, -0.8276829852448, -0.8264353278085, -0, -0, -0, -0, 0.002628491469878, 0.3940872482302, 0.3912330044135, 0.3940197107417, 0, 0.3912229961058, 0.3941547857187
14.275, 0.2049297180938, 0.09148238502797, -0.19749223139, 0.09152205257066, 0.02092905905478, 0.00036791154129, -0.01522484293181, -0.002060328321066, 0, 0, -1000, 0, 1000, 7526.13872808, 3129.077299392, 7533.789057061, 3135.773941866, 33.85714374661, 17.27616353279, 15.41835848603, 39.4435992203, -241.6053374641, 2.622774071141, 243.5931296412, 2.386755824326, 5405.431940626, 3993.139090549, 5409.562783543, 3950.274752294, 3, 1.637193214104, 39.20995052847, -1.62461572258, -39.65654239826, -1.440223196968, 0.2132683880068, -1.355226534047, 0.3917016913087, 0, 0, 0.2167578842462, -0, -0, -0, -0, -0, 0.216757912408, 0.003382848173418, 0, 0, 0, 0, 0, -0.00310625845351, 0.003382872381459, -0.04345984463893, -0.00310623622493, 0.04873848836968, -0.00310623622493, 80.24991723453, 80.27854436532, 80.24960311351, 80.2784203878, 198.1095475591, -0.2048489212053, 0.1979165683996, 0, 1, 49.99998880156, 50, 50.0000038493, 0.0001261938322927, 0, 0, 0, 0, 0, 0, 0, 0, 198.1113282241, 195.1613577467, 198.1106749798, 195.1607228863, 198.1095475591, 195.1610403251, 198.1113294066, 195.1613577553, 0, 198.1106759911, 195.1607228949, -0.02362617041639, 0, -0.2283121337756, -0.02309512769029, 0.1741074394392, -0.02309512769029, 0.7469720977365, 0.7484038355891, -0.8274949601859, -0.8265960387738, -0.04025740084127, -0.03907473647513, 0.7472688517813, 0.7484251983917, 0, -0.8278277521499, -0.826574671342, -0, -5.551115123126e-17, -0, 5.551115123126e-17, 0.002628361300804, 0.3940882326451, 0.3912320947421, 0.3940455390812, 0, 0.3912238369739, 0.3941309262091
14.3, 0.2046806499047, 0.0936996412677, -0.1977366921855, 0.09374121844243, 0.02203651734871, 0.0003406117817561, -0.01430622779666, 0.0008602481619767, 0, 0, -959.1216246537, 0, 1000, 7526.662502957, 3129.736103832, 7533.277789882, 3135.288153179, 34.41615310307, 17.1598565987, 14.87601586843, 39.26711819602, -241.4656289829, 2.223110954782, 243.7187319655, 2.011145474806, 5405.982008441, 3987.817097718, 5409.007757344, 3953.33578159, 3, 1.665575390184, 40.51236362368, -1.662675883598, -40.40427292045, -1.434730992462, 0.2298056917679, -1.360589108612, 0.3785140221216, 0, 0, 0.2167702637851, -0, -0, -0, -0, -0, 0.2167702826655, 0.002909329674145, 0, 0, 0, 0, 0, -0.002498764338696, 0.002909350496012, -0.04383343769872, -0.00249874645534, 0.04836233338377, -0.00249874645534, 80.39056811552, 80.41924624352, 80.39025395371, 80.41912114637, 198.4567694954, -0.2042707449527, 0.1984948215741, 0, 1, 49.99998793643, 50, 49.99998627858, 3.994356818579e-06, 0, 0, 0, 0, 0, 0, 0, 0, 198.4585502966, 195.508581507, 198.4578969442, 195.5079434218, 198.4567694954, 195.5082624714, 198.4585514864, 195.508581514, 0, 198.4578979508, 195.5079434288, -0.02365467473387, 0, -0.2277610363491, -0.02321243777023, 0.1746586038763, -0.02321243777023, 0.7468245709946, 0.7482664753221, -0.8276425002453, -0.8267333969208, -0.040405402259, -0.03921627398159, 0.7471238751935, 0.7482836606421, 0, -0.8279727247042, -0.8267162086053, -0, -0, -0, -0, 0.002628301675252, 0.3940904848052, 0.3912309970465, 0.3940561408649, 0, 0.3912249447798, 0.3941248287455
14.325, 0.2067742226205, 0.1064418933612, -0.1956357541444, 0.1064951056603, 0.02476409813939, 0.0001566432169708, 0.01342949927236, 0.004646616539301, 0, 0, 132.2910896297, 0, -21.61554256595, 7527.28177973, 3130.780394149, 7532.658898435, 3134.28645089, 36.64049130231, 16.54004449373, 12.62473474392, 39.03539354721, -241.5965312267, 0.652047471832, 243.525001671, 0.4623341249443, 5406.534539416, 3978.959900794, 5408.39744448, 3962.290602799, 3, 1.621446565089, 45.86320203668, -1.633978813243, -45.26195823654, -1.42823249557, 0.2556246428777, -1.367085012136, 0.3535885530035, 0, 0, 0.2167586128613, -0, -0, -0, -0, -0, 0.2167586188748, 0.002354685099667, 0, 0, 0, 0, 0, -0.001207977306128, 0.00235470195017, -0.04427812117696, -0.00120796866171, 0.04791566029534, -0.00120796866171, 80.53121894336, 80.55994727059, 80.53090494741, 80.55982287788, 198.8039917273, -0.2033566235481, 0.1994098110355, 0, 1, 49.99999117458, 50, 49.99997233936, -0.0001456032278321, 0, 0, 0, 0, 0, 0, 0, 0, 198.8057721263, 195.8558060372, 198.8051194157, 195.8551634153, 198.8039917273, 195.8554847296, 198.8057733234, 195.8558060406, 0, 198.8051204182, 195.8551634187, -0.0236671491205, 0, -0.2268577107739, -0.02337747650276, 0.1755628234792, -0.02337747650276, 0.746676755592, 0.7481346444122, -0.8277903307623, -0.8268652248385, -0.04055372943548, -0.03935698159424, 0.7469790953536, 0.7481429526811, 0, -0.8281175062795, -0.8268569158695, -0, -0, -0, 5.551115123126e-17, 0.002628357551801, 0.394090387857, 0.3912298940528, 0.3940737849706, 0, 0.3912261631046, 0.3941069907435
14.35, 0.2078635296597, 0.1101128780909, -0.1945453901403, 0.1101692138644, 0.02471855024967, -1.970631050144e-06, 0.01574542559115, 0.002836836822303, 0, 0, 210.4806632676, 0, -124.2836608028, 7527.474464462, 3130.7977494, 7532.451379513, 3134.324259783, 36.23397449942, 16.52756974942, 13.04313060799, 39.16324337096, -242.2987997732, -0.1408740849485, 242.8297259792, -0.3332358261144, 5405.407259744, 3980.095136658, 5409.458651773, 3962.324144447, 3, 1.448662642679, 46.78755642839, -1.465423099341, -46.23267382896, -1.426205995333, 0.2550239096988, -1.369268620848, 0.355319241305, 0, 0, 0.2167222272084, -0, -0, -0, -0, -0, 0.2167222337718, 0.002359635983862, 0, 0, 0, 0, 0, -0.00128781399513, 0.002359652864127, -0.04425028951124, -0.001287804782486, 0.04794647064978, -0.001287804782486, 80.67187021516, 80.70064798473, 80.67155560504, 80.70052485372, 199.1512142567, -0.2035462774381, 0.1992206072866, 0, 1, 49.99998998772, 50, 49.99997022029, -0.0001781035419877, 0, 0, 0, 0, 0, 0, 0, 0, 199.1529951102, 196.2030287781, 199.1523409956, 196.2023852772, 199.1512142567, 196.2027070312, 199.1529963078, 196.2030287817, 0, 199.1523419975, 196.2023852808, -0.02370621179493, 0, -0.2270865615851, -0.02340945286665, 0.1753344691215, -0.02340945286665, 0.7465354302621, 0.7479944686538, -0.8279316412416, -0.8270054002858, -0.04069511794307, -0.03949660809652, 0.7468375817132, 0.7480033259754, 0, -0.8282590253716, -0.8269965421685, -5.551115123126e-17, -0, 5.551115123126e-17, -0, 0.002628500971834, 0.3940892237241, 0.391232139776, 0.3940715235326, 0, 0.3912240489706, 0.3941069239155
14.375, 0.2086305788948, 0.1189317459691, -0.1937828798384, 0.1189972751463, 0.02675686008738, -0.0003126581067045, 0.03780846913894, -0.004072205742836, 0, 0, 1000, 0, -1000, 7527.265197772, 3131.960527167, 7532.641301772, 3133.140818895, 32.31526160654, 16.92142106983, 17.02834844323, 39.86965432963, -243.2168508287, -2.223268310785, 241.999640066, -2.374499055513, 5403.405210301, 3963.389635531, 5411.448596671, 3980.979751599, 3, 1.364582742918, 50.06960749391, -1.372866848437, -50.14457431325, -1.42839607392, 0.2841460728653, -1.367283037811, 0.3259065457834, 0, 0, 0.2166850953524, -0, -0, -0, -0, -0, 0.216685092649, 0.002793400673381, 0, 0, 0, 0, 0, 0.001274706404923, 0.002793420649846, -0.04373125845507, 0.001274697289172, 0.0484673076495, 0.001274697289172, 80.81252253465, 80.8413497082, 80.8122052477, 80.84122594773, 199.498436804, -0.2064042196855, 0.1963637563947, 0, 1, 49.99998859712, 50, 49.9999859726, -7.235208330156e-05, 0, 0, 0, 0, 0, 0, 0, 0, 199.5002198377, 196.5502538641, 199.4995608595, 196.5496045747, 199.498436804, 196.5499292158, 199.5002210363, 196.5502538605, 0, 199.4995618556, 196.5496045711, -0.02373674062943, 0, -0.2299770429632, -0.0236200266108, 0.1724451309347, -0.0236200266108, 0.7463994857606, 0.7478775797699, -0.8280675797012, -0.827122286786, -0.04083167913732, -0.03963112102902, 0.7466980961293, 0.7478688118592, 0, -0.828398516864, -0.8271310539172, 5.551115123126e-17, -0, -5.551115123126e-17, -0, 0.002628614346842, 0.3940872813894, 0.3912361306422, 0.3941048014253, 0, 0.3912200819461, 0.3940697613535
14.4, 0.2010447177687, -0.08661593174728, -0.2013657597126, -0.08658080753068, -0.02312800008485, -0.0007319125224488, 0.01671384338243, -0.0001448988791419, 0, 0, 1000, 0, -1000, 7527.008737754, 3134.459568777, 7532.885591274, 3130.681210042, 18.99637245778, 40.76735210764, 30.24638186731, 17.44425132795, -243.8086865333, -5.315740195223, 241.4434763462, -6.129453562117, 5403.62619288, 3931.113635962, 5411.277636925, 4013.876635102, 3, -1.693052853404, -36.85345442968, 1.670449661964, 38.09523677476, -1.431084286815, 0.3469478180001, -1.364724213185, 0.2639758049783, 0, 0, 0.2166642957111, -0, -0, -0, -0, -0, 0.2166643209897, 0.002980115826848, 0, 0, 0, 0, 0, 0.005997602527077, 0.002980137134479, -0.04413864416891, 0.005997559644912, 0.04806449854955, 0.005997559644912, 80.95316991377, 80.98205187654, 80.95285976712, 80.98192643661, 199.8456591642, -0.197234114436, 0.2055334786225, 0, 1, 49.99999036432, 50, 49.9999582099, -0.0002034497268552, 0, 0, 0, 0, 0, 0, 0, 0, 199.8474357357, 196.8974814482, 199.8467893915, 196.8968216164, 199.8456591642, 196.8971515151, 199.8474368973, 196.897481431, 0, 199.8467904317, 196.8968215991, -0.02373939043155, 0, -0.220807996673, -0.02400354235279, 0.1816138103771, -0.02400354235279, 0.7462554215295, 0.7477760478962, -0.8282116215597, -0.8272238225175, -0.04097194824353, -0.03976513918079, 0.7465568135021, 0.7477347873971, 0, -0.8285398084462, -0.8272650657587, -0, -0, 5.551115123126e-17, -0, 0.002628628728508, 0.3940866609176, 0.3912356883049, 0.3941690941832, 0, 0.3912204248202, 0.3940042276519
14.425, 0.199091104214, -0.08946839323466, -0.2033272473078, -0.0894313306482, -0.02295927675478, -0.0005559522719246, 0.01659618729278, -0.0007695350504948, 0, 0, 1000, 0, -1000, 7526.901828056, 3134.454685819, 7532.998197331, 3130.810386875, 18.30320407478, 40.60279874009, 30.97655905232, 17.14003802377, -243.1742752442, -4.413738626123, 242.0734311347, -4.990655009195, 5405.361196112, 3932.029774601, 5409.60504549, 4011.632643063, 3, -1.45919299307, -37.81717777281, 1.453151502249, 38.49936255931, -1.432206310646, 0.3472895605908, -1.363544207612, 0.2661299691604, 0, 0, 0.2166675280599, -0, -0, -0, -0, -0, 0.2166675518422, 0.002817024018394, 0, 0, 0, 0, 0, 0.00576859671891, 0.002817044160531, -0.04430403863769, 0.00576855547288, 0.04789954366322, 0.00576855547288, 81.09382091053, 81.12275389605, 81.09351057919, 81.12262698482, 200.1928812444, -0.1971685879707, 0.2055983603701, 0, 1, 49.99999121169, 50, 49.99997630168, -6.920563907405e-05, 0, 0, 0, 0, 0, 0, 0, 0, 200.1946580863, 197.2447039749, 200.1940112475, 197.2440435791, 200.1928812444, 197.2443737604, 200.1946592519, 197.2447039583, 0, 200.1940122844, 197.2440435625, -0.02376604638567, 0, -0.2207684982237, -0.02402405798856, 0.1816526572741, -0.02402405798856, 0.7461102112841, 0.7476315916563, -0.8283568255688, -0.8273682778746, -0.04111718974014, -0.03990801999671, 0.7464127299481, 0.7475919067862, 0, -0.8286838889198, -0.8274079467796, -0, -0, -0, -0, 0.00262853765174, 0.3940879836424, 0.3912322312526, 0.3941672693676, 0, 0.3912237576177, 0.3940086979173
14.45, 0.1988352344598, -0.09195295480634, -0.203588016893, -0.09191393061966, -0.02325370774507, -0.00035310829912, 0.01608709326861, -0.001397250456147, 0, 0, 1000, 0, -1000, 7527.270817542, 3133.988441987, 7532.644509582, 3131.395017086, 17.67809945591, 40.27464843212, 31.65181978284, 16.85165744316, -242.6356750776, -3.161944803196, 242.6045503911, -3.498415721074, 5407.014873867, 3941.055563533, 5407.977519309, 4000.918514489, 3, -1.284181060258, -38.96360523285, 1.288360160629, 39.12411174609, -1.428334780794, 0.3359194104762, -1.367256876066, 0.2799237572526, 0, 0, 0.216678724759, -0, -0, -0, -0, -0, 0.2166787370985, 0.002301674928492, 0, 0, 0, 0, 0, 0.004338100245596, 0.002301691387507, -0.04467178739848, 0.004338069224553, 0.04752902597382, 0.004338069224553, 81.23447214507, 81.26345553104, 81.23416111885, 81.26332801609, 200.5401032355, -0.1977555543695, 0.2050109492303, 0, 1, 49.9999915292, 50, 49.99998904313, -2.976511644834e-06, 0, 0, 0, 0, 0, 0, 0, 0, 200.5418809017, 197.591925392, 200.541232568, 197.5912664783, 200.5401032355, 197.5915959227, 200.5418820803, 197.5919253795, 0, 200.5412335934, 197.5912664659, -0.02379077225182, 0, -0.2213787968023, -0.02397014103173, 0.1810419065489, -0.02397014103173, 0.7459616514241, 0.747475523592, -0.8285053980292, -0.8275243430915, -0.04126659546903, -0.04005424769104, 0.746266678584, 0.7474456811363, 0, -0.8288299341456, -0.8275541765184, -0, 5.551115123126e-17, 5.551115123126e-17, -5.551115123126e-17, 0.002628432414627, 0.3940896661234, 0.391228935125, 0.3941492905764, 0, 0.3912270018075, 0.3940300416704
14.475, 0.1956868948634, -0.110135310283, -0.2067355164274, -0.1100791566653, -0.02760179904304, 9.952278279854e-05, -0.02238382826687, 0.002546552946947, 0, 0, -373.3006561055, 0, 457.8970333576, 7527.548884202, 3130.939380233, 7532.381697018, 3134.32523525, 13.81351476466, 39.20779139, 35.47087248589, 16.81967914551, -242.644854414, 1.055179179712, 242.5147069074, 0.8757023507599, 5407.262467761, 3980.582400998, 5407.712256649, 3962.073298961, 3, -1.289318401799, -46.6501673174, 1.285324792872, 47.07350944802, -1.425412615531, 0.2601663914168, -1.370020481315, 0.3535363231887, 0, 0, 0.2166875448068, -0, -0, -0, -0, -0, 0.2166875511705, 0.002054291741978, 0, 0, 0, 0, 0, -0.001341302742254, 0.00205430643318, -0.04481731506562, -0.001341293150038, 0.04737809416198, -0.001341293150038, 81.37512345491, 81.40415698262, 81.37481160937, 81.40402925583, 200.8873252848, -0.1989891703721, 0.2037775193572, 0, 1, 49.99999441913, 50, 49.99998344856, -6.759037373574e-05, 0, 0, 0, 0, 0, 0, 0, 0, 200.8891045349, 197.939142025, 200.888453155, 197.9384939161, 200.8873252848, 197.9388179743, 200.8891057242, 197.9391420288, 0, 200.8884541699, 197.9384939199, -0.02385388973404, 0, -0.2226749826224, -0.02357708416763, 0.1797459132295, -0.02357708416763, 0.7458162751196, 0.747286110623, -0.828650805299, -0.8277137564609, -0.04141251317839, -0.04020459730376, 0.7461222955563, 0.7472953358066, 0, -0.828974311288, -0.8277045304141, -5.551115123126e-17, -0, -0, -0, 0.002628370948708, 0.3940889882387, 0.3912284411342, 0.3940705528781, 0, 0.3912275310726, 0.3941074235993
14.5, 0.1958681877067, -0.1193863684829, -0.2065517982542, -0.1193198887277, -0.03036834535434, 0.0001450558545095, -0.03837220622633, -0.004039880854834, 0, 0, -1000, 0, 1000, 7527.766719169, 3129.968658373, 7532.173104874, 3135.188015653, 18.00292064236, 39.96012845373, 31.33020967714, 16.51828806925, -242.9931833241, 1.796587269815, 242.2502657154, 1.630773676981, 5406.098301726, 3992.641928205, 5408.853951275, 3950.740437312, 3, -1.577170081294, -51.08284968459, 1.573914709656, 51.3796225941, -1.423119024442, 0.2356592677399, -1.372218454526, 0.3759786892542, 0, 0, 0.2166940133987, -0, -0, -0, -0, -0, 0.2166940350463, 0.002066535359575, 0, 0, 0, 0, 0, -0.003036483591141, 0.00206655013922, -0.0449656558381, -0.003036461874678, 0.04722472528743, -0.003036461874678, 81.515773323, 81.54485774596, 81.51546356469, 81.54473113199, 201.2345473709, -0.1957586594019, 0.2070083329556, 0, 1, 49.99999410242, 50, 49.99998731412, -2.989977188576e-05, 0, 0, 0, 0, 0, 0, 0, 0, 201.2363249602, 198.2863625458, 201.2356769897, 198.2857173161, 201.2345473709, 198.2860399395, 201.2363261364, 198.2863625544, 0, 201.2356780193, 198.2857173247, -0.02389219526705, 0, -0.2194821880833, -0.02347234206432, 0.1829390193241, -0.02347234206432, 0.7456727717881, 0.7471312247284, -0.8287943420175, -0.8278686453179, -0.0415548789345, -0.04034782509341, 0.7459798070073, 0.7471521077179, 0, -0.8291167988457, -0.8278477579048, -0, -0, -0, -0, 0.002628345718025, 0.3940882640228, 0.3912307593957, 0.3940465294701, 0, 0.3912252576458, 0.3941299985754
14.525, 0.1979105309856, -0.02301385817872, -0.2045362648895, -0.02301132622839, -0.006993708042874, 0.000147240975114, -0.02853779098834, -0.003055290913727, 0, 0, -1000, 0, 1000, 7527.434489274, 3129.446583124, 7532.501696573, 3135.941526137, 26.90750887461, 29.84850986205, 22.79727984091, 27.91154558757, -243.2110662215, 2.060852889334, 242.066149793, 1.873216713485, 5404.320351521, 3996.337378333, 5410.621631036, 3945.097925664, 3, -0.2897250478164, -11.69570017124, 0.338913770251, 8.893998070706, -1.426595150321, 0.2216355700987, -1.368781842408, 0.3944137549092, 0, 0, 0.2166882691369, -0, -0, -0, -0, -0, 0.2166883017322, 0.002570272380586, 0, 0, 0, 0, 0, -0.003713179502731, 0.00257029076193, -0.04446527650042, -0.003713152948049, 0.04772133658111, -0.003713152948049, 81.65642520213, 81.68555883087, 81.65611352233, 81.6854327485, 201.5817695752, -0.1975662064414, 0.2052015782009, 0, 1, 49.99999267791, 50, 50.0000645195, 0.0004247984479886, 0, 0, 0, 0, 0, 0, 0, 0, 201.5835489262, 198.6335841845, 201.5828973546, 198.6329403411, 201.5817695752, 198.6332622732, 201.5835500991, 198.6335841949, 0, 201.5828983844, 198.6329403515, -0.0239387882166, 0, -0.2213382364624, -0.02342191193625, 0.1810837866094, -0.02342191193625, 0.7455359999715, 0.7469868831782, -0.828931141353, -0.828012988531, -0.04169173062407, -0.04048751297534, 0.7458396212038, 0.7470124195718, 0, -0.8292569862102, -0.8279874455225, 5.551115123126e-17, -0, -0, -5.551115123126e-17, 0.002628375593926, 0.3940902030529, 0.3912343037947, 0.3940391677416, 0, 0.391221733563, 0.3941412383642
14.55, 0.1969948207655, -0.009624709843923, -0.205450952788, -0.009624293189651, -0.002679891342426, 0.0001887045505905, -0.02659045558031, -0.003072325764789, 0, 0, -1000, 0, 1000, 7527.0496236, 3129.727767548, 7532.881236576, 3135.767671245, 27.28174626921, 28.08731966919, 22.40180938515, 29.64849375465, -243.0632447684, 2.311941310558, 242.2100462817, 2.111977093287, 5404.080921018, 3990.399254808, 5410.847074247, 3950.287284682, 3, 0.01254937153359, -5.371344150943, 0.03346909182674, 2.695921794325, -1.430626516412, 0.2293257914979, -1.364807552214, 0.3888113121945, 0, 0, 0.2166816696087, -0, -0, -0, -0, -0, 0.2166816931634, 0.002893229735274, 0, 0, 0, 0, 0, -0.002906802035218, 0.002893250424993, -0.0441860432379, -0.002906781248586, 0.04800157052722, -0.002906781248586, 81.79707659821, 81.82626098231, 81.79676397879, 81.82613308487, 201.9289918122, -0.1983317373741, 0.2044362785327, 0, 1, 49.99999391214, 50, 50.00006088525, 0.0003780005599475, 0, 0, 0, 0, 0, 0, 0, 0, 201.9307719418, 198.9808073919, 201.9301187223, 198.9801617227, 201.9289918122, 198.9804845655, 201.9307731115, 198.9808074001, 0, 201.9301197537, 198.9801617309, -0.02396347450251, 0, -0.2221295193208, -0.02348833361816, 0.1802927417042, -0.02348833361816, 0.7453960822031, 0.7468526156965, -0.8290710534244, -0.8281472539847, -0.04183149819418, -0.04062732576772, 0.7456977971054, 0.746872607046, 0, -0.8293988113776, -0.8281272585815, -0, -0, -0, -5.551115123126e-17, 0.002628417918475, 0.3940909491547, 0.3912347822228, 0.3940509969933, 0, 0.3912212828747, 0.3941309013161
14.575, 0.2022512413215, 0.08606221132121, -0.2001599498211, 0.08609725959358, 0.02079570940689, 0.0005821377418885, -0.01648768556701, -0.0006615999598318, 0, 0, -1000, 0, 1000, 7526.877395411, 3128.069549478, 7533.049459241, 3137.237530442, 31.1089978973, 17.38248823671, 18.14747612584, 40.60131836435, -242.1740076591, 5.380223423256, 243.0678863634, 4.735733814559, 5405.543902426, 4011.713335732, 5409.354286331, 3931.173332261, 3, 1.51974817334, 37.54208919469, -1.537256829512, -36.90559121715, -1.432430126513, 0.1887216545309, -1.363047224854, 0.4259353925988, 0, 0, 0.216671875349, -0, -0, -0, -0, -0, 0.2166719456886, 0.002790287185817, 0, 0, 0, 0, 0, -0.005836508267042, 0.002790307137582, -0.0438884814014, -0.005836466533745, 0.04830904226162, -0.005836466533745, 81.93773069105, 81.96696220277, 81.93741179249, 81.96683463466, 202.2762141073, -0.2052974727022, 0.1974687778353, 0, 1, 49.99999623744, 50, 49.99997651564, -0.0001531969999351, 0, 0, 0, 0, 0, 0, 0, 0, 202.2779995962, 199.3280268013, 202.2773355316, 199.327386613, 202.2762141073, 199.3277067235, 202.2780007947, 199.3280268176, 0, 202.2773365292, 199.3273866293, -0.02400137732321, 0, -0.2291343401218, -0.02328894678967, 0.1732861331166, -0.02328894678967, 0.7452532364596, 0.746685021498, -0.8292138246295, -0.8283148565653, -0.04197703710026, -0.04077477346586, 0.7455529171486, 0.7467251573942, 0, -0.8295436846516, -0.8282747043259, -0, -0, -0, -0, 0.002628468990168, 0.3940887562542, 0.3912318694797, 0.3940085371276, 0, 0.3912242547902, 0.3941689753807
14.6, 0.2050867529791, 0.1008553584067, -0.1973287134584, 0.1009029126509, 0.02307094369833, 0.0001859990656051, -0.003607946703929, -0.0001534178562522, 0, 0, -549.3393845882, 0, 584.8416958148, 7527.094145221, 3129.982410852, 7532.820744081, 3135.300976216, 34.78620592483, 16.79949322472, 14.50856766502, 39.39613112503, -242.1386643301, 1.436783761097, 243.0277907102, 1.254298606681, 5405.622551949, 3989.907144815, 5409.265771967, 3954.211484049, 3, 1.487973383563, 42.8606118765, -1.491953262219, -42.97482235415, -1.43015385519, 0.2356342611468, -1.3654504473, 0.3786103244798, 0, 0, 0.2166506513294, -0, -0, -0, -0, -0, 0.216650670121, 0.002612865695241, 0, 0, 0, 0, 0, -0.002586764470592, 0.002612884374705, -0.04410744446258, -0.002586745977856, 0.04809366961318, -0.002586745977856, 82.07838128354, 82.10766271064, 82.07806313463, 82.10753683843, 202.6234365263, -0.2034374336291, 0.199328861564, 0, 1, 49.99999849852, 50, 49.99999895908, -2.630882179036e-05, 0, 0, 0, 0, 0, 0, 0, 0, 202.625220807, 199.6752530992, 202.6245588693, 199.6746049154, 202.6234365263, 199.6749290146, 202.6252220017, 199.6752531065, 0, 202.6245598731, 199.6746049227, -0.02400568704522, 0, -0.2272777860049, -0.02357980506739, 0.1751427519954, -0.02357980506739, 0.7451065604406, 0.7465682849329, -0.8293604816367, -0.8284315832938, -0.04212337616057, -0.04091385721991, 0.7454077361779, 0.7465860752883, 0, -0.8296888711842, -0.8284137897281, 5.551115123126e-17, -0, -5.551115123126e-17, -5.551115123126e-17, 0.002628541711656, 0.3940875308445, 0.3912317116593, 0.3940519773976, 0, 0.3912244323508, 0.3941230842915
14.625, 0.2075047605195, 0.1150784583557, -0.1949075200702, 0.115140068355, 0.02591517922702, -0.0001331234028385, 0.03043287824673, 0.002761298788886, 0, 0, 771.9125150657, 0, -679.7627036937, 7527.16012055, 3131.426983749, 7532.748867638, 3133.889615803, 34.41718533844, 16.46887065645, 14.85623979365, 39.52288629656, -242.7003937994, -1.011089023648, 242.478489523, -1.192057393209, 5404.184017525, 3971.258424355, 5410.739847098, 3972.83135995, 3, 1.41786871918, 48.99637690114, -1.427815855362, -48.35940935558, -1.42945909189, 0.2709546325347, -1.366208592671, 0.3439371707372, 0, 0, 0.2166450018953, -0, -0, -0, -0, -0, 0.2166450014742, 0.00276814200568, 0, 0, 0, 0, 0, 0.0001139862332464, 0.002768161794188, -0.04387138417215, 0.0001139854184033, 0.04832838431447, 0.0001139854184033, 82.21903298228, 82.24836390159, 82.2187133161, 82.24823841371, 202.970658763, -0.2045838594912, 0.1981835469152, 0, 1, 49.99999835614, 50, 49.99998325552, -7.934046632245e-05, 0, 0, 0, 0, 0, 0, 0, 0, 202.9724442136, 200.0224785456, 202.9717798575, 200.0218238958, 202.970658763, 200.0221512203, 202.9724454081, 200.0224785452, 0, 202.9717808595, 200.0218238954, -0.02402699840852, 0, -0.2284464278487, -0.02381502959601, 0.1739752353724, -0.02381502959601, 0.7449644167285, 0.7464485670594, -0.8295026371803, -0.8285512968909, -0.04226603037257, -0.04105214892171, 0.7452639827622, 0.7464477830503, 0, -0.8298326269322, -0.8285520808937, -0, -0, 5.551115123126e-17, 5.551115123126e-17, 0.002628537843281, 0.394087559975, 0.3912345785024, 0.3940891266439, 0, 0.3912214945986, 0.3940859933061
14.65, 0.2051077801703, 0.004607956098376, -0.1973295315248, 0.004608051785797, -0.001214719059882, -0.0004596397404196, 0.02619274456932, -0.001847080979697, 0, 0, 1000, 0, -1000, 7527.002230255, 3133.211721087, 7532.911163582, 3132.220567171, 22.06215015214, 30.4259728816, 27.51958715861, 27.54748410856, -243.477740934, -3.378235980876, 241.7997258965, -3.604117836521, 5403.769134617, 3947.46525314, 5411.203666405, 3994.966714406, 3, -0.2951077118216, 0.7698136451142, 0.3274379578867, -2.26511181435, -1.431113898266, 0.3152372911753, -1.364509008023, 0.3018835401109, 0, 0, 0.2166567911941, -0, -0, -0, -0, -0, 0.216656793529, 0.002956637157179, 0, 0, 0, 0, 0, 0.003442297737442, 0.002956658295475, -0.04378303359089, 0.003442273127121, 0.04841112981626, 0.003442273127121, 82.35968364491, 82.38906579414, 82.35936446268, 82.38893918297, 203.3178807973, -0.203551243894, 0.1992168820645, 0, 1, 49.99999616289, 50, 50.00003754023, 0.0002739859254649, 0, 0, 0, 0, 0, 0, 0, 0, 203.3196659375, 200.3697045679, 203.3190023609, 200.3690421686, 203.3178807973, 200.3693733583, 203.3196671242, 200.369704558, 0, 203.3190033705, 200.3690421587, -0.0240450621364, 0, -0.2274321933217, -0.02409694191153, 0.1749901920771, -0.02409694191153, 0.7448210443534, 0.7463333519605, -0.8296460483622, -0.828666511589, -0.04240880284066, -0.04119025629783, 0.7451200077575, 0.7463096726345, 0, -0.8299766023078, -0.8286901852301, -5.551115123126e-17, -5.551115123126e-17, 5.551115123126e-17, -0, 0.002628467030788, 0.3940892104765, 0.3912354054236, 0.3941365226888, 0, 0.3912205701791, 0.3940418982641
14.675, 0.2036480022838, -0.04590986424674, -0.1987764413754, -0.04589999907845, -0.01404628116184, -0.0005226151344148, 0.020517218412, -7.975926965991e-05, 0, 0, 1000, 0, -1000, 7526.682493761, 3133.323094242, 7533.246729976, 3132.008389767, 20.52332282005, 35.97080870686, 28.88014573354, 21.74700589814, -243.5106785066, -3.890073583234, 241.7628200424, -4.220877559739, 5403.904184145, 3943.936341507, 5411.083414347, 3998.249535467, 3, -1.072629323224, -20.21921571823, 1.079835734378, 20.09257517878, -1.434469547047, 0.3177853767347, -1.360988619777, 0.2974556196353, 0, 0, 0.2166816834107, -0, -0, -0, -0, -0, 0.2166816874751, 0.003196564360228, 0, 0, 0, 0, 0, 0.0039359249155, 0.00319658721912, -0.0437985820938, 0.00393589676958, 0.04839373085049, 0.00393589676958, 82.50033359074, 82.5297669252, 82.50001629919, 82.5296407515, 203.6651027034, -0.2004243523095, 0.202342967517, 0, 1, 49.99999783164, 50, 50.00000338416, 5.913376669591e-05, 0, 0, 0, 0, 0, 0, 0, 0, 203.6668864388, 200.7169275014, 203.6662260085, 200.7162632281, 203.6651027034, 200.7165953533, 203.6668876098, 200.71692749, 0, 203.6662270355, 200.7162632167, -0.02409106716818, 0, -0.2243512063332, -0.02416511738728, 0.1780703407651, -0.02416511738728, 0.7446765991085, 0.7461950371175, -0.829790500486, -0.8288048265164, -0.04255168903146, -0.04133196641906, 0.74497566854, 0.7461679616817, 0, -0.8301209357781, -0.8288318945199, -0, -0, -0, -0, 0.002628370615217, 0.394089455368, 0.3912351363196, 0.3941435521746, 0, 0.3912208098254, 0.3940353585614
14.7, 0.199912943396, -0.08546043185603, -0.2024949737199, -0.08542649977593, -0.02293911592648, -0.0007000389920833, 0.01709867703716, 0.000366847574328, 0, 0, 1000, 0, -1000, 7526.582292752, 3134.731369787, 7533.355817697, 3130.598496132, 18.92937306943, 40.73346933144, 30.28395682205, 17.44060268418, -243.3761525479, -5.433871122261, 241.8841366794, -6.287085491824, 5404.205109364, 3925.41164643, 5410.754145658, 4016.267283986, 3, -1.527685545707, -35.91138054637, 1.502686944851, 37.55678960535, -1.435524305326, 0.3535812842322, -1.359841861386, 0.2616321105107, 0, 0, 0.2166920691521, -0, -0, -0, -0, -0, 0.2166920999049, 0.003240090112885, 0, 0, 0, 0, 0, 0.006584053353043, 0.003240113285255, -0.04397520715902, 0.00658400626575, 0.0482191327626, 0.00658400626575, 82.64098327788, 82.67046924601, 82.6406684334, 82.67034109202, 204.0123247752, -0.1969685848232, 0.2057976378205, 0, 1, 49.99999958594, 50, 49.99995799226, -0.0002342739006252, 0, 0, 0, 0, 0, 0, 0, 0, 204.0141064922, 201.0641530818, 204.0134502382, 201.0634820453, 204.0123247752, 201.0638175442, 204.01410765, 201.0641530625, 0, 204.0134512812, 201.063482026, -0.02411864971973, 0, -0.2209223208463, -0.02441114856993, 0.1814981051947, -0.02441114856993, 0.7445295301178, 0.7460730150047, -0.8299375519598, -0.828926852445, -0.04269735489161, -0.04147220461303, 0.744829805206, 0.7460277187129, 0, -0.8302667955762, -0.828972127939, 5.551115123126e-17, -0, -0, 5.551115123126e-17, 0.002628353154169, 0.3940899586227, 0.3912345359433, 0.394180452285, 0, 0.391221466744, 0.3939994649604
14.725, 0.1968873568915, -0.1028935242101, -0.2055353420112, -0.1028448075515, -0.02656399044221, -2.780911767721e-05, -0.009013812086397, 0.001163354938994, 0, 0, 107.9145044874, 0, -50.06718576092, 7526.443820676, 3131.212259149, 7533.492369173, 3134.073341826, 13.56515366577, 38.93649664748, 35.73237345221, 17.12524884295, -242.9395072538, 0.1553597444204, 242.2063620025, -0.0198243311073, 5405.502171645, 3970.144647995, 5409.411588134, 3972.205562678, 3, -1.367503358993, -43.68904709497, 1.363013861774, 43.64453491121, -1.436980959865, 0.2659847410165, -1.358406541575, 0.3483791041942, 0, 0, 0.21668630781, -0, -0, -0, -0, -0, 0.2166863071869, 0.003145783967557, 0, 0, 0, 0, 0, 0.0001493487101713, 0.003145806464275, -0.04392514066303, 0.0001493476421285, 0.04827064191919, 0.0001493476421285, 82.78163548916, 82.81117103839, 82.78131811453, 82.81104200923, 204.3595470412, -0.2000444704226, 0.2027213468529, 0, 1, 50.00000170108, 50, 50.00000056024, -2.643574929826e-05, 0, 0, 0, 0, 0, 0, 0, 0, 204.3613317957, 201.4113691608, 204.3606693935, 201.4107103767, 204.3595470412, 201.4110397683, 204.3613329687, 201.4113691604, 0, 204.3606704194, 201.4107103763, -0.02420465477106, 0, -0.2240844273596, -0.02396542870604, 0.1783355967258, -0.02396542870604, 0.7443826955978, 0.7458752349748, -0.8300843742309, -0.8291246272539, -0.04284517068884, -0.04162572337576, 0.744682626773, 0.7458742077332, 0, -0.8304139718656, -0.8291256544847, -5.551115123126e-17, -0, -0, -0, 0.002628408976547, 0.3940892926175, 0.3912319524169, 0.3940913453214, 0, 0.3912241408643, 0.3940872399136
14.75, 0.1952541562033, -0.1082491285822, -0.2071652900678, -0.1081951434483, -0.02747297386762, 3.691224321637e-05, -0.01460025845827, 0.003459054115002, 0, 0, -75.50565855403, 0, 168.9669126832, 7526.734675338, 3131.198206958, 7533.186185508, 3134.183958403, 12.93002509905, 39.07453851311, 36.36206639774, 16.72527298908, -242.665882645, 0.5061911155605, 242.4598944008, 0.3157090074831, 5406.310877648, 3973.134019608, 5408.574625732, 3969.385678679, 3, -1.281001004031, -45.63123782052, 1.266372715362, 46.19208411564, -1.433931575693, 0.2658742312362, -1.361617984165, 0.3503361382237, 0, 0, 0.2166629834514, -0, -0, -0, -0, -0, 0.2166629846187, 0.002799996991271, 0, 0, 0, 0, 0, -0.0002716317599002, 0.002800017010821, -0.04423363918013, -0.0002716298177885, 0.0479642978103, -0.0002716298177885, 82.92228642591, 82.95187299612, 82.92196911742, 82.95174286661, 204.7067694978, -0.1995450763011, 0.2032219641544, 0, 1, 50.00000228954, 50, 49.99998501078, -0.0001317864945416, 0, 0, 0, 0, 0, 0, 0, 0, 204.7085542272, 201.7585919773, 204.7078915526, 201.7579323817, 204.7067694978, 201.7582621803, 204.708555406, 201.7585919781, 0, 204.7078925746, 201.7579323825, -0.02424178441453, 0, -0.2236210112371, -0.02399494922579, 0.1788002647564, -0.02399494922579, 0.7442325291838, 0.7457260042319, -0.8302345324455, -0.8292738576695, -0.0429954727112, -0.04177205840759, 0.7445345656247, 0.7457278725254, 0, -0.8305620397145, -0.8292719893406, -0, -0, -0, -5.551115123126e-17, 0.002628517479039, 0.3940891238021, 0.3912303398286, 0.3940853903948, 0, 0.3912258098761, 0.3940928572094
14.775, 0.1960130420034, -0.06991789424021, -0.2064050195234, -0.06989546830998, -0.01770442811723, 0.0003350555432143, -0.03331135513993, 1.152938710127e-06, 0, 0, -1000, 0, 1000, 7527.087086875, 3129.582795647, 7532.821366652, 3135.7499665, 21.51096018559, 34.22401214964, 27.8283848245, 22.69378179263, -242.3192452726, 2.909350198836, 242.9583747137, 2.737061746847, 5406.517191003, 3995.7056137, 5408.36735119, 3948.148937019, 3, -0.6318493421303, -29.36221795034, 0.6199822813378, 29.69642955569, -1.430232964507, 0.2258914233357, -1.365448070299, 0.3894237203306, 0, 0, 0.2166445367909, -0, -0, -0, -0, -0, 0.2166445654247, 0.00250090604288, 0, 0, 0, 0, 0, -0.00344629904101, 0.002500923920931, -0.0445540985193, -0.003446274404863, 0.04764207853592, -0.003446274404863, 83.06293695694, 83.09257441598, 83.06262054327, 83.09244429572, 205.053991912, -0.1977136360597, 0.2050546071587, 0, 1, 49.99999979339, 50, 49.99998887252, -9.307087531977e-05, 0, 0, 0, 0, 0, 0, 0, 0, 205.0557758993, 202.105811471, 205.0551144573, 202.1051571513, 205.053991912, 202.105484321, 205.0557770772, 202.1058114808, 0, 205.0551154826, 202.1051571611, -0.02429197711219, 0, -0.2218385537256, -0.02380302092987, 0.180583960929, -0.02380302092987, 0.7440828654642, 0.745554788538, -0.830384215591, -0.8294450783954, -0.04314487286173, -0.04192144100894, 0.7443870897845, 0.7455784896087, 0, -0.8307095230114, -0.8294213716266, -0, -0, -0, -0, 0.002628583659705, 0.3940877935593, 0.3912299271506, 0.3940404263515, 0, 0.3912262246091, 0.3941351607671
14.8, 0.2028068492924, 0.08664711621195, -0.1996077374228, 0.08668246667586, 0.02056877609192, 0.0005818354784356, -0.01660546894068, -0.000545277859141, 0, 0, -1000, 0, 1000, 7527.303440662, 3128.053271407, 7532.601325659, 3137.157049167, 30.88828597112, 17.31904385601, 18.38050315554, 40.53012290915, -242.0397674724, 5.223793627292, 243.2072626691, 4.613842168362, 5406.137774698, 4015.580958889, 5408.790331139, 3929.463347505, 3, 1.603395627953, 37.62708769504, -1.616093929438, -36.86145567811, -1.427958300307, 0.1880803654923, -1.367762756372, 0.4248909656442, 0, 0, 0.2166447022386, -0, -0, -0, -0, -0, 0.2166447773204, 0.002371435892399, 0, 0, 0, 0, 0, -0.00624070186207, 0.002371452844943, -0.0441833688129, -0.006240657249822, 0.04801934754632, -0.006240657249822, 83.20359138965, 83.23327558274, 83.20326800936, 83.23314594663, 205.4012141212, -0.2055413634793, 0.1972256331212, 0, 1, 50.00000178336, 50, 49.9999837125, -9.331062557929e-05, 0, 0, 0, 0, 0, 0, 0, 0, 205.4030042602, 202.4530311777, 205.4023305237, 202.4523817114, 205.4012141212, 202.4527064622, 205.4030054697, 202.4530311954, 0, 205.4023315121, 202.4523817291, -0.02433924701182, 0, -0.2297150089092, -0.02362646417392, 0.1727062337301, -0.02362646417392, 0.7439390521426, 0.7453875824484, -0.8305279787443, -0.8296122929873, -0.04329187599971, -0.0420694313532, 0.744240745466, 0.7454304970221, 0, -0.8308558616476, -0.8295693597285, -0, -0, -0, -5.551115123126e-17, 0.002628560278176, 0.3940866069189, 0.39123068492, 0.3940008324061, 0, 0.3912253798694, 0.3941723814318
14.825, 0.2033447087704, 0.08617618959239, -0.1990682527288, 0.08621086124131, 0.01966174494517, 0.000546091356209, -0.01710029303719, 8.388647642664e-05, 0, 0, -1000, 0, 1000, 7527.280476609, 3127.467095185, 7532.635330647, 3137.765249317, 30.38528359708, 17.18617240365, 18.81675154841, 40.52381682211, -242.5675491564, 5.438006119643, 242.6939461501, 4.765929446392, 5405.115272332, 4021.584996666, 5409.868304955, 3922.162803984, 3, 1.411264982409, 37.27673318044, -1.427344200596, -35.95189854822, -1.428192564762, 0.1726336587163, -1.367414114509, 0.4407127327009, 0, 0, 0.2166683136719, -0, -0, -0, -0, -0, 0.2166684117983, 0.002544437619378, 0, 0, 0, 0, 0, -0.007204847570384, 0.002544455812614, -0.04403337147434, -0.007204796054611, 0.04816669946227, -0.007204796054611, 83.34424258069, 83.37397628977, 83.34391862171, 83.37384786954, 205.7484360558, -0.2057149207333, 0.197051727751, 0, 1, 50.00000309887, 50, 49.99997420762, -0.0001156228085137, 0, 0, 0, 0, 0, 0, 0, 0, 205.7502270538, 202.8002525652, 205.7495519219, 202.7996045387, 205.7484360558, 202.7999285724, 205.7502282604, 202.8002525856, 0, 205.749552912, 202.7996045591, -0.02438151764528, 0, -0.2299313868985, -0.02357408615404, 0.1724894802597, -0.02357408615404, 0.7437955676329, 0.7452366933369, -0.830671476848, -0.8297631858016, -0.04343520290854, -0.04221369070269, 0.744096238304, 0.7452862364143, 0, -0.8310003640894, -0.8297136178197, -0, 5.551115123126e-17, -0, -5.551115123126e-17, 0.002628448471907, 0.3940878974812, 0.3912327225652, 0.3939888713937, 0, 0.3912232316674, 0.3941869235688
14.85, 0.205939160876, 0.1014754564453, -0.1964813975357, 0.1015232200229, 0.02305142929529, -7.734545771622e-05, 0.005956218056053, 0.0009787427108757, 0, 0, -170.6071120957, 0, 223.170266112, 7527.202902043, 3130.899561669, 7532.730155611, 3134.375929596, 35.66008293281, 17.24155458976, 13.61481228306, 38.83478500719, -242.8290671732, -0.3478805839081, 242.3272234804, -0.5189604584492, 5403.66033955, 3975.97266657, 5411.345440485, 3965.907461727, 3, 1.271012185143, 42.8009092667, -1.263979614139, -42.87607639858, -1.429001078536, 0.258134631579, -1.366425887167, 0.3560182453825, 0, 0, 0.2166988433252, -0, -0, -0, -0, -0, 0.2166988469543, 0.002830341970674, 0, 0, 0, 0, 0, -0.0007293971821309, 0.002830362213886, -0.04393798219976, -0.0007293919653631, 0.04825941680925, -0.0007293919653631, 83.48489272924, 83.51467760079, 83.48457023842, 83.5145491684, 206.0956579145, -0.2027130072022, 0.2000528356708, 0, 1, 50.00000503706, 50, 50.00001059478, 7.693870087266e-05, 0, 0, 0, 0, 0, 0, 0, 0, 206.0974471571, 203.1474817596, 206.0967759507, 203.1468196361, 206.0956579145, 203.1471507, 206.0974483453, 203.1474817618, 0, 206.09677696, 203.1468196382, -0.02437454078558, 0, -0.2269228120377, -0.02408691315166, 0.1754972115019, -0.02408691315166, 0.7436521028045, 0.7451472115013, -0.8308149548988, -0.8298526494493, -0.04357745894886, -0.04234770209695, 0.7439521244197, 0.7451522282507, 0, -0.8311444726928, -0.8298476324446, -0, -0, -0, -0, 0.002628337316541, 0.3940897607965, 0.3912356213368, 0.394079735692, 0, 0.3912202886347, 0.3940997859009
14.875, 0.2071476684157, 0.1198067228577, -0.1952653152928, 0.1198735606516, 0.02723203437606, -0.0002532549235763, 0.0379960858308, -0.00386514814022, 0, 0, 1000, 0, -1000, 7526.861285498, 3131.851865742, 7533.08370703, 3133.356520587, 32.75767055425, 16.5286977229, 16.52112451067, 39.93766666493, -243.0738146889, -1.803837311916, 242.1468035683, -1.965671704379, 5403.433879227, 3961.702410044, 5411.53221249, 3980.009263377, 3, 1.367122998005, 50.93822141982, -1.37325740343, -50.58751546728, -1.432583268467, 0.2818028161451, -1.362719546403, 0.3310637065775, 0, 0, 0.2167150224169, -0, -0, -0, -0, -0, 0.2167150190981, 0.003118107895563, 0, 0, 0, 0, 0, 0.001326646348053, 0.003118130200269, -0.0435529875449, 0.001326636858246, 0.04863813535936, 0.001326636858246, 83.62554501973, 83.65537884771, 83.62521976573, 83.65525056412, 206.4428799545, -0.2055180314352, 0.1972486518992, 0, 1, 50.00000356516, 50, 49.99999449606, -4.724123840681e-05, 0, 0, 0, 0, 0, 0, 0, 0, 206.4446716364, 203.4947062136, 206.4439957723, 203.4940393027, 206.4428799545, 203.4943727543, 206.444672829, 203.4947062098, 0, 206.4439967732, 203.4940392989, -0.02439941215109, 0, -0.2297541708759, -0.02426106691986, 0.1726666911319, -0.02426106691986, 0.7435095639382, 0.7450203815759, -0.8309575309878, -0.8299794776495, -0.04372076230623, -0.04248867286558, 0.7438069569802, 0.7450112563249, 0, -0.8312896344251, -0.829988602056, -0, -0, -0, -0, 0.002628315212964, 0.3940899285065, 0.39123607446, 0.3941081624241, 0, 0.3912199143924, 0.3940716945888
14.9, 0.2049856404657, -0.03185000381411, -0.1974474511382, -0.03184529486859, -0.01015437819402, -0.0004476577418602, 0.02213943865119, -0.001733593583067, 0, 0, 1000, 0, -1000, 7526.642094017, 3133.170765172, 7533.294640158, 3132.115523564, 21.60119482664, 34.35513949957, 27.98436415671, 23.6535732144, -243.3089652896, -3.41128765834, 241.9616188924, -3.68130222475, 5404.116576929, 3945.279964062, 5410.788879661, 3996.358608223, 3, -0.7750437445644, -14.76388073216, 0.7996879853864, 13.12724014279, -1.434884859028, 0.3141919264298, -1.360505584537, 0.3000893497825, 0, 0, 0.2167006572946, -0, -0, -0, -0, -0, 0.2167006599462, 0.003188631206668, 0, 0, 0, 0, 0, 0.003701526163925, 0.003188654012823, -0.04371830272529, 0.003701499689562, 0.04846853735522, 0.003701499689562, 83.76619477834, 83.79608058617, 83.76587192433, 83.79595157421, 206.790102336, -0.2018966273225, 0.2008713483593, 0, 1, 50.00000155711, 50, 50.00004079597, 0.0002070183249299, 0, 0, 0, 0, 0, 0, 0, 0, 206.791891804, 203.8419314909, 206.7912201681, 203.8412586373, 206.790102336, 203.8415950533, 206.7918929823, 203.84193148, 0, 206.7912211862, 203.8412586265, -0.02442220949435, 0, -0.2261549235669, -0.02447725163498, 0.1762672699665, -0.02447725163498, 0.7433614705834, 0.7448944375664, -0.8311056605913, -0.8301054219958, -0.04386740445086, -0.04263095174936, 0.7436599914844, 0.7448689747451, 0, -0.8314366071951, -0.8301308782438, 5.551115123126e-17, -0, -0, -0, 0.002628419047673, 0.3940900005996, 0.3912347136452, 0.3941408757431, 0, 0.3912213961159, 0.3940391254562
14.925, 0.1956253409895, -0.1040112524726, -0.2067920110712, -0.1039612107184, -0.02715358263989, -0.0001100062794626, -0.007048179916756, 0.01194864081848, 0, 0, 273.3718479539, 0, -57.9878580653, 7526.317148002, 3131.13952362, 7533.605076178, 3134.096054269, 12.12839706141, 38.78164817297, 37.15935923296, 16.77170046538, -243.2952098464, -0.2382240456187, 241.8044503071, -0.4250172422889, 5404.66109508, 3969.723383562, 5410.223589794, 3973.127799522, 3, -1.449550248171, -43.87265108463, 1.428654846858, 44.94095122916, -1.438297326429, 0.2638712673457, -1.35724640664, 0.349367650735, 0, 0, 0.2166854624028, -0, -0, -0, -0, -0, 0.2166854613335, 0.003355954235554, 0, 0, 0, 0, 0, 0.0002467084818507, 0.003355978235094, -0.04378431165652, 0.0002467067175694, 0.04841406543136, 0.0002467067175694, 83.90684478829, 83.93678280898, 83.90652386106, 83.93665226345, 207.1373247359, -0.1999482394414, 0.2028187677743, 0, 1, 50.00000597362, 50, 49.99997699634, -0.000184448871846, 0, 0, 0, 0, 0, 0, 0, 0, 207.1391133889, 204.1891507381, 207.1384431706, 204.1884841514, 207.1373247359, 204.1888174441, 207.1391145592, 204.1891507374, 0, 207.1384441984, 204.1884841507, -0.02449715907004, 0, -0.2242812326611, -0.02424927344887, 0.1781399729462, -0.02424927344887, 0.7432138031164, 0.7447207325141, -0.831253251591, -0.8302791264408, -0.04401362481114, -0.04278089384827, 0.7435127739545, 0.7447190356146, 0, -0.8315838271748, -0.8302808233112, 5.551115123126e-17, -0, -0, -0, 0.002628516020837, 0.3940887936387, 0.3912336286038, 0.3940921844912, 0, 0.3912225225054, 0.3940854027861
14.95, 0.1977329170135, 0.03952983054548, -0.2047124162612, 0.0395373117127, 0.008277572291411, 0.0003870542353364, -0.02131651204195, -0.002541354097559, 0, 0, -1000, 0, 1000, 7526.170316249, 3128.425883227, 7533.742229728, 3136.799305533, 28.23623146849, 22.95206152022, 21.4407263558, 35.3984843305, -242.4672147106, 3.629155983348, 242.7979514557, 3.353952930708, 5404.763997998, 4003.125994319, 5410.14977564, 3939.919495253, 3, 0.8373575862624, 15.83983322879, -0.7951045571357, -18.3024135508, -1.439841687736, 0.1960838329873, -1.355804714602, 0.4168549548912, 0, 0, 0.2166841573406, -0, -0, -0, -0, -0, 0.2166842087178, 0.003448419781176, 0, 0, 0, 0, 0, -0.004580397805075, 0.00344844444167, -0.04364920923249, -0.004580365049747, 0.04854332014495, -0.004580365049747, 84.04749664961, 84.07748392581, 84.04717391172, 84.07735391713, 207.4845469755, -0.2012095220774, 0.2015590936189, 0, 1, 50.0000016637, 50, 50.00006576491, 0.0003883514223385, 0, 0, 0, 0, 0, 0, 0, 0, 207.4863374766, 204.5363682752, 207.4856635465, 204.5357107124, 207.4845469755, 204.536039507, 207.4863386503, 204.5363682884, 0, 207.4856645693, 204.5357107255, -0.02458083002062, 0, -0.2256267069057, -0.02392100131019, 0.1767961313018, -0.02392100131019, 0.7430667611241, 0.7445360335157, -0.8314003387172, -0.8304638342507, -0.04416099622223, -0.04293239596162, 0.7433648092637, 0.7445675328888, 0, -0.8317317970123, -0.8304323248121, -0, -0, -0, -0, 0.002628538347484, 0.3940885988507, 0.3912334243218, 0.3940256441706, 0, 0.3912226687987, 0.3941515535309
14.975, 0.2048288045342, 0.09987717614788, -0.1975893940835, 0.09992395507488, 0.02227727022674, 0.0001673455570402, -0.006062368748889, -9.306381740157e-05, 0, 0, -646.2994808218, 0, 681.5113779274, 7526.301205652, 3129.633825372, 7533.617811356, 3135.449278132, 34.63671549276, 16.83312299373, 14.65642415801, 39.38169501606, -242.1860242334, 1.300786577253, 242.9892549388, 1.124612983495, 5404.449918506, 3987.91132662, 5410.507922821, 3955.399504401, 3, 1.455152490858, 42.4745122037, -1.452059322205, -42.57923321083, -1.438472907632, 0.2260379752785, -1.357106791603, 0.3841499175154, 0, 0, 0.2167072493628, -0, -0, -0, -0, -0, 0.2167072682913, 0.003394034058312, 0, 0, 0, 0, 0, -0.002356040625441, 0.003394058335054, -0.04351616587667, -0.002356023773344, 0.04868501277717, -0.002356023773344, 84.18814916914, 84.21818488562, 84.18782323403, 84.21805573902, 207.831768944, -0.2034899815673, 0.1992762784663, 0, 1, 50.00000648813, 50, 50.0000120393, 6.654228922516e-05, 0, 0, 0, 0, 0, 0, 0, 0, 207.8335619143, 204.8835934426, 207.8328833643, 204.8829297438, 207.831768944, 204.8832616, 207.8335630964, 204.8835934494, 0, 207.8328843766, 204.8829297506, -0.02461327872074, 0, -0.2279401174272, -0.02414421715478, 0.1744802956947, -0.02414421715478, 0.7429190037882, 0.744408424832, -0.8315480290229, -0.8305914366595, -0.04430995042656, -0.04307530085618, 0.7432161439011, 0.744424628558, 0, -0.8318804542432, -0.8305752302704, -0, -0, -5.551115123126e-17, -0, 0.002628461696636, 0.3940883354925, 0.391234050669, 0.3940559531995, 0, 0.3912219545375, 0.3941207177855
15, 0.2065873563338, 0.06967885250446, -0.1958389858698, 0.06970162086815, 0.01475643840823, -0.0002995146303817, 0.03342313349383, -0.001061287377015, 0, 0, 1000, 0, -1000, 7526.499548506, 3132.371247042, 7533.430552515, 3132.596951952, 27.45960632384, 22.73107281069, 21.98958391392, 34.51818436242, -242.8113746634, -2.551205260897, 242.4734204505, -2.715971414984, 5404.203049077, 3953.539009299, 5410.782847043, 3989.529874246, 3, 0.8140788679983, 29.18218116153, -0.7976146690332, -29.90525332941, -1.436396317419, 0.2947233107543, -1.359068222407, 0.313177376301, 0, 0, 0.216735775753, -0, -0, -0, -0, -0, 0.2167357733083, 0.003279257513666, 0, 0, 0, 0, 0, 0.002608157104702, 0.003279280975613, -0.04343719632853, 0.002608138444378, 0.04875485350445, 0.002608138444378, 84.32880122992, 84.35888676231, 84.32847297008, 84.35875656785, 208.178990853, -0.2056627383407, 0.1971049629108, 0, 1, 50.00000451142, 50, 50.00002662331, 0.0001738673546644, 0, 0, 0, 0, 0, 0, 0, 0, 208.1807858538, 205.2308213391, 208.1801036313, 205.2301456699, 208.178990853, 205.2304834968, 208.1807870451, 205.2308213314, 0, 208.1801046324, 205.2301456622, -0.02462352057145, 0, -0.2301234093072, -0.02457968001514, 0.1722984342797, -0.02457968001514, 0.7427704641967, 0.7443024873438, -0.831696628075, -0.8306973693582, -0.04445970277461, -0.04321538015529, 0.743067065412, 0.7442845465639, 0, -0.8320295297456, -0.8307153068745, -0, 5.551115123126e-17, -0, -5.551115123126e-17, 0.002628376872241, 0.3940885764009, 0.3912345428498, 0.3941244238759, 0, 0.3912214064744, 0.3940527289259
