Time,Alpha_L1,Alpha_L2,Alpha_R1,Alpha_R2,AVz,Ay,Ay_SM,Az_SM,Bk_Stat,FsExt_L1,FsExt_L2,FsExt_R1,FsExt_R2,Fs_L1,Fs_L2,Fs_R1,Fs_R2,Fx_L1,Fx_L2,Fx_R1,Fx_R2,Fy_L1,Fy_L2,Fy_R1,Fy_R2,Fz_L1,Fz_L2,Fz_R1,Fz_R2,GearStat,JncR_L1,JncR_L2,JncR_R1,JncR_R2,Jnc_L1,Jnc_L2,Jnc_R1,Jnc_R2,Lat_Targ,Lat_Veh,Pitch,PitchGL1,PitchGL2,PitchGR1,PitchGR2,PitchO1,Pitch_A2,Roll,RollGL1,RollGL2,RollGR1,RollGR2,RollO_1,Roll_A2,Roll_E,Roll_L1,Roll_L2,Roll_R1,Roll_R2,Rot_L1,Rot_L2,Rot_R1,Rot_R2,Station,Steer_L1,Steer_R1,Steer_SW,VisO_1,Vx,VxTarget,Vxz_Fwd,Vz_SM,W1_L1,W1_L2,W1_R1,W1_R2,W2_L1,W2_L2,W2_R1,W2_R2,Xctc_L1,Xctc_L2,Xctc_R1,Xctc_R2,Xo,X_A2,X_L1,X_L2,X_Obj_1,X_R1,X_R2,Yaw,YawO_1,Yaw_L1,Yaw_L2,Yaw_R1,Yaw_R2,Yctc_L1,Yctc_L2,Yctc_R1,Yctc_R2,Yo,Y_A2,Y_L1,Y_L2,Y_Obj_1,Y_R1,Y_R2,Zgnd_L1,Zgnd_L2,Zgnd_R1,Zgnd_R2,Zo,Z_A2,Z_L1,Z_L2,Z_Obj_1,Z_R1,Z_R2
0, 0.199998063726, -0, -0.199998063726, -0, 0, -1.479929967706e-21, 8.439989948061e-19, 0.004309108614409, 0, 0, 0.04836808707356, 0, 0.04836808707356, 7654.675257732, 3118.5147, 7654.675257732, 3118.5147, 0.3883352848696, 5.901769907657e-12, 0.3883352848696, 5.901769907657e-12, 0.02406545669712, -0, -0.02406545669712, -0, 5455.378999288, 3958.898720687, 5455.378999288, 3958.898720687, 3, 0, -0, 0, 0, 0, 0, 0, -0, 0, 0, 0.2521204935192, -0, -0, -0, -0, -0, 0.2521204935192, 0, 0, 0, 0, -0, 0, 0, 0, -0.0008800619174435, 0, 0.0008800619174435, -0, 0.0007003304375138, 0.00070033470422, 0.0007003304375138, 0.00070033470422, 0, -0.2, 0.2, 0, 1, 50, 50, 50, 0, 0, 0, 0, 0, 0, 0, 0, 0, 0.001716103253121, -2.948299318688, 0.001716103253121, -2.948299318688, 0, -2.948299318688, 0.001716124224018, -2.948299318688, 0, 0.001716124224018, -2.948299318688, 0, 0, -0.199998063726, 0, 0.199998063726, 0, 0.7874939922467, 0.7875, -0.7874939922467, -0.7875, 0, -0, 0.7875, 0.7875, 0, -0.7875, -0.7875, -0, -0, -0, -0, 0.00113648687554, 0.3941137475684, 0.3911327111107, 0.3941137475684, 0, 0.3911327111107, 0.3941137475684
0.025, 0.1979719423694, 4.552972888858e-05, -0.1979714195995, 4.552973839035e-05, 9.640978726323e-06, -1.987809074424e-07, -2.917817319009e-06, 0.005386709389953, 0, 0, 27.67343701513, 0, 27.81708380241, 7652.543654162, 3117.837806085, 7652.543938407, 3117.837623987, -32.68279339895, -21.37959529892, -32.68372342966, -21.37267653188, -132.5987137575, -0.001379153773858, 132.5977346399, -0.001379166017756, 5457.828838745, 3960.02463954, 5457.830581554, 3960.030130964, 3, -1.766681175191, -1.367277756096, -1.767252699485, -1.404779767441, -0.02236477183714, -0.01285535738701, -0.02236178888665, -0.01285989789339, 0, 0, 0.2519858437243, -0, -0, -0, -0, -0, 0.2519858437243, 2.328291493693e-07, 0, 0, 0, 0, 0, 3.979490649775e-07, 2.328314011074e-07, -0.008250804815195, 3.979452163683e-07, 0.008251235304658, 3.979452163683e-07, 0.14126382461, 0.1412565897449, 0.1412638238275, 0.1412565916926, 0.3471950969889, -0.1988707515591, 0.1988692578382, 0, 1, 49.9910747807, 50, 49.99110262089, 0.004398804090351, 0, 0, 0, 0, 0, 0, 0, 0, 0.3489078372213, -2.60111190401, 0.3489078359402, -2.601111904667, 0.3471950969889, -2.601111904338, 0.3489080326844, -2.60111190401, 0, 0.348908031412, -2.601111904667, -8.91816498898e-09, 0, -0.1988363968692, -2.388252257969e-08, 0.1988348834045, -2.388252257969e-08, 0.7874418927244, 0.7875000046074, -0.7874418874691, -0.7874999953926, 2.706212753573e-09, 1.870080648719e-09, 0.7874982162438, 0.7875000018701, 0, -0.7874982139267, -0.7874999981299, 5.551115123126e-17, -0, -0, -0, 0.001153995312074, 0.3941114992326, 0.3911278269431, 0.3941115047021, 0, 0.3911278234709, 0.394111493763
0.05, 0.1971837764225, 0.0002946529728713, -0.1972877676626, 0.0002946534084562, 0.0001158312550425, -7.160808514127e-06, 1.257655560037e-06, 0.005354906635326, 0, 0, 56.48930828291, 0, 59.63713286085, 7647.411155365, 3114.776237903, 7647.394168408, 3114.611355779, -40.14072662536, -27.92950509352, -40.14302202096, -27.92823920761, -192.2373051867, -0.08079033523559, 192.2640641562, -0.08081736064121, 5460.09158175, 3966.850488519, 5460.044841828, 3968.782430343, 3, -2.384936488044, -2.900983533624, -2.404481618158, -3.183558533432, -0.0762547694944, -0.07059858419417, -0.07643322134444, -0.07472007665401, 0, 0, 0.2518834413947, -0, -0, -0, -0, -0, 0.251883441424, -9.877189908183e-06, 0, 0, 0, 0, 0, 0.0001400027602659, -9.877285354875e-06, -0.01279108299212, 0.000140001407384, 0.01277660124321, 0.000140001407384, 0.2817870053493, 0.2817566715696, 0.2817870173071, 0.2817565943242, 0.6943210538006, -0.1984612109875, 0.1984627703499, 0, 1, 49.98045258259, 50, 49.98057027796, 0.009259519042564, 0, 0, 0, 0, 0, 0, 0, 0, 0.6960316821327, -2.253993715765, 0.6960317203236, -2.253994023942, 0.6943210538006, -2.253993869854, 0.6960319844956, -2.253993715765, 0, 0.696032022351, -2.253994023942, 1.399280238793e-06, 0, -0.1984054973723, -1.12109353083e-05, 0.1984099189606, -1.12109353083e-05, 0.7874117382988, 0.7875010938656, -0.7874119303195, -0.7874989061391, -1.105139284192e-07, 1.308953920781e-07, 0.7874990546928, 0.787500130893, 0, -0.7874991478767, -0.7874998691022, -5.551115123126e-17, -0, -0, -0, 0.001203519152139, 0.3940959831474, 0.3911233137957, 0.3940979073922, 0, 0.3911234069252, 0.3940940589025
0.075, 0.1967146806888, -0.0003424279668338, -0.197057414854, -0.0003424276244906, 0.0001252590236817, 6.166820712456e-06, 2.286367746337e-05, 0.00376727380466, 0, 0, 40.3356416565, 0, 36.98349702545, 7641.286735322, 3111.296550474, 7641.173257289, 3110.989744644, -49.95906165381, -36.60615850132, -49.95479321959, -36.66200018274, -218.0498089315, -0.02881301798505, 218.2232668492, -0.02886277443626, 5454.934811717, 3957.752653163, 5454.522569117, 3960.600457545, 3, -2.804711663212, -2.317912110538, -2.866952913857, -2.199839677938, -0.1406325415319, -0.1365304865641, -0.1418261236518, -0.1442208605554, 0, 0, 0.2520655200495, -0, -0, -0, -0, -0, 0.2520655201302, -7.329042777867e-05, 0, 0, 0, 0, 0, 0.0002063729222237, -7.329113703363e-05, -0.01577814946808, 0.0002063709251061, 0.01566732730402, 0.0002063709251061, 0.4222647933571, 0.4222002379581, 0.4222648401652, 0.4222000458104, 1.041364796113, -0.1983393913934, 0.1983459238127, 0, 1, 49.96825801848, 50, 49.96839621591, 0.01332080578144, 0, 0, 0, 0, 0, 0, 0, 0, 1.043075239734, -1.906956977353, 1.043075369046, -1.906957485356, 1.041364796113, -1.906957231355, 1.043075612456, -1.906956977353, 0, 1.043075739182, -1.906957485356, 4.808872826365e-06, 0, -0.1982670879625, -1.84802541298e-05, 0.1982837256075, -1.84802541298e-05, 0.7873930817469, 0.787501301797, -0.7873945384082, -0.7874986982131, -8.268244190089e-07, -1.177455038968e-07, 0.7875007917277, 0.7874998822493, 0, -0.7875014920829, -0.7875001177404, 5.551115123126e-17, -0, -0, -0, 0.001279041003317, 0.3941131941103, 0.3911335811619, 0.3941160305688, 0, 0.3911344025699, 0.3941103576517
0.1, 0.1963358850319, 0.003228069211853, -0.1971504473345, 0.003228120693842, 0.001188589182638, -2.109682465386e-05, -6.167327238519e-05, 0.002615625834152, 0, 0, 65.8718754015, 0, 112.3020194933, 7634.090560138, 3107.453104766, 7633.715680149, 3106.372161735, -60.41968451277, -45.41504704762, -60.45556989868, -45.16868694066, -228.6876023523, -0.3899416260867, 229.0705033803, -0.3905265957508, 5448.256898777, 3933.900822245, 5447.169219504, 3944.470398374, 3, -3.183897587643, -3.707489673187, -3.394065182522, -6.73153734518, -0.2163758940423, -0.2077114194268, -0.2203246096583, -0.2348941587233, 0, 0, 0.2526409012211, -0, -0, -0, -0, -0, 0.2526409022789, -0.0002225605898143, 0, 0, 0, 0, 0, 0.0007659495234233, -0.0002225627534485, -0.0182801489359, 0.0007659420772778, 0.01794816221338, 0.0007659420772778, 0.5626898990328, 0.5625785762312, 0.562690004742, 0.5625782161774, 1.388313228207, -0.1984633429397, 0.1984058671891, 0, 1, 49.95427785884, 50, 49.9545970247, 0.01616933881425, 0, 0, 0, 0, 0, 0, 0, 0, 1.390026042, -1.560013665201, 1.39002640386, -1.560015502743, 1.388313228207, -1.560014583978, 1.390026474063, -1.560013665207, 0, 1.390026828026, -1.560015502749, 1.564041494511e-05, 0, -0.198369027299, -6.684662116679e-05, 0.1983442952238, -6.684662116679e-05, 0.787378200767, 0.7875051647865, -0.7873824387176, -0.7874948353532, -2.425127671236e-06, -1.04404085429e-07, 0.7875029949604, 0.787499895525, 0, -0.7875049671962, -0.7875001043332, -0, -5.551115123126e-17, -0, -0, 0.001370140675463, 0.3941530166773, 0.3911468787002, 0.3941635441436, 0, 0.3911490461084, 0.394142489211
0.125, 0.1968899738219, -0.0333889504577, -0.196906496319, -0.03338387515634, -0.006801130623634, 0.0003465536525368, 0.001250583615403, -0.00421301312436, 0, 0, 252, 0, -188.5281289003, 7626.394279591, 3098.037030538, 7625.474719687, 3099.974462596, -70.71043101957, -53.28204580377, -70.17459037021, -56.81043271301, -232.556548505, 2.688877288118, 233.7203591091, 2.668253094268, 5444.910702729, 3955.511408451, 5441.699808241, 3923.046471807, 3, -3.498579344517, -18.05133848604, -3.228846269943, 9.14997545154, -0.2975000995871, -0.3977075609151, -0.3072008822965, -0.3490956022096, 0, 0, 0.2537882570931, -0, -0, -0, -0, -0, 0.2537882629029, -0.0005848510352341, 0, 0, 0, 0, 0, -0.002352649210833, -0.0005848567726535, -0.02076714397568, -0.002352626131446, 0.01984901334953, -0.002352626131446, 0.7030567150487, 0.7028833089618, 0.7030571698075, 0.7028830971902, 1.73515230216, -0.1983435727428, 0.1989338887738, 0, 1, 49.93848141395, 50, 49.9388191247, 0.0165279605494, 0, 0, 0, 0, 0, 0, 0, 0, 1.736871286173, -1.213187272912, 1.73687201877, -1.213182719568, 1.73515230216, -1.213184996286, 1.736871776707, -1.213187272958, 0, 1.736872489095, -1.213182719614, 1.374698848277e-05, 0, -0.1982397853052, 0.0001656427898068, 0.19886166654, 0.0001656427898068, 0.7873628721383, 0.7874777609283, -0.7873742696577, -0.7875222403928, -6.369188589515e-06, -6.055394463884e-06, 0.7875046468669, 0.7874939439384, 0, -0.7875097786327, -0.7875060547273, -0, -0, -0, -0, 0.001462937274988, 0.3941528304643, 0.3911535386436, 0.39412049487, 0, 0.391159937069, 0.3941851660585
0.15, 0.1998384883361, 0.0751657851025, -0.19473223592, 0.07519039844408, 0.01200631135021, -0.001058619112716, 0.0004077812640145, -0.003925122575131, 0, 0, -302, 0, 302, 7618.017772144, 3098.631025341, 7618.555370682, 3094.903990699, -78.53891948438, -63.90059171786, -78.93766046424, -60.92811737225, -236.721001587, -7.883246490716, 232.88795372, -8.198813382412, 5437.783518296, 3867.866093558, 5444.435509515, 3922.287961961, 3, -3.356524663315, 26.62711170992, -2.729086453124, -30.95588363819, -0.3859290095347, -0.3765454397638, -0.3802495458829, -0.4660267821091, 0, 0, 0.2547752005674, -0, -0, -0, -0, -0, 0.254775218495, 0.0006897855226379, 0, 0, 0, 0, 0, 0.003943811035618, 0.0006897923422033, -0.02177530468744, 0.003943772045506, 0.02278446786604, 0.003943772045506, 0.8433632418844, 0.8431186982299, 0.84336313224, 0.8431217416727, 2.081876322323, -0.1984835868746, 0.1992749904716, 0, 1, 49.92098812915, 50, 49.92120055573, 0.01390571848516, 0, 0, 0, 0, 0, 0, 0, 0, 2.083600831112, -0.866456369209, 2.08360126885, -0.8664640879101, 2.081876322323, -0.8664602286926, 2.083601345871, -0.866456369342, 0, 2.083601809568, -0.8664640880431, -2.839550763548e-06, 0, -0.198391560261, -0.00028079301311, 0.1991728069586, -0.00028079301311, 0.7873665105241, 0.7875371957471, -0.7873499811838, -0.7874628079651, 9.433344186723e-06, 1.005757863744e-05, 0.7875151732354, 0.7875100557037, 0, -0.7875055283005, -0.7874899405464, 5.551115123126e-17, -0, -0, -0, 0.001548060243753, 0.3942408814809, 0.3911677336659, 0.394295086529, 0, 0.3911544800093, 0.3941866764328
0.175, 0.194014836952, -0.09798851264555, -0.2014082347702, -0.0979461792348, -0.01522535998949, 0.00053338225143, -0.000199369428339, -0.008770671097324, 0, 0, 352, 0, -352, 7611.45049727, 3091.219073545, 7611.990385474, 3088.661560805, -85.42635119281, -63.99868690067, -85.07679601602, -71.22862056224, -234.7220176091, 4.472371233683, 236.360692679, 3.914822309435, 5439.085073895, 3886.903038682, 5442.634206463, 3925.920657062, 3, -2.496470821401, -41.64659457233, -2.613578161962, 34.13745016403, -0.4553544449973, -0.5253084552924, -0.449643910236, -0.590248721656, 0, 0, 0.2556289248264, -0, -0, -0, -0, -0, 0.2556289341545, 0.0004659292077164, 0, 0, 0, 0, 0, 0.002827505353933, 0.0004659338450492, -0.02351699068808, 0.002827477212418, 0.02435525077274, 0.002827477212418, 0.9836074968686, 0.9832936741378, 0.9836084865632, 0.9832850385233, 2.428476581459, -0.1987242829066, 0.1994252267133, 0, 1, 49.90224740004, 50, 49.90243544452, 0.01000369165757, 0, 0, 0, 0, 0, 0, 0, 0, 2.430205308675, -0.5198667948939, 2.430206631712, -0.5198715142784, 2.428476581459, -0.5198691546444, 2.430205865164, -0.5198667949522, 0, 2.430207210223, -0.5198715143367, 2.992706630899e-05, 0, -0.19859141037, -0.0001716830535998, 0.1993484766367, -0.0001716830535998, 0.7873550181795, 0.78752455011, -0.7873442534288, -0.7874754518007, 5.555937401393e-06, 5.094959606785e-06, 0.7875155705309, 0.7875050939972, 0, -0.7875105256347, -0.787494904078, -0, -0, -0, -0, 0.001617977081986, 0.3942183026119, 0.391165136226, 0.3942571647815, 0, 0.3911580638507, 0.3941794404422
0.2, 0.2002090966897, 0.11828483983, -0.1961844118301, 0.1183480191676, 0.02012384868291, -4.345284294904e-05, -0.0003376707699932, -0.009315175358584, 0, 0, -402, 0, 402, 7605.943088306, 3080.776134156, 7607.241492517, 3088.755758392, -88.55678282073, -76.41021944337, -88.96261727485, -63.29813238427, -236.3998155439, 0.2540941121377, 235.9097400372, -0.5703131510454, 5445.165614005, 3975.261144939, 5439.152683246, 3873.624045064, 3, -1.814081145903, 44.03344972826, -1.904976054591, -50.07395822349, -0.513639588146, -0.7673160575783, -0.4998933124992, -0.5630582547409, 0, 0, 0.2560129242841, -0, -0, -0, -0, -0, 0.2560130007136, 6.251275300515e-05, 0, 0, 0, 0, 0, -0.007365376546245, 6.251337705712e-05, -0.02530059308866, -0.007365303019893, 0.02516166592043, -0.007365303019893, 1.123792664169, 1.123386529002, 1.12379137853, 1.123399210012, 2.77494822424, -0.1998913192282, 0.198557270416, 0, 1, 49.88254577119, 50, 49.88269783811, 0.006886343961338, 0, 0, 0, 0, 0, 0, 0, 0, 2.776680366059, -0.173414441657, 2.776678351847, -0.173398505, 2.77494822424, -0.1734064738412, 2.776680968463, -0.1734144421696, 0, 2.776678946677, -0.1733985055128, -4.761194605526e-05, 0, -0.1998278766253, 0.0005797480494538, 0.1983992115437, 0.0005797480494538, 0.787342428197, 0.7874391092446, -0.7873433594272, -0.7875609036881, 1.802858283884e-07, -1.022555396906e-05, 0.7875151519803, 0.7874897678991, 0, -0.7875151400484, -0.787510219007, -0, -0, -0, -0, 0.001669654388973, 0.394182382012, 0.39115301841, 0.3940811498417, 0, 0.3911649967762, 0.3942836141824
0.225, 0.1926600643666, -0.1354915532734, -0.2046529453806, -0.1354094847051, -0.0207982419872, -0.0004883457118931, 0.002895584071273, -0.01275123734887, 0, 0, 452, 0, -452, 7603.80238014, 3092.040851723, 7602.498427699, 3071.024862483, -89.92913191401, -58.74737511737, -89.47204767029, -80.59843783634, -235.0318743692, -5.742048113409, 238.7532821375, -7.186618585304, 5445.270273821, 3802.502268894, 5444.76627574, 4059.970496051, 3, -0.621368016105, -57.1455835268, -1.598064362133, 48.84527028157, -0.536312748048, -0.472938493244, -0.5501238436334, -1.000675475489, 0, 0, 0.2565429056656, -0, -0, -0, -0, -0, 0.2565434058997, -0.0005332243537118, 0, 0, 0, 0, 0, 0.01865805366332, -0.0005332296988429, -0.02652299108702, 0.01865786663297, 0.02571535029782, 0.01865786663297, 1.26391442283, 1.26344600062, 1.263918015008, 1.263427825251, 3.121279202063, -0.1971396791792, 0.20149815858, 0, 1, 49.86238464162, 50, 49.86265936297, 0.005598883205564, 0, 0, 0, 0, 0, 0, 0, 0, 3.123009676599, 0.1729405860048, 3.123017087798, 0.1729005869513, 3.121279202063, 0.1729205832182, 3.123010298724, 0.1729405827428, 0, 3.123017705353, 0.1729005836937, 0.0001643134010673, 0, -0.1968585854575, -0.001455096395894, 0.2015493499765, -0.001455096395894, 0.7873324184231, 0.7876489216495, -0.7873440438507, -0.7873511613509, -6.49177345048e-06, 2.052253207184e-05, 0.7875134872904, 0.787520480524, 0, -0.7875195994648, -0.7874794354599, 5.551115123126e-17, -0, 5.551115123126e-17, -0, 0.001700418310605, 0.3941688309285, 0.3911528061503, 0.3944252733722, 0, 0.3911538126439, 0.3939123884847
0.25, 0.2055689191343, 0.1295880032888, -0.192525147451, 0.1296650338381, 0.02209470209717, 0.001913914747855, -0.006602772182914, -0.01765096426854, 0, 0, -502, 0, 502, 7602.361869515, 3064.607519064, 7600.386276332, 3094.076637391, -86.94487439628, -83.45061041527, -89.54205038017, -54.66962887263, -237.1303851974, 18.41320323562, 238.4665664508, 16.28927338778, 5455.445619311, 4124.319315426, 5441.84502309, 3730.078334787, 3, -0.09252933045985, 45.23825755767, -0.6929037919037, -59.30125267965, -0.5515730526039, -1.157928458945, -0.5725207838851, -0.4206974795805, 0, 0, 0.2574925533344, -0, -0, -0, -0, -0, 0.2574936233516, -0.001760054547608, 0, 0, 0, 0, 0, -0.0285696206165, -0.001760072321555, -0.02782650038417, -0.0285693321061, 0.02539297854598, -0.0285693321061, 1.403985550463, 1.403415518013, 1.403980698727, 1.403438790946, 3.467464878052, -0.2039767364559, 0.1947402494045, 0, 1, 49.8421857088, 50, 49.84266455897, 0.005280417231968, 0, 0, 0, 0, 0, 0, 0, 0, 3.469210000436, 0.5190776592346, 3.469200516634, 0.5191371533858, 3.467464878052, 0.5191073988858, 3.469210676657, 0.5190776518176, 0, 3.469201105183, 0.519137145954, -0.000109657100749, 0, -0.2039634013133, 0.00216429418819, 0.1945184377051, 0.00216429418819, 0.787317869724, 0.7872558286122, -0.7873533185906, -0.7877443660609, -2.091420369292e-05, -4.772073711786e-05, 0.7875078275454, 0.7874521808027, 0, -0.787526676064, -0.7875476222769, 5.551115123126e-17, -5.551115123126e-17, 5.551115123126e-17, -0, 0.001712046609283, 0.3941768457684, 0.3911325323195, 0.3937841755178, 0, 0.3911596328533, 0.3945695160191
0.275, 0.1898708933694, -0.06331442984051, -0.2088454531974, -0.06329622447459, -0.002713107346622, -0.002993029893346, 0.01205404929642, -0.003886129583495, 0, 0, 552, 0, -115.5496340125, 7603.434488435, 3101.620518745, 7598.486116064, 3055.816918544, -85.42847019106, -53.41402927234, -82.7718418757, -78.02346236025, -238.056215612, -27.3937590261, 239.5861348136, -30.49053406477, 5451.436209199, 3636.579422724, 5452.053708583, 4186.696034936, 3, 1.31722699636, -38.67701829301, -0.8233118739022, 9.134349183853, -0.5404792479655, -0.2395739577921, -0.5926633549552, -1.386514436973, 0, 0, 0.2585865167426, -0, -0, -0, -0, -0, 0.258588839639, -0.001843110433859, 0, 0, 0, 0, 0, 0.03986552336502, -0.001843129205037, -0.02821410568264, 0.03986511735094, 0.02532743893156, 0.03986511735094, 1.543993646369, 1.543382078828, 1.544000047231, 1.543356161941, 3.81350967348, -0.195317579106, 0.2033924916054, 0, 1, 49.82235147033, 50, 49.82322886823, 0.006295925468093, 0, 0, 0, 0, 0, 0, 0, 0, 3.815249963596, 0.865200772356, 3.815264996294, 0.8651140376898, 3.81350967348, 0.8651573899184, 3.815250618546, 0.8652007572305, 0, 3.815265610828, 0.8651140226063, 0.0003625955532614, 0, -0.1948296400026, -0.003155256577809, 0.2036428481925, -0.003155256577809, 0.7873190160868, 0.7878194119941, -0.7873502870951, -0.7871809668515, -1.73877468292e-05, 4.494159013969e-05, 0.7875116239384, 0.7875447497791, 0, -0.7875231880455, -0.7874548665989, -0, 5.551115123126e-17, -0, -0, 0.001710429381124, 0.3942077975512, 0.3911405178972, 0.3947557223311, 0, 0.3911392970264, 0.3936598727712
0.3, 0.2057924618169, -0.006897205468039, -0.1930046607245, -0.006896998991317, -0.007638492586826, 0.004419962370929, -0.006912366508785, 0.03789507226869, 0, 0, 602, 0, 207.8660602619, 7604.340344866, 3055.415305617, 7598.462471875, 3101.110380206, -79.12586513897, -74.5242269713, -80.06835154936, -56.52940690483, -237.6489108585, 42.413019627, 241.6350739704, 36.80981269443, 5463.305825661, 4211.816881443, 5443.959842821, 3590.780514314, 3, -0.613315043968, -9.846463650278, 1.383173722383, -2.350877834121, -0.5311278624565, -1.401978430285, -0.5930729425225, -0.2650864137439, 0, 0, 0.2595434535312, -0, -0, -0, -0, -0, 0.259546052857, -0.003661674335465, 0, 0, 0, 0, 0, -0.0450048953776, -0.003661711904352, -0.02942102185211, -0.04500443362144, 0.02400618234697, -0.04500443362144, 1.683963360142, 1.683256129635, 1.683961034839, 1.683284387683, 4.15942074092, -0.2015449625572, 0.1971096593953, 0, 1, 49.80318254869, 50, 49.80357996703, 0.002380906269863, 0, 0, 0, 0, 0, 0, 0, 0, 4.161177842808, 1.211025508374, 4.161172525373, 1.211120191573, 4.15942074092, 1.211072831358, 4.161178549051, 1.211025489788, 0, 4.161173088685, 1.211120172928, -6.814500620823e-05, 0, -0.2014819073738, 0.003444410151731, 0.1969347858201, 0.003444410151731, 0.7873021889472, 0.7871128887946, -0.7873675203086, -0.7878875942248, -3.788367725847e-05, -7.769591065572e-05, 0.7875030237716, 0.7874220597337, 0, -0.7875314083576, -0.787577451555, -0, -0, -0, -0, 0.001702229029653, 0.3942283670357, 0.391116869102, 0.3936098051079, 0, 0.3911554241468, 0.3948469289636
0.325, 0.1950006224522, 0.04567458336864, -0.2036517153601, 0.04568361174501, 0.01972939255011, -0.005028637252941, 1.560588162347e-05, -0.0006499347701518, 0, 0, -652, 0, 652, 7605.621494686, 3105.683458855, 7598.671015534, 3050.236246678, -74.13179879328, -55.58103648979, -74.19284303235, -70.19105093284, -241.7208674133, -42.05882733798, 238.9040279191, -49.78810885003, 5453.073944551, 3569.417921922, 5455.127369935, 4232.0817251, 3, 2.070030091989, 19.14827995427, -1.435264006536, -19.74753410138, -0.5178281203572, -0.1550144954636, -0.5910121164495, -1.544639498495, 0, 0, 0.2600480914613, -0, -0, -0, -0, -0, 0.2600514816669, -0.002512254325674, 0, 0, 0, 0, 0, 0.04802152829401, -0.002512280201809, -0.02835984116549, 0.04802103366597, 0.0247939073737, 0.04802103366597, 1.823881893706, 1.823151696139, 1.823886431516, 1.823124586306, 4.505207254513, -0.1987446648623, 0.1998311846551, 0, 1, 49.78497545062, 50, 49.78500319452, -0.0006179628423207, 0, 0, 0, 0, 0, 0, 0, 0, 4.50695867376, 1.556913628176, 4.506972014346, 1.556809834971, 4.505207254513, 1.556861709799, 4.506959343245, 1.556913606365, 0, 4.506972605776, 1.556809813233, 0.0004863543837121, 0, -0.1981316447099, -0.003775816205248, 0.2002070613426, -0.003775816205248, 0.7873223410829, 0.7878884120449, -0.787348609349, -0.7871121377176, -1.660696892653e-05, 5.772347641357e-05, 0.7875159421666, 0.7875574451753, 0, -0.7875178654655, -0.7874419982224, -0, -0, 5.551115123126e-17, -0, 0.001693635042838, 0.3942294435609, 0.3911372549854, 0.3948894670374, 0, 0.3911331757887, 0.3935694200843
0.35, 0.2007237356424, -0.06187500392811, -0.1976668061229, -0.06185836923289, -0.01366779232587, 0.006115911982589, -2.059201384067e-05, 0.001589697246136, 0, 0, 702, 0, -702, 7607.446644763, 3054.382104291, 7597.916213928, 3104.171771248, -67.51639046927, -66.10646282744, -67.53136256793, -49.011849698, -237.9787309668, 59.34741997368, 243.6846475095, 50.06812693975, 5463.490274687, 4246.06327601, 5443.079526779, 3557.234636516, 3, -0.872689640059, -23.39924471125, 1.198597155117, 25.04665019619, -0.4988795493534, -1.448854631621, -0.5990820313127, -0.2171288841441, 0, 0, 0.2597601725354, -0, -0, -0, -0, -0, 0.2597632960824, -0.005125763411766, 0, 0, 0, 0, 0, -0.04991762408645, -0.005125816090114, -0.03028091001877, -0.04991711106729, 0.02268018748777, -0.04991711106729, 1.96376685593, 1.962964036912, 1.96376766764, 1.96299296516, 4.850879872013, -0.1995859470575, 0.1988795346974, 0, 1, 49.76784346615, 50, 49.76771817867, -0.002099406839776, 0, 0, 0, 0, 0, 0, 0, 0, 4.852635308103, 1.902480970369, 4.8526370688, 1.902588761648, 4.850879872013, 1.902534842503, 4.852636027261, 1.902480946904, 0, 4.852637606281, 1.902588738102, 0.0001102667525377, 0, -0.1993404560413, 0.003921259067697, 0.1988890132113, 0.003921259067697, 0.7872972900817, 0.7870671268737, -0.7873745317912, -0.7879334671667, -4.563758788487e-05, -8.971186636684e-05, 0.7875039945375, 0.787409987425, 0, -0.7875293680689, -0.7875894111577, -5.551115123126e-17, -0, -0, 5.551115123126e-17, 0.001689815544206, 0.3942276413103, 0.3911164986155, 0.3935415572684, 0, 0.3911571814524, 0.3949137253522
0.375, 0.200210048492, 0.08294478991397, -0.1979189525357, 0.08297339261002, 0.01985935929722, -0.006992186238097, 0.000492245103589, 0.005146743908775, 0, 0, -752, 0, 752, 7606.42531919, 3113.143574057, 7598.877780782, 3052.896488915, -60.83884227659, -41.6359534522, -60.45905158903, -61.47665510191, -244.1998210508, -57.25334965881, 238.1417068211, -68.29957595941, 5450.325935112, 3539.117305791, 5452.322850284, 4259.025210554, 3, 0.8385702891293, 34.27817418981, -1.070876396856, -28.54421313144, -0.5097155586759, -0.01114069274392, -0.5891538858905, -1.521203354109, 0, 0, 0.2584780780752, -0, -0, -0, -0, -0, 0.2584820803464, -0.002743774692747, 0, 0, 0, 0, 0, 0.05216985129997, -0.002743802613319, -0.02852866027604, 0.0521693204099, 0.0244830742238, 0.0521693204099, 2.10361280314, 2.102807810464, 2.103618383687, 2.102783937738, 5.196448602024, -0.1986456630215, 0.1998333607518, 0, 1, 49.75188006979, 50, 49.75153649377, -0.003892650545093, 0, 0, 0, 0, 0, 0, 0, 0, 5.1981880445, 2.248157948426, 5.198204636553, 2.248047274516, 5.196448602024, 2.248102586247, 5.198188717243, 2.248157923156, 0, 5.198205220932, 2.248047249338, 0.0006039537041707, 0, -0.1979150338037, -0.00402612400666, 0.200328893352, -0.00402612400666, 0.7873306786574, 0.7879269659263, -0.7873408126731, -0.7870736830689, -8.327680819287e-06, 6.768198867822e-05, 0.7875254349285, 0.7875673536027, 0, -0.7875079492669, -0.7874319896254, -0, -0, -5.551115123126e-17, -5.551115123126e-17, 0.001694135539374, 0.3942327623595, 0.391142728535, 0.394949801808, 0, 0.3911387633932, 0.393515722911
0.4, 0.1959505276848, -0.115968059948, -0.2018270071628, -0.1159101916741, -0.01523358627534, 0.00787115465416, -0.001559282568038, 0.009882236593231, 0, 0, 802, 0, -802, 7607.508960917, 3062.561353315, 7596.171556026, 3115.707707138, -53.61206216413, -56.61762806921, -54.22623369372, -35.00407960323, -238.0386395036, 77.45566697027, 244.6200600412, 64.10501511545, 5457.045817249, 4262.661207725, 5439.82188467, 3528.986323183, 3, -0.9498916593918, -36.59544937638, -0.01979043006963, 49.90475300184, -0.4984907381874, -1.303041179355, -0.6178454035323, 0.005228438442422, 0, 0, 0.2560455674868, -0, -0, -0, -0, -0, 0.2560491011275, -0.005591862339042, 0, 0, 0, 0, 0, -0.05316749777222, -0.005591918175691, -0.03073392497117, -0.05316696686715, 0.02268824922094, -0.05316696686715, 2.243431311493, 2.242579479172, 2.243434124948, 2.242605628829, 5.541923510772, -0.1997147939211, 0.1987772062659, 0, 1, 49.73709736163, 50, 49.73642703242, -0.006450198095127, 0, 0, 0, 0, 0, 0, 0, 0, 5.543651413245, 2.593514154518, 5.543658014541, 2.59363363136, 5.541923510772, 2.593573865188, 5.543652142958, 2.593514126818, 0, 5.543658552465, 2.593633603558, 0.0003013158434887, 0, -0.1992781364519, 0.004346359283903, 0.1989791084387, 0.004346359283903, 0.7873026639002, 0.7870398743646, -0.787366686999, -0.7879607991967, -4.03145022113e-05, -9.463250750998e-05, 0.7875124676269, 0.7874050261803, 0, -0.7875215808824, -0.7875942911954, -0, -0, 5.551115123126e-17, -0, 0.001708552784112, 0.3942392251557, 0.3911293345317, 0.3935084735933, 0, 0.391163670757, 0.3949699767181
0.425, 0.2044516620154, 0.1613823870809, -0.192986324652, 0.1614929670522, 0.02481491839668, -0.008558559298229, 0.002586034710389, 0.01315000827946, 0, 0, -852, 0, 852, 7603.684554052, 3127.881834474, 7596.6074006, 3066.997344702, -48.13409476895, -30.62442455283, -47.21426487072, -51.42383172093, -245.4264068031, -68.5504990806, 237.2692697891, -84.37034508092, 5444.656122847, 3532.290217428, 5445.031144, 4259.640315146, 3, -0.8096116581011, 72.11654422555, -0.9961061855545, -47.9083288376, -0.5389705484065, 0.2781493099769, -0.6134629966845, -1.24498906537, 0, 0, 0.2523384483347, -0, -0, -0, -0, -0, 0.2523425269728, -0.00268046119665, 0, 0, 0, 0, 0, 0.05270914216407, -0.002680487192536, -0.02920743547191, 0.05270863096388, 0.02503464513911, 0.05270863096388, 2.383218339413, 2.382377404072, 2.383225172628, 2.382362924973, 5.887314229403, -0.1983269627277, 0.2002395298525, 0, 1, 49.7234636057, 50, 49.72236883107, -0.009790530215447, 0, 0, 0, 0, 0, 0, 0, 0, 5.8890098871, 2.939011386204, 5.88903030586, 2.938903003059, 5.887314229403, 2.938957169674, 5.889010574349, 2.939011361201, 0, 5.88903090499, 2.938902978147, 0.0007221246585101, 0, -0.1974781322451, -0.003942789952303, 0.2008533362605, -0.003942789952303, 0.7873385946147, 0.7879357829436, -0.7873265468807, -0.7870648797793, 3.53988336374e-06, 7.277563785453e-05, 0.7875379904348, 0.7875724405474, 0, -0.7874974551793, -0.7874268892717, -5.551115123126e-17, -0, -0, -0, 0.001733638337138, 0.3942389461955, 0.3911540206455, 0.3949633981775, 0, 0.391153287076, 0.3935144942134
0.45, 0.1924283697089, -0.2172327751898, -0.2047207421808, -0.2170266165715, -0.02580964583283, 0.00886163279954, -0.003645145495673, 0.01274987925852, 0, 0, 902, 0, -902, 7603.116216828, 3083.155538098, 7592.007666039, 3134.823524349, -41.66396790342, -45.76320132434, -42.50677458946, -28.6127133143, -237.9802759853, 89.32388949457, 244.5529957489, 70.86718232357, 5445.709015593, 4244.678092028, 5435.905145482, 3541.845900179, 3, -1.381273482669, -62.9055790548, -1.261784324934, 100.8758680755, -0.545148747567, -0.8801184658082, -0.6622535895187, 0.3836992782151, 0, 0, 0.2471870423137, -0, -0, -0, -0, -0, 0.2471903123716, -0.004972685466924, 0, 0, 0, 0, 0, -0.05093237521331, -0.004972731744489, -0.03116300170464, -0.05093190121041, 0.0243156384931, -0.05093190121041, 2.522982890374, 2.522121957182, 2.522987752087, 2.522139095236, 6.232630214325, -0.1999892585859, 0.1987040552578, 0, 1, 49.71089011303, 50, 49.70928494468, -0.01397582961312, 0, 0, 0, 0, 0, 0, 0, 0, 6.234295279961, 3.284203076831, 6.234306290464, 3.284323225602, 6.232630214325, 3.284263124482, 6.234296020296, 3.284203050144, 0, 6.234306867259, 3.28432319882, 0.0004729931701072, 0, -0.199383690682, 0.004370803021756, 0.1990739865851, 0.004370803021756, 0.7873147991394, 0.7870632973969, -0.7873440125626, -0.7879373202994, -2.283545514165e-05, -8.65559850243e-05, 0.78752754422, 0.7874131305842, 0, -0.7875100200287, -0.7875862425542, -0, -5.551115123126e-17, -0, -0, 0.001769006837128, 0.3942443422506, 0.3911519162165, 0.3935443104636, 0, 0.3911714684683, 0.3949443740377
0.475, 0.2071241581289, 0.2757989129623, -0.1898307429617, 0.2761297483472, 0.03703474738124, -0.009138522285828, 0.00385440083559, 0.008716616359192, 0, 0, -952, 0, 952, 7596.860041673, 3150.697266254, 7591.479745015, 3096.015916481, -37.62798834473, -28.5521540049, -36.97680188119, -39.72430956277, -245.6968895672, -70.89433429064, 236.5702834051, -91.95547746882, 5437.433438936, 3569.12900786, 5435.7794358, 4220.379390921, 3, -2.201464789206, 129.2470910277, -1.187687367955, -79.25310765832, -0.6114311013989, 0.728672704573, -0.6680647104308, -0.6289665409912, 0, 0, 0.2404809912968, -0, -0, -0, -0, -0, 0.2404842463657, -0.002177616825556, 0, 0, 0, 0, 0, 0.0471943572957, -0.002177636006541, -0.03036493703432, 0.04719394158851, 0.02673225284183, 0.04719394158851, 2.662721786564, 2.661874021493, 2.662729235698, 2.661875255462, 6.577879824524, -0.1984009962925, 0.2004687406384, 0, 1, 49.699277168, 50, 49.6971821521, -0.01858856390775, 0, 0, 0, 0, 0, 0, 0, 0, 6.579492997054, 3.62954477429, 6.579515815278, 3.629452663967, 6.577879824524, 3.629498700137, 6.579493711561, 3.629544755267, 0, 6.579516456032, 3.629452645007, 0.0007983919189236, 0, -0.1974769084107, -0.003350813295527, 0.2011566945399, -0.003350813295527, 0.787345104387, 0.7878948507346, -0.7873054305606, -0.787105680863, 1.858345299749e-05, 6.985230194687e-05, 0.7875524099622, 0.7875695838098, 0, -0.7874879368027, -0.7874298792059, 5.551115123126e-17, -0, -0, -0, 0.001813220392888, 0.3942413917598, 0.391168404352, 0.3948900472997, 0, 0.3911717115361, 0.3935927362198
0.5, 0.1895829260718, -0.3405627848187, -0.2072984164772, -0.3400514406396, -0.04133905029461, 0.008841659618718, -0.004157691100335, 0.002461662093581, 0, 0, 1000, 0, -1000, 7594.870337357, 3119.297321633, 7585.377775471, 3162.250224044, -33.33780939226, -33.38352143349, -33.49094183922, -30.94387990769, -237.5013353101, 91.52267729178, 244.4781836409, 67.86459548045, 5433.92004727, 4187.313451559, 5431.101349897, 3615.47344484, 3, -1.741892502548, -98.85578243594, -2.231993237326, 161.3261080646, -0.6326486692512, -0.1013569506829, -0.7328515957889, 0.9322421098454, 0, 0, 0.2321335463772, -0, -0, -0, -0, -0, 0.2321357222914, -0.003851283264824, 0, 0, 0, 0, 0, -0.04143967892241, -0.003851314873695, -0.03200625470148, -0.04143933880837, 0.02701777189667, -0.04143933880837, 2.802440220813, 2.801601724741, 2.802447327185, 2.801604276182, 6.923070128902, -0.2000977057785, 0.1989892190191, 0, 1, 49.68847428172, 50, 49.68587927396, -0.02359307750667, 0, 0, 0, 0, 0, 0, 0, 0, 6.924629577631, 3.974618512964, 6.92464535, 3.974723352862, 6.923070128902, 3.974670913933, 6.924630337847, 3.974618494012, 0, 6.924645992341, 3.974723333855, 0.000637931610074, 0, -0.1993317501972, 0.003813893393681, 0.1995193149174, 0.003813893393681, 0.7873260043515, 0.7871480881775, -0.7873146675708, -0.7878523202704, -1.622778178703e-06, -6.698930997199e-05, 0.7875445193108, 0.7874328029768, 0, -0.7874991275191, -0.7875667815968, -5.551115123126e-17, -5.551115123126e-17, -5.551115123126e-17, 5.551115123126e-17, 0.0018641398398, 0.3942281967946, 0.39117539704, 0.3936586351839, 0, 0.391181029517, 0.3947977584053
0.525, 0.2093314134626, 0.3821782940135, -0.1876418609302, 0.3828215830623, 0.04801092083087, -0.008356282168904, 0.004108269210777, -0.001464834412836, 0, 0, -1000, 0, 1000, 7587.287794352, 3181.725368639, 7583.997064361, 3141.766033844, -30.42534757252, -32.52302206826, -30.56285478018, -27.37450038651, -245.2882016728, -61.38971488424, 236.4659558295, -87.02324387243, 5431.420611339, 3676.654983027, 5426.199953432, 4141.738607509, 3, -3.042516057161, 180.4653915778, -1.239792328271, -111.8671207918, -0.7131059633078, 1.344532950745, -0.747713196361, 0.3728008015006, 0, 0, 0.2221587670114, -0, -0, -0, -0, -0, 0.2221604308043, -0.001635646693879, 0, 0, 0, 0, 0, 0.03370331505151, -0.001635658989314, -0.03207893626016, 0.03370306169604, 0.0290798046086, 0.03370306169604, 2.942137073795, 2.941305612309, 2.942144335436, 2.941326535001, 7.268205821305, -0.1989523550385, 0.2003789612741, 0, 1, 49.67831421776, 50, 49.67538648893, -0.02792852888441, 0, 0, 0, 0, 0, 0, 0, 0, 7.26969332332, 4.319815468463, 7.269716249614, 4.319756388503, 7.268205821305, 4.319785919785, 7.269694080257, 4.319815459755, 0, 7.269716946396, 4.319756379815, 0.0008094713716949, 0, -0.1980199994195, -0.00214922651596, 0.2010771820327, -0.00214922651596, 0.7873461600821, 0.7877869614397, -0.7872835792456, -0.7872133099381, 3.113119507714e-05, 5.493823389205e-05, 0.787565174062, 0.7875548014369, 0, -0.7874821223609, -0.7874449249691, 5.551115123126e-17, -0, 5.551115123126e-17, -0, 0.001918892689759, 0.3942126871864, 0.3911803757177, 0.3946759178079, 0, 0.3911907863617, 0.3937494565649
0.55, 0.1885836443469, -0.411245277866, -0.2086562859247, -0.4104962443516, -0.04973013984348, 0.007093003674664, -0.003756987744261, -0.005360178392115, 0, 0, 1000, 0, -1000, 7584.485421108, 3170.358544251, 7577.598023891, 3196.921154198, -29.3872155206, -21.786374745, -28.8088343317, -36.10763196212, -238.0410788738, 77.27833554745, 243.6031511323, 50.59582133128, 5422.374525492, 4103.722348592, 5429.66825943, 3766.401785755, 3, -1.701656214886, -123.3129188649, -2.561707370453, 193.5881115479, -0.742973298104, 1.019033148386, -0.8157381683604, 1.632920872027, 0, 0, 0.2110272824008, -0, -0, -0, -0, -0, 0.2110280447271, -0.002119055402103, 0, 0, 0, 0, 0, -0.02444466516407, -0.00211906977508, -0.03281234003418, -0.02444449936247, 0.03053613473947, -0.02444449936247, 3.081810892824, 3.081016364533, 3.081819667399, 3.081003703014, 7.613285723206, -0.1999537268968, 0.1996329820214, 0, 1, 49.66859099305, 50, 49.66550864611, -0.03086046236544, 0, 0, 0, 0, 0, 0, 0, 0, 7.614698629795, 4.66480389828, 7.614718236733, 4.664876126972, 7.613285723206, 4.664840004914, 7.614699408231, 4.664803890575, 0, 7.61471896547, 4.664876119254, 0.0007509360331511, 0, -0.199083299449, 0.002627554820303, 0.2002728000107, 0.002627554820303, 0.7873390073692, 0.7872983110977, -0.787279500589, -0.7877018305862, 2.445143707036e-05, -3.359598530748e-05, 0.7875630388549, 0.7874663315166, 0, -0.7874879831629, -0.7875335234872, -0, -0, -0, -0, 0.001973099527501, 0.3941611950694, 0.3911983929706, 0.3938252184438, 0, 0.3911838722137, 0.3944971716951
0.575, 0.2090923946602, 0.4309866540582, -0.188590405127, 0.4318117955338, 0.0532106768822, -0.006098211326878, 0.00306016826235, -0.006667954616793, 0, 0, -1000, 0, 1000, 7577.127811923, 3217.815287236, 7576.267439856, 3197.357459561, -28.04476618144, -39.15015007539, -29.0150571967, -16.76329193233, -244.3536462144, -40.21210666472, 237.4348346719, -67.59545744435, 5428.677799699, 3842.635957883, 5420.504158003, 4067.468511673, 3, -2.934316411735, 202.5079014741, -0.9315539909632, -131.070421937, -0.8211781400673, 2.073930819352, -0.8301273920187, 1.600692614381, 0, 0, 0.1993718265273, -0, -0, -0, -0, -0, 0.199372218227, -0.0009178241221514, 0, 0, 0, 0, 0, 0.01629296663745, -0.0009178296788133, -0.03370484864693, 0.01629286799729, 0.03171902130742, 0.01629286799729, 3.221461454467, 3.220663224733, 3.221468016362, 3.220699130252, 7.958304137924, -0.1998094120334, 0.2000188027599, 0, 1, 49.65899847208, 50, 49.65588905265, -0.03202787200744, 0, 0, 0, 0, 0, 0, 0, 0, 7.959636422159, 5.009843263015, 7.959657721782, 5.009825033344, 7.958304137924, 5.009834146882, 7.959637221097, 5.009843261717, 0, 7.959658480324, 5.009825032047, 0.0007707860220256, 0, -0.1989225551393, -0.000663163909478, 0.2006804256611, -0.000663163909478, 0.7873457949693, 0.7876468271754, -0.787262050025, -0.7873532363987, 4.263180940437e-05, 3.472137394783e-05, 0.7875759128151, 0.7875346894814, 0, -0.787478618745, -0.7874652467335, 5.551115123126e-17, -0, -0, -0, 0.002021953861127, 0.394121393956, 0.3911858331124, 0.3943453307535, 0, 0.3912021230054, 0.3938974571585
0.6, 0.188789888852, -0.4486268883466, -0.2094168165922, -0.4477336719047, -0.05528118775285, 0.004913528610014, -0.002044383196906, -0.008601350264581, 0, 0, 1000, 0, -1000, 7575.212121479, 3228.054729365, 7570.728855142, 3236.516547017, -27.28626865154, -9.829192510528, -26.0052086641, -39.8754879965, -238.3015900121, 57.2323978365, 244.0001781451, 29.47668220773, 5419.830077009, 4011.322733984, 5429.291924054, 3917.367339102, 3, -1.003410365982, -139.258039479, -2.217132114468, 209.0849360528, -0.8417451409869, 2.287086743428, -0.8890725448801, 2.445841985294, 0, 0, 0.187964954162, -0, -0, -0, -0, -0, 0.1879650090716, -0.001034940667837, 0, 0, 0, 0, 0, -0.00680867201963, -0.001034946237076, -0.03398383075725, -0.006808635380868, 0.03323303992486, -0.006808635380868, 3.361083522207, 3.360340371291, 3.361093624808, 3.360316303714, 8.303253269584, -0.1996127300943, 0.2004126965951, 0, 1, 49.64961104345, 50, 49.64660705256, -0.03172940344571, 0, 0, 0, 0, 0, 0, 0, 0, 8.304506732598, 5.354745178563, 8.304529756566, 5.354781530356, 8.303253269584, 5.354763353379, 8.30450753714, 5.354745177482, 0, 8.304530553111, 5.354781529275, 0.0008380570834575, 0, -0.1986642618857, 0.001322415431684, 0.2011428057522, 0.001322415431684, 0.787343284458, 0.7874498605372, -0.7872553102552, -0.7875501501639, 4.034278057907e-05, -3.312342384607e-06, 0.7875753174947, 0.7874966818876, 0, -0.7874822061151, -0.7875033065724, -0, -0, -0, -0, 0.002061501188791, 0.394102895551, 0.3912034569297, 0.394009314481, 0, 0.391184611639, 0.3941964766209
0.625, 0.2093207587724, 0.4514304159929, -0.1893875616174, 0.4523402539067, 0.05469535329723, -0.00378079171233, 0.001267836100735, -0.009997010077203, 0, 0, -1000, 0, 1000, 7569.885888514, 3256.270889496, 7570.220801335, 3254.533219271, -22.93707075002, -37.15735523102, -24.32998816613, -2.663854862672, -244.0636265742, -19.37664560733, 238.9719732162, -46.63540278783, 5430.443922784, 3979.797913081, 5419.942356605, 3969.212202929, 3, -2.144907642591, 207.9204905895, -0.3709679150024, -144.3334402385, -0.898432758593, 2.866112298193, -0.8948227677185, 2.869816645074, 0, 0, 0.1772522867986, -0, -0, -0, -0, -0, 0.177252286943, -0.0006323875113888, 0, 0, 0, 0, 0, -0.0007671149271896, -0.0006323905375597, -0.03506003985006, -0.0007671112563237, 0.03357136949622, -0.0007671112563237, 3.500686360263, 3.49992908488, 3.500691564485, 3.499976789383, 8.648130746526, -0.2010066585783, 0.1991629296835, 0, 1, 49.64068807128, 50, 49.63792293155, -0.03023092815765, 0, 0, 0, 0, 0, 0, 0, 0, 8.649313698723, 5.699613522512, 8.649331549976, 5.699632892675, 8.648130746526, 5.699623207528, 8.649314535147, 5.699613522447, 0, 8.649332349102, 5.69963289261, 0.0006914992551219, 0, -0.200207659822, 0.0007046530965736, 0.1997515233976, 0.0007046530965736, 0.7873423338085, 0.78750924331, -0.7872489424265, -0.787490756712, 4.745945886226e-05, 1.451952085199e-05, 0.7875817019688, 0.7875145193907, 0, -0.7874781591358, -0.787485480349, -0, -0, -0, 5.551115123126e-17, 0.002091224400963, 0.3940826592117, 0.3911823093872, 0.3940721156757, 0, 0.3912032349255, 0.3940932027477
0.65, 0.1902054378013, -0.4527636093051, -0.2089078012996, -0.4518515259727, -0.05703127380679, 0.003041009715449, -0.0005144415960386, -0.01027964438142, 0, 0, 1000, 0, -1000, 7569.312720362, 3279.27428044, 7566.46277732, 3274.407827042, -20.41930168018, 4.82526180153, -18.95462786045, -33.46567655054, -239.5968676421, 39.18668158887, 244.1867795546, 13.3893818002, 5419.551928376, 3940.607338572, 5431.989821344, 4025.021273059, 3, -0.3839794915305, -147.7534749082, -1.530053277148, 206.4913120007, -0.9048817283625, 3.422704941575, -0.9348477334081, 3.249399013074, 0, 0, 0.1674124788949, -0, -0, -0, -0, -0, 0.1674125327503, -0.0001858722805802, 0, 0, 0, 0, 0, 0.0061172235578, -0.0001858730740248, -0.03463122315926, 0.006117197444923, 0.03505192254698, 0.006117197444923, 3.640263263143, 3.639573275104, 3.6402738104, 3.639541369584, 8.992938425063, -0.199104750288, 0.2011620879529, 0, 1, 49.63238686046, 50, 49.62985281056, -0.02804148611014, 0, 0, 0, 0, 0, 0, 0, 0, 8.994051152216, 6.044411427218, 8.994075376384, 6.044420287562, 8.992938425063, 6.044415857627, 8.994051970004, 6.044411427455, 0, 8.994076219697, 6.044420287799, 0.00084456566615, 0, -0.1981598463042, 0.0003223239991048, 0.2019050940822, 0.0003223239991048, 0.7873479119518, 0.787563809116, -0.7872379149893, -0.7874361998357, 5.279414690504e-05, 2.173207914909e-05, 0.7875843655624, 0.7875217275784, 0, -0.787477225821, -0.7874782634201, -0, -0, 5.551115123126e-17, -0, 0.002113106847018, 0.3940661047146, 0.3912040083638, 0.3941501823381, 0, 0.3911792299425, 0.3939820270911
0.675, 0.209251215405, 0.4497848013793, -0.1901230434359, 0.450689988082, 0.05374411127632, -0.002303544369227, -0.0004221972163605, -0.008714977109176, 0, 0, -1000, 0, 1000, 7565.419687529, 3292.445405121, 7567.089262811, 3303.353291596, -14.31442490455, -28.5669434821, -15.66985026873, 13.75489438325, -244.5562598874, -7.756709716069, 239.8356726148, -30.82131044685, 5430.138560643, 4055.937288773, 5421.671831623, 3896.44591883, 3, -1.65465710256, 204.3532238293, 0.1164151576622, -148.3858847417, -0.9463464862097, 3.634643131887, -0.9286896001775, 3.953090412855, 0, 0, 0.1584408220936, -0, -0, -0, -0, -0, 0.1584410090638, 2.414531835527e-05, 0, 0, 0, 0, 0, -0.01155785389541, 2.414541067473e-05, -0.0354335275348, -0.0115578097041, 0.03504176901906, -0.0115578097041, 3.779828401179, 3.779118509389, 3.779832080164, 3.779172568656, 9.337681015977, -0.2018325958568, 0.1984999884604, 0, 1, 49.62482559089, 50, 49.62246386517, -0.02580418253307, 0, 0, 0, 0, 0, 0, 0, 0, 9.338737853029, 6.389127199134, 9.338751755426, 6.389169505526, 9.337681015977, 6.389148350195, 9.338738702364, 6.389127197, 0, 9.338752586341, 6.38916950339, 0.0005803038487227, 0, -0.2011550791708, 0.001539033434942, 0.1989841501441, 0.001539033434942, 0.7873462671828, 0.7874279590844, -0.7872354637413, -0.7875720723921, 5.6628596961e-05, 7.437744522854e-06, 0.7875881856468, 0.7875074214381, 0, -0.7874747178647, -0.787492545949, -0, -0, 5.551115123126e-17, -0, 0.002130317889565, 0.3940792915761, 0.3911829161096, 0.3939204356332, 0, 0.3911997837455, 0.3942381475191
0.7, 0.1906399238823, -0.4473368716978, -0.2088461251207, -0.446445603462, -0.05658439550992, 0.001687006834777, 0.0009418489330263, -0.00917434882216, 0, 0, 1000, 0, -1000, 7565.319556481, 3323.652977743, 7564.42499474, 3309.466001037, -10.72682096309, 20.94591274538, -9.387357238084, -23.92380831229, -240.395605207, 23.76131799448, 244.3589673105, 3.960546503393, 5418.387143329, 3868.713540572, 5432.254232146, 4079.552146553, 3, -0.2255786883684, -150.7466284586, -1.210532091632, 200.8435893462, -0.9478179772573, 4.404651323792, -0.9571028895562, 4.003047322602, 0, 0, 0.1502459647641, -0, -0, -0, -0, -0, 0.1502462764671, 0.0006722282060679, 0, 0, 0, 0, 0, 0.01527882568654, 0.0006722305173255, -0.03479599943875, 0.01527877315478, 0.03633817381033, 0.01527877315478, 3.919372193881, 3.918739467707, 3.919382690588, 3.918701714917, 9.682365714249, -0.1984096764202, 0.2019759938106, 0, 1, 49.61815015326, 50, 49.61599062278, -0.02361760649178, 0, 0, 0, 0, 0, 0, 0, 0, 9.683361632176, 6.733828551355, 9.683385907157, 6.733817358994, 9.682365714249, 6.733822954428, 9.683362451196, 6.733828550608, 0, 9.683386784784, 6.733817358248, 0.0008016835274278, 0, -0.1975174288916, -0.0004071587530934, 0.2026830844824, -0.0004071587530934, 0.7873545866736, 0.7876477763952, -0.7872237562258, -0.7873522795643, 6.481526891935e-05, 4.266020716896e-05, 0.7875921667549, 0.7875426321877, 0, -0.7874718483644, -0.7874573117733, -0, -5.551115123126e-17, -0, -0, 0.002146273752194, 0.3940833866984, 0.3912063279707, 0.3942933853024, 0, 0.3911786977569, 0.3938733880943
0.725, 0.2088879167026, 0.4396609411667, -0.1906113698291, 0.440527301778, 0.0518381322825, -0.001191937944415, -0.001549734597815, -0.007486319455382, 0, 0, -1000, 0, 1000, 7561.896814227, 3324.092649995, 7564.994142953, 3343.371163553, -4.258944988315, -19.49583762134, -5.350899237083, 25.97392849405, -244.4230640637, -0.9176204106895, 240.4179425577, -17.45475320863, 5427.916902606, 4102.977414515, 5419.891023857, 3846.794834915, 3, -1.553091362765, 196.5680768026, 0.01185631302315, -149.6438764661, -0.9842914477675, 4.317986154076, -0.951515575099, 4.845030102182, 0, 0, 0.1425278605528, -0, -0, -0, -0, -0, 0.1425283575914, 0.0006043739382013, 0, 0, 0, 0, 0, -0.01856475747463, 0.0006043758081562, -0.03563436570776, -0.01856470003437, 0.03617043795518, -0.01856470003437, 4.058912529896, 4.058257222277, 4.058914633026, 4.058314719176, 10.02700208833, -0.2025458602422, 0.1978976621504, 0, 1, 49.61238101349, 50, 49.61034164274, -0.02177507638415, 0, 0, 0, 0, 0, 0, 0, 0, 10.0279526461, 7.078420999966, 10.02796265905, 7.078477245271, 10.02700208833, 7.078449118058, 10.02795350381, 7.078420995409, 0, 10.02796351367, 7.078477240708, 0.0004660849452937, 0, -0.201991757663, 0.002046106960155, 0.1982743841474, 0.002046106960155, 0.7873502100071, 0.7873782245267, -0.7872247035782, -0.7876218571453, 6.447613389102e-05, 5.872190560185e-06, 0.7875935024111, 0.7875058303502, 0, -0.7874716661454, -0.7874940859691, -0, -0, -0, 5.551115123126e-17, 0.002164403937277, 0.3940818794635, 0.3911873408719, 0.393826717545, 0, 0.3912033263816, 0.3943370413819
0.75, 0.1906594920383, -0.4354325907623, -0.2087906615568, -0.4345878887283, -0.0552344391889, 0.0008118593046037, 0.002240466927785, -0.005686587434497, 0, 0, 1000, 0, -1000, 7561.45079752, 3360.195054883, 7562.056416974, 3340.210157474, 0.1182475532208, 29.70500948243, 0.8342627957088, -16.15559810281, -240.473510676, 12.8428695503, 244.2022785632, -1.351960629756, 5414.708756671, 3829.128298083, 5428.94235177, 4117.196260328, 3, -0.4340772580358, -148.909757713, -1.370985948986, 194.4881854475, -0.9893879727233, 5.211455081212, -0.9828329349805, 4.672627210338, 0, 0, 0.1351587148184, -0, -0, -0, -0, -0, 0.1351592862082, 0.001277453628332, 0, 0, 0, 0, 0, 0.02087538562293, 0.001277457182673, -0.03515741573961, 0.02087532753969, 0.03743477344122, 0.02087532753969, 4.198436584651, 4.19786592521, 4.198446746191, 4.197824946413, 10.37159791379, -0.1976253270182, 0.2028939853492, 0, 1, 49.60754929965, 50, 49.60557651275, -0.02016142795812, 0, 0, 0, 0, 0, 0, 0, 0, 10.37249158127, 7.423047772205, 10.37251507147, 7.423023234787, 10.37159791379, 7.423035501259, 10.37249240588, 7.423047769967, 0, 10.37251597938, 7.423023232552, 0.0007247500809666, 0, -0.1968181893118, -0.0008926288476252, 0.2035309958901, -0.0008926288476252, 0.7873580288799, 0.7877019241677, -0.7872128681054, -0.7872981801786, 7.32722994421e-05, 5.828968679108e-05, 0.787598081145, 0.7875582373225, 0, -0.7874684513705, -0.7874416579489, -0, -0, -0, -5.551115123126e-17, 0.002186627947328, 0.3940853079485, 0.3912136539264, 0.3943722282106, 0, 0.3911852903068, 0.3937983876865
0.775, 0.2090726997214, 0.429799971187, -0.1903169801259, 0.4306281177153, 0.04981015673913, -0.0005021139471661, -0.002697381252928, -0.005101690312974, 0, 0, -1000, 0, 1000, 7557.532973638, 3352.430487179, 7561.840131042, 3378.155433885, 5.814157523181, -13.91694001623, 5.25602050759, 32.85252501055, -244.1200324827, 3.882449254185, 240.2171180917, -9.374197260863, 5422.650593781, 4140.000806365, 5415.978626339, 3810.823449328, 3, -1.802325429115, 190.4122038239, -0.3401633884666, -148.815920576, -1.031160404346, 4.93002545073, -0.9855063596955, 5.618016425124, 0, 0, 0.1280954076911, -0, -0, -0, -0, -0, 0.1280962413767, 0.001168996781191, 0, 0, 0, 0, 0, -0.02385444800555, 0.001168999702692, -0.03604610248199, -0.02385438838901, 0.03751158754896, -0.02385438838901, 4.337964246482, 4.337371851682, 4.337964478442, 4.337431702218, 10.71616030853, -0.2033843330957, 0.1972358085303, 0, 1, 49.60366613845, 50, 49.60181358964, -0.01840539294028, 0, 0, 0, 0, 0, 0, 0, 0, 10.71701484362, 7.767554716824, 10.71702035352, 7.767620438406, 10.71616030853, 7.767587570769, 10.71701571546, 7.767554709984, 0, 10.71702123634, 7.767620431554, 0.000335267285879, 0, -0.2029689840478, 0.002390837420037, 0.197487707488, 0.002390837420037, 0.7873527297191, 0.7873435844163, -0.7872132323453, -0.7876565507153, 7.190740242257e-05, 7.587529150969e-06, 0.7875988398264, 0.7875075185921, 0, -0.7874693570548, -0.7874923435338, -5.551115123126e-17, -0, -5.551115123126e-17, -0, 0.002213739659836, 0.3940808181806, 0.3911978297664, 0.3937529523155, 0, 0.3912111141125, 0.3944086840456
0.8, 0.1912251230304, -0.4255161977443, -0.2081337039535, -0.4247092105093, -0.05454500564798, 0.0003167153963749, 0.002729693726896, -0.003853011232917, 0, 0, 1000, 0, -1000, 7556.065884777, 3390.401868936, 7558.321049363, 3368.239386346, 10.11233789573, 36.06033289738, 10.58603407485, -11.22308159938, -240.4899743901, 8.032788322371, 243.394519501, -5.032443606345, 5408.498790369, 3817.746416623, 5424.658544831, 4141.174782562, 3, -0.8708728864823, -148.3489925819, -1.599258623793, 188.4888399869, -1.047014384695, 5.877011115233, -1.023020927803, 5.28905373296, 0, 0, 0.1213131713078, -0, -0, -0, -0, -0, 0.121313871321, 0.002052574579581, 0, 0, 0, 0, 0, 0.02343783070591, 0.002052579180456, -0.03569150974047, 0.02343777816919, 0.03903335771407, 0.02343777816919, 4.477479401018, 4.476978143225, 4.477488435666, 4.476935599836, 11.06069585764, -0.1973766776895, 0.2033712641886, 0, 1, 49.60066972917, 50, 49.59888619759, -0.01681285484158, 0, 0, 0, 0, 0, 0, 0, 0, 11.0614964637, 8.112128215879, 11.06151729298, 8.112096406239, 11.06069585764, 8.112112307803, 11.06149730036, 8.11212821262, 0, 11.06151824136, 8.112096402986, 0.0006035595103667, 0, -0.1966979863014, -0.001157179647173, 0.2038926388321, -0.001157179647173, 0.7873612423293, 0.787732831025, -0.7871987411144, -0.7872673004303, 8.325027840885e-05, 7.156336594162e-05, 0.7876049490564, 0.787571497317, 0, -0.7874652444063, -0.7874283705852, -0, -0, -0, -5.551115123126e-17, 0.002245769681834, 0.3940727546791, 0.3912260221201, 0.3943948944588, 0, 0.3911938165015, 0.3937506148993
0.825, 0.2092539629604, 0.4197040540227, -0.1901177089578, 0.4204931338423, 0.0481002731704, -0.0002980586538555, -0.00317521644023, -0.001392162389223, 0, 0, -1000, 0, 1000, 7551.283095622, 3379.246196568, 7557.352611064, 3407.119275285, 15.08375636805, -8.487777378859, 14.64565835323, 39.46322494926, -243.8200622841, 5.981659131997, 239.5752097035, -7.290842605656, 5415.619497015, 4148.500439568, 5411.918352114, 3804.952066883, 3, -2.148433520545, 185.7989765596, -0.613789273186, -145.943368478, -1.09805288152, 5.515390552698, -1.033603692968, 6.256693326634, 0, 0, 0.1148268163932, -0, -0, -0, -0, -0, 0.1148277538902, 0.002067129709097, 0, 0, 0, 0, 0, -0.02489585797118, 0.002067133860356, -0.0366080640263, -0.024895807974, 0.03947407532149, -0.024895807974, 4.617003049492, 4.616483293147, 4.617001448496, 4.616542924079, 11.4052101818, -0.2039008594724, 0.1969995482662, 0, 1, 49.59849808803, 50, 49.59675861081, -0.01539793418313, 0, 0, 0, 0, 0, 0, 0, 0, 11.40597623178, 8.45658426542, 11.40597755704, 8.45665032793, 11.4052101818, 8.456617289493, 11.40597712013, 8.456584258244, 0, 11.40597848431, 8.456650320742, 0.000195956118448, 0, -0.2036319419636, 0.002403239801784, 0.1971167948376, 0.002403239801784, 0.7873560028488, 0.7873456163958, -0.7871970026037, -0.7876545309005, 8.263919543186e-05, 1.677518083261e-05, 0.78760595877, 0.7875167001472, 0, -0.7874665325252, -0.7874831497855, -0, -0, -0, 5.551115123126e-17, 0.002282081564959, 0.3940781973539, 0.3912118334997, 0.3937360177321, 0, 0.3912191933039, 0.3944203769757
0.85, 0.1909549051003, -0.4160415515731, -0.2084751689528, -0.4152712325872, -0.05333095982429, 0.0001334261968165, 0.003027220921934, -0.000531808204214, 0, 0, 1000, 0, -1000, 7548.95555283, 3417.078102031, 7553.274057255, 3395.255909364, 18.73870796606, 42.44595919852, 19.06511670842, -5.304837680457, -240.1045735589, 6.71264246738, 242.8072598453, -6.957502136575, 5402.339687224, 3809.523651366, 5419.58865294, 4138.291041272, 3, -1.166678308355, -145.7944532322, -1.832682761591, 183.9463027399, -1.123022392358, 6.457949258979, -1.077111988139, 5.883492255936, 0, 0, 0.1086332608146, -0, -0, -0, -0, -0, 0.1086339560369, 0.002930132805968, 0, 0, 0, 0, 0, 0.02382472226138, 0.002930138072665, -0.0365351834665, 0.02382467943773, 0.04106419048965, 0.02382467943773, 4.756517313213, 4.756093482294, 4.756524964529, 4.756050538782, 11.7497090135, -0.1971270286009, 0.2039468644597, 0, 1, 49.59710567393, 50, 49.59543018446, -0.01422918527982, 0, 0, 0, 0, 0, 0, 0, 0, 11.75042453299, 8.801124099174, 11.75044218518, 8.801089518216, 11.7497090135, 8.801106805097, 11.75042538902, 8.801124095573, 0, 11.75044318507, 8.801089514621, 0.0004589999078837, 0, -0.1965991057057, -0.001257995402031, 0.2043283804317, -0.001257995402031, 0.7873621374685, 0.7877456971902, -0.7871830496695, -0.7872544385933, 9.303928626054e-05, 8.176171165733e-05, 0.7876116127445, 0.7875816934403, 0, -0.7874634258588, -0.787418170017, -0, -0, 5.551115123126e-17, -0, 0.002321819524902, 0.3940838158381, 0.3912382876163, 0.3944112733695, 0, 0.3912039061933, 0.3937563583067
0.875, 0.2094566670216, 0.4109868447059, -0.1900844954359, 0.4117429936434, 0.04643462463034, -0.0001408084482662, -0.003364901576068, 0.001093071213277, 0, 0, -1000, 0, 1000, 7543.663170468, 3403.693422977, 7551.665739472, 3432.885324444, 22.74966346691, -2.128933406022, 22.40373252842, 45.38438940836, -243.3153383313, 7.794713751682, 239.1446965072, -6.218269771198, 5409.300580626, 4148.278087661, 5407.112224945, 3799.61142471, 3, -2.310821268054, 181.0996015013, -0.8578648486103, -144.1647782813, -1.179561274802, 6.048984040417, -1.09446091727, 6.824121553349, 0, 0, 0.1026443618778, -0, -0, -0, -0, -0, 0.1026453567617, 0.002927365003567, 0, 0, 0, 0, 0, -0.02526675394561, 0.002927369701128, -0.03754258808372, -0.02526671339918, 0.04170113397995, -0.02526671339918, 4.896044010714, 4.895605306001, 4.896040474027, 4.895664180981, 12.09419847294, -0.2043703651729, 0.19689339345, 0, 1, 49.59640378615, 50, 49.59477467214, -0.01339464277534, 0, 0, 0, 0, 0, 0, 0, 0, 12.09488329656, 9.145553987065, 12.09488032749, 9.14561853256, 12.09419847294, 9.14558625269, 12.09488421042, 9.145553979949, 0, 12.09488130586, 9.145618525432, 4.693144572998e-05, 0, -0.2042564981097, 0.002348053399828, 0.1968659413661, 0.002348053399828, 0.7873554922542, 0.7873520147745, -0.7871811948422, -0.7876481370479, 9.134078115465e-05, 2.57248133538e-05, 0.787611837242, 0.7875256475796, 0, -0.7874659381428, -0.7874741979529, -0, -0, -5.551115123126e-17, -0, 0.002364175292943, 0.3940837370674, 0.3912244168509, 0.3937364595484, 0, 0.3912287564878, 0.3944310145864
0.9, 0.1909233062622, -0.4077458132238, -0.208779590872, -0.4070070887826, -0.05242881944886, 1.38602351113e-05, 0.003257376842801, 0.002097693561757, 0, 0, 1000, 0, -1000, 7540.941893284, 3440.456128263, 7547.157712977, 3419.07503052, 25.73464054022, 47.83579204768, 25.9592543305, 1.298824960639, -239.7094731476, 5.727631395629, 242.3587279459, -8.166848200129, 5396.395304487, 3809.340488993, 5414.849146774, 4141.294889369, 3, -1.296178762621, -143.7941576576, -1.955231529218, 179.7399559664, -1.208735366745, 6.967453086522, -1.142592329415, 6.409317250874, 0, 0, 0.0968491100373, -0, -0, -0, -0, -0, 0.09684979204849, 0.003754388055588, 0, 0, 0, 0, 0, 0.02405566582806, 0.00375439341918, -0.03764686089664, 0.02405563146123, 0.04332369141008, 0.02405563146123, 5.035563937172, 5.035224124534, 5.03556984221, 5.035181098259, 12.43868319868, -0.1970650632004, 0.2043991714942, 0, 1, 49.59632958255, 50, 49.59474707488, -0.01267259980429, 0, 0, 0, 0, 0, 0, 0, 0, 12.43931993521, 9.490079558682, 12.4393337064, 9.490041964141, 12.43868319868, 9.490060757462, 12.43932081778, 9.49007955473, 0, 12.43933476285, 9.490041960195, 0.0002973617072272, 0, -0.1967043386574, -0.001367624339381, 0.204623603609, -0.001367624339381, 0.7873595698245, 0.7877562840939, -0.787168176502, -0.7872438542732, 0.000100494683517, 9.076000124757e-05, 0.7876166438087, 0.787590690369, 0, -0.7874639871382, -0.7874091703665, -0, -0, -0, -0, 0.002407899971473, 0.3940810057267, 0.3912501240996, 0.3944116375704, 0, 0.3912133360768, 0.3937503738829
0.925, 0.20985875474, 0.4032933075236, -0.1900598065867, 0.404020936181, 0.04497329426386, -5.015317349066e-05, -0.003671030151988, 0.003838714147225, 0, 0, -1000, 0, 1000, 7535.487034899, 3425.55472103, 7545.283023962, 3456.134207521, 28.92683165079, 3.884939132225, 28.66728066539, 50.29590766408, -242.9274223646, 8.436275703817, 238.8415233813, -5.237730570567, 5403.74458765, 4153.342566912, 5402.987231467, 3797.833504723, 3, -2.314163853011, 177.442916528, -0.926947963168, -142.1190046718, -1.267079885993, 6.525259812732, -1.162763948594, 7.336063978126, 0, 0, 0.0912829550994, -0, -0, -0, -0, -0, 0.09128401617578, 0.003729300295744, 0, 0, 0, 0, 0, -0.02576259194458, 0.003729305028694, -0.03867731511829, -0.0257625592479, 0.04405350445586, -0.0257625592479, 5.175099032031, 5.174747638499, 5.175093247812, 5.174805611336, 12.78316682376, -0.2049168368713, 0.1967519253259, 0, 1, 49.5968070954, 50, 49.59526958576, -0.01204016882281, 0, 0, 0, 0, 0, 0, 0, 0, 12.78377620927, 9.834503326618, 12.78376835549, 9.83456601191, 12.78316682376, 9.834534662212, 12.78377715409, 9.834503319572, 0, 12.78376938747, 9.834566004852, -0.0001203179422499, 0, -0.2049757856086, 0.002280382441238, 0.1965616812651, 0.002280382441238, 0.7873518274996, 0.7873563664977, -0.7871667765242, -0.7876437914696, 9.766040963229e-05, 3.348244908342e-05, 0.7876159279886, 0.787533402218, 0, -0.7874675885796, -0.7874664373198, -0, -0, -5.551115123126e-17, -0, 0.002451583188336, 0.3940804620836, 0.3912354794099, 0.393726369428, 0, 0.3912369615835, 0.3944345547392
0.95, 0.1909687614322, -0.4001867650932, -0.2092059582514, -0.3994762460433, -0.05162196309422, -4.298910405071e-05, 0.003529165832376, 0.004610904998311, 0, 0, 1000, 0, -1000, 7532.790736666, 3461.886641784, 7540.761506204, 3440.819988984, 31.3165599913, 52.29682135981, 31.4469076143, 6.405332499999, -239.4777636925, 4.837092994234, 242.0855658871, -8.302294579446, 5391.686110979, 3807.30616498, 5411.218150589, 4143.539927449, 3, -1.236622754512, -141.9465297657, -1.900293361746, 175.933054251, -1.296007940568, 7.433980031089, -1.211084642667, 6.888283578004, 0, 0, 0.08598843835983, -0, -0, -0, -0, -0, 0.0859891137612, 0.004516653558608, 0, 0, 0, 0, 0, 0.02436577000417, 0.004516658645143, -0.0388667382813, 0.02436574256369, 0.04560096824888, 0.02436574256369, 5.314628967269, 5.314379330364, 5.314632895451, 5.314335995294, 13.12765252295, -0.1970036671794, 0.2048668291782, 0, 1, 49.59778885174, 50, 49.59631604116, -0.01143548651718, 0, 0, 0, 0, 0, 0, 0, 0, 13.128216929, 10.17903188236, 13.1282263967, 10.17899053391, 13.12765252295, 10.17901120373, 13.12821784076, 10.17903187795, 0, 13.12822751031, 10.17899052952, 0.0001205043085848, 0, -0.196825043478, -0.001504184888868, 0.2049191396187, -0.001504184888868, 0.7873543221632, 0.787766477346, -0.787155250222, -0.7872336645292, 0.0001055534270268, 9.881864090095e-05, 0.7876197325179, 0.7875987471606, 0, -0.7874666156667, -0.7874011098788, -5.551115123126e-17, -0, -0, -5.551115123126e-17, 0.00249395669949, 0.3940807949508, 0.3912594993989, 0.3944156891063, 0, 0.3912205570683, 0.3937459007954
0.975, 0.2102719021911, 0.396129172395, -0.1901861604697, 0.3968307874276, 0.04369627735638, 7.445203583872e-06, -0.003941799247312, 0.006150613990112, 0, 0, -1000, 0, 1000, 7527.611060791, 3445.343731422, 7539.036108668, 3477.185793023, 33.83022938479, 8.100245514747, 33.63289324598, 54.3318122684, -242.7178507779, 8.548771458311, 238.7323133438, -4.365651846873, 5399.655348424, 4156.617779415, 5400.074110439, 3794.655475497, 3, -2.14103675572, 173.7632377203, -0.8287576964627, -140.5051761629, -1.351473570057, 6.956548286279, -1.2296975188, 7.799985125642, 0, 0, 0.08098163772008, -0, -0, -0, -0, -0, 0.08098276152991, 0.004449072677117, 0, 0, 0, 0, 0, -0.02623023034718, 0.004449077121052, -0.0398373853842, -0.02623020414654, 0.04630018282854, -0.02623020414654, 5.454176245295, 5.453917759813, 5.454168022018, 5.453974782895, 13.47214339855, -0.2053958211674, 0.196668050941, 0, 1, 49.59920803607, 50, 49.5977872512, -0.01096714862806, 0, 0, 0, 0, 0, 0, 0, 0, 13.47268473798, 10.52346327209, 13.47267165818, 10.52352344861, 13.47214339855, 10.52349335346, 13.47268571433, 10.5234632652, 0, 13.47267274137, 10.52352344171, -0.0003025811075008, 0, -0.2056422901097, 0.002189117447833, 0.1963002377713, 0.002189117447833, 0.7873458059083, 0.7873597743983, -0.7871550579833, -0.7876403894995, 0.0001013745040602, 4.01038025232e-05, 0.7876178333617, 0.787540020704, 0, -0.7874712158007, -0.787459813099, -0, -5.551115123126e-17, 5.551115123126e-17, -0, 0.002534101411692, 0.3940803638281, 0.3912436198753, 0.3937198436429, 0, 0.3912427525152, 0.3944408840134
1, 0.1910710179231, -0.3932077392519, -0.2096789933468, -0.39252270476, -0.05085233886329, -0.0001000594742092, 0.003789508037335, 0.00686524418743, 0, 0, 1000, 0, -1000, 7525.324042642, 3481.114442069, 7534.846541182, 3460.187700927, 35.7825924799, 55.95282257004, 35.84725496293, 9.948568660961, -239.403678772, 3.968927236686, 241.998595189, -8.492977598777, 5388.378491477, 3804.451202837, 5408.719416017, 4146.024915633, 3, -1.034020464758, -140.3434718254, -1.718683033722, 172.3027610379, -1.376071614327, 7.853488586086, -1.274509576455, 7.31543725772, 0, 0, 0.0762667474191, -0, -0, -0, -0, -0, 0.07626742392965, 0.005181434304051, 0, 0, 0, 0, 0, 0.02475273288657, 0.005181438894397, -0.04002711812951, 0.0247527109572, 0.04767728541922, 0.0247527109572, 5.593719698574, 5.593565279576, 5.59372143871, 5.593521444173, 13.81664227968, -0.1969458224362, 0.2052990763228, 0, 1, 49.60103234214, 50, 49.59967798137, -0.01050139694766, 0, 0, 0, 0, 0, 0, 0, 0, 13.81714234216, 10.86800721498, 13.81714713676, 10.86796139336, 13.81664227968, 10.86798429922, 13.8171432818, 10.86800721002, 0, 13.8171483025, 10.86796138842, -6.809060412707e-05, 0, -0.1969607942948, -0.00166691090475, 0.2051677189588, -0.00166691090475, 0.7873471188068, 0.7877760187705, -0.7871455710263, -0.7872241275404, 0.0001078730169176, 0.000105696116904, 0.7876204576786, 0.7876056222949, 0, -0.7874711177909, -0.7873942300611, -0, -0, -5.551115123126e-17, -0, 0.002571376735062, 0.3940811623099, 0.3912660828253, 0.3944213751395, 0, 0.3912255230851, 0.3937409494803
1.025, 0.2102155739763, 0.3905967203509, -0.1908286505126, 0.3912785925223, 0.04304315066636, -1.313100606179e-05, -0.003878797119637, 0.007433846870887, 0, 0, -1000, 0, 1000, 7520.743938855, 3463.113501355, 7533.494482129, 3495.064439925, 37.8083477274, 11.17358135193, 37.63378230812, 57.77374176358, -242.5874118404, 7.737668272429, 238.8267299576, -4.166121524371, 5396.913865631, 4156.042378054, 5398.105177011, 3799.770423252, 3, -1.853424733133, 170.3001701957, -0.6564241370324, -140.0741577049, -1.425166263079, 7.347002671428, -1.2891866026, 8.194842817869, 0, 0, 0.07188201438915, -0, -0, -0, -0, -0, 0.07188312629946, 0.00502199815861, 0, 0, 0, 0, 0, -0.02581786384941, 0.005022002110839, -0.04092602872988, -0.02581784353057, 0.04822015847406, -0.02581784353057, 5.73328225867, 5.733121439059, 5.733271703886, 5.733177200748, 14.16115147083, -0.2055301077819, 0.1968807588773, 0, 1, 49.60321850051, 50, 49.60194587914, -0.009950383068033, 0, 0, 0, 0, 0, 0, 0, 0, 14.161632868, 11.21245788775, 14.16161487471, 11.21251317698, 14.16115147083, 11.21248552613, 14.16163387263, 11.21245788152, 0, 14.161616003, 11.21251317074, -0.0004885030726267, 0, -0.2059674144322, 0.002011326559053, 0.1963319288075, 0.002011326559053, 0.7873376309992, 0.7873686870272, -0.7871475165644, -0.7876314719012, 0.0001018527566152, 4.618066241962e-05, 0.7876170960892, 0.7875461002278, 0, -0.7874767881091, -0.787453738903, -0, -0, -0, -0, 0.00260528849116, 0.3940758436563, 0.3912490757557, 0.3937209911477, 0, 0.3912466638779, 0.3944306961648
1.05, 0.1916003528546, -0.3874769805324, -0.2097298142503, -0.3868127252644, -0.05033806402731, 3.460295004053e-05, 0.003644288900585, 0.008726295219984, 0, 0, 1000, 0, -1000, 7519.074358071, 3497.044601122, 7529.78751136, 3477.975305068, 39.51649065715, 59.21378983919, 39.51177507031, 12.60127416914, -239.3738231955, 4.484231551122, 242.076752992, -6.578870401258, 5386.550971821, 3813.765098169, 5406.83748684, 4136.913431823, 3, -0.7490280758748, -139.1934398591, -1.492722140305, 169.1319921983, -1.443227132564, 8.199795395614, -1.328865493781, 7.711146650577, 0, 0, 0.06780417730263, -0, -0, -0, -0, -0, 0.06780475855184, 0.005642982938745, 0, 0, 0, 0, 0, 0.02341750156076, 0.005642986890105, -0.04107607952448, 0.02341748516296, 0.04937568207111, 0.02341748516296, 5.872842493105, 5.872786911478, 5.872841632633, 5.872743149969, 14.50567344214, -0.1972078917316, 0.2053525616224, 0, 1, 49.60572825923, 50, 49.60450477693, -0.009509699503298, 0, 0, 0, 0, 0, 0, 0, 0, 14.50611824353, 11.55702507893, 14.50611754319, 11.55697786497, 14.50567344214, 11.55700146712, 14.50611921008, 11.5570250741, 0, 14.50611874964, 11.55697786014, -0.0002677528984537, 0, -0.1974271584894, -0.001717562230879, 0.2050265377114, -0.001717562230879, 0.7873377209115, 0.787769609471, -0.7871406011731, -0.7872305213698, 0.0001063459188803, 0.000108478336361, 0.7876182255758, 0.7876084122083, 0, -0.7874777480438, -0.7873914555356, 5.551115123126e-17, -0, -0, -0, 0.002635743000874, 0.3940809645653, 0.3912697182319, 0.3944028254285, 0, 0.3912292621246, 0.3937591037021
1.075, 0.2105498291327, 0.384699134703, -0.1910424496392, 0.3853597740409, 0.04214769444565, -0.0001549940428994, -0.00378632398719, 0.009421321427607, 0, 0, -1000, 0, 1000, 7515.16109171, 3479.552415571, 7528.931095099, 3510.607489439, 41.21821610428, 13.4806519927, 41.07830015419, 60.80828081233, -242.6688618592, 5.789749376721, 238.8460043818, -4.825066488542, 5394.931768436, 4144.298455752, 5397.158516226, 3805.06861266, 3, -1.568896503294, 167.1277166911, -0.4282313346893, -138.6716518652, -1.485207139157, 7.708905769936, -1.338300163555, 8.535779188977, 0, 0, 0.0640636020117, -0, -0, -0, -0, -0, 0.06406463454695, 0.005494660113603, 0, 0, 0, 0, 0, -0.02458287390302, 0.0054946635483, -0.04181213720429, -0.02458285853584, 0.04980303133692, -0.02458285853584, 6.012423045579, 6.012363943377, 6.012410027901, 6.012418238669, 14.85021022717, -0.2056731890719, 0.1970201428702, 0, 1, 49.60854972628, 50, 49.60739612365, -0.009076036473142, 0, 0, 0, 0, 0, 0, 0, 0, 14.85064061723, 11.90150832687, 14.85061750304, 11.90155658273, 14.85021022717, 11.90153244962, 14.8506416453, 11.90150832169, 0, 14.85061866811, 11.90155657754, -0.0006784418156213, 0, -0.2063049934456, 0.001755464779598, 0.1962861541426, 0.001755464779598, 0.7873286036149, 0.7873830336146, -0.7871436196116, -0.7876171106135, 9.992477955793e-05, 5.204322535063e-05, 0.7876141224078, 0.7875519703721, 0, -0.7874837014474, -0.7874478839214, -5.551115123126e-17, -0, -0, -0, 0.002662709219308, 0.3940822674443, 0.3912530197866, 0.3937443891456, 0, 0.3912485404097, 0.394420145743
1.1, 0.1919825798026, -0.3821447027983, -0.2098466578131, -0.3814993966682, -0.04966144928045, 0.0001414462324816, 0.003472389466846, 0.01019274634217, 0, 0, 1000, 0, -1000, 7514.085124783, 3511.031593909, 7525.765873664, 3493.71194, 42.79400904316, 62.09882941588, 42.71746161739, 14.74093921365, -239.4509461954, 5.037920796916, 242.1081833986, -5.07345119932, 5385.090958178, 3819.720584301, 5405.830357599, 4125.49764741, 3, -0.5106343348512, -138.3082291679, -1.25154361902, 165.9261245032, -1.497005587837, 8.503927382417, -1.372198914152, 8.061238705365, 0, 0, 0.06056466359641, -0, -0, -0, -0, -0, 0.06056516186633, 0.006055768292881, 0, 0, 0, 0, 0, 0.02215865946082, 0.006055771676121, -0.04187787793257, 0.02215864708101, 0.05076915889925, 0.02215864708101, 6.152002964193, 6.152050170951, 6.151999439057, 6.152006316585, 15.19476487195, -0.1973861565088, 0.205424548347, 0, 1, 49.61165609151, 50, 49.61055067061, -0.008781938991917, 0, 0, 0, 0, 0, 0, 0, 0, 15.19516288292, 12.24610674018, 15.19515662007, 12.24605772232, 15.19476487195, 12.24608222651, 15.19516387028, 12.24610673543, 0, 15.1951578598, 12.24605771758, -0.0004714212459686, 0, -0.1978134048653, -0.001783184902433, 0.2048995945056, -0.001783184902433, 0.7873280548691, 0.7877627046015, -0.7871387700007, -0.7872374124212, 0.0001030256016217, 0.0001102365739594, 0.7876140370572, 0.7876101772998, 0, -0.7874854335833, -0.7873897041519, -0, -5.551115123126e-17, -0, -0, 0.002686691837779, 0.3940864065527, 0.3912726226611, 0.3943909653577, 0, 0.3912312600419, 0.3937818477476
1.125, 0.2108255509161, 0.3795383641259, -0.1912012113583, 0.3801807154074, 0.04148804075923, -0.0002439594709106, -0.003722234449736, 0.01112736200641, 0, 0, -1000, 0, 1000, 7510.700812869, 3493.702715781, 7525.39669742, 3524.163864581, 45.23688581452, 16.03416816515, 45.10979385963, 64.24586970006, -242.691450833, 4.610289690575, 238.7993755357, -5.249872687916, 5393.448991251, 4136.966595072, 5396.371303269, 3810.265654344, 3, -1.339835455878, 164.3602949217, -0.2448838135248, -137.4789787437, -1.533332460337, 8.02073865753, -1.376502290638, 8.833955791967, 0, 0, 0.05729764146962, -0, -0, -0, -0, -0, 0.05729861944202, 0.005906123706643, 0, 0, 0, 0, 0, -0.02367494259354, 0.005906126659898, -0.04248499520215, -0.0236749307549, 0.05107358937198, -0.0236749307549, 6.291605276372, 6.291651389828, 6.291589712835, 6.291704710419, 15.5393396949, -0.2057939500121, 0.1971186749906, 0, 1, 49.61510682249, 50, 49.61404127659, -0.008528022068446, 0, 0, 0, 0, 0, 0, 0, 0, 15.53972641022, 12.59063113256, 15.53969808428, 12.59067289969, 15.5393396949, 12.5906520118, 15.53972745645, 12.59063112824, 0, 15.53969927853, 12.59067289536, -0.0008709360515945, 0, -0.2066224860957, 0.001519415925329, 0.196196779522, 0.001519415925329, 0.7873190061558, 0.7873932528835, -0.7871430471716, -0.7876068810195, 9.599001282664e-05, 5.602377800992e-05, 0.7876091218173, 0.7875559562727, 0, -0.7874918064573, -0.7874439087167, -5.551115123126e-17, -0, 5.551115123126e-17, -0, 0.002708077123579, 0.3940843963877, 0.3912559701451, 0.3937589970721, 0, 0.3912501009247, 0.3944097957033
1.15, 0.1923305234702, -0.3779261545599, -0.2098501881787, -0.3772956685157, -0.04937214740068, 0.000220804248065, 0.003320853798867, 0.01158768846171, 0, 0, 1000, 0, -1000, 7510.062588232, 3523.32724434, 7522.613499269, 3507.572437763, 48.71517843256, 67.20212747368, 48.60620899976, 18.48647152575, -239.3200366722, 5.514264521278, 241.9000573755, -3.976975720099, 5383.651192315, 3827.327306827, 5404.803683671, 4117.722049083, 3, -0.3626495218428, -137.5097094353, -1.09724230165, 163.6125046944, -1.540526959445, 8.771237036787, -1.406321076611, 8.369420269292, 0, 0, 0.05417639786973, -0, -0, -0, -0, -0, 0.05417682738259, 0.006427653693975, 0, 0, 0, 0, 0, 0.02104395094416, 0.006427656567385, -0.04247792632549, 0.02104394153655, 0.05189932335599, 0.02104394153655, 6.431211331717, 6.431366727122, 6.431205102879, 6.431322014012, 15.88393851985, -0.1975195017221, 0.2054828205878, 0, 1, 49.61908140546, 50, 49.61805087711, -0.008225730996004, 0, 0, 0, 0, 0, 0, 0, 0, 15.88429568984, 12.93527242001, 15.88428384674, 12.93522114084, 15.88393851985, 12.93524677571, 15.88429669309, 12.9352724153, 0, 15.8842851132, 12.93522113613, -0.0006761567530422, 0, -0.1981555641139, -0.001865447606242, 0.2047577017462, -0.001865447606242, 0.7873178611273, 0.7877556248058, -0.7871399387082, -0.7872444805924, 9.789282324387e-05, 0.0001108295909691, 0.787607943139, 0.7876107760571, 0, -0.7874943211692, -0.7873891168751, -0, -0, -0, 5.551115123126e-17, 0.002727919760415, 0.3940865776462, 0.3912754877033, 0.3943758154178, 0, 0.3912332982941, 0.3937973398746
1.175, 0.2111003847887, 0.3752246064576, -0.1911769950204, 0.3758516603673, 0.04118039370242, -0.0003250886877622, -0.003679008924454, 0.01285561345544, 0, 0, -1000, 0, 1000, 7506.926485329, 3506.55212372, 7522.486180891, 3536.529863686, 53.1038483827, 21.14041646878, 52.94573563444, 71.11302444242, -242.3872505867, 3.669666452574, 238.3472865015, -5.687210424755, 5391.333676354, 4131.292657742, 5395.167008897, 3815.573761782, 3, -1.267596859127, 162.360226308, -0.1814476952657, -136.1987073549, -1.574204337729, 8.302654237713, -1.408087286861, 9.105088244099, 0, 0, 0.05116496449136, -0, -0, -0, -0, -0, 0.0511658970532, 0.006309968755942, 0, 0, 0, 0, 0, -0.0228791076993, 0.006309971271866, -0.0429819414832, -0.02287909857657, 0.05216801090222, -0.02287909857657, 6.570845766346, 6.571004586552, 6.570827532075, 6.571058084156, 16.22856612524, -0.2059223947417, 0.197164504442, 0, 1, 49.62374968179, 50, 49.62272272633, -0.008013909794328, 0, 0, 0, 0, 0, 0, 0, 0, 16.22891368278, 13.27985229662, 16.22888001815, 13.27988774447, 16.22856612524, 13.27987001701, 16.22891474294, 13.27985229309, 0, 16.2288812371, 13.27988774093, -0.0010661938061, 0, -0.2069502699461, 0.001289531438293, 0.1960518221256, 0.001289531438293, 0.7873088646398, 0.7874011615321, -0.7871449278211, -0.7875989636382, 9.051790349569e-05, 5.846314885479e-05, 0.7876023769337, 0.7875584001648, 0, -0.7875011626198, -0.7874414738671, -0, 5.551115123126e-17, -0, -0, 0.002747566225173, 0.3940847629839, 0.3912601813876, 0.3937703019572, 0, 0.3912524931833, 0.3943992240106
1.2, 0.1925053564324, -0.3736412394317, -0.2098196346394, -0.3730255875699, -0.04936232121142, 0.0002660142802688, 0.003236838400743, 0.01293414532495, 0, 0, 1000, 0, -1000, 7506.287074086, 3534.874044247, 7519.749791595, 3520.470648172, 57.92311672403, 75.43959526065, 57.83661656734, 24.80400559899, -238.8108610475, 5.840485412477, 241.216071133, -3.276141659276, 5380.876490762, 3834.294458835, 5402.748766131, 4112.137483956, 3, -0.4205556241043, -136.5006738296, -1.111578740056, 161.5555560202, -1.581394922762, 9.02080842736, -1.437413311273, 8.655217584819, 0, 0, 0.04815714523138, -0, -0, -0, -0, -0, 0.04815751912872, 0.006835695875064, 0, 0, 0, 0, 0, 0.02013436751326, 0.006835698289575, -0.04296776295381, 0.02013436040127, 0.05296736347575, 0.02013436040127, 6.710490638652, 6.710766391046, 6.710481689221, 6.710720347499, 16.57322893415, -0.1975618078998, 0.2056126951074, 0, 1, 49.62924796412, 50, 49.62824449486, -0.007658123375075, 0, 0, 0, 0, 0, 0, 0, 0, 16.57354783359, 13.62455568407, 16.57353048364, 13.62450171167, 16.57322893415, 13.62452869312, 16.57354884971, 13.62455567932, 0, 16.57353177572, 13.62450170693, -0.0008825341793867, 0, -0.1984082786107, -0.001963422649711, 0.2046857358495, -0.001963422649711, 0.7873069479282, 0.7877489342409, -0.7871428045839, -0.7872511620824, 9.162581554144e-05, 0.0001104002449989, 0.7876003791771, 0.7876103511586, 0, -0.7875044836923, -0.7873895506686, -0, -0, -5.551115123126e-17, -0, 0.002768667549669, 0.3940852028159, 0.3912810125014, 0.3943619388796, 0, 0.3912373850796, 0.3938084667522
1.225, 0.2114063724394, 0.370602976099, -0.1909288554537, 0.3712139055295, 0.04089668547227, -0.0003695392920224, -0.003738902633224, 0.01454146043105, 0, 0, -1000, 0, 1000, 7502.892285079, 3518.567377765, 7519.429093662, 3548.535508551, 63.07226463735, 28.15782903534, 62.82458223296, 80.0682728901, -241.6880548856, 3.197676043277, 237.4539343221, -5.856418038655, 5387.481096088, 4130.299541166, 5392.463744829, 3820.648162218, 3, -1.415459269221, 160.4278443356, -0.3077898037895, -134.6326187724, -1.617866261862, 8.56462863668, -1.441196909191, 9.367804569143, 0, 0, 0.04511699674845, -0, -0, -0, -0, -0, 0.04511791222964, 0.006776898872753, 0, 0, 0, 0, 0, -0.02243941279676, 0.006776900973803, -0.04345331068748, -0.02243940583956, 0.0533438593937, -0.02243940583956, 6.850170383355, 6.850456617815, 6.8501492374, 6.850511044201, 16.91793342288, -0.2061423176543, 0.1971315296203, 0, 1, 49.63562115861, 50, 49.63458949945, -0.007480587333107, 0, 0, 0, 0, 0, 0, 0, 0, 16.91824258364, 13.96921318381, 16.91820326161, 13.96924303881, 16.91793342288, 13.96922810839, 16.91824365766, 13.96921318089, 0, 16.91820450658, 13.96924303588, -0.001269049852007, 0, -0.2073771948784, 0.00108607309689, 0.1958205562825, 0.00108607309689, 0.7872975298363, 0.7874049203052, -0.7871477776819, -0.787595200201, 8.400633989211e-05, 5.91984216776e-05, 0.7875942667973, 0.7875591378856, 0, -0.7875120469031, -0.7874407410423, -0, -0, -0, -0, 0.002792440490228, 0.3940806991564, 0.3912678534202, 0.393772281472, 0, 0.3912578707759, 0.3943891168409
1.25, 0.192344260145, -0.369037418522, -0.2099947485854, -0.368437488488, -0.04940236375318, 0.0002549645559973, 0.003335963025824, 0.01454256545117, 0, 0, 1000, 0, -1000, 7501.772594064, 3546.370957998, 7516.312742347, 3532.770136699, 67.75787745012, 84.43618184455, 67.79183868817, 32.01157063934, -237.9860430263, 5.725968177486, 240.1712248231, -3.149274632725, 5376.33238382, 3839.925548546, 5399.205246041, 4113.207335219, 3, -0.6579023650316, -134.9603298099, -1.292736823831, 159.8163173357, -1.630100766723, 9.268877183521, -1.474607132079, 8.925902658261, 0, 0, 0.04199777761701, -0, -0, -0, -0, -0, 0.04199812262444, 0.00732773672354, 0, 0, 0, 0, 0, 0.0198038279606, 0.007327738692094, -0.0435471760435, 0.01980382264033, 0.05422889639341, 0.01980382264033, 6.989866025804, 6.990279449493, 6.989854357742, 6.990232177406, 17.26268618809, -0.1974610812331, 0.2059286412689, 0, 1, 49.64288947766, 50, 49.6418708779, -0.007081501187574, 0, 0, 0, 0, 0, 0, 0, 0, 17.26296573463, 14.31400462179, 17.26294303972, 14.31394675866, 17.26268618809, 14.31397568522, 17.26296676506, 14.31400461678, 0, 17.26294436332, 14.31394675366, -0.001092298239587, 0, -0.1985214918935, -0.00210496043554, 0.2047966720079, -0.00210496043554, 0.7872941534011, 0.7877455654504, -0.7871461155016, -0.7872545275681, 8.437839970882e-05, 0.0001093088804178, 0.7875915483983, 0.7876092613083, 0, -0.7875164154601, -0.7873906435475, -0, -0, -0, -0, 0.002819632028679, 0.3940785293647, 0.3912900615173, 0.394350722363, 0, 0.3912444358231, 0.3938063363663
1.275, 0.2119526968193, 0.3653217117973, -0.1904023295477, 0.3659146986731, 0.04027951209052, -0.000339260427641, -0.004053024891628, 0.01661610724549, 0, 0, -1000, 0, 1000, 7497.780950689, 3529.979426345, 7515.496983071, 3560.927289865, 72.52871892706, 35.01131827411, 71.8443447163, 88.45367891996, -240.7597391563, 3.449113679083, 236.4064759604, -5.416246625897, 5382.279618282, 4136.551519059, 5388.548321595, 3821.717972711, 3, -1.678294472576, 158.6123082326, -0.5230783195004, -132.414667591, -1.673009692286, 8.810602276502, -1.483590331019, 9.639395588302, 0, 0, 0.03882413935677, -0, -0, -0, -0, -0, 0.03882509984195, 0.007333488952532, 0, 0, 0, 0, 0, -0.02281494547901, 0.007333490636133, -0.04407905024366, -0.02281494024096, 0.0548189260812, -0.02281494024096, 7.129601420325, 7.130033005813, 7.129577039471, 7.130088781997, 17.60749299298, -0.2064771048261, 0.1970478987745, 0, 1, 49.65096909506, 50, 49.64990878103, -0.00692302570682, 0, 0, 0, 0, 0, 0, 0, 0, 17.607762225, 14.65876349043, 17.60771676282, 14.65878937341, 17.60749299298, 14.65877642934, 17.60776331743, 14.65876348786, 0, 17.60771804031, 14.65878937083, -0.001485888230978, 0, -0.2079331503205, 0.0009415777700061, 0.1955249326402, 0.0009415777700061, 0.7872837481785, 0.787400689558, -0.7871507091611, -0.7875994350953, 7.630678428657e-05, 5.754562476597e-05, 0.7875847661928, 0.7875574830855, 0, -0.7875250586364, -0.7874423918359, -0, -0, 5.551115123126e-17, -0, 0.00285024886368, 0.3940734055191, 0.3912782116626, 0.3937598263145, 0, 0.3912656609125, 0.3943869847236
1.3, 0.1919461096139, -0.3635635734037, -0.2104666764857, -0.3629818971486, -0.04922744518761, 0.0001587171221189, 0.00368428462494, 0.0164935447986, 0, 0, 1000, 0, -1000, 7496.043155715, 3558.273795649, 7511.889817569, 3544.602186506, 75.61393597122, 91.74859420255, 76.04520674848, 38.09500230123, -237.2094725942, 4.910975962409, 239.0632077176, -3.815425408564, 5370.853909959, 3839.478507202, 5395.152777889, 4120.705497902, 3, -0.9067855935179, -132.850778051, -1.488626747517, 157.963215665, -1.691790228933, 9.526093904407, -1.522282766867, 9.184179314405, 0, 0, 0.03560730119631, -0, -0, -0, -0, -0, 0.03560765513584, 0.007941943620185, 0, 0, 0, 0, 0, 0.02037958905255, 0.007941945153847, -0.04430958221942, 0.02037958511699, 0.05584169185123, 0.02037958511699, 7.269355497734, 7.269924145121, 7.269340984746, 7.269876232274, 17.95235900145, -0.1972959954181, 0.2063814454834, 0, 1, 49.65978523266, 50, 49.65874860792, -0.006515725922479, 0, 0, 0, 0, 0, 0, 0, 0, 17.95259750834, 15.00366826875, 17.95256940978, 15.00360454479, 17.95235900145, 15.0036364011, 17.95259855715, 15.00366826308, 0, 17.95257077437, 15.00360453912, -0.001310441253212, 0, -0.1985789151, -0.002318167685844, 0.205036366491, -0.002318167685844, 0.7872787356701, 0.7877481570217, -0.787149219461, -0.7872519413205, 7.613376057614e-05, 0.0001079402120925, 0.7875813457752, 0.7876078897519, 0, -0.7875305401906, -0.7873920093277, -0, -0, -0, -0, 0.002883767272956, 0.3940715049472, 0.3913009708166, 0.3943516114939, 0, 0.3912524978865, 0.3937913984005
1.325, 0.2127303832659, 0.3594058771473, -0.1897841674676, 0.3599794838767, 0.03931978956117, -0.0002274071078618, -0.004562298431268, 0.01881483423536, 0, 0, -1000, 0, 1000, 7491.536147979, 3540.756662422, 7510.660604491, 3573.634656261, 79.33318496108, 40.00460309467, 78.09453529759, 94.34883291527, -239.9366839726, 4.434114013662, 235.6119921532, -4.321408535506, 5376.96475262, 4147.714948777, 5384.581829624, 3816.990297013, 3, -1.868683003234, 156.5855542923, -0.6667455681474, -129.9713471297, -1.74027648901, 9.040774086502, -1.535627743793, 9.919111011135, 0, 0, 0.03240824827243, -0, -0, -0, -0, -0, 0.03240931754555, 0.007984415186401, 0, 0, 0, 0, 0, -0.02396651951345, 0.00798441646366, -0.04488184927555, -0.02396651567929, 0.05663193355194, -0.02396651567929, 7.409151848009, 7.409744905339, 7.409123806806, 7.409801852639, 18.29728815439, -0.2069940128448, 0.1968496482454, 0, 1, 49.66916911878, 50, 49.668097739, -0.006434652586277, 0, 0, 0, 0, 0, 0, 0, 0, 18.29751680458, 15.34854720722, 18.29746452783, 15.34857055506, 18.29728815439, 15.3485588787, 18.29751792099, 15.34854720478, 0, 18.29746584471, 15.34857055262, -0.001720393237226, 0, -0.2086890282565, 0.0008493541419527, 0.1950972790657, 0.0008493541419527, 0.7872669294616, 0.7873885390797, -0.7871539075374, -0.7876115985364, 6.700431345142e-05, 5.330637959137e-05, 0.7875734381078, 0.7875532373985, 0, -0.7875406455596, -0.7874466246393, -0, -0, -0, -0, 0.002919105988675, 0.3940669921726, 0.391288794785, 0.3937375851777, 0, 0.3912735502455, 0.3943963991674
1.35, 0.1913517533399, -0.3573185305124, -0.2113279877202, -0.3567572242652, -0.04871391371331, -6.411940617355e-06, 0.004244458499597, 0.01867350096473, 0, 0, 1000, 0, -1000, 7489.465510295, 3570.243965015, 7506.802752769, 3555.656347367, 80.14053845833, 95.99953635342, 81.10877299166, 41.84444080411, -236.7588249024, 3.479296175403, 238.3059046728, -5.186874578597, 5365.931432411, 3832.332345598, 5391.659023361, 4133.023207104, 3, -0.9939210475229, -130.4059862123, -1.563706302653, 155.7540959348, -1.76261765852, 9.786136033263, -1.577036019045, 9.42441020247, 0, 0, 0.0292649565858, -0, -0, -0, -0, -0, 0.02926535694787, 0.008631645378497, 0, 0, 0, 0, 0, 0.02179006984028, 0.008631646504434, -0.04522930410062, 0.02179006699784, 0.05770201811104, 0.02179006699784, 7.548966819859, 7.549703818779, 7.548949298161, 7.549655992022, 18.64228345251, -0.1970446674584, 0.2069715902335, 0, 1, 49.67900280427, 50, 49.67797342027, -0.006107003300139, 0, 0, 0, 0, 0, 0, 0, 0, 18.64248117787, 15.69358373571, 18.64244753749, 15.69351214947, 18.64228345251, 15.69354793577, 18.64248224838, 15.69358372889, 0, 18.64244895007, 15.69351214266, -0.001540336715825, 0, -0.198561902625, -0.002604183522832, 0.2054018372395, -0.002604183522832, 0.787260047157, 0.787755681825, -0.7871533701807, -0.7872444304478, 6.589782600313e-05, 0.000105758933035, 0.7875689461969, 0.7876057011698, 0, -0.787547401335, -0.7873941833037, -0, -0, -0, -0, 0.002954902688731, 0.3940663504338, 0.3913107716377, 0.3943658433021, 0, 0.391259444966, 0.3937668575655
1.375, 0.2137329510438, 0.353008915259, -0.1891570656996, 0.3535623395677, 0.0380790312016, -3.492030646998e-05, -0.005220989916891, 0.02108396682948, 0, 0, -1000, 0, 1000, 7484.891907788, 3550.536091585, 7505.510465246, 3586.108197424, 82.6472749876, 42.430149765, 80.82755743837, 96.93642037815, -239.4610840036, 6.127226790195, 235.3803857825, -2.632044624766, 5372.918322179, 4162.425870605, 5381.613367229, 3806.362305318, 3, -1.847209639762, 154.3036618369, -0.6437075284613, -127.4836564648, -1.811862082916, 9.248554408732, -1.591062731788, 10.19562605061, 0, 0, 0.02625524354329, -0, -0, -0, -0, -0, 0.02625648482059, 0.008648823677975, 0, 0, 0, 0, 0, -0.02580274494696, 0.008648824586033, -0.04577649963359, -0.02580274223762, 0.05857638111491, -0.02580274223762, 7.688824506371, 7.689589338775, 7.688792380569, 7.689646922033, 18.98734655638, -0.2076852762517, 0.1965032495388, 0, 1, 49.68909155796, 50, 49.68804303667, -0.006142634228693, 0, 0, 0, 0, 0, 0, 0, 0, 18.9875366629, 16.03859362075, 18.98747686496, 16.03861548749, 18.98734655638, 16.03860455166, 18.98753780675, 16.03859361829, 0, 18.98747822293, 16.03861548502, -0.001972577130199, 0, -0.209636871314, 0.0007954739066069, 0.1945038791592, 0.0007954739066069, 0.7872466402683, 0.7873686259666, -0.7871592853461, -0.7876315335934, 5.48186577714e-05, 4.600960053367e-05, 0.7875592651109, 0.7875459296687, 0, -0.7875593080059, -0.7874539104677, -0, -0, -0, -0, 0.002989568146737, 0.3940629200245, 0.3912968505671, 0.3937082750751, 0, 0.391279450164, 0.3944175649738
1.4, 0.1906211594213, -0.3506834361397, -0.2125355413016, -0.3501432352465, -0.04787763619957, -0.0002248986273611, 0.004954887422592, 0.02098740022986, 0, 0, 1000, 0, -1000, 7483.023100058, 3581.747645787, 7501.827760922, 3565.479297355, 81.18670004318, 96.97985371116, 82.71646930682, 43.07316663999, -236.7798207459, 1.572456938511, 238.1110389345, -7.178303168315, 5362.740797318, 3818.958297283, 5389.609528272, 4148.319179152, 3, -0.8418878454949, -127.8568760749, -1.452475886167, 153.2514243542, -1.832076705793, 10.03809220127, -1.630616917282, 9.63745571778, 0, 0, 0.02341410887273, -0, -0, -0, -0, -0, 0.02341459458003, 0.009293702103178, 0, 0, 0, 0, 0, 0.02386768981479, 0.00929370287919, -0.0461779791825, 0.02386768782178, 0.05952929442718, 0.02386768782178, 7.828698510906, 7.829610212734, 7.828677833408, 7.82956295765, 19.33247831993, -0.196675365551, 0.2076761128188, 0, 1, 49.69932201703, 50, 49.6983336599, -0.005929840834367, 0, 0, 0, 0, 0, 0, 0, 0, 19.33263863354, 16.38377150448, 19.33259928713, 16.38369019077, 19.33247831993, 16.38373083915, 19.33263972584, 16.383771496, 0, 19.33260074778, 16.3836901823, -0.001782341147113, 0, -0.1984388241889, -0.002958052028943, 0.2058694945373, -0.002958052028943, 0.787237887614, 0.7877662134713, -0.7871608903171, -0.7872339210848, 5.226823867547e-05, 0.0001019908676972, 0.7875532708694, 0.7876019214906, 0, -0.7875674036624, -0.7873979397552, -0, -0, 5.551115123126e-17, -0, 0.003021610218321, 0.3940644304738, 0.3913171223142, 0.3943924791325, 0, 0.3912635148579, 0.3937363818152
1.425, 0.2149856101315, 0.343082188644, -0.1884546699498, 0.3436051851916, 0.03594729514994, 0.000286189797089, -0.006392098330036, 0.02488900652206, 0, 0, -1000, 0, 1000, 7478.909156484, 3558.760762864, 7500.947073207, 3598.356361855, 82.41865921736, 42.80438338874, 80.77033664958, 96.26158699569, -239.4481810384, 9.126614276782, 235.719043685, 0.06288432069389, 5370.968840847, 4182.635708914, 5380.313770775, 3783.923650414, 3, -1.614156493095, 151.0740088693, -0.4173162195321, -122.995465607, -1.876406153604, 9.420934387031, -1.640332014259, 10.46945945452, 0, 0, 0.02079527900731, -0, -0, -0, -0, -0, 0.02079681785028, 0.009249087452047, 0, 0, 0, 0, 0, -0.02889333809074, 0.009249088061238, -0.04657305647137, -0.0288933361874, 0.0603748414712, -0.0288933361874, 7.968614502075, 7.969554183962, 7.968577704872, 7.969611809126, 19.67767859479, -0.2088052193732, 0.1956943017725, 0, 1, 49.70951412769, 50, 49.70848508053, -0.006277554311809, 0, 0, 0, 0, 0, 0, 0, 0, 19.67783544645, 16.72891464043, 19.67776696648, 16.72893710721, 19.67767859479, 16.72892587099, 19.67783661797, 16.7289146376, 0, 19.67776835842, 16.72893710437, -0.002244667569209, 0, -0.2110329672198, 0.0008173024417907, 0.1934277650979, 0.0008173024417907, 0.7872233507278, 0.7873359780242, -0.7871688274192, -0.7876642220786, 3.88014463127e-05, 3.459866978395e-05, 0.7875414186821, 0.7875344984582, 0, -0.7875811346542, -0.7874653011186, -0, -0, -0, -0, 0.003049683146532, 0.3940651298152, 0.3913007296106, 0.3936680063014, 0, 0.391282026251, 0.3944622533289
1.45, 0.18973203033, -0.3397249009241, -0.2140150560321, -0.3392181346136, -0.04588479562236, -0.0006524274948712, 0.006363535065696, 0.02496262379641, 0, 0, 1000, 0, -1000, 7477.775053929, 3593.280012572, 7497.849768914, 3572.978210057, 79.42623024053, 94.96539972969, 81.50489668464, 42.61621732409, -237.3318108451, -1.939240465411, 238.3413721527, -11.39337346959, 5361.495414874, 3789.316453908, 5389.585848926, 4175.89765146, 3, -0.4860370080408, -122.9943767747, -1.193234518061, 149.4515554696, -1.88886182861, 10.29513043261, -1.673615575647, 9.79679409948, 0, 0, 0.0184152207267, -0, -0, -0, -0, -0, 0.01841592983841, 0.009886104944423, 0, 0, 0, 0, 0, 0.0280142546486, 0.00988610545505, -0.0469475834058, 0.02801425320153, 0.06105776545351, 0.02801425320153, 8.108542999011, 8.109629326788, 8.108519153324, 8.109582624973, 20.02294661915, -0.196054444873, 0.2085697051132, 0, 1, 49.7196108175, 50, 49.71864969299, -0.00626256699735, 0, 0, 0, 0, 0, 0, 0, 0, 20.02307528899, 17.07423766016, 20.02303038673, 17.07414177911, 20.02294661915, 17.0741897079, 20.02307639743, 17.07423764842, 0, 20.02303188963, 17.07414176739, -0.002028693149225, 0, -0.1980680283873, -0.003487986580903, 0.2065214337159, -0.003487986580903, 0.78721322376, 0.7877910463941, -0.7871733300654, -0.7872091389497, 3.489682467176e-05, 9.82784693629e-05, 0.7875338652453, 0.787598182879, 0, -0.7875902810553, -0.7874016259402, -0, -5.551115123126e-17, -5.551115123126e-17, -0, 0.003072742685253, 0.394066472712, 0.3913195988833, 0.3944515136994, 0, 0.3912635510441, 0.3936814317246
1.475, 0.2151702033177, 0.3299233164515, -0.1888611270141, 0.3304076431666, 0.03352292962048, 0.0007849400487009, -0.007822195211313, 0.02941167985152, 0, 0, -1000, 0, 1000, 7474.614260494, 3564.824846768, 7497.683275983, 3609.18550881, 81.78859577561, 41.73413536486, 76.09123006141, 92.82814565282, -239.4374389341, 13.77505972893, 236.8934958678, 3.627220518508, 5371.530282406, 4211.689931038, 5380.36454766, 3758.37908388, 3, -1.236974784627, 146.5991257387, -0.07171149108376, -117.3206566105, -1.922938904082, 9.548388324478, -1.675782064822, 10.71582215003, 0, 0, 0.0163112603651, -0, -0, -0, -0, -0, 0.01631320833638, 0.009618333116577, 0, 0, 0, 0, 0, -0.03284992924367, 0.009618333506339, -0.04733168636242, -0.03284992791218, 0.06152462102822, -0.03284992791218, 8.248511708576, 8.249624470864, 8.248471735289, 8.24968143764, 20.36828087788, -0.2078594640023, 0.1968630324823, 0, 1, 49.72946680685, 50, 49.7284658155, -0.006729553660955, 0, 0, 0, 0, 0, 0, 0, 0, 20.36840989627, 17.41950764913, 20.36833538063, 17.41953194454, 20.36828087788, 17.41951979335, 20.36841108312, 17.41950764565, 0, 20.36833680563, 17.41953194105, -0.002523065981922, 0, -0.2103690321437, 0.0008838250066376, 0.1943224921057, 0.0008838250066376, 0.7871956906428, 0.7872929387687, -0.7871862929006, -0.7877073199094, 1.719379154091e-05, 1.874050731097e-05, 0.787518938704, 0.7875186109809, 0, -0.7876064519881, -0.7874811299663, -0, -5.551115123126e-17, -0, 5.551115123126e-17, 0.003090045818883, 0.3940616194805, 0.3912996069558, 0.3936101147269, 0, 0.3912819167491, 0.3945131242341
1.5, 0.1898647098265, -0.3256173666362, -0.2144635983933, -0.3251519224418, -0.04328949037012, -0.001120173536728, 0.007883323852293, 0.03011454049979, 0, 0, 1000, 0, -1000, 7474.563596119, 3603.073591443, 7495.410870253, 3578.663607937, 73.87981429064, 90.91877207548, 80.30424561566, 41.25737614273, -238.3145123112, -5.387619779907, 238.7680825792, -16.20153211289, 5362.667580066, 3763.19111008, 5390.775663868, 4203.777818528, 3, 0.03743857025512, -116.4859481066, -0.9108404286258, 144.6630805774, -1.923949744068, 10.51667661175, -1.700217253332, 9.919190503245, 0, 0, 0.01448626741535, -0, -0, -0, -0, -0, 0.01448723638447, 0.01019277935612, 0, 0, 0, 0, 0, 0.03192785315586, 0.01019277968191, -0.04739000704655, 0.03192785213524, 0.06207500477545, 0.03192785213524, 8.388491050466, 8.389745874304, 8.388462396099, 8.389699769909, 20.71367936282, -0.1973692254678, 0.2074218668809, 0, 1, 49.73905280336, 50, 49.73811694669, -0.006681830395641, 0, 0, 0, 0, 0, 0, 0, 0, 20.71378528238, 17.76497135665, 20.71373188854, 17.76486072525, 20.71367936282, 17.76491602553, 20.71378641011, 17.76497134121, 0, 20.71373340616, 17.76486070984, -0.002277664812428, 0, -0.1996348827624, -0.004024578605643, 0.2051285508426, -0.004024578605643, 0.7871860067843, 0.7878103926164, -0.7871927042026, -0.7871898480352, 1.159257548499e-05, 9.06812283076e-05, 0.7875096679614, 0.787590557017, 0, -0.7876165991782, -0.7874091945604, -0, -0, 5.551115123126e-17, -0, 0.003101220497675, 0.3940647108003, 0.391317261406, 0.3945035421151, 0, 0.3912611734318, 0.3936258794855
1.525, 0.2153003275865, 0.3010759809582, -0.1892133588611, 0.301479157439, 0.02774883974133, 0.001297053113845, -0.01050314520364, 0.04157971998699, 0, 0, -1000, 0, 1000, 7472.613020941, 3569.601126068, 7496.082997447, 3618.333152047, 79.48023154201, 40.40722387375, 70.14204725936, 85.72206154968, -239.7474917699, 18.9825603597, 238.1895665055, 7.080288491319, 5373.777400072, 4237.730361815, 5381.985981981, 3731.319223787, 3, -1.070440406805, 138.3541923445, 0.5016148747504, -101.7058329499, -1.945044414183, 9.649349023442, -1.693618438833, 10.92572235013, 0, 0, 0.01299772688735, -0, -0, -0, -0, -0, 0.01300010610248, 0.009733489986889, 0, 0, 0, 0, 0, -0.03669792915523, 0.009733490237343, -0.04784934555936, -0.0366979282106, 0.06197953544313, -0.0366979282106, 8.528506007525, 8.529785471929, 8.528463499392, 8.529841329886, 21.0591394734, -0.2060752258126, 0.1987543221004, 0, 1, 49.74829218481, 50, 49.74716291775, -0.0079275370869, 0, 0, 0, 0, 0, 0, 0, 0, 21.05924825232, 18.1103614282, 21.05916876318, 18.11038681966, 21.0591394734, 18.11037411986, 21.05924944355, 18.11036142414, 0, 21.05917021067, 18.11038681558, -0.002799209868381, 0, -0.2088635540957, 0.0009236970010008, 0.1959410908037, 0.0009236970010008, 0.7871653745844, 0.7872476495825, -0.7872113328424, -0.7877526732768, -9.597216711592e-06, -1.1483302072e-07, 0.7874921542511, 0.7874997235327, 0, -0.7876345950597, -0.7874999531988, -0, -0, -0, 5.551115123126e-17, 0.003106153628204, 0.3940626187858, 0.3912951276908, 0.3935582253255, 0, 0.3912786834538, 0.3945670122461
1.55, 0.1901682396828, -0.2930909944368, -0.2145593558113, -0.2927144827526, -0.03644951556333, -0.00173642415661, 0.01096670431543, 0.04354394283768, 0, 0, 1000, 0, -1000, 7473.642374601, 3611.797746564, 7494.791681831, 3582.234067403, 68.08240582848, 83.40631825217, 77.21946905896, 39.88533558627, -239.4545942088, -9.591384820921, 239.2912291063, -22.98159488129, 5364.989452624, 3729.728526279, 5393.373049065, 4235.807790185, 3, 0.7125670084912, -98.9576606087, -0.9010257517819, 135.1066893838, -1.934781038213, 10.71785752109, -1.707690743718, 9.993687391722, 0, 0, 0.01175287675121, -0, -0, -0, -0, -0, 0.01175422574339, 0.01033025189481, 0, 0, 0, 0, 0, 0.03667387917684, 0.01033025211215, -0.04743653665786, 0.0366738784051, 0.06251373280771, 0.0366738784051, 8.668531650323, 8.669947179152, 8.66849789706, 8.669901225052, 21.40465966623, -0.1990711338237, 0.2057679300638, 0, 1, 49.75719421237, 50, 49.75610190636, -0.008071350627045, 0, 0, 0, 0, 0, 0, 0, 0, 21.40475138876, 18.45595752723, 21.40468900765, 18.45583010046, 21.40465966623, 18.45589379344, 21.40475252859, 18.4559575068, 0, 21.40469052187, 18.45583008008, -0.00252051686754, 0, -0.2015818915242, -0.004635564877117, 0.2032346314921, -0.004635564877117, 0.7871578880006, 0.7878338521557, -0.7872181215363, -0.7871664653302, -1.560955349805e-05, 8.145956674017e-05, 0.7874818630946, 0.7875812956691, 0, -0.7876450068819, -0.7874183765356, -0, -0, -0, -0, 0.00310546731184, 0.3940661181631, 0.3913126359005, 0.3945701810717, 0, 0.3912559961034, 0.3935620552545
1.575, 0.2147827770342, 0.2807188036024, -0.1900880966498, 0.2810699986031, 0.0244498976493, 0.002067502163595, -0.01270209853698, 0.04861987709733, 0, 0, -1000, 0, 1000, 7472.822548017, 3571.897660369, 7496.245863081, 3626.66152034, 74.11184779336, 38.72561278672, 67.27043149464, 81.56847059464, -240.2408262868, 27.70459269007, 239.2633378908, 12.27140438844, 5377.321818004, 4276.75989947, 5383.985153974, 3693.778854629, 3, -0.7146401499724, 131.4163770815, 0.8529503320881, -92.54656393309, -1.943978078714, 9.694814574301, -1.692927263106, 11.12019480371, 0, 0, 0.01076182982692, -0, -0, -0, -0, -0, 0.01076488852708, 0.009605405317609, 0, 0, 0, 0, 0, -0.04224669315334, 0.009605405487048, -0.04792519673562, -0.04224669240769, 0.06193798984582, -0.04224669240769, 8.808589157679, 8.810025951555, 8.808542237565, 8.810080279654, 21.75023755431, -0.2069330837004, 0.1978912873533, 0, 1, 49.76570759212, 50, 49.76457234419, -0.008454435423075, 0, 0, 0, 0, 0, 0, 0, 0, 21.75033538285, 18.80145551296, 21.75024732028, 18.80148536657, 21.75023755431, 18.80147043426, 21.75033658241, 18.80145550746, 0, 21.75024875842, 18.80148536105, -0.003070144156729, 0, -0.2099941979026, 0.00108602244784, 0.19480954604, 0.00108602244784, 0.7871342369518, 0.7871851959681, -0.7872421490097, -0.7878152318939, -4.102644425829e-05, -2.44593628157e-05, 0.7874615287027, 0.7874753264233, 0, -0.7876651232329, -0.7875242451489, -5.551115123126e-17, -0, -0, -0, 0.003099750850731, 0.3940611092596, 0.3912880666669, 0.3934804510062, 0, 0.3912747013486, 0.3946417675129
1.6, 0.1909257000653, -0.2766703697652, -0.2140714345729, -0.2763341701225, -0.03346320417431, -0.002489297848929, 0.01283634206174, 0.04892031531642, 0, 0, 1000, 0, -1000, 7474.862791675, 3619.649313897, 7495.648528617, 3583.816080921, 65.76898759208, 80.62825724132, 71.74312840474, 37.77371222549, -240.2291805112, -14.77841702278, 239.955316135, -31.84307986386, 5368.27333104, 3692.401585071, 5395.977315542, 4273.054465676, 3, 1.08056794593, -91.97535492955, -0.6249318986277, 129.2312529772, -1.923163348366, 10.90137881511, -1.699712333502, 10.02376802517, 0, 0, 0.009983083436297, -0, -0, -0, -0, -0, 0.009984959158564, 0.01015245738173, 0, 0, 0, 0, 0, 0.04207797880841, 0.01015245753584, -0.04747047471158, 0.04207797816945, 0.06210337120952, 0.04207797816945, 8.948654785193, 8.950223091113, 8.948618497151, 8.950177403308, 22.09587081172, -0.1976564127315, 0.2071291500433, 0, 1, 49.7738765805, 50, 49.77281243016, -0.008176624796789, 0, 0, 0, 0, 0, 0, 0, 0, 22.09595265159, 19.14717758844, 22.09588605295, 19.14703185481, 22.09587081172, 19.14710469485, 22.09595378547, 19.14717756162, 0, 22.09588756567, 19.14703182807, -0.002740126441164, 0, -0.2003882389757, -0.005301536045659, 0.2043782425723, -0.005301536045659, 0.7871261303524, 0.7878592682222, -0.7872517450805, -0.7871411497676, -4.794896717726e-05, 6.965727035693e-05, 0.7874503318354, 0.7875694415332, 0, -0.787675822552, -0.7874301269925, -5.551115123126e-17, -0, -0, -0, 0.003089805078621, 0.3940661725656, 0.3913060941203, 0.3946445119322, 0, 0.3912508113721, 0.3934878331991
1.625, 0.2141524770087, 0.254584632798, -0.1908531435318, 0.2548736396796, 0.02001776090534, 0.002720922212322, -0.01065068215922, 0.03210021788151, 0, 0, -1000, 0, 575.6623445987, 7474.897632129, 3573.496258711, 7497.711746393, 3632.805915764, 68.71649911785, 36.30602875507, 64.61246114989, 76.78677711605, -240.7838644457, 35.2989496428, 240.0658473926, 16.70655862043, 5380.853240415, 4306.973980401, 5386.468304378, 3663.827135733, 3, -0.6242804971495, 123.1452546111, 1.210973779438, -79.4685134732, -1.923399385789, 9.728141856331, -1.678577339231, 11.26502943559, 0, 0, 0.009481137939532, -0, -0, -0, -0, -0, 0.009484776280627, 0.009301878007419, 0, 0, 0, 0, 0, -0.04660670610756, 0.009301878134774, -0.04776473634599, -0.04660670546896, 0.06136308529005, -0.04660670546896, 9.088751990807, 9.090337537317, 9.088701371017, 9.090390374915, 22.4415565747, -0.2071945892016, 0.1975341568804, 0, 1, 49.78169364749, 50, 49.78047989114, -0.00894250749192, 0, 0, 0, 0, 0, 0, 0, 0, 22.44164943313, 19.4927746573, 22.44155413222, 19.49280663214, 22.4415565747, 19.49279063821, 22.44165063155, 19.4927746508, 0, 22.44155555259, 19.49280662562, -0.003317270699525, 0, -0.2105039280664, 0.00116318914621, 0.1942067664823, 0.00116318914621, 0.7871019664287, 0.7871296110374, -0.7872782072889, -0.7878709097154, -7.572496726624e-05, -5.010424829586e-05, 0.7874281564854, 0.7874496350508, 0, -0.7876972502107, -0.7875498435474, -5.551115123126e-17, -0, -0, -0, 0.003076298947822, 0.3940608246914, 0.3912810328784, 0.3934202403967, 0, 0.3912697590612, 0.3947014089861
1.65, 0.1919868560862, -0.2338978986485, -0.2129773071042, -0.2336579246404, -0.0246830849563, -0.003206745946249, 0.01273458849729, 0.04364590032123, 0, 0, 638.8343909056, 0, -1000, 7477.429604099, 3625.117026765, 7497.786227339, 3584.212605041, 62.87873744793, 73.30486155818, 66.17093074542, 35.3121034213, -241.0848100259, -19.72199577328, 240.3420777541, -39.91980992415, 5371.088104289, 3664.237005275, 5398.928985174, 4306.265343759, 3, 1.581351527326, -69.23351117697, -0.9355581572548, 116.3912890353, -1.897529616405, 11.0338938406, -1.678322856754, 10.02998079617, 0, 0, 0.009105534830267, -0, -0, -0, -0, -0, 0.009107907297052, 0.01000549090482, 0, 0, 0, 0, 0, 0.04652565168211, 0.01000549103117, -0.04702175625563, 0.04652565109427, 0.06153100664338, 0.04652565109427, 9.228855437451, 9.230567726242, 9.228815113844, 9.230522016864, 22.78729392702, -0.1984584492201, 0.2061986067405, 0, 1, 49.78920813213, 50, 49.78790389217, -0.009527416722042, 0, 0, 0, 0, 0, 0, 0, 0, 22.7873735317, 19.83861044091, 22.78729982811, 19.83844874506, 22.78729392702, 19.83852956013, 22.78737466054, 19.83861040801, 0, 22.78730131849, 19.83844871226, -0.002953169068312, 0, -0.2014041166176, -0.005882214001297, 0.203235697237, -0.005882214001297, 0.787096054216, 0.7878751020819, -0.7872871411723, -0.7871254088844, -8.116687893812e-05, 5.485873237943e-05, 0.7874171865376, 0.7875545949491, 0, -0.7877073039269, -0.7874448774844, 5.551115123126e-17, -5.551115123126e-17, -0, -0, 0.003060555057388, 0.3940611227212, 0.3913004895312, 0.394700592967, 0, 0.3912449357724, 0.3934216524754
1.675, 0.2125419776219, 0.18379489159, -0.1922453840024, 0.1839447431378, 0.006156691308444, 0.003327900848539, -0.01667547201047, 0.06363086909814, 0, 0, -1000, 0, 588.5750319684, 7478.123870036, 3573.756172242, 7500.011583409, 3636.233595047, 62.79864818154, 34.5740728581, 61.33768385162, 64.49966922968, -241.1615755065, 41.79717511089, 240.8320054374, 21.22654249089, 5384.255580165, 4336.904522163, 5388.30028336, 3649.148303181, 3, -1.501725745229, 103.2320528753, 1.954278473567, -39.55825226889, -1.890845292765, 9.737440938604, -1.655526855263, 11.35079048118, 0, 0, 0.008903471565408, -0, -0, -0, -0, -0, 0.008907555830107, 0.008850753221209, 0, 0, 0, 0, 0, -0.04983939697579, 0.008850753328071, -0.04766116312999, -0.04983939637348, 0.06023633628888, -0.04983939637348, 9.36898744365, 9.370715363547, 9.368936011292, 9.370766895164, 23.13308050391, -0.2040756123991, 0.2005009331787, 0, 1, 49.79641079617, 50, 49.79466527229, -0.01176640547107, 0, 0, 0, 0, 0, 0, 0, 0, 23.13317054754, 20.18429991153, 23.13307347267, 20.18433215283, 23.13308050391, 20.18431602516, 23.13317172683, 20.18429990452, 0, 23.13307488672, 20.1843321458, -0.003530134749219, 0, -0.2075983147152, 0.001172882280931, 0.1969614706378, 0.001172882280931, 0.7870669661162, 0.7870800504073, -0.7873196608238, -0.787920545132, -0.0001134133076472, -7.74821409917e-05, 0.7873924432838, 0.7874222197595, 0, -0.787731005378, -0.7875771840415, -0, -0, 5.551115123126e-17, -0, 0.003043289522936, 0.394045615039, 0.3912742559005, 0.3933605991438, 0, 0.3912661178677, 0.3947306309342
1.7, 0.1932566901401, -0.1656385950519, -0.2114263497124, -0.1655193693579, -0.01041043083235, -0.003769637126886, 0.01730300886855, 0.06686294784366, 0, 0, 541.2421654469, 0, -1000, 7480.724665589, 3628.301441563, 7500.49863075, 3583.915115674, 59.93296639151, 61.88319620181, 60.62491969952, 33.6683630553, -241.6897005552, -24.25108429427, 240.6772626702, -45.69782057566, 5373.841571664, 3652.036295135, 5400.857491498, 4333.562830689, 3, 2.295456705252, -30.67850324127, -1.881861641075, 97.22060426008, -1.864295442907, 11.11564110698, -1.65093579426, 10.0253324093, 0, 0, 0.008743430680567, -0, -0, -0, -0, -0, 0.008746165836187, 0.009724886632693, 0, 0, 0, 0, 0, 0.04938795282001, 0.009724886745926, -0.04640049134478, 0.04938795224459, 0.06079878216925, 0.04938795224459, 9.509128290869, 9.510976439651, 9.509082760385, 9.51093074008, 23.4789153178, -0.201225623695, 0.2032662160494, 0, 1, 49.8033378935, 50, 49.80152058784, -0.01203053372751, 0, 0, 0, 0, 0, 0, 0, 0, 23.47899737121, 20.53023983538, 23.4789143614, 20.53006587506, 23.4789153178, 20.53015281771, 23.4789985015, 20.5302397978, 0, 23.47891581138, 20.53006583761, -0.003147751733548, 0, -0.2043662664822, -0.00632837366382, 0.2001092224061, -0.00632837366382, 0.7870648510923, 0.7878749112958, -0.7873254624818, -0.7871256642205, -0.0001173002912858, 3.496268768389e-05, 0.7873817360227, 0.7875346653226, 0, -0.7877406212672, -0.7874647399472, 5.551115123126e-17, -0, -0, -0, 0.003025588303638, 0.3940460696193, 0.3912950079973, 0.3947248806575, 0, 0.3912410994661, 0.3933672585811
1.725, 0.2113033463515, 0.1640341670073, -0.1932928611372, 0.1641538498552, 0.003856015722077, 0.004018224645215, -0.008800629959867, 0.01266905949318, 0, 0, -1000, 0, -289.247159498, 7481.892945282, 3573.20863869, 7502.45958252, 3639.002219294, 59.19591140901, 31.33041149974, 58.4181826718, 61.90190266958, -241.2083753541, 49.09703196623, 241.4395290898, 26.35408379087, 5387.140246363, 4368.868801464, 5389.517690814, 3631.861203472, 3, -1.567624816571, 95.1142232046, 1.977345489553, -32.14401837862, -1.852656169864, 9.727445267063, -1.63091070179, 11.42205155856, 0, 0, 0.00871318770074, -0, -0, -0, -0, -0, 0.008717784880836, 0.008237633691398, 0, 0, 0, 0, 0, -0.05340847795131, 0.008237633786652, -0.04743665155093, -0.05340847733308, 0.05904957702913, -0.05340847733308, 9.649292984649, 9.651155779861, 9.649239235366, 9.651206213539, 23.82479595314, -0.2034038908453, 0.2010023132461, 0, 1, 49.81001461564, 50, 49.80830075255, -0.01132139319271, 0, 0, 0, 0, 0, 0, 0, 0, 23.82488717373, 20.87601676555, 23.82478568949, 20.87605042963, 23.82479595314, 20.87603358974, 23.82488834471, 20.87601675771, 0, 23.8247870779, 20.87605042176, -0.003715232507413, 0, -0.2071118855775, 0.001224640679547, 0.1972781309111, 0.001224640679547, 0.7870305272204, 0.7870245024083, -0.7873635369426, -0.7879761814993, -0.0001542239510228, -0.0001085419779314, 0.7873544664555, 0.7873911157086, 0, -0.7877667747986, -0.7876081996645, -0, -0, -0, -0, 0.003007808639928, 0.3940309742245, 0.3912685108279, 0.3932969032307, 0, 0.3912637011908, 0.3947650452183
1.75, 0.1943880043984, -0.1599742560782, -0.2101119080335, -0.1598621374662, -0.01043397121356, -0.004443064476988, 0.004633335544271, -0.01197661773767, 0, 0, -671.3514366498, 0, -1000, 7484.253141102, 3631.051741551, 7503.158436081, 3582.535855342, 57.21710591172, 61.85968374076, 57.78995937999, 30.04787111784, -242.2318692018, -29.22986750407, 240.6073909308, -52.78041576431, 5375.927903717, 3637.101935247, 5402.296024181, 4364.835607944, 3, 2.146814797304, -32.01179567917, -1.7609361799, 92.65140088749, -1.828584379881, 11.18804686917, -1.624078513358, 9.995551807691, 0, 0, 0.0086886444954, -0, -0, -0, -0, -0, 0.008691838818753, 0.00935603945006, 0, 0, 0, 0, 0, 0.05273642795185, 0.009356039557637, -0.04598315460304, 0.05273642734503, 0.05980322541239, 0.05273642734503, 9.789467067789, 9.791446312999, 9.789419003655, 9.791400691469, 24.17072173188, -0.2010298451484, 0.2032930133212, 0, 1, 49.81644739149, 50, 49.81480511435, -0.01069590323234, 0, 0, 0, 0, 0, 0, 0, 0, 24.1708059283, 21.2220545614, 24.17071842218, 21.22186785917, 24.17072173188, 21.22196116729, 24.17080704825, 21.22205451833, 0, 24.17071984741, 21.22186781625, -0.003313430063843, 0, -0.2043362754206, -0.006791901997384, 0.1999705486823, -0.006791901997384, 0.7870306875881, 0.7878758644386, -0.7873670803812, -0.7871247916506, -0.0001555618473989, 1.286171640457e-05, 0.787344719048, 0.787512522606, 0, -0.7877754381156, -0.7874867991732, -0, -5.551115123126e-17, -0, -0, 0.002990800946629, 0.3940297757788, 0.3912908542565, 0.3947546098071, 0, 0.3912382410194, 0.3933049417504
1.775, 0.2103576523306, 0.1582221158196, -0.1940347895046, 0.1583339451813, 0.004533692229424, 0.004559852416218, -0.001521769759054, -0.03421127200719, 0, 0, -1000, 0, -1000, 7485.512766496, 3572.38611465, 7504.836004796, 3640.768983152, 56.56304192485, 28.03818117912, 55.98246949142, 61.73374965264, -241.3078078622, 54.92192422811, 241.6940625237, 30.5662280076, 5388.804455277, 4394.134904663, 5390.85071779, 3619.324708871, 3, -1.520306810683, 90.63225793191, 1.848568974429, -32.94431454668, -1.815956255516, 9.712623376893, -1.606984639167, 11.46909098102, 0, 0, 0.008800326055357, -0, -0, -0, -0, -0, 0.008805335460798, 0.007748581345499, 0, 0, 0, 0, 0, -0.0561479042004, 0.007748581436899, -0.04708761952732, -0.05614790353735, 0.05802495968497, -0.05614790353735, 9.929663872369, 9.931655326329, 9.929607583808, 9.93170488695, 24.51668995173, -0.2034001221005, 0.2008429499116, 0, 1, 49.8226649314, 50, 49.8211146063, -0.009882704765358, 0, 0, 0, 0, 0, 0, 0, 0, 24.51678439713, 21.5679128362, 24.51667816647, 21.5679469405, 24.51668995173, 21.56792987999, 24.51678556038, 21.56791282786, 0, 24.51667952854, 21.56794693213, -0.003879753228837, 0, -0.2072726209138, 0.001240654987483, 0.1969543124353, 0.001240654987483, 0.7869944313191, 0.7869740031479, -0.7874068868872, -0.7880267527454, -0.0001947339896188, -0.0001402502448415, 0.7873159843289, 0.7873593714395, 0, -0.7878031251554, -0.7876398719292, -0, -0, -0, -0, 0.002974517784892, 0.3940182773259, 0.3912651976379, 0.3932465543939, 0, 0.3912610529085, 0.394790000258
1.8, 0.1953666800695, -0.1525961982277, -0.2089113407808, -0.1524933261835, -0.01036352253607, -0.005137632915791, 0.00149677525848, -0.03576293678556, 0, 0, -1000, 0, -1000, 7487.353179733, 3633.281370453, 7505.734070651, 3580.844405906, 54.96149630016, 62.21645612192, 55.20632451483, 26.53690022709, -242.7350285224, -34.50584121105, 240.36999862, -59.83444609128, 5377.056527668, 3618.58433264, 5403.618582909, 4393.190579957, 3, 1.888090384083, -33.11571418694, -1.637434223129, 86.92591567797, -1.797252299484, 11.24820246701, -1.598052329436, 9.957433847884, 0, 0, 0.008888264442295, -0, -0, -0, -0, -0, 0.008891944708901, 0.009177769323863, 0, 0, 0, 0, 0, 0.05613312475887, 0.009177769434295, -0.0454837241537, 0.05613312408288, 0.05899970561036, 0.05613312408288, 10.06986902107, 10.07197429672, 10.06981874404, 10.07192905285, 24.86270059392, -0.2006792475623, 0.2034902135716, 0, 1, 49.82868568034, 50, 49.82723550977, -0.009209219902164, 0, 0, 0, 0, 0, 0, 0, 0, 24.86278830942, 21.91404191651, 24.86269696395, 21.91384318453, 24.86270059392, 21.91394250181, 24.86278941611, 21.9140418677, 0, 24.86269837035, 21.91384313592, -0.003464337613983, 0, -0.204136503691, -0.00722952242195, 0.2000167568032, -0.00722952242195, 0.7869967403504, 0.787875684839, -0.7874079102931, -0.7871250584875, -0.0001930283125006, -1.071138205472e-05, 0.7873073592839, 0.787488904417, 0, -0.7878107785958, -0.7875103271811, -0, -0, -0, 5.551115123126e-17, 0.002959687588814, 0.3940199554137, 0.3912886087248, 0.3947914752101, 0, 0.39123561213, 0.3932484356173
1.825, 0.2092714994096, 0.149060571576, -0.1949000425426, 0.149160546791, 0.004921801832374, 0.005245321735775, -0.001991628749259, -0.0374172674472, 0, 0, -1000, 0, -1000, 7488.566412074, 3570.565211359, 7507.023307212, 3642.376933756, 54.02003878727, 24.60559196985, 53.96930579709, 62.25534277907, -241.2346527972, 62.03946172758, 241.95548858, 36.01095666827, 5390.013015268, 4423.417950392, 5391.546310387, 3602.876209127, 3, -1.467106835847, 83.96263322755, 1.634931626871, -33.53713452704, -1.785071120094, 9.675343052411, -1.584987961176, 11.51297101897, 0, 0, 0.009037849581343, -0, -0, -0, -0, -0, 0.009043399786164, 0.007386988701336, 0, 0, 0, 0, 0, -0.05946191411602, 0.007386988793238, -0.04671898578235, -0.05946191337535, 0.0571895315386, -0.05946191337535, 10.21009642845, 10.21221205745, 10.21003760697, 10.21226069994, 25.20875176558, -0.2036730282201, 0.2004294214854, 0, 1, 49.83451035498, 50, 49.83315519805, -0.00846252730894, 0, 0, 0, 0, 0, 0, 0, 0, 25.20885039639, 22.25997529302, 25.20873946887, 22.26001176243, 25.20875176558, 22.25999351826, 25.20885155289, 22.25997528357, 0, 25.20874080748, 22.26001175295, -0.004030668565108, 0, -0.2076963068107, 0.001326693661706, 0.1963897584888, 0.001326693661706, 0.7869574969402, 0.7869167052255, -0.7874501848089, -0.788084142523, -0.0002355514122773, -0.0001748171941281, 0.7872765306445, 0.7873247585096, 0, -0.7878407167745, -0.7876743928979, -5.551115123126e-17, -0, -0, -0, 0.002946186886021, 0.3940054709278, 0.3912627922094, 0.3931881987173, 0, 0.3912596730025, 0.3948227431383
1.85, 0.196098141097, -0.1416683148377, -0.207968164206, -0.1415788420359, -0.01011290193186, -0.00588118685097, 0.002081353387236, -0.03940626257656, 0, 0, -1000, 0, -1000, 7489.874380792, 3635.052594598, 7507.959931462, 3578.489301672, 53.16731425473, 62.97769914336, 52.65914886971, 23.05051497551, -243.0541899563, -40.43511715191, 240.1810621547, -67.38815741915, 5377.865157919, 3601.093862234, 5404.240828084, 4425.525801546, 3, 1.623664941306, -33.44413848714, -1.542290720827, 79.16640533428, -1.771897953253, 11.29841216554, -1.575625283992, 9.905134551553, 0, 0, 0.009112552518785, -0, -0, -0, -0, -0, 0.009116780591283, 0.009059428750301, 0, 0, 0, 0, 0, 0.05974382355857, 0.009059428864881, -0.04507368946112, 0.05974382280226, 0.05831922194038, 0.05974382280226, 10.35033083449, 10.35255774151, 10.35027880104, 10.35251329312, 25.5548432438, -0.2000068268883, 0.2040364401893, 0, 1, 49.84016095794, 50, 49.83892576559, -0.007729005225676, 0, 0, 0, 0, 0, 0, 0, 0, 25.55493415246, 22.60619178929, 25.55483986678, 22.60598109346, 25.5548432438, 22.60608638642, 25.55493524629, 22.60619173422, 0, 25.5548412598, 22.60598103861, -0.003600438953143, 0, -0.2036000723503, -0.007664746290371, 0.2004267588162, -0.007664746290371, 0.7869607048606, 0.787874731085, -0.7874497108444, -0.7871261110541, -0.0002317819038614, -3.65297020512e-05, 0.7872685223153, 0.7874630351357, 0, -0.7878479313234, -0.7875360945398, -0, -0, -0, -0, 0.002934377726181, 0.3940051447039, 0.391287000121, 0.3948262916074, 0, 0.3912343773556, 0.3931839978004
1.875, 0.2085074298847, 0.1365742311145, -0.1954752849418, 0.1366590043528, 0.004908385018351, 0.006005571622145, -0.002645421149034, -0.04123540379979, 0, 0, -1000, 0, -1000, 7491.062974663, 3568.360202354, 7508.763091384, 3643.85559794, 51.62145006358, 21.24389023736, 52.21402897658, 63.1330764985, -241.0613291376, 69.75471455969, 242.2316325963, 42.15013368082, 5390.767399423, 4455.429751185, 5391.972180825, 3586.125731761, 3, -1.375173174999, 75.41318190105, 1.388500369426, -33.46793553485, -1.759938955657, 9.627722365803, -1.567619999298, 11.55400857264, 0, 0, 0.00924158058847, -0, -0, -0, -0, -0, 0.009247744313559, 0.007078527627048, 0, 0, 0, 0, 0, -0.06299555050342, 0.007078527719127, -0.0463946451972, -0.06299554968287, 0.05654320305884, -0.06299554968287, 10.49058748007, 10.49282323864, 10.49052597065, 10.49287069958, 25.90097278945, -0.2043714860506, 0.199619400154, 0, 1, 49.84563069126, 50, 49.84450349425, -0.006922321639285, 0, 0, 0, 0, 0, 0, 0, 0, 25.90107547531, 22.95219554066, 25.90095955703, 22.95223524102, 25.90097278945, 22.95221537992, 25.90107662842, 22.95219552976, 0, 25.9009608741, 22.95223523008, -0.004171933207077, 0, -0.2085359167009, 0.001444229809173, 0.1954383722034, 0.001444229809173, 0.7869185826596, 0.7868551580781, -0.7874942310121, -0.7881457933959, -0.0002778816124124, -0.0002121331866009, 0.78723540028, 0.7872873905763, 0, -0.7878803485601, -0.7877116569495, -0, -0, 5.551115123126e-17, -0, 0.002923766513988, 0.3939902444479, 0.3912612912524, 0.3931244043144, 0, 0.391258829036, 0.3948560845814
1.9, 0.1962148913059, -0.1295587028936, -0.2076944321203, -0.1294832175356, -0.009660094224623, -0.006497117191187, 0.002746484159853, -0.04273289849744, 0, 0, -1000, 0, -1000, 7491.948240676, 3636.34593838, 7509.658902689, 3576.300075409, 51.36033947397, 63.48239413524, 50.53774484047, 20.13346179346, -243.2020683515, -45.54706066725, 240.1336943823, -73.67182526503, 5378.981596444, 3587.638804209, 5404.278001671, 4451.870797856, 3, 1.426058042896, -32.85701048495, -1.460780330937, 71.15130199407, -1.75113459325, 11.33560420182, -1.558651554649, 9.857161667149, 0, 0, 0.009356264321723, -0, -0, -0, -0, -0, 0.009360967428326, 0.008845507012088, 0, 0, 0, 0, 0, 0.06262799809816, 0.008845507130026, -0.04487257205885, 0.06262799726229, 0.05765895191049, 0.06262799726229, 10.63084903899, 10.63319346963, 10.63079556846, 10.63314992773, 26.24713954017, -0.1991642478877, 0.2047803939966, 0, 1, 49.85092984809, 50, 49.84990691462, -0.0061581251352, 0, 0, 0, 0, 0, 0, 0, 0, 26.24723343089, 23.29849407621, 26.24713679585, 23.29827313543, 26.24713954017, 23.29838354541, 26.247234516, 23.29849401566, 0, 26.24713817736, 23.29827307515, -0.00372455372896, 0, -0.202881450294, -0.008037438864304, 0.2010464568415, -0.008037438864304, 0.7869207999928, 0.787864691842, -0.7874941672561, -0.7871362335593, -0.0002737904027109, -6.643010678138e-05, 0.7872272422478, 0.7874330916961, 0, -0.7878878791328, -0.7875659519097, -0, 5.551115123126e-17, -0, -0, 0.002914364894704, 0.3939922849474, 0.3912847772187, 0.3948530732715, 0, 0.3912343078678, 0.3931314966234
1.925, 0.2088267422125, 0.1213876808835, -0.1950253455274, 0.1214554490396, 0.004324882948454, 0.006727755114737, -0.003467183893098, -0.04576221740916, 0, 0, -1000, 0, -1000, 7493.2192105, 3566.406364942, 7510.003957629, 3645.101513356, 49.54619707138, 18.34932462329, 50.37406103793, 63.92181293308, -240.8181033594, 76.89886172392, 242.5853399349, 47.99881755064, 5391.618329681, 4481.069605777, 5392.199177523, 3567.386255862, 3, -1.233719614451, 65.24552821008, 1.16330543366, -32.66600378744, -1.738288969516, 9.584616007972, -1.555437973899, 11.58849641692, 0, 0, 0.009540736264597, -0, -0, -0, -0, -0, 0.009547475619353, 0.006685187303731, 0, 0, 0, 0, 0, -0.06621156919607, 0.006685187396414, -0.04619340083433, -0.06621156827681, 0.05597365867539, -0.06621156827681, 10.77113333199, 10.7734855306, 10.77106885629, 10.77353149158, 26.59334175936, -0.205606988131, 0.1982959862385, 0, 1, 49.85607446414, 50, 49.85520550608, -0.005238212208149, 0, 0, 0, 0, 0, 0, 0, 0, 26.59344932678, 23.64456459626, 26.59332797588, 23.64460699002, 26.59334175936, 23.64458578089, 26.59345048238, 23.64456458404, 0, 26.59332927, 23.64460697774, -0.004300637016495, 0, -0.2098999153208, 0.001542210575077, 0.1939860526835, 0.001542210575077, 0.7868765771735, 0.786793330659, -0.7875403067844, -0.7882077204254, -0.0003231535393113, -0.0002519036369566, 0.7871920191519, 0.7872475702506, 0, -0.7879225346673, -0.7877513775245, -0, 5.551115123126e-17, -0, -0, 0.002905781082823, 0.39398334663, 0.3912595972831, 0.3930733040605, 0, 0.3912583806704, 0.3948933891996
1.95, 0.1954518775769, -0.1139702783867, -0.2083519242246, -0.1139111514146, -0.008792161950185, -0.00715419587043, 0.003615680379379, -0.04710373101882, 0, 0, -1000, 0, -1000, 7493.768990895, 3637.441842933, 7510.902828994, 3573.876704771, 49.46569899068, 64.08985436622, 48.63336491415, 17.3580584026, -243.4899216867, -50.94416715204, 239.9660020505, -80.18572345812, 5379.942596673, 3572.421040849, 5404.347144662, 4475.892820269, 3, 1.233103085153, -31.58671152836, -1.32241800703, 61.09379998949, -1.732969813584, 11.36784744125, -1.54640554687, 9.803643264068, 0, 0, 0.009707437565955, -0, -0, -0, -0, -0, 0.009712639420131, 0.00856928729122, 0, 0, 0, 0, 0, 0.06547157159664, 0.008569287414213, -0.04483905268418, 0.06547157065594, 0.05700025803109, 0.06547157065594, 10.91141980263, 10.91387834523, 10.91136557864, 10.91383613335, 26.93957905241, -0.1977668534239, 0.2060993663258, 0, 1, 49.86104310316, 50, 49.86026191644, -0.004617046907937, 0, 0, 0, 0, 0, 0, 0, 0, 26.93967607481, 23.99093968185, 26.93957817741, 23.99070869656, 26.93957905241, 23.99082412318, 26.93967715224, 23.99093961567, 0, 26.93957955132, 23.99070863068, -0.003839500348906, 0, -0.2015987343777, -0.008402840479373, 0.2022502399676, -0.008402840479373, 0.7868777826751, 0.7878518918635, -0.7875408376817, -0.7871491194779, -0.0003182841873401, -9.881675983934e-05, 0.7871839945468, 0.787400660632, 0, -0.7879300516432, -0.7875982941517, -0, -0, -0, -0, 0.002898137351849, 0.3939834939121, 0.3912828630554, 0.3948833656149, 0, 0.3912341746333, 0.3930836222093
1.975, 0.2101471656785, 0.1048169564253, -0.193619345743, 0.1048681547123, 0.003269790780414, 0.007325576534255, -0.004450620826601, -0.05043910557082, 0, 0, -1000, 0, -1000, 7495.038674384, 3564.436337846, 7510.979971412, 3645.622649229, 48.17785199278, 16.01539019741, 48.07249873709, 64.36040442824, -240.6160422402, 82.72324950667, 242.9167387237, 52.89432155629, 5391.969542544, 4501.580400691, 5392.825574862, 3553.721333903, 3, -1.124533225112, 54.65793314825, 1.029548547223, -30.84004959658, -1.720108559405, 9.542220098305, -1.545997339191, 11.60588626515, 0, 0, 0.009937980337516, -0, -0, -0, -0, -0, 0.009945180364345, 0.006383423729917, 0, 0, 0, 0, 0, -0.06868816657294, 0.00638342382594, -0.04598043152573, -0.0686881655382, 0.05555888343276, -0.0686881655382, 11.05173040445, 11.05419517895, 11.0516628766, 11.05423951224, 27.28584957884, -0.2068872207934, 0.196944733534, 0, 1, 49.86586372576, 50, 49.8652389831, -0.003693609982917, 0, 0, 0, 0, 0, 0, 0, 0, 27.2859626602, 24.33707290654, 27.28583588402, 24.33711670894, 27.28584957884, 24.3370947946, 27.28596381818, 24.33707289343, 0, 27.28583715877, 24.33711669577, -0.004424274420409, 0, -0.2113035032812, 0.001593454585653, 0.1925108454564, 0.001593454585653, 0.786833587572, 0.7867359959549, -0.7875866076018, -0.7882651352352, -0.0003689876180928, -0.0002922567266517, 0.7871475746524, 0.7872071770696, 0, -0.7879660019287, -0.7877916905229, -0, -0, -5.551115123126e-17, 5.551115123126e-17, 0.002891000395772, 0.3939765079884, 0.3912588988259, 0.393032425931, 0, 0.3912571356244, 0.3949205900459
2, 0.1944376615216, -0.09394649341047, -0.2093058011713, -0.09390563997259, -0.00725490711863, -0.007814003090022, 0.004833793652825, -0.05293297510612, 0, 0, -1000, 0, -1000, 7495.217801787, 3638.274789864, 7512.027529788, 3571.701160442, 46.20162501868, 64.60092498962, 48.32186242614, 15.75766519259, -244.0492547346, -56.19865033782, 239.542768175, -86.37528557462, 5380.51245144, 3556.507639005, 5404.746739937, 4495.489896447, 3, 1.050032073155, -29.12521892709, -1.132794060941, 48.52057402564, -1.718655481363, 11.39277043537, -1.535392704253, 9.754230069059, 0, 0, 0.0101384163072, -0, -0, -0, -0, -0, 0.01014407954491, 0.008438459282046, 0, 0, 0, 0, 0, 0.06804489462982, 0.008438459414154, -0.04470879706599, 0.06804489356336, 0.05655672588301, 0.06804489356336, 11.19204031949, 11.19460911738, 11.19198480833, 11.19456864386, 27.63215306664, -0.1971415574345, 0.2066598708011, 0, 1, 49.87051727006, 50, 49.87001192262, -0.003018985931333, 0, 0, 0, 0, 0, 0, 0, 0, 27.63225426696, 24.68351966196, 27.63215404517, 24.6832795066, 27.63215306664, 24.68339951294, 27.63225533855, 24.68351959044, 0, 27.63215541137, 24.68327943543, -0.003955804723846, 0, -0.2010894293476, -0.008736430965348, 0.2026940895159, -0.008736430965348, 0.7868345298047, 0.7878356478832, -0.7875871126532, -0.7871654445071, -0.0003628073666533, -0.0001327918700815, 0.7871398512674, 0.7873666436258, 0, -0.7879732972559, -0.787632227366, -0, 5.551115123126e-17, -0, -5.551115123126e-17, 0.002884511554804, 0.393979804299, 0.391281728582, 0.3949150449318, 0, 0.3912333816284, 0.3930445636663
2.025, 0.2098809484865, 0.08340344613706, -0.1938424390634, 0.08343652436906, 0.001422085566236, 0.007881493982647, -0.005856844548432, -0.05657226983611, 0, 0, -1000, 0, -1000, 7496.463803541, 3562.518694476, 7511.94740753, 3645.864552342, 49.40046509753, 15.60596229118, 43.46594401003, 64.53346765026, -240.2790753499, 87.88041843797, 243.3857058934, 57.40823361429, 5392.192677187, 4517.480070735, 5393.621712382, 3542.542626166, 3, -1.015975959286, 41.54465961745, 0.9614320715105, -27.45917832035, -1.706009774939, 9.501377178555, -1.536624679637, 11.61549905007, 0, 0, 0.01039739251244, -0, -0, -0, -0, -0, 0.01040497929783, 0.006256564588572, 0, 0, 0, 0, 0, -0.07065044390394, 0.00625656469159, -0.04585717020307, -0.07065044273895, 0.05515382525, -0.07065044273895, 11.33237421331, 11.33494930642, 11.33230580062, 11.33499184539, 27.97848774053, -0.2055874961671, 0.1981847851639, 0, 1, 49.87501882773, 50, 49.87466128549, -0.00216535919785, 0, 0, 0, 0, 0, 0, 0, 0, 27.97860485954, 25.02971178576, 27.97847640316, 25.02975624721, 27.97848774053, 25.02973400277, 27.97860600797, 25.02971177208, 0, 27.97847767595, 25.02975623346, -0.004548046362973, 0, -0.2101272051454, 0.00161742931016, 0.193626753063, 0.00161742931016, 0.786789133341, 0.7866817121446, -0.7876338382433, -0.788319484617, -0.0004146699204639, -0.0003330861356797, 0.7871022783735, 0.7871663148564, 0, -0.7880104650034, -0.7878324871277, -0, 5.551115123126e-17, -0, -0, 0.002878252598685, 0.3939717894314, 0.3912584550093, 0.393000736938, 0, 0.3912555523662, 0.3949428419248
2.05, 0.1950994984272, -0.06875412598462, -0.2086259860939, -0.06873166887917, -0.004986187334352, -0.00843931110035, 0.006661487198878, -0.06121530440863, 0, 0, -1000, 0, -1000, 7496.349487088, 3638.762672838, 7513.168249751, 3569.74470019, 40.77513107932, 64.95161338381, 50.44873213736, 15.77850814392, -244.7032731354, -61.13478518804, 239.0099309847, -92.04145640053, 5381.050380793, 3542.31623129, 5405.217820141, 4511.89167341, 3, 0.9314244857265, -25.07727650884, -0.9420017558978, 33.08170974579, -1.707633960122, 11.40895881907, -1.524198213522, 9.709362407298, 0, 0, 0.01060919578985, -0, -0, -0, -0, -0, 0.01061526144613, 0.008434400029935, 0, 0, 0, 0, 0, 0.0702618780238, 0.008434400174527, -0.0443604294159, 0.07026187681791, 0.05640681841124, 0.07026187681791, 11.47270813352, 11.47538265894, 11.47264915945, 11.47534422488, 28.32485334874, -0.1990649261954, 0.2046799330542, 0, 1, 49.87937130546, 50, 49.87917524318, -0.001347754325648, 0, 0, 0, 0, 0, 0, 0, 0, 28.32496085603, 25.37622543395, 28.32485456343, 25.37597705835, 28.32485334874, 25.37610116996, 28.32496193007, 25.37622535758, 0, 28.32485591189, 25.37597698234, -0.004076183385658, 0, -0.2031328741987, -0.009035468783762, 0.2005933360749, -0.009035468783762, 0.7867913616251, 0.7878149278494, -0.7876328947017, -0.7871862368209, -0.0004079535131792, -0.0001687898626634, 0.7870943031782, 0.7873306082184, 0, -0.7880180548218, -0.7876681879437, 5.551115123126e-17, -0, -0, -0, 0.002872401595396, 0.3939775843382, 0.3912806588591, 0.3949432962039, 0, 0.3912324442311, 0.3930118724726
2.075, 0.2086585498749, 0.05949791187924, -0.1950468609673, 0.05951547869922, -0.0004807648420198, 0.008549558924456, -0.007770988577557, -0.06589182301173, 0, 0, -1000, 0, -1000, 7497.635232079, 3560.276888261, 7512.962279313, 3646.369439297, 48.49526589916, 12.6836645144, 40.84912866823, 65.38764021735, -239.969610684, 94.27693535994, 243.8654600762, 62.79746753389, 5392.540153448, 4535.954864115, 5394.318642943, 3527.999789228, 3, -0.7729939571824, 26.86586614695, 0.7962660501049, -23.98016723464, -1.694555904931, 9.451944859436, -1.526750835647, 11.63095181537, 0, 0, 0.01087837557306, -0, -0, -0, -0, -0, 0.01088646003192, 0.006224212168829, 0, 0, 0, 0, 0, -0.07304311830245, 0.006224212281015, -0.04561735814013, -0.07304311698396, 0.05491088046764, -0.07304311698396, 11.61306314844, 11.61574581172, 11.61299292466, 11.61578550979, 28.67124810431, -0.2056268941009, 0.1980889974523, 0, 1, 49.88359056754, 50, 49.88353501484, -0.0005841103461855, 0, 0, 0, 0, 0, 0, 0, 0, 28.6713703748, 25.72247342371, 28.67123831813, 25.72251953062, 28.67124810431, 25.72249646246, 28.67137151814, 25.72247340904, 0, 28.67123958383, 25.72251951588, -0.004678067869681, 0, -0.2102962856779, 0.001677288428944, 0.1934005270819, 0.001677288428944, 0.7867437556758, 0.7866220283279, -0.7876817571648, -0.7883792508623, -0.0004615019063191, -0.0003763638807489, 0.7870552625486, 0.7871229958498, 0, -0.7880567236124, -0.7878757236113, -0, -0, -0, -5.551115123126e-17, 0.002866551509244, 0.3939678525127, 0.391257764133, 0.3929639140109, 0, 0.3912541656524, 0.3949717910145
2.1, 0.1965609489839, -0.04309042662727, -0.2071568042136, -0.04308108820508, -0.002754945324776, -0.009057007410223, 0.009025257468798, -0.07260976544626, 0, 0, -1000, 0, -1000, 7497.466375762, 3639.25163795, 7514.187096546, 3567.426237201, 41.21195617313, 66.01175647713, 46.51147974539, 11.96262424809, -244.8896826731, -66.33622441157, 239.0350505067, -98.28841559469, 5382.021799202, 3527.780953966, 5405.348306248, 4530.440503169, 3, 0.788195526322, -21.12881005024, -0.6909832220967, 17.26659833449, -1.696750203686, 11.42515554984, -1.514271486142, 9.657159459571, 0, 0, 0.01110436512252, -0, -0, -0, -0, -0, 0.01111089019461, 0.008343709469983, 0, 0, 0, 0, 0, 0.07265936981232, 0.008343709626684, -0.04431304684772, 0.07265936844612, 0.05597899445434, 0.07265936844612, 11.7534176536, 11.75619589023, 11.75335801334, 11.75616055348, 29.01767168607, -0.1972227221607, 0.2064650873588, 0, 1, 49.8876596894, 50, 49.88778797151, 0.0003775481624664, 0, 0, 0, 0, 0, 0, 0, 0, 29.01778304586, 26.06905100899, 29.01767596561, 26.06879393305, 29.01767168607, 26.06892238947, 29.01778410963, 26.06905092723, 0, 29.01767731497, 26.0687938517, -0.004192552496604, 0, -0.2014066659144, -0.009351971300471, 0.2022617168098, -0.009351971300471, 0.786743551516, 0.7877934766101, -0.7876832140674, -0.7872077688619, -0.0004563495034314, -0.0002067620786334, 0.7870461680247, 0.7872925942056, 0, -0.7880654526045, -0.7877061183629, -0, -5.551115123126e-17, -0, -5.551115123126e-17, 0.00286090188838, 0.393973566218, 0.3912787240136, 0.3949722303046, 0, 0.3912321871638, 0.3929749021314
2.125, 0.2067824913802, 0.00609606815824, -0.1970099236786, 0.006096427823894, -0.008782675140678, 0.009024614668383, -0.01281104503345, -0.08779203124024, 0, 0, -1000, 0, -1000, 7498.84246663, 3559.289329631, 7513.845391636, 3646.560261715, 45.11642582892, 20.43369741778, 41.97690862342, 65.33474218266, -239.8006358308, 98.48654972184, 244.1748707346, 67.02848578623, 5393.088564398, 4541.811371138, 5394.918655886, 3517.92770876, 3, -0.8134786290632, -5.381529138756, 1.116890848642, -12.56593908052, -1.682711405194, 9.428749296463, -1.518237797577, 11.63626341013, 0, 0, 0.01135345458444, -0, -0, -0, -0, -0, 0.01136177424112, 0.006106895237539, 0, 0, 0, 0, 0, -0.07419740836884, 0.006106895357434, -0.0454573277645, -0.07419740691, 0.05460811566554, -0.07419740691, 11.89379354758, 11.89658159717, 11.89372170342, 11.89661746668, 29.36412270238, -0.2055409432793, 0.1981198536958, 0, 1, 49.89157314246, 50, 49.89208933429, 0.002426825479204, 0, 0, 0, 0, 0, 0, 0, 0, 29.3642499393, 26.4153519145, 29.36411458148, 26.41539692828, 29.36412270238, 26.41537440681, 29.36425107884, 26.41535189996, 0, 29.36411583958, 26.41539691366, -0.004801632176914, 0, -0.2103335534102, 0.00163752212225, 0.1933074235759, 0.00163752212225, 0.7866953359023, 0.7865697481083, -0.7877326169523, -0.7884315718842, -0.0005113968734552, -0.0004207221249282, 0.7870057491098, 0.7870786172361, 0, -0.7881055147926, -0.787920061486, -5.551115123126e-17, -0, -0, 5.551115123126e-17, 0.002855231815827, 0.3939720410892, 0.3912566725498, 0.3929522374997, 0, 0.391252972384, 0.3949918446787
2.15, 0.1984612954668, 0.02610992476799, -0.2053993332, 0.0261123862539, 0.009511307932282, -0.009191822980658, 0.01507426942589, -0.09579128857924, 0, 0, -1000, 0, -960.0419426764, 7498.579251207, 3638.748423438, 7515.133975479, 3567.258080262, 42.37874164786, 64.49943350577, 44.30359885969, 29.08638994275, -244.8996771667, -68.3317692498, 239.097669666, -98.86248296037, 5383.333681582, 3527.901894791, 5405.310932297, 4523.737728278, 3, 1.565177413929, -4.285443904192, -1.072721547266, -23.83955800611, -1.685861103016, 11.41285530881, -1.505063543629, 9.653911095584, 0, 0, 0.01160274603246, -0, -0, -0, -0, -0, 0.0116091935195, 0.008178549627887, 0, 0, 0, 0, 0, 0.07216487870291, 0.008178549795583, -0.0441015429651, 0.07216487722157, 0.05573771872792, 0.07216487722157, 12.03416875269, 12.03704620094, 12.03410540671, 12.03701352858, 29.7106002572, -0.1993879205484, 0.2042469645469, 0, 1, 49.89533616485, 50, 49.8961411511, 0.004050185904035, 0, 0, 0, 0, 0, 0, 0, 0, 29.7107183986, 26.76198380781, 29.71060468145, 26.7617238329, 29.7106002572, 26.76185373845, 29.71071946935, 26.7619837257, 0, 29.71060600939, 26.7617237512, -0.00432382330619, 0, -0.2037027932445, -0.009457430574486, 0.1999118845275, -0.009457430574486, 0.786694434502, 0.7877462273903, -0.7877347098119, -0.7872550004265, -0.0005076079585206, -0.0002506105387886, 0.7869956045839, 0.7872487540972, 0, -0.7881153009859, -0.7877499751747, -0, -0, 5.551115123126e-17, -0, 0.002849586784431, 0.3939801261217, 0.3912761118173, 0.394971993695, 0, 0.3912322632201, 0.3929882585484
2.175, 0.2047516687694, -0.08187101021176, -0.1992393556465, -0.08184337054434, -0.02505449776441, 0.008973023738689, -0.01830522478595, -0.1039941981683, 0, 0, -758.3956995982, 0, -1000, 7500.279800885, 3560.658190619, 7514.462320278, 3645.748314044, 43.53420922519, 45.04356017375, 43.56784888123, 62.96036671777, -239.6054434947, 96.16469216758, 244.3778102884, 67.95773439899, 5393.861860078, 4520.496254819, 5395.380765067, 3520.188976598, 3, -1.379133014934, -57.40288020889, 2.182820346021, 9.518991699897, -1.668424057703, 9.460966569755, -1.512474673925, 11.61265105167, 0, 0, 0.01185752847778, -0, -0, -0, -0, -0, 0.01186545100036, 0.005784384180817, 0, 0, 0, 0, 0, -0.07248890900851, 0.005784384304689, -0.04566171549304, -0.0724889074541, 0.05395283577888, -0.0724889074541, 12.1745612818, 12.17745317504, 12.17449064102, 12.17748533614, 30.05710346691, -0.201886027686, 0.2017243922063, 0, 1, 49.8989768661, 50, 49.9003240489, 0.006884529586234, 0, 0, 0, 0, 0, 0, 0, 0, 30.05723314438, 27.10834016181, 30.05709989351, 27.10837794038, 30.05710346691, 27.10835903914, 30.05723426969, 27.10834014989, 0, 30.05710115904, 27.10837792839, -0.004902656424734, 0, -0.2067792214085, 0.001374317694063, 0.1968105926049, 0.001374317694063, 0.786641865222, 0.7865380835657, -0.7877884559435, -0.7884631764981, -0.0005652200347835, -0.0004640805219833, 0.7869536729689, 0.7870352889935, 0, -0.788156878187, -0.7879634500375, -0, -0, -0, 5.551115123126e-17, 0.002843978889553, 0.393991034049, 0.3912551310108, 0.3929947128561, 0, 0.3912520560874, 0.3949873552418
2.2, 0.2005163620067, 0.08743062827374, -0.2034529092484, 0.08746287429552, 0.01965375025329, -0.009150151724888, 0.01252741714021, -0.06992437970773, 0, 0, -1000, 0, -225.621627775, 7499.738702959, 3637.993358751, 7516.017329612, 3568.345944991, 43.09760934031, 62.81510272556, 42.99628907986, 44.82139265009, -245.0533985685, -69.02692452108, 238.9765882094, -97.0926343853, 5384.347274058, 3532.157365417, 5405.457882203, 4501.586997093, 3, 2.157544020675, 11.54144813867, -1.344830546004, -58.91115946851, -1.674464657883, 11.39071502211, -1.496507364821, 9.679623247277, 0, 0, 0.01213095142106, -0, -0, -0, -0, -0, 0.01213705719063, 0.008005790738223, 0, 0, 0, 0, 0, 0.07025131201141, 0.008005790917663, -0.0438856808386, 0.07025131043523, 0.055504405613, 0.07025131043523, 12.31495762725, 12.31793175127, 12.31489047944, 12.31790229624, 30.40363150564, -0.2016988292997, 0.2018857274662, 0, 1, 49.90250857238, 50, 49.90384110835, 0.006818120377342, 0, 0, 0, 0, 0, 0, 0, 0, 30.40375683509, 27.45501880394, 30.40363606903, 27.45475882317, 30.40363150564, 27.45488873381, 30.40375791341, 27.455018724, 0, 30.40363737487, 27.45475874363, -0.004463040268525, 0, -0.2061525589124, -0.009457644148093, 0.1974109654542, -0.009457644148093, 0.7866438597984, 0.7876860122015, -0.7877876428945, -0.7873151502397, -0.0005603806337018, -0.0002976567295659, 0.7869435541626, 0.7872017405931, 0, -0.7881666407221, -0.7877970540523, -5.551115123126e-17, 5.551115123126e-17, 5.551115123126e-17, -0, 0.002838457406241, 0.3939979664262, 0.3912740938413, 0.3949635330626, 0, 0.3912319720379, 0.3930323997897
2.225, 0.203495077602, -0.09001505718111, -0.2004394421227, -0.08998165751247, -0.02392417267636, 0.008978289540308, -0.005539296859594, -0.02797173975164, 0, 0, 438.077902363, 0, -1000, 7501.599304249, 3561.189901141, 7515.162607847, 3644.415286622, 42.6320900274, 44.45220494521, 42.56922156873, 62.47976829036, -239.6661176111, 96.03032621379, 244.4109816126, 68.21680511886, 5393.824527481, 4504.818200072, 5396.503697691, 3526.549867328, 3, -1.159199754347, -59.72091828789, 1.958974744967, 12.59240947085, -1.655342806085, 9.475489516516, -1.505819421067, 11.57916070902, 0, 0, 0.01243506532225, -0, -0, -0, -0, -0, 0.01244264040746, 0.005634795809396, 0, 0, 0, 0, 0, -0.07089182244552, 0.005634795942105, -0.04552094984038, -0.07089182077387, 0.05364846591057, -0.07089182077387, 12.45536731487, 12.45835866654, 12.45529503138, 12.45838753019, 30.75018352749, -0.2018140401088, 0.2017427512329, 0, 1, 49.90594838057, 50, 49.90727459347, 0.006820864735383, 0, 0, 0, 0, 0, 0, 0, 0, 30.75031872237, 27.80142637253, 30.7501824307, 27.80145728922, 30.75018352749, 27.80144182131, 30.75031984442, 27.80142636299, 0, 30.75018368849, 27.80145727962, -0.005012931849338, 0, -0.2068170805001, 0.001124694643372, 0.1967181983117, 0.001124694643372, 0.7865902422941, 0.7865051888941, -0.7878424184296, -0.7884960163874, -0.0006183530241919, -0.0005079185923797, 0.7869010888605, 0.7869914784639, 0, -0.7882087601617, -0.7880073156486, -0, -0, -5.551115123126e-17, -0, 0.002833032365107, 0.3940003278271, 0.3912552061434, 0.3930259577236, 0, 0.3912498211224, 0.3949746979306
2.25, 0.201966847736, 0.09733012471836, -0.2019400308314, 0.09736991281481, 0.01847956822357, -0.009169808579658, -0.0005383907211389, 0.007829334087701, 0, 0, -1000, 0, 1000, 7500.682553828, 3637.033682732, 7517.027869603, 3569.516968222, 42.2860175204, 62.50238068772, 42.26334332882, 44.772078747, -245.3427533168, -69.21715178035, 238.7471198124, -96.75154871711, 5384.896746284, 3536.285343285, 5405.824448016, 4478.761294853, 3, 1.826205742406, 15.0910267516, -1.032063242187, -61.86130893002, -1.665315527057, 11.36396310324, -1.486611862521, 9.706946622206, 0, 0, 0.01269027759058, -0, -0, -0, -0, -0, 0.01269602600502, 0.008019730664606, 0, 0, 0, 0, 0, 0.06829807129141, 0.008019730861316, -0.04367752579678, 0.06829806961466, 0.05528133228041, 0.06829806961466, 12.59578184586, 12.5988514962, 12.59571267442, 12.5988252836, 31.09675955442, -0.2016533088854, 0.20187917608, 0, 1, 49.90930158881, 50, 49.91061311043, 0.006719981962122, 0, 0, 0, 0, 0, 0, 0, 0, 31.09689071881, 28.14815049845, 31.09676603018, 28.14789087576, 31.09675955442, 28.14802060969, 31.09689179252, 28.14815042085, 0, 31.09676732977, 28.14789079853, -0.004607135024109, 0, -0.2062507514337, -0.009444618420005, 0.1972598272402, -0.009444618420005, 0.7865927522437, 0.7876248553675, -0.7878410185065, -0.7873762422146, -0.0006124867824165, -0.0003453717521666, 0.7868910242857, 0.7871540580591, 0, -0.7882184924334, -0.7878448015634, -0, -0, -0, -0, 0.002828025686047, 0.3940166058841, 0.3912730003616, 0.3949553262845, 0, 0.3912312433001, 0.3930778854837
2.275, 0.2020147619515, -0.1005924446954, -0.2018530890711, -0.1005507670633, -0.02282685379804, 0.008958961957768, 0.0002749364168126, 0.00828879088987, 0, 0, 1000, 0, -1000, 7502.637718299, 3562.334369307, 7515.969960644, 3643.279291957, 42.07863956107, 44.57433427866, 41.91687074165, 62.2641861039, -239.5947870252, 95.47196519107, 244.5098538689, 68.23788417006, 5393.75010309, 4481.89847967, 5397.3458106, 3533.266900939, 3, -0.9089116241015, -62.87466233369, 1.672005917769, 16.54096050154, -1.645186451095, 9.503344367574, -1.498035686691, 11.54743030045, 0, 0, 0.01297572870096, -0, -0, -0, -0, -0, 0.01298286624159, 0.005614840440974, 0, 0, 0, 0, 0, -0.06874414859728, 0.005614840584962, -0.04530657444543, -0.06874414683246, 0.0534552096768, -0.06874414683246, 12.73620919581, 12.73929912035, 12.7361352247, 12.73932393121, 31.44335862087, -0.201812300441, 0.2016969883065, 0, 1, 49.91259635505, 50, 49.91388951419, 0.006599840710058, 0, 0, 0, 0, 0, 0, 0, 0, 31.44349910588, 28.49460880849, 31.44335972494, 28.49463193364, 31.44335862087, 28.49462036413, 31.44350022323, 28.49460880157, 0, 31.44336097721, 28.49463192669, -0.005123147291053, 0, -0.2069251758335, 0.0008412525245213, 0.1965617577577, 0.0008412525245213, 0.7865380848152, 0.7864755256575, -0.7878967228016, -0.7885256078175, -0.000671749345052, -0.0005522952643222, 0.7868474676028, 0.7869471378288, 0, -0.7882617433108, -0.7880517283574, -5.551115123126e-17, -0, -0, -5.551115123126e-17, 0.002823300482662, 0.3940164839462, 0.3912553555594, 0.3930716324562, 0, 0.3912481448408, 0.3949613354361
2.3, 0.2031511293677, 0.1081747877336, -0.2006861078001, 0.1082239020153, 0.01753567677838, -0.009127233422061, -0.0001974516321272, 0.009220389278135, 0, 0, -1000, 0, 1000, 7501.450248734, 3635.746298536, 7517.968455877, 3570.550626839, 41.79051780865, 62.34290472752, 41.88035336136, 45.09300442885, -245.3968308504, -69.0613073166, 238.6872495044, -95.98949425684, 5385.723959148, 3544.785169611, 5405.5606798, 4457.744358271, 3, 1.529651069475, 19.43983826354, -0.7854537746132, -64.99977858188, -1.657989319527, 11.33033400433, -1.477426169374, 9.731806073654, 0, 0, 0.01318933698049, -0, -0, -0, -0, -0, 0.01319470881584, 0.008008468288057, 0, 0, 0, 0, 0, 0.06615909254023, 0.008008468500245, -0.04352667114873, 0.06615909078589, 0.0550553188939, 0.06615909078589, 12.87664161713, 12.87980522754, 12.87657047498, 12.87978243621, 31.78998106388, -0.2015696868588, 0.2019189773192, 0, 1, 49.915832227, 50, 49.91710106443, 0.006487355097563, 0, 0, 0, 0, 0, 0, 0, 0, 31.79011757828, 28.84137449972, 31.78998910828, 28.84111566055, 31.78998106388, 28.84124500536, 31.79011864857, 28.84137442477, 0, 31.78999040188, 28.84111558595, -0.00474874726065, 0, -0.2063083964457, -0.009416115753529, 0.1971575870182, -0.009416115753529, 0.7865392433715, 0.7875600000624, -0.787896514113, -0.7874410286571, -0.0006668441608423, -0.0003954975058831, 0.7868364839805, 0.7871039668656, 0, -0.7882724452751, -0.7878949618774, -0, -0, -0, -0, 0.002819211147962, 0.3940290903767, 0.3912713533117, 0.3949384116715, 0, 0.3912317702205, 0.3931197690818
2.325, 0.2006558755873, -0.1125803503689, -0.2031423233016, -0.1125281225185, -0.02198626536102, 0.008915520960116, -9.523465725377e-05, 0.009810222531971, 0, 0, 1000, 0, -1000, 7503.541540096, 3563.753867346, 7516.605057656, 3642.11540258, 41.82143860083, 45.21048377887, 41.54529244761, 62.18640350098, -239.4312793443, 94.57763393761, 244.6399663895, 68.01739241083, 5393.619475338, 4457.782707028, 5397.863552158, 3541.992459706, 3, -0.6359146270664, -66.36012103278, 1.339249248547, 21.34029223838, -1.636430447705, 9.537291876285, -1.492051244843, 11.51446815216, 0, 0, 0.01341502630141, -0, -0, -0, -0, -0, 0.01342169119834, 0.005560679525456, 0, 0, 0, 0, 0, -0.06636424975076, 0.005560679677874, -0.04514785937673, -0.06636424792992, 0.05327605947754, -0.06636424792992, 13.01708650994, 13.02027412842, 13.01701080986, 13.02029451889, 32.13662593731, -0.2019042191319, 0.20156592005, 0, 1, 49.91903259012, 50, 49.92028087123, 0.006372200368939, 0, 0, 0, 0, 0, 0, 0, 0, 32.13677106599, 29.18788339676, 32.13662849339, 29.18789816203, 32.13662593731, 29.18789077512, 32.13677218051, 29.18788339249, 0, 32.13662973993, 29.18789815775, -0.005232509595893, 0, -0.2071261471936, 0.0005371348742113, 0.1963209594132, 0.0005371348742113, 0.7864834943282, 0.7864456911616, -0.7879530977089, -0.7885553652799, -0.0007274802112126, -0.0005984397797102, 0.7867917935074, 0.7869010319307, 0, -0.7883168939322, -0.7880979114901, 5.551115123126e-17, 5.551115123126e-17, -0, -0, 0.002815547001095, 0.3940318321308, 0.3912556166295, 0.393119691062, 0, 0.391247114623, 0.3949439731995
2.35, 0.2040686768624, 0.1192783477579, -0.1997020278032, 0.1193381251757, 0.01699736642766, -0.009043295410662, 0.000227223155869, 0.01100323016052, 0, 0, -1000, 0, 1000, 7502.184809466, 3634.442389817, 7518.599269684, 3571.376171671, 41.48233641149, 62.19720639637, 41.7066982556, 45.63043784861, -245.2954091484, -68.65850277853, 238.7458687631, -94.97017233185, 5386.734010961, 3554.99024821, 5404.898489042, 4438.421659142, 3, 1.266907774968, 24.23221619956, -0.585736096528, -68.16322782076, -1.650993462511, 11.2963540279, -1.471468067788, 9.752282177251, 0, 0, 0.01362986036707, -0, -0, -0, -0, -0, 0.01363488138263, 0.007849708297975, 0, 0, 0, 0, 0, 0.064019315379, 0.007849708520081, -0.04352439859581, 0.06401931356624, 0.05476030855115, 0.06401931356624, 13.1575365205, 13.16079323943, 13.15746349161, 13.16077363262, 32.48329307424, -0.2014712303359, 0.2019831026273, 0, 1, 49.92219711493, 50, 49.92341860107, 0.00633065065843, 0, 0, 0, 0, 0, 0, 0, 0, 32.48343443123, 29.5346883925, 32.48330237229, 29.53443021016, 32.48329307424, 29.53455922916, 32.48343550165, 29.53468832016, 0, 32.4833036585, 29.53443013815, -0.004883335187172, 0, -0.2063441946074, -0.009392221503249, 0.1970867710534, -0.009392221503249, 0.7864821935993, 0.787492481836, -0.7879551340703, -0.7875084801703, -0.000724742791399, -0.0004482770499622, 0.7867794171601, 0.7870512207859, 0, -0.7883290520927, -0.7879477748858, -5.551115123126e-17, -0, -0, -0, 0.002812389782306, 0.3940381883834, 0.3912693412686, 0.394918099598, 0, 0.3912330912554, 0.3931582771688
2.375, 0.1996944170526, -0.1240904220085, -0.2040435758273, -0.1240268138771, -0.02153505994627, 0.00883745482753, -0.0005095885463207, 0.0114814973322, 0, 0, 1000, 0, -1000, 7504.374519299, 3565.033440097, 7516.969968969, 3640.808101782, 41.6822926162, 46.02223327695, 41.29683426725, 62.01560576598, -239.3130799167, 93.40270858256, 244.7082025649, 67.53388513043, 5393.525413811, 4435.245211184, 5398.196160039, 3550.540825056, 3, -0.4014719084238, -69.72566286629, 1.04475956166, 26.2362466634, -1.628400294342, 9.568075333338, -1.488885705087, 11.47930117833, 0, 0, 0.01384202648495, -0, -0, -0, -0, -0, 0.01384825038168, 0.005414204558283, 0, 0, 0, 0, 0, -0.0641115636081, 0.005414204716284, -0.04509835442132, -0.06411156173548, 0.05306833968364, -0.06411156173548, 13.29799872984, 13.30128303097, 13.29792131048, 13.30129931435, 32.82998218304, -0.2020308204633, 0.2014097479583, 0, 1, 49.92533424321, 50, 49.92653909504, 0.006253116762619, 0, 0, 0, 0, 0, 0, 0, 0, 32.83013187171, 29.88124645617, 32.82998607623, 29.88125296752, 32.82998218304, 29.88124971002, 32.83013298627, 29.88124645435, 0, 32.82998731623, 29.8812529657, -0.005340789523925, 0, -0.2073607047721, 0.0002368717621425, 0.1960561603762, 0.0002368717621425, 0.786426128783, 0.7864128057428, -0.788011823143, -0.7885881802468, -0.0007858903564858, -0.0006467664492729, 0.7867340900529, 0.7868527405428, 0, -0.7883742003416, -0.7881462734414, -0, -0, -0, 5.551115123126e-17, 0.00280971343096, 0.3940457831585, 0.3912558042693, 0.3931646040427, 0, 0.3912464533741, 0.3949269622743
2.4, 0.2050790126875, 0.1324719567116, -0.1986342592855, 0.1325457502706, 0.01670153042914, -0.008935826486874, 0.0007040256239416, 0.0129103283925, 0, 0, -1000, 0, 1000, 7502.812734676, 3633.225972235, 7518.994168747, 3572.756205103, 41.25669499256, 61.89997758732, 41.59585245637, 46.68863658849, -245.3412359069, -67.98227489229, 238.6452489561, -93.47442608466, 5387.276085836, 3565.099066517, 5404.488289584, 4412.628530208, 3, 0.9757149213485, 29.91894640209, -0.3591369048447, -72.02870408527, -1.645108858509, 11.26216756178, -1.467981687014, 9.785327686496, 0, 0, 0.01403844082133, -0, -0, -0, -0, -0, 0.01404304804773, 0.007693784924542, 0, 0, 0, 0, 0, 0.06141762365358, 0.007693785155484, -0.04355559800435, 0.06141762180882, 0.05451343496282, 0.06141762180882, 13.43846610666, 13.44181538529, 13.43839121458, 13.44179939609, 33.17669324226, -0.2013249031876, 0.2021048861675, 0, 1, 49.92844010342, 50, 49.92960562027, 0.006086399586534, 0, 0, 0, 0, 0, 0, 0, 0, 33.17683922352, 30.22809052308, 33.17670354523, 30.22783393918, 33.17669324226, 30.22796216232, 33.17684029466, 30.22809045412, 0, 33.17670482554, 30.22783387051, -0.005021031630488, 0, -0.2063352467192, -0.009334073937341, 0.1970705279387, -0.009334073937341, 0.7864235306531, 0.787419854988, -0.7880149374299, -0.787581028993, -0.0007840431251739, -0.0005029891103381, 0.7867209664506, 0.7869965479994, 0, -0.7883871705118, -0.78800252622, -0, -5.551115123126e-17, -0, -0, 0.002807574572959, 0.3940538297837, 0.3912682612766, 0.394897982151, 0, 0.391233909993, 0.3932096774164
2.425, 0.1989673535916, -0.1363862877065, -0.204716670707, -0.1363091208632, -0.02149278772882, 0.008698267707113, -0.001014507082764, 0.01346866520884, 0, 0, 1000, 0, -1000, 7504.936591443, 3566.052370806, 7517.263177095, 3639.244480111, 41.56510238222, 46.89050438968, 41.05511412903, 61.59624153724, -239.3911143813, 91.80090898222, 244.5766664541, 66.72318934077, 5392.831541343, 4414.040514051, 5398.931055883, 3562.477677618, 3, -0.2437955789666, -73.32013847169, 0.8197006861672, 31.82758735216, -1.623183813978, 9.593636834001, -1.486456470705, 11.43889435529, 0, 0, 0.01424100463689, -0, -0, -0, -0, -0, 0.01424678860688, 0.005416053259824, 0, 0, 0, 0, 0, -0.06170990850571, 0.005416053427121, -0.04497688041697, -0.06170990659799, 0.05301385324976, -0.06170990659799, 13.57894543572, 13.58232565536, 13.57886627225, 13.58233790539, 33.5234259064, -0.2021288156999, 0.2012920471455, 0, 1, 49.93152645526, 50, 49.93267110272, 0.005984441521499, 0, 0, 0, 0, 0, 0, 0, 0, 33.52358000347, 30.57469624488, 33.52343087218, 30.57469432123, 33.5234259064, 30.57469528358, 33.52358111617, 30.5746962454, 0, 33.52343210943, 30.57469432175, -0.005455504306005, 0, -0.207573131319, -6.997911443297e-05, 0.1958233891028, -6.997911443297e-05, 0.786368664529, 0.7863805537373, -0.7880702181531, -0.7886203597757, -0.0008439806387761, -0.0006954894089778, 0.7866757973754, 0.7868040538336, 0, -0.7884322219416, -0.7881950326516, -0, -0, -0, -0, 0.002805851164902, 0.3940550322098, 0.3912571871369, 0.3932068625459, 0, 0.3912449897833, 0.3949032018737
2.45, 0.2058934555864, 0.1470637163905, -0.1977729104335, 0.1471548762146, 0.01678914898006, -0.008784876828689, 0.001234117474633, 0.01507024374829, 0, 0, -1000, 0, 1000, 7503.114761045, 3631.800649088, 7519.378367873, 3574.464172329, 41.03500920474, 61.2763802925, 41.46366179, 48.05652464974, -245.4390184471, -66.95723190737, 238.493590196, -91.40645492677, 5387.474526015, 3577.48884362, 5404.223910648, 4385.113191339, 3, 0.6857593566342, 36.52227214135, -0.1325373487, -76.30730205799, -1.642631776854, 11.2232604398, -1.464598508605, 9.82591050746, 0, 0, 0.01437094119489, -0, -0, -0, -0, -0, 0.01437509519016, 0.007693671803975, 0, 0, 0, 0, 0, 0.05852583560208, 0.007693672045983, -0.04351378353125, 0.05852583376006, 0.05441977301645, 0.05852583376006, 13.71942996144, 13.72287118026, 13.71935315937, 13.72285900058, 33.87018060134, -0.2011492660433, 0.2022657295844, 0, 1, 49.93457171056, 50, 49.93566632864, 0.005716314879204, 0, 0, 0, 0, 0, 0, 0, 0, 33.87033072389, 30.92157908917, 33.87019132427, 30.92132490962, 33.87018060134, 30.92145193443, 33.87033179383, 30.92157902407, 0, 33.87019260249, 30.92132484479, -0.005165271781344, 0, -0.2063036077762, -0.009246608196165, 0.1970868386147, -0.009246608196165, 0.7863646509236, 0.7873440925779, -0.7880745340661, -0.7876567085881, -0.0008431224704045, -0.0005588371229008, 0.7866618008757, 0.7869407417841, 0, -0.7884461280979, -0.7880584160299, 5.551115123126e-17, 5.551115123126e-17, 5.551115123126e-17, -5.551115123126e-17, 0.002804711284875, 0.3940689158937, 0.3912678661945, 0.3948733221949, 0, 0.391234437252, 0.3932645095925
2.475, 0.1981085813759, -0.1521600178646, -0.2055357046084, -0.1520635572319, -0.02181763243005, 0.008509276856638, -0.001605738424087, 0.01584185572347, 0, 0, 1000, 0, -1000, 7505.177714233, 3567.743108295, 7517.554233557, 3637.744447755, 41.41219572644, 48.26672794956, 40.80365929911, 60.80455732442, -239.3945365538, 89.49332698232, 244.5283059246, 65.52236411384, 5392.164792399, 4386.388343141, 5399.540979845, 3577.798498439, 3, -0.06026989126837, -77.91889644009, 0.5782468197552, 39.12892544455, -1.621329229926, 9.634710573114, -1.48404256124, 11.39745710907, 0, 0, 0.01452397402374, -0, -0, -0, -0, -0, 0.01452922053535, 0.005528585076134, 0, 0, 0, 0, 0, -0.05859580193066, 0.005528585253761, -0.04481626196921, -0.05859580004668, 0.05307578216781, -0.05859580004668, 13.85992609868, 13.86340224546, 13.85984516832, 13.86340983438, 34.21695643477, -0.2022539259471, 0.2011565483612, 0, 1, 49.93759886579, 50, 49.93866084208, 0.005507752235167, 0, 0, 0, 0, 0, 0, 0, 0, 34.21711413764, 31.26823359759, 34.21696166737, 31.26822189813, 34.21695643477, 31.26822775085, 34.21711524765, 31.26823360058, 0, 34.21696290448, 31.26822190113, -0.005570517586688, 0, -0.2078130733844, -0.0004256061884313, 0.1955726001008, -0.0004256061884313, 0.7863103269372, 0.7863528021011, -0.7881290782762, -0.7886480214974, -0.000902581941688, -0.000744600975258, 0.7866163640057, 0.7867549871823, 0, -0.7884915038247, -0.7882441891328, -5.551115123126e-17, -0, -0, -5.551115123126e-17, 0.002803774431014, 0.39406733691, 0.3912585161812, 0.39326196896, 0, 0.3912437744043, 0.3948727048601
2.5, 0.2063251622107, 0.1614162558944, -0.1973117971568, 0.1615265427249, 0.01736579894172, -0.008591907602818, 0.001810154298552, 0.01736139718803, 0, 0, -1000, 0, 1000, 7503.296632158, 3630.019395417, 7519.628059929, 3575.499496917, 40.73671990884, 60.30844451418, 41.26051195846, 49.06736521222, -245.2836114395, -65.77117969684, 238.6271903526, -89.24780864306, 5388.27769879, 3593.929216133, 5403.466256935, 4364.67368252, 3, 0.4946908848869, 43.58024114918, 0.01555999646563, -80.39873381473, -1.641390512968, 11.17863141716, -1.462607052648, 9.852396985469, 0, 0, 0.01465723280837, -0, -0, -0, -0, -0, 0.01466099535768, 0.007608139352217, 0, 0, 0, 0, 0, 0.05585327574086, 0.007608139601164, -0.04356955054898, 0.05585327391233, 0.05429032614326, 0.05585327391233, 14.00042730591, 14.00395972143, 14.00034860726, 14.00395081392, 34.56375337684, -0.2010327522409, 0.2023747075174, 0, 1, 49.94058656523, 50, 49.94160099776, 0.005347115326881, 0, 0, 0, 0, 0, 0, 0, 0, 34.56390725288, 31.61515174717, 34.56376425074, 31.61489949545, 34.56375337684, 31.61502555978, 34.5639083243, 31.61515168552, 0, 34.56376552574, 31.61489943405, -0.005302497198403, 0, -0.2063240882053, -0.009176477270068, 0.1970583522909, -0.009176477270068, 0.7863027929256, 0.7872675903145, -0.7881367798703, -0.7877331378317, -0.0009051417312519, -0.0006169254269616, 0.7866003224863, 0.7868826902998, 0, -0.7885074914322, -0.7881165411537, -0, -0, -0, -0, 0.002803050344841, 0.3940729174426, 0.3912662659598, 0.3948405908491, 0, 0.3912359473602, 0.393305244036
2.525, 0.197443925181, -0.1683178813209, -0.2061840824803, -0.1681993448617, -0.02248794726282, 0.008300691135945, -0.002133619710212, 0.01790764521783, 0, 0, 1000, 0, -1000, 7505.452983173, 3569.745981459, 7517.647144067, 3636.231453019, 41.16173782033, 49.87841379315, 40.51990741754, 59.68089600733, -239.2804804247, 86.79780466875, 244.6370007303, 64.06648093599, 5392.073753786, 4356.522287427, 5399.740481587, 3592.380907368, 3, 0.1516779074447, -82.64417551002, 0.3461321587458, 46.79740011837, -1.619117138342, 9.682649450675, -1.483703876544, 11.35554497731, 0, 0, 0.01478849780226, -0, -0, -0, -0, -0, 0.01479320318708, 0.005481031869561, 0, 0, 0, 0, 0, -0.05537477247345, 0.005481032052133, -0.04479931420364, -0.05537477062775, 0.05303549271945, -0.05537477062775, 14.14093970523, 14.1445111254, 14.14085705596, 14.14451418324, 34.91057101491, -0.2024110261803, 0.2009936566584, 0, 1, 49.94353946332, 50, 49.94452361327, 0.00514519823692, 0, 0, 0, 0, 0, 0, 0, 0, 34.91073213252, 31.96185546279, 34.91057643505, 31.96183357049, 34.91057101491, 31.96184452193, 34.91073324352, 31.96185546808, 0, 34.9105776695, 31.96183357579, -0.005679264047102, 0, -0.2080787179305, -0.0007964040290108, 0.1953007273632, -0.0007964040290108, 0.7862483851166, 0.7863232332993, -0.7881913203463, -0.7886775021276, -0.0009648818115967, -0.0007962644871258, 0.7865543065905, 0.7867033676474, 0, -0.7885534704182, -0.7882958966217, -0, -0, -0, -0, 0.00280239166282, 0.3940825816921, 0.3912586976234, 0.3933214850555, 0, 0.3912433772454, 0.3948436783288
2.55, 0.2069118029669, 0.1788675199342, -0.1967094704191, 0.1790034952775, 0.01834594688755, -0.008311874510533, 0.002358019384282, 0.01920459458011, 0, 0, -1000, 0, 1000, 7503.598088168, 3628.297512243, 7519.660501511, 3577.37341312, 40.4044258409, 58.83501365892, 40.94834066469, 50.71664190674, -245.2002932423, -63.92315820072, 238.7250418798, -86.00369675052, 5389.115505572, 3612.395730092, 5402.825681181, 4333.954745377, 3, 0.3285780068832, 52.0047946637, 0.1607266782653, -85.60778636055, -1.638887511647, 11.13213513118, -1.462889432929, 9.898155401166, 0, 0, 0.01492736827279, -0, -0, -0, -0, -0, 0.01493064568777, 0.007399852241638, 0, 0, 0, 0, 0, 0.05228897258163, 0.007399852492777, -0.04372117814048, 0.05228897080625, 0.05409016256455, 0.05228897080625, 14.28145709837, 14.2850800989, 14.28137649411, 14.28507505487, 35.25740914826, -0.2009474877773, 0.2024551163521, 0, 1, 49.9464533666, 50, 49.94737566295, 0.004809518573189, 0, 0, 0, 0, 0, 0, 0, 0, 35.25756671057, 32.30880750676, 35.25742000814, 32.30855886296, 35.25740914826, 32.30868312808, 35.25756778598, 32.30880744988, 0, 35.25742127807, 32.30855880628, -0.005440399395803, 0, -0.2063764818503, -0.009045228418171, 0.1970006546793, -0.009045228418171, 0.7862380301213, 0.7871816983697, -0.7882017948426, -0.7878189378856, -0.0009701964339353, -0.0006782677501175, 0.7865365938481, 0.7868213944958, 0, -0.7885711408304, -0.788177929996, -0, -0, -0, -0, 0.002801744165086, 0.3940851441813, 0.3912645962337, 0.3948038281602, 0, 0.3912372246996, 0.3933664602024
2.575, 0.1971712217817, -0.1835837693933, -0.2064447511826, -0.1834419942435, -0.02356201054281, 0.008049584815891, -0.002641893077085, 0.01961107446876, 0, 0, 1000, 0, -1000, 7505.735844194, 3570.872309862, 7517.703270116, 3634.142589742, 40.80179356175, 50.99617062451, 40.13142494868, 58.18049694572, -239.4424864745, 83.99420264975, 244.5070872727, 62.43394693208, 5391.534989994, 4334.651678766, 5400.529237607, 3611.578113552, 3, 0.2763935711368, -87.11171537043, 0.2083113564828, 54.4705990012, -1.616800829305, 9.712440421421, -1.483728199541, 11.30382363596, 0, 0, 0.01508075022125, -0, -0, -0, -0, -0, 0.01508498577312, 0.005491836294294, 0, 0, 0, 0, 0, -0.05239872693372, 0.005491836484528, -0.0447399068808, -0.05239872511763, 0.05304581069822, -0.05239872511763, 14.42198524099, 14.42565045388, 14.42190087943, 14.42564957089, 35.60426735175, -0.2025008180925, 0.2008988614462, 0, 1, 49.94933319052, 50, 49.95023113066, 0.004695819310477, 0, 0, 0, 0, 0, 0, 0, 0, 35.60443211783, 32.65555728249, 35.60427309419, 32.65552568243, 35.60426735175, 32.65554148969, 35.60443322846, 32.65555728971, 0, 35.60427432754, 32.65552568968, -0.00579469147642, 0, -0.2082837246511, -0.00114955496445, 0.1950902317763, -0.00114955496445, 0.7861856177389, 0.7862907544222, -0.7882543411593, -0.7887099038989, -0.001027892583803, -0.0008491717325034, 0.7864911343716, 0.7866504987901, 0, -0.7886165602367, -0.7883488422551, -0, -5.551115123126e-17, 5.551115123126e-17, 5.551115123126e-17, 0.002800997346546, 0.394085263694, 0.3912597711747, 0.3933650712011, 0, 0.3912418059537, 0.3948054561868
2.6, 0.2073765214556, 0.1963331833785, -0.196240255405, 0.196497582971, 0.01953916286532, -0.008028988365726, 0.002775529250123, 0.02074220451084, 0, 0, -1000, 0, 1000, 7503.791743796, 3626.463653163, 7519.820770607, 3579.410587067, 40.06302484205, 57.08879484373, 40.55210170014, 52.5419118173, -245.314292875, -61.90931193043, 238.6505838852, -82.5022276465, 5389.414071312, 3630.902343166, 5402.823750197, 4302.377126968, 3, 0.1527547101377, 60.66959459054, 0.3373936355391, -90.68316922301, -1.63751532785, 11.08284053996, -1.461832807913, 9.947728218925, 0, 0, 0.01520739708484, -0, -0, -0, -0, -0, 0.01521020264859, 0.007366984843536, 0, 0, 0, 0, 0, 0.04865953742793, 0.007366985103028, -0.04373712879616, 0.04865953571333, 0.05402213626317, 0.04865953571333, 14.56251828964, 14.56623111388, 14.56243575331, 14.56622968768, 35.95114559378, -0.2008025145232, 0.2025955552503, 0, 1, 49.95215329188, 50, 49.95298272304, 0.004355000305449, 0, 0, 0, 0, 0, 0, 0, 0, 35.95130696933, 33.002543905, 35.95115644775, 33.00229917848, 35.95114559378, 33.00242148973, 35.95130804514, 33.00254385291, 0, 35.95115771604, 33.00229912656, -0.005586334327346, 0, -0.2063772259759, -0.008902725147931, 0.1969949124965, -0.008902725147931, 0.7861736500494, 0.7870948410777, -0.7882664432973, -0.7879057079002, -0.001034641971924, -0.0007401289028598, 0.7864723222462, 0.7867595775953, 0, -0.7886353247823, -0.788239835401, -0, -0, -0, -0, 0.002800234966197, 0.3940981850977, 0.3912640013983, 0.394766984442, 0, 0.3912372289844, 0.3934293857534
2.625, 0.1967340583048, -0.2021783654335, -0.2068734873965, -0.2020055361666, -0.02501342259389, 0.007692565364686, -0.00307752541194, 0.02082002723386, 0, 0, 1000, 0, -1000, 7505.860931906, 3572.981641771, 7517.958183765, 3632.097086269, 40.35359513815, 52.86732739217, 39.74232617402, 56.15855725863, -239.5710845651, 79.91955514768, 244.4298253852, 59.99197039752, 5391.038434654, 4300.971630215, 5401.4113915, 3633.402890257, 3, 0.3829093419853, -92.71358296823, 0.09652025592656, 63.65791893995, -1.616132456718, 9.764310390216, -1.481663887345, 11.24926323362, 0, 0, 0.01537079152099, -0, -0, -0, -0, -0, 0.01537444041771, 0.005642388316746, 0, 0, 0, 0, 0, -0.04837647963364, 0.005642388519786, -0.04457828532941, -0.048376477892, 0.05314906392981, -0.048376477892, 14.70306157414, 14.70682048267, 14.70297550619, 14.70681492952, 36.29804319631, -0.2025634327631, 0.2008309522518, 0, 1, 49.95494400303, 50, 49.95574121685, 0.004095131441943, 0, 0, 0, 0, 0, 0, 0, 0, 36.29821155329, 33.34934076066, 36.29804929227, 33.3492974632, 36.29804319631, 33.34931912108, 36.29821266085, 33.34934076979, 0, 36.29805052686, 33.34929747236, -0.005909668122761, 0, -0.2084611327058, -0.001575086209069, 0.1949070504443, -0.001575086209069, 0.7861226547523, 0.7862657564004, -0.7883176046512, -0.7887348044064, -0.001090909516261, -0.0009017763880906, 0.7864270684818, 0.7865979426135, 0, -0.7886805271588, -0.7884014953896, -0, 5.551115123126e-17, -0, -0, 0.002799247684715, 0.3940970960592, 0.3912607611888, 0.3934321871926, 0, 0.3912400480224, 0.3947620049257
2.65, 0.2075953060889, 0.2134991005844, -0.1960103652204, 0.2136944031671, 0.02110421027917, -0.007685856379066, 0.003158317953135, 0.02163138859138, 0, 0, -1000, 0, 1000, 7503.971963903, 3624.033476867, 7520.06816579, 3580.831443045, 39.62974547529, 54.94381094502, 40.05626364961, 53.97123416967, -245.1959969099, -59.56737186544, 238.8317961096, -78.68345042873, 5390.307586626, 3654.71601039, 5402.354441602, 4276.390476788, 3, 0.05209202906097, 69.44251419054, 0.4319672030091, -95.82504876428, -1.636260924239, 11.02280013582, -1.459841396291, 9.984913946953, 0, 0, 0.01551162057101, -0, -0, -0, -0, -0, 0.01551399557534, 0.007294984114132, 0, 0, 0, 0, 0, 0.04505067617904, 0.007294984381472, -0.04377424724861, 0.04505067452756, 0.05391559268057, 0.04505067452756, 14.84360977438, 14.84741135781, 14.84352521705, 14.84741320737, 36.64496026601, -0.2008076441645, 0.2025828053458, 0, 1, 49.95767607498, 50, 49.95840591709, 0.003786253769648, 0, 0, 0, 0, 0, 0, 0, 0, 36.64512565918, 33.69635724826, 36.64497124165, 33.69611642461, 36.64496026601, 33.69623678905, 36.64512673666, 33.6963572008, 0, 36.64497250646, 33.6961163773, -0.005728027389837, 0, -0.2065238068951, -0.008760745722592, 0.1968402115648, -0.008760745722592, 0.7861070900208, 0.7870059829467, -0.7883333604558, -0.7879944855062, -0.001101395397023, -0.0008041256036684, 0.7864060143295, 0.7866956217585, 0, -0.7887015153085, -0.7883038729658, 5.551115123126e-17, -0, -0, -0, 0.002798190346212, 0.3941003697222, 0.3912622212943, 0.3947195672065, 0, 0.391238164547, 0.3934811722379
2.675, 0.196261862642, -0.22090482308, -0.2073385640571, -0.2206975955377, -0.02664802813727, 0.007318559005529, -0.003359257940219, 0.02171070453738, 0, 0, 1000, 0, -1000, 7506.122554406, 3575.254597207, 7518.168898611, 3629.854045782, 39.85126546509, 54.88014936811, 39.35964629858, 53.84752688757, -239.5425527996, 75.46845286762, 244.5202356224, 57.28188585917, 5391.083964982, 4266.659788607, 5401.80830199, 3657.040701884, 3, 0.5211495852353, -98.18813677347, -0.03700136237263, 73.15570624779, -1.614031843782, 9.820425430401, -1.480065628635, 11.1901388284, 0, 0, 0.01565152918095, -0, -0, -0, -0, -0, 0.01565460273845, 0.005649661305761, 0, 0, 0, 0, 0, -0.04417706338069, 0.005649661516556, -0.04452432677307, -0.04417706173175, 0.0531229630968, -0.04417706173175, 14.98416752413, 14.98801910893, 14.98407988837, 14.98800903101, 36.99189621045, -0.2025306922995, 0.2008547084633, 0, 1, 49.96036067812, 50, 49.9610522653, 0.003543090769664, 0, 0, 0, 0, 0, 0, 0, 0, 36.99206795197, 34.04320157148, 36.99190274862, 34.04314605148, 36.99189621045, 34.04317382219, 36.99206905859, 34.04320158218, 0, 36.99190398206, 34.04314606221, -0.006018015642299, 0, -0.208536536345, -0.002019721312408, 0.1948222061292, -0.002019721312408, 0.7860564071342, 0.7862395988996, -0.7883842664554, -0.788760868287, -0.00115740209091, -0.0009567636926329, 0.7863604523227, 0.7865430017356, 0, -0.7887470100051, -0.7884565291209, -0, -0, -0, -0, 0.00279695841648, 0.3941077508897, 0.3912606707774, 0.3935005607448, 0, 0.3912392575297, 0.3947149410347
2.7, 0.2078461412319, 0.2326412793343, -0.1957455860054, 0.2328741790685, 0.0230028510096, -0.007228425586138, 0.003396472554785, 0.02195783993545, 0, 0, -1000, 0, 1000, 7504.364759629, 3621.593514177, 7520.197249483, 3583.046557356, 39.21139911048, 52.32912281234, 39.50579449358, 55.96798271396, -245.0791708912, -56.34536450817, 239.0194120584, -73.59780299588, 5391.347241033, 3681.760935259, 5401.850870909, 4240.97386322, 3, -0.01260330747903, 79.19424379967, 0.4923767833307, -101.6436519742, -1.632771215699, 10.95940763468, -1.459083113349, 10.04014017205, 0, 0, 0.01580507059208, -0, -0, -0, -0, -0, 0.01580696280832, 0.007083671738263, 0, 0, 0, 0, 0, 0.04052429835946, 0.007083672007774, -0.04389902145775, 0.04052429681727, 0.05369877718184, 0.04052429681727, 15.12473030075, 15.12861976226, 15.12464375002, 15.12862529, 37.33885066832, -0.2008216762405, 0.2025573549755, 0, 1, 49.96299410922, 50, 49.96361586179, 0.003161142383499, 0, 0, 0, 0, 0, 0, 0, 0, 37.33902002776, 34.39024626022, 37.33886168017, 34.39001107475, 37.33885066832, 34.39012862586, 37.33902110912, 34.39024621853, 0, 37.33886293882, 34.39001103319, -0.005869150279527, 0, -0.2066787041306, -0.008555638851487, 0.1966734215529, -0.008555638851487, 0.7860375462629, 0.786907390688, -0.7884033805788, -0.7880929856982, -0.001171398850683, -0.0008715437203885, 0.7863373210362, 0.7866282505271, 0, -0.7887700558823, -0.7883713379679, -0, -0, -0, -0, 0.002795533298213, 0.3941087313058, 0.3912601496183, 0.3946657161545, 0, 0.3912391690658, 0.3935517464571
2.725, 0.1962704180037, -0.2376887824667, -0.207315235614, -0.2374477320818, -0.02845864152288, 0.006918059806762, -0.00357841394279, 0.02182016967439, 0, 0, 1000, 0, -1000, 7506.508347908, 3576.746349869, 7518.372425165, 3627.153924625, 39.26453558098, 56.27987208239, 38.89403822739, 51.34480525333, -239.7262064894, 71.05683921724, 244.4154637701, 54.44216841715, 5390.8405571, 4239.898508083, 5402.638130718, 3683.597373528, 3, 0.5906873974016, -103.3181060962, -0.1083189472963, 81.81492945208, -1.610608848468, 9.860135338598, -1.478519526896, 11.12389246831, 0, 0, 0.01597326620689, -0, -0, -0, -0, -0, 0.01597585398379, 0.005658990394965, 0, 0, 0, 0, 0, -0.0403132904922, 0.005658990614878, -0.04444342999415, -0.04031328892509, 0.05309583762259, -0.04031328892509, 15.26530194586, 15.26924460735, 15.26521265259, 15.26923058794, 37.68582320288, -0.2025860759559, 0.2007860038839, 0, 1, 49.9655843489, 50, 49.96618242493, 0.003042806526304, 0, 0, 0, 0, 0, 0, 0, 0, 37.68599873997, 34.73713484807, 37.68583033717, 34.73706773374, 37.68582320288, 34.73710130272, 37.68599984548, 34.73713485987, 0, 37.68583156882, 34.73706774557, -0.006130607075767, 0, -0.2087042842799, -0.002441502714017, 0.194640619695, -0.002441502714017, 0.785988906119, 0.7862094692398, -0.7884523274346, -0.7887909191841, -0.001225264645189, -0.001013430704116, 0.7862923992572, 0.786486373654, 0, -0.7888148842335, -0.7885132350623, -5.551115123126e-17, -0, -0, -5.551115123126e-17, 0.002793890871128, 0.394107974279, 0.3912611560824, 0.3935538896208, 0, 0.3912376046568, 0.3946620589372
2.75, 0.2081364875006, 0.2506131594845, -0.195444557817, 0.2508843175767, 0.02481628211592, -0.006772547250503, 0.003422708263434, 0.02203553278525, 0, 0, -1000, 0, 1000, 7504.743836382, 3619.05512505, 7520.465590627, 3585.409696957, 38.79842568171, 49.59798527172, 38.94508000896, 57.96555941092, -245.1712053115, -52.93792101485, 239.0016460882, -68.31268285915, 5391.819932361, 3708.760767081, 5401.983496291, 4204.418216355, 3, -0.1034167553244, 88.5252229447, 0.5908706050221, -106.9071124643, -1.629424822674, 10.89343020134, -1.456863545353, 10.09896172983, 0, 0, 0.01612572030641, -0, -0, -0, -0, -0, 0.0161271697789, 0.007017904363602, 0, 0, 0, 0, 0, 0.03591864583861, 0.007017904641555, -0.04389126538568, 0.03591864441575, 0.05358443695493, 0.03591864441575, 15.40587865289, 15.4098550582, 15.40579004425, 15.40986395525, 38.03281363358, -0.2008540147239, 0.2025108924594, 0, 1, 49.96810231803, 50, 49.96862070829, 0.00266948373841, 0, 0, 0, 0, 0, 0, 0, 0, 38.03298725747, 35.08420791392, 38.03282476657, 35.08397866303, 38.03281363358, 35.08409325251, 38.03298833958, 35.08420787791, 0, 38.0328260213, 35.08397862711, -0.006017528857061, 0, -0.2068591782195, -0.008339749953202, 0.1964783121921, -0.008339749953202, 0.7859682434668, 0.7868076309566, -0.7884733179426, -0.788192661848, -0.001241079146093, -0.0009395876703679, 0.7862679645512, 0.7865602492429, 0, -0.7888392122458, -0.7884394245837, -0, -5.551115123126e-17, -0, -0, 0.002792148548339, 0.3941182701814, 0.3912592080429, 0.3946119528028, 0, 0.3912389056029, 0.39362458756
2.775, 0.1960400615879, -0.2564704602841, -0.2075254519781, -0.2561885781935, -0.03047487446179, 0.006373820481728, -0.003596011151035, 0.02145322094779, 0, 0, 1000, 0, -1000, 7506.803076178, 3579.258516506, 7518.777215386, 3624.350067387, 38.67097591486, 58.27685581823, 38.44109617989, 48.32819324104, -239.8993159841, 65.0658519701, 244.3176469128, 50.45819667073, 5390.498322145, 4200.528977057, 5403.615548136, 3714.128961876, 3, 0.618009743456, -109.0918336525, -0.1435073284983, 91.43922252552, -1.60813119178, 9.922960927143, -1.474858097899, 11.05129232916, 0, 0, 0.01631161803828, -0, -0, -0, -0, -0, 0.016313638189, 0.005798025278095, 0, 0, 0, 0, 0, -0.03524779060126, 0.005798025513057, -0.04426396750838, -0.03524778917251, 0.05314016054401, -0.03524778917251, 15.54646345877, 15.55049684383, 15.54637262405, 15.55047825857, 38.3798213187, -0.2024708593034, 0.2008856601199, 0, 1, 49.97058721507, 50, 49.97107940188, 0.002442643380319, 0, 0, 0, 0, 0, 0, 0, 0, 38.38000061594, 35.431141516, 38.37982932273, 35.4310604875, 38.3798213187, 35.43110101423, 38.38000171696, 35.43114152846, 0, 38.37983055534, 35.43106049999, -0.006241452112435, 0, -0.2086997012792, -0.002947676530554, 0.1946291054928, -0.002947676530554, 0.7859212269936, 0.7861881256217, -0.78852070983, -0.7888121703302, -0.001293135800416, -0.0010695656196, 0.786223495154, 0.7864302843201, 0, -0.7888835674755, -0.7885694155593, -0, -0, -0, -0, 0.002790189956173, 0.3941167999843, 0.3912618387739, 0.3936323379095, 0, 0.3912356573304, 0.3946012620592
2.8, 0.2080593391436, 0.2672452885799, -0.1954966733403, 0.2675548493828, 0.02685316711489, -0.006275872035581, 0.003440364416138, 0.02131962295834, 0, 0, -1000, 0, 1000, 7505.128173774, 3615.944025455, 7520.832836999, 3587.003407482, 38.3000626936, 46.63879169298, 38.30674387012, 59.30325883165, -245.0320953602, -49.29033398501, 239.219141917, -62.96712135021, 5392.793717433, 3740.106037175, 5401.630443802, 4174.929847193, 3, -0.1440864436051, 97.15990954429, 0.6163284909333, -112.1632037461, -1.625999625907, 10.81788878633, -1.453586757216, 10.14180838818, 0, 0, 0.01648487304436, -0, -0, -0, -0, -0, 0.01648595513418, 0.006916163425834, 0, 0, 0, 0, 0, 0.03151023545866, 0.006916163712094, -0.04390514627716, 0.03151023415428, 0.0534227815909, 0.03151023415428, 15.68705355735, 15.6911158377, 15.68696291965, 15.69112767631, 38.72684624989, -0.2009011775213, 0.2024467702867, 0, 1, 49.97300696555, 50, 49.97343309534, 0.002158652918781, 0, 0, 0, 0, 0, 0, 0, 0, 38.72702432704, 35.77823804912, 38.7268578457, 35.77801438104, 38.72684624989, 35.7781261843, 38.72702541047, 35.77823801831, 0, 38.72685909533, 35.7780143503, -0.006160019869701, 0, -0.207048553576, -0.00813665725592, 0.1962714096207, -0.00813665725592, 0.785896886926, 0.786707381115, -0.7885454434779, -0.7882928411851, -0.001312911671186, -0.001009477280555, 0.7861967013092, 0.7864903956877, 0, -0.7889102345992, -0.7885093502488, 5.551115123126e-17, -0, -0, -0, 0.002788180628905, 0.3941164385223, 0.39125726816, 0.394549529901, 0, 0.3912396099252, 0.3936833471435
2.825, 0.1958025586281, -0.2736634019655, -0.2077420344596, -0.2733413595984, -0.03233550118859, 0.005834661824006, -0.00341189704223, 0.02111821626808, 0, 0, 1000, 0, -1000, 7507.241495934, 3581.840717362, 7519.11896584, 3621.393879411, 38.10468908251, 60.06026191075, 37.98732492375, 45.23598236928, -239.8780052993, 58.96954258339, 244.4057094862, 46.29523022054, 5390.740496148, 4161.565215363, 5403.972837744, 3745.391846866, 3, 0.6882195076126, -114.0932575839, -0.218429900209, 100.5312448388, -1.604142638285, 9.987751427578, -1.471856763557, 10.97543804069, 0, 0, 0.0166479972675, -0, -0, -0, -0, -0, 0.01664951029646, 0.005770799613015, 0, 0, 0, 0, 0, -0.03015870026584, 0.005770799856619, -0.0442070577475, -0.03015869899252, 0.0530419019214, -0.03015869899252, 15.82765089624, 15.83177371922, 15.82755861409, 15.83175091163, 39.07388790947, -0.2023368633571, 0.2010017556654, 0, 1, 49.97537059867, 50, 49.97575783649, 0.00194727478626, 0, 0, 0, 0, 0, 0, 0, 0, 39.07407083752, 36.12521662426, 39.07389689537, 36.12512149848, 39.07388790947, 36.1251690739, 39.07407193695, 36.12521663678, 0, 39.07389812578, 36.12512151103, -0.006343701210621, 0, -0.2086677115496, -0.003460510878228, 0.1946426687506, -0.003460510878228, 0.785850151824, 0.7861642899722, -0.7885925948419, -0.788835925343, -0.001364644712036, -0.001128362912254, 0.7861520309896, 0.7863715265575, 0, -0.7889547808878, -0.788628252382, -0, -0, -0, -0, 0.002786099297617, 0.3941244901599, 0.3912613566557, 0.3937099749101, 0, 0.3912349462201, 0.3945390054097
2.85, 0.2082048572186, 0.2845070881175, -0.1953226426978, 0.284859156808, 0.0289307315369, -0.005626417837448, 0.003179769139711, 0.02051837189076, 0, 0, -1000, 0, 1000, 7505.705345553, 3612.779050938, 7521.060705303, 3589.695976982, 37.78913833935, 43.21701940034, 37.73225736794, 60.96430552159, -244.9151677551, -44.34483488095, 239.4042490472, -55.98911513909, 5393.868027062, 3775.592053956, 5401.19617469, 4132.548990195, 3, -0.1529395298649, 106.2397492669, 0.6059602638173, -117.4661620367, -1.620547203607, 10.73703011962, -1.451764457907, 10.20941108926, 0, 0, 0.01683052297166, -0, -0, -0, -0, -0, 0.01683121621839, 0.006674064402966, 0, 0, 0, 0, 0, 0.02586748296626, 0.006674064690912, -0.04400347892754, 0.02586748185014, 0.05316294588607, 0.02586748185014, 15.9682538143, 15.97240093451, 15.96816106997, 15.9724161736, 39.4209458204, -0.2011240006336, 0.2022053761544, 0, 1, 49.97768165724, 50, 49.97800391385, 0.001582555469859, 0, 0, 0, 0, 0, 0, 0, 0, 39.42112839734, 36.47233496349, 39.4209576568, 36.47211930025, 39.4209458204, 36.4722271075, 39.42112948511, 36.4723349391, 0, 39.42095889792, 36.4721192759, -0.00630234713306, 0, -0.2074134112519, -0.007845455425648, 0.1958874417849, -0.007845455425648, 0.7858226800886, 0.7865948916959, -0.7886204932533, -0.7884052540531, -0.001387893759659, -0.001083117121701, 0.7861231643037, 0.7864167952385, 0, -0.7889835109288, -0.7885830294819, -0, -0, -0, -0, 0.002783907133111, 0.3941233253273, 0.3912551275864, 0.3944788600881, 0, 0.391240476653, 0.3937677905664
2.875, 0.1959333144745, -0.2889166384638, -0.2075804218497, -0.2885562718057, -0.03432240038519, 0.005261522224646, -0.003239969723707, 0.02008827121631, 0, 0, 1000, 0, -1000, 7507.769619269, 3583.672547477, 7519.426559407, 3617.958731652, 37.46762557738, 61.03484274192, 37.44418977683, 41.98628026876, -240.092687112, 52.92495842492, 244.2623674021, 41.90932310651, 5390.5394277, 4129.848755696, 5404.804003384, 3780.202255442, 3, 0.6886614244006, -118.9924883919, -0.2405557262752, 108.5257179899, -1.599193481806, 10.03694745244, -1.469191091885, 10.89189077959, 0, 0, 0.01700828575677, -0, -0, -0, -0, -0, 0.01700938608087, 0.005762904129357, 0, 0, 0, 0, 0, -0.0253377200568, 0.005762904383271, -0.04412123359676, -0.02533771894027, 0.05295860196227, -0.02533771894027, 16.10886303005, 16.11307381705, 16.10876930379, 16.11304724986, 39.76801974916, -0.2021958923473, 0.2011233896234, 0, 1, 49.97994565955, 50, 49.98024826524, 0.001486495549692, 0, 0, 0, 0, 0, 0, 0, 0, 39.76820652128, 36.81935539556, 39.76802983097, 36.8192467147, 39.76801974916, 36.81930106716, 39.76820761839, 36.81935540758, 0, 39.76803105954, 36.81924672673, -0.006449252665116, 0, -0.2086320399233, -0.003953621749905, 0.1946584427792, -0.003953621749905, 0.7857780567364, 0.7861371807313, -0.7886655728967, -0.788862969526, -0.001437200220374, -0.001188603400724, 0.7860793501392, 0.786311317721, 0, -0.7890271886149, -0.7886885245224, -0, -0, -0, -0, 0.002781665784111, 0.3941214245983, 0.3912617576421, 0.393773171146, 0, 0.3912332910386, 0.3944696780505
2.9, 0.2084373155578, 0.2993537759141, -0.1950651884005, 0.2997445577628, 0.0306769787085, -0.005002737226738, 0.002712260931288, 0.02010592132877, 0, 0, -1000, 0, 1000, 7506.204988881, 3609.51068776, 7521.410059994, 3592.415199997, 37.26846344327, 39.80572288424, 37.20570246724, 62.13323813721, -245.0091054246, -39.30996718173, 239.3716092209, -49.15738827212, 5394.294559329, 3811.189836501, 5401.390388605, 4091.18248627, 3, -0.2092681650806, 114.418207834, 0.6526049718728, -121.6254703031, -1.615904679676, 10.65407029396, -1.448664956888, 10.27774268651, 0, 0, 0.01717179789849, -0, -0, -0, -0, -0, 0.01717218574868, 0.006600316935031, 0, 0, 0, 0, 0, 0.02029013745189, 0.00660031723146, -0.04396055476596, 0.02029013654059, 0.05303318472812, 0.02029013654059, 16.24947817535, 16.25370913318, 16.24938326143, 16.2537273636, 40.11510929939, -0.2013833584515, 0.2019261542224, 0, 1, 49.98213232988, 50, 49.98235278961, 0.001129035251298, 0, 0, 0, 0, 0, 0, 0, 0, 40.11529644773, 37.1664955949, 40.11512125112, 37.16628799914, 40.11510929939, 37.16639177862, 40.11529753658, 37.16649557649, 0, 40.1151224865, 37.16628798075, -0.006450681953634, 0, -0.2078208552445, -0.007551974992487, 0.1954596073181, -0.007551974992487, 0.7857490013672, 0.7864825295523, -0.7886950744895, -0.7885175555251, -0.001462193790206, -0.001157085801592, 0.7860491918088, 0.7863428579784, 0, -0.7890572057558, -0.7886570295816, -0, -0, -0, -0, 0.002779419316075, 0.3941290865189, 0.3912542781458, 0.3944079636426, 0, 0.391240090594, 0.3938502093951
2.925, 0.1957324987002, -0.3042603319623, -0.2077484516307, -0.3038593012544, -0.0362004638181, 0.004541333224581, -0.002755785773458, 0.01925774587968, 0, 0, 1000, 0, -1000, 7508.148765066, 3586.591854944, 7519.912252919, 3614.416611622, 36.91932697514, 61.95113052033, 36.86635358613, 38.24553259525, -240.2776425688, 45.41058780763, 244.1411746828, 36.1733932205, 5390.233250363, 4085.028087423, 5405.767907642, 3819.453387278, 3, 0.6578837776683, -123.6365489966, -0.2333804342845, 116.7786273824, -1.595797774042, 10.11063116844, -1.464654210547, 10.80179774199, 0, 0, 0.01736556037586, -0, -0, -0, -0, -0, 0.01736623602947, 0.005897520361333, 0, 0, 0, 0, 0, -0.01924531662613, 0.00589752063221, -0.04394112100577, -0.01924531574211, 0.05296180882608, -0.01924531574211, 16.39009846582, 16.39439668965, 16.3900034639, 16.39436590554, 40.4622138056, -0.2018200815666, 0.2014789684527, 0, 1, 49.98428713531, 50, 49.98449188792, 0.0009703094535137, 0, 0, 0, 0, 0, 0, 0, 0, 40.46240418658, 37.5135585768, 40.46222518175, 37.51343392796, 40.4622138056, 37.51349626286, 40.46240527778, 37.51355858727, 0, 40.46222641198, 37.51343393845, -0.006551817950074, 0, -0.2083585739398, -0.00453450900044, 0.1949111259374, -0.00453450900044, 0.7857058905597, 0.7861194911044, -0.7887386636649, -0.7888805928127, -0.001509564348322, -0.001248165909656, 0.7860059544897, 0.7862517871993, 0, -0.7891002995002, -0.7887481190186, -0, -0, -0, -0, 0.002777045953046, 0.3941269882497, 0.3912623685021, 0.393862471631, 0, 0.3912313708911, 0.3943915048684
2.95, 0.2082790681742, 0.3126549446941, -0.1951896292488, 0.31308264426, 0.03260366558808, -0.004350511184632, 0.00232449903357, 0.01894680297155, 0, 0, -1000, 0, 1000, 7506.664296044, 3605.758474968, 7521.837397469, 3594.377064195, 36.65171723825, 36.21557562695, 36.59936893403, 62.39906815782, -244.8550199113, -34.04840526886, 239.5948190904, -42.51989704957, 5395.228581056, 3849.927834188, 5401.097999267, 4056.75617397, 3, -0.2132037484754, 121.5159059921, 0.6311980359344, -125.9902659393, -1.611660821411, 10.56358767301, -1.444729343321, 10.33023683179, 0, 0, 0.01754949619976, -0, -0, -0, -0, -0, 0.01754967385181, 0.006499470341683, 0, 0, 0, 0, 0, 0.01498816320594, 0.006499470646565, -0.04394197916184, 0.01498816250285, 0.05286963453765, 0.01498816250285, 16.53072527093, 16.53503905727, 16.53062823982, 16.53505988173, 40.80933322498, -0.2016313909815, 0.2016573558814, 0, 1, 49.98637327218, 50, 49.98651934093, 0.0007364443319461, 0, 0, 0, 0, 0, 0, 0, 0, 40.80952508412, 37.8607156747, 40.80934564735, 37.86051566829, 40.80933322498, 37.8606156584, 40.80952617453, 37.8607156616, 0, 40.80934687634, 37.8605156552, -0.006592184422725, 0, -0.2082101068544, -0.007275887345248, 0.1950490070159, -0.007275887345248, 0.7856733287897, 0.7863703172068, -0.7887716978818, -0.7886297239832, -0.001538525323314, -0.00123280359444, 0.785973390951, 0.7862671631113, 0, -0.7891327129102, -0.7887327703002, -0, 5.551115123126e-17, -0, -0, 0.002774692089111, 0.3941248032398, 0.3912524176426, 0.3943308075552, 0, 0.3912406740748, 0.3939187989244
2.975, 0.195545975078, -0.3160928551403, -0.2079066832456, -0.3156589186218, -0.03771357155563, 0.00391626221572, -0.002184695362343, 0.01882894282963, 0, 0, 1000, 0, -1000, 7508.625042009, 3588.967763897, 7520.332297928, 3610.886742475, 36.4010907086, 62.11083964983, 36.259516369, 34.75756727669, -240.2943609499, 38.88902689668, 244.1867983133, 30.90049858024, 5390.502760024, 4046.865455204, 5406.134887651, 3855.934834441, 3, 0.6856073638555, -126.9542516871, -0.273858779909, 123.46343604, -1.591375459356, 10.17215193705, -1.460798625405, 10.71427635975, 0, 0, 0.01774359358883, -0, -0, -0, -0, -0, 0.01774397459327, 0.005884953260249, 0, 0, 0, 0, 0, -0.01383610834312, 0.005884953542445, -0.043875430593, -0.01383610767962, 0.05284273179878, -0.01383610767962, 16.67135600568, 16.67574006138, 16.67125977183, 16.67570579263, 41.15646684936, -0.2014570712264, 0.2018208226818, 0, 1, 49.98840812014, 50, 49.98853037244, 0.000647905199671, 0, 0, 0, 0, 0, 0, 0, 0, 41.156660938, 38.20781963105, 41.15647970611, 38.2076803133, 41.15646684936, 38.2077499806, 41.15666202618, 38.20781963947, 0, 41.1564809351, 38.20768032173, -0.006650147920558, 0, -0.2080936244781, -0.005068138936766, 0.195154338011, -0.005068138936766, 0.7856304748063, 0.7860937315291, -0.7888150452662, -0.7889063082325, -0.001585361938984, -0.001311111937355, 0.7859300897453, 0.7861888620201, 0, -0.789175867336, -0.7888110858948, -0, -0, 5.551115123126e-17, -0, 0.002772274683509, 0.3941286734786, 0.3912618319742, 0.3939385035431, 0, 0.3912306406063, 0.3943188434141
3, 0.2086083635252, 0.3232153130492, -0.1948281853865, 0.323673524872, 0.03393847890446, -0.003637429499641, 0.001584234042774, 0.01875281954179, 0, 0, -1000, 0, 1000, 7507.244638915, 3602.164565889, 7522.163641682, 3597.101036103, 35.97954407768, 32.48594413477, 36.13029922144, 62.16361172113, -244.7862021245, -27.98331311051, 239.726798421, -35.3640936217, 5396.062977672, 3888.501168461, 5400.949769771, 4012.857230851, 3, -0.2105181045626, 127.7517049772, 0.6077671954523, -128.7953425486, -1.606143576625, 10.47299171983, -1.441847480597, 10.39929501861, 0, 0, 0.01795683260084, -0, -0, -0, -0, -0, 0.01795686633457, 0.006330779397281, 0, 0, 0, 0, 0, 0.009011671185715, 0.006330779708196, -0.04394799662195, 0.009011670743135, 0.05267645188963, 0.009011670743135, 16.81199386943, 16.81638949242, 16.81189453073, 16.8164128842, 41.50361430589, -0.2021777950049, 0.2010895273588, 0, 1, 49.99037967423, 50, 49.99043745882, 0.0003388481626895, 0, 0, 0, 0, 0, 0, 0, 0, 41.50381131719, 38.55499339092, 41.50362716324, 38.55480226978, 41.50361430589, 38.55489782283, 41.50381241137, 38.5549933834, 0, 41.50362838327, 38.55480226226, -0.00673535595504, 0, -0.208899369068, -0.006952656974357, 0.1943376914433, -0.006952656974357, 0.7855955746455, 0.7862508083876, -0.7888504297833, -0.7887491994976, -0.001617178117053, -0.001311185650465, 0.7858956766096, 0.7861887988109, 0, -0.7892101259702, -0.7888111701119, -0, -0, -0, 5.551115123126e-17, 0.002769810767115, 0.3941301162412, 0.3912507554669, 0.3942539768596, 0, 0.3912409705675, 0.3940062556228
3.025, 0.1954491814468, -0.3259584550364, -0.2079671959293, -0.3254956529673, -0.03913845761995, 0.003216724859032, -0.001519540866296, 0.01823502402606, 0, 0, 1000, 0, -1000, 7509.139689262, 3591.363827263, 7520.733874757, 3607.02356038, 35.84507260699, 61.49696706119, 35.5876823663, 30.93863074676, -240.4772044017, 32.03490674309, 244.0675539807, 24.89012011511, 5390.333616838, 4007.117278762, 5406.936407838, 3895.2427882, 3, 0.6483539323516, -129.9568131159, -0.2644558816719, 129.0876537214, -1.586535273395, 10.23426508119, -1.457120525596, 10.61971042895, 0, 0, 0.01816248371287, -0, -0, -0, -0, -0, 0.01816264244002, 0.005914307114592, 0, 0, 0, 0, 0, -0.008107173115366, 0.005914307411744, -0.04377297460897, -0.008107172708031, 0.05275526988578, -0.008107172708031, 16.9526342969, 16.95710319472, 16.95253689772, 16.95706550465, 41.85077547238, -0.2009914769071, 0.2022648453608, 0, 1, 49.99230915846, 50, 49.99235773923, 0.0002412363192894, 0, 0, 0, 0, 0, 0, 0, 0, 41.85097350134, 38.90213639609, 41.85079013099, 38.90198175531, 41.85077547238, 38.90205908117, 41.85097458507, 38.90213640156, 0, 41.85079136011, 38.90198176078, -0.006749881242737, 0, -0.2077274756119, -0.005625564351328, 0.1954982693381, -0.005625564351328, 0.7855541256379, 0.7860694791494, -0.7888923868931, -0.7889305290258, -0.001662042459603, -0.001374756906504, 0.7858530411937, 0.7861252314142, 0, -0.789252610276, -0.7888747452273, -5.551115123126e-17, -5.551115123126e-17, -0, 5.551115123126e-17, 0.002767387441663, 0.3941291194938, 0.3912621694479, 0.3940176907194, 0, 0.3912290445036, 0.3942405482681
3.05, 0.208923799849, 0.3314811826841, -0.1944760047436, 0.3319642368149, 0.03507478239497, -0.002947485291513, 0.0007645793167711, 0.01869749543774, 0, 0, -1000, 0, 1000, 7507.758400366, 3598.26685936, 7522.556071082, 3599.517369682, 35.35343739339, 28.59831118506, 35.55975671272, 61.20647932259, -244.7663425108, -21.82610983251, 239.8027274561, -28.63070831957, 5396.598803047, 3929.114106177, 5400.971655583, 3972.972210572, 3, -0.2372621063775, 132.8804495702, 0.604370699527, -130.8923278318, -1.601313552156, 10.37776540659, -1.438261616273, 10.4621162289, 0, 0, 0.01835018148358, -0, -0, -0, -0, -0, 0.01835016786657, 0.006246709596216, 0, 0, 0, 0, 0, 0.003178251319321, 0.006246709916589, -0.0438873596197, 0.003178251156319, 0.05254901812239, 0.003178251156319, 17.09328272321, 17.09775920609, 17.09318106938, 17.09778479532, 42.19795004952, -0.2027156183994, 0.2005304097, 0, 1, 49.99416542642, 50, 49.99414061111, -8.891208603939e-05, 0, 0, 0, 0, 0, 0, 0, 0, 42.19815213155, 39.24932504813, 42.19796323288, 39.24914263345, 42.19795004952, 39.24923383826, 42.19815322778, 39.24932504559, 0, 42.19796444555, 39.24914263092, -0.006880395927973, 0, -0.2095819508476, -0.006635930839521, 0.1936332130585, -0.006635930839521, 0.7855172936859, 0.7861314345352, -0.7889296937518, -0.7888685573244, -0.001696262582469, -0.001390424125331, 0.7858169807554, 0.7861095693813, 0, -0.7892885197445, -0.788890417632, -0, -5.551115123126e-17, -0, -0, 0.002765049014277, 0.3941293954925, 0.3912496884034, 0.3941730788633, 0, 0.3912409277694, 0.3940857121216
3.075, 0.1948121729753, -0.3337004887633, -0.2085655576009, -0.3332143031783, -0.04007741428959, 0.002473946986901, -0.0005252019315081, 0.01867506820275, 0, 0, 1000, 0, -1000, 7509.587217356, 3594.240597415, 7521.17372687, 3602.985462585, 35.31055749356, 60.16046610784, 34.94067667981, 26.70310457081, -240.5792866287, 24.96683187336, 244.0182562594, 18.12856956301, 5390.318594528, 3962.517933321, 5407.530363065, 3938.781602218, 3, 0.6265631577637, -131.4865571593, -0.2772847972372, 134.3114506474, -1.582392350322, 10.30785798576, -1.453036694026, 10.51893769205, 0, 0, 0.01853821096489, -0, -0, -0, -0, -0, 0.01853822940795, 0.005958422903211, 0, 0, 0, 0, 0, -0.001720093169044, 0.005958423215094, -0.04368790649491, -0.001720093079009, 0.05265624392408, -0.001720093079009, 17.2339320913, 17.23848487679, 17.23383378571, 17.23844370787, 42.54513742134, -0.2002249329131, 0.20301063387, 0, 1, 49.99597839886, 50, 49.99592893157, -0.0002397686987563, 0, 0, 0, 0, 0, 0, 0, 0, 42.54533881704, 39.59650705331, 42.54515386769, 39.59633579548, 42.54513742134, 39.59642142568, 42.54533989517, 39.5965070546, 0, 42.54515509858, 39.59633579677, -0.006844917851387, 0, -0.2070557090466, -0.006230064066625, 0.1961487079506, -0.006230064066625, 0.785476258778, 0.786049055429, -0.7889712167426, -0.7889509359698, -0.001740052880549, -0.001439107974968, 0.7857745934589, 0.7860608870147, 0, -0.7893307628555, -0.7889391029647, -5.551115123126e-17, -0, -5.551115123126e-17, -0, 0.002762699109851, 0.3941301795679, 0.3912621998162, 0.3941065378038, 0, 0.3912278619483, 0.3941538213319
3.1, 0.2092748022535, 0.3376678710641, -0.194087566906, 0.3381704239341, 0.03611526705256, -0.002208874091885, -0.000178873437844, 0.01884458848217, 0, 0, -1000, 0, 1000, 7508.29724932, 3594.233246509, 7522.900981099, 3602.050940824, 34.59014159982, 24.27429638084, 35.06000878921, 59.5016400572, -244.60466366, -15.0433607944, 240.0239742253, -21.89489453369, 5397.538987297, 3972.199318796, 5400.644529646, 3931.659717942, 3, -0.2226532292362, 137.1287016978, 0.5567284332419, -132.36096307, -1.596205709844, 10.27940971053, -1.435162123315, 10.52729490529, 0, 0, 0.01872977168045, -0, -0, -0, -0, -0, 0.01872980867139, 0.006079628717163, 0, 0, 0, 0, 0, -0.002937770384085, 0.006079629042001, -0.04388291863926, -0.002937770227118, 0.0523703562978, -0.002937770227118, 17.37459059589, 17.37914689903, 17.37448651638, 17.37917462764, 42.89233722319, -0.203465647699, 0.1997597874237, 0, 1, 49.99773021721, 50, 49.99763013702, -0.0004783202820898, 0, 0, 0, 0, 0, 0, 0, 0, 42.89254436227, 39.94370760253, 42.89235055597, 39.9435344757, 42.89233722319, 39.94362104134, 42.89254546304, 39.94370760475, 0, 42.89235175883, 39.94353447792, -0.007020426195114, 0, -0.2104717220379, -0.006298054989486, 0.1927222705563, -0.006298054989486, 0.7854366578043, 0.7860075948678, -0.7890112859965, -0.7889923976874, -0.001777871083582, -0.001472193003178, 0.7857363130969, 0.7860278012041, 0, -0.789368892629, -0.7889721872104, -0, -0, -0, -0, 0.002760336353945, 0.3941276299234, 0.3912478155502, 0.394087251835, 0, 0.3912415805314, 0.3941680080119
3.125, 0.1945910181379, -0.3391380637353, -0.2087546299328, -0.338634711556, -0.0409949084964, 0.001843519776773, 0.0003134717255097, 0.01860409319593, 0, 0, 1000, 0, -1000, 7510.111814701, 3596.326248331, 7521.540440854, 3599.057345469, 34.81131584194, 58.48126798858, 34.15467690117, 22.5496091305, -240.6947958349, 19.22116030241, 243.9668079676, 12.17613410022, 5390.511885609, 3927.152298675, 5407.96817664, 3978.236162326, 3, 0.6178754651945, -132.94123831, -0.2897115929395, 137.8892116848, -1.577426929365, 10.36350616417, -1.449704919146, 10.42443790119, 0, 0, 0.0189292789264, -0, -0, -0, -0, -0, 0.01892926746938, 0.005918410569114, 0, 0, 0, 0, 0, 0.003701878130765, 0.005918410892111, -0.0436583029722, 0.003701877928735, 0.05250084840216, 0.003701877928735, 17.51524823114, 17.51988350749, 17.51514893982, 17.51983949205, 43.23954894487, -0.1996064406206, 0.2036082796636, 0, 1, 49.99943661767, 50, 49.99933314475, -0.0004765931063286, 0, 0, 0, 0, 0, 0, 0, 0, 43.23975392421, 40.29092575482, 43.23956716887, 40.29073981282, 43.23954894487, 40.29083278081, 43.23975499888, 40.29092575182, 0, 43.23956839926, 40.29073980981, -0.006940353368806, 0, -0.2065323644615, -0.006764249071014, 0.1966506105334, -0.006764249071014, 0.7853961190303, 0.7860189441637, -0.7890523229558, -0.7889810481476, -0.001820496490643, -0.001506516463115, 0.785694251272, 0.7859934764052, 0, -0.7894108071911, -0.7890065093314, -0, -0, -0, -0, 0.002757923625397, 0.3941261062879, 0.3912618149284, 0.3941769866301, 0, 0.3912269907838, 0.3940752259458
3.15, 0.2105569277837, 0.3393835543344, -0.1927714313792, 0.3398920167592, 0.03613419856653, -0.001548254552632, -0.001446523711834, 0.02054776583641, 0, 0, -1000, 0, 1000, 7508.848092044, 3590.373602642, 7523.246085199, 3604.654745333, 33.99477230033, 19.70146154739, 34.45328732439, 57.34592950649, -244.5800041033, -8.652269483103, 240.1106893014, -15.9621864052, 5398.022431323, 4012.708991363, 5400.840904283, 3889.429418765, 3, -0.2633141561928, 139.913856715, 0.5728650869597, -131.2877182924, -1.590966258939, 10.18401808846, -1.432055580794, 10.59393906485, 0, 0, 0.01913649004166, -0, -0, -0, -0, -0, 0.019136676057, 0.005978156851941, 0, 0, 0, 0, 0, -0.00893366160346, 0.00597815718538, -0.04379500404255, -0.008933661105164, 0.05227251885608, -0.008933661105164, 17.65591622038, 17.6605513219, 17.65580941215, 17.66058080362, 43.58677218033, -0.204541906737, 0.198662540206, 0, 1, 50.00106903813, 50, 50.00087277027, -0.0008706379799162, 0, 0, 0, 0, 0, 0, 0, 0, 43.58698485009, 40.63813860146, 43.58678555822, 40.63797455901, 43.58677218033, 40.63805658663, 43.58698595501, 40.63813860786, 0, 43.58678675111, 40.63797456541, -0.007163542307946, 0, -0.2116908158407, -0.005967581051667, 0.1914815681362, -0.005967581051667, 0.7853555788988, 0.7858837363187, -0.7890933343099, -0.7891162742839, -0.001860034728931, -0.001554815626205, 0.7856546331055, 0.7859451705297, 0, -0.7894502725368, -0.7890548017821, -0, -0, -0, -0, 0.002755487972101, 0.3941293394221, 0.3912468529739, 0.3940065510046, 0, 0.3912411899571, 0.3942521278395
3.175, 0.1932929367564, -0.3400120265601, -0.210011615093, -0.339504948614, -0.0409863243447, 0.001124221022524, 0.001668119493366, 0.02014084806554, 0, 0, 1000, 0, -1000, 7510.567620824, 3599.234074156, 7521.991822549, 3594.908704162, 34.10842609114, 56.02969748363, 33.55765378461, 17.09422988226, -240.9487294175, 12.94085528226, 243.7774507846, 5.359905422693, 5390.305129279, 3881.098127221, 5408.831790118, 4021.699671042, 3, 0.5750364396639, -131.8819884606, -0.2860186089104, 140.1796488393, -1.573172874942, 10.43726247354, -1.445478637724, 10.32206464988, 0, 0, 0.01935237163024, -0, -0, -0, -0, -0, 0.01935243124922, 0.005998342421488, 0, 0, 0, 0, 0, 0.01018892737446, 0.005998342763644, -0.04357252560239, 0.01018892679326, 0.05239767295864, 0.01018892679326, 17.79658106778, 17.80129827104, 17.7964812732, 17.80125127208, 43.93400658577, -0.1984002017059, 0.2047932575776, 0, 1, 50.00267269736, 50, 50.0024776551, -0.000951000465509, 0, 0, 0, 0, 0, 0, 0, 0, 43.93421492465, 40.98539263285, 43.93402724607, 40.9851899391, 43.93400658577, 40.98529127696, 43.93421599144, 40.98539262383, 0, 43.93402848085, 40.98518993008, -0.007034951308109, 0, -0.2054204303875, -0.007373648598966, 0.1977406385431, -0.007373648598966, 0.7853156108765, 0.7859967436268, -0.7891338179137, -0.789003268234, -0.001900908899816, -0.001573350333148, 0.7856131576989, 0.7859266306937, 0, -0.789491596054, -0.78907333136, -0, -0, -0, -0, 0.002753031060028, 0.39412868122, 0.3912622272394, 0.3942687225961, 0, 0.3912252710839, 0.3939886398439
3.2, 0.2111332822794, 0.3409577459368, -0.1921527719792, 0.3414722035521, 0.03651789308325, -0.0009273715483367, -0.002556762827765, 0.02101161255089, 0, 0, -1000, 0, 1000, 7509.341779477, 3586.115934328, 7523.663737612, 3606.701962474, 33.32845837675, 14.28845654032, 33.7208467058, 55.12780388959, -244.4381839636, -2.779665511447, 240.3184239441, -10.49771955298, 5398.721368541, 4055.625407219, 5400.716224548, 3852.747683598, 3, -0.2710236715704, 141.8083050881, 0.5401971173338, -131.3610490211, -1.58630800762, 10.08298163882, -1.428174400251, 10.64898436735, 0, 0, 0.01955652855526, -0, -0, -0, -0, -0, 0.01955695123263, 0.005887764130039, 0, 0, 0, 0, 0, -0.01470187534651, 0.005887764473011, -0.04371524432723, -0.01470187449006, 0.0521617864576, -0.01470187449006, 17.93725813751, 17.9419713863, 17.93714885153, 17.94200231366, 44.2812520521, -0.2053910397082, 0.19779194368, 0, 1, 50.00420786008, 50, 50.0039572121, -0.001203213807696, 0, 0, 0, 0, 0, 0, 0, 0, 44.28147010818, 41.33261408224, 44.28126580208, 41.33245876107, 44.2812520521, 41.33253643163, 44.28147121623, 41.33261409221, 0, 44.28126698616, 41.33245877105, -0.007302550059046, 0, -0.2126786635205, -0.005650315614247, 0.1904716185146, -0.005650315614247, 0.7852729706079, 0.785760103816, -0.7891769370693, -0.7892399403756, -0.001943625001335, -0.001638787815881, 0.7855714790942, 0.7858611824297, 0, -0.7895331194171, -0.7891387580615, -0, -0, -0, -0, 0.002750648085647, 0.3941231213969, 0.391245461085, 0.3939210519577, 0, 0.3912414390121, 0.394325190836
3.225, 0.1923925990838, -0.3391052065243, -0.2108719013008, -0.3385999724347, -0.04066516756441, 0.0005889020157305, 0.0030177460073, 0.02204764740693, 0, 0, 1000, 0, -1000, 7511.051201601, 3601.386727152, 7522.405373102, 3590.864519635, 33.03295567613, 53.84847056761, 33.32076524364, 12.61775075738, -241.0494793845, 8.00707570518, 243.7366822893, 0.356110983187, 5390.636828695, 3844.511089727, 5409.080990736, 4062.40628752, 3, 0.59354225234, -130.0076866141, -0.3416550099921, 141.6895054652, -1.568617231643, 10.49441408136, -1.4416398598, 10.22440783835, 0, 0, 0.01975872674497, -0, -0, -0, -0, -0, 0.01975894330235, 0.005968051667472, 0, 0, 0, 0, 0, 0.01579014182761, 0.005968052022347, -0.04354706169514, 0.01579014088867, 0.05223527051274, 0.01579014088867, 18.07792996993, 18.08272743817, 18.07782922794, 18.08267801745, 44.62850791315, -0.197755874245, 0.2054162912825, 0, 1, 50.00569235187, 50, 50.00541165948, -0.001312439710819, 0, 0, 0, 0, 0, 0, 0, 0, 44.62871987582, 41.67990170559, 44.6285305229, 41.6796840328, 44.62850791315, 41.67979285418, 44.62872093912, 41.67990169057, 0, 44.62853175715, 41.6796840178, -0.007127325533997, 0, -0.204868177505, -0.007918559780577, 0.1982709828533, -0.007918559780577, 0.7852325373841, 0.7859650080506, -0.7892178737966, -0.7890350367181, -0.001984206077262, -0.001643631104989, 0.7855299098274, 0.7858563314689, 0, -0.7895745425681, -0.7891435936789, 5.551115123126e-17, -0, -0, -0, 0.002748257061705, 0.3941245693188, 0.391261566616, 0.3943415964, 0, 0.391224775681, 0.3939075422376
3.25, 0.2124628866524, 0.3356851216977, -0.1907741913586, 0.3361845342988, 0.03539531242049, -0.0003603727325339, -0.004247640391937, 0.0243653835289, 0, 0, -1000, 0, 1000, 7509.91473624, 3582.213689903, 7523.987067926, 3609.162509079, 33.74874679097, 11.64185773971, 31.94465315757, 52.56963815052, -244.1950796319, 2.303069070407, 240.625871574, -5.45130726987, 5399.457451322, 4096.055679383, 5400.641651017, 3811.418986131, 3, -0.3247173155158, 141.9462209249, 0.5420178922919, -127.1881038407, -1.580811936857, 9.987235302452, -1.425275637588, 10.71185997929, 0, 0, 0.01998734778818, -0, -0, -0, -0, -0, 0.01998810699404, 0.005733182868278, 0, 0, 0, 0, 0, -0.02062667615982, 0.005733183217122, -0.04370164415469, -0.02062667490466, 0.05198792717298, -0.02062667490466, 18.2186150258, 18.22340570088, 18.21850356029, 18.22343794406, 44.9757735992, -0.2058483217079, 0.1973134663232, 0, 1, 50.00711425212, 50, 50.00675233782, -0.00170104123483, 0, 0, 0, 0, 0, 0, 0, 0, 44.9759968428, 42.02713194908, 44.97578806678, 42.02698560022, 44.9757735992, 42.02705878784, 44.9759979536, 42.02713196225, 0, 44.9757892431, 42.02698561342, -0.007439961538897, 0, -0.21327303405, -0.005323918156188, 0.1898553980651, -0.005323918156188, 0.7851881325092, 0.7856335051005, -0.7892627546107, -0.7893665901621, -0.002029406292191, -0.001724656547585, 0.7854865469972, 0.7857752890218, 0, -0.7896177499229, -0.7892246021169, -0, -0, -0, -0, 0.002745793604243, 0.3941240036779, 0.3912439948559, 0.3938405010137, 0, 0.3912415886439, 0.394407506342
3.275, 0.1908880297056, -0.3340686446282, -0.2123313106135, -0.33357730063, -0.03978750338145, -1.160802488927e-05, 0.004558679647774, 0.0244748193346, 0, 0, 1000, 0, -1000, 7511.564650832, 3603.753471421, 7522.79328657, 3586.760202739, 31.62249285329, 51.72066812528, 33.36764521126, 12.09082534748, -241.392470202, 3.083898400513, 243.4570692256, -5.40607810431, 5390.588207403, 3804.827587589, 5409.761150618, 4103.137454218, 3, 0.574996409898, -126.7655954654, -0.37185187418, 141.3146992684, -1.563736714562, 10.55558251144, -1.438057790865, 10.12560422168, 0, 0, 0.02019820623431, -0, -0, -0, -0, -0, 0.0201986783695, 0.005976098660267, 0, 0, 0, 0, 0, 0.02161752557519, 0.005976099031604, -0.04350281293655, 0.02161752423188, 0.05209065199971, 0.02161752423188, 18.3592932075, 18.36417032665, 18.35919181667, 18.36411857788, 45.32304916146, -0.196864641579, 0.2062865476079, 0, 1, 50.00849359072, 50, 50.00813140691, -0.001768719762832, 0, 0, 0, 0, 0, 0, 0, 0, 45.32326478433, 42.37445121436, 45.32307412841, 42.37421811372, 45.32304916146, 42.37433464203, 45.32326584241, 42.37445119233, 0, 45.32307536406, 42.37421809173, -0.007220827674235, 0, -0.2040701290984, -0.008479797978303, 0.1990473880093, -0.008479797978303, 0.7851484404071, 0.7859339897277, -0.7893029575446, -0.7890661051258, -0.002068382182962, -0.001714759313188, 0.7854455107746, 0.7857851760106, 0, -0.7896586375951, -0.7892146946369, -0, -0, -5.551115123126e-17, 5.551115123126e-17, 0.002743398643736, 0.3941235127427, 0.3912616637006, 0.3944206341026, 0, 0.3912234216805, 0.3938263913827
3.3, 0.2140476709739, 0.331551312685, -0.1891473249176, 0.3320394324121, 0.03480757725266, 0.0002588454620839, -0.005584644182339, 0.02615946860687, 0, 0, -1000, 0, 1000, 7510.442381164, 3578.141848772, 7524.355790712, 3611.013321677, 33.3573672312, 11.84292560555, 31.05437223403, 51.09742182382, -244.0061061275, 9.053765893634, 240.8692633267, -0.9774483230245, 5399.905720824, 4136.499742804, 5400.741899122, 3777.148814983, 3, -0.3621047363292, 141.5381256221, 0.539075641726, -124.7096817199, -1.575777779716, 9.89092146645, -1.421890005695, 10.76194543073, 0, 0, 0.02040906736181, -0, -0, -0, -0, -0, 0.020410219499, 0.005644477535766, 0, 0, 0, 0, 0, -0.02604096808566, 0.005644477893858, -0.04358598860212, -0.0260409664334, 0.05191524206294, -0.0260409664334, 18.49998623378, 18.50485322401, 18.49987191703, 18.50488641276, 45.67033412422, -0.2070835821013, 0.1960577291899, 0, 1, 50.00980696143, 50, 50.00938597544, -0.002033683936098, 0, 0, 0, 0, 0, 0, 0, 0, 45.67056303482, 42.72168832286, 45.67034870034, 42.72155001004, 45.67033412422, 42.72161918218, 45.6705641498, 42.72168833858, 0, 45.6703498664, 42.72155002579, -0.007575765342871, 0, -0.2146438186161, -0.005031581069506, 0.1884635004225, -0.005031581069506, 0.7851029589128, 0.7855099199928, -0.7893489122339, -0.7894902366086, -0.002115775803942, -0.001811031499993, 0.7854005829469, 0.7856888841262, 0, -0.7897034110694, -0.7893109471262, -5.551115123126e-17, -0, -0, 5.551115123126e-17, 0.002741039196069, 0.3941178392159, 0.3912431024906, 0.3937599200021, 0, 0.3912413893966, 0.3944757584298
3.325, 0.1892161690792, -0.3258645791002, -0.2139618614139, -0.3253963802769, -0.03818293808887, -0.0007245662906262, 0.006316030968804, 0.02843543137188, 0, 0, 1000, 0, -1000, 7512.065106664, 3606.262035003, 7523.166158215, 3582.661922111, 31.25791510673, 50.53881338069, 32.66417993103, 11.6843108601, -241.6045143885, -1.669114172685, 243.2895017044, -13.69239991513, 5390.849801992, 3764.600948482, 5410.085461527, 4144.986385428, 3, 0.5888870967801, -121.4512508972, -0.4292397977485, 140.1886098726, -1.55898455507, 10.6201190782, -1.43462971761, 10.02555842402, 0, 0, 0.02060219759384, -0, -0, -0, -0, -0, 0.02060303007176, 0.005936800567494, 0, 0, 0, 0, 0, 0.02756526889623, 0.005936800951293, -0.04354314149629, 0.02756526711406, 0.0518682005168, 0.02756526711406, 18.64066956125, 18.64562532951, 18.64056806171, 18.64557149789, 46.01762810375, -0.1953088959885, 0.2078232212505, 0, 1, 50.01106602449, 50, 50.01059610601, -0.002249835715822, 0, 0, 0, 0, 0, 0, 0, 0, 46.01784659401, 43.06903821297, 46.01765572346, 43.0687894834, 46.01762810375, 43.06891381824, 46.01784764545, 43.069038183, 0, 46.01765696279, 43.06878945348, -0.007308111778624, 0, -0.2026013470007, -0.009048351116768, 0.2004964908047, -0.009048351116768, 0.7850621240337, 0.7859021642999, -0.7893902242064, -0.7890979983361, -0.002154539833703, -0.001787530907212, 0.7853594694263, 0.7857123681347, 0, -0.7897443847209, -0.7892874299491, -0, -0, -0, -5.551115123126e-17, 0.002738726741348, 0.3941218793542, 0.3912611423868, 0.3945007492674, 0, 0.391222777021, 0.3937430094409
3.35, 0.2145272074301, 0.319251542724, -0.1886132568582, 0.3197048383721, 0.03278287387005, 0.001051245904808, -0.007519931101345, 0.0310077085766, 0, 0, -1000, 0, 1000, 7511.019794855, 3574.112140185, 7524.651279227, 3613.529133489, 34.03460963446, 10.37200567133, 29.04747608621, 49.78522649296, -243.6136109666, 18.14124693357, 241.3159270555, 4.018288189318, 5400.838592778, 4178.413426343, 5400.41825185, 3735.490736433, 3, -0.4186143639781, 138.73704305, 0.5290475440163, -117.7727146175, -1.570213178285, 9.793581489631, -1.419265542771, 10.82564979047, 0, 0, 0.02082180251989, -0, -0, -0, -0, -0, 0.02082348516113, 0.005446637883029, 0, 0, 0, 0, 0, -0.03209713502025, 0.005446638242687, -0.0436467963796, -0.03209713290044, 0.05167279412754, -0.03209713290044, 18.78136956193, 18.78631268632, 18.78125363764, 18.78634686845, 46.3649304532, -0.2069945579032, 0.1961268680302, 0, 1, 50.01228119461, 50, 50.01174658149, -0.002631347709313, 0, 0, 0, 0, 0, 0, 0, 0, 46.36516393683, 43.41628047303, 46.36494610371, 43.41615150191, 46.3649304532, 43.41621600555, 46.36516505358, 43.41628049109, 0, 46.36494726394, 43.41615152001, -0.007707000288475, 0, -0.2146856944215, -0.004691746042728, 0.1884011183426, -0.004691746042728, 0.7850146489714, 0.7853790068739, -0.7894381685383, -0.7896212349827, -0.002204821371216, -0.001900329116982, 0.7853126868109, 0.7855995446743, 0, -0.7897910124217, -0.7894002029082, -0, -0, 5.551115123126e-17, -0, 0.002736339625568, 0.3941175634939, 0.3912412438644, 0.3936764055055, 0, 0.3912420356086, 0.3945587214824
3.375, 0.1892193028525, -0.3153714638146, -0.2139041496713, -0.3149321430105, -0.03658323223025, -0.001430777355655, 0.00790057227636, 0.03204375601328, 0, 0, 1000, 0, -1000, 7512.61082471, 3608.024493379, 7523.497891096, 3578.54081712, 27.81224473667, 49.5674976046, 34.52066891542, 9.529140482056, -242.0276676124, -6.130872524629, 242.9239345381, -21.74990925269, 5390.935198178, 3732.490006942, 5410.554020621, 4184.838280173, 3, 0.5985911742661, -116.028511837, -0.5071719201317, 137.4802345994, -1.553743298031, 10.66844368715, -1.431616161682, 9.928958888442, 0, 0, 0.02101187491323, -0, -0, -0, -0, -0, 0.02101310618856, 0.005879783784151, 0, 0, 0, 0, 0, 0.03278017560405, 0.005879784179532, -0.0434155210146, 0.03278017339951, 0.05181117261416, 0.03278017339951, 18.92205928171, 18.92709184514, 18.92195538282, 18.92703603388, 46.71224131286, -0.1966246682022, 0.2064860539695, 0, 1, 50.01344625472, 50, 50.01289614777, -0.002735351037702, 0, 0, 0, 0, 0, 0, 0, 0, 46.71246479353, 43.76365832536, 46.71226956726, 43.7633954838, 46.71224131286, 43.76352686695, 46.71246584915, 43.76365828769, 0, 46.71227079641, 43.76339544622, -0.007397604127447, 0, -0.2040063477241, -0.009561720435386, 0.1990694813657, -0.009561720435386, 0.7849755564034, 0.7858628786804, -0.7894777570781, -0.789137357155, -0.002242149189239, -0.001862720617007, 0.7852720301526, 0.7856371395334, 0, -0.789831527388, -0.7893625807674, -0, 5.551115123126e-17, -5.551115123126e-17, -0, 0.002734049407314, 0.394114150352, 0.3912609729363, 0.3945646963672, 0, 0.3912218439891, 0.3936636043369
3.4, 0.2145040854469, 0.2918155479352, -0.1885328030878, 0.2921939589384, 0.02731671386867, 0.001669903952488, -0.01047032991964, 0.04316003669728, 0, 0, -1000, 0, 1000, 7511.596055253, 3570.326278877, 7524.947881728, 3614.886962724, 35.20365934945, 8.609585867732, 25.84179500892, 46.25594660143, -243.3985561472, 25.18024090847, 241.6012276457, 8.135216422679, 5401.168895231, 4215.511406048, 5400.65583664, 3707.195223971, 3, -0.8157836331317, 132.1346108684, 0.7652255688351, -101.2456036656, -1.564646424716, 9.70474305375, -1.416619022283, 10.86413551464, 0, 0, 0.02123099698513, -0, -0, -0, -0, -0, 0.02123316628477, 0.005339465381435, 0, 0, 0, 0, 0, -0.03683598289822, 0.005339465748011, -0.04374584363163, -0.03683598036877, 0.05138959693219, -0.03683598036877, 19.06276375487, 19.06778284295, 19.06264779851, 19.06781780206, 47.05955972857, -0.2049181484916, 0.1981819037389, 0, 1, 50.01455081966, 50, 50.01374798637, -0.0039890832206, 0, 0, 0, 0, 0, 0, 0, 0, 47.05979633467, 44.11090607694, 47.0595778721, 44.11078386008, 47.05955972857, 44.11084498817, 47.05979744378, 44.11090609657, 0, 47.05957903778, 44.11078387976, -0.007833823798527, 0, -0.2127357609559, -0.00444603734511, 0.1903290668786, -0.00444603734511, 0.7849253996984, 0.7852580598382, -0.7895283817826, -0.789742260919, -0.002293959952108, -0.001988724371451, 0.7852241134077, 0.7855111105081, 0, -0.7898792914118, -0.789488559251, -0, -0, -0, -0, 0.002731669178202, 0.3941087764893, 0.3912405853758, 0.3936024855759, 0, 0.3912415640716, 0.3946150674027
3.425, 0.1894166646462, -0.2856226710737, -0.2136037216385, -0.2852624302217, -0.0307488716891, -0.002155507195993, 0.01103736099665, 0.04462271387813, 0, 0, 1000, 0, -1000, 7513.017311691, 3609.913282142, 7523.963441544, 3574.654979133, 25.77012852982, 46.68741205338, 34.60706088744, 7.512917430698, -242.4608503719, -11.06309883146, 242.5664382566, -29.67252403502, 5390.769988467, 3698.225611291, 5411.331151822, 4223.697400943, 3, 0.7739285122877, -98.77039169208, -0.8492410168082, 129.9280699283, -1.549953264415, 10.71860721818, -1.427193474688, 9.835857199287, 0, 0, 0.02143123560572, -0, -0, -0, -0, -0, 0.02143294302573, 0.005967230327509, 0, 0, 0, 0, 0, 0.03807919240362, 0.005967230744947, -0.04317723018037, 0.03807918973936, 0.05186707689128, 0.03807918973936, 19.20346004916, 19.20856843442, 19.20335363027, 19.20851066613, 47.40688573463, -0.1979939268373, 0.2050964882778, 0, 1, 50.01561284965, 50, 50.01479822802, -0.004099678142706, 0, 0, 0, 0, 0, 0, 0, 0, 47.40711433356, 44.45830987841, 47.40691461413, 44.45803296062, 47.40688573463, 44.45817137346, 47.40711539091, 44.4583098323, 0, 47.40691583544, 44.45803291463, -0.007490510762273, 0, -0.2054682847022, -0.01007378867704, 0.1975866095234, -0.01007378867704, 0.7848891596335, 0.785823677364, -0.7895651043491, -0.7891766461331, -0.00232941296299, -0.001938412479246, 0.7851840063755, 0.7855614014283, 0, -0.7899192550075, -0.7894382263868, -0, 5.551115123126e-17, -0, -0, 0.002729335429394, 0.3941095513944, 0.3912613032689, 0.3946329295553, 0, 0.3912202955742, 0.3935861732334
3.45, 0.2138373629214, 0.2771536729097, -0.1891612655289, 0.2774958633028, 0.02516533735159, 0.002469950083256, -0.01236609805325, 0.0476300982405, 0, 0, -1000, 0, 1000, 7512.035776286, 3566.227698143, 7525.365743162, 3617.122509775, 33.48057883369, 5.836964944384, 26.52039229389, 47.45811915972, -243.1541148489, 33.91154911724, 241.903017187, 13.90660849399, 5401.835891957, 4256.657118701, 5400.581174472, 3669.93625482, 3, -0.8447851067851, 127.4473392885, 0.7506631412205, -94.46832618452, -1.560505003675, 9.607879503471, -1.412694942177, 10.92168732611, 0, 0, 0.02162695882029, -0, -0, -0, -0, -0, 0.02162979620677, 0.005274913647133, 0, 0, 0, 0, 0, -0.04251770755387, 0.005274914022911, -0.04364650158618, -0.04251770452417, 0.05131261835657, -0.04251770452417, 19.34416952103, 19.34926294632, 19.34405122554, 19.34929832566, 47.7542189968, -0.2059352351379, 0.1971472384842, 0, 1, 50.01661103825, 50, 50.01574760484, -0.004344643196331, 0, 0, 0, 0, 0, 0, 0, 0, 47.75446077202, 44.8055607294, 47.75423736604, 44.80544734644, 47.7542189968, 44.80550405897, 47.75446188458, 44.80556075042, 0, 47.75423852284, 44.80544736753, -0.007964250100602, 0, -0.2138830098417, -0.004124674776881, 0.1891636493874, -0.004124674776881, 0.7848361481107, 0.7851278927953, -0.7896185458842, -0.7898725367792, -0.002384165421321, -0.002079866981539, 0.7851341824394, 0.7854199141501, 0, -0.7899689300285, -0.7895796481132, -5.551115123126e-17, -0, -5.551115123126e-17, 5.551115123126e-17, 0.00272704818738, 0.3941048781681, 0.3912392572148, 0.3935204949985, 0, 0.391241713272, 0.3946892613378
3.475, 0.1899201693016, -0.2744164060508, -0.2130750462231, -0.2740831232547, -0.02927310451783, -0.002888462010859, 0.01262002333631, 0.04771027443567, 0, 0, 1000, 0, -1000, 7513.492117789, 3611.907551408, 7524.339151654, 3570.721365212, 26.76950924513, 48.69222685084, 32.81673369998, 4.770620397073, -242.6172921892, -16.62841077941, 242.4562583495, -37.62629892038, 5391.116593972, 3664.387771933, 5411.545083184, 4262.444217828, 3, 0.750543157399, -93.89107444806, -0.8368637937705, 126.204277026, -1.545439034926, 10.77128325139, -1.423708605872, 9.742746902529, 0, 0, 0.02181705680513, -0, -0, -0, -0, -0, 0.02181932100758, 0.005923920107698, 0, 0, 0, 0, 0, 0.04333915918532, 0.005923920537162, -0.04320654738973, 0.04333915604273, 0.05166263204154, 0.04333915604273, 19.48486968153, 19.49005362646, 19.48476284301, 19.48999460646, 48.10155902564, -0.1966444835575, 0.2064286705247, 0, 1, 50.01756564995, 50, 50.01672280634, -0.004204734401152, 0, 0, 0, 0, 0, 0, 0, 0, 48.10179053281, 45.15298983157, 48.10159025, 45.15269884372, 48.10155902564, 45.15284428257, 48.10179158437, 45.15298977641, 0, 48.10159147417, 45.15269878873, -0.00757581829191, 0, -0.2042038476756, -0.01058563231011, 0.1988332133616, -0.01058563231011, 0.7847987859998, 0.7857819285196, -0.7896563853591, -0.789218495174, -0.002419738377127, -0.002016388448357, 0.7850938324445, 0.7854833728243, 0, -0.7900091396488, -0.789516149721, -0, -0, -0, -0, 0.002724779307559, 0.3941046362692, 0.3912606126689, 0.3947003098497, 0, 0.3912198706775, 0.3935089626887
3.5, 0.2132989408149, 0.2623617173742, -0.1896605945944, 0.2626688671887, 0.02273889760722, 0.003124334040661, -0.01026025482016, 0.03010723065198, 0, 0, -1000, 0, 638.3065784885, 7512.550855582, 3562.703738684, 7525.714312292, 3618.544130608, 31.715867631, 3.459775522014, 27.22480411481, 48.32969333456, -243.0133157473, 40.80013787977, 242.1011520707, 18.98670638735, 5402.259247635, 4290.278194002, 5400.771023312, 3640.987357166, 3, -0.9095892152611, 123.0075124552, 0.7713863294884, -87.0257930203, -1.555561975642, 9.524329897862, -1.409487443577, 10.96051943214, 0, 0, 0.02206151198014, -0, -0, -0, -0, -0, 0.02206494444573, 0.005192548666959, 0, 0, 0, 0, 0, -0.04705194336699, 0.005192549051884, -0.04356327578294, -0.04705193987793, 0.05121687827739, -0.04705193987793, 19.62558449753, 19.63075144164, 19.62546405941, 19.63078701533, 48.44890494592, -0.2067412865903, 0.1963229405543, 0, 1, 50.01846638397, 50, 50.01752982983, -0.004610462228931, 0, 0, 0, 0, 0, 0, 0, 0, 48.44915195837, 45.50024324586, 48.44892400344, 45.50013625726, 48.44890494592, 45.50018977355, 48.44915307364, 45.50024326781, 0, 48.44892515229, 45.50013627928, -0.008089866345209, 0, -0.2148143794317, -0.003892059305434, 0.1882133830915, -0.003892059305434, 0.7847452843828, 0.7850055831769, -0.7897103377831, -0.78999494427, -0.002475966694412, -0.002171040948486, 0.785042749756, 0.7853286916944, 0, -0.790060067855, -0.7896707735913, 5.551115123126e-17, 5.551115123126e-17, -0, -0, 0.002722364020651, 0.3941002002281, 0.3912384143095, 0.3934534964254, 0, 0.3912413356722, 0.3947469040308
3.525, 0.190759495255, -0.2414719494446, -0.2121303969688, -0.2412139478233, -0.02308043824293, -0.003558195002753, 0.01232899082719, 0.04109128501378, 0, 0, 686.5787085378, 0, -1000, 7513.876191588, 3612.959253445, 7524.834579169, 3567.235357967, 26.99947627565, 46.30073561545, 30.63052114246, 3.093994720637, -242.9303909178, -22.05896115096, 242.2346486834, -44.2561323567, 5390.945952799, 3638.65322702, 5412.299707883, 4293.999054333, 3, 0.9432733417371, -76.01506569856, -1.199153842044, 116.676232033, -1.541862442738, 10.8015845402, -1.418951226152, 9.661906788265, 0, 0, 0.02228717167507, -0, -0, -0, -0, -0, 0.02228992087432, 0.00603250626869, 0, 0, 0, 0, 0, 0.0474907282224, 0.006032506725076, -0.04300236784444, 0.04749072462862, 0.05168271811236, 0.04749072462862, 19.76628879547, 19.7715470259, 19.76618003522, 19.7714865932, 48.79625708653, -0.1971482826558, 0.2059053843227, 0, 1, 50.01933596669, 50, 50.01826071945, -0.005451191169403, 0, 0, 0, 0, 0, 0, 0, 0, 48.79649354241, 45.84769357575, 48.79628978124, 45.84739088184, 48.79625708653, 45.84754216601, 48.7964945921, 45.84769351286, 0, 48.79629100203, 45.84739081917, -0.007676242221039, 0, -0.2048077959874, -0.01101147771317, 0.1982090724086, -0.01101147771317, 0.7847093001438, 0.7857306939078, -0.789746828367, -0.7892698180375, -0.002509738029247, -0.002096218626153, 0.785002952543, 0.7854034963145, 0, -0.7900997184623, -0.7895959335668, -0, -0, -0, -0, 0.002720032692472, 0.3940988165332, 0.3912609536404, 0.3947515511967, 0, 0.391218367318, 0.3934460818696
3.55, 0.2119255789785, 0.2039762996343, -0.1908411888212, 0.2041613086204, 0.01096787779488, 0.003717537495365, -0.0155428843089, 0.05702661841069, 0, 0, -1000, 0, 667.7237511115, 7513.08277587, 3559.292829882, 7526.061995665, 3618.446938865, 28.99341023337, 3.04788805385, 26.79912111966, 40.68918050374, -242.8621028223, 46.13367988357, 242.3818268711, 24.37375439675, 5402.763554166, 4318.893967248, 5400.723720663, 3627.832874964, 3, -1.778810262979, 106.6978666281, 1.296182612387, -53.76671882754, -1.550420601051, 9.449543119658, -1.406273348987, 10.9661077888, 0, 0, 0.02252418380348, -0, -0, -0, -0, -0, 0.02252804154053, 0.005089382925271, 0, 0, 0, 0, 0, -0.05007889325414, 0.005089383318539, -0.04368643173118, -0.05007888938311, 0.0509069326203, -0.05007888938311, 19.90700655, 19.91224781907, 19.90688649215, 19.91228341955, 49.14361501711, -0.2042589987548, 0.1987843872176, 0, 1, 50.02015488836, 50, 50.01873950682, -0.007277977821695, 0, 0, 0, 0, 0, 0, 0, 0, 49.14386508808, 46.19495057835, 49.14363734837, 46.19484690507, 49.14361501711, 46.19489876438, 49.14386619417, 46.19495060099, 0, 49.1436385045, 46.19484692778, -0.008204743479755, 0, -0.2124465694474, -0.003771453431165, 0.1905596614996, -0.003771453431165, 0.7846514912237, 0.7848938408477, -0.7898051071198, -0.7901067573499, -0.002569482122507, -0.002262011707203, 0.7849497968289, 0.785237685782, 0, -0.7901527207916, -0.7897617091964, -0, -0, -0, -0, 0.002717733099372, 0.3940847828938, 0.3912374090748, 0.3933964752959, 0, 0.3912414317867, 0.3947730904917
3.575, 0.1917478170685, -0.1844085562727, -0.2109562300494, -0.1842590611127, -0.01146136562944, -0.004072604287462, 0.01734020711446, 0.06704793716442, 0, 0, 698.5129140219, 0, -1000, 7514.233073129, 3612.539586256, 7525.329362037, 3564.053286699, 26.63729184998, 38.13557500158, 27.98572913385, 2.92683423614, -243.0722809284, -27.15726799805, 242.2117503562, -48.66313326727, 5391.283742759, 3630.066694713, 5412.414828729, 4320.200219586, 3, 1.49468540929, -42.8587622591, -2.08210276903, 101.2526291414, -1.538557076739, 10.800042886, -1.414185350462, 9.591891069333, 0, 0, 0.0227282919317, -0, -0, -0, -0, -0, 0.02273136101299, 0.006062589361186, 0, 0, 0, 0, 0, 0.05001167564077, 0.006062589838184, -0.04275741811008, 0.05001167170484, 0.05174723011256, 0.05001167170484, 20.04771653442, 20.05304714667, 20.04760438042, 20.05298557398, 49.49097859565, -0.1995986380349, 0.2034348151494, 0, 1, 50.02092248112, 50, 50.01935979864, -0.008017799652504, 0, 0, 0, 0, 0, 0, 0, 0, 49.49122120115, 46.54241792553, 49.49101118547, 46.54210681933, 49.49097859565, 46.54226230448, 49.49122225788, 46.54241785746, 0, 49.4910123919, 46.5421067515, -0.007781623103828, 0, -0.2073632989292, -0.01131750198443, 0.1956326991726, -0.01131750198443, 0.7846181159826, 0.7856642598593, -0.7898389543955, -0.7893363094104, -0.002602226976206, -0.002180005907387, 0.7849100951327, 0.7853196787318, 0, -0.7901922848268, -0.7896796905466, -0, -0, -0, -0, 0.002715547914551, 0.3940812573307, 0.3912602820041, 0.3947686410578, 0, 0.3912181375961, 0.3933938736037
3.6, 0.2109476552772, 0.1658465007603, -0.1916930605069, 0.1659684262195, 0.003462842407992, 0.004200536049889, -0.01678952454807, 0.06114318818152, 0, 0, -1000, 0, 481.286854755, 7513.670898394, 3556.513380515, 7526.320312503, 3618.083826916, 27.03621502039, 2.372935021356, 26.36981719384, 35.14776378067, -242.7412869405, 50.24850556268, 242.6015931544, 29.00115377796, 5403.22100165, 4341.088041246, 5400.835958718, 3617.749960605, 3, -2.310398931804, 96.01984259723, 1.616161975825, -32.18775633693, -1.544681666722, 9.387285551709, -1.403989814609, 10.96412912808, 0, 0, 0.02300248836886, -0, -0, -0, -0, -0, 0.02300668678313, 0.004943114602827, 0, 0, 0, 0, 0, -0.05241789788195, 0.004943115001186, -0.043789872938, -0.05241789365611, 0.0506245450003, -0.05241789365611, 20.18843615894, 20.19375050006, 20.18831582971, 20.19378608562, 49.83834656167, -0.2026530249945, 0.2003701968756, 0, 1, 50.02164632996, 50, 50.01994004123, -0.008700117582743, 0, 0, 0, 0, 0, 0, 0, 0, 49.83860037213, 46.88968056423, 49.83837169808, 46.88957865951, 49.83834656167, 46.8896296352, 49.83860147304, 46.88968058751, 0, 49.83837285669, 46.88957868288, -0.008317190959689, 0, -0.2109526380162, -0.003707116062379, 0.1920327124917, -0.003707116062379, 0.784556211949, 0.7847861311998, -0.7899013209496, -0.7902145246236, -0.002664872360479, -0.002353673352756, 0.7848552232177, 0.785145995439, 0, -0.7902470061347, -0.7898533421445, -0, 5.551115123126e-17, -0, -0, 0.00271315647433, 0.394072705601, 0.3912364972859, 0.3933522496469, 0, 0.3912412099135, 0.3947931615551
3.625, 0.1926566427752, -0.1623241163652, -0.2099755491259, -0.1622082398514, -0.007866892716059, -0.004607967868429, 0.01349221785369, 0.04061336067798, 0, 0, 174.6304610561, 0, -1000, 7514.587553543, 3612.572349121, 7525.824479837, 3561.18580304, 26.12380454439, 35.79181869885, 26.62355740166, 1.503499426059, -243.3570262466, -31.90614464026, 242.0073242083, -53.49655183164, 5391.222960674, 3615.637315949, 5413.030343787, 4342.493130809, 3, 1.588952863604, -32.50474426615, -2.278418121043, 93.6184241133, -1.535269297475, 10.80646132665, -1.409409969323, 9.527932470395, 0, 0, 0.02322380731541, -0, -0, -0, -0, -0, 0.02322722799746, 0.006163647468023, 0, 0, 0, 0, 0, 0.05267281628531, 0.006163647974348, -0.04255122935309, 0.05267281195712, 0.05177391072326, 0.05267281195712, 20.32915027585, 20.33455355784, 20.32903600804, 20.33449082723, 50.18571975114, -0.2003317282427, 0.2026815529023, 0, 1, 50.02232742697, 50, 50.02068660623, -0.008451220064885, 0, 0, 0, 0, 0, 0, 0, 0, 50.18596776156, 47.23716328958, 50.18575371578, 47.23684349315, 50.18571975114, 47.23700331781, 50.18596881747, 47.23716321589, 0, 50.1857549175, 47.23684341973, -0.007891430900473, 0, -0.2082059111966, -0.01163363688495, 0.1947691716564, -0.01163363688495, 0.7845257159515, 0.7855981271203, -0.7899322903226, -0.7894025059597, -0.002695212935851, -0.002264466713957, 0.7848162871676, 0.7852351842796, 0, -0.7902858018394, -0.7897641177075, -0, -5.551115123126e-17, -0, -5.551115123126e-17, 0.00271096595369, 0.3940734087289, 0.3912604041321, 0.394797368398, 0, 0.3912169113064, 0.3933494490599
3.65, 0.2100976794694, 0.16057113898, -0.1925254418301, 0.1606860436138, 0.003787144762293, 0.004730505729722, -0.0073264129942, 0.001426308115714, 0, 0, -1000, 0, -428.5938193596, 7514.187195818, 3553.400523173, 7526.633641914, 3618.015942361, 26.31804812981, 0.1939610871352, 25.81621393243, 36.2439958663, -242.5619129014, 55.39527736684, 242.8303518098, 33.41943367594, 5403.554346597, 4366.560776768, 5400.894593243, 3604.935155231, 3, -2.209834673244, 91.90315649865, 1.520670713245, -33.02442014051, -1.539688172696, 9.31913405772, -1.401120223614, 10.9695688003, 0, 0, 0.02345034857534, -0, -0, -0, -0, -0, 0.02345497553103, 0.00484554311202, 0, 0, 0, 0, 0, -0.05519246675767, 0.00484554351787, -0.04375839756885, -0.05519246213306, 0.0504803037118, -0.05519246213306, 20.46987275234, 20.47525922119, 20.46975079627, 20.47529442414, 50.53309752429, -0.2027780488408, 0.2002255755302, 0, 1, 50.02296321776, 50, 50.02138098187, -0.008167468319694, 0, 0, 0, 0, 0, 0, 0, 0, 50.53335608955, 47.5844293796, 50.53312403718, 47.58433022086, 50.53309752429, 47.58437982413, 50.53335719092, 47.58442940346, 0, 50.53312519091, 47.5843302448, -0.008433012359341, 0, -0.2111931548039, -0.00360722212159, 0.1917719333683, -0.00360722212159, 0.7844606755489, 0.7846737620679, -0.7899977746834, -0.7903269655542, -0.002761106979847, -0.002447007418336, 0.7847594713819, 0.7850526256493, 0, -0.7903424748324, -0.789946640486, -0, 5.551115123126e-17, -0, 5.551115123126e-17, 0.002708836488246, 0.3940600801862, 0.3912358334166, 0.3933014892816, 0, 0.3912410939807, 0.3948186710907
3.675, 0.1933250890265, -0.1582377046041, -0.2092910352124, -0.1581271270284, -0.008231357793057, -0.005051561333502, 0.004086536782272, -0.01805358337547, 0, 0, -727.8898362212, 0, -1000, 7514.9443117, 3612.19484733, 7526.263786248, 3558.159750579, 25.62264859309, 36.6475709883, 25.96960191787, -0.5235097121178, -243.4792915992, -35.6652462065, 241.9264056188, -57.88217944868, 5391.616634653, 3607.50816955, 5413.003558088, 4367.378138144, 3, 1.518516246122, -33.10191788978, -2.200888520702, 90.53226362243, -1.531948441665, 10.80538405518, -1.405210673052, 9.461136599196, 0, 0, 0.02363872286504, -0, -0, -0, -0, -0, 0.02364248273259, 0.006165447647971, 0, 0, 0, 0, 0, 0.05506524060108, 0.006165448172703, -0.04248607163705, 0.05506523591307, 0.05167054747665, 0.05506523591307, 20.61058959889, 20.61606474632, 20.61047392914, 20.61600104931, 50.88047974636, -0.2002078131098, 0.2027866738749, 0, 1, 50.02354923942, 50, 50.02201068555, -0.007884449879276, 0, 0, 0, 0, 0, 0, 0, 0, 50.88073196447, 47.93192607036, 50.88051518623, 47.93159808665, 50.88047974636, 47.93176199964, 50.88073301866, 47.93192599134, 0, 50.88051638555, 47.93159800793, -0.007996642222549, 0, -0.208186926742, -0.01193147535736, 0.1947687496096, -0.01193147535736, 0.784430465726, 0.7855277804751, -0.7900284208542, -0.7894729127532, -0.00279077690821, -0.002351282194067, 0.784720591416, 0.7851483370417, 0, -0.7903812266566, -0.7898509014299, -0, -5.551115123126e-17, -0, -0, 0.002706842348019, 0.3940567041614, 0.3912596202514, 0.3948135464101, 0, 0.3912169653015, 0.3932998619128
3.7, 0.2094547133591, 0.1571352274619, -0.1931575523764, 0.15724573544, 0.004224449971467, 0.005142804172723, -0.001437419422532, -0.03634202568736, 0, 0, -1000, 0, -1000, 7514.744015509, 3550.828327056, 7526.860614293, 3617.722952766, 25.67574511467, -1.658166696541, 25.33931190646, 37.01860624424, -242.4248529356, 59.42594402908, 243.0144830091, 36.82624278492, 5403.910914889, 4387.145611235, 5401.036221759, 3595.249476335, 3, -2.102920150241, 89.22248242335, 1.430310593034, -33.71439209762, -1.534261351022, 9.261469230545, -1.39914960489, 10.96831143933, 0, 0, 0.0238930198234, -0, -0, -0, -0, -0, 0.02389799509884, 0.004703843080945, 0, 0, 0, 0, 0, -0.05738606857328, 0.004703843489941, -0.04376332684796, -0.05738606358152, 0.05031024278245, -0.05738606358152, 20.75131465703, 20.75677228938, 20.75119111089, 20.75680723212, 51.2278651439, -0.2028978654509, 0.2000871923298, 0, 1, 50.02409620043, 50, 50.02261693217, -0.00748506374708, 0, 0, 0, 0, 0, 0, 0, 0, 51.22812838606, 48.279195689, 51.22789303887, 48.27909798735, 51.2278651439, 48.27914686266, 51.22812948876, 48.27919571343, 0, 51.22789418721, 48.27909801188, -0.00854550796501, 0, -0.2114251279586, -0.003554215664717, 0.191520735641, -0.003554215664717, 0.784363362923, 0.7845645681021, -0.7900959493747, -0.7904362188516, -0.002859152225531, -0.002541155109179, 0.7846621918676, 0.7849584483838, 0, -0.7904394880357, -0.7900407586022, -0, -0, -0, -0, 0.002704643481727, 0.3940492096372, 0.3912351230957, 0.3932604688626, 0, 0.3912408128737, 0.3948379504118
3.725, 0.1940357305159, -0.1525916878345, -0.2085716182047, -0.1524883073325, -0.008462755144079, -0.005532497673885, 0.001478505426788, -0.03760035170797, 0, 0, -1000, 0, -1000, 7515.295600352, 3612.331149847, 7526.698763075, 3555.5950185, 25.20386507117, 37.59871271845, 25.21005150814, -2.381412852544, -243.7292110057, -39.61008774582, 241.7285582882, -62.53892851946, 5391.637959197, 3593.337018077, 5413.491308417, 4386.891240355, 3, 1.408733573091, -33.72355198727, -2.069525657919, 86.29262066469, -1.528677656751, 10.81325047171, -1.401051289661, 9.403737132365, 0, 0, 0.02409821752378, -0, -0, -0, -0, -0, 0.02410233470495, 0.006232281907151, 0, 0, 0, 0, 0, 0.05750622463409, 0.006232282458392, -0.04237181500162, 0.05750621954596, 0.05161919074292, 0.05750621954596, 20.89203364242, 20.89758041723, 20.89191664041, 20.89751585365, 51.5752545019, -0.1999502799078, 0.2030256173746, 0, 1, 50.02460296446, 50, 50.02319534305, -0.007202487113078, 0, 0, 0, 0, 0, 0, 0, 0, 51.5755111852, 48.6267050723, 51.57529176263, 48.62636884198, 51.5752545019, 48.62653687271, 51.57551223581, 48.6267049877, 0, 51.57529296156, 48.62636875771, -0.008105229688941, 0, -0.2080376888521, -0.01223147226414, 0.1948987137514, -0.01223147226414, 0.7843346057544, 0.7854569615866, -0.7901251445683, -0.78954379582, -0.002886845697366, -0.00243891590755, 0.7846239511888, 0.7850606695002, 0, -0.7904775988296, -0.7899385013153, 5.551115123126e-17, 5.551115123126e-17, -0, 5.551115123126e-17, 0.002702622251614, 0.3940513670039, 0.3912595783501, 0.3948417592575, 0, 0.3912159940038, 0.3932609747504
3.75, 0.2088422888649, 0.1495952143378, -0.1937603687992, 0.1496959506211, 0.004223465180361, 0.005646241284593, -0.001855905571912, -0.03895122840944, 0, 0, -1000, 0, -1000, 7515.230486737, 3548.037287246, 7527.144489706, 3617.728105091, 24.84000959528, -3.550163234112, 25.00833735058, 38.03427860108, -242.2897954577, 64.35390773568, 243.1932727136, 41.05629208233, 5404.14303444, 4409.695691695, 5401.157973685, 3582.827884904, 3, -1.995600984761, 83.8434268571, 1.340977992529, -33.92345982995, -1.529564879591, 9.200341013763, -1.396574395854, 10.97448072774, 0, 0, 0.0243080333753, -0, -0, -0, -0, -0, 0.02431343319826, 0.00461761383738, 0, 0, 0, 0, 0, -0.05992034723074, 0.004617614252947, -0.04371437539182, -0.05992034183574, 0.0501965649748, -0.05992034183574, 21.03276109588, 21.03828969976, 21.03263576542, 21.03832389385, 51.92264725916, -0.2032612158877, 0.1997056939857, 0, 1, 50.02506939225, 50, 50.02373025921, -0.006883060117715, 0, 0, 0, 0, 0, 0, 0, 0, 51.92291518025, 48.97397616301, 51.92267615767, 48.97388073648, 51.92264725916, 48.97392847471, 51.92291628421, 48.97397618792, 0, 51.92267730044, 48.9738807615, -0.008660087304307, 0, -0.211902762411, -0.003471450307919, 0.1910243420503, -0.003471450307919, 0.7842653606476, 0.7844515178119, -0.7901948006572, -0.7905493405964, -0.002957900809331, -0.002636822289821, 0.7845638549753, 0.7848627456154, 0, -0.7905375628778, -0.790136390195, -0, -0, -0, -0, 0.002700657053309, 0.3940391036639, 0.3912346609614, 0.3932155306015, 0, 0.3912405710209, 0.3948626767263
3.775, 0.1944931028784, -0.1465553822732, -0.2081045649237, -0.1464595778581, -0.008525976191227, -0.005959804818298, 0.001869292441258, -0.03962895245207, 0, 0, -1000, 0, -1000, 7515.640990025, 3612.020999683, 7527.093552431, 3552.806261323, 24.89235636451, 38.42288021115, 24.46741212964, -4.181780741486, -243.8237089328, -43.24195307442, 241.6698744669, -66.79357729919, 5392.052700867, 3585.601266973, 5413.395015436, 4409.781953825, 3, 1.336792269811, -33.79020248471, -1.980497388664, 82.12388707279, -1.525459715182, 10.81301849397, -1.397305024605, 9.342029524892, 0, 0, 0.02448013206229, -0, -0, -0, -0, -0, 0.02448459464372, 0.006215403727908, 0, 0, 0, 0, 0, 0.05972562084423, 0.006215404295219, -0.04234055910337, 0.05972561539077, 0.05149418705873, 0.05972561539077, 21.17348173668, 21.17909908237, 21.17336352977, 21.17903381427, 52.27004330023, -0.1996038269858, 0.2033546319622, 0, 1, 50.02548842449, 50, 50.02419657665, -0.006583104834526, 0, 0, 0, 0, 0, 0, 0, 0, 52.27030378744, 49.32149661868, 52.27008198885, 49.32115259025, 52.27004330023, 49.32132451475, 52.27030483603, 49.32149652878, 0, 52.27008318626, 49.32115250072, -0.008208668639762, 0, -0.2077944064255, -0.01251515333191, 0.1951239992609, -0.01251515333191, 0.7842363971478, 0.7853823837827, -0.7902241696188, -0.7896184343544, -0.002985270878908, -0.002528772221982, 0.7845255285382, 0.7849707811365, 0, -0.7905757705267, -0.7900283255805, -0, -0, 5.551115123126e-17, 5.551115123126e-17, 0.002698824757338, 0.3940362568125, 0.3912587523294, 0.394857153465, 0, 0.3912161865904, 0.3932153601601
3.8, 0.2084113293187, 0.144408725702, -0.1941862590468, 0.1445030488923, 0.004419083939478, 0.006042744819617, -0.002194523520519, -0.04088844220005, 0, 0, -1000, 0, -1000, 7515.750823225, 3545.696130802, 7527.352681705, 3617.509894831, 24.13395852747, -5.188163272248, 24.69995015307, 38.80021894087, -242.1798140557, 68.26847441885, 243.3442113125, 44.34086694831, 5404.423963317, 4428.389687256, 5401.321923761, 3573.500952615, 3, -1.880792592537, 80.20560041183, 1.251493118866, -34.12606084252, -1.524505092486, 9.147739786569, -1.394786153681, 10.97416937176, 0, 0, 0.02471560384119, -0, -0, -0, -0, -0, 0.02472135119902, 0.004489146250957, 0, 0, 0, 0, 0, -0.0619509288807, 0.004489146668625, -0.04370203110311, -0.06195092311414, 0.05005587573239, -0.06195092311414, 21.31421106197, 21.31980966308, 21.31408401068, 21.31984333882, 52.61744139262, -0.2035912182538, 0.1993584638738, 0, 1, 50.02587302702, 50, 50.02464882136, -0.006147711391951, 0, 0, 0, 0, 0, 0, 0, 0, 52.61771387287, 49.66876927387, 52.61747131186, 49.66867502093, 52.61744139262, 49.66872217289, 52.6177149788, 49.66876929931, 0, 52.6174724487, 49.66867504648, -0.008770874103665, 0, -0.2123432469595, -0.003428757306343, 0.1905660289166, -0.003428757306343, 0.7841656093678, 0.7843410019959, -0.7902953508936, -0.7906599158477, -0.003058422121285, -0.002733413036045, 0.7844640189698, 0.7847661252222, 0, -0.7906371521559, -0.7902329512943, -0, -0, -0, -0, 0.002696791752951, 0.394029759073, 0.3912341014066, 0.3931782767673, 0, 0.3912402452677, 0.3948812413787
3.825, 0.1948441618893, -0.1387712471919, -0.2077517589486, -0.138684823693, -0.008430406050565, -0.006418204363299, 0.002291362496872, -0.04224012913318, 0, 0, -1000, 0, -1000, 7515.979226273, 3612.237351021, 7527.486299376, 3550.543420452, 24.54691193222, 39.35500793246, 23.74833073397, -5.714490871775, -244.0439887509, -46.99811859903, 241.497229511, -71.26935522637, 5392.1152943, 3571.829686628, 5413.79349578, 4426.631779503, 3, 1.232168095624, -33.80333338038, -1.843189647372, 76.71877028056, -1.522309919219, 10.82185304097, -1.39357495893, 9.29115165714, 0, 0, 0.02490440739486, -0, -0, -0, -0, -0, 0.02490922366107, 0.006262304937044, 0, 0, 0, 0, 0, 0.06194465033439, 0.006262305528621, -0.04226685728724, 0.06194464448044, 0.05141448674696, 0.06194464448044, 21.45493280238, 21.46062055731, 21.45481349421, 21.46055474794, 52.96484229935, -0.199079912983, 0.2038612691904, 0, 1, 50.0262200106, 50, 50.02507377031, -0.005829425743204, 0, 0, 0, 0, 0, 0, 0, 0, 52.96510679609, 50.01629984371, 52.96488278329, 50.01594807497, 52.96484229935, 50.0161238642, 52.96510784076, 50.01629974836, 0, 52.96488398129, 50.01594798003, -0.008315060870648, 0, -0.2073766036812, -0.01279673151305, 0.1955238984322, -0.01279673151305, 0.7841375378389, 0.7853069097764, -0.7903238289165, -0.7896939714179, -0.003084205407289, -0.002619535214497, 0.7844261658568, 0.7848799849057, 0, -0.7906748849123, -0.7901190553347, -0, -0, -0, 5.551115123126e-17, 0.002694927514988, 0.3940331746294, 0.391258628013, 0.3948845706387, 0, 0.3912153932939, 0.3931817786201
3.85, 0.2083618778155, 0.134391349802, -0.1942335158148, 0.1344736053832, 0.004035544449326, 0.006519086797414, -0.002736452650313, -0.04375282902067, 0, 0, -1000, 0, -1000, 7516.200285373, 3543.2477715, 7527.618426219, 3617.577749667, 23.48476524086, -6.656583050306, 24.30425879361, 39.77489739969, -242.0586840526, 72.95924095098, 243.5032244001, 48.33269396456, 5404.55875588, 4447.803061171, 5401.494771251, 3561.706849836, 3, -1.770587680564, 73.47844055727, 1.171891215647, -33.61396542626, -1.520181484844, 9.094084017431, -1.392387304897, 10.98078045543, 0, 0, 0.02509607779114, -0, -0, -0, -0, -0, 0.02510223152493, 0.004419939813961, 0, 0, 0, 0, 0, -0.06421242872179, 0.004419940237949, -0.04362081663367, -0.06421242255912, 0.04998662555839, -0.06421242255912, 21.59566390296, 21.60133242278, 21.59553486268, 21.60136498483, 53.31224553085, -0.204271930062, 0.1986609075463, 0, 1, 50.02653141506, 50, 50.02546349053, -0.005470733120676, 0, 0, 0, 0, 0, 0, 0, 0, 53.31252264296, 50.36357228323, 53.31227602949, 50.36347980984, 53.31224553085, 50.36352607246, 53.31252375096, 50.3635723091, 0, 53.31227715993, 50.36347983582, -0.008882931645826, 0, -0.2131357625205, -0.003364020084894, 0.1897561132363, -0.003364020084894, 0.7840653041303, 0.7842275252242, -0.7903964415457, -0.790773461169, -0.003159588021996, -0.002831379992401, 0.7843631589578, 0.7846681240966, 0, -0.7907377696562, -0.7903308840815, -0, -0, -0, -0, 0.002693125873638, 0.3940221530392, 0.3912338333182, 0.3931395876459, 0, 0.391239901363, 0.3949047184325
3.875, 0.1947805812573, -0.1305112085104, -0.2078124191863, -0.1304343462583, -0.008146430060872, -0.006823677139418, 0.002797308695118, -0.04450710674061, 0, 0, -1000, 0, -1000, 7516.304945276, 3611.980166495, 7527.845163784, 3548.043286178, 24.17040571678, 40.16722825948, 23.18867814793, -7.155098665138, -244.1264444602, -50.43189799617, 241.4422669806, -75.32779478644, 5392.553348115, 3564.738440853, 5413.620358605, 4447.026162681, 3, 1.165016440863, -33.22337760857, -1.748687035891, 71.34136988421, -1.519282576222, 10.82202470974, -1.39019231115, 9.235753992115, 0, 0, 0.02525053220101, -0, -0, -0, -0, -0, 0.02525568380043, 0.006232675934131, 0, 0, 0, 0, 0, 0.06393644053026, 0.006232676539389, -0.04227377000425, 0.06393643431883, 0.05126340689607, 0.06393643431883, 21.73638625694, 21.74214342913, 21.73626600201, 21.74207723587, 53.65965098444, -0.1984466555345, 0.2044784331219, 0, 1, 50.02679832635, 50, 50.02578180246, -0.005151740446202, 0, 0, 0, 0, 0, 0, 0, 0, 53.65991880681, 50.71111119518, 53.65969288573, 50.71075216181, 53.65965098444, 50.71093157827, 53.65991984896, 50.71111109473, 0, 53.65969408335, 50.71075206181, -0.008416361444921, 0, -0.2068443890305, -0.01306100577826, 0.1960395182909, -0.01306100577826, 0.784036388292, 0.7852276614984, -0.7904257321914, -0.789773278203, -0.003185407578223, -0.002712495848977, 0.7843250628806, 0.7847869933785, 0, -0.7907757569184, -0.7902119850764, -0, -0, -0, -0, 0.002691460328455, 0.3940199094534, 0.3912577553612, 0.3948986815376, 0, 0.3912157391128, 0.3931411373692
3.9, 0.2084434481443, 0.1272473358369, -0.1941525607929, 0.127321520037, 0.003921614781273, 0.006898762485093, -0.003185510110858, -0.04594510467702, 0, 0, -1000, 0, -1000, 7516.678434742, 3541.158508553, 7527.811810872, 3617.422209234, 22.95197237565, -7.997060099707, 23.93720537998, 40.55306163984, -241.9500853318, 76.72639467849, 243.6452786434, 51.45901698149, 5404.755994261, 4464.457568627, 5401.685348283, 3552.934513513, 3, -1.650874981859, 68.77997265076, 1.086522298912, -33.24582240679, -1.515549206291, 9.046898607669, -1.390741342283, 10.98120083712, 0, 0, 0.02546603365944, -0, -0, -0, -0, -0, 0.02547252370683, 0.004309063616569, 0, 0, 0, 0, 0, -0.06605502562408, 0.004309064042197, -0.0435800151589, -0.06605501909617, 0.04988688185731, -0.06605501909617, 21.87711866881, 21.88285612595, 21.87698771298, 21.88288789277, 54.00705746961, -0.2048827397707, 0.1980342439001, 0, 1, 50.02703554919, 50, 50.02609510274, -0.004677887365821, 0, 0, 0, 0, 0, 0, 0, 0, 54.00733905533, 51.05838349867, 54.0070885615, 51.05829188163, 54.00705746961, 51.05833771657, 54.00734016602, 51.05838352503, 0, 54.00708968531, 51.05829190811, -0.008991558325171, 0, -0.2138549363359, -0.003332867431664, 0.1890205446162, -0.003332867431664, 0.7839632269388, 0.7841158978271, -0.7904992526638, -0.7908851461961, -0.003262522006627, -0.002930373749, 0.78426080285, 0.7845691015751, 0, -0.7908398993696, -0.7904298490731, -0, -0, -0, -5.551115123126e-17, 0.002689602179979, 0.3940142878714, 0.3912334406252, 0.3931063969856, 0, 0.3912395223212, 0.3949221787572
3.925, 0.1942584337882, -0.1203773443016, -0.2083407467246, -0.1203114489003, -0.007657584252519, -0.00726457226876, 0.003365771578537, -0.04756421706747, 0, 0, -1000, 0, -1000, 7516.621814401, 3612.269030507, 7528.200780026, 3546.103218346, 23.73185480133, 41.12416912117, 22.6793766625, -8.404560127734, -244.3848743504, -53.97618294038, 241.2227326107, -79.60212715428, 5392.64298493, 3551.507010427, 5413.940140303, 4461.132407835, 3, 1.067812333451, -32.55185069856, -1.606417673139, 64.65775498979, -1.516341749707, 10.83156888522, -1.386839586511, 9.191782884148, 0, 0, 0.02563678119099, -0, -0, -0, -0, -0, 0.02564227159635, 0.006267050523665, 0, 0, 0, 0, 0, 0.06591750892875, 0.006267051151022, -0.04224815229074, 0.06591750232731, 0.05114805379706, 0.06591750232731, 22.01784102139, 22.02366761172, 22.01772013199, 22.02360126662, 54.35446572981, -0.1974716365053, 0.2054374834779, 0, 1, 50.02723867831, 50, 50.02638380202, -0.004314351194802, 0, 0, 0, 0, 0, 0, 0, 0, 54.35473693385, 51.4059301749, 54.35450953667, 51.40556395106, 54.35446572981, 51.40574695757, 54.35473797098, 51.40593006925, 0, 54.35451073681, 51.40556384589, -0.008520876566183, 0, -0.2059736120948, -0.0133225822208, 0.1968937604066, -0.0133225822208, 0.7839345233873, 0.7851474533378, -0.7905283333856, -0.7898535464187, -0.00328711807174, -0.002806356728789, 0.7842230229246, 0.7846931008156, 0, -0.7908775698994, -0.7903058142732, -0, -0, -0, -5.551115123126e-17, 0.002687907570022, 0.3940190226863, 0.3912575769309, 0.3949250234786, 0, 0.3912151028017, 0.3931130218941
3.95, 0.2094753272546, 0.1144412413087, -0.1931263841358, 0.1145018142491, 0.003040780415318, 0.007354291578787, -0.003911007505491, -0.04944362044361, 0, 0, -1000, 0, -1000, 7517.083105598, 3539.095379556, 7528.062740498, 3617.553263488, 22.69082426884, -9.124901042019, 23.28080430382, 41.53394554134, -241.7322874481, 81.12532028372, 243.8935164879, 55.16733662607, 5404.79815927, 4480.325620911, 5401.90223993, 3541.919890888, 3, -1.537560304225, 60.53797992551, 1.018527231472, -31.90662263777, -1.51168085583, 9.001626774011, -1.388484747885, 10.98813288473, 0, 0, 0.02580875480578, -0, -0, -0, -0, -0, 0.02581561658143, 0.004259954130054, 0, 0, 0, 0, 0, -0.06800312149767, 0.004259954562233, -0.04345893349602, -0.06800311459497, 0.04986981263491, -0.06800311459497, 22.15857491475, 22.16438133476, 22.15844152163, 22.16441151479, 54.70187534325, -0.2059928229696, 0.1969086509725, 0, 1, 50.02741057042, 50, 50.02664457187, -0.003910817430512, 0, 0, 0, 0, 0, 0, 0, 0, 54.70216161277, 51.753200924, 54.70190645054, 51.75311051129, 54.70187534325, 51.75315574449, 54.7021627267, 51.75320095078, 0, 54.70190756662, 51.7531105382, -0.009100946955377, 0, -0.2150742028044, -0.003289055985906, 0.1877852725501, -0.003289055985906, 0.7838606919942, 0.7840023234719, -0.790602510467, -0.7909987832691, -0.003366063962875, -0.003030588446896, 0.7841574410404, 0.7844688555879, 0, -0.7909430402657, -0.7905300324817, -5.551115123126e-17, -5.551115123126e-17, 5.551115123126e-17, -0, 0.002686283319954, 0.3940094381089, 0.3912333572592, 0.3930747717055, 0, 0.3912390903678, 0.3949441045124
3.975, 0.1933544256405, -0.1095694739026, -0.209249767374, -0.1095144704203, -0.006936072129789, -0.007649854870636, 0.004046480644406, -0.05041026435728, 0, 0, -1000, 0, -1000, 7516.922550534, 3612.051239839, 7528.52397707, 3543.939766681, 23.02965186925, 41.94361979299, 22.57127123466, -9.496456550062, -244.5395391666, -57.15581549129, 241.0905042651, -83.38788034784, 5393.108752834, 3545.314224586, 5413.684354532, 4478.55392555, 3, 1.009453906759, -31.20356576257, -1.508713667242, 57.90281760382, -1.513561499349, 10.8317536656, -1.383818474887, 9.14379484211, 0, 0, 0.02594399536841, -0, -0, -0, -0, -0, 0.02594979379029, 0.006225942693636, 0, 0, 0, 0, 0, 0.06762875708771, 0.006225943331905, -0.04228867621686, 0.06762875015147, 0.0509758471854, 0.06762875015147, 22.29929676517, 22.30519176777, 22.29917526332, 22.30512545079, 55.0492862254, -0.1965939488264, 0.2063005374228, 0, 1, 50.02754095237, 50, 50.02683111536, -0.003570104306897, 0, 0, 0, 0, 0, 0, 0, 0, 55.04956026408, 52.10075329755, 55.0493314112, 52.10038044188, 55.0492862254, 52.10056675961, 55.04956129829, 52.10075318719, 0, 55.04933261193, 52.10038033204, -0.008620806044976, 0, -0.2051956095821, -0.01356383590594, 0.1976566890805, -0.01356383590594, 0.7838304666861, 0.7850631401663, -0.7906330807251, -0.7899379128557, -0.003391088063525, -0.00290245146137, 0.7841192422779, 0.7845969778943, 0, -0.7909811418579, -0.7904018808171, -0, -0, 5.551115123126e-17, -0, 0.002684799273253, 0.3940078249835, 0.3912566489025, 0.3949373459505, 0, 0.3912156133828, 0.3930783040165
4, 0.2102811235048, 0.1050555503253, -0.1923274461137, 0.1051070340648, 0.0025292630944, 0.007720023664038, -0.004532423201007, -0.05223582419432, 0, 0, -1000, 0, -1000, 7517.515505277, 3537.285833122, 7528.239747242, 3617.445625066, 22.63235708516, -10.16228954679, 22.56395224088, 42.33778416844, -241.5511657033, 84.68989512072, 244.1020113001, 58.09759983203, 5404.915680251, 4494.725773791, 5402.113599519, 3533.937400948, 3, -1.413079372268, 54.62710529918, 0.9390032189137, -30.86235524861, -1.507514282741, 8.960413462731, -1.386998663224, 10.98895436178, 0, 0, 0.02613794347444, -0, -0, -0, -0, -0, 0.02614511757634, 0.004167025549383, 0, 0, 0, 0, 0, -0.0696251152898, 0.004167025982987, -0.04339781358331, -0.0696251080409, 0.04980303945552, -0.0696251080409, 22.4400315384, 22.44590600654, 22.43989602787, 22.44593504686, 55.39669722732, -0.2067712830974, 0.1961159707189, 0, 1, 50.02764628597, 50, 50.02702169449, -0.003052270326981, 0, 0, 0, 0, 0, 0, 0, 0, 55.39698781341, 52.4480224665, 55.39672852975, 52.447932512, 55.39669722732, 52.4479775166, 55.39698893034, 52.44802249378, 0, 55.396729639, 52.44793253941, -0.009207741259616, 0, -0.2159592362976, -0.00327238698414, 0.1868855420423, -0.00327238698414, 0.7837562430286, 0.783889872531, -0.7907076296779, -0.7911112877866, -0.003471401520958, -0.00313191988103, 0.7840525745376, 0.7843674973917, 0, -0.7910477031759, -0.7906313371538, -0, -0, -0, -0, 0.002683130971103, 0.3940030326227, 0.39123312347, 0.3930460727985, 0, 0.3912386697295, 0.3949599924468
4.025, 0.1931672394979, -0.0959770867639, -0.2094552309273, -0.09593442605453, -0.005880295686699, -0.008059476968042, 0.004900096178001, -0.05438715251593, 0, 0, -1000, 0, -1000, 7517.206954732, 3612.355224147, 7528.846402513, 3542.435257731, 21.07704963949, 42.77131428135, 23.8020011791, -9.454367422418, -244.8789301277, -60.33199447585, 240.7741828996, -87.27407934012, 5393.180340272, 3533.459963429, 5413.972951847, 4488.820715645, 3, 0.9390812045449, -29.41633963113, -1.374726502476, 49.38260901385, -1.510946267174, 10.84045114278, -1.38080235817, 9.109233218298, 0, 0, 0.02628737306361, -0, -0, -0, -0, -0, 0.02629346105446, 0.006255374756399, 0, 0, 0, 0, 0, 0.06923179426825, 0.006255375414772, -0.04219707530921, 0.06923178697828, 0.05094132046179, 0.06923178697828, 22.58075309384, 22.586715937, 22.58062996705, 22.58664973955, 55.74410908998, -0.1968992511287, 0.2059813917419, 0, 1, 50.02771577453, 50, 50.02718770648, -0.002622394170531, 0, 0, 0, 0, 0, 0, 0, 0, 55.74438711328, 52.79558009106, 55.74415498939, 52.79520087678, 55.74410908998, 52.79539036929, 55.74438814731, 52.79557997616, 0, 55.74415618673, 52.79520076243, -0.008725084294771, 0, -0.2056049792155, -0.01379515060445, 0.1972329760596, -0.01379515060445, 0.7837263912922, 0.7849770861951, -0.7907378145926, -0.7900240179381, -0.003495483262094, -0.002999556555255, 0.784014541259, 0.7844998457268, 0, -0.791085639476, -0.7904989588373, -5.551115123126e-17, -0, -0, -0, 0.002681626458371, 0.3940093929629, 0.3912565067593, 0.3949609468023, 0, 0.3912150386976, 0.3930578391235
4.05, 0.2097610002725, 0.08776806699414, -0.1928662620601, 0.08780453191235, 0.0009271679702087, 0.008123966458821, -0.005655273467116, -0.05703069710803, 0, 0, -1000, 0, -1000, 7517.87995434, 3535.780885574, 7528.463312274, 3617.550263134, 25.11791035569, -9.176648366978, 19.44850214371, 43.04375672811, -241.2373954698, 88.49997947851, 244.4226046003, 61.27133665501, 5404.941167922, 4505.241089338, 5402.306025055, 3524.96767643, 3, -1.319130643408, 44.02366399104, 0.9140027352278, -28.03304806303, -1.504053372764, 8.927464000824, -1.385015568659, 10.99379566813, 0, 0, 0.02643794526472, -0, -0, -0, -0, -0, 0.0264454012212, 0.00412969359131, 0, 0, 0, 0, 0, -0.07103712961772, 0.004129694030951, -0.04344081467336, -0.07103712205095, 0.04963887868996, -0.07103712205095, 22.72148705646, 22.72743081074, 22.72135136079, 22.72745802445, 56.09152142419, -0.2052198849875, 0.1976540815044, 0, 1, 50.02775963711, 50, 50.02733345254, -0.002158567064937, 0, 0, 0, 0, 0, 0, 0, 0, 56.09181443891, 53.14284683033, 56.09155440169, 53.14275701008, 56.09152142419, 53.14280194806, 56.09181554947, 53.14284685811, 0, 56.09155551575, 53.14275703801, -0.00931385474209, 0, -0.2145137051167, -0.003267502948854, 0.1883173549116, -0.003267502948854, 0.7836500994528, 0.7837780957233, -0.7908144045421, -0.7912231122476, -0.003577409867163, -0.003234012497763, 0.7839467245739, 0.7842653809561, 0, -0.7911533567304, -0.7907334059516, -0, -0, -0, -0, 0.002680193356928, 0.3940014812715, 0.3912330724753, 0.3930251140808, 0, 0.3912382873846, 0.3949778484623
4.075, 0.1935767292947, -0.08138823263595, -0.2090626196015, -0.08135718758636, -0.004562560019607, -0.008401071677295, 0.00594443676593, -0.05849696377406, 0, 0, -1000, 0, -1000, 7517.474103943, 3612.107888112, 7529.136696605, 3540.725392982, 18.51674961384, 43.3985974745, 25.79370487052, -8.963945358076, -245.0759465514, -63.08408898935, 240.5771115211, -90.56992166791, 5393.627618223, 3529.086494157, 5413.686747324, 4502.017741251, 3, 0.9114573556249, -26.82282556534, -1.28947485728, 40.62593324623, -1.508503619243, 10.8388771571, -1.378113965955, 9.071346492698, 0, 0, 0.02655269296248, -0, -0, -0, -0, -0, 0.02655902296742, 0.006207725282925, 0, 0, 0, 0, 0, 0.07050506806649, 0.006207725949539, -0.042121822509, 0.07050506049172, 0.05090192750916, 0.07050506049172, 22.86220947109, 22.86823883553, 22.86208399055, 22.86817291758, 56.43893417639, -0.1981101656439, 0.2047576981315, 0, 1, 50.02776670547, 50, 50.02740343377, -0.001785551205149, 0, 0, 0, 0, 0, 0, 0, 0, 56.43921625123, 53.49040740742, 56.43897966164, 53.49002251196, 56.43893417639, 53.49021484121, 56.43921728999, 53.49040728865, 0, 56.43898085003, 53.49002239377, -0.008825164728268, 0, -0.2069158142527, -0.01400182159226, 0.195908984426, -0.01400182159226, 0.7836204456748, 0.7848864314471, -0.7908443575232, -0.7901147139894, -0.003602155015007, -0.003098977137489, 0.7839080810864, 0.7844004031148, 0, -0.7911919139675, -0.7905983573898, 5.551115123126e-17, -0, -0, -0, 0.002678901819468, 0.3940005938895, 0.3912556161457, 0.3949696481828, 0, 0.391215609065, 0.3930315395962
4.1, 0.2093944784226, 0.07497004475302, -0.1932493988263, 0.0749970619905, -0.0001361094471377, 0.008456224419299, -0.006639833748, -0.06116949662278, 0, 0, -1000, 0, -1000, 7518.269313213, 3534.347733664, 7528.616217868, 3617.434179935, 26.8492763505, -8.911616008837, 17.14538644596, 43.71437194596, -240.9922333263, 91.67892316871, 244.6676869562, 63.8668120675, 5405.032749862, 4516.347147277, 5402.486217573, 3518.545142391, 3, -1.201444270811, 36.29307076112, 0.8576887006207, -25.88336646792, -1.50032483151, 8.894536924933, -1.383769466941, 10.99356007412, 0, 0, 0.02672282302402, -0, -0, -0, -0, -0, 0.02673053237427, 0.004048642842581, 0, 0, 0, 0, 0, -0.07230736677528, 0.004048643282932, -0.04349124015426, -0.07230735890622, 0.04947731189145, -0.07230735890622, 23.00294206028, 23.00895388654, 23.00280579183, 23.00897971046, 56.78634625373, -0.2041982206595, 0.1986632079279, 0, 1, 50.02775320056, 50, 50.02748742223, -0.001206991847816, 0, 0, 0, 0, 0, 0, 0, 0, 56.78664195315, 53.83767172135, 56.78638044729, 53.83758165891, 56.78634625373, 53.83762671856, 56.78664306024, 53.83767174971, 0, 56.78638156305, 53.83758168742, -0.009418751772258, 0, -0.2135966989576, -0.003276313214292, 0.1892214132181, -0.003276313214292, 0.7835423909757, 0.7836659484745, -0.7909226930194, -0.7913353031615, -0.003685209460873, -0.003337452526196, 0.7838393602942, 0.7841619190813, 0, -0.7912605416441, -0.7908368241337, -0, -0, -0, -0, 0.0026774367013, 0.3939968054841, 0.39123288978, 0.3930029795774, 0, 0.3912379293898, 0.3949906313908
4.125, 0.1943142379548, -0.06778304632136, -0.2083406390772, -0.0677610708885, -0.003685262106183, -0.008823098624016, 0.00703806873524, -0.06402582958494, 0, 0, -1000, 0, -1000, 7517.757682284, 3612.563990037, 7529.399965795, 3539.289966327, 17.47475538034, 44.5868359762, 26.01195600098, -10.63995606427, -245.3820544652, -66.39295122993, 240.2961766667, -94.61905878942, 5393.679558086, 3516.509491232, 5413.936630686, 4512.289672765, 3, 0.7811009428562, -25.12893356304, -1.098146266896, 32.12564749951, -1.505885901557, 10.85079356291, -1.375708242246, 9.037932465948, 0, 0, 0.02686049098605, -0, -0, -0, -0, -0, 0.02686713580327, 0.006214555027885, 0, 0, 0, 0, 0, 0.07216085224929, 0.006214555710794, -0.04207075849824, 0.07216084431571, 0.05083970299463, 0.07216084431571, 23.14366427152, 23.14976055961, 23.14353735862, 23.14969535325, 57.13375826513, -0.1980318236742, 0.2048218529901, 0, 1, 50.02772161193, 50, 50.02754177664, -0.0008299899962096, 0, 0, 0, 0, 0, 0, 0, 0, 57.13404382782, 54.18523613419, 57.1338044933, 54.18484479335, 57.13375826513, 54.18504034047, 57.13404486544, 54.18523601058, 0, 57.13380568001, 54.18484467036, -0.008926557198823, 0, -0.2069386629052, -0.01423629289285, 0.195871503057, -0.01423629289285, 0.7835133933156, 0.784798102308, -0.7909520028685, -0.790203098207, -0.003709412080821, -0.003198722881987, 0.7838006799522, 0.7843006282427, 0, -0.7912991340054, -0.7906980740067, -5.551115123126e-17, -0, 5.551115123126e-17, -0, 0.002676090979861, 0.3940028755998, 0.391255512936, 0.394994687743, 0, 0.3912151116668, 0.3930110634566
4.15, 0.2083410775511, 0.05968720263775, -0.1943161081072, 0.05970486236005, -0.001200230843203, 0.008900275047543, -0.00796648018013, -0.06793882627214, 0, 0, -1000, 0, -1000, 7518.548186369, 3532.657991668, 7528.872691211, 3617.818445095, 25.00972131241, -12.10899911751, 18.01483728781, 45.18829728829, -240.8479175349, 96.0443028891, 244.8560679735, 67.51494507309, 5404.967343453, 4529.296414224, 5402.714796013, 3507.077042383, 3, -1.010551001585, 26.71519000801, 0.7227532747781, -23.95879689025, -1.497751769787, 8.857079286625, -1.381433685026, 11.00499251098, 0, 0, 0.02699752256921, -0, -0, -0, -0, -0, 0.0270056045364, 0.004057641649235, 0, 0, 0, 0, 0, -0.07407680973278, 0.004057642099684, -0.04333913354659, -0.07407680150439, 0.04951645878145, -0.07407680150439, 23.28439663023, 23.29047662724, 23.28425806962, 23.2904996397, 57.48116998623, -0.2055014956083, 0.1973443148716, 0, 1, 50.02766788387, 50, 50.02759638004, -0.0003376514605883, 0, 0, 0, 0, 0, 0, 0, 0, 57.48146997388, 54.53249657845, 57.48120369545, 54.5324074371, 57.48116998623, 54.53245203661, 57.4814710844, 54.53249660721, 0, 57.48120480366, 54.53240746601, -0.009528707910264, 0, -0.2150097937469, -0.003242805485474, 0.18779230862, -0.003242805485474, 0.7834351827257, 0.7835486721382, -0.7910304963442, -0.7914526416852, -0.003793281854019, -0.003442594218325, 0.7837311134929, 0.784056746348, 0, -0.7913686119118, -0.7909419347846, -0, -0, -0, 5.551115123126e-17, 0.002674821198212, 0.393995314676, 0.3912330208586, 0.3929771687422, 0, 0.3912374738235, 0.3950134606098
4.175, 0.1951930238966, -0.05271934590413, -0.207475038529, -0.05270565987852, -0.002337137453438, -0.00917922167508, 0.008425856423142, -0.07032412354931, 0, 0, -1000, 0, -1000, 7518.034796139, 3612.507966759, 7529.624789107, 3537.551456983, 18.40181758512, 45.74879414403, 24.33181368813, -12.7170157206, -245.457422875, -69.38668319365, 240.2507635189, -98.19657021102, 5394.15475765, 3510.757970776, 5413.567956939, 4526.25704056, 3, 0.7013308246297, -22.66727162526, -0.9593093769243, 22.96378736437, -1.503328561733, 10.85352280315, -1.373697571477, 8.99923259471, 0, 0, 0.02709711575901, -0, -0, -0, -0, -0, 0.02710404702149, 0.006136473627005, 0, 0, 0, 0, 0, 0.07358981257715, 0.006136474313267, -0.04215432015083, 0.07358980434315, 0.05065048263017, 0.07358980434315, 23.42511723461, 23.43127989955, 23.42498966933, 23.43121582364, 57.82858140327, -0.1969610839713, 0.2058782730606, 0, 1, 50.02757534755, 50, 50.02757385293, 7.029044283244e-05, 0, 0, 0, 0, 0, 0, 0, 0, 57.82886922136, 54.88006281015, 57.82862865422, 54.87966547909, 57.82858140327, 54.87986401696, 57.82887025613, 54.88006268216, 0, 57.82862984231, 54.87966535175, -0.009022926630102, 0, -0.2059640799187, -0.0144542060799, 0.1968314335455, -0.0144542060799, 0.7834036600792, 0.7847061110898, -0.7910622939876, -0.7902951378871, -0.003819030934858, -0.003300554274257, 0.7836915166506, 0.7841987711198, 0, -0.7914081337663, -0.7907998796683, -5.551115123126e-17, -0, -0, -0, 0.002673702152782, 0.3939946799932, 0.3912545659042, 0.3950061324157, 0, 0.3912158472206, 0.3929832275707
4.2, 0.2075436784499, 0.04459026308658, -0.1951377736908, 0.04460055446266, -0.002708733028162, 0.009239484121998, -0.009435465217805, -0.07472034570378, 0, 0, -1000, 0, -1000, 7518.868650904, 3531.262501147, 7529.03663888, 3617.863342583, 23.48683189873, -13.36866741565, 18.90136299494, 46.27044782508, -240.7353457879, 99.41407427544, 244.9969410486, 70.2659568202, 5404.986560143, 4540.593960755, 5402.904781999, 3499.770228341, 3, -0.8658650323431, 17.48831099268, 0.6519354250285, -21.43376987573, -1.494735427632, 8.824703568169, -1.380061438049, 11.00830472151, 0, 0, 0.02724907006584, -0, -0, -0, -0, -0, 0.02725743585288, 0.004007637016607, 0, 0, 0, 0, 0, -0.07542500396466, 0.004007637469834, -0.04326077564635, -0.07542499542953, 0.04949388691632, -0.07542499542953, 23.56584924518, 23.57199642653, 23.56570870244, 23.57201726558, 58.17599145395, -0.2064079132499, 0.1964242611844, 0, 1, 50.02746845271, 50, 50.02758700412, 0.0007621974261715, 0, 0, 0, 0, 0, 0, 0, 0, 58.17629526252, 55.22731901449, 58.17602482041, 55.22722982349, 58.17599145395, 55.22727444837, 58.17629637626, 55.22731904379, 0, 58.17602592206, 55.22722985294, -0.009635342148167, 0, -0.2160226932688, -0.003244611694333, 0.1867654141467, -0.003244611694333, 0.7833259087577, 0.7834332475356, -0.7911403021188, -0.7915681146359, -0.003903307101961, -0.003548777351284, 0.7836213044285, 0.7839505390382, 0, -0.7914782632508, -0.7910480937407, -0, -5.551115123126e-17, -0, -0, 0.002672419830531, 0.393991327751, 0.3912329829827, 0.392954651625, 0, 0.3912370954986, 0.3950280038771
4.225, 0.1964314973463, -0.01768137935646, -0.2063191591708, -0.01767954461029, 0.00335781691693, -0.009460887370681, 0.01178554552304, -0.08477066068173, 0, 0, -1000, 0, -1000, 7518.267694134, 3612.737172301, 7529.85985858, 3537.128158609, 19.77633700978, 46.0571681102, 23.08451021478, -6.068851160236, -245.6464814278, -71.57764726299, 240.0695065371, -100.9236428215, 5394.241505803, 3503.205426195, 5413.749009739, 4526.612729223, 3, 0.9642000953486, -14.994882727, -1.028542817901, 1.77077653673, -1.501226481977, 10.85781351036, -1.37157436759, 8.987947709773, 0, 0, 0.027350460095, -0, -0, -0, -0, -0, 0.02735750401043, 0.006142988243445, 0, 0, 0, 0, 0, 0.07416289524204, 0.006142988943341, -0.04208516338878, 0.074162886788, 0.05062320001948, 0.074162886788, 23.70656859721, 23.7127970668, 23.70643922001, 23.71273416101, 58.52340091821, -0.1973415028377, 0.2054853515281, 0, 1, 50.02731578254, 50, 50.02768541482, 0.002055731973441, 0, 0, 0, 0, 0, 0, 0, 0, 58.52369221638, 55.57488641876, 58.523448181, 55.57448491103, 58.52340091821, 55.57468553488, 58.5236932519, 55.57488628841, 0, 58.52344936544, 55.57448478136, -0.00912893790214, 0, -0.2064503571095, -0.01460614551575, 0.1963322901645, -0.01460614551575, 0.7832941286074, 0.7846064700061, -0.7911723323589, -0.7903947982238, -0.003928904491294, -0.00340415506631, 0.7835815127967, 0.7840951596421, 0, -0.7915179855446, -0.7909034697747, 5.551115123126e-17, -0, -5.551115123126e-17, -5.551115123126e-17, 0.002671324050308, 0.3940018430892, 0.3912543934463, 0.3950211722184, 0, 0.3912154867225, 0.39298251396
4.25, 0.2060458871257, -0.0164485876788, -0.1967925844933, -0.01644785109606, -0.014038522414, 0.009345757502856, -0.01482139914411, -0.09565698614629, 0, 0, -970.9349016656, 0, -1000, 7519.200473337, 3531.992793529, 7529.135352574, 3617.609242746, 22.88391881003, 4.513536858995, 20.78938734821, 45.19106138691, -240.5901936953, 100.2251784552, 245.1034431775, 71.18765397626, 5404.966856214, 4529.059400528, 5403.077110528, 3500.028610377, 3, -1.286150221374, -18.94524620502, 1.408521427071, -6.413137244925, -1.491588091671, 8.840914487281, -1.379359756404, 10.99914703828, 0, 0, 0.02743925552716, -0, -0, -0, -0, -0, 0.02744743043708, 0.003939378341895, 0, 0, 0, 0, 0, -0.07457041009245, 0.003939378793644, -0.04339535425503, -0.07457040153597, 0.04927171210993, -0.07457040153597, 23.84729819868, 23.85351431067, 23.84715828761, 23.85353224208, 58.87080950937, -0.2039777362263, 0.1988443537391, 0, 1, 50.02713763708, 50, 50.02783398173, 0.003715794424909, 0, 0, 0, 0, 0, 0, 0, 0, 58.87111422628, 55.92214118601, 58.87084458046, 55.92204745612, 58.87080950937, 55.92209435158, 58.87111533138, 55.92214121645, 0, 58.87084569084, 55.92204748671, -0.009726470917242, 0, -0.213683437313, -0.003409728901826, 0.1890943205362, -0.003409728901826, 0.78321394205, 0.7833342157397, -0.7912527294306, -0.7916671154183, -0.004014749048894, -0.00365365559178, 0.783510256733, 0.7838456760408, 0, -0.7915891731376, -0.7911529872244, -0, -0, -0, 5.551115123126e-17, 0.002670344286884, 0.3940025666869, 0.3912330215386, 0.3929776364891, 0, 0.3912367535224, 0.3950274968847
4.275, 0.1978575243317, 0.03862387041987, -0.2050358616036, 0.03862970189348, 0.01389726135895, -0.009490605349582, 0.01634481383261, -0.1008998224138, 0, 0, -1000, 0, -940.499227215, 7518.418593281, 3612.122784729, 7530.108244649, 3537.606424558, 21.44545920217, 44.88386300412, 22.69089889383, 10.84606994654, -245.659287048, -72.10584181361, 240.0091254912, -100.8683362108, 5394.663272145, 3508.187525445, 5413.396447491, 4517.586589536, 3, 1.678178523717, -0.6920807668148, -1.436932888546, -31.51354051895, -1.499971144025, 10.8423002414, -1.369299666682, 8.999631710051, 0, 0, 0.02750172331194, -0, -0, -0, -0, -0, 0.02750856976039, 0.006117226080619, 0, 0, 0, 0, 0, 0.07314776634605, 0.006117226785311, -0.04194174754262, 0.07314775791538, 0.05068620491122, 0.07314775791538, 23.98801827569, 23.99431103265, 23.98788557896, 23.99424944087, 59.21821708161, -0.1997309882504, 0.2030868941427, 0, 1, 50.02693592233, 50, 50.0278223576, 0.004748220272224, 0, 0, 0, 0, 0, 0, 0, 0, 59.21851258508, 56.26970382534, 59.21826222356, 56.2693014399, 59.21821708161, 56.26950250411, 59.21851362957, 56.2697036965, 0, 59.21826339431, 56.26930131171, -0.009240310695295, 0, -0.2089511735035, -0.01463807542297, 0.1938222958176, -0.01463807542297, 0.7831835865702, 0.7844922752449, -0.7912832956892, -0.7905089568886, -0.004040512980913, -0.003511356256685, 0.783469990765, 0.7839879762759, 0, -0.7916293797426, -0.7910106887893, -0, -5.551115123126e-17, -0, -0, 0.002669490930739, 0.3940058799885, 0.3912535539927, 0.395011256723, 0, 0.3912161886571, 0.3930005032539
4.3, 0.2049128322732, -0.06629982271802, -0.1980555878101, -0.06628191093737, -0.023316084153, 0.009362073027623, -0.01846495651843, -0.1074209834032, 0, 0, -877.200515221, 0, -1000, 7519.544719158, 3532.457800037, 7529.170117196, 3617.083468136, 22.53279878921, 19.41845976749, 22.26688543524, 44.22212171812, -240.4921801576, 99.8456666673, 245.1599127266, 71.70768282431, 5404.92207374, 4520.731431594, 5403.266064688, 3503.37117881, 3, -1.615509791575, -48.34753260086, 2.016810182878, 6.267800506417, -1.488304688015, 8.852492358136, -1.379323235409, 10.98485608847, 0, 0, 0.027597265112, -0, -0, -0, -0, -0, 0.02760525043469, 0.00384405706579, 0, 0, 0, 0, 0, -0.07372468642768, 0.003844057511699, -0.04353647825218, -0.07372467787068, 0.04905498013344, -0.07372467787068, 24.12874459828, 24.13502843612, 24.12860505649, 24.13504404756, 59.56562287313, -0.2018802002028, 0.2009333985076, 0, 1, 50.02671679264, 50, 50.02787909813, 0.006268692557782, 0, 0, 0, 0, 0, 0, 0, 0, 59.5659285136, 56.61695776632, 59.56565919081, 56.61685945045, 59.56562287313, 56.61690864003, 59.56592961189, 56.61695779788, 0, 59.56566030798, 56.61685948218, -0.009817813506594, 0, -0.2116770566118, -0.003576558491258, 0.1910919915379, -0.003576558491258, 0.7831005529116, 0.7832338003304, -0.7913665161754, -0.7917675004622, -0.004127740437355, -0.003759865168107, 0.7833978313319, 0.7837394813675, 0, -0.7917014796035, -0.7912592117038, -0, -5.551115123126e-17, -5.551115123126e-17, -0, 0.002668541556152, 0.3940075397474, 0.3912331100157, 0.3929942335616, 0, 0.3912363783897, 0.3950208459332
4.325, 0.1990968583997, 0.07958551459724, -0.2039038760373, 0.07961220745284, 0.02112334233469, -0.009509365079637, 0.01706600547717, -0.09765871246685, 0, 0, -1000, 0, -661.7127403409, 7518.575483819, 3611.857658964, 7530.327315263, 3538.26326989, 22.58238811324, 44.19312715932, 22.37928291126, 22.68147631872, -245.7647724108, -72.59185696073, 239.8777985906, -100.4888697971, 5394.852640874, 3508.850294988, 5413.456707084, 4506.15803644, 3, 2.124756100959, 9.715799930403, -1.651825693831, -55.39929927562, -1.498648415294, 10.8327374212, -1.367329652745, 9.014418741719, 0, 0, 0.02769627947542, -0, -0, -0, -0, -0, 0.02770295452456, 0.006126799608659, 0, 0, 0, 0, 0, 0.07227154978154, 0.006126800324475, -0.04181046542312, 0.07227154133372, 0.0507433108783, 0.07227154133372, 24.26946462067, 24.27582191378, 24.26932918554, 24.27576140701, 59.91302697006, -0.201371959554, 0.2014383996787, 0, 1, 50.02647572954, 50, 50.02773795018, 0.006811005893863, 0, 0, 0, 0, 0, 0, 0, 0, 59.91332646448, 56.96451592783, 59.91307079065, 56.96411242744, 59.91302697006, 56.96431405031, 59.91332751443, 56.96451580018, 0, 59.91307195207, 56.96411230044, -0.009351910720902, 0, -0.2107036662793, -0.0146786356236, 0.1920620016509, -0.0146786356236, 0.7830719570105, 0.7843781886051, -0.7913953126706, -0.7906230126771, -0.004152894972861, -0.003619415518025, 0.7833574644226, 0.7838799321549, 0, -0.7917417865714, -0.791118763191, -0, -5.551115123126e-17, -0, -0, 0.002667596861503, 0.3940166105184, 0.3912531774195, 0.395009944132, 0, 0.391216068273, 0.3930232769048
4.35, 0.2038255173682, -0.08195164267903, -0.1991670438454, -0.08192391916402, -0.02450355906255, 0.009385736137171, -0.01080628383095, -0.06085646297647, 0, 0, -76.41202925944, 0, -1000, 7519.869404442, 3533.455642298, 7529.216855977, 3616.78048844, 22.3480774187, 22.64453953823, 22.42899301436, 44.19782784152, -240.3510203611, 99.71037455712, 245.297003315, 72.00604419979, 5404.94144904, 4506.179422756, 5403.42075615, 3504.38317696, 3, -1.535246969399, -56.22563030221, 2.000545401056, 10.55273185819, -1.48522105283, 8.874898900228, -1.379156375414, 10.97364342542, 0, 0, 0.0277856799025, -0, -0, -0, -0, -0, 0.02779341909158, 0.003748944464215, 0, 0, 0, 0, 0, -0.07259681635735, 0.00374894490505, -0.04358119834082, -0.072596807816, 0.04893682815455, -0.072596807816, 24.41018837164, 24.41653968072, 24.41004794904, 24.41655247957, 60.26042952025, -0.2014468302063, 0.2013593397696, 0, 1, 50.02621755941, 50, 50.02747069119, 0.006662775340952, 0, 0, 0, 0, 0, 0, 0, 0, 60.26073737204, 57.31176893732, 60.26046621021, 57.3116655269, 60.26042952025, 57.31171726489, 60.26073846966, 57.31176897002, 0, 60.26046732666, 57.31166555976, -0.009904999102699, 0, -0.2113307079152, -0.003761889625132, 0.1914306432897, -0.003761889625132, 0.7829865900584, 0.7831343109848, -0.7914808636528, -0.7918669498927, -0.004241941219251, -0.003867073525267, 0.7832841738164, 0.7836322926417, 0, -0.7918150200309, -0.7913664396922, -0, -0, -0, -0, 0.002666743838429, 0.3940210357067, 0.3912330711873, 0.3930232314819, 0, 0.3912360709294, 0.3950188399314
4.375, 0.2000886179069, 0.08578709212159, -0.2028994376981, 0.08581802204365, 0.02027405223625, -0.00951418464526, 0.007115349689247, -0.03922054475409, 0, 0, -1000, 0, 260.4989855974, 7518.744300445, 3611.331199337, 7530.503172861, 3539.032310701, 22.40041481342, 44.34211981361, 22.2639808523, 22.69559797848, -245.8243468861, -72.71856494999, 239.8136487329, -100.3276031886, 5395.286927671, 3513.562555424, 5413.064437357, 4493.835952265, 3, 1.947534026322, 11.94929297935, -1.482554440104, -57.20847160756, -1.49719442987, 10.81826678374, -1.365806745775, 9.032301256624, 0, 0, 0.02784033988875, -0, -0, -0, -0, -0, 0.02784678418664, 0.006069299226401, 0, 0, 0, 0, 0, 0.07103712927668, 0.006069299942894, -0.04183480471843, 0.07103712088671, 0.05065113492744, 0.07103712088671, 24.55090703865, 24.55732896244, 24.55077015452, 24.55727007459, 60.60783065429, -0.2013991804382, 0.2014026921278, 0, 1, 50.02593918436, 50, 50.02717747717, 0.006542544620186, 0, 0, 0, 0, 0, 0, 0, 0, 60.60813264501, 57.65932099935, 60.60787395756, 57.65891712136, 60.60783065429, 57.65911893508, 60.60813369625, 57.65932087376, 0, 60.60787511601, 57.6589169964, -0.009460221858725, 0, -0.2108390817563, -0.01469237223676, 0.1919179002125, -0.01469237223676, 0.782957750374, 0.7842595069365, -0.7915098749651, -0.7907416518122, -0.00426727188322, -0.003729596347168, 0.7832434233556, 0.7837697724957, 0, -0.791855720185, -0.79122896519, -0, -0, -0, -0, 0.002666067351718, 0.3940242006346, 0.3912523121852, 0.3950005678094, 0, 0.3912168502434, 0.3930478334599
4.4, 0.2029961638289, -0.08741058554709, -0.1999865586304, -0.08737905596663, -0.02371837039803, 0.009390412287582, -0.002371914698618, -0.01083235820583, 0, 0, 707.8325756355, 0, -1000, 7520.168514618, 3533.977056999, 7529.230722539, 3616.129493721, 22.25800946115, 22.6098608667, 22.27531637615, 44.36017962362, -240.3178377647, 99.60423383248, 245.3226380698, 72.13995023679, 5404.66084091, 4497.526611976, 5403.750128789, 3509.973908449, 3, -1.373927166177, -57.68494091782, 1.835029248162, 12.6907453046, -1.48239908622, 8.888155089828, -1.379329660165, 10.95674737711, 0, 0, 0.02790713418474, -0, -0, -0, -0, -0, 0.02791465373226, 0.003684267582787, 0, 0, 0, 0, 0, -0.07156463574199, 0.003684268019812, -0.04358296641189, -0.07156462724847, 0.04887449636642, -0.07156462724847, 24.69162891871, 24.69804665626, 24.69148729975, 24.69805696678, 60.95522974108, -0.2014109620394, 0.2013875813056, 0, 1, 50.02564668408, 50, 50.02687926337, 0.006530960317626, 0, 0, 0, 0, 0, 0, 0, 0, 60.95553965192, 58.00657221766, 60.95526604204, 58.0064639276, 60.95522974108, 58.00651810647, 60.95554074986, 58.00657225142, 0, 60.95526715671, 58.00646396152, -0.009994411897923, 0, -0.2113841596925, -0.003939402473559, 0.1913693986749, -0.003939402473559, 0.7828719276867, 0.7830330893854, -0.7915958444451, -0.7919681354689, -0.004356928316953, -0.003975371572887, 0.7831695239416, 0.7835240122777, 0, -0.7919295746434, -0.7914747554234, -0, -0, -5.551115123126e-17, 5.551115123126e-17, 0.002665371603285, 0.394024094514, 0.3912336301583, 0.3930404770507, 0, 0.3912354151722, 0.3950077119773
4.425, 0.2008567087097, 0.09083804430935, -0.2021295756851, 0.09087264242072, 0.0195832974101, -0.009539307651025, -0.0006820024420232, 0.007042614600338, 0, 0, -1000, 0, 985.831794339, 7518.879363912, 3610.920194928, 7530.671558143, 3539.508342316, 22.25867539619, 44.57643535214, 22.18227157511, 22.67905571561, -245.9119380415, -72.9302865501, 239.7272946676, -100.4136280674, 5395.557325261, 3516.450604223, 5412.981103737, 4484.804750294, 3, 1.780089956368, 13.88603526672, -1.304969055516, -58.53838043248, -1.496089821269, 10.80618149454, -1.364359569412, 9.043599749544, 0, 0, 0.027995416404, -0, -0, -0, -0, -0, 0.02800169899584, 0.006056194964674, 0, 0, 0, 0, 0, 0.07017338206289, 0.006056195687608, -0.04182799860616, 0.07017337368246, 0.05060019378507, 0.07017337368246, 24.83234573873, 24.83883215268, 24.83220747773, 24.8387743132, 61.3026264614, -0.2013688752743, 0.2014264371366, 0, 1, 50.02533635627, 50, 50.02656517294, 0.006577546668281, 0, 0, 0, 0, 0, 0, 0, 0, 61.30293094382, 58.35411834496, 61.30266939881, 58.35371344183, 61.3026264614, 58.35391576933, 61.30293199525, 58.35411822059, 0, 61.3026705556, 58.35371331806, -0.009565798235484, 0, -0.2109142433711, -0.01472966572322, 0.1918359568592, -0.01472966572322, 0.7828428360651, 0.7841427854743, -0.7916250914954, -0.7908583437523, -0.004382280692921, -0.003840370535764, 0.7831284621759, 0.783659012805, 0, -0.7919705890383, -0.7913397538765, -0, -0, -0, -5.551115123126e-17, 0.002664605905884, 0.3940303266284, 0.3912517735787, 0.3949948220664, 0, 0.3912170165538, 0.3930658311903
4.45, 0.2021545914494, -0.09300769518425, -0.2008277014685, -0.09297203771429, -0.02295478126417, 0.009407177332063, 0.0006794102227533, 0.007947824413229, 0, 0, 1000, 0, -1000, 7520.434549323, 3534.826955248, 7529.276079001, 3615.829679039, 22.16751870577, 22.7086559025, 22.12742276323, 44.59571746163, -240.2224042554, 99.58602756656, 245.4253050225, 72.27364134472, 5404.684186582, 4484.262613276, 5403.955950753, 3510.846272014, 3, -1.199471570565, -59.34441929422, 1.673913987683, 14.67899602852, -1.479921363835, 8.907287425099, -1.379168443449, 10.9457641753, 0, 0, 0.02809800789179, -0, -0, -0, -0, -0, 0.0281053118955, 0.003613152011403, 0, 0, 0, 0, 0, -0.07054022208845, 0.003613152445875, -0.04359295754722, -0.07054021360175, 0.04880536316014, -0.07054021360175, 24.97306548722, 24.97954972107, 24.97292266496, 24.97955754427, 61.65002084484, -0.2014277110163, 0.201364014055, 0, 1, 50.02501294085, 50, 50.02623778486, 0.006510059872216, 0, 0, 0, 0, 0, 0, 0, 0, 61.65033327429, 58.70136753055, 61.65005723922, 58.70125445179, 61.65002084484, 58.701311026, 61.65033437301, 58.7013675653, 0, 61.65005835167, 58.70125448671, -0.0100807081057, 0, -0.2114870553199, -0.004113607022892, 0.1912594064126, -0.004113607022892, 0.7827559739029, 0.7829304030414, -0.7917121071382, -0.7920707865551, -0.004473207483707, -0.004085070003709, 0.7830536383426, 0.7834143311392, 0, -0.7920453649265, -0.7915844711466, -0, -0, -0, -0, 0.002663824749751, 0.3940364455071, 0.3912335836011, 0.3930669080534, 0, 0.3912350055708, 0.3950059829608
4.475, 0.2017398944595, 0.09760877548123, -0.2012384957034, 0.09764866982792, 0.01889985289334, -0.00952307519175, -0.0006553102480143, 0.008401198010967, 0, 0, -1000, 0, 1000, 7519.015611531, 3610.499816929, 7530.835776032, 3540.559412186, 22.10913721734, 44.69549096082, 22.09635637137, 22.88966303402, -245.9936838027, -72.86150168895, 239.6451348261, -100.0108387598, 5395.87188519, 3519.797511641, 5412.75502265, 4469.137927538, 3, 1.604509992694, 16.34905614733, -1.131774354515, -60.6384637593, -1.494969062423, 10.79289423077, -1.36295113005, 9.067402132843, 0, 0, 0.02815819305731, -0, -0, -0, -0, -0, 0.02816422268296, 0.006027554688847, 0, 0, 0, 0, 0, 0.06879552214509, 0.006027555416754, -0.0418361845945, 0.06879551383357, 0.05053479050923, 0.06879551383357, 25.11378038751, 25.12033104677, 25.11364074844, 25.12027500146, 61.99741343388, -0.2013349711487, 0.2014538841931, 0, 1, 50.02467183726, 50, 50.0258788388, 0.006327505626223, 0, 0, 0, 0, 0, 0, 0, 0, 61.99772046966, 59.04890705305, 61.9974560477, 59.04850220338, 61.99741343388, 59.04870450659, 61.99772152167, 59.04890693114, 0, 61.99745720252, 59.04850208205, -0.009672272395718, 0, -0.2109866909106, -0.01472772120631, 0.1917568183278, -0.01472772120631, 0.7827265218127, 0.7840205482949, -0.7917417049791, -0.7909805350119, -0.004498692123263, -0.003953123772586, 0.7830122033633, 0.7835462825417, 0, -0.7920867563481, -0.7914525300868, -0, 5.551115123126e-17, 5.551115123126e-17, -5.551115123126e-17, 0.002663253965733, 0.394042608943, 0.3912511469247, 0.3949881664446, 0, 0.3912174673085, 0.3930970514415
4.5, 0.2014060662048, -0.09955715898325, -0.2015640408629, -0.09951626330221, -0.02234973415045, 0.009376662550988, 0.0004749409306375, 0.008784191264402, 0, 0, 1000, 0, -1000, 7520.644598992, 3535.569980984, 7529.329390725, 3615.125207202, 22.10976903016, 22.83404797868, 21.99667747792, 44.65759537306, -240.2145165491, 99.11063751981, 245.4216626694, 72.1683244331, 5404.248712191, 4472.89550587, 5404.359635401, 3517.79566068, 3, -1.050421107802, -61.23398103112, 1.511455258338, 17.30781782516, -1.47802233952, 8.925525109136, -1.378919321063, 10.9275333872, 0, 0, 0.02820389652952, -0, -0, -0, -0, -0, 0.0282109348864, 0.003613865930057, 0, 0, 0, 0, 0, -0.06921288832998, 0.003613866367897, -0.04354790044097, -0.06921287994027, 0.04880104368522, -0.06921287994027, 25.25449806584, 25.2610485184, 25.25435402832, 25.26105355629, 62.34480390677, -0.2014548902686, 0.2013314215355, 0, 1, 50.02431998507, 50, 50.02551330639, 0.00621140024589, 0, 0, 0, 0, 0, 0, 0, 0, 62.34511830153, 59.39615399962, 62.34483979111, 59.39603557611, 62.34480390677, 59.39609482365, 62.34511939972, 59.39615403533, 0, 62.34484090276, 59.39603561198, -0.01016848482964, 0, -0.2116019531044, -0.00430803990661, 0.1911389492767, -0.00430803990661, 0.7826395730437, 0.7828293543093, -0.7918287678175, -0.7921717903957, -0.004589840778415, -0.004195219358282, 0.7829369304786, 0.7833042038375, 0, -0.7921619954286, -0.7916946425541, -0, -0, -0, -5.551115123126e-17, 0.002662782906702, 0.3940408567549, 0.3912344513137, 0.3930895627825, 0, 0.3912342014435, 0.3949921507274
4.525, 0.2023991854466, 0.1035923217657, -0.2005734409521, 0.1036372394554, 0.01834573566383, -0.009518392748197, -0.0004477570589719, 0.00950242595793, 0, 0, -1000, 0, 1000, 7519.074014105, 3609.904188837, 7531.008351181, 3541.094346956, 22.00719310245, 44.85017853825, 22.07017440129, 22.97207445822, -246.0342658581, -72.88956905777, 239.5940653238, -99.80135521117, 5396.1225677, 3525.911057168, 5412.540609113, 4460.59417046, 3, 1.4329159761, 18.89468603973, -0.9622576150417, -62.19152960031, -1.494658862754, 10.77691468661, -1.361451295753, 9.080888823416, 0, 0, 0.02824789344742, -0, -0, -0, -0, -0, 0.02825372860099, 0.006037287013845, 0, 0, 0, 0, 0, 0.0677333575382, 0.006037287747579, -0.04182410511213, 0.06773334930291, 0.05050516205731, 0.06773334930291, 25.39521091164, 25.40182544248, 25.39506993281, 25.40177068155, 62.69219187531, -0.2012745375895, 0.2015097159944, 0, 1, 50.02395224224, 50, 50.02513451295, 0.006222131925132, 0, 0, 0, 0, 0, 0, 0, 0, 62.69250091121, 59.74368621779, 62.69223372218, 59.74328087317, 62.69219187531, 59.74348342559, 62.69250196312, 59.74368609762, 0, 62.69223487603, 59.74328075356, -0.009776449059027, 0, -0.2110303746019, -0.01474572721909, 0.1917084091403, -0.01474572721909, 0.7826093017308, 0.7838996972899, -0.7918591443321, -0.7911013511023, -0.004615917919301, -0.004066655314311, 0.7828949004305, 0.78343276833, 0, -0.7922039937757, -0.7915660789586, -5.551115123126e-17, 5.551115123126e-17, -5.551115123126e-17, -0, 0.002662313315896, 0.3940450381741, 0.3912506476175, 0.3949759967997, 0, 0.3912178946054, 0.3931140795484
4.55, 0.2007660908981, -0.1051580288364, -0.202205756959, -0.1051124007349, -0.02187297523466, 0.009375543996117, 0.0002781320085783, 0.009656063223183, 0, 0, 1000, 0, -1000, 7520.78884458, 3536.182147741, 7529.416600761, 3614.734756489, 22.08053405186, 22.94824627742, 21.89424302521, 44.85561926634, -240.1796949638, 98.98361033282, 245.4584175226, 72.20090834919, 5404.106739549, 4462.653179484, 5404.701977722, 3520.963890515, 3, -0.8927798091342, -62.76428408722, 1.367141762446, 19.60150600273, -1.476810370534, 8.939755184631, -1.378310036739, 10.91540691204, 0, 0, 0.02834208255036, -0, -0, -0, -0, -0, 0.02834893072328, 0.003626900370007, 0, 0, 0, 0, 0, -0.06824107122277, 0.003626900813743, -0.04350350414247, -0.06824106286973, 0.04880448734497, -0.06824106286973, 25.53592624321, 25.542542438, 25.53578095059, 25.54254516557, 63.03957675501, -0.2015041800165, 0.2012774120653, 0, 1, 50.02357756419, 50, 50.02475895089, 0.006253129111183, 0, 0, 0, 0, 0, 0, 0, 0, 63.03989337576, 60.09093023582, 63.03961230418, 60.09080721399, 63.03957675501, 60.09086876156, 63.03989447355, 60.09093027239, 0, 63.03961341507, 60.09080725074, -0.01025874482401, 0, -0.2117414199952, -0.004475318396216, 0.1909945606777, -0.004475318396216, 0.7825219161891, 0.7827241795928, -0.7919466386922, -0.7922769327157, -0.004707667390386, -0.004307052972416, 0.7828189706856, 0.7831923860692, 0, -0.7922798892395, -0.791806492014, -0, -0, -0, -5.551115123126e-17, 0.002661673342668, 0.3940479106798, 0.3912347343579, 0.3931099738062, 0, 0.3912335194669, 0.3949858475533
4.575, 0.2031396904598, 0.1105545510545, -0.1998332298897, 0.1106057033079, 0.0178085183445, -0.009492165628847, -0.0002263643388174, 0.01015974744813, 0, 0, -1000, 0, 1000, 7519.106192513, 3609.583296395, 7531.21686987, 3542.288104473, 21.89973402934, 44.97015186212, 22.03066714307, 23.33517808267, -246.1249973913, -72.71003500924, 239.5080260246, -99.30855286991, 5396.303704284, 3528.132612963, 5412.540921789, 4444.069325022, 3, 1.267725139596, 21.57299921514, -0.7860115181094, -64.34075167544, -1.494619632642, 10.7649315057, -1.359570572227, 9.10773647724, 0, 0, 0.0284026718092, -0, -0, -0, -0, -0, 0.02840825901335, 0.00609135615657, 0, 0, 0, 0, 0, 0.06637486988738, 0.006091356905011, -0.04177684762891, 0.06637486172874, 0.05050943696617, 0.06637486172874, 25.67663681638, 25.68331529037, 25.67649444786, 25.68326219353, 63.38695927908, -0.2012095874303, 0.2015696858935, 0, 1, 50.02318565573, 50, 50.02435115705, 0.006108927162856, 0, 0, 0, 0, 0, 0, 0, 0, 63.38727082554, 60.438455545, 63.38700073178, 60.43805030791, 63.38695927908, 60.438252809, 63.38727187648, 60.43845542727, 0, 63.38700188543, 60.43805019073, -0.00988603596402, 0, -0.211074921917, -0.01474181548695, 0.1916586540122, -0.01474181548695, 0.7824911932449, 0.7837754526525, -0.7919774766811, -0.7912255520638, -0.004733980295356, -0.004181551777914, 0.7827764689798, 0.783317893732, 0, -0.7923223553142, -0.7916809972878, -0, -0, 5.551115123126e-17, -0, 0.002661173328642, 0.394059295403, 0.3912502870231, 0.3949715823527, 0, 0.3912178939568, 0.3931470084534
4.6, 0.1999950711143, -0.1130525385992, -0.2029676992436, -0.1129997398835, -0.02146815907373, 0.009320722013, 2.185566822472e-05, 0.01049938916755, 0, 0, 1000, 0, -1000, 7520.884960131, 3537.348056182, 7529.543873369, 3614.192261846, 22.05185160967, 23.3335949199, 21.78580849303, 44.84170859254, -240.1371994577, 98.19817392805, 245.4945087785, 71.87364623749, 5403.712598762, 4446.246679147, 5405.10481405, 3527.173179488, 3, -0.7348937384204, -65.19096218067, 1.200144383278, 22.75086271324, -1.476098705054, 8.9668451191, -1.377276880714, 10.89934896902, 0, 0, 0.028449626678, -0, -0, -0, -0, -0, 0.02845616441394, 0.003696194461241, 0, 0, 0, 0, 0, -0.06660218221597, 0.003696194916892, -0.04341322353739, -0.06660217400175, 0.04885497856758, -0.06660217400175, 25.81734983075, 25.82403232011, 25.81720326866, 25.82403183808, 63.73433940713, -0.2015651856318, 0.2012119731415, 0, 1, 50.0227883847, 50, 50.02393548167, 0.005902289912775, 0, 0, 0, 0, 0, 0, 0, 0, 63.73465805332, 60.78569728564, 63.73437440516, 60.78556830427, 63.73433940713, 60.78563283247, 63.73465914963, 60.78569732306, 0, 63.73437551628, 60.78556834187, -0.0103492846964, 0, -0.2118929286674, -0.004692115961963, 0.1908384655836, -0.004692115961963, 0.7824034864508, 0.7826233733224, -0.7920652770351, -0.7923776854961, -0.004826216256244, -0.004419092040893, 0.7826999250773, 0.7830803732689, 0, -0.7923988716692, -0.7919185573507, -0, -0, -0, -0, 0.00266079280982, 0.3940580805213, 0.3912355199663, 0.3931426692875, 0, 0.3912327167106, 0.394973491755
4.625, 0.2036750444988, 0.1177660250635, -0.1992874594054, 0.1178241621238, 0.01745668013565, -0.009438223600271, 6.040813673227e-05, 0.01151560755994, 0, 0, -1000, 0, 1000, 7519.118461745, 3608.763623789, 7531.392525923, 3542.939308589, 21.81580143231, 44.93939022803, 22.03930830959, 23.54942985158, -246.0729295574, -72.44014954198, 239.5461061077, -98.65168527393, 5396.715140324, 3537.259439739, 5412.077526026, 4434.346966807, 3, 1.114653276751, 24.81542153107, -0.646779896104, -66.31744882601, -1.49478425512, 10.74417148381, -1.358027682638, 9.124495544914, 0, 0, 0.02846565733411, -0, -0, -0, -0, -0, 0.02847100566675, 0.006090251447531, 0, 0, 0, 0, 0, 0.06500893371802, 0.006090252199158, -0.04178216716305, 0.06500892569193, 0.05047203073112, 0.06500892569193, 25.95805819266, 25.96480004224, 25.95791444534, 25.96474848452, 64.08171708212, -0.2011426577902, 0.2016331471472, 0, 1, 50.02237625669, 50, 50.02350138844, 0.005826207887842, 0, 0, 0, 0, 0, 0, 0, 0, 64.08203048288, 61.13321351159, 64.08175754757, 61.13280833781, 64.08171708212, 61.13301080968, 64.08203153416, 61.13321339631, 0, 64.08175870011, 61.13280822305, -0.009993529970446, 0, -0.2111154378234, -0.01473951318816, 0.191614584425, -0.01473951318816, 0.782371032022, 0.7836494248632, -0.7920978067807, -0.7913515368189, -0.004854121225777, -0.004298164317697, 0.7826563434832, 0.7832013027255, 0, -0.792442430818, -0.7917976313609, -0, -0, -0, -0, 0.002660536307236, 0.3940598993325, 0.3912494674032, 0.3949534122305, 0, 0.3912188172806, 0.3931663864345
4.65, 0.1994527882077, -0.1198135559461, -0.2035084633847, -0.119754188694, -0.02122012840436, 0.009295447724552, -0.0002463517924009, 0.01184355130501, 0, 0, 1000, 0, -1000, 7520.993729781, 3538.052028044, 7529.603578919, 3613.66009273, 22.0761153978, 23.59414124041, 21.72566161223, 44.92832558975, -240.0842473586, 97.77248020052, 245.5391890234, 71.72438669328, 5403.538421284, 4436.164877797, 5405.349488815, 3533.364425468, 3, -0.5692713883864, -66.98135021678, 1.037709759553, 25.78643766281, -1.475252025547, 8.98381766208, -1.376948565922, 10.88421269148, 0, 0, 0.02852003619394, -0, -0, -0, -0, -0, 0.0285263514717, 0.003707421998372, 0, 0, 0, 0, 0, -0.06542292998344, 0.003707422457673, -0.04337492767213, -0.06542292187482, 0.04886624507477, -0.06542292187482, 26.09876876197, 26.10551667748, 26.09862087235, 26.10551363584, 64.42909148823, -0.2016616430288, 0.2011124736746, 0, 1, 50.02196059848, 50, 50.02308171236, 0.005856059603061, 0, 0, 0, 0, 0, 0, 0, 0, 64.42941198245, 61.48045256106, 64.42912560485, 61.48031841001, 64.42909148823, 61.48038552386, 64.42941307877, 61.4804525993, 0, 64.42912671511, 61.48031844843, -0.01044339845851, 0, -0.2120834656462, -0.004880180220774, 0.1906447868488, -0.004880180220774, 0.7822830394795, 0.7825173587185, -0.7921858661514, -0.79248366232, -0.004946816342724, -0.004533193767654, 0.7825792168693, 0.7829662900003, 0, -0.7925195373041, -0.7920326775356, -0, -5.551115123126e-17, -0, -0, 0.002660135450379, 0.3940619649182, 0.3912358671313, 0.3931627618666, 0, 0.3912322292452, 0.3949611679698
4.675, 0.20430799261, 0.1255351167427, -0.1986569520332, 0.1256012266828, 0.0171609135102, -0.009394491958003, 0.0003504553594173, 0.01260681430178, 0, 0, -1000, 0, 1000, 7519.157957656, 3608.473088396, 7531.524282999, 3544.180358859, 21.75199289434, 45.00286629545, 22.05355067538, 24.04071889965, -246.1271145623, -72.14262265057, 239.492824008, -98.01668253133, 5396.960884041, 3540.812724336, 5412.008079874, 4418.090356786, 3, 0.9607650259421, 28.10064857358, -0.4813479679121, -68.61036111011, -1.494660370484, 10.73248788578, -1.356944351971, 9.152613186198, 0, 0, 0.02856720728316, -0, -0, -0, -0, -0, 0.02857230898624, 0.006102547544072, 0, 0, 0, 0, 0, 0.06357337813595, 0.006102548302599, -0.04177417314889, 0.06357337023115, 0.05045292539083, 0.06357337023115, 26.23947463169, 26.24628008569, 26.23932947301, 26.24623014092, 64.77646298261, -0.2010570919746, 0.201715536026, 0, 1, 50.02153076773, 50, 50.0226328357, 0.005749392182972, 0, 0, 0, 0, 0, 0, 0, 0, 64.77677855504, 61.82796106337, 64.77650266514, 61.8275560069, 64.77646298261, 61.82775842268, 64.77677960625, 61.82796095067, 0, 64.77650381706, 61.8275558947, -0.01010569523529, 0, -0.2111419673459, -0.01473524561448, 0.1915847283311, -0.01473524561448, 0.7822497479212, 0.7835218339193, -0.7922192320583, -0.7914790835131, -0.004975372493306, -0.004415873938451, 0.7825350044376, 0.7830836152598, 0, -0.7925637257663, -0.7919153631367, -0, -0, -0, 5.551115123126e-17, 0.002659757567012, 0.394072563118, 0.3912489779138, 0.3949463450825, 0, 0.3912189557344, 0.3931987811534
4.7, 0.1987759017961, -0.1286950816667, -0.2041813137352, -0.1286264481614, -0.02103668659356, 0.009218940635305, -0.0005659659367811, 0.01292332707862, 0, 0, 1000, 0, -1000, 7521.095168434, 3539.437187404, 7529.673604008, 3613.158811837, 22.08315264506, 24.17596259337, 21.65166553731, 44.81436701127, -240.0493722943, 96.77408780796, 245.5718322126, 71.2132070276, 5403.251109446, 4417.960903954, 5405.718988696, 3539.695585476, 3, -0.411596151629, -69.70508266334, 0.8784125339435, 29.52227872231, -1.474478046997, 9.015674514783, -1.376508945744, 10.86816134693, 0, 0, 0.02860990678915, -0, -0, -0, -0, -0, 0.02861589556038, 0.003742641810656, 0, 0, 0, 0, 0, -0.06364495240683, 0.003742642277247, -0.04331653183135, -0.06364494446897, 0.04889721873668, -0.06364494446897, 26.38018266634, 26.38699675458, 26.38003346519, 26.38699030644, 65.12383168957, -0.2017411149227, 0.2010298645944, 0, 1, 50.021099315, 50, 50.02218349248, 0.005551292414253, 0, 0, 0, 0, 0, 0, 0, 0, 65.12415414014, 62.17519756008, 65.12386508005, 62.17505699015, 65.12383168957, 62.17512731418, 65.12415523588, 62.17519759906, 0, 65.12386618998, 62.17505702931, -0.01053669540337, 0, -0.2122561956847, -0.005113688148881, 0.1904687889561, -0.005113688148881, 0.7821616087034, 0.7824151150096, -0.7923074402458, -0.79258585042, -0.005068377037618, -0.00464762489388, 0.7824573877779, 0.7828518861187, 0, -0.7926413222698, -0.7921471359064, -0, -5.551115123126e-17, 5.551115123126e-17, -0, 0.002659447211446, 0.3940738041959, 0.3912364397672, 0.3931990384821, 0, 0.3912314930095, 0.3949485699096
4.725, 0.2047845805404, 0.1343004201112, -0.1981701903775, 0.1343762648618, 0.01713726666653, -0.00929716223569, 0.0007033518400344, 0.01406281972088, 0, 0, -1000, 0, 1000, 7519.219969164, 3607.620326156, 7531.613444568, 3545.135120849, 21.68919540116, 44.74617703737, 22.08014207632, 24.51596442591, -246.059891386, -71.55485812169, 239.5492794193, -96.89442581899, 5397.479055662, 3551.226253364, 5411.449143909, 4404.76086004, 3, 0.8195603963352, 32.12016360712, -0.3554086847746, -71.15251786553, -1.494295763988, 10.71059189527, -1.35630025033, 9.176154875147, 0, 0, 0.02861691715525, -0, -0, -0, -0, -0, 0.02862173802825, 0.006034854247753, 0, 0, 0, 0, 0, 0.06185280179, 0.00603485500048, -0.04183404652137, 0.06185279407251, 0.05036961385252, 0.06185279407251, 26.52088615121, 26.52775471631, 26.52073959036, 26.52770658194, 65.47119780424, -0.2009786174996, 0.201791456301, 0, 1, 50.02065548956, 50, 50.02170887569, 0.00539433785792, 0, 0, 0, 0, 0, 0, 0, 0, 65.47151517087, 62.52269600993, 65.47123637628, 62.5222915904, 65.47119780424, 62.52249369093, 65.47151622374, 62.52269590046, 0, 65.47123752609, 62.5222914814, -0.01021556542218, 0, -0.21117329717, -0.01471207574653, 0.1915507761453, -0.01471207574653, 0.7821263360695, 0.7833902243522, -0.7923427670735, -0.791610641475, -0.005098824627744, -0.004535626950168, 0.7824120006792, 0.7829638882143, 0, -0.7926866929081, -0.7920351421146, 5.551115123126e-17, -0, -0, -0, 0.00265929407474, 0.3940754804194, 0.3912479454014, 0.3949256139944, 0, 0.3912200696527, 0.3932253468444
4.75, 0.1983649931734, -0.1368166706759, -0.2045866425333, -0.1367388982159, -0.02106418849683, 0.009146570770961, -0.0009063449051952, 0.01450400578739, 0, 0, 1000, 0, -1000, 7521.221263785, 3540.284446148, 7529.675728588, 3612.428390997, 22.13098523035, 24.62786555226, 21.61596058677, 44.65196562597, -240.045209802, 95.87346846674, 245.5646044177, 70.75332052892, 5402.995338089, 4406.667872925, 5405.974826084, 3548.691407731, 3, -0.2658028030073, -71.92877310836, 0.7254292978071, 33.37162983391, -1.473441817331, 9.036823538882, -1.376776609433, 10.84860031876, 0, 0, 0.02864661548747, -0, -0, -0, -0, -0, 0.02865233734387, 0.003731999409365, 0, 0, 0, 0, 0, -0.06217468820368, 0.003731999875823, -0.04329788161319, -0.06217468042942, 0.04889785730692, -0.06217468042942, 26.66159164538, 26.66847105179, 26.6614411042, 26.6684617526, 65.81856063202, -0.2018420159802, 0.200926974955, 0, 1, 50.02021095637, 50, 50.0212545866, 0.005380619952301, 0, 0, 0, 0, 0, 0, 0, 0, 65.81888472592, 62.86992981229, 65.81859288521, 62.86978334137, 65.81856063202, 62.8698566166, 65.8188858222, 62.86992985197, 0, 65.818593994, 62.86978338123, -0.01063219142269, 0, -0.2124525744411, -0.005328355719034, 0.190270371667, -0.005328355719034, 0.782038491698, 0.7823090834691, -0.7924306524425, -0.7926918370466, -0.00519165331651, -0.004763743802306, 0.7823341438041, 0.7827357891294, 0, -0.7927645383957, -0.792263276734, -0, 5.551115123126e-17, -0, -0, 0.002659063063424, 0.3940761033542, 0.391236949368, 0.3932215456251, 0, 0.3912309833697, 0.3949306610833
4.775, 0.2052011390445, 0.1420387540059, -0.1977539052283, 0.1421237094163, 0.01722432747383, -0.009238538281868, 0.001024878348853, 0.01540664006812, 0, 0, -1000, 0, 1000, 7519.316404946, 3607.101742965, 7531.647191036, 3545.955826489, 21.65243257449, 44.62678266875, 22.12204372196, 24.96930595867, -246.0596117657, -71.17316997608, 239.5490024852, -96.17116264572, 5397.832989548, 3557.399793235, 5411.249668636, 4392.525075799, 3, 0.689978044183, 35.73591872895, -0.2208352998844, -73.31734071819, -1.493566106739, 10.69526999176, -1.356235376121, 9.195745291493, 0, 0, 0.02870367120195, -0, -0, -0, -0, -0, 0.02870828077568, 0.005970799417809, 0, 0, 0, 0, 0, 0.06051874061522, 0.005970800167069, -0.04188633607385, 0.06051873301844, 0.05029960113912, 0.06051873301844, 26.80229249487, 26.80922431482, 26.80214455889, 26.80917751614, 66.16592003381, -0.2008880417599, 0.2018799131867, 0, 1, 50.01975720124, 50, 50.02078036203, 0.005347001304259, 0, 0, 0, 0, 0, 0, 0, 0, 66.1662394212, 63.21741918727, 66.16595776968, 63.21701459932, 66.16592003381, 63.21721678637, 66.16624047547, 63.21741908012, 0, 66.16595891778, 63.21701449262, -0.01032387131671, 0, -0.2111909381032, -0.01471820274846, 0.1915308859159, -0.01471820274846, 0.7820018845954, 0.7832606778057, -0.7924673106964, -0.7917401488165, -0.005223328842684, -0.004655984714053, 0.7822879057495, 0.7828435500096, 0, -0.7928107588307, -0.7921555194377, -0, -0, -0, 5.551115123126e-17, 0.002658743316401, 0.3940815283065, 0.3912472400931, 0.3949133259327, 0, 0.3912204674336, 0.3932497306803
4.8, 0.1978790610767, -0.1453841797047, -0.2050726466858, -0.1452961575404, -0.02109653059832, 0.009067425627933, -0.001227260368727, 0.0156296705385, 0, 0, 1000, 0, -1000, 7521.37404041, 3541.5268561, 7529.667258608, 3611.912672974, 22.16002340161, 25.30767129812, 21.58235168843, 44.45684719999, -240.009222863, 94.87532845161, 245.6030507577, 70.1856795858, 5402.935840609, 4389.741063927, 5406.186801675, 3553.911182286, 3, -0.1274407878054, -74.48868790147, 0.5926082335902, 37.20563766834, -1.472122157817, 9.065577697994, -1.377151932286, 10.83207580069, 0, 0, 0.02876671922648, -0, -0, -0, -0, -0, 0.02877215408214, 0.003689781037916, 0, 0, 0, 0, 0, -0.06056980055344, 0.003689781502973, -0.04330438843163, -0.06056979291639, 0.0488706062021, -0.06056979291639, 26.94299527233, 26.94994035436, 26.94284344713, 26.9499280538, 66.51327623191, -0.2019208697152, 0.2008455899727, 0, 1, 50.01930158483, 50, 50.02031204705, 0.005231644506576, 0, 0, 0, 0, 0, 0, 0, 0, 66.51360246287, 63.56465006857, 66.51330798654, 63.56449744934, 66.51327623191, 63.56457379933, 66.5136035602, 63.56465010886, 0, 66.5133090937, 63.56449748979, -0.01072340808619, 0, -0.2126225511504, -0.00555202095963, 0.1900976812774, -0.00555202095963, 0.7819139501675, 0.7822027513289, -0.7925553014742, -0.7927981213475, -0.005316387458983, -0.00488107799321, 0.7822096467907, 0.7826184782743, 0, -0.7928890009937, -0.7923806342608, 5.551115123126e-17, -0, 5.551115123126e-17, 5.551115123126e-17, 0.002658439501411, 0.3940877755642, 0.3912370678552, 0.3932552761473, 0, 0.3912305612665, 0.3949202749812
4.825, 0.2056974319846, 0.1520910987231, -0.1972477119438, 0.1521887209244, 0.01751734744224, -0.009106441463407, 0.001373201534152, 0.01656118836053, 0, 0, -1000, 0, 1000, 7519.441875307, 3606.383074116, 7531.653545977, 3547.380509287, 21.62335815242, 44.1642064156, 22.14262997132, 25.86037431051, -246.0566640248, -70.26191297585, 239.5442993542, -94.59238937089, 5398.248650789, 3566.487078952, 5410.820044373, 4373.045662025, 3, 0.5593021221605, 40.29160789915, -0.1057069866982, -76.401702119, -1.492529048809, 10.67463386951, -1.356453552505, 9.229082824623, 0, 0, 0.0287893756471, -0, -0, -0, -0, -0, 0.02879366730287, 0.005864064421289, 0, 0, 0, 0, 0, 0.05844860879704, 0.005864065161556, -0.04197337372395, 0.05844860141641, 0.05019395167164, 0.05844860141641, 27.08369360322, 27.09068848522, 27.08354428832, 27.09064381881, 66.86062976937, -0.2008109110596, 0.2019549476451, 0, 1, 50.01883727547, 50, 50.01980926897, 0.00495434752689, 0, 0, 0, 0, 0, 0, 0, 0, 66.86095118401, 63.91212960867, 66.86066664839, 63.91172638443, 66.86062976937, 63.91192789362, 66.86095224063, 63.91212950553, 0, 66.86066779388, 63.91172628172, -0.01043228978235, 0, -0.2112221199083, -0.01466859376026, 0.1914974795937, -0.01466859376026, 0.7818758998199, 0.783123789973, -0.7925933926841, -0.7918769779203, -0.005349407340947, -0.004778615334639, 0.782162514704, 0.7827209491032, 0, -0.7929361201892, -0.7922781797725, -0, -0, -5.551115123126e-17, -0, 0.002658348124069, 0.3940918938084, 0.3912464116479, 0.3948952385927, 0, 0.3912213238912, 0.3932885490242
4.85, 0.1975496227326, -0.1550691906944, -0.2053871706978, -0.1549686700592, -0.02141818108657, 0.008928250088552, -0.001594876434949, 0.01703730079539, 0, 0, 1000, 0, -1000, 7521.48640455, 3542.585301091, 7529.646082862, 3610.909562111, 22.19824243469, 26.0262846208, 21.56202653989, 43.92651210734, -240.0817754297, 93.31463727298, 245.512128539, 69.28873375757, 5402.427081873, 4375.665549486, 5406.574945969, 3566.250353565, 3, -0.03128371687656, -77.31867933597, 0.4682957352806, 41.87050010685, -1.471218970127, 9.092143429104, -1.377656187566, 10.80639478613, 0, 0, 0.02879353082901, -0, -0, -0, -0, -0, 0.0287986382639, 0.003703390217051, 0, 0, 0, 0, 0, -0.05865561785493, 0.003703390684694, -0.04327037623995, -0.05865561044561, 0.04889472189839, -0.05865561044561, 27.22439382332, 27.23140433246, 27.22424073473, 27.23138887531, 67.20798040887, -0.2019900633933, 0.2007754932532, 0, 1, 50.01837427206, 50, 50.01932515488, 0.004807108589257, 0, 0, 0, 0, 0, 0, 0, 0, 67.20830813567, 64.25935784712, 67.20801103557, 64.25919851176, 67.20798040887, 64.25927822025, 67.20830923296, 64.25935788785, 0, 67.20801214234, 64.25919855266, -0.01081474364683, 0, -0.2127830772387, -0.005796342214592, 0.1899362140868, -0.005796342214592, 0.78178895286, 0.7820981535367, -0.7926803518628, -0.7929026637279, -0.005441487873851, -0.004998812303789, 0.7820844179991, 0.7825007710045, 0, -0.793014215393, -0.7924983956121, -0, -5.551115123126e-17, -0, -0, 0.002658360297945, 0.3940895186872, 0.391238081494, 0.3932833286755, 0, 0.3912297879305, 0.3948957086989
4.875, 0.2060221512566, 0.1614576468415, -0.1969154707881, 0.1615679013935, 0.01794251750638, -0.009009404476746, 0.001724595339316, 0.01811978742386, 0, 0, -1000, 0, 1000, 7519.484139727, 3605.566551695, 7531.668938287, 3548.267259459, 21.62919269218, 43.73493820632, 22.20541376017, 26.52050898935, -246.0603261441, -69.59742500446, 239.5245972912, -93.4056470874, 5398.474622979, 3577.512954155, 5410.557714486, 4361.347776483, 3, 0.4207440698257, 44.95905633598, 0.01775432556545, -78.94733036517, -1.49236067885, 10.65286741221, -1.356575065491, 9.251329185405, 0, 0, 0.02879769683248, -0, -0, -0, -0, -0, 0.02880174058925, 0.005818397603088, 0, 0, 0, 0, 0, 0.05680189479025, 0.005818398338014, -0.04202091392675, 0.05680188761355, 0.05014457602832, 0.05680188761355, 27.36508960711, 27.37214737068, 27.3649389574, 27.37210430582, 67.55532779607, -0.2007116281825, 0.2020541729921, 0, 1, 50.01790263391, 50, 50.01882115355, 0.004720991964092, 0, 0, 0, 0, 0, 0, 0, 0, 67.55565064778, 64.60682740437, 67.55536335226, 64.60642482739, 67.55532779607, 64.60662601602, 67.55565170563, 64.60682730431, 0, 67.55536449659, 64.60642472773, -0.01053765227887, 0, -0.2112281696638, -0.01464504800441, 0.1914913598649, -0.01464504800441, 0.7817494246679, 0.7829893905758, -0.7927198784024, -0.7920113319563, -0.005475863054077, -0.004901666286363, 0.7820363638496, 0.7825979209976, 0, -0.793062269225, -0.7924012535703, -0, -0, -0, -0, 0.002658360933194, 0.3940925745327, 0.3912459612663, 0.3948732861234, 0, 0.3912218467557, 0.3933118629419
4.9, 0.1972423859395, -0.1638529836231, -0.2056952638777, -0.1637404590766, -0.02179445706299, 0.008831462397185, -0.001925872064449, 0.01828695042801, 0, 0, 1000, 0, -1000, 7521.520777546, 3543.555127495, 7529.673254599, 3610.294088597, 22.25428618862, 26.70437552205, 21.5667106261, 43.57810995964, -240.1201443188, 92.22373261138, 245.4712192495, 68.63566948987, 5402.207081487, 4362.347022216, 5406.930361282, 3574.100663774, 3, 0.07417066759712, -79.80269778902, 0.3652502206529, 46.16030658124, -1.471131633999, 9.115305462937, -1.377649190604, 10.78844705362, 0, 0, 0.02885244284588, -0, -0, -0, -0, -0, 0.02885729742628, 0.003741976113594, 0, 0, 0, 0, 0, -0.05712158391263, 0.003741976588044, -0.04322800457619, -0.05712157666766, 0.04893521629275, -0.05712157666766, 27.50578706896, 27.5128627649, 27.50563271145, 27.51284459142, 67.90267140929, -0.2020620822879, 0.2007031985372, 0, 1, 50.01743603139, 50, 50.01834832076, 0.004728482822836, 0, 0, 0, 0, 0, 0, 0, 0, 67.90300084926, 64.95405249684, 67.90270112364, 64.95388732903, 67.90267140929, 64.95396995414, 67.90300194632, 64.95405253796, 0, 67.90270223036, 64.95388737032, -0.01090656521687, 0, -0.212946894558, -0.006008516429632, 0.1897720273418, -0.006008516429632, 0.7816629528503, 0.781989295926, -0.7928063611206, -0.7930114781325, -0.005567509263722, -0.005118194211029, 0.7819581289886, 0.7823814100995, 0, -0.7931405005536, -0.7926177985215, -5.551115123126e-17, -0, 5.551115123126e-17, -0, 0.002658178455891, 0.3940949757763, 0.3912385199601, 0.3933098702318, 0, 0.3912290796961, 0.3948800813209
4.925, 0.2064316641116, 0.1717136343505, -0.1965059858379, 0.1718386243083, 0.0184089275746, -0.008869721348629, 0.00203427705018, 0.01906346493174, 0, 0, -1000, 0, 1000, 7519.484733067, 3604.936743487, 7531.745507501, 3549.860037062, 21.64843020398, 43.18043794657, 22.2366015441, 27.62514151735, -246.1007449992, -68.56935069651, 239.4853410982, -91.72321598096, 5398.690161577, 3585.35416635, 5410.468385465, 4340.851567423, 3, 0.3061022797791, 49.76321379786, 0.1340902644463, -82.06132712113, -1.492626207365, 10.63310763912, -1.356051335031, 9.288207582894, 0, 0, 0.02888152838485, -0, -0, -0, -0, -0, 0.02888526844433, 0.005825203000524, 0, 0, 0, 0, 0, 0.05474837771593, 0.005825203740599, -0.04202607635084, 0.0547483707585, 0.05013412836166, 0.0547483707585, 27.64648019311, 27.65360101497, 27.64632815198, 27.6535599557, 68.25001198671, -0.2006440319405, 0.2021210270287, 0, 1, 50.01695800609, 50, 50.01783114514, 0.004493570114287, 0, 0, 0, 0, 0, 0, 0, 0, 68.25033686297, 65.30151245153, 68.25004665854, 65.30111142107, 68.25001198671, 65.30131184041, 68.25033792116, 65.30151235546, 0, 68.25004780237, 65.30111132537, -0.0106471772515, 0, -0.2112700344331, -0.01458878874819, 0.1914486210049, -0.01458878874819, 0.7816222323426, 0.7828507237693, -0.7928470970144, -0.7921499442065, -0.005602983691065, -0.005026193332854, 0.7819092064601, 0.7824734216238, 0, -0.7931894166562, -0.7925258082895, -0, -0, -0, -0, 0.002658106424576, 0.3941051928551, 0.3912455318808, 0.3948576799629, 0, 0.3912220247643, 0.3933527057474
4.95, 0.1968418633612, -0.175308705601, -0.2060844568784, -0.1751794599165, -0.02243808545763, 0.008642990625483, -0.002259193811122, 0.01922353081033, 0, 0, 1000, 0, -1000, 7521.502232636, 3545.160154953, 7529.758602974, 3609.376751175, 22.2767127787, 27.90595106874, 21.58081469333, 42.76264090955, -240.1519729692, 90.06558930379, 245.4302905702, 67.31710849485, 5401.710816929, 4341.261234493, 5407.380588347, 3586.49329042, 3, 0.1590241170497, -83.33290532758, 0.2584119409545, 51.56758794483, -1.471594480711, 9.153560346604, -1.377029866253, 10.76297404884, 0, 0, 0.02889745370092, -0, -0, -0, -0, -0, 0.02890192504655, 0.003849821522286, 0, 0, 0, 0, 0, -0.05469551643938, 0.003849822011934, -0.04313019531195, -0.05469550948065, 0.04902932301629, -0.05469550948065, 27.78717498907, 27.79431654457, 27.78701939181, 27.79429479201, 68.59734960607, -0.2021122891915, 0.2006526371633, 0, 1, 50.01648766856, 50, 50.01733636754, 0.004250453319939, 0, 0, 0, 0, 0, 0, 0, 0, 68.59768062102, 65.64873559513, 68.59737835794, 65.64856281947, 68.59734960607, 65.64864924857, 68.59768171633, 65.64873563632, 0, 68.59737946597, 65.64856286082, -0.01099668206056, 0, -0.2130872334722, -0.006285277251792, 0.1896312636076, -0.006285277251792, 0.7815363694494, 0.7818866640094, -0.7929329637741, -0.7931140441575, -0.005694042742378, -0.005237472025204, 0.7818308784528, 0.7822621644149, 0, -0.7932677450216, -0.7927371084653, -0, -0, -0, -0, 0.002658146242616, 0.3941036505824, 0.3912395090379, 0.3933518900245, 0, 0.3912281822804, 0.3948554111404
4.975, 0.206632004185, 0.1825954662745, -0.1962903284208, 0.1827372751113, 0.01913554013788, -0.008692993533015, 0.002374674798923, 0.02022475545698, 0, 0, -1000, 0, 1000, 7519.454576538, 3603.726681192, 7531.80885483, 3550.912597894, 21.67247776276, 42.31850140176, 22.27789243318, 28.55581486743, -246.0014906415, -67.37447171575, 239.5675405032, -89.77177040641, 5399.067267401, 3600.812165348, 5409.964898994, 4327.006163393, 3, 0.1997741550742, 55.26346830996, 0.2082602697834, -85.20987421721, -1.493209578282, 10.60269399775, -1.355659325162, 9.31539440682, 0, 0, 0.02887763498907, -0, -0, -0, -0, -0, 0.02888107601373, 0.00579700571615, 0, 0, 0, 0, 0, 0.05262485901672, 0.005797006452445, -0.04206510001781, 0.05262485233108, 0.05009863561808, 0.05262485233108, 27.92786565986, 27.93504910782, 27.92771222664, 27.93500996568, 68.94468436539, -0.200592407541, 0.2021732668238, 0, 1, 50.01600847659, 50, 50.01681115382, 0.004047506921458, 0, 0, 0, 0, 0, 0, 0, 0, 68.94501064383, 65.99618375919, 68.94471758104, 65.99578442299, 68.94468436539, 65.99598399932, 68.94501170327, 65.99618366725, 0, 68.94471872374, 65.99578433138, -0.01075425047439, 0, -0.2113254665031, -0.01452715525312, 0.1913938087872, -0.01452715525312, 0.781493233242, 0.7827098231238, -0.792976078257, -0.7922907905862, -0.005731931668409, -0.005152458890848, 0.7817804732792, 0.7823471836291, 0, -0.7933181564298, -0.7926521014108, -0, -5.551115123126e-17, -0, 5.551115123126e-17, 0.002658327944226, 0.3941036003719, 0.3912447804786, 0.3948269008617, 0, 0.391223027937, 0.3933802998821
5, 0.1966002237783, -0.1857107046391, -0.2063204696247, -0.1855652580358, -0.02320248672447, 0.008503212442327, -0.002573052564963, 0.0204452182147, 0, 0, 1000, 0, -1000, 7521.48732119, 3546.243029846, 7529.783997744, 3608.479630175, 22.33948520216, 28.86383129369, 21.63585076474, 42.07297648681, -240.1449786284, 88.43017903792, 245.4242860389, 66.31907484378, 5401.475521592, 4327.576877937, 5407.599812001, 3599.040023888, 3, 0.2591910393548, -86.21548286321, 0.1445908980366, 56.87780082323, -1.472017417704, 9.180357762219, -1.377036345895, 10.73883242404, 0, 0, 0.0288894250377, -0, -0, -0, -0, -0, 0.02889360438448, 0.003897700224638, 0, 0, 0, 0, 0, -0.0527946378937, 0.003897700720101, -0.04308735401089, -0.05279463118068, 0.04908136225553, -0.05279463118068, 28.06855777333, 28.07576445193, 28.06840089678, 28.07573976769, 69.2920154953, -0.2021923000545, 0.200573748276, 0, 1, 50.01553601035, 50, 50.01632686929, 0.004040399597974, 0, 0, 0, 0, 0, 0, 0, 0, 69.29234777721, 66.34340492517, 69.29204286885, 66.34322550729, 69.2920154953, 66.34331525759, 69.29234887231, 66.34340496646, 0, 69.29204397705, 66.34322554873, -0.01108910232359, 0, -0.2132596921067, -0.00652690988112, 0.1894599352043, -0.00652690988112, 0.7814077295281, 0.7817782000132, -0.7930615560829, -0.7932224583961, -0.005822663419762, -0.005358985112101, 0.7817019463444, 0.7821406754641, 0, -0.7933966922932, -0.7928586456883, 5.551115123126e-17, -0, -0, -0, 0.00265837689028, 0.3941047959374, 0.3912399779737, 0.3933791619287, 0, 0.3912277452758, 0.3948304299461
5.025, 0.2069058523706, 0.1932967814926, -0.1960183693326, 0.1934560928061, 0.01987222662874, -0.008531639389115, 0.002658955992361, 0.02104974759047, 0, 0, -1000, 0, 1000, 7519.458739686, 3603.009991809, 7531.823225799, 3552.370035277, 21.73202246233, 41.6061240192, 22.32475667753, 29.73339359723, -245.9820375459, -66.20799929549, 239.5857297158, -87.9372107187, 5399.361661062, 3610.857629886, 5409.80166039, 4308.524695327, 3, 0.1112644818922, 60.56433428428, 0.2958533755423, -88.35537232456, -1.493429998648, 10.5810914852, -1.355780335511, 9.349812421449, 0, 0, 0.02891587539667, -0, -0, -0, -0, -0, 0.02891903738456, 0.005767605975082, 0, 0, 0, 0, 0, 0.05055760838807, 0.005767606709584, -0.04210140933548, 0.05055760194817, 0.05007032734828, 0.05055760194817, 28.20924577867, 28.21649217005, 28.20909093579, 28.2164548564, 69.63934314661, -0.2005377148529, 0.2022303112694, 0, 1, 50.01505657615, 50, 50.01580905058, 0.003882584633545, 0, 0, 0, 0, 0, 0, 0, 0, 69.63967115132, 66.69084284825, 69.63937515376, 66.69044500741, 69.63934314661, 66.69064383999, 69.63967221195, 66.69084276025, 0, 69.6393762955, 66.69044491973, -0.01086389483762, 0, -0.2113803719167, -0.01447275678518, 0.1913411897093, -0.01447275678518, 0.7813629509667, 0.7825682390263, -0.7931063177656, -0.7924323238933, -0.005862174662056, -0.005279805621489, 0.7816504385087, 0.7822198626721, 0, -0.7934482029322, -0.792779473915, -0, 5.551115123126e-17, -0, 5.551115123126e-17, 0.002658368074647, 0.3941120155662, 0.3912441938551, 0.3948069028111, 0, 0.3912233532823, 0.3934171283214
5.05, 0.1962379750451, -0.1975809673752, -0.2066799489837, -0.1974158363793, -0.02405237295264, 0.008295905122503, -0.002836525828419, 0.02100860048969, 0, 0, 1000, 0, -1000, 7521.500264041, 3548.033542715, 7529.802310776, 3607.577595132, 22.36269210901, 30.31746321277, 21.69605345683, 41.11530028662, -240.1410185255, 86.0469350448, 245.4269313147, 64.7918465607, 5401.218160748, 4304.81886076, 5407.928222472, 3611.211100869, 3, 0.3417385287326, -89.864175229, 0.05264293533101, 62.59474049975, -1.47214467461, 9.222574731357, -1.377114958005, 10.71268157443, 0, 0, 0.0289379131954, -0, -0, -0, -0, -0, 0.02894171761627, 0.003941886246106, 0, 0, 0, 0, 0, -0.05026344419732, 0.003941886748869, -0.04304564660481, -0.05026343778484, 0.04912805717546, -0.05026343778484, 28.34993512876, 28.35720770268, 28.34977703587, 28.35717945049, 69.98666763259, -0.2022100333717, 0.2005579749443, 0, 1, 50.01458428199, 50, 50.01531499162, 0.003681910760643, 0, 0, 0, 0, 0, 0, 0, 0, 69.98700148835, 67.03806237575, 69.9866940901, 67.03787498713, 69.98666763259, 67.03796872257, 69.98700258295, 67.03806241681, 0, 69.98669519874, 67.03787502833, -0.01117886199613, 0, -0.2133671696676, -0.006816871912676, 0.1893543372957, -0.006816871912676, 0.7812778238567, 0.7816735838102, -0.7931914347735, -0.7933270110942, -0.005952557350482, -0.005480970939781, 0.7815717562622, 0.7820187204607, 0, -0.793526889266, -0.7929806623402, -5.551115123126e-17, -0, -0, -0, 0.002658409163046, 0.3941153563528, 0.3912404908587, 0.3934245122363, 0, 0.3912270907987, 0.3948062004693
5.075, 0.2071201345026, 0.2055256253295, -0.195789362373, 0.20570631763, 0.02089794921137, -0.008280183303689, 0.002913442078211, 0.0215432963825, 0, 0, -1000, 0, 1000, 7519.500884403, 3601.729209799, 7531.79937516, 3553.933326834, 21.79570777668, 40.38816394546, 22.33779930496, 31.1776477426, -245.8809347472, -64.42942463128, 239.6762091729, -85.17264198313, 5399.841428789, 3627.807187173, 5409.234949767, 4288.16459139, 3, 0.03310215443514, 66.63919188866, 0.3440962413082, -92.10970847222, -1.49324892987, 10.5480450128, -1.356295541698, 9.388310067321, 0, 0, 0.02892431377865, -0, -0, -0, -0, -0, 0.02892713276685, 0.005666448019793, 0, 0, 0, 0, 0, 0.04785390280935, 0.005666448741834, -0.04219383707223, 0.04785389671043, 0.04998522940434, 0.04785389671043, 28.49062070769, 28.49792975665, 28.49046442248, 28.49789469362, 70.33398932206, -0.2005253923016, 0.202242744559, 0, 1, 50.01410732858, 50, 50.01478667982, 0.003384060134243, 0, 0, 0, 0, 0, 0, 0, 0, 70.33431888036, 67.3854880401, 70.3340198872, 67.38509295127, 70.33398932206, 67.38529041312, 70.3343199438, 67.38548795739, 0, 70.33402102642, 67.38509286884, -0.01097335228803, 0, -0.2114774542328, -0.01437264436293, 0.1912442008457, -0.01437264436293, 0.7812306867598, 0.7824198855482, -0.7932385433908, -0.7925806142363, -0.005994489664001, -0.005409532791685, 0.7815188047347, 0.7820901677622, 0, -0.7935798484871, -0.7929092333455, -0, -0, -0, -0, 0.002658621721951, 0.3941154284955, 0.3912432376785, 0.3947731547643, 0, 0.3912244826949, 0.3934577022267
5.1, 0.1961317012437, -0.2090569904381, -0.2067725846086, -0.2088714896759, -0.02509658424243, 0.00807552263848, -0.003085796292486, 0.02167484796924, 0, 0, 1000, 0, -1000, 7521.526420993, 3549.282082495, 7529.765319308, 3606.295187647, 22.39748042302, 31.57657062714, 21.77752730056, 40.00191134381, -240.2022497008, 83.60275938121, 245.3498076557, 63.22491551022, 5400.845315513, 4289.113053562, 5408.192864216, 3628.263660319, 3, 0.402838295539, -93.21562294478, -0.03790729530677, 68.50371426912, -1.4721285914, 9.254565707518, -1.377768904232, 10.68000970648, 0, 0, 0.02891044328607, -0, -0, -0, -0, -0, 0.0289139107336, 0.003963548296035, 0, 0, 0, 0, 0, -0.0478895555942, 0.003963548800601, -0.04302326674012, -0.04788954949631, 0.04916422845493, -0.04788954949631, 28.63130744538, 28.6386452766, 28.6311480942, 28.63861383728, 70.68130778615, -0.2022708105453, 0.2004981449918, 0, 1, 50.01363789587, 50, 50.01429818728, 0.003301864141291, 0, 0, 0, 0, 0, 0, 0, 0, 70.6816427576, 67.73270617265, 70.68133275027, 67.73251105767, 70.68130778615, 67.73260865597, 70.68164385241, 67.73270621339, 0, 70.68133385883, 67.73251109854, -0.01127052577403, 0, -0.2135196424477, -0.00709794374517, 0.1892028488767, -0.00709794374517, 0.781146539179, 0.7815665432781, -0.7933226479988, -0.7934339947936, -0.006083843893803, -0.005604313230235, 0.7814403193209, 0.7818954056484, 0, -0.7936583490252, -0.7931040321088, -0, -0, -0, -0, 0.002658835723415, 0.3941140289531, 0.3912412336928, 0.3934558126559, 0, 0.3912265634122, 0.3947722452504
5.125, 0.2073207441843, 0.2165086542673, -0.1955841356716, 0.2167096466215, 0.02192410045886, -0.008091635705703, 0.003129107015965, 0.02207274417433, 0, 0, -1000, 0, 1000, 7519.534163954, 3600.709103806, 7531.745623972, 3555.161052729, 21.89132031214, 39.42078040288, 22.38051102724, 32.41567399815, -245.8562685827, -63.04966964778, 239.6929231021, -83.04333086188, 5400.086024052, 3642.001604496, 5409.024537947, 4272.368671452, 3, -0.05003371092431, 72.29339023463, 0.4141513855957, -95.27948163987, -1.493157936783, 10.52058129935, -1.357122846414, 9.418765949122, 0, 0, 0.02891999351452, -0, -0, -0, -0, -0, 0.02892255008499, 0.005600079101131, 0, 0, 0, 0, 0, 0.04568060384447, 0.005600079814502, -0.04225724837032, 0.04568059802438, 0.04993838679771, 0.04568059802438, 28.77199049215, 28.77936231955, 28.77183277265, 28.77932896682, 71.02862272685, -0.2005165913572, 0.2022533785086, 0, 1, 50.01316465466, 50, 50.01378585619, 0.003189303769205, 0, 0, 0, 0, 0, 0, 0, 0, 71.0289537385, 68.08012076345, 71.02865177473, 68.07972736294, 71.02862272685, 68.07992398471, 71.02895480403, 68.08012068484, 0, 71.02865291231, 68.07972728458, -0.01108159652285, 0, -0.2115768688618, -0.01431122660758, 0.1911466177706, -0.01431122660758, 0.7810977149418, 0.782274924637, -0.7933714282705, -0.7927255268064, -0.006127475758124, -0.005539521526272, 0.7813862655555, 0.7819602036207, 0, -0.7937124138872, -0.7930392466733, -0, -5.551115123126e-17, 5.551115123126e-17, -5.551115123126e-17, 0.002658955719822, 0.3941170358194, 0.391242750118, 0.3947448912642, 0, 0.3912249021207, 0.3934891803746
5.15, 0.1959326275435, -0.2194169348835, -0.2069715904058, -0.2192120675698, -0.02602944939444, 0.007883970885459, -0.003279353299175, 0.02193271524795, 0, 0, 1000, 0, -1000, 7521.53285682, 3550.574587004, 7529.759396927, 3605.355422041, 22.4312340274, 32.83092758373, 21.86442091845, 39.10276763544, -240.2534665165, 81.50311401657, 245.3009156594, 61.81779312254, 5400.663409225, 4271.632895197, 5408.514513533, 3639.980969704, 3, 0.4609999877913, -96.3310542391, -0.09847971642525, 73.71075708689, -1.472317497364, 9.285863119436, -1.378092114005, 10.65401278614, 0, 0, 0.02896843580573, -0, -0, -0, -0, -0, 0.02897161684289, 0.003995201077164, 0, 0, 0, 0, 0, -0.04577371324756, 0.003995201587802, -0.04299993520956, -0.04577370739581, 0.04919992568733, -0.04577370739581, 28.91267443482, 28.92007763633, 28.91251387502, 28.92004324936, 71.37593402563, -0.2022581221665, 0.2005120436313, 0, 1, 50.01270121379, 50, 50.01331336659, 0.003158433154248, 0, 0, 0, 0, 0, 0, 0, 0, 71.37627064137, 68.42733671739, 71.37595812855, 68.42713446786, 71.37593402563, 68.42723563306, 71.37627173599, 68.42733675776, 0, 71.37595923745, 68.42713450836, -0.01136230512675, 0, -0.2135987016885, -0.007357486157028, 0.1891249005543, -0.007357486157028, 0.7810141803959, 0.7814562612577, -0.7934549405137, -0.7935442283741, -0.006216152267507, -0.005729120450195, 0.7813078014912, 0.7817706217483, 0, -0.7937908847376, -0.7932288626487, -0, 5.551115123126e-17, -0, -0, 0.002658952723267, 0.3941197807367, 0.3912415961754, 0.3934906455535, 0, 0.3912259224675, 0.3947489159199
5.175, 0.2075382812699, 0.2278705107637, -0.1953611991238, 0.2280936797425, 0.02295052798324, -0.007830499788447, 0.003237822774504, 0.02206508092217, 0, 0, -1000, 0, 1000, 7519.547469433, 3599.595282837, 7531.744882971, 3557.000872524, 22.00028146699, 38.2113491785, 22.39758190462, 34.15955020924, -245.857190242, -61.08184205672, 239.6903437339, -80.09082632659, 5400.345138767, 3656.000680865, 5408.806248043, 4248.34661677, 3, -0.1121107645806, 77.90943754954, 0.465086585498, -98.8067685526, -1.493274523592, 10.48972288149, -1.357390900266, 9.462547627696, 0, 0, 0.02898576771496, -0, -0, -0, -0, -0, 0.02898800734025, 0.005559987528331, 0, 0, 0, 0, 0, 0.04292534007846, 0.00555998823982, -0.04230069010927, 0.04292533458463, 0.04990427557293, 0.04292533458463, 29.0533550106, 29.06078976568, 29.05319583647, 29.06075851605, 71.72324243204, -0.2005069975594, 0.2022631535951, 0, 1, 50.01223005685, 50, 50.01279205932, 0.002860473285692, 0, 0, 0, 0, 0, 0, 0, 0, 71.72357542258, 68.77474025764, 71.72327039076, 68.77434978433, 71.72324243204, 68.77454494778, 71.72357648973, 68.77474018433, 0, 71.72327152696, 68.77434971123, -0.01119367475216, 0, -0.2116792830245, -0.01420474091711, 0.191044274555, -0.01420474091711, 0.7809638290008, 0.7821242317882, -0.7935052638029, -0.7928761618195, -0.006261341019274, -0.005671240471731, 0.7812526758703, 0.7818285143215, 0, -0.7938460168847, -0.793170995265, -5.551115123126e-17, -0, -0, -0, 0.002659107549487, 0.3941270335174, 0.3912422337344, 0.3947170193437, 0, 0.3912253371639, 0.393537047691
5.2, 0.195790701595, -0.2315527808905, -0.2070967653861, -0.2313238906125, -0.02721873717591, 0.007569429904257, -0.003390020395701, 0.02181500464149, 0, 0, 1000, 0, -1000, 7521.490352936, 3552.393581909, 7529.78972844, 3603.937544227, 22.4361592667, 34.65062223013, 21.97163518068, 37.62845784495, -240.3287893771, 78.04517874624, 245.2107530759, 59.51918476147, 5400.133083361, 4248.093055497, 5408.906786994, 3658.651749981, 3, 0.4791459106358, -100.1560677001, -0.1522752704052, 79.75748695865, -1.473013670176, 9.330479771944, -1.378032718668, 10.61713575275, 0, 0, 0.02897893478631, -0, -0, -0, -0, -0, 0.0289817264327, 0.004089581703977, 0, 0, 0, 0, 0, -0.04271485124954, 0.004089582227057, -0.04292588998305, -0.04271484578502, 0.04928804082431, -0.04271484578502, 29.19403639216, 29.20150538849, 29.19387462563, 29.20146746098, 72.07054804341, -0.202255007435, 0.2005161620154, 0, 1, 50.0117723533, 50, 50.0123113888, 0.00263105710359, 0, 0, 0, 0, 0, 0, 0, 0, 72.070885957, 69.12195580852, 72.07057098575, 69.12174452697, 72.07054804341, 69.12185020716, 72.07088705018, 69.12195584788, 0, 72.07057209614, 69.12174456644, -0.01145216796109, 0, -0.2136854791264, -0.007686056017394, 0.1890391028232, -0.007686056017394, 0.7808813002514, 0.7813527150155, -0.7935877471327, -0.7936477084995, -0.006348920122061, -0.005853670973097, 0.7811744165257, 0.7816461030981, 0, -0.7939242923488, -0.7933534450442, -0, -0, 5.551115123126e-17, -0, 0.002659408599457, 0.3941246466441, 0.3912426529803, 0.3935375538735, 0, 0.3912251405295, 0.3947117394148
5.225, 0.2075997873196, 0.2396649091982, -0.1952829429049, 0.2399124715341, 0.02419616496866, -0.007554622534996, 0.003358973370712, 0.02206802351665, 0, 0, -1000, 0, 1000, 7519.499787721, 3598.030583075, 7531.737575736, 3558.314525973, 22.11566139813, 36.7867336529, 22.41676183907, 35.64917453354, -245.7714040953, -59.06389085204, 239.7542136799, -77.06442294044, 5400.581719366, 3676.666645512, 5408.398208371, 4231.691539566, 3, -0.1818743033834, 84.03658711837, 0.4949941794514, -102.3424014128, -1.494025733759, 10.45051289637, -1.35772320207, 9.496819763826, 0, 0, 0.0289425433062, -0, -0, -0, -0, -0, 0.0289444916987, 0.005528499541368, 0, 0, 0, 0, 0, 0.04022080919266, 0.005528500246719, -0.04234469629291, 0.04022080406042, 0.04988382281456, 0.04022080406042, 29.3347147131, 29.34221210049, 29.33455407825, 29.34218278332, 72.41785083544, -0.2005095495472, 0.2022635567516, 0, 1, 50.0113089301, 50, 50.01179555424, 0.002406109159373, 0, 0, 0, 0, 0, 0, 0, 0, 72.41818504324, 69.46934662288, 72.41787698178, 69.46895903263, 72.41785083544, 69.46915275967, 72.41818611206, 69.4693465547, 0, 72.41787811686, 69.46895896464, -0.01130404532848, 0, -0.2117922152716, -0.01409986049726, 0.1909343549448, -0.01409986049726, 0.7808287087159, 0.7819726144892, -0.7936402617081, -0.7930277258871, -0.006396402908557, -0.005804224387534, 0.7811178557276, 0.7816955577335, 0, -0.7939808758456, -0.7933040065086, -0, -0, -0, -0, 0.002659819814344, 0.3941230521093, 0.3912417622365, 0.3946758656126, 0, 0.3912261501132, 0.3935702386061
5.25, 0.1956839934068, -0.2429251526987, -0.2071984719177, -0.2426725980483, -0.0284433146545, 0.00732516812221, -0.003498732686749, 0.02192560021015, 0, 0, 1000, 0, -1000, 7521.412426446, 3553.764145449, 7529.792132004, 3602.700669317, 22.47918109344, 36.14055473807, 22.11276625539, 36.41072054818, -240.355077881, 75.33706826758, 245.1705971478, 57.69468899284, 5399.892844836, 4231.244024023, 5409.120773098, 3676.18992178, 3, 0.5248744890357, -103.4460928286, -0.2149602338545, 85.71881458936, -1.474080065613, 9.364637197718, -1.378263199649, 10.58453052872, 0, 0, 0.02893765391891, -0, -0, -0, -0, -0, 0.02894014630107, 0.004152897313801, 0, 0, 0, 0, 0, -0.04022292581083, 0.004152897843468, -0.04288783042875, -0.04022292067986, 0.04935498828127, -0.04022292067986, 29.47539350064, 29.48292779653, 29.4752305074, 29.48288684752, 72.76515011364, -0.2022661547184, 0.2005083816753, 0, 1, 50.01085726106, 50, 50.01133338538, 0.002410984706886, 0, 0, 0, 0, 0, 0, 0, 0, 72.76548900291, 69.81656165282, 72.76517151029, 69.81634247674, 72.76515011364, 69.81645210328, 72.76549009565, 69.81656169127, 0, 72.7651726216, 69.81634251529, -0.01154377106797, 0, -0.21378827942, -0.007973245510723, 0.1889397211922, -0.007973245510723, 0.7807467027853, 0.7812431203508, -0.793722193751, -0.793757252507, -0.006483384865273, -0.005980382177926, 0.781039559529, 0.781519416143, 0, -0.7940591957278, -0.7934801804989, -0, 5.551115123126e-17, -0, 5.551115123126e-17, 0.002660082915593, 0.3941239726559, 0.3912431317376, 0.3935711300609, 0, 0.391224713869, 0.394676815251
5.275, 0.2078042986169, 0.2517005714717, -0.1950799798967, 0.251974254091, 0.02538578650687, -0.007251101084111, 0.003382392499411, 0.02188478084771, 0, 0, -1000, 0, 1000, 7519.447820911, 3596.911056628, 7531.723861854, 3560.43766899, 22.26943004572, 35.44327622974, 22.4631968932, 37.6222172463, -245.7622124724, -56.74782737323, 239.7613435076, -73.68219771081, 5400.813243286, 3692.929053094, 5408.265576089, 4206.281612367, 3, -0.2271178060359, 90.19105366535, 0.5372886462051, -105.9663781728, -1.494819617107, 10.41815680865, -1.358121898264, 9.54714569481, 0, 0, 0.02893561676254, -0, -0, -0, -0, -0, 0.0289372626293, 0.005516352510633, 0, 0, 0, 0, 0, 0.03720095448898, 0.005516353214098, -0.04237165617683, 0.03720094974444, 0.04988421685693, 0.03720094974444, 29.61606942608, 29.62362976294, 29.61590726592, 29.62360258935, 73.11244618436, -0.2005569019023, 0.2022191390336, 0, 1, 50.01039817443, 50, 50.0108238213, 0.002174937439664, 0, 0, 0, 0, 0, 0, 0, 0, 73.11278195002, 70.163941283, 73.11247067022, 70.16355718878, 73.11244618436, 70.16374917348, 73.11278302034, 70.16394122051, 0, 73.11247180436, 70.16355712645, -0.01141902290601, 0, -0.2119545367247, -0.01397268157589, 0.1907749654262, -0.01397268157589, 0.7806925053735, 0.7818173845291, -0.7937763206735, -0.7931829006177, -0.006532532212444, -0.00593865984138, 0.7809818361343, 0.7815611507509, 0, -0.7941169377347, -0.7934384704337, -5.551115123126e-17, -0, -0, -0, 0.002660317449044, 0.3941321772175, 0.3912413008975, 0.3946434844397, 0, 0.3912264143185, 0.3936208699953
5.3, 0.1954951968299, -0.2557388454285, -0.207380939819, -0.2554581610377, -0.02978335675472, 0.006951664137564, -0.003490942888435, 0.02136652634907, 0, 0, 1000, 0, -1000, 7521.326429384, 3556.018466932, 7529.825976408, 3601.242831589, 22.49650785331, 38.28271071665, 22.24394378622, 34.7188753326, -240.41545434, 71.24854092923, 245.1072590296, 54.87506011762, 5399.450500324, 4203.143737758, 5409.582759015, 3696.625978557, 3, 0.5440060927981, -107.5354502869, -0.2520721376215, 92.08822743593, -1.475228774697, 9.418877696464, -1.378161080223, 10.54513977017, 0, 0, 0.02893224688097, -0, -0, -0, -0, -0, 0.02893434674764, 0.004264157315705, 0, 0, 0, 0, 0, -0.03670565937016, 0.004264157859358, -0.04281026825923, -0.03670565468974, 0.04945652204919, -0.03670565468974, 29.75674559467, 29.76434607554, 29.7565814338, 29.76430132121, 73.45973930174, -0.2021987377923, 0.2005784398412, 0, 1, 50.00995674048, 50, 50.01036424383, 0.001972211433325, 0, 0, 0, 0, 0, 0, 0, 0, 73.46007932959, 70.51115671756, 73.45975947817, 70.51092753778, 73.45973930174, 70.51104216441, 73.46008042047, 70.51115675425, 0, 73.45976059165, 70.51092757457, -0.0116334167243, 0, -0.2138105510471, -0.00833716284008, 0.1889200874252, -0.00833716284008, 0.7806113426073, 0.781140816562, -0.7938574275187, -0.7938594899639, -0.006618560211413, -0.006106842342882, 0.7809036703809, 0.7813929877201, 0, -0.7941951219865, -0.7936066724059, -0, -0, 5.551115123126e-17, -5.551115123126e-17, 0.002660586525208, 0.3941316225915, 0.3912440132978, 0.3936271229349, 0, 0.3912237929808, 0.3946361222481
5.325, 0.2077888509546, 0.2637290492253, -0.1950819241797, 0.2640304010622, 0.02677253449351, -0.006874650020186, 0.003376312854271, 0.02127882837442, 0, 0, -1000, 0, 1000, 7519.407529828, 3595.063790164, 7531.703873641, 3562.130487453, 22.39280187177, 33.64826240165, 22.4738487623, 39.4467725896, -245.6249475426, -53.95132344372, 239.888248694, -69.65595282526, 5401.234153626, 3717.110428901, 5407.728405709, 4184.827522773, 3, -0.2632674987105, 96.36405440962, 0.5401150762094, -109.8035452037, -1.495487117941, 10.37227631176, -1.358580382954, 9.590471795254, 0, 0, 0.02889474849054, -0, -0, -0, -0, -0, 0.02889609446417, 0.005454352388915, 0, 0, 0, 0, 0, 0.03389390472029, 0.005454353082509, -0.04243852932391, 0.03389390040982, 0.04984252201789, 0.03389390040982, 29.89741939379, 29.90504245511, 29.89725570479, 29.90501739144, 73.80702979637, -0.2006140129691, 0.2021649758611, 0, 1, 50.00951046098, 50, 50.00986502154, 0.001712751895197, 0, 0, 0, 0, 0, 0, 0, 0, 73.8073668747, 70.85852241122, 73.80705240598, 70.85814238186, 73.80702979637, 70.85833234028, 73.80736794758, 70.85852235489, 0, 73.80705353818, 70.85814232567, -0.01153245950261, 0, -0.212125080976, -0.01382480910312, 0.1906074219985, -0.01382480910312, 0.7805544308194, 0.7816581879005, -0.7939142630647, -0.7933420418316, -0.006670596418483, -0.00607507828058, 0.7808442175927, 0.781424761005, 0, -0.7942545963615, -0.7935749175662, -0, -0, -0, -0, 0.002660995967713, 0.3941294749113, 0.391240462093, 0.394595328509, 0, 0.3912274846264, 0.3936636213137
5.35, 0.1954784257389, -0.2671722150516, -0.2073897717291, -0.2668651055625, -0.03115476320296, 0.006624912310842, -0.003470265740532, 0.02103225344744, 0, 0, 1000, 0, -1000, 7521.273625738, 3557.604763316, 7529.799895482, 3599.642240852, 22.53921561354, 40.01973928024, 22.40114923858, 33.15821867172, -240.4425252957, 67.65213025846, 245.0674739721, 52.38693156466, 5399.230495489, 4183.804130211, 5409.717138733, 3718.531018846, 3, 0.5770584092412, -110.9521613926, -0.3079942600403, 98.11388542358, -1.476026882497, 9.459283207534, -1.378684501668, 10.50436395826, 0, 0, 0.02887194482793, -0, -0, -0, -0, -0, 0.02887373467313, 0.004299904719675, 0, 0, 0, 0, 0, -0.0337167974577, 0.004299905265604, -0.04279535484459, -0.03371679317639, 0.04950084445967, -0.03371679317639, 30.03809308208, 30.04575903136, 30.03792771084, 30.04571110733, 74.15431709643, -0.2021778329457, 0.2006027145241, 0, 1, 50.00907679945, 50, 50.00941897608, 0.001693672531757, 0, 0, 0, 0, 0, 0, 0, 0, 74.15465794706, 71.20573860018, 74.15433562218, 71.20550037523, 74.15431709643, 71.20561952279, 74.15465903792, 71.20573863522, 0, 74.15433673626, 71.20550041035, -0.01172466060689, 0, -0.213880942446, -0.008666210613129, 0.1888531479505, -0.008666210613129, 0.7804738775046, 0.7810326559876, -0.7939947390097, -0.7939675987042, -0.006755912487092, -0.006235538567288, 0.7807661037687, 0.7812643160706, 0, -0.7943327358857, -0.7937353932052, -0, -0, -0, -0, 0.002661332238935, 0.3941290800153, 0.3912444516304, 0.3936656606619, 0, 0.3912235250309, 0.3945924993687
5.375, 0.2078333929538, 0.2743556937517, -0.1950363989382, 0.2746824846206, 0.02803499820771, -0.006568743226789, 0.003349283817203, 0.02076262468959, 0, 0, -1000, 0, 1000, 7519.420616877, 3593.712453766, 7531.61983827, 3563.694292833, 22.5422738443, 32.28825165169, 22.51791540425, 41.08993968772, -245.5611887426, -51.62022075534, 239.950021295, -66.35345716362, 5401.519729812, 3735.511051795, 5407.520559558, 4164.784301581, 3, -0.293329032639, 101.866340856, 0.5619012454684, -113.0840282146, -1.495591983771, 10.33656314823, -1.359709405403, 9.62933243496, 0, 0, 0.02888569971566, -0, -0, -0, -0, -0, 0.02888681722195, 0.00538121192009, 0, 0, 0, 0, 0, 0.03110800756311, 0.005381212603956, -0.04250855139753, 0.03110800360948, 0.04980081112992, 0.03110800360948, 30.17876461007, 30.18645069993, 30.17859941826, 30.18642734045, 74.50160101367, -0.2006542695308, 0.2021277846144, 0, 1, 50.00864250557, 50, 50.00894797954, 0.001589993950912, 0, 0, 0, 0, 0, 0, 0, 0, 74.50193960194, 71.5530922966, 74.50162198132, 71.5527151818, 74.50160101367, 71.55290368796, 74.50194067736, 71.55309224531, 0, 74.50162311169, 71.55271513062, -0.01164487293226, 0, -0.2122777225448, -0.01371878322854, 0.190457845985, -0.01371878322854, 0.7804150930472, 0.7815020664156, -0.7940534515224, -0.7934981205764, -0.006809956160385, -0.006212015498353, 0.7807053575334, 0.7812878458579, 0, -0.794393500373, -0.7937118768546, -0, -0, -0, -0, 0.002661535306508, 0.3941311218358, 0.3912398928618, 0.3945586847706, 0, 0.3912278989101, 0.393703558901
5.4, 0.1953586601562, -0.2777334682729, -0.207510169198, -0.2774008984015, -0.03229469269158, 0.006285072033873, -0.003371572298569, 0.02046035934194, 0, 0, 1000, 0, -1000, 7521.275151702, 3559.547416514, 7529.750298958, 3598.244792956, 22.59862499142, 41.8766099192, 22.54237171224, 31.72038231982, -240.4623703732, 63.93804635224, 245.0495028441, 49.74113665054, 5399.112856574, 4159.009361628, 5409.940213206, 3736.38549857, 3, 0.6024312924026, -114.2309220771, -0.3366508074383, 103.5066014149, -1.476252539973, 9.506308227797, -1.379451653003, 10.46657067998, 0, 0, 0.0289091990306, -0, -0, -0, -0, -0, 0.02891069286263, 0.004305132247133, 0, 0, 0, 0, 0, -0.03062614867661, 0.004305132795137, -0.04280152580669, -0.03062614477778, 0.04951796209153, -0.03062614477778, 30.3194357235, 30.32716754932, 30.31926920056, 30.32711641939, 74.8488818546, -0.2020964348728, 0.2006864877362, 0, 1, 50.00821761094, 50, 50.00850781205, 0.001493720430659, 0, 0, 0, 0, 0, 0, 0, 0, 74.84922411583, 71.90030880454, 74.84889946818, 71.9000613216, 74.8488818546, 71.90018509617, 74.84922520688, 71.90030883761, 0, 74.84890058262, 71.90006135474, -0.01181306933927, 0, -0.21388792221, -0.009003000507344, 0.1888484717083, -0.009003000507344, 0.780334967721, 0.78092396103, -0.7941335252287, -0.7940762445301, -0.006894752993802, -0.006365465371433, 0.7806272362981, 0.7811344124048, 0, -0.7944716386016, -0.7938653431476, -0, -0, -0, -0, 0.002661723633045, 0.3941360045901, 0.3912446859393, 0.3937150645476, 0, 0.3912230805586, 0.3945569446326
5.425, 0.2079595044336, 0.2851160848769, -0.194901975318, 0.2854697743269, 0.02927556276196, -0.006133724516033, 0.003144570112644, 0.02004961126351, 0, 0, -1000, 0, 1000, 7519.465344561, 3591.995144655, 7531.528870973, 3565.954520176, 22.66674328471, 30.45709674546, 22.58644310782, 43.20018550959, -245.4989289066, -48.25946586586, 240.0051377411, -61.64245261374, 5401.910667412, 3758.041066601, 5407.079368575, 4135.658002479, 3, -0.3090099282395, 107.3826008072, 0.5559050222817, -116.5012426394, -1.495363194533, 10.29164552359, -1.360908081325, 9.684222381952, 0, 0, 0.02890635122533, -0, -0, -0, -0, -0, 0.02890719552705, 0.005268532509257, 0, 0, 0, 0, 0, 0.02736464656549, 0.005268533179761, -0.04260407464612, 0.02736464308271, 0.04972750693154, 0.02736464308271, 30.460105213, 30.46785435725, 30.45993844127, 30.46783318024, 75.19616015013, -0.2008049871123, 0.2019794691288, 0, 1, 50.00779302072, 50, 50.00803448945, 0.00118171591493, 0, 0, 0, 0, 0, 0, 0, 0, 75.19650055491, 72.24764970404, 75.19617957491, 72.24727748023, 75.19616015013, 72.24746354765, 75.19650163409, 72.24764965951, 0, 75.19618070206, 72.24727743579, -0.01175929106223, 0, -0.2125427950854, -0.01354085767486, 0.1901951310768, -0.01354085767486, 0.7802742540581, 0.7813368478855, -0.7941941731325, -0.7936632877627, -0.006950897244133, -0.006351461345422, 0.7805651702291, 0.7811484268462, 0, -0.794533722217, -0.793851349537, -0, -0, -0, -0, 0.002662070234708, 0.3941377049789, 0.3912391136174, 0.3945138174219, 0, 0.391228778211, 0.3937615925358
5.45, 0.1953938459832, -0.2883801313486, -0.2074587211973, -0.2880206071568, -0.0336022295888, 0.005845433474778, -0.003206887583312, 0.01965884145135, 0, 0, 1000, 0, -1000, 7521.259775417, 3561.450141053, 7529.687932449, 3596.250610479, 22.6470819529, 43.73758866111, 22.66489037332, 29.79343044432, -240.5716504044, 59.25067204517, 244.9219329012, 46.38960381377, 5398.624948508, 4135.000360947, 5410.239635789, 3762.134518391, 3, 0.5837352450831, -117.6772052506, -0.3575024524651, 109.018936341, -1.476650222674, 9.554670249191, -1.380349210677, 10.41688741232, 0, 0, 0.02887236835815, -0, -0, -0, -0, -0, 0.02887355174637, 0.004344357003938, 0, 0, 0, 0, 0, -0.02702035063808, 0.004344357555526, -0.04278418926021, -0.02702034720712, 0.04956399594516, -0.02702034720712, 30.60077398299, 30.6085716438, 30.6006063497, 30.60851723487, 75.5434359965, -0.2019766975076, 0.2008096558111, 0, 1, 50.00738277038, 50, 50.00760668164, 0.001030206643421, 0, 0, 0, 0, 0, 0, 0, 0, 75.54377912597, 72.59486772777, 75.54345223178, 72.59460994543, 75.5434359965, 72.59473886702, 75.54378021642, 72.59486775816, 0, 75.54345334746, 72.59460997588, -0.01190056952425, 0, -0.2138557210965, -0.009377675072923, 0.1888841483107, -0.009377675072923, 0.7801953554244, 0.7808185602626, -0.7942729879078, -0.7941815937824, -0.00703423059875, -0.006495645375692, 0.780487506346, 0.7810042565061, 0, -0.7946114150876, -0.7939955472574, 5.551115123126e-17, -0, -0, 5.551115123126e-17, 0.002662558727805, 0.3941342839815, 0.3912456579559, 0.3937629037015, 0, 0.3912224838277, 0.3945056642615
5.475, 0.207951898027, 0.2956163602967, -0.1948993981579, 0.2959973403518, 0.03062704663299, -0.00574948939864, 0.002981422985709, 0.01942135181392, 0, 0, -1000, 0, 1000, 7519.44140591, 3590.132641144, 7531.438347177, 3567.601289869, 22.81440839022, 28.7146351977, 22.65483500238, 44.84727411253, -245.4594415751, -45.25710721766, 240.0254638469, -57.47157378223, 5402.018973542, 3783.288648414, 5406.830100532, 4115.367551539, 3, -0.3504006032081, 112.9630465814, 0.5675939406873, -119.7011597282, -1.495851415628, 10.24481167334, -1.362099933947, 9.72668293698, 0, 0, 0.02883406270345, -0, -0, -0, -0, -0, 0.02883469603865, 0.005216786185464, 0, 0, 0, 0, 0, 0.02406465680776, 0.005216786846065, -0.04266019802094, 0.02406465376032, 0.0497086469153, 0.02406465376032, 30.74144156911, 30.74925368924, 30.74127327707, 30.74923430614, 75.89070907475, -0.2008871181337, 0.2019017351015, 0, 1, 50.0069695797, 50, 50.00714855215, 0.0008767656000752, 0, 0, 0, 0, 0, 0, 0, 0, 75.89105058517, 72.94219577372, 75.89072640002, 72.94182764897, 75.89070907475, 72.94201167265, 75.89105166676, 72.94219573499, 0, 75.89072752562, 72.94182761031, -0.01187174031729, 0, -0.2127374008802, -0.01339174146906, 0.1900050197338, -0.01339174146906, 0.7801329192293, 0.7811743327309, -0.7943353135289, -0.7938257631682, -0.007092216190229, -0.006491253923455, 0.7804242184668, 0.7810086551061, 0, -0.7946747342681, -0.7939911629531, -0, -0, -0, -5.551115123126e-17, 0.002663050241301, 0.3941327777861, 0.391238897583, 0.3944635336365, 0, 0.3912292748724, 0.3938020219357
5.5, 0.195397695924, -0.2982476561891, -0.207455044886, -0.2978623369005, -0.03485031683428, 0.005480674007287, -0.003059328736957, 0.01905094902175, 0, 0, 1000, 0, -1000, 7521.169721615, 3563.153623195, 7529.661896348, 3594.693196122, 22.72910250547, 45.29723246071, 22.81344382281, 28.28708028585, -240.6421966855, 55.37653665698, 244.8439656225, 43.54579068092, 5398.397031739, 4113.906051394, 5410.500637513, 3783.546077338, 3, 0.5875544275055, -120.7048960206, -0.3696111773064, 114.2347205679, -1.477829873968, 9.597033805503, -1.380862731794, 10.37622233917, 0, 0, 0.0288341021302, -0, -0, -0, -0, -0, 0.02883504964969, 0.004404300645009, 0, 0, 0, 0, 0, -0.02394009173339, 0.004404301202727, -0.04276046313469, -0.02394008870165, 0.04962610149371, -0.02394008870165, 30.88210794034, 30.88997128032, 30.88193916829, 30.88991395087, 76.23797892675, -0.2018844593374, 0.2009062086677, 0, 1, 50.00657227494, 50, 50.00674843448, 0.0009149260774913, 0, 0, 0, 0, 0, 0, 0, 0, 76.23832293976, 73.28941502768, 76.23799374589, 73.28914812556, 76.23797892675, 73.28928160453, 76.23832402959, 73.28941505556, 0, 76.23799486302, 73.28914815349, -0.01198912819046, 0, -0.2138520818654, -0.009709437121853, 0.1888921444819, -0.009709437121853, 0.7800547058641, 0.7807077222391, -0.7944134360696, -0.7942923926315, -0.007174677470661, -0.006627652860568, 0.7803466951113, 0.7808722670893, 0, -0.7947522868607, -0.7941275728104, -5.551115123126e-17, -0, -0, 5.551115123126e-17, 0.002663372056583, 0.3941339774191, 0.3912461120942, 0.3938049336489, 0, 0.3912219635371, 0.3944630211892
5.525, 0.2081157014817, 0.3049582304126, -0.1947393722435, 0.3053643793704, 0.03167501621579, -0.005311482462988, 0.002664451322183, 0.01894395299944, 0, 0, -1000, 0, 1000, 7519.372292755, 3588.522567164, 7531.410931126, 3570.03139578, 22.94088018105, 27.02871917863, 22.78647035446, 46.66795661938, -245.4598236408, -41.74713996215, 240.0240354193, -52.73485234886, 5402.221804916, 3804.95854843, 5406.722415245, 4085.771455736, 3, -0.3642536042358, 117.9667191747, 0.5814535983756, -122.4733243041, -1.496811637325, 10.20113248165, -1.362628015292, 9.784929243484, 0, 0, 0.02883353114507, -0, -0, -0, -0, -0, 0.02883396135145, 0.005209434269993, 0, 0, 0, 0, 0, 0.0203495804494, 0.005209434929639, -0.04267758316806, 0.02034957787255, 0.0497255634236, 0.02034957787255, 31.02277355908, 31.03064897333, 31.02260363843, 31.03063155998, 76.58524601613, -0.2010908033858, 0.2017017033092, 0, 1, 50.00616726895, 50, 50.00629198523, 0.0006685746120942, 0, 0, 0, 0, 0, 0, 0, 0, 76.58558925329, 73.63673103159, 76.58526159672, 73.63636790762, 76.58524601613, 73.63654943733, 76.58559033695, 73.63673099929, 0, 76.58526272082, 73.63636787537, -0.0119883207903, 0, -0.2130576582787, -0.01320982215035, 0.1896883993605, -0.01320982215035, 0.7799908134073, 0.781007463372, -0.794477238049, -0.7939925941062, -0.007234283730954, -0.00663255118628, 0.7802822310497, 0.7808673782146, 0, -0.7948167744898, -0.7941324805872, -0, -0, -0, -0, 0.002663699455996, 0.394140682308, 0.3912384934482, 0.3944203764211, 0, 0.3912294892846, 0.3938609881948
5.55, 0.1952768389438, -0.3079537386754, -0.207568895712, -0.3075420390694, -0.03602761103018, 0.004957218964649, -0.002700175332004, 0.018282403223, 0, 0, 1000, 0, -1000, 7521.049730008, 3565.677621238, 7529.694726888, 3592.710334498, 22.83928331171, 47.12355143905, 22.90719926739, 26.19004412002, -240.7276380862, 49.83365761586, 244.7521574744, 39.41273669788, 5397.894990933, 4082.070019897, 5410.958835781, 3810.19290079, 3, 0.5643863735609, -123.8184866576, -0.3673967781357, 119.289086678, -1.47932117075, 9.658641786557, -1.38075695782, 10.3248559932, 0, 0, 0.02882093828552, -0, -0, -0, -0, -0, 0.02882160500804, 0.004532713405449, 0, 0, 0, 0, 0, -0.01970203355196, 0.004532713978904, -0.04268540890512, -0.01970203105925, 0.04973271668817, -0.01970203105925, 31.16343756896, 31.17136726689, 31.16326777116, 31.17130648879, 76.93251065813, -0.2016385854084, 0.2011556067452, 0, 1, 50.00578530035, 50, 50.00590035287, 0.0004984524355031, 0, 0, 0, 0, 0, 0, 0, 0, 76.93285558577, 73.9839529327, 76.93252437289, 73.98367456515, 76.93251065813, 73.98381377288, 76.93285667288, 73.98395295664, 0, 76.93252549338, 73.98367458912, -0.01207529889375, 0, -0.2136924258268, -0.01012653018553, 0.1890553300371, -0.01012653018553, 0.7799134640096, 0.780605306507, -0.7945545118767, -0.7943947620101, -0.007315615974018, -0.006759196964378, 0.7802049414981, 0.7807407441775, 0, -0.7948940898488, -0.7942591381063, -0, -0, 5.551115123126e-17, -0, 0.002664108305842, 0.3941391570557, 0.3912471125573, 0.3938683631284, 0, 0.3912210501607, 0.394409950983
5.575, 0.208030640034, 0.3142649375249, -0.1948112386256, 0.3146972706811, 0.03293017064133, -0.004814744806475, 0.002372315972254, 0.01806933350747, 0, 0, -1000, 0, 1000, 7519.283203332, 3586.21982607, 7531.39427267, 3571.940915893, 23.02979180566, 24.91141039165, 22.87397932661, 48.05601055705, -245.3276627483, -37.82712933716, 240.1418858231, -47.55497662057, 5402.491645035, 3834.565869929, 5406.280503665, 4061.846400956, 3, -0.3757506731678, 122.8781692735, 0.5576547036517, -125.5546518805, -1.497977552616, 10.14460981255, -1.363038607612, 9.834371633904, 0, 0, 0.02877387903298, -0, -0, -0, -0, -0, 0.02877413857715, 0.005184790469124, 0, 0, 0, 0, 0, 0.01647026683971, 0.005184791122936, -0.04271080395604, 0.01647026476274, 0.04972757854932, 0.01647026476274, 31.3041015699, 31.31204011208, 31.30393002246, 31.3120245368, 77.2797731059, -0.2012832640403, 0.2015134062346, 0, 1, 50.00539903436, 50, 50.00546598993, 0.0002707099776162, 0, 0, 0, 0, 0, 0, 0, 0, 77.28011764092, 74.33125448331, 77.27978656628, 74.33089672097, 77.2797731059, 74.3310755764, 77.28011872699, 74.33125445756, 0, 77.27978768863, 74.33089669524, -0.01210362985728, 0, -0.2133654557163, -0.01301477568997, 0.1893848437671, -0.01301477568997, 0.7798471109711, 0.7808377097219, -0.7946207557249, -0.794162314719, -0.00737796746258, -0.006775600692291, 0.7801387550503, 0.7807243464543, 0, -0.7949603066954, -0.7942755478389, -0, -0, -0, -0, 0.002664658722142, 0.3941350312546, 0.3912379557492, 0.3943614062761, 0, 0.3912303695743, 0.393908656233
5.6, 0.1952757861593, -0.3169006160137, -0.2075649318221, -0.3164638566308, -0.0372737715647, 0.004519243579119, -0.002395271085954, 0.01778112367014, 0, 0, 1000, 0, -1000, 7520.935207211, 3567.519966733, 7529.679094572, 3590.738067513, 22.97053230889, 48.38588659175, 23.02903254075, 24.3730152218, -240.7439295617, 45.18598530215, 244.7210106134, 35.86384786518, 5397.70928326, 4059.72985131, 5411.041993544, 3837.110297565, 3, 0.5705083868247, -126.4656422736, -0.3931167144475, 124.2135220669, -1.48075343186, 9.705509772778, -1.381157031661, 10.27517835155, 0, 0, 0.02874001230778, -0, -0, -0, -0, -0, 0.02874047912256, 0.004590225902684, 0, 0, 0, 0, 0, -0.01613250127657, 0.004590226480159, -0.04267111670894, -0.01613249924695, 0.0497879283873, -0.01613249924695, 31.44476336745, 31.45275881648, 31.44459247513, 31.45269513232, 77.62703277858, -0.2014751473478, 0.201323758124, 0, 1, 50.00502775689, 50, 50.00508808275, 0.0002917359873026, 0, 0, 0, 0, 0, 0, 0, 0, 77.62737824263, 74.67847933019, 77.62704484459, 74.67819076742, 77.62703277858, 74.67833506913, 77.62737932899, 74.67847935051, 0, 77.6270459668, 74.67819078776, -0.01216339199683, 0, -0.2136171480117, -0.01049741478379, 0.189135430926, -0.01049741478379, 0.7797700552747, 0.7804958066156, -0.794697706758, -0.7945042293822, -0.007458785715455, -0.006893236781911, 0.780061435446, 0.7806067187848, 0, -0.7950376615733, -0.7943931923486, -5.551115123126e-17, -0, 5.551115123126e-17, -0, 0.002665126162254, 0.3941346057424, 0.3912474825655, 0.3939128731279, 0, 0.3912208841804, 0.3943563383568
5.625, 0.2081022271599, 0.3224420922504, -0.1947423785097, 0.3228979884856, 0.03398736371336, -0.004375126675816, 0.002040464478164, 0.01759491177417, 0, 0, -1000, 0, 1000, 7519.23728245, 3584.488797748, 7531.318822213, 3574.01244005, 23.13227427575, 23.26798441293, 23.02769075854, 49.21425936252, -245.2630183948, -34.2428521939, 240.2033015347, -42.9904753724, 5402.727399351, 3858.129080429, 5406.116439404, 4036.445753751, 3, -0.3747084970385, 127.3704898793, 0.5529876279107, -128.0046376647, -1.498688710159, 10.09913959065, -1.364065129748, 9.885313137385, 0, 0, 0.02874092731048, -0, -0, -0, -0, -0, 0.02874106765856, 0.005143692935351, 0, 0, 0, 0, 0, 0.01292201847891, 0.005143693582496, -0.0427511611219, 0.01292201685314, 0.04972693951859, 0.01292201685314, 31.58542561018, 31.59342758635, 31.58525240527, 31.59341363891, 77.97428952461, -0.2015140125039, 0.201287023728, 0, 1, 50.00465542097, 50, 50.00467865133, 0.0001783611615162, 0, 0, 0, 0, 0, 0, 0, 0, 77.9746355815, 75.02576861181, 77.97430100268, 75.02541541989, 77.97428952461, 75.02559199592, 77.97463667036, 75.02576859187, 0, 77.97430212299, 75.02541539997, -0.01221973884959, 0, -0.2137123175543, -0.01284851189996, 0.1890423809717, -0.01284851189996, 0.7797019824809, 0.7806694030752, -0.7947656749553, -0.7943305973793, -0.007523121637451, -0.006919487524912, 0.7799939017757, 0.7805804726464, 0, -0.7951052218527, -0.7944194476963, 5.551115123126e-17, -5.551115123126e-17, -0, -0, 0.002665455847569, 0.3941368676314, 0.3912374859137, 0.3943144738752, 0, 0.3912306963992, 0.3939592613876
5.65, 0.1950460430205, -0.3244960449931, -0.2077962156572, -0.3240373391058, -0.03816071827809, 0.004014704758663, -0.001921413215205, 0.01745079617261, 0, 0, 1000, 0, -1000, 7520.879556242, 3570.073689745, 7529.635602594, 3588.847107947, 23.15954524183, 49.5106471442, 23.09065267305, 22.47955921186, -240.7649028035, 39.92708849041, 244.6999624767, 31.6682603115, 5397.523243908, 4028.163098299, 5411.306474487, 3862.114445998, 3, 0.5696686324443, -128.6487713857, -0.3964499494748, 128.4449352586, -1.481566343342, 9.767196037375, -1.381847932276, 10.22521527524, 0, 0, 0.02874016851628, -0, -0, -0, -0, -0, 0.02874044846532, 0.004628284097474, 0, 0, 0, 0, 0, -0.01203299567162, 0.004628284679742, -0.04267364160852, -0.01203299415776, 0.04982014052829, -0.01203299415776, 31.72608506628, 31.73414690809, 31.72591321976, 31.73408008613, 78.32154378317, -0.201134753025, 0.2016678893834, 0, 1, 50.00429662971, 50, 50.004304019, 4.957553336966e-05, 0, 0, 0, 0, 0, 0, 0, 0, 78.3218901789, 75.3729965737, 78.32155490755, 75.37269668169, 78.32154378317, 75.37284664345, 78.32189126403, 75.37299658945, 0, 78.32155603202, 75.37269669745, -0.01224854521358, 0, -0.2133619053904, -0.0109095532205, 0.1893943928564, -0.0109095532205, 0.7796251989112, 0.7803892838615, -0.7948423797726, -0.7946107223215, -0.007603400550177, -0.007027943532253, 0.7799165966045, 0.7804720248254, 0, -0.795182554071, -0.7945279118899, 5.551115123126e-17, 5.551115123126e-17, -0, -0, 0.002665799775279, 0.3941411491323, 0.3912478531489, 0.3939757620321, 0, 0.391220357135, 0.3943065362326
5.675, 0.2082450212366, 0.3292747614743, -0.1945910362111, 0.3297511113011, 0.03488817484787, -0.003798796286679, 0.001504035860134, 0.01718270703648, 0, 0, -1000, 0, 1000, 7519.240631436, 3582.201115478, 7531.219687614, 3576.522811204, 23.17031390609, 21.00658656484, 23.19267050901, 50.04708341341, -245.1442050698, -29.48207670864, 240.3143272569, -37.13345730259, 5403.157462242, 3887.985319099, 5405.598733292, 4004.776244324, 3, -0.3649945998568, 131.2364361175, 0.5181137762022, -130.0956222355, -1.498880990425, 10.04159678776, -1.365336450283, 9.947338813914, 0, 0, 0.02871667837993, -0, -0, -0, -0, -0, 0.02871671890078, 0.005034646030204, 0, 0, 0, 0, 0, 0.008463451454714, 0.005034646662561, -0.04283535257126, 0.008463450391693, 0.04967605905939, 0.008463450391693, 31.86674589551, 31.87481135299, 31.86657092243, 31.87479922387, 78.66879596393, -0.20190197882, 0.2009028472855, 0, 1, 50.0039425184, 50, 50.00390870616, -0.0002204848173232, 0, 0, 0, 0, 0, 0, 0, 0, 78.66914372461, 75.72027175286, 78.6688053974, 75.71992497064, 78.66879596393, 75.72009834893, 78.66914481819, 75.72027174004, 0, 78.6688065136, 75.71992495783, -0.01233678079935, 0, -0.21421730199, -0.01261533810584, 0.1885412086935, -0.01261533810584, 0.7795549882933, 0.7804921443642, -0.7949124935352, -0.7945078346417, -0.007670282983282, -0.007066065362519, 0.7798474818254, 0.7804339069574, 0, -0.7952516939132, -0.7945660376824, -0, -0, -0, -0, 0.002666274675148, 0.3941386794018, 0.3912366287855, 0.3942550050232, 0, 0.3912317279873, 0.3940223537803
5.7, 0.1950845670214, -0.3313710971537, -0.2077458847293, -0.3308917613419, -0.03918902761675, 0.003488463326717, -0.001474141155337, 0.01693890120504, 0, 0, 1000, 0, -1000, 7520.845898658, 3572.093992944, 7529.54842275, 3586.470751263, 23.27936626873, 50.04264713217, 23.16689278612, 20.31107617462, -240.8550771645, 34.61346104974, 244.5938982298, 27.27338497337, 5397.185732419, 4003.277359442, 5411.462011278, 3892.870491564, 3, 0.5451461751361, -130.8239582541, -0.4048686471802, 132.3154884236, -1.482144772581, 9.81929586285, -1.382992941509, 10.16690694919, 0, 0, 0.02866669853731, -0, -0, -0, -0, -0, 0.02866683980774, 0.004644164295071, 0, 0, 0, 0, 0, -0.008000819970045, 0.004644164876355, -0.04269150606093, -0.008000818968619, 0.04984073554549, -0.008000818968619, 32.00740326305, 32.01553110247, 32.007230408, 32.01546146206, 79.01604606986, -0.2008677534188, 0.2019394574649, 0, 1, 50.00360210578, 50, 50.00355791446, -0.0002864625859688, 0, 0, 0, 0, 0, 0, 0, 0, 79.01639296432, 76.06750342601, 79.01605568378, 76.06719227878, 79.01604606986, 76.06734786327, 79.01639404899, 76.06750343688, 0, 79.01605680982, 76.06719228966, -0.01233464105177, 0, -0.213181047207, -0.01131899859901, 0.1895799186521, -0.01131899859901, 0.7794790229809, 0.7802810770078, -0.7949883547681, -0.7947189076139, -0.0077493694865, -0.00716387799963, 0.7797705431663, 0.7803360989554, 0, -0.7953286694171, -0.7946638549546, -0, -0, -0, -0, 0.002666842319112, 0.3941353070626, 0.3912485253915, 0.3940253400638, 0, 0.3912200471785, 0.3942452740615
5.725, 0.2083073227222, 0.335994561196, -0.194525486575, 0.3364912934656, 0.03587876835275, -0.003331656110227, 0.001054446028367, 0.01690174748464, 0, 0, -1000, 0, 1000, 7519.221254084, 3580.10636897, 7531.097676445, 3578.458599869, 23.26928687515, 19.13647964437, 23.34246670715, 50.43696215378, -245.1166753107, -25.45273922012, 240.3289861397, -32.41233420375, 5403.221200064, 3916.356375132, 5405.459603918, 3981.248612987, 3, -0.3795722569004, 135.1379415045, 0.5155859886116, -132.0037268935, -1.499309318492, 9.988907761002, -1.366846175257, 9.99653219089, 0, 0, 0.02863668676671, -0, -0, -0, -0, -0, 0.02863668494556, 0.00497987740495, 0, 0, 0, 0, 0, 0.004702525527457, 0.004979878026948, -0.04288323928423, 0.004702524940101, 0.04967170175842, 0.004702524940101, 32.14806266575, 32.15619166778, 32.14788602757, 32.15618097408, 79.3632936266, -0.2021596753357, 0.2006501706887, 0, 1, 50.00326111097, 50, 50.0031810148, -0.0003741459371465, 0, 0, 0, 0, 0, 0, 0, 0, 79.36364260557, 76.41476596831, 79.36330074101, 76.41442420546, 79.3632936266, 76.41459507986, 79.36364370228, 76.41476596129, 0, 79.36330185493, 76.41442419844, -0.01245258086336, 0, -0.2145908344585, -0.01243274211653, 0.1881728032226, -0.01243274211653, 0.7794074657141, 0.7803197412398, -0.7950597880732, -0.794680226985, -0.007817860851155, -0.007212591228366, 0.7797002861298, 0.7802873875793, 0, -0.795398958946, -0.794712570036, -0, -0, -5.551115123126e-17, -0, 0.002667318309199, 0.3941338582461, 0.3912365015732, 0.3941984919489, 0, 0.3912320051631, 0.3940692245433
5.75, 0.1950465974141, -0.3375541989178, -0.2077878617428, -0.3370560276317, -0.04009578979506, 0.003046557761299, -0.001070326188049, 0.01657830727448, 0, 0, 1000, 0, -1000, 7520.762223304, 3574.019963276, 7529.508092326, 3584.638662712, 23.42047856791, 50.30476382947, 23.25712069993, 18.66729868239, -240.9382248767, 30.29279280993, 244.5106249117, 23.44290275883, 5397.00628556, 3979.106325637, 5411.727722213, 3916.974525289, 3, 0.5298199920496, -132.6963031002, -0.3903103064101, 135.816835512, -1.483246602609, 9.867046702785, -1.383643596364, 10.11984688774, 0, 0, 0.0286459751177, -0, -0, -0, -0, -0, 0.02864603293488, 0.004693579922924, 0, 0, 0, 0, 0, -0.00450248576625, 0.004693580509543, -0.04268722235632, -0.004502485203512, 0.04988529875744, -0.004502485203512, 32.28871788311, 32.29691179739, 32.28854399376, 32.2968395474, 79.71053844173, -0.200609603993, 0.2022020645367, 0, 1, 50.0029379318, 50, 50.00286159851, -0.0003113167333558, 0, 0, 0, 0, 0, 0, 0, 0, 79.71088621906, 76.76200056069, 79.71054687672, 76.76167936247, 79.71053844173, 76.7618399679, 79.71088730276, 76.76200056701, 0, 79.7105480048, 76.76167936879, -0.01242260243062, 0, -0.2130108765487, -0.01168463651534, 0.1897545602563, -0.01168463651534, 0.7793320242802, 0.7801675089253, -0.7951351411674, -0.794832463186, -0.007896103966681, -0.007301504715243, 0.7796235154838, 0.7801984764773, 0, -0.7954757596315, -0.7948014859078, 5.551115123126e-17, -0, -0, -0, 0.002667632385145, 0.3941353764216, 0.3912488828771, 0.3940734921585, 0, 0.3912195176093, 0.3941972606847
5.775, 0.2087970657021, 0.339560565692, -0.1940378012911, 0.3400685298191, 0.03623534898972, -0.002828162309243, 0.0003742962703785, 0.01735082139192, 0, 0, -1000, 0, 1000, 7519.156129591, 3578.148832885, 7531.063082012, 3580.964003856, 23.33101227618, 17.31567902399, 23.52377906198, 50.37744700582, -245.1038216084, -20.93186782423, 240.3435420547, -27.48392583326, 5403.41151591, 3941.257574376, 5405.352983125, 3950.035649503, 3, -0.3884740219859, 137.7641222665, 0.5209605067074, -132.5220506705, -1.500216599967, 9.937934001957, -1.367436958143, 10.05702746432, 0, 0, 0.02865344158382, -0, -0, -0, -0, -0, 0.02865343773634, 0.004968358533573, 0, 0, 0, 0, 0, 0.0006361180293189, 0.004968359154858, -0.04288089562336, 0.0006361179497733, 0.04970892507406, 0.0006361179497733, 32.42937593055, 32.43756876889, 32.42919739578, 32.437559495, 80.05778104469, -0.2027002215796, 0.2001133701547, 0, 1, 50.00260849525, 50, 50.00247568194, -0.0005892089477754, 0, 0, 0, 0, 0, 0, 0, 0, 80.05813213289, 77.10925098145, 80.05778626555, 77.10891492288, 80.05778104469, 77.10908295123, 80.05813323291, 77.10925098051, 0, 80.05778737642, 77.10891492194, -0.01257150543945, 0, -0.2152502940059, -0.01222523036027, 0.1875170448752, -0.01222523036027, 0.7792592883257, 0.7801438688798, -0.7952077802853, -0.7948560953647, -0.007966156097051, -0.007360489125251, 0.7795520924418, 0.7801394929, 0, -0.7955472055252, -0.7948604711505, -0, -0, -0, -0, 0.002667983859441, 0.3941401461671, 0.3912361224701, 0.3941488892698, 0, 0.3912322173346, 0.3941314030643
5.8, 0.1945887324314, -0.3407453081252, -0.2082356276708, -0.3402368460512, -0.04050326338155, 0.002460323331838, -0.0003161812906131, 0.01687784457756, 0, 0, 1000, 0, -1000, 7520.646853681, 3576.640261137, 7529.524830492, 3582.320888949, 23.60103344588, 49.93019426895, 23.25896043774, 16.40883634722, -241.0406885665, 24.71192910821, 244.4002109936, 18.20292749575, 5396.523004374, 3945.855773057, 5412.114586559, 3946.901028704, 3, 0.4945523988066, -133.2842060264, -0.3831625279922, 138.2000919927, -1.484677946676, 9.931379179339, -1.383694580381, 10.06148647282, 0, 0, 0.02863603719559, -0, -0, -0, -0, -0, 0.02863603669564, 0.004808634977995, 0, 0, 0, 0, 0, 7.574621456718e-05, 0.004808635578577, -0.04264963696849, 7.574620510674e-05, 0.04995667028475, 7.574620510674e-05, 32.57002897255, 32.57828943884, 32.56985432688, 32.5782144081, 80.40502182681, -0.1999861928165, 0.2028293974563, 0, 1, 50.0023038109, 50, 50.00216886817, -0.000727107253592, 0, 0, 0, 0, 0, 0, 0, 0, 80.40537027431, 77.45649004731, 80.40502944283, 77.45615661093, 80.40502182681, 77.45632332901, 80.40537135432, 77.4564900472, 0, 80.40503057575, 77.45615661082, -0.01250844797145, 0, -0.212473336725, -0.01212983949289, 0.1902960210624, -0.01212983949289, 0.7791843365446, 0.7800617901128, -0.7952826511232, -0.7949381745934, -0.008043326348953, -0.007438713299749, 0.7794755718218, 0.780061269052, 0, -0.7956237562318, -0.7949386956515, -5.551115123126e-17, -0, 5.551115123126e-17, 5.551115123126e-17, 0.002668469402813, 0.3941386884441, 0.3912498457794, 0.3941397295354, 0, 0.3912187465389, 0.3941376473528
5.825, 0.2089235959403, 0.3437332259103, -0.1938969449782, 0.3442547069155, 0.0369317779713, -0.002284002469667, -0.0002422116843164, 0.0171608918521, 0, 0, -1000, 0, 1000, 7519.050140639, 3575.553482783, 7531.040045617, 3583.018012144, 23.29702877876, 15.04771294964, 23.70979302214, 49.80575778734, -244.9912799351, -15.97277111866, 240.4393794127, -22.41003517168, 5403.541082499, 3974.18221932, 5405.007375294, 3924.458786942, 3, -0.3940598581286, 140.4079121367, 0.4873337089964, -133.766977996, -1.501548519003, 9.874805811532, -1.367902800499, 10.11032413019, 0, 0, 0.02858510183761, -0, -0, -0, -0, -0, 0.02858514494525, 0.004964114637423, 0, 0, 0, 0, 0, -0.003603292441658, 0.00496411525522, -0.04288131637698, -0.003603291993217, 0.04974874433486, -0.003603291993217, 32.71068611003, 32.71894265717, 32.71050571553, 32.71893473985, 80.75226094538, -0.2031709515926, 0.1996475607541, 0, 1, 50.00199575142, 50, 50.00181563579, -0.0009465666463828, 0, 0, 0, 0, 0, 0, 0, 0, 80.75261350829, 77.80372644277, 80.75226374787, 77.80339649407, 80.75226094538, 77.80356147362, 80.75261461133, 77.80372644797, 0, 80.75226485617, 77.80339649927, -0.01269018163683, 0, -0.2158397510711, -0.01200296388023, 0.186932598491, -0.01200296388023, 0.7791097604146, 0.7799651864592, -0.7953570970014, -0.7950347820947, -0.008115751615767, -0.007510011077025, 0.7794025671992, 0.7799899700853, 0, -0.7956967947463, -0.7950099922394, -0, -5.551115123126e-17, -0, 5.551115123126e-17, 0.002669097497054, 0.3941328269036, 0.3912358643672, 0.3940833015726, 0, 0.3912329055602, 0.3941823522346
5.85, 0.194346315732, -0.344864049503, -0.2084733560566, -0.3443425051687, -0.04120099321901, 0.001977268557897, 0.0003100559564678, 0.01709700395006, 0, 0, 1000, 0, -1000, 7520.506651574, 3578.633666204, 7529.504753303, 3580.057306876, 23.83418712576, 49.34338577133, 23.25873650667, 14.41637877345, -241.0620931586, 20.24779913829, 244.3629777197, 13.63428103019, 5396.360277473, 3921.86196638, 5412.158410852, 3977.427035261, 3, 0.4869265625924, -134.1256493987, -0.3964109258713, 141.0786394095, -1.486368258822, 9.981993092846, -1.384128902042, 10.00519456703, 0, 0, 0.02854181457391, -0, -0, -0, -0, -0, 0.02854180982861, 0.004870611801056, 0, 0, 0, 0, 0, 0.00402661648642, 0.004870612405382, -0.04265565543707, 0.004026615986814, 0.0499982128252, 0.004026615986814, 32.85133716196, 32.85966374944, 32.85116163634, 32.85958620254, 81.09949785668, -0.1995243052352, 0.2032969228909, 0, 1, 50.00170276976, 50, 50.0015195625, -0.0009021101478834, 0, 0, 0, 0, 0, 0, 0, 0, 81.099846531, 78.15097031437, 81.09950394845, 78.15062586975, 81.09949785668, 78.15079808601, 81.09984760926, 78.15097030832, 0, 81.09950508458, 78.1506258637, -0.01259581698358, 0, -0.2120988849225, -0.01253030046406, 0.1906762390538, -0.01253030046406, 0.7790346940197, 0.7799493817534, -0.7954320449272, -0.7950505844718, -0.008192575029335, -0.007578300064423, 0.7793259706428, 0.7799216791588, 0, -0.7957734336052, -0.7950782792876, -5.551115123126e-17, 5.551115123126e-17, -0, -0, 0.00266964962487, 0.394132181296, 0.3912501699059, 0.3941875249899, 0, 0.3912186589921, 0.394076837602
5.875, 0.2096291084379, 0.3458552539955, -0.1931929690518, 0.346383864543, 0.03713976779372, -0.001772196199842, -0.00105076924599, 0.01809262703821, 0, 0, -1000, 0, 1000, 7518.958454771, 3573.49883586, 7530.976262228, 3585.574166307, 23.37939199748, 13.01380835257, 23.88424340347, 48.96344035126, -244.9126218117, -11.04409104776, 240.5138188836, -17.85852175755, 5403.724607391, 4002.21568492, 5404.890226752, 3894.189853576, 3, -0.3971337759413, 142.681263564, 0.4823964490123, -133.5162700639, -1.502729459379, 9.821072117856, -1.368796036632, 10.17236983867, 0, 0, 0.02852870810258, -0, -0, -0, -0, -0, 0.02852884779245, 0.004950820591444, 0, 0, 0, 0, 0, -0.007828274132922, 0.004950821205158, -0.04287399155828, -0.007828273162503, 0.0498035294435, -0.007828273162503, 32.99199330307, 33.0003137303, 32.99181082596, 33.00030713737, 81.44673241319, -0.2038757031786, 0.1989482494112, 0, 1, 50.00140770329, 50, 50.00117090235, -0.001107446450161, 0, 0, 0, 0, 0, 0, 0, 0, 81.44708674115, 78.498194752, 81.44673266731, 78.4978707887, 81.44673241319, 78.49803278142, 81.44708784822, 78.49819476307, 0, 81.44673377196, 78.49787079978, -0.012811491664, 0, -0.2166658585194, -0.01178522532273, 0.1861119985528, -0.01178522532273, 0.7789589113832, 0.7797853495756, -0.7955076956052, -0.7952146318069, -0.008266772785485, -0.00766079078292, 0.7792516678622, 0.7798391852077, 0, -0.7958477676562, -0.7951607667735, 5.551115123126e-17, -0, -0, -5.551115123126e-17, 0.002670068055379, 0.3941350505658, 0.3912354988173, 0.3940274551172, 0, 0.3912331385987, 0.3942426460143
5.9, 0.1934484835871, -0.3455972071374, -0.2093684050271, -0.3450727253224, -0.04121368125833, 0.001408104886366, 0.001256417166803, 0.01807535253288, 0, 0, 1000, 0, -1000, 7520.39559455, 3581.480515774, 7529.486027766, 3577.773639959, 23.91261063926, 48.17291698427, 23.35095132606, 11.59297656591, -241.1742269706, 15.2821854639, 244.2529961017, 8.108916750854, 5396.046967932, 3887.024410348, 5412.534696482, 4007.753980058, 3, 0.4753124515497, -133.5288496162, -0.4003957863621, 142.5967352559, -1.48775184199, 10.05079611716, -1.384548342169, 9.946584741455, 0, 0, 0.02851370971172, -0, -0, -0, -0, -0, 0.02851375602232, 0.00495799242289, 0, 0, 0, 0, 0, 0.008748871952982, 0.004957993036848, -0.04265797585854, 0.00874887086959, 0.05003752679096, 0.00874887086959, 33.1326420756, 33.14103554551, 33.13246596911, 33.14095530686, 81.79396505245, -0.198702033303, 0.2041239807444, 0, 1, 50.00113825854, 50, 50.00089698202, -0.001212518441932, 0, 0, 0, 0, 0, 0, 0, 0, 81.79431412967, 78.84544408249, 81.7939703414, 78.84508700647, 81.79396505245, 78.84526553084, 81.79431520425, 78.84544406884, 0, 81.79397148283, 78.84508699283, -0.01268217260911, 0, -0.2113629880358, -0.01298980898497, 0.1914169466107, -0.01298980898497, 0.7788839239971, 0.779842213215, -0.7955825951629, -0.7951577646693, -0.008342796289933, -0.007717959056559, 0.7791752169438, 0.779782011524, 0, -0.7959242516079, -0.7952179296372, -0, -0, 5.551115123126e-17, -0, 0.002670488136977, 0.3941366703151, 0.3912507940166, 0.3942569188891, 0, 0.3912179091851, 0.3940164217411
5.925, 0.2102704310955, 0.3460770963761, -0.1925407465314, 0.3466073254759, 0.03720231511523, -0.001205621224991, -0.00195116604718, 0.01872864756046, 0, 0, -1000, 0, 1000, 7518.897936087, 3570.855556048, 7530.915656057, 3588.009749684, 23.45564726112, 9.629754124829, 23.89333066424, 47.60363211343, -244.7521464183, -5.52368116234, 240.6715805131, -13.03276379773, 5404.042002314, 4035.76548895, 5404.473505253, 3863.950705701, 3, -0.3976248095244, 143.7380226167, 0.4518168142593, -133.1217979037, -1.50358098728, 9.756778178866, -1.369651413489, 10.23362511136, 0, 0, 0.02847555727037, -0, -0, -0, -0, -0, 0.02847585884818, 0.00489532967574, 0, 0, 0, 0, 0, -0.01245084803506, 0.004895330280316, -0.0428906407902, -0.01245084649734, 0.0498258036613, -0.01245084649734, 33.2732976276, 33.28168220844, 33.27311303762, 33.28167669815, 82.1411961582, -0.2046407179244, 0.1981878070475, 0, 1, 50.00086984347, 50, 50.00058454612, -0.001465864791651, 0, 0, 0, 0, 0, 0, 0, 0, 82.141552309, 79.19265448725, 82.14119385275, 79.19233730701, 82.1411961582, 79.19249591438, 82.14155342103, 79.19265450449, 0, 82.14119495266, 79.19233732427, -0.01293240661221, 0, -0.2175518198203, -0.01153846899189, 0.1852306759869, -0.01153846899189, 0.7788063633087, 0.7796007611642, -0.7956600380384, -0.7953992440862, -0.00841960555288, -0.007813593374741, 0.7790992329831, 0.7796863720625, 0, -0.7960002629226, -0.795313558812, 5.551115123126e-17, -0, -0, -0, 0.002671020063559, 0.3941317474722, 0.3912348664716, 0.3939606172141, 0, 0.3912339685887, 0.3943028777304
5.95, 0.1928790204528, -0.3462090545849, -0.2099283553929, -0.3456819205393, -0.04137960835708, 0.0009193517018617, 0.002109916458528, 0.01883025976314, 0, 0, 1000, 0, -1000, 7520.319916723, 3583.594545033, 7529.423177332, 3575.251943082, 23.95839003151, 46.96083992417, 23.44011964079, 8.30925459399, -241.2314309957, 11.07582223627, 244.1865382937, 3.239506378635, 5395.907812761, 3861.406046925, 5412.529431319, 4040.494137356, 3, 0.4684319584709, -133.0878731513, -0.4231101022987, 143.9610950682, -1.488761709122, 10.10513504355, -1.385426569852, 9.885117379599, 0, 0, 0.02842388297416, -0, -0, -0, -0, -0, 0.02842402801069, 0.004974374916847, 0, 0, 0, 0, 0, 0.01297792048306, 0.004974375528958, -0.04271234336383, 0.01297791888607, 0.05002552440378, 0.01297791888607, 33.41394441434, 33.42240427269, 33.4137675762, 33.42232175345, 82.48842554401, -0.1980309918256, 0.2048000042392, 0, 1, 50.00061436019, 50, 50.0003240528, -0.001469415391982, 0, 0, 0, 0, 0, 0, 0, 0, 82.48877473911, 79.53990933507, 82.48842947907, 79.53954053036, 82.48842554401, 79.53972491181, 82.48877581209, 79.53990931415, 0, 82.48843062374, 79.53954050947, -0.01276973057952, 0, -0.2107795441793, -0.0134164779041, 0.1920054965523, -0.0134164779041, 0.7787311757003, 0.7797294282297, -0.7957351216682, -0.7952705689935, -0.008495106602187, -0.007859843651252, 0.7790228401168, 0.7796401145572, 0, -0.7960766961583, -0.7953598018597, -0, -0, -5.551115123126e-17, -0, 0.002671575546192, 0.3941295713792, 0.3912510709414, 0.3943079459667, 0, 0.391217919745, 0.3939511967917
5.975, 0.210876258201, 0.3468156701331, -0.1919321748946, 0.3473488492871, 0.03734988085483, -0.0007795983118418, -0.002771642192804, 0.01948872135722, 0, 0, -1000, 0, 1000, 7518.876281309, 3568.650474654, 7530.796239472, 3590.078065637, 23.55779450424, 6.691009365393, 23.95247204864, 46.58180862677, -244.680539197, -1.324499124696, 240.7402564756, -9.353082901058, 5404.152353962, 4065.084015954, 5404.354422091, 3838.686090169, 3, -0.4021728367607, 145.1168375042, 0.4408208701862, -132.7008265932, -1.504022824066, 9.701588996677, -1.37112210785, 10.28563469147, 0, 0, 0.02840912179914, -0, -0, -0, -0, -0, 0.02840960851809, 0.004839423358376, 0, 0, 0, 0, 0, -0.01640630731432, 0.004839423953262, -0.04290924195366, -0.0164063052975, 0.04985071154959, -0.0164063052975, 33.55459924313, 33.56304802759, 33.55441264013, 33.56304348831, 82.83565275956, -0.2052999152968, 0.1975335682946, 0, 1, 50.00035963622, 50, 50.0000353978, -0.001552546750638, 0, 0, 0, 0, 0, 0, 0, 0, 82.8360105553, 79.88710766104, 82.83564789187, 79.88679582131, 82.83565275956, 79.88695176352, 82.83601167179, 79.88710768337, 0, 82.83564898774, 79.88679584366, -0.01305205134052, 0, -0.2183307025108, -0.01134419035378, 0.1844568375441, -0.01134419035378, 0.7786526434413, 0.7794205469731, -0.7958135287297, -0.7955794867252, -0.008573584554709, -0.007966613754247, 0.7789456399501, 0.7795333385255, 0, -0.7961539239133, -0.795466566034, -0, -0, 5.551115123126e-17, -5.551115123126e-17, 0.002671984588441, 0.39412770286, 0.3912346465526, 0.3939022069272, 0, 0.3912342056581, 0.3943531987927
6, 0.1922442273342, -0.3452102225521, -0.2105617154138, -0.3446855202295, -0.04110707483408, 0.0005295725264828, 0.003070755797337, 0.02018912671705, 0, 0, 1000, 0, -1000, 7520.271473741, 3585.847611285, 7529.353523694, 3573.156089151, 23.67294747966, 45.85299837871, 23.85503915231, 6.07377601763, -241.3326997774, 7.5575664304, 244.091773054, -0.3851292715883, 5395.822353228, 3833.463096809, 5412.718660644, 4067.217277126, 3, 0.4710456065665, -131.7148529479, -0.4374721939355, 144.7859636291, -1.489484937607, 10.1603151304, -1.386374098475, 9.831753101496, 0, 0, 0.02841548164543, -0, -0, -0, -0, -0, 0.02841576434858, 0.004987345103433, 0, 0, 0, 0, 0, 0.01693939066919, 0.004987345716777, -0.0427504550969, 0.01693938858595, 0.05002606431213, 0.01693938858595, 33.69524408718, 33.70377052294, 33.6950663266, 33.70368571128, 83.18287796002, -0.1975975003526, 0.2052376894554, 0, 1, 50.00011881415, 50, 49.9997783021, -0.001613471234986, 0, 0, 0, 0, 0, 0, 0, 0, 83.18322799554, 80.23436727375, 83.18288092644, 80.2339873275, 83.18287796002, 80.23417727252, 83.18322906771, 80.23436724562, 0, 83.1828820732, 80.23398729941, -0.01285718509616, 0, -0.2104334944974, -0.01382178777391, 0.1923557344269, -0.01382178777391, 0.7785773595053, 0.7796132600198, -0.7958887337139, -0.7953867629855, -0.008648604113616, -0.008003275500514, 0.778869284304, 0.7794966671685, 0, -0.7962303115544, -0.7955032181695, -0, -0, -5.551115123126e-17, -0, 0.002672307361045, 0.3941307792153, 0.3912512409854, 0.3943636020938, 0, 0.3912175427911, 0.3938979563367
6.025, 0.21193196384, 0.3415221379651, -0.1908630958822, 0.3420396537057, 0.0363468944253, -0.0003392253558753, -0.004055946642916, 0.02204804790494, 0, 0, -1000, 0, 1000, 7518.870957202, 3566.389161274, 7530.703796871, 3592.594237513, 24.4648849006, 6.183391075046, 23.12031068579, 45.0722184662, -244.4913670362, 2.777591831771, 240.9341532328, -5.543572005521, 5404.471739633, 4093.471212525, 5404.059761471, 3806.84665893, 3, -0.4450547316911, 144.4349608836, 0.451048861903, -129.2444474449, -1.504292724678, 9.644888089683, -1.372307975853, 10.34674566327, 0, 0, 0.02841924705739, -0, -0, -0, -0, -0, 0.02841998755012, 0.00476062225417, 0, 0, 0, 0, 0, -0.02077073107786, 0.004760622839787, -0.04296206152749, -0.02077072852266, 0.04983164085801, -0.02077072852266, 33.83589806018, 33.84441158215, 33.83570965869, 33.84440791954, 83.53010157104, -0.2056460069588, 0.1971912635781, 0, 1, 49.99988005084, 50, 49.99947890294, -0.001960634148156, 0, 0, 0, 0, 0, 0, 0, 0, 83.53046132172, 80.58155356885, 83.53009487314, 80.58124793165, 83.53010157104, 80.58140077798, 83.53046244197, 80.58155359656, 0, 83.53009596584, 80.58124795939, -0.01317144519756, 0, -0.2187961545054, -0.01111855296756, 0.1839951393528, -0.01111855296756, 0.7784974307031, 0.7792356959089, -0.7959685625019, -0.7957643779283, -0.008728978987472, -0.008121461533907, 0.7787907873928, 0.7793784718922, 0, -0.7963088279846, -0.79562139496, 5.551115123126e-17, -0, -0, -0, 0.002672687691786, 0.3941311316004, 0.391234010056, 0.393845648996, 0, 0.3912347927445, 0.3944166142047
6.05, 0.1910636118905, -0.3403585880695, -0.2117240943063, -0.3398477794901, -0.04034497116019, 1.420392412002e-05, 0.004246819912192, 0.02208454039333, 0, 0, 1000, 0, -1000, 7520.220254627, 3588.213949058, 7529.295972655, 3570.598579269, 23.16004044419, 44.58955544974, 24.43810997359, 6.508255576905, -241.5732557769, 3.662054222781, 243.8453823859, -5.706493374747, 5395.444905457, 3803.810760047, 5412.944396425, 4099.012454349, 3, 0.4512927455403, -128.9903321263, -0.4643768078969, 143.9436936372, -1.490233144696, 10.21956410705, -1.387192547027, 9.769779104522, 0, 0, 0.02838212094968, -0, -0, -0, -0, -0, 0.02838260969005, 0.005030534067659, 0, 0, 0, 0, 0, 0.02139228796298, 0.005030534684863, -0.04278280828235, 0.02139228533824, 0.05002921374144, 0.02139228533824, 33.97654119424, 33.98513442411, 33.97636282599, 33.98504758846, 83.87732404962, -0.1968774895723, 0.2059621689698, 0, 1, 49.99965971454, 50, 49.999256888, -0.002063040977608, 0, 0, 0, 0, 0, 0, 0, 0, 83.87767451535, 80.9288189193, 83.87732611528, 80.92842683439, 83.87732404962, 80.92862284021, 83.8776755851, 80.92881888264, 0, 83.87732726592, 80.92842679778, -0.01294378168341, 0, -0.2098000889392, -0.01426337098694, 0.1929936451273, -0.01426337098694, 0.7784226242342, 0.7795001335004, -0.7960432824709, -0.7954999274753, -0.008802857847586, -0.008147051148092, 0.7787147705324, 0.7793528695607, 0, -0.7963848814103, -0.7956469718569, -0, -0, 5.551115123126e-17, -0, 0.002673241526022, 0.3941286346659, 0.3912519927083, 0.3944226602373, 0, 0.3912170930996, 0.3938346090944
6.075, 0.2132272526642, 0.3383759203723, -0.1895522510853, 0.3388846219955, 0.03593543850734, 0.000180684929936, -0.005072129860213, 0.02350156144194, 0, 0, -1000, 0, 1000, 7518.809458103, 3563.780560045, 7530.621892735, 3594.617478372, 24.76744014338, 5.812197644136, 22.94586597187, 44.27936299882, -244.3377325206, 8.736683615279, 241.0737047733, -2.008388087039, 5404.431637131, 4126.865002935, 5403.908517102, 3782.04689536, 3, -0.4800254675091, 144.1851446684, 0.4443768898337, -127.2991305233, -1.505148016747, 9.581854258759, -1.373381064267, 10.39912658566, 0, 0, 0.0283337689564, -0, -0, -0, -0, -0, 0.02833480628153, 0.004741955661401, 0, 0, 0, 0, 0, -0.02498782448245, 0.004741956241218, -0.04293107073994, -0.02498782142687, 0.04990557952804, -0.02498782142687, 34.11719499684, 34.12577288839, 34.11700425009, 34.12576998715, 84.22454515718, -0.2066082567588, 0.1962346983832, 0, 1, 49.99943762864, 50, 49.99898625685, -0.002272516882432, 0, 0, 0, 0, 0, 0, 0, 0, 84.22490665798, 81.27599279975, 84.22453552859, 81.27569317081, 84.22454515718, 81.27584301798, 84.22490778296, 81.27599283242, 0, 84.22453661652, 81.27569320354, -0.01329081625515, 0, -0.219877854751, -0.01089998226441, 0.1829192405199, -0.01089998226441, 0.7783419183862, 0.7790510918263, -0.7961238497684, -0.7959490294557, -0.008884847341354, -0.008277084171799, 0.778635063501, 0.7792228266864, 0, -0.7964646204095, -0.79577699503, -0, -5.551115123126e-17, -0, 5.551115123126e-17, 0.002673841966421, 0.3941225602297, 0.3912340901001, 0.3937791159321, 0, 0.3912350935886, 0.3944660045273
6.1, 0.1897368233817, -0.3374139980952, -0.213045984513, -0.3369113661819, -0.0399014763916, -0.0004759938220272, 0.005223237047912, 0.02374545618465, 0, 0, 1000, 0, -1000, 7520.099384333, 3590.239095456, 7529.257950796, 3568.316957725, 23.00409528734, 44.14209270265, 24.76345856685, 5.46848110895, -241.7364504615, 0.4628102269992, 243.6722325721, -11.39928494719, 5395.30995484, 3779.451605427, 5413.032524246, 4129.253318088, 3, 0.4438514648973, -126.9204293528, -0.4797899767446, 143.9431814531, -1.491710520768, 10.27044241454, -1.387803928631, 9.713272154712, 0, 0, 0.02830155479899, -0, -0, -0, -0, -0, 0.0283022722042, 0.005080878015898, 0, 0, 0, 0, 0, 0.02534896975836, 0.005080878635744, -0.04283478774954, 0.02534896666573, 0.05002377297671, 0.02534896666573, 34.25783605066, 34.26649607457, 34.25765727323, 34.2664072087, 84.57176450158, -0.1959292884541, 0.2069163956959, 0, 1, 49.9992308793, 50, 49.99878109904, -0.002201997066294, 0, 0, 0, 0, 0, 0, 0, 0, 84.5721149107, 81.62326391837, 84.57176550727, 81.6228607913, 84.57176450158, 81.62306231021, 84.57211597736, 81.6232638737, 0, 84.57176666295, 81.62286074671, -0.0130310319495, 0, -0.2089391722225, -0.01466506493162, 0.1938606948072, -0.01466506493162, 0.778266544516, 0.7793816721346, -0.7961991194157, -0.7956184304182, -0.008958305516008, -0.008292748096212, 0.7785590459777, 0.7792071490365, 0, -0.7965406810348, -0.7957926452289, -5.551115123126e-17, -0, -5.551115123126e-17, -0, 0.002674332069176, 0.3941227652886, 0.3912522612689, 0.3944711733349, 0, 0.3912169175787, 0.3937743572424
6.125, 0.2143458771974, 0.3311285478944, -0.1884314223703, 0.3316161802163, 0.0345776971938, 0.0007111208278161, -0.006428069870132, 0.0267696611128, 0, 0, -1000, 0, 1000, 7518.704584497, 3561.592219945, 7530.579792726, 3597.290259099, 24.83821731461, 4.419476658412, 23.14875316517, 43.94886415671, -244.1706767663, 14.88212667136, 241.2372926588, 1.499105130658, 5404.602228265, 4155.586538231, 5403.840445276, 3750.376015973, 3, -0.5154838792531, 142.8672834957, 0.4626392960281, -122.8627697325, -1.506457845574, 9.525678007727, -1.374035325372, 10.46335793611, 0, 0, 0.02829523483809, -0, -0, -0, -0, -0, 0.02829663343675, 0.004745568205586, 0, 0, 0, 0, 0, -0.0293642617319, 0.004745568784267, -0.04288440556298, -0.02936425815083, 0.04999789763718, -0.02936425815083, 34.39848965179, 34.40713222752, 34.39829653918, 34.40713003113, 84.91898210453, -0.2076614054857, 0.195187933003, 0, 1, 49.99901840747, 50, 49.99849254924, -0.002540351281251, 0, 0, 0, 0, 0, 0, 0, 0, 84.91934574308, 81.9704265697, 84.91896978518, 81.97013328171, 84.91898210453, 81.97027996332, 84.91934687284, 81.97042660728, 0, 84.91897086816, 81.97013331937, -0.01341270540474, 0, -0.2210529445414, -0.01066930906273, 0.181750573733, -0.01066930906273, 0.778185334016, 0.7788640169641, -0.7962801915204, -0.7961361625729, -0.009041758095077, -0.00843408230259, 0.7784781602107, 0.7790658006217, 0, -0.7966215926782, -0.7959339652269, -0, 5.551115123126e-17, -0, -0, 0.002674721530996, 0.3941254835442, 0.3912337505158, 0.3937218874595, 0, 0.3912352286402, 0.3945290796289
6.15, 0.1890353825389, -0.3279359760407, -0.2137340603008, -0.3274606277279, -0.03830624250852, -0.001073796763287, 0.006710533730776, 0.02715124537159, 0, 0, 1000, 0, -1000, 7519.972927569, 3592.99546258, 7529.264292163, 3565.873611867, 22.3962436803, 43.89534384266, 25.46531747522, 3.779558757594, -242.0162179033, -3.461578894578, 243.3927813832, -18.17151679891, 5394.891031324, 3745.291282595, 5413.4718304, 4160.758452747, 3, 0.4412583954612, -121.8846990298, -0.5151520277764, 141.5000591157, -1.493245534347, 10.33728827186, -1.387948595181, 9.652434853618, 0, 0, 0.02827832933916, -0, -0, -0, -0, -0, 0.02827937668287, 0.005194724693655, 0, 0, 0, 0, 0, 0.03010752682533, 0.00519472532635, -0.04279260742528, 0.03010752315809, 0.05010527515415, 0.03010752315809, 34.5391289547, 34.54785594529, 34.53894920962, 34.54776509683, 85.26619844255, -0.1955580430367, 0.2072929204355, 0, 1, 49.99883445007, 50, 49.99830886647, -0.002656385577799, 0, 0, 0, 0, 0, 0, 0, 0, 85.26654961309, 82.31770424551, 85.26619834572, 82.31728844295, 85.26619844255, 82.31749628955, 85.26655067726, 82.31770419078, 0, 85.26619950501, 82.31728838833, -0.01311821399991, 0, -0.2086551466664, -0.01512617690412, 0.19415001793, -0.01512617690412, 0.7781101022851, 0.7792687977645, -0.7963553527337, -0.7957313647972, -0.009114318607047, -0.008438386730701, 0.778402316343, 0.7790614771022, 0, -0.7966974700773, -0.7959382505636, -0, 5.551115123126e-17, -0, -0, 0.002675151350073, 0.3941253940569, 0.3912530959929, 0.3945392059223, 0, 0.3912160419809, 0.3937115821916
6.175, 0.2143248922408, 0.3220249296365, -0.188424830005, 0.3224867540696, 0.03320119980633, 0.001269568921098, -0.007752096811641, 0.02974032672354, 0, 0, -1000, 0, 1000, 7518.611744875, 3558.87504876, 7530.555918374, 3599.319847594, 26.89538871353, 2.606152579101, 20.90980571219, 43.68075519309, -243.8499234877, 21.09929498742, 241.5538384928, 5.168795939612, 5404.764131147, 4188.885433843, 5403.525070367, 3724.993542181, 3, -0.577782963833, 140.3192002192, 0.4647067151097, -118.3095454988, -1.507637621624, 9.461371583761, -1.374494667185, 10.51580160202, 0, 0, 0.02823807940763, -0, -0, -0, -0, -0, 0.02823987990341, 0.00474012777616, 0, 0, 0, 0, 0, -0.03361670488982, 0.004740128351845, -0.04296759839746, -0.03361670080657, 0.04995187293376, -0.03361670080657, 34.6797815421, 34.68848984032, 34.67958774536, 34.68848824645, 85.61341381188, -0.2066152217407, 0.1962379561095, 0, 1, 49.99864789535, 50, 49.99805614363, -0.003014695366041, 0, 0, 0, 0, 0, 0, 0, 0, 85.61377795714, 82.66485414277, 85.61340019965, 82.6645669598, 85.61341381188, 82.66471059345, 85.61377908434, 82.66485418489, 0, 85.61340128717, 82.66456700201, -0.01353245522023, 0, -0.2201265122187, -0.0104472187565, 0.1826809196595, -0.0104472187565, 0.7780264392099, 0.7786765752824, -0.796438890847, -0.7963236696266, -0.009200186709926, -0.008592309648709, 0.7783198332439, 0.7789075417146, 0, -0.796779978264, -0.796092161012, -5.551115123126e-17, -0, -5.551115123126e-17, -0, 0.002675693582217, 0.3941175825862, 0.3912334275746, 0.3936555389489, 0, 0.3912358571509, 0.3945796262235
6.2, 0.1889136282336, -0.3190141737939, -0.2138352209717, -0.318563991274, -0.03691837054031, -0.001570647132845, 0.008042221841316, 0.03070233655646, 0, 0, 1000, 0, -1000, 7519.847808676, 3594.814293161, 7529.249558419, 3563.412891314, 20.21203603227, 43.88891102239, 27.57095173739, 2.108320214923, -242.2196372012, -6.842617422411, 243.1753989848, -23.73463217073, 5394.818126668, 3723.117982933, 5413.411661724, 4192.394781139, 3, 0.4738544139769, -116.8472203166, -0.6003574341612, 139.4436434434, -1.494764082364, 10.38440432652, -1.388310878823, 9.593455189754, 0, 0, 0.02818930035275, -0, -0, -0, -0, -0, 0.02819066661054, 0.005234698356437, 0, 0, 0, 0, 0, 0.03400693107923, 0.005234698989993, -0.04272878647052, 0.03400692696297, 0.05021145142209, 0.03400692696297, 34.82042068912, 34.82921376963, 34.82023882122, 34.82912107158, 85.9606279067, -0.1966369142336, 0.2062184471802, 0, 1, 49.99847322829, 50, 49.99786961357, -0.003028222734756, 0, 0, 0, 0, 0, 0, 0, 0, 85.9609804534, 83.01213792554, 85.96062521633, 83.01171112361, 85.9606279067, 83.01192446119, 85.96098152193, 83.01213786208, 0, 85.96062637112, 83.0117110603, -0.01320771343006, 0, -0.209823614996, -0.01552631456323, 0.1929860706388, -0.01552631456323, 0.777951996081, 0.7791471209393, -0.7965132364845, -0.7958530986536, -0.009272622525435, -0.0085869096389, 0.7782437744171, 0.7789129227361, 0, -0.7968560789249, -0.7960867420139, -0, -5.551115123126e-17, -0, -0, 0.002676223824431, 0.3941159537235, 0.3912532415465, 0.3945833608107, 0, 0.3912161612041, 0.3936485466363
6.225, 0.2143657428989, 0.307680004728, -0.188350316112, 0.3081017250896, 0.03048315954416, 0.001741938863398, -0.0094671354372, 0.03588611715675, 0, 0, -1000, 0, 1000, 7518.577343818, 3556.762672514, 7530.458228061, 3601.176499942, 28.62648012318, 1.301268903872, 18.90101300663, 42.90205309001, -243.5903546566, 26.25559727966, 241.8118488367, 8.397166449753, 5404.934943107, 4216.078846435, 5403.391726144, 3702.048796077, 3, -0.7328157400905, 136.9039681186, 0.5458274437371, -109.8626241471, -1.50820279215, 9.409260786001, -1.375727085895, 10.5623957776, 0, 0, 0.02819242083561, -0, -0, -0, -0, -0, 0.02819460269155, 0.004697361331979, 0, 0, 0, 0, 0, -0.03725004976252, 0.004697361900627, -0.04308972301979, -0.03725004525245, 0.04987077066597, -0.03725004525245, 34.96107149397, 34.96984564601, 34.96087719464, 34.96984464892, 86.30784021976, -0.2053492625373, 0.1975080559388, 0, 1, 49.99830158863, 50, 49.99758290341, -0.003556614225854, 0, 0, 0, 0, 0, 0, 0, 0, 86.30820478727, 83.35927759016, 86.30782555405, 83.35899509942, 86.30784021976, 83.35913639075, 86.30820591179, 83.35927763606, 0, 86.30782664665, 83.35899514544, -0.0136507782779, 0, -0.2189788501601, -0.01027652321147, 0.18383277617, -0.01027652321147, 0.7778657968134, 0.7784927923528, -0.7965993176669, -0.7965075151716, -0.009360330917596, -0.008751134135167, 0.7781600245129, 0.7787486867691, 0, -0.796939851501, -0.7962509550394, -0, 5.551115123126e-17, -0, -0, 0.002676554700235, 0.3941133353915, 0.3912330866856, 0.3936013533778, 0, 0.3912361232592, 0.3946253174051
6.25, 0.1889956266443, -0.2951122773285, -0.2136973408396, -0.2947272833292, -0.03214233241241, -0.002064092934374, 0.01047280232087, 0.04082030760145, 0, 0, 1000, 0, -1000, 7519.764008382, 3596.760235939, 7529.229885543, 3561.305262194, 18.69559924533, 41.94887168288, 28.53022520282, 1.147023499149, -242.4695357369, -10.342939829, 242.9433310597, -29.04641261476, 5394.621973497, 3698.083738052, 5413.706294874, 4218.219205292, 3, 0.6550080918951, -102.9343827314, -0.9033385791586, 133.3100655141, -1.495847092409, 10.43249744461, -1.388723012825, 9.541771014776, 0, 0, 0.02819595968488, -0, -0, -0, -0, -0, 0.0281976650443, 0.005290673253907, 0, 0, 0, 0, 0, 0.03769248891142, 0.005290673894541, -0.04262187971586, 0.03769248434679, 0.05035365254963, 0.03769248434679, 35.1017106525, 35.11057006985, 35.10152634205, 35.11047552384, 86.6550512852, -0.1980683790121, 0.2047906938469, 0, 1, 49.99814333366, 50, 49.99732975173, -0.004093253486475, 0, 0, 0, 0, 0, 0, 0, 0, 86.65540614272, 83.70656642608, 86.65504636291, 83.70612904377, 86.6550512852, 83.70634766293, 86.65540721632, 83.70656635399, 0, 86.65504751184, 83.70612897186, -0.01330041274107, 0, -0.2113478266849, -0.01591120981503, 0.1914655421124, -0.01591120981503, 0.7777929974981, 0.7790226614154, -0.7966720468337, -0.7959776186655, -0.009431980864634, -0.008736750439671, 0.7780840460718, 0.7787630487888, 0, -0.7970158597341, -0.7962365496681, -5.551115123126e-17, -5.551115123126e-17, -0, -0, 0.002676873150387, 0.3941151508302, 0.3912536328335, 0.3946332139325, 0, 0.3912155734336, 0.3935970877279
6.275, 0.2139390812413, 0.2877568274367, -0.1887448022518, 0.2881259895904, 0.02690302203595, 0.002341052354222, -0.01157374700974, 0.04317793362151, 0, 0, -1000, 0, 1000, 7518.566716021, 3554.310342943, 7530.369023076, 3603.436409568, 27.85697430302, -0.06826710665918, 19.57260157666, 42.87701812181, -243.3472803832, 32.59858296675, 242.0694397251, 12.82380490345, 5405.301386004, 4246.305774215, 5402.979290996, 3673.470460851, 3, -0.8929913508895, 131.0022831771, 0.6216008592904, -99.42264049808, -1.508517639572, 9.350468363838, -1.376868445617, 10.6183525899, 0, 0, 0.02817264399114, -0, -0, -0, -0, -0, 0.02817531740777, 0.004610157882192, 0, 0, 0, 0, 0, -0.04151147035657, 0.0046101584395, -0.04315976088841, -0.04151146533742, 0.04983629503199, -0.04151146533742, 35.24236022444, 35.25120022561, 35.24216433779, 35.25119938438, 87.00226159422, -0.20559345059, 0.1972728141535, 0, 1, 49.99798436389, 50, 49.99713287942, -0.004351646073926, 0, 0, 0, 0, 0, 0, 0, 0, 87.00262778727, 84.05369537213, 87.00224500008, 84.05341885986, 87.00226159422, 84.05355716612, 87.00262891548, 84.05369542218, 0, 87.00224608983, 84.05341891006, -0.01376932427992, 0, -0.2193415648694, -0.01005903599156, 0.183479022224, -0.01005903599156, 0.777704023884, 0.7783023201303, -0.7967608981145, -0.7966980689694, -0.00952222775407, -0.008912335836911, 0.777998729263, 0.7785874453406, 0, -0.7971011972592, -0.7964121170144, -0, -0, -0, -0, 0.002677328254389, 0.3941116732203, 0.3912323563599, 0.3935411202691, 0, 0.3912369450477, 0.3946822261715
6.3, 0.1894759590399, -0.2854799689043, -0.2132121931214, -0.2851189657305, -0.03090690312236, -0.002686901508932, 0.01177930974394, 0.0432456063349, 0, 0, 1000, 0, -1000, 7519.753728694, 3599.07725221, 7529.113296067, 3558.651733139, 20.04778290259, 44.15478453186, 27.58216758877, -0.7307640912548, -242.6363152704, -15.11904809843, 242.7683546474, -35.64228559514, 5394.47368691, 3670.56914095, 5413.68987371, 4251.594938814, 3, 0.6172566583978, -98.95545651475, -0.8869923224758, 129.9564935659, -1.496157996987, 10.49090588713, -1.390151380184, 9.478110581445, 0, 0, 0.02811304748809, -0, -0, -0, -0, -0, 0.02811521355718, 0.005262706542517, 0, 0, 0, 0, 0, 0.04210500729924, 0.005262707176022, -0.0427318206285, 0.04210500223001, 0.05028553747145, 0.04210500223001, 35.38299816117, 35.39192458428, 35.38281335823, 35.39182873152, 87.34947120508, -0.1969543289544, 0.2059119522583, 0, 1, 49.99783639141, 50, 49.99699924368, -0.004295022781094, 0, 0, 0, 0, 0, 0, 0, 0, 87.34982590757, 84.40099114937, 87.34946526447, 84.40054159762, 87.34947120508, 84.40076629083, 87.3498269787, 84.40099106658, 0, 87.34946641805, 84.40054151508, -0.01338575147025, 0, -0.2103191229398, -0.01635391180057, 0.1925015680577, -0.01635391180057, 0.7776310119225, 0.7789025999606, -0.7968338077975, -0.7960977611595, -0.009593431912714, -0.008887200097895, 0.7779228114801, 0.7786125551844, 0, -0.7971771556188, -0.7963869553802, -0, -0, -0, -0, 0.002677906327306, 0.3941092919104, 0.3912539276659, 0.3946880027082, 0, 0.3912156065535, 0.3935305811127
6.325, 0.2135305110624, 0.2787425407119, -0.1891531939366, 0.2790894985397, 0.02567158463798, 0.002918235036862, -0.01286132557084, 0.0459035700905, 0, 0, -1000, 0, 1000, 7518.527542448, 3551.889539931, 7530.261543423, 3605.603229414, 26.94232926444, -1.852032236706, 20.93026170024, 45.01648995434, -243.2335589009, 38.68566957604, 242.1737291943, 17.37412164652, 5405.268932674, 4278.125546349, 5402.92887463, 3647.915791524, 3, -0.8819914911115, 128.1145009547, 0.5981774049822, -95.31553001438, -1.509130860527, 9.291264617131, -1.378200496433, 10.67261097589, 0, 0, 0.02807852468687, -0, -0, -0, -0, -0, 0.02808172907292, 0.004579826724887, 0, 0, 0, 0, 0, -0.04566920362918, 0.004579827274836, -0.04313985512027, -0.04566919814394, 0.04990285716688, -0.04566919814394, 35.52364787906, 35.53255326856, 35.5234497954, 35.5325524991, 87.69667954194, -0.2066205015023, 0.1962501715738, 0, 1, 49.9976882353, 50, 49.9968095963, -0.004427523576567, 0, 0, 0, 0, 0, 0, 0, 0, 87.69704742568, 84.74810904095, 87.69665993125, 84.74783832578, 87.69667954194, 84.74797373736, 87.69704855927, 84.74810909486, 0, 87.69666101565, 84.74783837986, -0.01389060990603, 0, -0.2204899820507, -0.009848147280307, 0.1823351428491, -0.009848147280307, 0.77754204958, 0.7781119354425, -0.7969226215208, -0.7968885416169, -0.00968454813968, -0.009074170321795, 0.7778366190636, 0.778425567883, 0, -0.7972633752835, -0.7965739085266, -0, -0, -0, -0, 0.002678382914769, 0.3941054113219, 0.3912324211103, 0.3934777125623, 0, 0.3912370450831, 0.3947331100815
6.35, 0.1898579152072, -0.2773226243287, -0.2128377322863, -0.2769813434603, -0.02977046849618, -0.003241230686477, 0.01246163683648, 0.04285992977941, 0, 0, 955.2937932905, 0, -1000, 7519.702435599, 3601.242402767, 7529.032856242, 3556.507120094, 21.31872869949, 46.25496278809, 26.7282977717, -2.375039771024, -242.8029963684, -19.47304929717, 242.6027729329, -41.38181312154, 5394.377074024, 3644.583744122, 5413.863729601, 4279.157789982, 3, 0.5803349876407, -95.30794491995, -0.8470182461665, 127.3565761506, -1.496897798408, 10.54378194345, -1.391198499508, 9.424623509161, 0, 0, 0.02807218293717, -0, -0, -0, -0, -0, 0.02807479707901, 0.005274010158085, 0, 0, 0, 0, 0, 0.04598546913827, 0.005274010791106, -0.04280722832146, 0.04598546361777, 0.05025356660962, 0.04598546361777, 35.66428421324, 35.67327772545, 35.66409884238, 35.67318050217, 88.04388650469, -0.1959309947429, 0.20694229631, 0, 1, 49.99755417632, 50, 49.99670035841, -0.004243299233345, 0, 0, 0, 0, 0, 0, 0, 0, 88.04424142292, 85.09541119464, 88.04387974798, 85.09495068167, 88.04388650469, 85.09518084567, 88.04424249117, 85.09541110201, 0, 88.04388090648, 85.09495058934, -0.01347308464843, 0, -0.2093831152627, -0.01675266110321, 0.1934446306129, -0.01675266110321, 0.7774683092448, 0.7787771760361, -0.7969962767839, -0.7962232639181, -0.009755583339305, -0.009039353948139, 0.7777606238945, 0.7784603587504, 0, -0.7973394059865, -0.7965390666467, -0, -5.551115123126e-17, -0, 5.551115123126e-17, 0.002678722479295, 0.3941077002224, 0.3912541197374, 0.3947397458812, 0, 0.3912152604187, 0.3934756545636
6.375, 0.2129427655935, 0.2572960578348, -0.1897021807555, 0.2575917059566, 0.0216408018109, 0.003364868724342, -0.01173241295563, 0.03603172562587, 0, 0, -1000, 0, 707.8000013658, 7518.52872762, 3550.088960764, 7530.178209949, 3606.923487529, 25.8892866056, -2.56633116237, 21.64379200214, 44.04074885855, -243.1091358304, 43.11834617426, 242.3291959585, 21.06066533595, 5405.485858048, 4298.65795392, 5402.811720247, 3629.46723107, 3, -1.116385025335, 121.8745327322, 0.7441445762973, -83.68923487343, -1.509316372854, 9.248537856385, -1.379275248686, 10.70600041943, 0, 0, 0.02811828569048, -0, -0, -0, -0, -0, 0.02812187577264, 0.004523872658488, 0, 0, 0, 0, 0, -0.04849402336234, 0.004523873203258, -0.04320755043214, -0.04849401752114, 0.04986638655408, -0.04849401752114, 35.80493348609, 35.81390519833, 35.80473419676, 35.81390439606, 88.3910920444, -0.2064029692686, 0.1964722090801, 0, 1, 49.99743032265, 50, 49.99640829893, -0.005124823858497, 0, 0, 0, 0, 0, 0, 0, 0, 88.39146155414, 85.44251948499, 88.39107131944, 85.44225184477, 88.3910920444, 85.44238572156, 88.39146268896, 85.44251954157, 0, 88.39107240371, 85.44225190155, -0.01400168441965, 0, -0.2203834613776, -0.009736285356387, 0.1824460890566, -0.009736285356387, 0.7773781973408, 0.7779309061302, -0.7970863046128, -0.797069635263, -0.009848329877576, -0.009235803216024, 0.7776732287406, 0.7782639033474, 0, -0.7974268095428, -0.7967355097794, -0, -0, -0, -0, 0.002678913600285, 0.3941033198112, 0.3912319886399, 0.3934367954256, 0, 0.3912372786751, 0.3947698441969
6.4, 0.1906522169251, -0.2412533236378, -0.2119493307668, -0.2409954071637, -0.02272232530461, -0.003715084678245, 0.01323807634103, 0.04420694778298, 0, 0, 742.6013200373, 0, -1000, 7519.575223881, 3602.144550394, 7529.097359489, 3554.615300121, 21.73181661932, 42.69708205367, 25.30393794331, -2.570618730693, -243.0360700819, -23.58900762179, 242.4138346772, -45.75382942662, 5393.993089135, 3629.912281464, 5414.174945652, 4300.040730112, 3, 0.8558964290538, -75.38027277123, -1.318083847082, 116.968510859, -1.498428356794, 10.56884427523, -1.390719129155, 9.382163672318, 0, 0, 0.02810907065838, -0, -0, -0, -0, -0, 0.02811199782335, 0.005394276177039, 0, 0, 0, 0, 0, 0.04856197719183, 0.005394276826197, -0.04266444901984, 0.04856197134656, 0.05042182195815, 0.04856197134656, 35.94556977007, 35.9546297401, 35.94538210048, 35.95453144712, 88.73829726802, -0.1970943284621, 0.2057824553284, 0, 1, 49.99731961024, 50, 49.9961929143, -0.005805682040117, 0, 0, 0, 0, 0, 0, 0, 0, 88.73865459558, 85.78982516159, 88.73828858449, 85.78935645814, 88.73829726802, 85.78959071046, 88.73865566669, 85.78982506202, 0, 88.73828973929, 85.78935635891, -0.01357323836334, 0, -0.2106466450018, -0.01705061590795, 0.1921845212481, -0.01705061590795, 0.7773063257135, 0.778640536498, -0.7971581226895, -0.7963599594769, -0.009917755183338, -0.009193738700427, 0.7775976659225, 0.7783059435717, 0, -0.797502400212, -0.7966934209725, -0, -5.551115123126e-17, -0, -0, 0.002679320532112, 0.3941014988716, 0.3912548853745, 0.3947689572461, 0, 0.3912146394573, 0.3934340404971
6.425, 0.2119094949291, 0.2097475911836, -0.1905978923135, 0.2099434508609, 0.01202937254925, 0.003836891901448, -0.01593758582606, 0.05752848168259, 0, 0, -1000, 0, 723.8262127876, 7518.516617607, 3547.968696026, 7530.105581687, 3607.364732334, 24.18063478008, -2.365599766446, 21.82422069246, 37.97804054755, -242.9965093502, 47.21296862499, 242.4906023608, 25.56647099336, 5405.461067695, 4322.312751565, 5402.626061372, 3621.037338011, 3, -1.829493865817, 108.5739478692, 1.17319326428, -56.60014708093, -1.509636267472, 9.201891793262, -1.380234453578, 10.72246433711, 0, 0, 0.02810008584554, -0, -0, -0, -0, -0, 0.028104010964, 0.004494547554172, 0, 0, 0, 0, 0, -0.05081909286033, 0.00449454809471, -0.04335526865789, -0.05081908674686, 0.04974779360568, -0.05081908674686, 36.08621736566, 36.09525616443, 36.08601822188, 36.09525523154, 89.08550180195, -0.2044104407653, 0.1984684015908, 0, 1, 49.9972153777, 50, 49.9958013713, -0.007356624174199, 0, 0, 0, 0, 0, 0, 0, 0, 89.08587129641, 86.13692624047, 89.08548082868, 86.13666071609, 89.08550180195, 86.1367935372, 89.08587242537, 86.13692629929, 0, 89.08548192156, 86.13666077512, -0.01410950542203, 0, -0.2184986950504, -0.009659314563255, 0.1843345347974, -0.009659314563255, 0.7772126445108, 0.7777527052018, -0.7972517044187, -0.7972478919417, -0.01001312175082, -0.009398052712734, 0.7775086846402, 0.7781016263337, 0, -0.7975913998404, -0.7968977317592, -5.551115123126e-17, -0, 5.551115123126e-17, -5.551115123126e-17, 0.002679762525856, 0.3940881417092, 0.3912320372611, 0.3933896604963, 0, 0.3912376492173, 0.394786622922
6.45, 0.1914611219442, -0.194013494531, -0.2110086620515, -0.1938475331929, -0.01308539821373, -0.004148622632582, 0.01737371471603, 0.06575262646216, 0, 0, 750.2488330872, 0, -1000, 7519.394854959, 3602.433253443, 7529.163566546, 3552.72522526, 21.94767511845, 36.05577253819, 23.61332280149, -2.213847655615, -243.1610295496, -27.93468812912, 242.3369028269, -49.35658008036, 5393.871319975, 3623.833278918, 5414.171601789, 4322.472769376, 3, 1.302215591398, -47.87597985126, -2.038044601281, 104.2798169944, -1.500514538316, 10.58092498308, -1.390218918566, 9.340113799253, 0, 0, 0.02806566102862, -0, -0, -0, -0, -0, 0.0280688519355, 0.005491272286825, 0, 0, 0, 0, 0, 0.05062807637972, 0.005491272945617, -0.04250005872257, 0.05062807030445, 0.05062242260532, 0.05062807030445, 36.22685470504, 36.23598061193, 36.22666408298, 36.23588115796, 89.4327056992, -0.1991265149291, 0.2037546416804, 0, 1, 49.99711373265, 50, 49.99558245213, -0.007929316063208, 0, 0, 0, 0, 0, 0, 0, 0, 89.43306549315, 86.48423506572, 89.43269394602, 86.48375922633, 89.4327056992, 86.48399704082, 89.43306657094, 86.48423496033, 0, 89.43269509257, 86.48375912131, -0.01367432126361, 0, -0.212780027012, -0.01731020846804, 0.1900555644973, -0.01731020846804, 0.7771429796388, 0.7784981989991, -0.797321277061, -0.7965023439975, -0.01008160249253, -0.009350296706941, 0.7774331974257, 0.7781493599146, 0, -0.7976669243225, -0.7968499533285, -5.551115123126e-17, -5.551115123126e-17, -0, 5.551115123126e-17, 0.002680237807006, 0.3940851986915, 0.3912551287768, 0.394781054486, 0, 0.3912146449106, 0.3933893428969
6.475, 0.2110056283963, 0.1677598709432, -0.1913928072154, 0.16788461344, 0.003488971132783, 0.004254468638134, -0.0193097705396, 0.07471795943897, 0, 0, -1000, 0, 706.7933942174, 7518.51920187, 3546.39777149, 7529.999142445, 3607.824302794, 22.67269930935, -2.020333545425, 22.01778898797, 31.61218161914, -242.8813302051, 50.56908921492, 242.659527815, 29.77724296895, 5405.613181056, 4340.321548833, 5402.533169033, 3612.94276656, 3, -2.443724798128, 97.18821412546, 1.560392883368, -32.26977227805, -1.509800532155, 9.165940628938, -1.381546799974, 10.73701602443, 0, 0, 0.02810268170582, -0, -0, -0, -0, -0, 0.02810688814509, 0.004440059547542, 0, 0, 0, 0, 0, -0.05271071597881, 0.004440060081625, -0.04351316022567, -0.05271070963648, 0.04962442001521, -0.05271070963648, 36.36750022385, 36.3766060871, 36.36730107882, 36.37660509706, 89.77990811621, -0.2026147231704, 0.200268092479, 0, 1, 49.99702209693, 50, 49.99526230777, -0.009079175142151, 0, 0, 0, 0, 0, 0, 0, 0, 89.78027785362, 86.83133071428, 89.77988691778, 86.83106633118, 89.77990811621, 86.83119858359, 89.78027897793, 86.83133077503, 0, 89.77988801797, 86.83106639214, -0.0142158945345, 0, -0.2168092871759, -0.009617796756171, 0.1860278949882, -0.009617796756171, 0.7770455462046, 0.7775765812811, -0.797418620051, -0.7974240630336, -0.01017955133106, -0.009561198465112, 0.7773426642583, 0.7779384571877, 0, -0.7977574731626, -0.797060854118, -5.551115123126e-17, -0, 5.551115123126e-17, -0, 0.002680441655246, 0.3940782552316, 0.3912317334292, 0.3933537746793, 0, 0.3912378349923, 0.3948027357838
6.5, 0.1922880256197, -0.1645601580401, -0.2101155427282, -0.1644410139077, -0.00768037619202, -0.004624178018189, 0.01654992438578, 0.05759335818253, 0, 0, 451.9734344975, 0, -1000, 7519.212606364, 3603.174291131, 7529.270235409, 3551.06577378, 22.05722744067, 32.34220898087, 22.55917438933, -2.535201307621, -243.3929583704, -32.35230966737, 242.1504563898, -53.46509045386, 5393.524708571, 3611.35020514, 5414.564756455, 4341.323209725, 3, 1.508021027918, -32.57837753776, -2.383104978097, 95.0360601404, -1.50261950493, 10.60163879714, -1.389292759751, 9.302828568455, 0, 0, 0.0280925872096, -0, -0, -0, -0, -0, 0.02809607706804, 0.005652085100598, 0, 0, 0, 0, 0, 0.05289871051172, 0.005652085779984, -0.04233266241766, 0.05289870415166, 0.05081812107801, 0.05289870415166, 36.50813817644, 36.51733089531, 36.50794525977, 36.51723033391, 90.12711024911, -0.2002331804746, 0.2026512493481, 0, 1, 49.99693965917, 50, 49.99523808283, -0.008874193691177, 0, 0, 0, 0, 0, 0, 0, 0, 90.12747241665, 87.17864260632, 90.12709647434, 87.17815919181, 90.12711024911, 87.1784007874, 90.12747349631, 87.17864249444, 0, 90.12709761799, 87.17815908035, -0.01377996051245, 0, -0.2139923935929, -0.01758577750475, 0.1888464135133, -0.01758577750475, 0.7769786452751, 0.7783566675373, -0.7974854591151, -0.7966439295429, -0.01024604018402, -0.009507466964594, 0.7772677204598, 0.7779921603083, 0, -0.7978324419248, -0.7970070942375, -0, -5.551115123126e-17, -0, -0, 0.00268078081447, 0.394078842586, 0.3912558200838, 0.3948059070217, 0, 0.3912138605514, 0.3933517781502
6.525, 0.2102521477299, 0.1629837239944, -0.1921552973983, 0.1631020250045, 0.003742462311698, 0.004716082430183, -0.01095370712139, 0.02227349754646, 0, 0, -1000, 0, -93.25813554468, 7518.500158201, 3544.373706684, 7529.944003748, 3608.508083444, 22.54929617759, -3.431967775759, 22.03206453068, 32.91667718404, -242.6860090808, 55.04426332278, 242.86570086, 33.58737039817, 5405.661217207, 4362.876365389, 5402.362270306, 3602.230166512, 3, -2.348514003737, 93.50053567323, 1.476513741503, -32.98561951089, -1.510190777646, 9.121634858859, -1.382318329362, 10.75815562562, 0, 0, 0.02808458997701, -0, -0, -0, -0, -0, 0.02808917204084, 0.004409981098423, 0, 0, 0, 0, 0, -0.05512149331569, 0.004409981628205, -0.04353622728197, -0.05512148669163, 0.04962849185068, -0.05512148669163, 36.64878294099, 36.65795565061, 36.64858228034, 36.65795423162, 90.47431187086, -0.2027368422927, 0.2001492505798, 0, 1, 49.99686267255, 50, 49.99521176882, -0.008634429141691, 0, 0, 0, 0, 0, 0, 0, 0, 90.47468307482, 87.52573184356, 90.47428894662, 87.52546969421, 90.47431187086, 87.52560083199, 90.47468420093, 87.52573190654, 0, 90.47429004555, 87.52546975744, -0.01432626253068, 0, -0.2170417767858, -0.009536536150973, 0.1857986986317, -0.009536536150973, 0.7768780419539, 0.7773950481387, -0.7975859795623, -0.7976056589101, -0.0103471167734, -0.009726193086885, 0.7771753174376, 0.7777734315723, 0, -0.7979248607771, -0.7972258177461, -0, -0, -0, -0, 0.002681144710052, 0.3940664445975, 0.3912316376201, 0.3933088292121, 0, 0.3912381754038, 0.3948240599828
6.55, 0.1928998929215, -0.1608014143242, -0.2095132637036, -0.1606872640688, -0.008049841176957, -0.005000710676308, 0.008122817296986, 0.00537249922685, 0, 0, -353.3693466752, 0, -1000, 7519.068709041, 3603.508063243, 7529.323794538, 3549.193142931, 22.1083062269, 33.44847273604, 22.48848389102, -3.808539592837, -243.4743250188, -35.53478447886, 242.0732518076, -57.20976053042, 5393.61409493, 3605.165491671, 5414.331999978, 4363.191800026, 3, 1.453077178302, -33.04078740278, -2.315957597712, 92.25925055488, -1.504320556354, 10.61500939437, -1.388921201922, 9.261751832188, 0, 0, 0.02804226465753, -0, -0, -0, -0, -0, 0.0280460405538, 0.00570438685412, 0, 0, 0, 0, 0, 0.054931638683, 0.005704387537339, -0.04232730114995, 0.05493163210203, 0.05085387007729, 0.05493163210203, 36.78942046343, 36.79868010673, 36.7892262013, 36.79857863679, 90.82151315102, -0.2001489975087, 0.2027390600007, 0, 1, 49.99678692441, 50, 49.99517527073, -0.008381838350167, 0, 0, 0, 0, 0, 0, 0, 0, 90.82187631588, 87.87304711633, 90.8214976822, 87.87255649437, 90.82151315102, 87.87280168766, 90.8218773955, 87.87304699842, 0, 90.82149882657, 87.8725563769, -0.01388274988426, 0, -0.2140110395623, -0.01784797166182, 0.1888314620194, -0.01784797166182, 0.7768112846673, 0.7782112508488, -0.7976526588406, -0.7967893965885, -0.01041314376171, -0.009666876277621, 0.7771003231099, 0.7778327235881, 0, -0.7979998861539, -0.7971664761433, -5.551115123126e-17, -0, -0, -0, 0.002681588065138, 0.3940632080445, 0.3912556420504, 0.3948182139807, 0, 0.391214323993, 0.3933082021082
6.575, 0.2096965654852, 0.1597774395025, -0.1927254542656, 0.1598915488241, 0.00409213985109, 0.005074979668104, -0.003062907282425, -0.02660426630275, 0, 0, -1000, 0, -845.6500976947, 7518.54804957, 3542.799954866, 7529.810318624, 3608.980539585, 22.47488998096, -4.599536477235, 22.09067696813, 33.97808260446, -242.5451782809, 58.5632792819, 243.0182936842, 36.52893476228, 5405.712031472, 4381.535574431, 5402.315973876, 3594.230804461, 3, -2.249147744816, 91.02206949501, 1.39936419094, -33.57087851781, -1.509877777713, 9.085786595973, -1.383912560479, 10.7733042572, 0, 0, 0.02806677156947, -0, -0, -0, -0, -0, 0.02807166201104, 0.004333233377303, 0, 0, 0, 0, 0, -0.05705334979376, 0.004333233897205, -0.04359289886852, -0.05705334294609, 0.04960177028021, -0.05705334294609, 36.93006487299, 36.93930424455, 36.92986270373, 36.93930250856, 91.16871317672, -0.2028507099377, 0.2000388105446, 0, 1, 49.99672150593, 50, 49.99516505096, -0.008005407417655, 0, 0, 0, 0, 0, 0, 0, 0, 91.16908584153, 88.22013124307, 91.16868853654, 88.219870187, 91.16871317672, 88.22000078007, 91.16908697027, 88.22013130798, 0, 91.16868963358, 88.21987025216, -0.01443583450383, 0, -0.2172652023699, -0.009496764284134, 0.1855787148777, -0.009496764284134, 0.7767087951041, 0.7772160076452, -0.7977550671542, -0.7977847515699, -0.01051648566779, -0.009891983398668, 0.777006457473, 0.777607615359, 0, -0.7980937659886, -0.7973915821563, -0, -5.551115123126e-17, -0, -0, 0.002681780601472, 0.3940558142186, 0.3912315361022, 0.3932716465098, 0, 0.3912382677857, 0.3948399819274
6.6, 0.1934885054559, -0.1570698083601, -0.2089415110014, -0.1569604769297, -0.008335790848287, -0.005369224331674, 0.001378903010865, -0.03707669280021, 0, 0, -1000, 0, -1000, 7518.980248608, 3604.117110805, 7529.353840505, 3547.677292815, 22.1759304256, 34.5288319277, 22.36506283136, -4.93208016905, -243.6310430687, -38.54027226788, 241.936744276, -60.84549008124, 5393.559767961, 3594.787706165, 5414.478589689, 4379.761506391, 3, 1.382604945365, -33.66644983383, -2.21642107057, 89.34294552696, -1.505438281649, 10.632467469, -1.388795158883, 9.227182467953, 0, 0, 0.02808055372477, -0, -0, -0, -0, -0, 0.02808461418169, 0.005764588228712, 0, 0, 0, 0, 0, 0.05688443231133, 0.005764588921028, -0.04230799036572, 0.05688442547764, 0.0508972388866, 0.05688442547764, 37.07070185162, 37.08002880684, 37.07050626104, 37.07992635802, 91.51591269009, -0.2000136717123, 0.2028770482784, 0, 1, 49.99665966123, 50, 49.99515062836, -0.007760404858938, 0, 0, 0, 0, 0, 0, 0, 0, 91.51627745155, 88.56744944314, 91.51589613228, 88.56695175268, 91.51591269009, 88.56720047428, 91.51627853053, 88.56744931927, 0, 91.51589727783, 88.5669516293, -0.0139874815642, 0, -0.2139804265146, -0.01810511086531, 0.1888646636559, -0.01810511086531, 0.7766428345056, 0.7780641010701, -0.797820979386, -0.7969365965296, -0.01058135650546, -0.009827475741023, 0.776931741162, 0.7776720968258, 0, -0.7981685025588, -0.7973270483079, -0, -0, -0, -0, 0.002681992024549, 0.3940570276902, 0.3912557503689, 0.3948388737195, 0, 0.3912140317188, 0.393275181661
6.625, 0.2091089711526, 0.1540035297731, -0.1933265884705, 0.1541100457389, 0.004232937715498, 0.005496860667072, -0.001703085895047, -0.03844201345662, 0, 0, -1000, 0, -1000, 7518.642289332, 3541.181623703, 7529.674419593, 3609.660351839, 22.24265127952, -5.737806188604, 22.2270935729, 35.17819602695, -242.3541307963, 62.67057118709, 243.2241803051, 39.96248549653, 5405.930288865, 4399.232963542, 5402.047661957, 3582.686569986, 3, -2.137878921502, 86.81126796816, 1.310642821889, -33.94251571923, -1.509076493146, 9.050235228993, -1.38552784904, 10.79259864131, 0, 0, 0.02809645659631, -0, -0, -0, -0, -0, 0.02810169352223, 0.00420930601814, 0, 0, 0, 0, 0, -0.05917239122426, 0.004209306524242, -0.04367416010124, -0.05917238410707, 0.04954019366917, -0.05917238410707, 37.21134608171, 37.22065268055, 37.21114232228, 37.22065031117, 91.86311179016, -0.2031121074105, 0.1997796750504, 0, 1, 49.99660954116, 50, 49.99517039828, -0.007465232682254, 0, 0, 0, 0, 0, 0, 0, 0, 91.86348630607, 88.91452836709, 91.86308569174, 88.91426879179, 91.86311179016, 88.91439864651, 91.86348743883, 88.91452843402, 0, 91.86308678525, 88.914268859, -0.01454265085982, 0, -0.2176333541775, -0.009442896071849, 0.1852127671705, -0.009442896071849, 0.7765379437076, 0.7770339439615, -0.7979258124095, -0.7979668745793, -0.01068759228539, -0.0100595092181, 0.7768361606082, 0.7774400601215, 0, -0.7982640912457, -0.7975590785577, -0, -0, -0, -0, 0.002682237424666, 0.3940496708001, 0.3912311009041, 0.3932363780132, 0, 0.3912388026352, 0.3948629635871
6.65, 0.1940485453819, -0.1506810294613, -0.2083905992317, -0.1505799382989, -0.008350230427386, -0.005784994049378, 0.001730401274661, -0.03910086769545, 0, 0, -1000, 0, -1000, 7518.943346178, 3604.680449611, 7529.329443947, 3545.882538976, 22.34672486631, 35.72091126316, 22.12245894065, -6.10839342568, -243.7597801008, -42.00749257548, 241.8107386171, -64.94576687533, 5393.561446303, 3586.13091396, 5414.282043447, 4399.734623091, 3, 1.306038212833, -33.75664313691, -2.126919734045, 84.90953732882, -1.506013281189, 10.65049920744, -1.389238161487, 9.187940654026, 0, 0, 0.02805365357354, -0, -0, -0, -0, -0, 0.02805803364837, 0.005755866678782, 0, 0, 0, 0, 0, 0.05895914483646, 0.005755867368727, -0.04235382078362, 0.05895913776693, 0.05087469279568, 0.05895913776693, 37.35198266343, 37.36137692348, 37.35178591254, 37.3612739264, 92.21031105878, -0.1997131087752, 0.2031804715262, 0, 1, 49.99655838651, 50, 49.99516282822, -0.007272636135192, 0, 0, 0, 0, 0, 0, 0, 0, 92.21067680652, 89.26185007466, 92.21029313801, 89.2613450128, 92.21031105878, 89.2615974137, 92.21067788566, 89.26184994436, 0, 92.21029428429, 89.26134488304, -0.01408796894285, 0, -0.2137803483305, -0.01837326873651, 0.1890676344434, -0.01837326873651, 0.7764724793596, 0.777916390119, -0.797991211149, -0.7970843627889, -0.01075148077548, -0.009989471771995, 0.7767616989774, 0.7775100707942, 0, -0.7983385807222, -0.7974890143382, -0, -0, -0, 5.551115123126e-17, 0.002682694917719, 0.3940457420317, 0.3912557467943, 0.3948561038628, 0, 0.3912144233818, 0.3932353802007
6.675, 0.2087401160833, 0.1486599324323, -0.1937083954772, 0.1487595686615, 0.004334578370048, 0.005859498688618, -0.002047348785449, -0.04016337039997, 0, 0, -1000, 0, -1000, 7518.716215519, 3539.521849421, 7529.514498429, 3610.049577093, 22.0470068679, -6.857088574604, 22.4047070148, 36.26579160974, -242.2975197689, 66.31984177435, 243.2816009249, 43.0220264764, 5405.725432303, 4419.183735267, 5402.110914682, 3576.152581849, 3, -2.055607493875, 83.10311057479, 1.247031911643, -33.99207047058, -1.508486348288, 9.013196648825, -1.387393641889, 10.80637557041, 0, 0, 0.02804738355275, -0, -0, -0, -0, -0, 0.02805294802547, 0.00413855892276, 0, 0, 0, 0, 0, -0.06109165189873, 0.00413855941862, -0.04371114191438, -0.06109164457616, 0.04953224488766, -0.06109164457616, 37.4926269209, 37.50200046387, 37.49242153696, 37.50199748696, 92.55750958205, -0.20340707796, 0.1994881814032, 0, 1, 49.99651627612, 50, 49.9951820174, -0.006882797292113, 0, 0, 0, 0, 0, 0, 0, 0, 92.55788545739, 89.60892388868, 92.55748144582, 89.60866542983, 92.55750958205, 89.6087947282, 92.55788659321, 89.60892395748, 0, 92.5574825368, 89.60866549892, -0.01465081191954, 0, -0.2180365052227, -0.009402281486797, 0.1848131584516, -0.009402281486797, 0.7763666015361, 0.7768527187866, -0.7980970013881, -0.7981481553079, -0.01085913535238, -0.01022757677377, 0.77666507126, 0.7772719649726, 0, -0.7984352258458, -0.7977271185201, -5.551115123126e-17, -0, -0, -0, 0.00268301597229, 0.3940362936244, 0.3912315087922, 0.3931966216382, 0, 0.3912386766807, 0.3948759656107
6.7, 0.1944731542025, -0.1460484732153, -0.2079849020126, -0.1459531007029, -0.008476577968122, -0.006137200343761, 0.002025520968469, -0.0407926648668, 0, 0, -1000, 0, -1000, 7518.85836963, 3605.207472826, 7529.334957799, 3544.443521203, 22.51681579618, 36.77207035483, 21.93554183225, -7.14237558543, -243.8997616144, -44.86999232264, 241.6818743038, -68.44097887892, 5393.549224196, 3577.917483293, 5414.31866769, 4416.503010978, 3, 1.227064808973, -33.97547619894, -2.016077154614, 81.64572099609, -1.507091390841, 10.66608080051, -1.389366442574, 9.154825904222, 0, 0, 0.0280469146152, -0, -0, -0, -0, -0, 0.02805157949481, 0.005794793573131, 0, 0, 0, 0, 0, 0.06076949249221, 0.005794794267408, -0.04236421233755, 0.06076948520896, 0.05089248866264, 0.06076948520896, 37.63326296875, 37.6427245963, 37.63306505737, 37.64262084859, 92.90470755229, -0.1994195775792, 0.2034772254101, 0, 1, 49.9964749024, 50, 49.99518476118, -0.006589966926197, 0, 0, 0, 0, 0, 0, 0, 0, 92.90507442502, 89.95624884189, 92.90468840212, 89.95573709365, 92.90470755229, 89.95599283198, 92.90507550344, 89.95624870581, 0, 92.90468954999, 89.95573695815, -0.01418860841974, 0, -0.213587456365, -0.01861650687347, 0.1892637462871, -0.01861650687347, 0.7763014805376, 0.7777655310029, -0.7981620600213, -0.7972352717422, -0.01092218510416, -0.01015279724335, 0.7765907711373, 0.777346718246, 0, -0.7985095510349, -0.7976523127327, -0, -5.551115123126e-17, -0, 5.551115123126e-17, 0.002683273659542, 0.3940372081542, 0.3912557710887, 0.3948724522339, 0, 0.3912143503172, 0.3932019640745
6.725, 0.2084536905258, 0.1431961894858, -0.1940161910187, 0.1432890358713, 0.004368245981623, 0.00619178230154, -0.002354129399574, -0.04198659346951, 0, 0, -1000, 0, -1000, 7518.762926775, 3538.268881765, 7529.418135474, 3610.623974852, 21.88777523567, -7.672381328314, 22.52889711467, 37.27965485874, -242.200957172, 69.64866764222, 243.3963909146, 45.73359427139, 5405.795464184, 4432.422082265, 5402.11932626, 3566.450424678, 3, -1.958865917211, 79.28477303087, 1.188560913109, -34.05261627555, -1.508180391689, 8.984843483958, -1.388590773077, 10.82207028482, 0, 0, 0.02809454127223, -0, -0, -0, -0, -0, 0.02810039757069, 0.004078458177629, 0, 0, 0, 0, 0, -0.06275407232641, 0.004078458667932, -0.04373807811299, -0.06275406477911, 0.04952707696625, -0.06275406477911, 37.77390715291, 37.78334801398, 37.77370014208, 37.78334438082, 93.2519047204, -0.2037453476099, 0.1991522577815, 0, 1, 49.99644391585, 50, 49.99522041453, -0.006229150967278, 0, 0, 0, 0, 0, 0, 0, 0, 93.25228259103, 90.30331828684, 93.25187521892, 90.30306048999, 93.2519047204, 90.30318945905, 93.25228372985, 90.30331835732, 0, 93.25187630718, 90.30306056078, -0.01475578554631, 0, -0.2184796995899, -0.009378198469722, 0.1843722228224, -0.009378198469722, 0.7761941898559, 0.7766722863146, -0.7982692955027, -0.7983286372771, -0.01103175551535, -0.010396605005, 0.7764928433911, 0.7771029121013, 0, -0.7986074846659, -0.7978961221113, -0, 5.551115123126e-17, 5.551115123126e-17, -5.551115123126e-17, 0.002683383452805, 0.394032759169, 0.3912313691461, 0.393170238115, 0, 0.3912386599551, 0.3948952802229
6.75, 0.1946899099932, -0.1382786119393, -0.2077847262766, -0.1381926660407, -0.008280388313407, -0.006522216035792, 0.002416814859917, -0.04302672023757, 0, 0, -1000, 0, -1000, 7518.756930409, 3605.845307617, 7529.400775668, 3543.112019596, 22.60589489634, 37.88823185148, 21.77093231778, -7.93241265159, -244.0769516956, -48.0011030167, 241.516084534, -72.21104957375, 5393.368054503, 3567.329702938, 5414.419911042, 4430.603724056, 3, 1.142361528936, -33.70704616766, -1.901974576441, 76.40915303678, -1.508339394841, 10.68374604348, -1.388860510799, 9.125664566059, 0, 0, 0.02808159004943, -0, -0, -0, -0, -0, 0.02808654106398, 0.005880483350656, 0, 0, 0, 0, 0, 0.06255858377405, 0.005880484056943, -0.04234940969232, 0.06255857625767, 0.0509251008185, 0.06255857625767, 37.91454274272, 37.92407198336, 37.91434379966, 37.92396798876, 93.59910219423, -0.198920260535, 0.2039786097933, 0, 1, 49.99641653928, 50, 49.99525252964, -0.006022512142158, 0, 0, 0, 0, 0, 0, 0, 0, 93.59947035358, 90.65064637063, 93.59908221803, 90.65012803391, 93.59910219423, 90.65038706068, 93.59947142962, 90.65064622874, 0, 93.59908336905, 90.65012789263, -0.01429109390641, 0, -0.2131906062175, -0.01885618392522, 0.1896625988148, -0.01885618392522, 0.7761296321677, 0.7776134769774, -0.7983338124202, -0.7973873765429, -0.01109360117075, -0.01031717685511, 0.7764188219595, 0.7771823110921, 0, -0.7986815259205, -0.7978166648023, -0, 5.551115123126e-17, -0, -0, 0.00268372434893, 0.3940336959772, 0.3912561320591, 0.394893530147, 0, 0.3912141484395, 0.3931738618073
6.775, 0.2084648837129, 0.1345800304141, -0.1940181078147, 0.1346625139132, 0.004016486687001, 0.006588873560307, -0.002830815497367, -0.04431433199666, 0, 0, -1000, 0, -1000, 7518.745094269, 3536.661185705, 7529.375432867, 3611.175073913, 21.75633660102, -8.569601680992, 22.59848736314, 38.43744323749, -242.1020857673, 73.60521393771, 243.4943680293, 49.05171127928, 5405.529310647, 4450.526772517, 5402.157043558, 3558.264954849, 3, -1.869497002634, 73.5723758279, 1.11988571446, -33.52360291936, -1.508549094292, 8.949370467476, -1.389223743829, 10.83926485755, 0, 0, 0.02806571576432, -0, -0, -0, -0, -0, 0.02807192283316, 0.004089184610492, 0, 0, 0, 0, 0, -0.06465923076778, 0.004089185101076, -0.04369049349983, -0.0646592230071, 0.0495974459159, -0.0646592230071, 38.05518731671, 38.0646956378, 38.05497844744, 38.06469099499, 93.94629958157, -0.2043492209063, 0.1985511919439, 0, 1, 49.99639666615, 50, 49.99530223714, -0.005688173419617, 0, 0, 0, 0, 0, 0, 0, 0, 93.94667915795, 90.99771126174, 93.94626797306, 90.99745472865, 93.94629958157, 90.99758306762, 93.94668029925, 90.997711334, 0, 93.94626905868, 90.99745480124, -0.01486399034329, 0, -0.2191918229655, -0.009332224720418, 0.1836629425249, -0.009332224720418, 0.7760213074514, 0.7764889207893, -0.7984420570236, -0.7985120612394, -0.01120489536585, -0.01056690880347, 0.7763196364583, 0.7769325792907, 0, -0.7987807266403, -0.7980663968977, -0, -0, -0, -0, 0.002684111606907, 0.3940228649055, 0.3912318995802, 0.3931341584817, 0, 0.3912385844054, 0.3949115713293
6.8, 0.1946312933246, -0.13111511196, -0.2078609646276, -0.1310374767517, -0.008092720336801, -0.006876016541727, 0.002859253690391, -0.04494976556497, 0, 0, -1000, 0, -1000, 7518.609484459, 3606.23244939, 7529.458448687, 3541.616196881, 22.68588684484, 38.96199147972, 21.69466559186, -8.797832377318, -244.1548557036, -50.93771313857, 241.4359099052, -75.77364165261, 5393.408462099, 3561.430321179, 5414.218773675, 4448.888405737, 3, 1.076019331632, -33.21844874785, -1.807533804361, 71.75223922745, -1.510068489618, 10.69668367763, -1.3884380544, 9.092138540691, 0, 0, 0.02802584161964, -0, -0, -0, -0, -0, 0.02803108311424, 0.005942813335802, 0, 0, 0, 0, 0, 0.06431112056068, 0.005942814046744, -0.04236728478053, 0.06431111286422, 0.05093665265275, 0.06431111286422, 38.19582239662, 38.20541905079, 38.19562249885, 38.20531468651, 94.29349690073, -0.1983670916758, 0.2045353097409, 0, 1, 49.99637472077, 50, 49.99532655486, -0.005387566894025, 0, 0, 0, 0, 0, 0, 0, 0, 94.29386565516, 91.3450427547, 94.29347555975, 91.3445179221, 94.29349690073, 91.34478019103, 94.29386672937, 91.34504260699, 0, 94.2934767138, 91.34451777506, -0.0143913834982, 0, -0.2127377591073, -0.01909249162675, 0.1901190532664, -0.01909249162675, 0.7759560617304, 0.7774595301615, -0.7985072279262, -0.7975413745448, -0.0112666951675, -0.01048318793526, 0.7762453735341, 0.7770162722678, 0, -0.7988550206487, -0.7979826481383, -0, -0, -0, -0, 0.002684537461807, 0.3940213466849, 0.3912560514757, 0.3949052685231, 0, 0.3912145490412, 0.3931374248468
6.825, 0.2085332430444, 0.1281420371241, -0.1939737684356, 0.1282172308834, 0.003880197404399, 0.006922329376791, -0.003223001542797, -0.04623387382954, 0, 0, -1000, 0, -1000, 7518.7320666, 3535.447591836, 7529.3061212, 3611.734991657, 21.68727729618, -9.346415136374, 22.6675784149, 39.47757773119, -241.985749979, 76.9421425787, 243.6204537123, 51.74672264313, 5405.486008169, 4464.874055479, 5402.220037151, 3550.411707267, 3, -1.757964582377, 69.3416135766, 1.050304648934, -33.20684287945, -1.508866177397, 8.921092014129, -1.390134020223, 10.85478822353, 0, 0, 0.02805216549457, -0, -0, -0, -0, -0, 0.02805867444198, 0.00407376240568, 0, 0, 0, 0, 0, -0.06626802756696, 0.004073762893943, -0.04367085212678, -0.06626801962069, 0.04964569716865, -0.06626801962069, 38.33646723944, 38.34604289705, 38.33625653721, 38.34603748203, 94.64069333137, -0.2049027946419, 0.1980008321847, 0, 1, 49.99636341317, 50, 49.99538610422, -0.004947323627675, 0, 0, 0, 0, 0, 0, 0, 0, 94.64107467312, 91.69210390733, 94.64065976215, 91.69184795265, 94.64069333137, 91.69197600405, 94.64107581735, 91.69210398122, 0, 94.64066084493, 91.69184802688, -0.01497119595748, 0, -0.2198526223271, -0.009311182819785, 0.1830053651047, -0.009311182819785, 0.775846728673, 0.7763064794227, -0.7986164834752, -0.7986945532286, -0.01137971747521, -0.0107383192743, 0.7761449236165, 0.7767611436027, 0, -0.7989554824728, -0.7982377821513, -0, -0, -5.551115123126e-17, -0, 0.002684705483987, 0.3940163841062, 0.3912319859424, 0.3931055656435, 0, 0.3912384586349, 0.394927202569
6.85, 0.1941324324638, -0.1217204185812, -0.2083877607872, -0.1216530646576, -0.007675361987537, -0.007272793160821, 0.00337788958471, -0.04771741884508, 0, 0, -1000, 0, -1000, 7518.465778108, 3607.084645184, 7529.5469031, 3540.537186038, 22.67977757057, 40.17478328587, 21.62703768398, -9.527609608997, -244.3791053758, -54.08838997052, 241.2280385734, -79.65709586362, 5393.247292337, 3549.445098654, 5414.399233913, 4461.610583059, 3, 0.9970332126952, -32.60090027401, -1.677659032515, 65.53181580236, -1.511757636281, 10.71793672602, -1.387691518522, 9.067357025094, 0, 0, 0.0280367959382, -0, -0, -0, -0, -0, 0.02804233792501, 0.006058682064057, 0, 0, 0, 0, 0, 0.06610158166837, 0.006058682789427, -0.04235821427975, 0.06610157375128, 0.05096787330785, 0.06610157375128, 38.47710161667, 38.48676628426, 38.47690103523, 38.48666181612, 94.9878899412, -0.197482049786, 0.2054227486243, 0, 1, 49.99635735007, 50, 49.99545935069, -0.004621601575768, 0, 0, 0, 0, 0, 0, 0, 0, 94.9882595614, 92.03943907951, 94.98786787298, 92.0389076431, 94.9878899412, 92.03917320792, 94.98826063145, 92.03943892578, 0, 94.98786903248, 92.03890749007, -0.01449675656195, 0, -0.2119580862703, -0.01933272609982, 0.1909010946107, -0.01933272609982, 0.7757815734511, 0.77730497671, -0.7986815980055, -0.7976959817952, -0.01144052884546, -0.01065008038335, 0.7760708235673, 0.7768493507059, 0, -0.7990296035653, -0.7981495114726, -0, -0, -0, -0, 0.002684989523631, 0.3940205986538, 0.3912563725767, 0.3949291294081, 0, 0.3912141893693, 0.3931120678994
6.875, 0.2094598690712, 0.1162934893116, -0.1930723442949, 0.1163559739002, 0.003045209517706, 0.007343295588426, -0.003877187312732, -0.04936967520659, 0, 0, -1000, 0, -1000, 7518.693378577, 3534.130221464, 7529.291659664, 3612.496270737, 21.80528483578, -10.01569701432, 22.48366136412, 40.72058042527, -241.7535064944, 81.02057847811, 243.8602429917, 55.1188164946, 5405.309184672, 4479.756902334, 5402.254651327, 3540.697380836, 3, -1.644140212718, 61.7408451098, 0.9837620531265, -31.98480188832, -1.509451640564, 8.892103357877, -1.390466717798, 10.87539287039, 0, 0, 0.02802164449547, -0, -0, -0, -0, -0, 0.0280284999443, 0.004095341715631, 0, 0, 0, 0, 0, -0.06805050076747, 0.004095342205412, -0.04358376639254, -0.068050492625, 0.04975333812105, -0.068050492625, 38.61774732949, 38.62739089956, 38.61753425487, 38.62738392469, 95.33508658524, -0.2059568744225, 0.1969491106115, 0, 1, 49.99635755885, 50, 49.99554072846, -0.00425692379142, 0, 0, 0, 0, 0, 0, 0, 0, 95.33547000431, 92.38649612666, 95.33505051867, 92.38624113348, 95.33508658524, 92.38636870584, 95.33547115231, 92.38649620225, 0, 95.33505159691, 92.38624120942, -0.01508138460074, 0, -0.2210169565771, -0.009276205075263, 0.1818434285348, -0.009276205075263, 0.7756713708584, 0.776121465616, -0.7987917325497, -0.7988796246247, -0.01155553154859, -0.01091111013162, 0.7759689714046, 0.7765883241067, 0, -0.799131466521, -0.7984105443699, -0, -0, 5.551115123126e-17, -5.551115123126e-17, 0.00268530601314, 0.3940112218131, 0.3912323386331, 0.3930759042243, 0, 0.3912383890448, 0.3949465394019
6.9, 0.1933313109711, -0.1116978785771, -0.2092129992925, -0.1116407937304, -0.007078753396926, -0.0076183530827, 0.003994123237993, -0.05021605601355, 0, 0, -1000, 0, -1000, 7518.348687531, 3607.452623271, 7529.594194039, 3539.213728847, 22.44409241567, 41.25808164137, 21.87823454545, -10.15319871533, -244.4905348749, -56.92920244093, 241.1169590514, -83.09794836212, 5393.478536871, 3544.405773256, 5413.99205252, 4477.655089607, 3, 0.9501573697058, -31.33437302212, -1.589081201209, 59.29349727211, -1.513165705151, 10.73029412543, -1.387373861407, 9.038228877866, 0, 0, 0.02797249900077, -0, -0, -0, -0, -0, 0.02797831159661, 0.006077435580879, 0, 0, 0, 0, 0, 0.06762945500878, 0.006077436305161, -0.04242730438129, 0.06762944694565, 0.05092241326606, 0.06762944694565, 38.75838091679, 38.76811318704, 38.75817964348, 38.76800878563, 95.68228342099, -0.1966827291095, 0.2062249134112, 0, 1, 49.99635407879, 50, 49.99558966239, -0.003941657940156, 0, 0, 0, 0, 0, 0, 0, 0, 95.68265341593, 92.73383433059, 95.6822600969, 92.73329672216, 95.68228342099, 92.73356536763, 95.6826544842, 92.73383417147, 0, 95.68226125962, 92.73329656379, -0.01459987737464, 0, -0.2112618999924, -0.01955725277811, 0.1916002180647, -0.01955725277811, 0.7756046350818, 0.7771463667818, -0.798858413531, -0.7978546386433, -0.01161692943668, -0.0108192079497, 0.7758943566631, 0.776680197585, 0, -0.7992061093992, -0.7983186134844, -0, 5.551115123126e-17, -5.551115123126e-17, -0, 0.002685709671197, 0.3940096250635, 0.3912559115813, 0.3949391556076, 0, 0.3912150007632, 0.3930800945195
6.925, 0.2102013327772, 0.1073688642827, -0.1923577402393, 0.1074225470485, 0.002515021244978, 0.007679226926475, -0.004450408805004, -0.05188764869807, 0, 0, -1000, 0, -1000, 7518.719270862, 3533.056835943, 7529.19802865, 3613.023544229, 22.12149850827, -10.58502012908, 22.19086080869, 41.7875549907, -241.5664655765, 84.3061107116, 244.054149741, 57.77592094807, 5405.212636754, 4493.302349524, 5402.313109225, 3533.746966349, 3, -1.521150385373, 56.12877389311, 0.9104493378699, -30.97974886305, -1.509358664827, 8.866988897174, -1.391628558032, 10.89010636538, 0, 0, 0.02798369913931, -0, -0, -0, -0, -0, 0.02799084488848, 0.0040588973018, 0, 0, 0, 0, 0, -0.06953576580432, 0.004058897785908, -0.04356223953886, -0.06953575750648, 0.04979849728893, -0.06953575750648, 38.89902728409, 38.90873846288, 38.89881212085, 38.90873029172, 96.02947955451, -0.2066818961828, 0.1962269114361, 0, 1, 49.99636149331, 50, 49.99567913166, -0.003443075269601, 0, 0, 0, 0, 0, 0, 0, 0, 96.02986476529, 93.08088823122, 96.02944117386, 93.08063341714, 96.02947955451, 93.08076090154, 96.02986591705, 93.08088830839, 0, 96.02944224814, 93.08063349469, -0.01519145930331, 0, -0.2218520925121, -0.00926968927867, 0.1810111652689, -0.00926968927867, 0.7754939598095, 0.7759373993198, -0.7989690198521, -0.7990637399712, -0.01173332479252, -0.01108499506596, 0.7757914134946, 0.7764144146762, 0, -0.7993090621011, -0.7985844048082, -0, -0, 5.551115123126e-17, 5.551115123126e-17, 0.002685878138699, 0.3940046407968, 0.3912325310713, 0.3930489090473, 0, 0.3912382723269, 0.3949603725463
6.95, 0.1929284500719, -0.1009277567222, -0.2096499411308, -0.1008807552699, -0.0063395516321, -0.007971881222302, 0.004670692191218, -0.05337008896655, 0, 0, -1000, 0, -1000, 7518.276971827, 3608.183728833, 7529.620976008, 3538.323477895, 21.52400348677, 42.32572779939, 22.81975624838, -10.19804785292, -244.7310525195, -59.6779518038, 240.889575139, -86.53960771036, 5393.47974663, 3534.627656851, 5414.042297333, 4488.13900214, 3, 0.8926648971619, -30.05796423889, -1.469015359281, 52.482452605, -1.514096417381, 10.74841839453, -1.387270579611, 9.017133583857, 0, 0, 0.0279804222576, -0, -0, -0, -0, -0, 0.0279864987048, 0.00611907122284, 0, 0, 0, 0, 0, 0.069097775039, 0.006119071952497, -0.04242915927745, 0.06909776679599, 0.0509398183785, 0.06909776679599, 39.03966038165, 39.049460379, 39.03945785329, 39.04935594973, 96.3766756993, -0.1965185589962, 0.206391418635, 0, 1, 49.99636735009, 50, 49.9957572582, -0.003082918010384, 0, 0, 0, 0, 0, 0, 0, 0, 96.37704706804, 93.42822958529, 96.37665109926, 93.42768588754, 96.3766756993, 93.42795757238, 96.37704813607, 93.42822942086, 0, 96.37665226274, 93.42768572391, -0.01470652950603, 0, -0.2112043751235, -0.0197787708308, 0.191660055788, -0.0197787708308, 0.7754270094954, 0.7769862692877, -0.799035936553, -0.7980147822066, -0.01179429074062, -0.01098942492019, 0.7757167437424, 0.7765099554897, 0, -0.7993837511722, -0.79848880533, -0, -5.551115123126e-17, -0, -0, 0.002686072079302, 0.3940089100321, 0.391255909162, 0.3949586218367, 0, 0.3912149005684, 0.3930591982274
6.975, 0.2099157894136, 0.09270053453814, -0.1926780627856, 0.09274104453837, 0.00125971602016, 0.008046505742279, -0.00536790689477, -0.05588417340648, 0, 0, -1000, 0, -1000, 7518.771919627, 3532.266820919, 7529.1124151, 3613.710628311, 24.42650931133, -9.529681310531, 19.97909943331, 42.75133001853, -241.2497913192, 87.78469054212, 244.3698917862, 60.59008554074, 5405.224944834, 4502.394037179, 5402.229525656, 3524.76291834, 3, -1.415001667603, 47.09001293633, 0.8729944724001, -28.72488427215, -1.508982958561, 8.849565419082, -1.392703669738, 10.90713456603, 0, 0, 0.02797706880729, -0, -0, -0, -0, -0, 0.02798447314215, 0.004002255933827, 0, 0, 0, 0, 0, -0.07084565251957, 0.004002256410954, -0.04366554073107, -0.07084564406927, 0.04971254669247, -0.07084564406927, 39.1803064514, 39.19008668663, 39.1800907249, 39.19007684298, 96.72387192765, -0.2055797063263, 0.1973313499506, 0, 1, 49.9963812913, 50, 49.99587482788, -0.002617397304098, 0, 0, 0, 0, 0, 0, 0, 0, 96.72425779625, 93.77528054879, 96.72383278526, 93.77502555693, 96.72387192765, 93.77515313173, 96.72425894557, 93.77528062747, 0, 96.72383386359, 93.775025636, -0.01529882137771, 0, -0.2208572193901, -0.009276156047641, 0.1820082894514, -0.009276156047641, 0.7753143927706, 0.7757534363234, -0.7991484927628, -0.79924774705, -0.01191257989097, -0.0112599725679, 0.7756125518228, 0.7762394151043, 0, -0.7994879482357, -0.7987593602401, -0, -0, -5.551115123126e-17, -0, 0.002686298695023, 0.3940045225512, 0.3912325060163, 0.3930307871214, 0, 0.3912384393377, 0.3949782579809
7, 0.1933954875146, -0.08612275485845, -0.2092165844006, -0.08608814692143, -0.004995861216699, -0.008306328000574, 0.005653743057796, -0.05730958944301, 0, 0, -1000, 0, -1000, 7518.244387038, 3608.630908822, 7529.605947684, 3537.408115764, 19.23067283861, 43.21944543543, 25.25547260317, -9.118442490542, -244.9571475536, -62.31212541724, 240.646599615, -89.74411905649, 5393.65509051, 3529.40884335, 5413.676054347, 4498.953527971, 3, 0.8699714115053, -27.49789668996, -1.386628953325, 43.55986807442, -1.514614417356, 10.76135348702, -1.387603206665, 8.997134849597, 0, 0, 0.02792860346512, -0, -0, -0, -0, -0, 0.0279348996225, 0.006082918164369, 0, 0, 0, 0, 0, 0.07025965627816, 0.006082918887031, -0.04240634014947, 0.07025964792742, 0.05098291282429, 0.07025964792742, 39.32094063726, 39.33080752808, 39.32073566487, 39.33070350311, 97.07106864266, -0.1978161845769, 0.2050963715655, 0, 1, 49.9963926402, 50, 49.99594734128, -0.002315258683628, 0, 0, 0, 0, 0, 0, 0, 0, 97.07144199618, 94.12262445271, 97.07104134348, 94.12207524574, 97.07106864266, 94.12234968075, 97.07144307071, 94.12262428382, 0, 97.07104249944, 94.12207507767, -0.01481059506158, 0, -0.2126061158292, -0.01997918657307, 0.1902609677804, -0.01997918657307, 0.7752479359038, 0.7768219766595, -0.7992149004227, -0.798179111765, -0.01197375830616, -0.01116171914715, 0.7755375140422, 0.7763376408862, 0, -0.7995630099662, -0.7986610791805, -0, -0, -0, -5.551115123126e-17, 0.002686687243587, 0.3940033269008, 0.3912555599869, 0.3949690081315, 0, 0.3912156298741, 0.3930376456701
7.025, 0.2095817381771, 0.07979376450686, -0.1930433931115, 0.07982417423565, 0.0001474199719129, 0.008355758492034, -0.006320314832728, -0.05971309647256, 0, 0, -1000, 0, -1000, 7518.833365252, 3531.383977202, 7528.987957239, 3614.086937497, 26.44955069828, -8.879496753642, 18.07843703388, 43.65656417708, -241.0464354598, 90.78531518247, 244.5532740857, 63.03417654022, 5404.98405741, 4514.150945739, 5402.335798499, 3520.139632392, 3, -1.317805893704, 39.29415341551, 0.8349858457136, -26.49980733435, -1.50851315408, 8.829220115898, -1.394184731343, 10.91823902683, 0, 0, 0.02791616144641, -0, -0, -0, -0, -0, 0.02792380491093, 0.003959290243221, 0, 0, 0, 0, 0, -0.07203266907091, 0.003959290713173, -0.04375376262115, -0.07203266051623, 0.04964767022529, -0.07203266051623, 39.46158590085, 39.47143478555, 39.4613695672, 39.47142341818, 97.41826504837, -0.2045647818882, 0.1983489964134, 0, 1, 49.99641360889, 50, 49.99606141786, -0.001777203856006, 0, 0, 0, 0, 0, 0, 0, 0, 97.41865127818, 94.46967294871, 97.41822470665, 94.46941750645, 97.41826504837, 94.46954530792, 97.41865242509, 94.46967302884, 0, 97.41822578895, 94.46941758699, -0.01540723645278, 0, -0.2199507133941, -0.009292540721518, 0.1829176052394, -0.009292540721518, 0.7751338720146, 0.7755694409623, -0.7993288899249, -0.7994317830226, -0.01209279126167, -0.01143583444001, 0.7754326338521, 0.7760635328535, 0, -0.7996679021971, -0.7989352017335, -5.551115123126e-17, -0, -0, -0, 0.002686938077805, 0.3939974071773, 0.3912329854121, 0.3930073568508, 0, 0.391238228023, 0.3949874575038
7.05, 0.1937849190488, -0.07439834097511, -0.2088645040508, -0.07437218065277, -0.003990658261455, -0.008611275052172, 0.006550926820685, -0.06114332492837, 0, 0, -1000, 0, -1000, 7518.208172164, 3609.143468775, 7529.589809358, 3536.623894384, 17.44348086158, 44.12572131787, 27.15544229601, -8.548947812485, -245.1844883997, -64.64728478978, 240.4065762708, -92.69125365581, 5393.740298577, 3522.929018754, 5413.611617956, 4508.546678386, 3, 0.8232553445805, -25.5935438061, -1.272015394699, 36.45079511414, -1.515169743789, 10.77454236007, -1.387946750383, 8.978146813369, 0, 0, 0.0279161648849, -0, -0, -0, -0, -0, 0.02792268215601, 0.006077175015478, 0, 0, 0, 0, 0, 0.07142440974439, 0.006077175736815, -0.04237717720623, 0.07142440126263, 0.05103367314611, 0.07142440126263, 39.60222087497, 39.61215491984, 39.60201375274, 39.61205098658, 97.76546128946, -0.1987439477482, 0.2041709819223, 0, 1, 49.99643144511, 50, 49.996137007, -0.001412523015903, 0, 0, 0, 0, 0, 0, 0, 0, 97.76583662637, 94.81701941372, 97.76543182904, 94.81646478278, 97.76546128946, 94.81674192529, 97.76583770537, 94.81701924033, 0, 97.76543297991, 94.81646461025, -0.01491371337636, 0, -0.2136370207704, -0.02017650064118, 0.189232445947, -0.02017650064118, 0.7750679259459, 0.7766566649909, -0.7993947938467, -0.7983444611206, -0.01215400650848, -0.01133505539969, 0.7753573047958, 0.7761642838895, 0, -0.7997432501148, -0.7988343946888, -0, -0, -0, -5.551115123126e-17, 0.002687115835675, 0.3940002160778, 0.3912553903971, 0.3949819062111, 0, 0.3912157579248, 0.3930185259445
7.075, 0.2089296366642, 0.06919098787789, -0.1937240462166, 0.06921427405688, -0.0003716111909701, 0.008698750318763, -0.007181178262117, -0.0641247769075, 0, 0, -1000, 0, -1000, 7518.883959138, 3530.582689034, 7528.917118272, 3614.81992979, 26.48062390966, -10.46317548573, 17.8835851669, 44.94939289385, -240.8559122484, 94.14418102002, 244.7611990587, 65.73130363261, 5405.031329751, 4522.919586374, 5402.310204238, 3509.989975776, 3, -1.150864849155, 32.65820697371, 0.7251641942385, -25.27321667132, -1.508156930989, 8.81058643052, -1.39510296349, 10.93584789286, 0, 0, 0.02794757664644, -0, -0, -0, -0, -0, 0.02795550071412, 0.003906733922923, 0, 0, 0, 0, 0, -0.07340361321358, 0.003906734387681, -0.04377206040845, -0.07340360447629, 0.04964210713855, -0.07340360447629, 39.74286588974, 39.75278360665, 39.74264799321, 39.75277032944, 98.11265729874, -0.2048870364077, 0.1980266141649, 0, 1, 49.9964723096, 50, 49.99626785114, -0.0009844427501694, 0, 0, 0, 0, 0, 0, 0, 0, 98.11304541309, 95.16406600122, 98.11261551094, 95.1638105591, 98.11265729874, 95.16393836203, 98.11304656272, 95.16406608288, 0, 98.11261659059, 95.16381064117, -0.01551341515324, 0, -0.2203791139263, -0.009292535515094, 0.1824890196322, -0.009292535515094, 0.7749525803657, 0.7753824668364, -0.7995101142824, -0.7996188049784, -0.01227429799112, -0.01161340335145, 0.7752514670646, 0.7758859400272, 0, -0.7998490886201, -0.7991127467302, -0, -5.551115123126e-17, -0, -0, 0.002687197547182, 0.3939987707251, 0.3912328911486, 0.3929898775186, 0, 0.3912382790404, 0.3950076639317
7.1, 0.1947226245323, -0.06229276173837, -0.2079452960213, -0.0622739993039, -0.003349237269615, -0.008995447706811, 0.007568827052351, -0.06651635683177, 0, 0, -1000, 0, -1000, 7518.233768559, 3609.935119275, 7529.551129894, 3535.621530593, 18.44216033084, 45.6998264383, 25.82745493126, -11.47404117356, -245.3738256295, -67.75738005225, 240.2448338378, -96.45103463951, 5393.766000822, 3512.723858912, 5413.442513076, 4519.043834057, 3, 0.6709298807149, -24.23868454909, -1.075990353908, 28.88267589514, -1.515075419177, 10.79459152731, -1.388526633956, 8.955986777537, 0, 0, 0.02792328118257, -0, -0, -0, -0, -0, 0.02793009169553, 0.006041962462145, 0, 0, 0, 0, 0, 0.07292463559311, 0.006041963179668, -0.04248890274924, 0.0729246269286, 0.05093091204926, 0.0729246269286, 39.88350053719, 39.89350249688, 39.88329286753, 39.89339991323, 98.45985401693, -0.1975159358805, 0.2053974735428, 0, 1, 49.99650747956, 50, 49.99636967749, -0.0007247682838613, 0, 0, 0, 0, 0, 0, 0, 0, 98.46022995405, 95.51141627231, 98.45982407959, 95.51085553353, 98.45985401693, 95.51113572438, 98.46023103018, 95.51141609332, 0, 98.45982523498, 95.51085535545, -0.01501232446993, 0, -0.2125075603127, -0.02039869194908, 0.1903603703469, -0.02039869194908, 0.7748856641647, 0.7764928608396, -0.7995770122462, -0.7985083150581, -0.01233575941561, -0.01150920052578, 0.7751758059322, 0.7759901117076, 0, -0.7999247671418, -0.7990085127592, -0, -0, 5.551115123126e-17, -0, 0.002687501490475, 0.3939999122501, 0.3912553386324, 0.3950022221704, 0, 0.3912160954113, 0.3929976023297
7.125, 0.2080940154898, 0.0539291780256, -0.1945892252512, 0.05394378325309, -0.001802659322614, 0.00904266967042, -0.008569987154723, -0.07057030557773, 0, 0, -1000, 0, -1000, 7518.872255626, 3529.52962737, 7528.886411496, 3615.333478873, 25.11294576029, -12.04655292291, 19.10923925542, 46.31697615334, -240.7902815487, 97.59489759098, 244.8385585197, 68.59985895289, 5404.607092206, 4535.563399572, 5402.49537896, 3503.810871925, 3, -1.024044742918, 23.26919076171, 0.6558382855294, -22.83618000206, -1.508451121697, 8.786899700068, -1.395599162406, 10.95059093963, 0, 0, 0.0278968262231, -0, -0, -0, -0, -0, 0.02790504348901, 0.003940663026005, 0, 0, 0, 0, 0, -0.07476764534515, 0.003940663493099, -0.04368010235018, -0.07476763647759, 0.0497491343247, -0.07476763647759, 40.02414658043, 40.03413311569, 40.02392659653, 40.03411737195, 98.80705099052, -0.2059197314887, 0.1969933435278, 0, 1, 49.9965507364, 50, 49.99652585705, -0.0001513886387369, 0, 0, 0, 0, 0, 0, 0, 0, 98.8074409614, 95.85845986808, 98.80700668406, 95.8582045214, 98.80705099052, 95.8583322781, 98.80744211456, 95.85845995122, 0, 98.80700775926, 95.85820460497, -0.01562238308428, 0, -0.2215208603838, -0.009289063212461, 0.181346772775, -0.009289063212461, 0.7747712811688, 0.7751946834121, -0.7996913386155, -0.7998066369016, -0.01245598738382, -0.01179183955846, 0.7750695405763, 0.7757074795862, 0, -0.8000310434748, -0.7992911587032, -0, -0, 5.551115123126e-17, -0, 0.002687830681566, 0.3939923196486, 0.3912337367223, 0.3929646785637, 0, 0.3912379095328, 0.3950199607334
7.15, 0.1955274531368, -0.04776650601512, -0.207174830467, -0.0477551052146, -0.001894392831229, -0.009319854932774, 0.008948659723276, -0.07271736011951, 0, 0, -1000, 0, -1000, 7518.171905078, 3610.435453078, 7529.549479949, 3534.698376828, 19.5837205119, 46.97649602978, 24.65068966499, -12.44573714823, -245.4965826427, -70.37560547389, 240.1311841828, -99.69256006718, 5393.823455407, 3507.126023028, 5413.246140009, 4531.259653057, 3, 0.6050157441061, -21.77348967076, -0.9394056097493, 20.06006955439, -1.515896154899, 10.80811103128, -1.388716350598, 8.934212679758, 0, 0, 0.02786267551031, -0, -0, -0, -0, -0, 0.02786973962912, 0.006048979985523, 0, 0, 0, 0, 0, 0.07421552998492, 0.006048980700764, -0.04255579916972, 0.0742155212051, 0.0508842646717, 0.0742155212051, 40.16478077338, 40.17485035453, 40.16457230505, 40.17474872285, 99.15424811539, -0.1966397490794, 0.2062739391034, 0, 1, 49.99658592702, 50, 49.99662530525, 0.0002528259996224, 0, 0, 0, 0, 0, 0, 0, 0, 99.1546244205, 96.2058132146, 99.15421700676, 96.20524692284, 99.15424811539, 96.20552988523, 99.15462549438, 96.20581303063, 0, 99.15421816581, 96.20524673983, -0.015111067068, 0, -0.2117301283436, -0.02060069911139, 0.1911381699447, -0.02060069911139, 0.7747026490913, 0.7763261809792, -0.7997599256283, -0.7986750384963, -0.01251831322807, -0.01168477059365, 0.7749932476004, 0.7758145178641, 0, -0.8001073623487, -0.7991840590514, -0, -5.551115123126e-17, -0, -0, 0.002688144858373, 0.3939933092406, 0.391255223842, 0.3950133618012, 0, 0.3912164868756, 0.3929732566799
7.175, 0.207277544566, 0.03392424987158, -0.1954674937052, 0.03393045040005, -0.004601804188195, 0.009300271814716, -0.01050453356866, -0.07901473110027, 0, 0, -1000, 0, -1000, 7518.841131323, 3529.114276935, 7528.862492948, 3615.870814596, 24.23066043531, -9.799357090587, 20.26782068406, 47.16557151071, -240.6967195752, 100.2021433546, 244.9399123937, 70.63656147395, 5404.488203167, 4541.064982017, 5402.647734801, 3497.920412374, 3, -0.9828989098957, 11.16898615587, 0.7354889986776, -18.79075008893, -1.508947223257, 8.776048781658, -1.396020779237, 10.96303107597, 0, 0, 0.02788051198322, -0, -0, -0, -0, -0, 0.02788890941083, 0.003962378870212, 0, 0, 0, 0, 0, -0.07559318745841, 0.003962379339331, -0.04365137725855, -0.07559317850331, 0.04979746512841, -0.07559317850331, 40.3054272397, 40.31548264616, 40.30520577207, 40.31546490041, 99.50144485395, -0.2061547540703, 0.1967589055558, 0, 1, 49.99662553174, 50, 49.99683044769, 0.001176502146481, 0, 0, 0, 0, 0, 0, 0, 0, 99.50183631133, 96.55285493567, 99.50139885292, 96.55259857783, 99.50144485395, 96.55272684136, 99.5018374655, 96.55285502006, 0, 99.50139992716, 96.55259866266, -0.01572733106153, 0, -0.2218608572868, -0.009325847445421, 0.1810073774753, -0.009325847445421, 0.7745881817953, 0.7750098276333, -0.7998743368945, -0.7999915222931, -0.01263915021188, -0.01197103282346, 0.7748862452338, 0.7755282713507, 0, -0.8002143715162, -0.7994703369976, -0, -0, -0, -0, 0.002688256097268, 0.3939926995272, 0.3912339737025, 0.3929537118163, 0, 0.3912376057485, 0.3950316872381
7.2, 0.1968375097149, -0.003740421641765, -0.2059927101156, -0.00374026878188, 0.005900381878335, -0.009484830521263, 0.01311066380017, -0.08988939148052, 0, 0, -1000, 0, -1000, 7518.027946, 3610.880133788, 7529.647555474, 3535.448137412, 21.30833616981, 46.80779749326, 24.10193472631, -0.717519221717, -245.6448347059, -71.64541041561, 239.9610940703, -101.1966922518, 5393.724412371, 3503.137560272, 5413.346068757, 4524.507565738, 3, 1.078458213875, -11.39508500736, -1.157451941173, -6.365532944413, -1.517574285727, 10.81532561982, -1.387856444618, 8.949764969117, 0, 0, 0.02784147231302, -0, -0, -0, -0, -0, 0.02784848602282, 0.006152007138023, 0, 0, 0, 0, 0, 0.07401525958973, 0.00615200786434, -0.04241910714934, 0.07401525084695, 0.05103906270931, 0.07401525084695, 40.44606210794, 40.45619873923, 40.4458510723, 40.45609840675, 99.84864227735, -0.1979744628309, 0.2049404361241, 0, 1, 49.99665008634, 50, 49.99712749704, 0.002552663590535, 0, 0, 0, 0, 0, 0, 0, 0, 99.84902090251, 96.90021019101, 99.84860856568, 96.89964146002, 99.84864227735, 96.89992564173, 99.84902198026, 96.90021000675, 0, 99.84860971946, 96.89964127671, -0.01522419195549, 0, -0.213178048914, -0.02068943425915, 0.1896914857217, -0.02068943425915, 0.7745200609127, 0.7761466053741, -0.7999424185083, -0.7988546061012, -0.01270116932877, -0.01186297886268, 0.7748097261194, 0.7756363127163, 0, -0.8002909120382, -0.7993622704416, -0, -0, -0, -0, 0.002688552964307, 0.3940040087721, 0.391255421831, 0.3950213087255, 0, 0.3912162868743, 0.3929867088187
7.225, 0.2058473970483, -0.02729137871261, -0.1970682578287, -0.0272888161779, -0.01614460272362, 0.009344995197369, -0.01566859959425, -0.09837122718305, 0, 0, -953.0676553834, 0, -1000, 7518.832032708, 3530.413667285, 7528.806536065, 3615.96680653, 24.05106137489, 9.05750802431, 22.35279445009, 46.11041543637, -240.5562116483, 100.276381163, 245.0203977891, 71.16800456562, 5404.208248561, 4528.295944238, 5402.75978151, 3500.638049132, 3, -1.428588523864, -25.24400056526, 1.518633086142, -3.523005439758, -1.509208651942, 8.805159168571, -1.396773215778, 10.96178082203, 0, 0, 0.02779148752027, -0, -0, -0, -0, -0, 0.02779964543218, 0.003980229027713, 0, 0, 0, 0, 0, -0.07447092132591, 0.00398022949594, -0.04378779189274, -0.07447091256014, 0.04968308493705, -0.07447091256014, 40.5867072118, 40.59683335055, 40.58648646185, 40.5968127549, 100.1958401857, -0.2035550630544, 0.199361201443, 0, 1, 49.99667893574, 50, 49.9974520242, 0.004042446590349, 0, 0, 0, 0, 0, 0, 0, 0, 100.1962305466, 97.24725388635, 100.1957940632, 97.24699249946, 100.1958401857, 97.24712327789, 100.1962316913, 97.24725397112, 0, 100.1957951498, 97.24699258467, -0.01582125967847, 0, -0.2193550961351, -0.009508795628783, 0.183515877932, -0.009508795628783, 0.7744025943663, 0.774839324609, -0.8000598108101, -0.800161984091, -0.01282374183958, -0.01214921945032, 0.7747015897573, 0.7753501045104, 0, -0.800399064163, -0.799648543411, -0, -0, -0, -0, 0.002688929869064, 0.3940027209805, 0.3912345306701, 0.3929791582046, 0, 0.391237383226, 0.3950262837565
7.25, 0.1981176877549, 0.04741952137041, -0.2048557772355, 0.04742856903756, 0.01540631866104, -0.009496344908563, 0.01705734161612, -0.1031555684505, 0, 0, -1000, 0, -927.1750334268, 7517.850359838, 3610.675838197, 7529.740530497, 3536.296051483, 23.07206112822, 45.97403157744, 23.99531078998, 14.8579063667, -245.6311648159, -72.09612547819, 239.9151482513, -100.9182397639, 5393.927533708, 3508.77579142, 5412.944409547, 4517.455010285, 3, 1.725181722739, 1.659388936891, -1.52289023074, -36.5292819287, -1.519601647414, 10.80876477333, -1.387046323795, 8.969951377489, 0, 0, 0.02772097610603, -0, -0, -0, -0, -0, 0.02772780335922, 0.006205319839828, 0, 0, 0, 0, 0, 0.0730956017671, 0.006205320566111, -0.04228301576585, 0.07309559320762, 0.05120157434326, 0.07309559320762, 40.72734434612, 40.73754732136, 40.72713011333, 40.73744821233, 100.5430385169, -0.2001470275929, 0.2027709925181, 0, 1, 49.99670798138, 50, 49.99765315433, 0.005001248493991, 0, 0, 0, 0, 0, 0, 0, 0, 100.5434193761, 97.59460696364, 100.5430009305, 97.59403722098, 100.5430385169, 97.59432191048, 100.5434204619, 97.59460678134, 0, 100.543002074, 97.59403703962, -0.01533943736755, 0, -0.2154660139052, -0.02072623730198, 0.1874068249641, -0.02072623730198, 0.7743357287201, 0.7759594167093, -0.8001266122354, -0.7990417619458, -0.01288610369541, -0.01204382873523, 0.7746244642649, 0.7754554788882, 0, -0.8004762161515, -0.7995431363586, -0, -0, -0, 5.551115123126e-17, 0.002689358827512, 0.3940054255794, 0.3912550178939, 0.3950100853384, 0, 0.3912170860019, 0.3930007658204
7.275, 0.2047697593846, -0.07370475679094, -0.1982836385072, -0.07368239238299, -0.02479096604827, 0.009357846329212, -0.01907942538291, -0.1093456773969, 0, 0, -866.1513898773, 0, -1000, 7518.856512538, 3531.296072862, 7528.696554598, 3616.010752656, 23.96494246786, 23.09886496828, 23.96619075138, 45.4598444751, -240.4292293425, 99.81220182754, 245.0974733874, 71.65867547962, 5404.085699115, 4520.570102885, 5402.826609292, 3503.469883011, 3, -1.718469158214, -52.57477663378, 2.078925275487, 8.256470306458, -1.509117551487, 8.825305174447, -1.398090962605, 10.96001196178, 0, 0, 0.0276948145595, -0, -0, -0, -0, -0, 0.02770280661407, 0.003948123265865, 0, 0, 0, 0, 0, -0.07370584279593, 0.003948123727089, -0.04392712675805, -0.07370583418055, 0.04957074750825, -0.07370583418055, 40.86798796879, 40.8781839139, 40.86776738846, 40.87816108927, 100.8902366015, -0.2016225591628, 0.2012967671407, 0, 1, 49.99674257218, 50, 49.99795298585, 0.006472056377099, 0, 0, 0, 0, 0, 0, 0, 0, 100.8906263241, 97.94165300956, 100.8901897954, 97.94138717589, 100.8902366015, 97.94152017827, 100.8906274629, 97.94165309489, 0, 100.8901908904, 97.94138726166, -0.01591875220935, 0, -0.2175200910783, -0.0096705618571, 0.1853540892871, -0.0096705618571, 0.7742153190509, 0.7746644574571, -0.8002469461655, -0.8003368233036, -0.01301031562838, -0.01232932753436, 0.7745152660832, 0.7751700096518, 0, -0.8005854322895, -0.7998286647205, -0, -5.551115123126e-17, -0, -0, 0.002689598250429, 0.3940076022891, 0.3912347740641, 0.3929945550995, 0, 0.3912372507674, 0.3950206494786
7.3, 0.1993611164943, 0.08087267772756, -0.2037103530586, 0.08090022531471, 0.02070782942129, -0.009511568827638, 0.01479098170769, -0.08430034973075, 0, 0, -1000, 0, -449.8777841849, 7517.699155242, 3610.99460379, 7529.820955968, 3537.764589996, 24.14588025309, 45.72580099345, 23.95600098365, 24.33331260529, -245.7635221373, -72.48497386976, 239.7535425461, -100.5137309579, 5393.894396152, 3508.683806352, 5412.998087868, 4503.45638673, 3, 2.028550635241, 10.19377986168, -1.636202294374, -55.64695106755, -1.521351829044, 10.81093634944, -1.386367813793, 9.002331425005, 0, 0, 0.02764817904351, -0, -0, -0, -0, -0, 0.02765480155556, 0.006296436909809, 0, 0, 0, 0, 0, 0.0720878353194, 0.006296437642891, -0.04216351735093, 0.07208782692232, 0.05134517268556, 0.07208782692232, 41.00862663916, 41.01889670842, 41.00840985229, 41.01879895389, 101.2374350609, -0.2014119578215, 0.2015094304947, 0, 1, 49.99677560685, 50, 49.99801310895, 0.006559594804283, 0, 0, 0, 0, 0, 0, 0, 0, 101.2378179402, 98.28900558317, 101.2373944609, 98.28843494344, 101.2374350609, 98.28872008369, 101.2378190299, 98.28900540311, 0, 101.2373955992, 98.28843476428, -0.01546056568053, 0, -0.2168521835262, -0.0207588716199, 0.186024130307, -0.0207588716199, 0.7741501638558, 0.7757706099939, -0.8003120495596, -0.7992305332383, -0.01307190386554, -0.01222570529892, 0.7744380834113, 0.7752736197111, 0, -0.8006626338954, -0.7997250303089, -5.551115123126e-17, -0, -0, -0, 0.002689873868829, 0.3940194688192, 0.3912550845063, 0.395010277378, 0, 0.3912169781956, 0.3930286602604
7.325, 0.2037005727993, -0.08300242376143, -0.1993687762306, -0.08297401302322, -0.02449324828589, 0.009372307552113, -0.009209267309011, -0.05119720234832, 0, 0, 74.06994304031, 0, -1000, 7518.867353933, 3532.77412813, 7528.622501975, 3616.137358266, 24.04438266196, 24.3426756792, 24.10199229968, 45.77705654061, -240.3069776798, 99.66680551505, 245.210486726, 71.83856757842, 5403.797387671, 4506.092898835, 5403.033102614, 3506.293485993, 3, -1.560896067774, -56.36427944542, 1.946689535028, 11.06854402184, -1.509167947295, 8.858294937847, -1.399030611103, 10.95864163726, 0, 0, 0.02760219097797, -0, -0, -0, -0, -0, 0.02760992063658, 0.003951949894134, 0, 0, 0, 0, 0, -0.07245211260786, 0.003951950352722, -0.04392604039728, -0.07245210419572, 0.04959366517929, -0.07245210419572, 41.14926989064, 41.15953583572, 41.14904805707, 41.15950991597, 101.5846339358, -0.2015130667952, 0.2014094282966, 0, 1, 49.99681370893, 50, 49.99803873679, 0.006393451051744, 0, 0, 0, 0, 0, 0, 0, 0, 101.5850242951, 98.63605437814, 101.5845852298, 98.63578309909, 101.5846339358, 98.63591882443, 101.5850254337, 98.63605446375, 0, 101.5845863254, 98.63578318512, -0.01601612576112, 0, -0.2175080436223, -0.009868655758947, 0.1853694458646, -0.009868655758947, 0.7740278288945, 0.7744924533121, -0.8004343222223, -0.8005087825626, -0.01319779190291, -0.01250991612159, 0.7743277689494, 0.7749894425789, 0, -0.8007729644796, -0.8000092748221, -0, -0, -0, -0, 0.002690174358318, 0.3940192204487, 0.3912353483952, 0.3930234050966, 0, 0.3912368392908, 0.3950150358008
7.35, 0.2002394182894, 0.0866597028059, -0.2028351145288, 0.08669128454349, 0.01990145816044, -0.009506330190293, 0.005916979183965, -0.03176283131179, 0, 0, -1000, 0, 374.7961117885, 7517.582693795, 3610.754195329, 7529.869067698, 3538.75854821, 24.19202398431, 46.04593396259, 24.07111029575, 24.52369162442, -245.7618330013, -72.56283285718, 239.7426742149, -100.3265535784, 5394.293030795, 3515.172081278, 5412.445190188, 4494.319013869, 3, 1.873521199996, 12.41578739131, -1.479101980723, -57.25385557209, -1.522735560953, 10.80341644231, -1.386024823294, 9.025767452889, 0, 0, 0.02753193052012, -0, -0, -0, -0, -0, 0.02753833743692, 0.006290169887472, 0, 0, 0, 0, 0, 0.07095549808485, 0.006290170613679, -0.04219726197648, 0.07095548988914, 0.0513339857212, 0.07095548988914, 41.28990905674, 41.30024630576, 41.28969069589, 41.30014997796, 101.9318333515, -0.2014550408675, 0.2014682326983, 0, 1, 49.99685077108, 50, 49.99806552647, 0.006358294520216, 0, 0, 0, 0, 0, 0, 0, 0, 101.9322170633, 98.98340442837, 101.9317903346, 98.98283306774, 101.9318333515, 98.98311857104, 101.9322181547, 98.98340425092, 0, 101.9317914716, 98.98283289116, -0.01557757194216, 0, -0.2170123419747, -0.02078509735667, 0.1858660355723, -0.02078509735667, 0.773961730613, 0.7755788779661, -0.8005003649617, -0.7994222261496, -0.01326019871346, -0.01240963402591, 0.7742498800105, 0.775089710281, 0, -0.800850873903, -0.7999089783328, -0, -0, -0, -0, 0.002690547443372, 0.3940221170814, 0.3912542902439, 0.3949973622824, 0, 0.3912180796534, 0.3930468718804
7.375, 0.2028960481439, -0.0882374218079, -0.2001813257088, -0.08820534291883, -0.0237620242459, 0.009384198272458, -0.001285395150953, -0.004171631453819, 0, 0, 811.0135139548, 0, -1000, 7518.928909243, 3533.749282025, 7528.492746063, 3616.055293962, 24.16210745751, 24.55873951934, 24.16065967968, 46.15498523057, -240.2250099553, 99.60511014964, 245.2833245332, 71.96799821385, 5403.588182259, 4497.317308958, 5403.175691596, 3510.616065521, 3, -1.378236123665, -57.77155472861, 1.776054272009, 13.08012707267, -1.508685646221, 8.88108316944, -1.400552571477, 10.9540345239, 0, 0, 0.02750051892587, -0, -0, -0, -0, -0, 0.0275080478203, 0.003904582319021, 0, 0, 0, 0, 0, -0.07150293310072, 0.003904582768782, -0.04396020305422, -0.07150292485994, 0.0495823419236, -0.07150292485994, 41.43055245349, 41.44088763073, 41.43032928191, 41.44085921398, 102.2790326512, -0.2014941375256, 0.2014302040072, 0, 1, 49.99689341847, 50, 49.99810780407, 0.006395062581363, 0, 0, 0, 0, 0, 0, 0, 0, 102.279423687, 99.33045600735, 102.2789818821, 99.33017977645, 102.2790326512, 99.33031797814, 102.279424827, 99.33045609337, 0, 102.278982977, 99.33017986291, -0.01611595291758, 0, -0.2175890030164, -0.01004879496675, 0.1852904875544, -0.01004879496675, 0.773838562611, 0.7743165921134, -0.8006234694556, -0.8006846101227, -0.01338712947296, -0.01269228240864, 0.7741387362567, 0.7748070922505, 0, -0.8009620341497, -0.8001916570678, -0, -0, -0, -0, 0.002690760122573, 0.3940236639146, 0.39123576496, 0.3930408945171, 0, 0.3912365553161, 0.3950064333121
7.4, 0.201071421793, 0.09212275291268, -0.2020152272204, 0.09215835651971, 0.01917989018003, -0.009522521888069, -0.0007800666879683, 0.008037954039001, 0, 0, -1000, 0, 1000, 7517.521844286, 3610.859702782, 7529.880393962, 3539.900619023, 24.2368789031, 46.44546945738, 24.17490292713, 24.79746669454, -245.8565219337, -72.69643690278, 239.6480711469, -100.3067789239, 5394.467827865, 3517.012205974, 5412.329619252, 4482.545130791, 3, 1.71263531681, 14.38696948539, -1.297959235748, -58.83618303681, -1.523534802144, 10.80186816466, -1.386067459482, 9.051519847736, 0, 0, 0.0274821804514, -0, -0, -0, -0, -0, 0.02748840125881, 0.006296718640867, 0, 0, 0, 0, 0, 0.06996893750656, 0.006296719365205, -0.04221406572106, 0.06996892945409, 0.05133622608834, 0.06996892945409, 41.57119190359, 41.58159663686, 41.57097201225, 41.58150150388, 102.6262320598, -0.2014312931754, 0.201493974316, 0, 1, 49.99693491027, 50, 49.99814472491, 0.006391449015348, 0, 0, 0, 0, 0, 0, 0, 0, 102.6266170274, 99.67780481297, 102.6261871065, 99.67723241317, 102.6262320598, 99.67751843819, 102.6266181197, 99.67780463767, 0, 102.626188243, 99.67723223872, -0.01569536274415, 0, -0.2171064135537, -0.02082290100321, 0.1857740298269, -0.02082290100321, 0.7737722811811, 0.7753872772918, -0.8006897136927, -0.799613793095, -0.01344951619404, -0.01259444535907, 0.7740605450668, 0.7749049154349, 0, -0.8010402381393, -0.800093806153, 5.551115123126e-17, 5.551115123126e-17, 5.551115123126e-17, -0, 0.002690909156595, 0.3940320195993, 0.3912539419582, 0.3949937050623, 0, 0.3912183098606, 0.3930703341363
7.425, 0.2019707207407, -0.09472800388584, -0.2011147634401, -0.09469105963594, -0.02294131604728, 0.009386068307834, 0.000615679289228, 0.008123661265181, 0, 0, 1000, 0, -1000, 7519.018137779, 3535.228912549, 7528.37122452, 3616.125304156, 24.25626326178, 24.93946141175, 24.19301242381, 46.51446241573, -240.1106329979, 99.38625865159, 245.3957442075, 71.99311859234, 5403.477146671, 4482.026906599, 5403.277868265, 3512.671775836, 3, -1.188281386132, -59.77367726673, 1.599089444624, 15.36052396441, -1.507911031377, 8.914244432046, -1.401987225579, 10.95085370965, 0, 0, 0.02745902234594, -0, -0, -0, -0, -0, 0.02746628921017, 0.003839587695954, 0, 0, 0, 0, 0, -0.07024591968091, 0.003839588136894, -0.04400143808347, -0.07024591160956, 0.0495559787144, -0.07024591160956, 41.71183545804, 41.72224052877, 41.71161095518, 41.72220913012, 102.9734318819, -0.2015186160261, 0.2014072717902, 0, 1, 49.99697981461, 50, 49.99818081119, 0.00625153321772, 0, 0, 0, 0, 0, 0, 0, 0, 102.9738239761, 100.0248595808, 102.9733794877, 100.0245777979, 102.9734318819, 100.0247187758, 102.9738251178, 100.0248596671, 0, 102.9733805813, 100.0245778845, -0.01621150725235, 0, -0.2177090480401, -0.0102507688205, 0.185172049285, -0.0102507688205, 0.7736479793378, 0.774141841242, -0.800813974383, -0.8008593172676, -0.01357784464949, -0.01287563974869, 0.7739484347163, 0.7746237557901, 0, -0.8011523588866, -0.8003750352875, 5.551115123126e-17, -5.551115123126e-17, -0, -0, 0.002691098756181, 0.394036856562, 0.3912359859303, 0.3930713641295, 0, 0.3912363519327, 0.3950023489945
7.45, 0.2019287132303, 0.09910867057108, -0.2011584171458, 0.09914983939371, 0.01855860611793, -0.009493820122123, -0.0005742128781019, 0.008753483328349, 0, 0, -1000, 0, 1000, 7517.505643073, 3610.691717512, 7529.854375261, 3541.214519994, 24.26845863113, 46.69102202939, 24.28085047898, 25.17431188641, -245.8838978438, -72.5731337034, 239.6083258446, -99.82044087119, 5394.845998854, 3522.875385451, 5411.801752812, 4468.780354293, 3, 1.544487290149, 17.0592346169, -1.13287348968, -60.93609044355, -1.523863654234, 10.79477796114, -1.386499554374, 9.081624327291, 0, 0, 0.0274014750628, -0, -0, -0, -0, -0, 0.02740743990536, 0.006227367939456, 0, 0, 0, 0, 0, 0.06854656659563, 0.006227368651615, -0.04229279510796, 0.06854655875326, 0.051273855924, 0.06854655875326, 41.85247536138, 41.86294737184, 41.85225397628, 41.862854043, 103.3206324716, -0.2014016685138, 0.2015254929052, 0, 1, 49.99702345128, 50, 49.99820604415, 0.006105194699126, 0, 0, 0, 0, 0, 0, 0, 0, 103.3210184407, 100.3722061699, 103.3205854172, 100.3716336167, 103.3206324716, 100.3719197219, 103.3210195355, 100.3722059981, 0, 103.3205865518, 100.3716334458, -0.01580996755997, 0, -0.2171914155564, -0.02082848043963, 0.1856910453943, -0.02082848043963, 0.7735808611828, 0.7751904628691, -0.8008810483351, -0.7998105601995, -0.01364088102548, -0.01278146367327, 0.7738696621238, 0.7747179207241, 0, -0.8012311478602, -0.8002808480706, -0, -0, 5.551115123126e-17, 5.551115123126e-17, 0.0026914383938, 0.3940399015343, 0.3912531882332, 0.3949820372832, 0, 0.3912193617682, 0.3930977657854
7.475, 0.2013182902152, -0.1009297175508, -0.2017688028031, -0.1008877211487, -0.02235387623895, 0.009356587871376, 0.0004023025970576, 0.009118886435453, 0, 0, 1000, 0, -1000, 7519.101998161, 3536.228495025, 7528.224436043, 3615.79475651, 24.37754868373, 25.22385627354, 24.23858354763, 46.74769907639, -240.11423015, 98.9598773708, 245.3754589555, 71.88673470837, 5403.042967406, 4472.652116054, 5403.558893663, 3519.826058381, 3, -1.030745644614, -61.49471070031, 1.439421889064, 17.94208174909, -1.507190102742, 8.93823187631, -1.403685005582, 10.94091624363, 0, 0, 0.02735324818608, -0, -0, -0, -0, -0, 0.02736027215409, 0.003803320583489, 0, 0, 0, 0, 0, -0.06904811422338, 0.003803321016905, -0.04401990210821, -0.06904810635079, 0.04955846968139, -0.06904810635079, 41.99311921741, 42.0035936343, 41.99289337262, 42.00355951247, 103.667833349, -0.2015576615549, 0.2013706927921, 0, 1, 49.9970717596, 50, 49.99824687313, 0.006077327187827, 0, 0, 0, 0, 0, 0, 0, 0, 103.668226097, 100.7192639044, 103.6677788598, 100.7189767198, 103.667833349, 100.7191203987, 103.6682272399, 100.7192639908, 0, 103.6677799526, 100.7189768066, -0.01630857801458, 0, -0.2178452366737, -0.01044727179513, 0.1850384895357, -0.01044727179513, 0.7734566030099, 0.7739656724682, -0.8010052423141, -0.8010354450414, -0.01376931253188, -0.01306002295234, 0.7737571851283, 0.7744393921108, 0, -0.8013436433452, -0.8005594380155, -0, -5.551115123126e-17, 5.551115123126e-17, 5.551115123126e-17, 0.002691739293762, 0.3940390782352, 0.3912368507321, 0.3930900489864, 0, 0.3912357921066, 0.3949881074839
7.5, 0.2025998738704, 0.1049659502096, -0.2004964374514, 0.1050120844335, 0.01806990248127, -0.009494022829303, -0.0003727844753862, 0.009747085138227, 0, 0, -1000, 0, 1000, 7517.459121054, 3610.5821388, 7529.838294189, 3542.161930224, 24.31866262412, 46.99772582396, 24.40529111971, 25.4625541583, -245.9535079096, -72.59859043571, 239.5305017311, -99.64962190685, 5395.023880001, 3527.478608975, 5411.616150245, 4459.285792336, 3, 1.379397400231, 19.48073287366, -0.9543435846643, -62.50722999945, -1.524508971648, 10.78914967144, -1.386827328694, 9.103678935524, 0, 0, 0.02732712875966, -0, -0, -0, -0, -0, 0.02733290975226, 0.006212761237107, 0, 0, 0, 0, 0, 0.06752494818653, 0.006212761943745, -0.04232868876362, 0.067524940503, 0.05125943014156, 0.067524940503, 42.13375944076, 42.14429878776, 42.13353661747, 42.14420669322, 104.0150342868, -0.2013353174982, 0.2015942309249, 0, 1, 49.99711878396, 50, 49.99828647171, 0.006114776000814, 0, 0, 0, 0, 0, 0, 0, 0, 104.0154212351, 101.0666089217, 104.0149852382, 101.0660355253, 104.0150342868, 101.0663220544, 104.015422331, 101.0666087522, 0, 104.0149863723, 101.0660353566, -0.01592178330013, 0, -0.2172369179427, -0.02085915527227, 0.1856480409297, -0.02085915527227, 0.7733888982654, 0.7749959245163, -0.8010728988567, -0.8000050648981, -0.01383272079516, -0.01296896497223, 0.7736779440475, 0.7745304359454, 0, -0.8014229002138, -0.8004683658898, -0, -0, -5.551115123126e-17, -0, 0.002691932302562, 0.394044781725, 0.3912528337074, 0.3949728758846, 0, 0.3912197315825, 0.3931166875653
7.525, 0.2006244331592, -0.1071566237873, -0.2024743758116, -0.1071092650242, -0.02179893368088, 0.009342565096112, 0.0001935490315871, 0.009847449434825, 0, 0, 1000, 0, -1000, 7519.151942615, 3537.466053901, 7528.13634809, 3615.796939464, 24.48419363479, 25.61831786523, 24.27342666678, 47.04502116019, -240.0645499157, 98.67021598168, 245.4259672987, 71.81032546755, 5402.908698421, 4459.268947502, 5403.772279538, 3522.234076324, 3, -0.863445886424, -63.34081252969, 1.292173946617, 20.36850419908, -1.506824099085, 8.966144185604, -1.404765901692, 10.93661260457, 0, 0, 0.0273310681932, -0, -0, -0, -0, -0, 0.02733786463539, 0.003775739426266, 0, 0, 0, 0, 0, -0.06790378087671, 0.003775739855842, -0.04403466557228, -0.06790377314726, 0.04956010084892, -0.06790377314726, 42.27440345735, 42.28494743306, 42.27417628934, 42.28491068286, 104.3622352581, -0.2016074139101, 0.2013226143263, 0, 1, 49.99717021932, 50, 49.99833460638, 0.006075787705672, 0, 0, 0, 0, 0, 0, 0, 0, 104.3626291925, 101.4136697185, 104.362179277, 101.4133773468, 104.3622352581, 101.4135236193, 104.3626303365, 101.4136698049, 0, 104.3621803691, 101.4133774337, -0.01640294559691, 0, -0.2179893666527, -0.0106359691114, 0.1848960617718, -0.0106359691114, 0.7732640951248, 0.7737877341276, -0.801197663438, -0.801213344833, -0.01396189234729, -0.01324579896241, 0.7735647782554, 0.7742536344209, 0, -0.8015360752423, -0.8007452323457, -0, -0, -0, -5.551115123126e-17, 0.002692017786454, 0.394050019058, 0.3912371181226, 0.3931167180489, 0, 0.3912353670257, 0.394983320067
7.55, 0.2033601531624, 0.1125275745662, -0.1997409095837, 0.1125805966215, 0.01762865575247, -0.009447333621832, -0.0001299256313102, 0.01048322278851, 0, 0, -1000, 0, 1000, 7517.414050615, 3610.453828494, 7529.857425314, 3543.69356431, 24.34226577955, 47.15100479311, 24.50261146881, 26.02718916292, -246.0223569793, -72.28968414242, 239.4578391842, -98.93619907824, 5395.255730314, 3531.824750743, 5411.355443892, 4442.342396191, 3, 1.214453254551, 22.42760797844, -0.7827698728414, -64.87019290504, -1.525138010708, 10.781738318, -1.386784163066, 9.138374586478, 0, 0, 0.02729986331968, -0, -0, -0, -0, -0, 0.02730537110739, 0.006201701260219, 0, 0, 0, 0, 0, 0.06598216798656, 0.006201701964193, -0.04236062905507, 0.0659821604937, 0.05124062625263, 0.0659821604937, 42.41504405636, 42.42565077172, 42.41481978687, 42.4255606106, 104.7094369918, -0.2012689105179, 0.2016620419631, 0, 1, 49.997218184, 50, 49.99836212988, 0.005894271086981, 0, 0, 0, 0, 0, 0, 0, 0, 104.7098252547, 101.7610129791, 104.7093862549, 101.7604398657, 104.7094369918, 101.7607262573, 104.7098263517, 101.7610128136, 0, 104.7093873883, 101.760439701, -0.01603479819712, 0, -0.2172835307568, -0.02084886021574, 0.1856028703537, -0.02084886021574, 0.7731957226635, 0.7747958625914, -0.8012660048306, -0.8002050775161, -0.01402577566728, -0.0131584064109, 0.7734849862108, 0.7743410192631, 0, -0.8016158782593, -0.8006578320849, -0, -0, -0, -5.551115123126e-17, 0.002692253837517, 0.3940573411445, 0.3912523716931, 0.3949642306282, 0, 0.3912202510325, 0.3931504516607
7.575, 0.1999823455787, -0.1147812954197, -0.2031141327337, -0.1147268455281, -0.0214371756736, 0.009275403709607, -7.922486202661e-05, 0.01089121913994, 0, 0, 1000, 0, -1000, 7519.157783054, 3538.732865785, 7528.08725568, 3615.407201794, 24.5934597669, 26.10735623414, 24.29823539414, 47.10436541738, -240.0761579883, 97.82145253367, 245.3992128815, 71.43135181254, 5402.362290346, 4445.641171367, 5404.15317036, 3530.198367339, 3, -0.7177087986503, -65.62208851119, 1.137511135883, 23.55979014576, -1.506917537106, 8.996000347467, -1.405436246443, 10.92472107835, 0, 0, 0.02725577864355, -0, -0, -0, -0, -0, 0.02726227779952, 0.003821798273935, 0, 0, 0, 0, 0, -0.06633907741181, 0.003821798706359, -0.04398846904671, -0.06633906990217, 0.04962264606248, -0.06633906990217, 42.55568843985, 42.56630212049, 42.55545994226, 42.56626231034, 105.0566393582, -0.2016691798027, 0.2012628079038, 0, 1, 49.99727120978, 50, 49.99839955123, 0.005747166487942, 0, 0, 0, 0, 0, 0, 0, 0, 105.0570341304, 102.1080774031, 105.056581513, 102.1077790606, 105.0566393582, 102.1079283183, 105.057035274, 102.1080774893, 0, 105.0565826055, 102.1077791473, -0.01649782070914, 0, -0.2181460872499, -0.01085317486759, 0.184741415616, -0.01085317486759, 0.7730711159383, 0.7736122936246, -0.8013905578103, -0.801388733828, -0.01415487491405, -0.01343196838049, 0.7733714844565, 0.774067489637, 0, -0.8017293960384, -0.800931426398, -0, 5.551115123126e-17, -0, -0, 0.00269256423053, 0.3940556725823, 0.3912382068269, 0.3931438775719, 0, 0.3912346079097, 0.3949674675926
7.6, 0.2039017632873, 0.1196095970897, -0.1992004987567, 0.1196695633038, 0.0173307254765, -0.009405914247327, 0.0001522042480269, 0.01186980844859, 0, 0, -1000, 0, 1000, 7517.311599816, 3610.043652465, 7529.894589581, 3544.669130692, 24.38424195828, 47.2571664633, 24.633557078, 26.41341402269, -246.0253924712, -72.06183203286, 239.4381196838, -98.360164494, 5395.46735571, 3539.987698933, 5411.015534334, 4432.732141925, 3, 1.052077042639, 25.61162789359, -0.6234233742635, -66.78545273392, -1.526366619852, 10.76963718289, -1.386550144069, 9.162050197824, 0, 0, 0.02720349173407, -0, -0, -0, -0, -0, 0.02720877444357, 0.006215177240974, 0, 0, 0, 0, 0, 0.0646942045116, 0.006215177941505, -0.04237941056126, 0.06469419721689, 0.0512432232157, 0.06469419721689, 42.6963294803, 42.70700332959, 42.69610379412, 42.70691470923, 105.4038421731, -0.2011853285061, 0.2017481653577, 0, 1, 49.99732084291, 50, 49.99843096956, 0.005714653655233, 0, 0, 0, 0, 0, 0, 0, 0, 105.4042312304, 102.4554183016, 105.4037893276, 102.4548450308, 105.4038421731, 102.4551315043, 105.404232328, 102.4554181393, 0, 105.4037904609, 102.4548448692, -0.01614537150025, 0, -0.2173105841704, -0.02085459106293, 0.1855785052932, -0.02085459106293, 0.7730014300854, 0.7745965378136, -0.8014601862117, -0.8004043618622, -0.01421989421106, -0.01334885450726, 0.7732908215716, 0.7741505913253, 0, -0.8018100779787, -0.8008483003398, -0, -0, -0, -0, 0.002692878518231, 0.3940587927849, 0.3912519500339, 0.3949479799103, 0, 0.391220928127, 0.3931696056595
7.625, 0.1994455049966, -0.1214874234483, -0.2036602605669, -0.1214263572308, -0.02118973974072, 0.009245902464403, -0.0003477118094283, 0.01212140562065, 0, 0, 1000, 0, -1000, 7519.125945282, 3539.743963935, 7528.060841668, 3615.228351561, 24.7176642377, 26.51521867345, 24.33959448876, 47.27397086946, -240.0504796334, 97.39252204957, 245.4193015354, 71.25755301168, 5402.119310675, 4434.802654318, 5404.432717181, 3535.47323697, 3, -0.5602476836203, -67.46289518924, 0.993943770327, 26.51473392379, -1.507405683759, 9.019430771427, -1.405866993015, 10.91714398548, 0, 0, 0.02720140557943, -0, -0, -0, -0, -0, 0.02720768769295, 0.003861527942945, 0, 0, 0, 0, 0, -0.06517139517278, 0.003861528378123, -0.04395417292047, -0.06517138782485, 0.04967746822679, -0.06517138782485, 42.83697411465, 42.84765707426, 42.83674424937, 42.84761473112, 105.7510448338, -0.2017551309073, 0.2011791157572, 0, 1, 49.99737689733, 50, 49.9984847743, 0.005746281699079, 0, 0, 0, 0, 0, 0, 0, 0, 105.7514406255, 102.8024860754, 105.7509852254, 102.8021825713, 105.7510448338, 102.8023344097, 105.7514417692, 102.8024861615, 0, 105.7509863181, 102.8021826579, -0.01659473406118, 0, -0.2183290095389, -0.01104094579982, 0.1845608312008, -0.01104094579982, 0.7728766304308, 0.7734322277917, -0.8015849355715, -0.8015687618372, -0.01434934048391, -0.01362003981258, 0.7731767651309, 0.7738794361306, 0, -0.8019241476623, -0.8011195157557, 5.551115123126e-17, -0, -0, -5.551115123126e-17, 0.00269298699552, 0.3940612232767, 0.3912386910298, 0.3931654774245, 0, 0.3912340507193, 0.3949569691289
7.65, 0.2045488439133, 0.1278263064764, -0.1985630739634, 0.1278948639823, 0.01706466106118, -0.009344731204919, 0.0004499472700487, 0.01290296209452, 0, 0, -1000, 0, 1000, 7517.206131197, 3609.957689052, 7529.962976202, 3546.336411986, 24.41786102537, 47.32722245869, 24.73863490359, 27.13755863141, -246.092082535, -71.62750242089, 239.3713512132, -97.50753973709, 5395.615595348, 3543.954892535, 5410.934597135, 4414.734367701, 3, 0.8982338304633, 29.0432946293, -0.4536311842221, -69.29439187742, -1.527626065252, 10.762167695, -1.385987204848, 9.199709919356, 0, 0, 0.02717651787659, -0, -0, -0, -0, -0, 0.02718152595985, 0.00626510977591, 0, 0, 0, 0, 0, 0.06310247803154, 0.006265110480669, -0.0423658022734, 0.06310247093055, 0.05127269147371, 0.06310247093055, 42.97761547081, 42.988356712, 42.97738831554, 42.9882699779, 106.0982480559, -0.2011014688325, 0.2018336792601, 0, 1, 49.99742640998, 50, 49.9985125664, 0.005594399789042, 0, 0, 0, 0, 0, 0, 0, 0, 106.0986384518, 103.149825635, 106.0981935011, 103.1492528102, 106.0982480559, 103.1495390647, 106.0986395492, 103.1498254768, 0, 106.0981946349, 103.1492526527, -0.01626126808912, 0, -0.2173426473012, -0.02083836408351, 0.1855481328754, -0.02083836408351, 0.7728061341755, 0.7743936783948, -0.8016553978331, -0.8006071726462, -0.0144149896397, -0.01354075770628, 0.7730954325174, 0.7739587126059, 0, -0.8020054909559, -0.8010402280185, -0, 5.551115123126e-17, -0, -0, 0.002693159597506, 0.3940727796672, 0.3912516548046, 0.3949400893754, 0, 0.3912210891764, 0.393205469959
7.675, 0.1987878324702, -0.1307804046868, -0.2043179582115, -0.1307094763178, -0.0210960176855, 0.009149383945355, -0.0006824389091529, 0.01326556369472, 0, 0, 1000, 0, -1000, 7519.068103969, 3541.387343062, 7528.085069432, 3614.89294852, 24.81630111603, 27.28075659719, 24.35627482136, 47.15266976955, -240.0308900697, 96.17750512244, 245.4312097873, 70.62227853145, 5401.640281387, 4416.32360084, 5404.842700925, 3543.421315935, 3, -0.4093808848831, -70.33475846743, 0.8395746663226, 30.46268170102, -1.508165322564, 9.057314323398, -1.405764938258, 10.90500897757, 0, 0, 0.02714763929505, -0, -0, -0, -0, -0, 0.02715357609277, 0.003957096344189, 0, 0, 0, 0, 0, -0.06325631081853, 0.003957096788375, -0.0438708160159, -0.06325630371486, 0.04977527061139, -0.06325630371486, 43.11826044146, 43.12901349513, 43.11802920426, 43.12896767467, 106.4454518837, -0.2018383120176, 0.2010975864607, 0, 1, 49.99748340841, 50, 49.99855011095, 0.005382240416567, 0, 0, 0, 0, 0, 0, 0, 0, 106.4458486965, 103.4968976921, 106.4453905202, 103.4965874918, 106.4454518837, 103.4967426776, 106.445849839, 103.4968977776, 0, 106.4453916139, 103.4965875777, -0.01669179422159, 0, -0.2185093312062, -0.01128454203935, 0.1843822422086, -0.01128454203935, 0.772681346451, 0.7732571463739, -0.8017801437522, -0.8017437829503, -0.0145445701686, -0.01380825080667, 0.7729809126878, 0.7736912539842, 0, -0.8021200229596, -0.8013077555975, -0, 5.551115123126e-17, -0, -5.551115123126e-17, 0.002693384336165, 0.3940717270504, 0.3912396457073, 0.3932023029937, 0, 0.3912332334393, 0.3949411511071
7.7, 0.2049712449604, 0.1365004507669, -0.1981368757822, 0.1365788349839, 0.0170588522911, -0.009247391927646, 0.0008135019821929, 0.01448310239569, 0, 0, -1000, 0, 1000, 7517.107567876, 3609.276792032, 7530.012732757, 3547.428268725, 24.44212904783, 47.13019694672, 24.85553023613, 27.69276987295, -246.0112447134, -71.0470524687, 239.4376139189, -96.4014147501, 5396.029298463, 3555.138868154, 5410.379504709, 4403.126241986, 3, 0.7587785102405, 33.11709599841, -0.3263760779408, -71.75694939644, -1.528811194826, 10.74407535842, -1.385616483402, 9.226653764674, 0, 0, 0.02708833899, -0, -0, -0, -0, -0, 0.02709307541514, 0.006251713943159, 0, 0, 0, 0, 0, 0.061450811868, 0.006251714641855, -0.04240588345064, 0.06145080499781, 0.05125003613898, 0.06145080499781, 43.25890228735, 43.26971051167, 43.25867366579, 43.26962558413, 106.7926564569, -0.2010239748816, 0.2019132751958, 0, 1, 49.99753477696, 50, 49.99857160219, 0.005262235842597, 0, 0, 0, 0, 0, 0, 0, 0, 106.7930477488, 103.8442337276, 106.7925998041, 103.8436614058, 106.7926564569, 103.8439474131, 106.7930488474, 103.8442335737, 0, 106.7926009371, 103.8436612525, -0.0163749171623, 0, -0.2173788485508, -0.02082006778418, 0.1855141691813, -0.02082006778418, 0.7726086867363, 0.7741885267134, -0.8018527543978, -0.8008122751609, -0.01461230010266, -0.01373452531863, 0.772898258165, 0.7737649697597, 0, -0.8022026938184, -0.801234020397, -0, -0, -0, -0, 0.002693707278747, 0.3940732144747, 0.3912508304926, 0.394917822927, 0, 0.3912221950762, 0.3932286060224
7.725, 0.1983596516863, -0.1389584825511, -0.2047499657189, -0.1388782343791, -0.02116905610296, 0.009085593467774, -0.001022512644125, 0.01486829189416, 0, 0, 1000, 0, -1000, 7519.048874068, 3542.481320015, 7528.049391198, 3614.486405481, 24.94226124961, 27.86229598453, 24.39992769254, 47.07341589336, -239.9965772353, 95.3412854552, 245.4551526619, 70.19809759277, 5401.399148111, 4404.868107118, 5405.04759942, 3551.775675627, 3, -0.2528220104405, -72.55899305939, 0.6860139564356, 34.33264310244, -1.508519591398, 9.083434382896, -1.406289708855, 10.89237528837, 0, 0, 0.02706761154454, -0, -0, -0, -0, -0, 0.02707329191794, 0.003982914520919, 0, 0, 0, 0, 0, -0.06182075804418, 0.003982914965372, -0.04384510027228, -0.06182075114271, 0.0498201944554, -0.06182075114271, 43.39954758451, 43.4103699556, 43.39931492806, 43.41032133062, 107.1398610121, -0.2019506179849, 0.2009874603705, 0, 1, 49.99759267666, 50, 49.99862286596, 0.005277789438256, 0, 0, 0, 0, 0, 0, 0, 0, 107.1402587322, 104.1913100488, 107.13979765, 104.1909939775, 107.1398610121, 104.1911520985, 107.1402598752, 104.191310134, 0, 107.1397987435, 104.190994063, -0.01679182285176, 0, -0.2187217390319, -0.01149812106715, 0.1841721357202, -0.01149812106715, 0.7724839075077, 0.7730765884616, -0.8019774824553, -0.8019242966227, -0.0147420199147, -0.01399865678056, 0.7727832985111, 0.773500868963, 0, -0.8023176680641, -0.8014981825241, -0, -0, -5.551115123126e-17, -0, 0.002693859614628, 0.3940748266045, 0.3912401261868, 0.3932251334422, 0, 0.3912328250086, 0.3949245197667
7.75, 0.2055458668593, 0.1462449109289, -0.1975698438862, 0.1463350391827, 0.01711016332996, -0.009157343727576, 0.001174208637646, 0.01585738842752, 0, 0, -1000, 0, 1000, 7517.043894527, 3609.113955322, 7530.032234308, 3549.221607286, 24.48596265618, 46.98416097266, 24.9647326087, 28.62707735736, -246.0658001622, -70.40612706908, 239.3804314613, -95.23364760495, 5396.207158059, 3561.200585223, 5410.271221304, 4383.927580707, 3, 0.6118593716563, 37.50149989029, -0.1681439835407, -74.63982089754, -1.529630128528, 10.73431129493, -1.38556344471, 9.267520314992, 0, 0, 0.02703460185468, -0, -0, -0, -0, -0, 0.02703904385902, 0.006262961470301, 0, 0, 0, 0, 0, 0.05962027795872, 0.00626296216748, -0.04242084978987, 0.05962027131974, 0.05125223266071, 0.05962027131974, 43.54018975614, 43.55106526669, 43.53995962167, 43.5509823199, 107.4870660212, -0.2009309771522, 0.2020081038185, 0, 1, 49.99764272418, 50, 49.99864326923, 0.005114615947787, 0, 0, 0, 0, 0, 0, 0, 0, 107.4874585204, 104.5386444426, 107.4870074268, 104.5380729071, 107.4870660212, 104.538358526, 107.4874596195, 104.5386442935, 0, 107.4870085598, 104.5380727586, -0.01649458405471, 0, -0.2174055502932, -0.02079146466055, 0.1854893779037, -0.02079146466055, 0.7724102187577, 0.7739809767623, -0.8020511317896, -0.8010197722328, -0.01481061939033, -0.01392947226427, 0.7726998921223, 0.7735700495392, 0, -0.8024010864017, -0.8014289940677, -0, -0, -0, 5.551115123126e-17, 0.002694020691855, 0.3940863123755, 0.391250476115, 0.3949057611305, 0, 0.3912224107667, 0.3932668636204
7.775, 0.1977840535188, -0.1498597078988, -0.2053260629772, -0.1497660841642, -0.02139145799192, 0.008950882468303, -0.001414251874101, 0.01618193207417, 0, 0, 1000, 0, -1000, 7519.012969713, 3544.337903761, 7528.052301786, 3614.055420617, 25.03145967759, 28.87298179776, 24.42279891642, 46.69885633062, -240.001395909, 93.73673438883, 245.4460530397, 69.27900848568, 5400.963142977, 4384.164247359, 5405.485259825, 3561.305051723, 3, -0.1136969729056, -75.89924060928, 0.5444430182144, 39.22603906297, -1.509047057008, 9.126333227807, -1.406408461472, 10.87718992388, 0, 0, 0.02700871117229, -0, -0, -0, -0, -0, 0.02701401430586, 0.004060895051308, 0, 0, 0, 0, 0, -0.05962985804311, 0.004060895502493, -0.04377540106115, -0.05962985141535, 0.04990423495467, -0.05962985141535, 43.68083535286, 43.69172796709, 43.68060129519, 43.69167558788, 107.8342715181, -0.2020311799951, 0.20090849326, 0, 1, 49.99770172817, 50, 49.99868123229, 0.004902938274039, 0, 0, 0, 0, 0, 0, 0, 0, 107.8346702639, 104.885725568, 107.8342063268, 104.8854020733, 107.8342715181, 104.8855639049, 107.834671406, 104.8857256521, 0, 107.8342074211, 104.8854021578, -0.01689173511527, 0, -0.2189022909284, -0.01176817034732, 0.1839932680737, -0.01176817034732, 0.7722857424768, 0.7729011828805, -0.8021755720391, -0.8020996368661, -0.0149401479098, -0.01418908690616, 0.7725846582077, 0.773310469999, 0, -0.8025163307428, -0.8016886438113, -5.551115123126e-17, -0, -0, -0, 0.002694180838123, 0.394085972533, 0.3912409950866, 0.3932663921047, 0, 0.391231952676, 0.3949055529613
7.8, 0.2058850157606, 0.1565752236777, -0.1972253904991, 0.156678867772, 0.01750481053088, -0.009011290835044, 0.00157088578573, 0.01738041184948, 0, 0, -1000, 0, 1000, 7517.003368258, 3608.282062051, 7530.037698082, 3550.508442971, 24.50940417079, 46.45704350677, 25.05558328764, 29.44011574787, -245.9642153653, -69.46980801202, 239.4721726348, -93.61261900466, 5396.740820867, 3574.533862518, 5409.644862904, 4369.527316214, 3, 0.4891101026322, 42.49562492549, -0.05981413674752, -77.65656090419, -1.530203945752, 10.71248648465, -1.385653788147, 9.299121602872, 0, 0, 0.02695231594058, -0, -0, -0, -0, -0, 0.02695645186712, 0.006196676368775, 0, 0, 0, 0, 0, 0.05761052213752, 0.006196677054383, -0.04249874490976, 0.05761051576147, 0.05118862184731, 0.05761051576147, 43.82147800529, 43.83242041934, 43.8212463642, 43.83233947813, 108.1814777856, -0.2008561531365, 0.2020846232527, 0, 1, 49.99775414928, 50, 49.99869529728, 0.004729789434367, 0, 0, 0, 0, 0, 0, 0, 0, 108.1818712657, 105.2330556879, 108.1814170893, 105.232485257, 108.1814777856, 105.232770329, 108.1818723671, 105.2330555441, 0, 108.1814182206, 105.2324851138, -0.01661091692735, 0, -0.2174470834601, -0.02075128225385, 0.1854496676655, -0.02075128225385, 0.7722095816947, 0.773770165463, -0.8022516940659, -0.8012305274141, -0.01501119841988, -0.01412643326683, 0.7724997861814, 0.7733731169961, 0, -0.8026012154535, -0.8016259835297, -5.551115123126e-17, -5.551115123126e-17, -0, -0, 0.002694444771198, 0.3940873892529, 0.3912494126478, 0.3948792150017, 0, 0.3912236588804, 0.3932955635041
7.825, 0.197472330616, -0.1595209804152, -0.2056375289641, -0.1594145653294, -0.02179813541168, 0.00883661710625, -0.001781559855642, 0.01773584008201, 0, 0, 1000, 0, -1000, 7519.030019238, 3545.576329566, 7527.996691303, 3613.416839403, 25.13228774892, 29.68798797304, 24.46776446912, 46.28435300334, -240.0025494399, 92.37161782812, 245.4360175621, 68.50321954411, 5400.717508666, 4370.848215952, 5405.69402112, 3572.277820589, 3, 0.02255023633624, -78.60295510034, 0.4039118885172, 43.97550744668, -1.509018173909, 9.156530963492, -1.407139083171, 10.8591395879, 0, 0, 0.02692876384496, -0, -0, -0, -0, -0, 0.02693376861898, 0.004065912661464, 0, 0, 0, 0, 0, -0.05786973097469, 0.004065913110536, -0.04376395856386, -0.05786972458072, 0.04993090424391, -0.05786972458072, 43.9621239264, 43.97308596248, 43.96188844545, 43.97303052011, 108.5286841182, -0.202134251223, 0.2008071442827, 0, 1, 49.99781340424, 50, 49.99874402491, 0.004718861318774, 0, 0, 0, 0, 0, 0, 0, 0, 108.5290837855, 105.5801417091, 108.5286169165, 105.5798115466, 108.5286841182, 105.5799767113, 108.5290849283, 105.5801417923, 0, 108.5286180102, 105.5798116302, -0.01699297347531, 0, -0.2191066668367, -0.01201073402206, 0.1837907377066, -0.01201073402206, 0.7720855242637, 0.7727207330372, -0.8023757108255, -0.8022800357138, -0.01514040620164, -0.01438161521905, 0.7723843622303, 0.7731179658002, 0, -0.8027166512753, -0.8018811962383, -0, -0, -0, 5.551115123126e-17, 0.002694568120809, 0.3940883188722, 0.3912414844575, 0.3932929304379, 0, 0.3912315366584, 0.3948837073065
7.85, 0.2062889990823, 0.1667171854281, -0.1968252181418, 0.1668349386124, 0.01795273781823, -0.008893124782555, 0.001919007057854, 0.01864848501346, 0, 0, -1000, 0, 1000, 7517.016074044, 3607.840389885, 7530.000358955, 3552.004514051, 24.5537111379, 46.0274941051, 25.13980957931, 30.41726197001, -245.9770025373, -68.63853536666, 239.4593279305, -92.19231769598, 5397.02123586, 3583.237396493, 5409.460070165, 4352.321752327, 3, 0.3677323990559, 47.34947480066, 0.06643050571066, -80.60576239788, -1.530218324516, 10.69742687796, -1.386193096769, 9.334229975192, 0, 0, 0.02691881727414, -0, -0, -0, -0, -0, 0.02692267638731, 0.006144085849804, 0, 0, 0, 0, 0, 0.05573297748112, 0.006144086527904, -0.04255675056615, 0.05573297132831, 0.05114318813791, 0.05573297132831, 44.1027668905, 44.11377644455, 44.10253374026, 44.11369730884, 108.8758906757, -0.2007737690612, 0.2021682922927, 0, 1, 49.99786595666, 50, 49.99876351308, 0.004593101651247, 0, 0, 0, 0, 0, 0, 0, 0, 108.8762854899, 105.9274691805, 108.8758281873, 105.9268995507, 108.8758906757, 105.927184227, 108.8762865929, 105.9274690416, 0, 108.8758293174, 105.9268994123, -0.01672869130831, 0, -0.217482471438, -0.0207221386083, 0.1854156133967, -0.0207221386083, 0.7720079504016, 0.773559402107, -0.8024532586211, -0.8014412400104, -0.01521279177451, -0.01432426550024, 0.7722985505668, 0.7731753104324, 0, -0.8028024701118, -0.8018238414329, -0, -0, -0, -0, 0.002694626204358, 0.3940958701795, 0.3912488537583, 0.3948618900918, 0, 0.3912240272703, 0.3933298502672
7.875, 0.1970216039458, -0.1709771529904, -0.2060886827476, -0.1708545043729, -0.02228497905313, 0.00867663413885, -0.002139546581574, 0.01884708236512, 0, 0, 1000, 0, -1000, 7519.067385627, 3547.456568683, 7527.952147509, 3612.847515711, 25.1966108572, 30.9227419946, 24.5092971522, 45.6765230307, -239.9931700585, 90.48267103653, 245.4450486787, 67.36063551342, 5400.479313071, 4349.193143564, 5405.992751391, 3582.162341866, 3, 0.1416656867184, -82.07707661761, 0.2838958900612, 49.34481728515, -1.508773748875, 9.200302433667, -1.407752529747, 10.84028765174, 0, 0, 0.02691236074153, -0, -0, -0, -0, -0, 0.02691699104234, 0.004073434667168, 0, 0, 0, 0, 0, -0.05558416335484, 0.004073435116523, -0.04374707198363, -0.05558415722104, 0.04995624874982, -0.05558415722104, 44.24341304586, 44.25444518959, 44.24317620334, 44.25438612336, 109.2230976594, -0.2022009915038, 0.2007412302217, 0, 1, 49.99792392819, 50, 49.99880090719, 0.00441113555192, 0, 0, 0, 0, 0, 0, 0, 0, 109.2234986, 106.274560531, 109.22302896, 106.2742226581, 109.2230976594, 106.2743916766, 109.2234997432, 106.2745606129, 0, 109.2230300533, 106.2742227403, -0.01709012540599, 0, -0.2192705794675, -0.01229122698865, 0.1836276740942, -0.01229122698865, 0.7718841804166, 0.7725432732992, -0.8025770095554, -0.8024574316125, -0.01534180326791, -0.01457475211363, 0.7721829034338, 0.77292485919, 0, -0.8029181225479, -0.8020743634173, -0, 5.551115123126e-17, -0, -0, 0.002694692248014, 0.3941000580876, 0.3912419590386, 0.393336083545, 0, 0.3912309414275, 0.3948640326302
7.9, 0.2066289391529, 0.1786747924562, -0.1964762780727, 0.178810468052, 0.01873027283693, -0.008691654154845, 0.002277346600224, 0.01972496264605, 0, 0, -1000, 0, 1000, 7517.066135282, 3606.942574444, 7529.939536861, 3553.678367995, 24.59064850642, 45.15695786719, 25.18759319477, 31.66685571257, -245.9046181714, -67.25213269557, 239.52332744, -89.92113308155, 5397.549435013, 3597.480026674, 5408.857516256, 4332.335596094, 3, 0.2608278349586, 53.13103891961, 0.1529328624906, -84.23739613024, -1.529838686151, 10.672764614, -1.386975709468, 9.374343500777, 0, 0, 0.02687484054576, -0, -0, -0, -0, -0, 0.02687835269113, 0.006019982057361, 0, 0, 0, 0, 0, 0.05325253296476, 0.006019982719595, -0.04267108788039, 0.05325252710513, 0.05103749104729, 0.05325252710513, 44.38405649311, 44.39513292997, 44.38382184016, 44.39505613398, 109.5703054794, -0.2007194570284, 0.2022236303042, 0, 1, 49.99797712804, 50, 49.99880730358, 0.004133500286502, 0, 0, 0, 0, 0, 0, 0, 0, 109.5707015414, 106.6218836006, 109.570241144, 106.6213160232, 109.5703054794, 106.6215996799, 109.5707026477, 106.6218834683, 0, 109.5702422714, 106.6213158914, -0.01684375154833, 0, -0.2175431989313, -0.02064747776404, 0.1853559795552, -0.02064747776404, 0.7718043771608, 0.7733420578056, -0.8026567864213, -0.8016585202037, -0.01541641490008, -0.01452452189916, 0.7720957572972, 0.7729750868285, 0, -0.8030052772709, -0.8020241306268, 5.551115123126e-17, -0, -0, -0, 0.002694901549467, 0.394101607047, 0.3912478009884, 0.3948335345889, 0, 0.3912252282199, 0.3933696795051
7.925, 0.1968180020951, -0.1820324797454, -0.206282902056, -0.1818929199024, -0.0230209716034, 0.008494055111805, -0.002486643608886, 0.02003810106157, 0, 0, 1000, 0, -1000, 7519.115068901, 3548.784576771, 7527.87464204, 3611.838575003, 25.2524990904, 31.98264901519, 24.55346545495, 44.84171988636, -240.0678745382, 88.44507192731, 245.3569670062, 66.12306660391, 5400.060049699, 4334.143264528, 5406.309309879, 3597.07699244, 3, 0.2309304733785, -85.29416999257, 0.1723281539587, 54.90254825975, -1.50841787102, 9.233511639337, -1.408709808966, 10.81395213442, 0, 0, 0.02684064780852, -0, -0, -0, -0, -0, 0.02684493567415, 0.004078814763687, 0, 0, 0, 0, 0, -0.05341273510887, 0.004078815211241, -0.04373387527122, -0.05341272924622, 0.04998219587963, -0.05341272924622, 44.52470299919, 44.53580464748, 44.52446481057, 44.53574233192, 109.917513725, -0.2022654125807, 0.2006783929288, 0, 1, 49.99803619339, 50, 49.99884795953, 0.004046787941267, 0, 0, 0, 0, 0, 0, 0, 0, 109.9179155662, 106.9689802686, 109.9174431479, 106.9686349255, 109.917513725, 106.9688076776, 109.91791671, 106.968980349, 0, 109.9174442407, 106.9686350062, -0.01718750003666, 0, -0.219432435984, -0.01256297950825, 0.1834675124348, -0.01256297950825, 0.7716816808368, 0.7723637421041, -0.802779443103, -0.8026369044114, -0.01554433960402, -0.01476918981313, 0.7719803143758, 0.7727304490684, 0, -0.8031207327215, -0.8022688286947, -5.551115123126e-17, -5.551115123126e-17, 5.551115123126e-17, -0, 0.002695094965997, 0.3941002069839, 0.3912427942932, 0.3933660775498, 0, 0.3912303106786, 0.3948343364179
7.95, 0.2068415690376, 0.1893676677841, -0.1962630934564, 0.1895204211655, 0.01953185024507, -0.008546675978391, 0.002588451859372, 0.02081595555463, 0, 0, -1000, 0, 1000, 7517.096150366, 3606.169042829, 7529.876423311, 3554.923890336, 24.64530564491, 44.426066075, 25.24633007888, 32.69967034796, -245.9049724915, -66.2181475282, 239.5167387055, -88.21789677554, 5397.791788188, 3609.882334764, 5408.642831952, 4317.626686219, 3, 0.1483875939781, 58.53353275265, 0.2576952408095, -87.26786307861, -1.529667625788, 10.65114895905, -1.387781971736, 9.404857457336, 0, 0, 0.02682765030103, -0, -0, -0, -0, -0, 0.02683089706668, 0.005951635238108, 0, 0, 0, 0, 0, 0.05128787444257, 0.005951635890526, -0.04274226092536, 0.05128786881903, 0.05098025912215, 0.05128786881903, 44.66534680925, 44.6764902025, 44.66511073366, 44.67641516338, 110.264722133, -0.2005981220803, 0.2023481049499, 0, 1, 49.99808936767, 50, 49.99886415216, 0.00394618855594, 0, 0, 0, 0, 0, 0, 0, 0, 110.2651193395, 107.3162999264, 110.2646560092, 107.3157334526, 110.264722133, 107.3160165627, 110.2651204476, 107.3162997993, 0, 110.2646571354, 107.315733326, -0.01695627906108, 0, -0.2175343934115, -0.02060733043683, 0.1853679952576, -0.02060733043683, 0.7716002714891, 0.7731279609687, -0.8028608190213, -0.8018725681685, -0.01562049383786, -0.01472508270939, 0.7718921372715, 0.7727745508515, 0, -0.803208919464, -0.8022247162703, -0, -0, -0, -0, 0.002695191338549, 0.3941039167865, 0.391247317851, 0.394808841157, 0, 0.3912256562257, 0.3933989924161
7.975, 0.1965223781302, -0.1932915196187, -0.206582044663, -0.1931336902935, -0.02375437654079, 0.008319522252507, -0.00277835709486, 0.02087142121368, 0, 0, 1000, 0, -1000, 7519.139638756, 3550.475614401, 7527.836211096, 3611.165446272, 25.29566762482, 33.28546281043, 24.61380040169, 44.06823467854, -240.0796705462, 86.44267019314, 245.3466344086, 64.86072899203, 5399.897130947, 4314.114519469, 5406.589131144, 3607.675173119, 3, 0.3224687447965, -88.63165179648, 0.08272300213829, 60.42733878094, -1.508303583294, 9.273306827027, -1.409256047627, 10.79295222808, 0, 0, 0.02683890211642, -0, -0, -0, -0, -0, 0.02684285372261, 0.004086706181186, 0, 0, 0, 0, 0, -0.0511933051272, 0.004086706629547, -0.04372103521914, -0.05119329950902, 0.05000502110395, -0.05119329950902, 44.80599351616, 44.81716491816, 44.80575401808, 44.81709936392, 110.6119306715, -0.2023269791216, 0.2006193639248, 0, 1, 49.99814682876, 50, 49.99890626188, 0.003855462891835, 0, 0, 0, 0, 0, 0, 0, 0, 110.6123338276, 107.6634020969, 110.6118587542, 107.6630492955, 110.6119306715, 107.6632257751, 110.6123349718, 107.6634021756, 0, 110.6118598466, 107.6630493745, -0.01728084838305, 0, -0.2195873581989, -0.01283429910513, 0.1833151259301, -0.01283429910513, 0.7714780061788, 0.7721832166419, -0.8029830645068, -0.8028173725272, -0.01574804179626, -0.01496494421593, 0.771776552285, 0.7725347216858, 0, -0.8033245094974, -0.8024646101176, -0, -0, -0, -0, 0.002695194420736, 0.3941096139082, 0.3912431188994, 0.3934059893421, 0, 0.39122975313, 0.3948132384743
8, 0.2071894232129, 0.201881081434, -0.1959091952204, 0.2020551879387, 0.02051809234847, -0.008301167126651, 0.00284370028653, 0.02133020653661, 0, 0, -1000, 0, 1000, 7517.13433591, 3605.23379204, 7529.836802324, 3556.929221358, 24.70906608935, 43.31088917739, 25.25452066443, 34.3372148041, -245.880222743, -64.43806487396, 239.5401941628, -85.42329620729, 5398.202481663, 3623.977610514, 5408.260902939, 4293.209231427, 3, 0.06305769628945, 64.6058406179, 0.33086042628, -91.14989375837, -1.529409533573, 10.62417965732, -1.388339968043, 9.452213686355, 0, 0, 0.02682734057293, -0, -0, -0, -0, -0, 0.02683022756988, 0.005864481310664, 0, 0, 0, 0, 0, 0.04849698658314, 0.005864481953514, -0.04282192451552, 0.04849698126588, 0.05090755956605, 0.04849698126588, 44.9466377588, 44.95784804685, 44.94640017111, 44.95777549022, 110.9591399308, -0.2005988864432, 0.2023472870893, 0, 1, 49.99819849403, 50, 49.99890825269, 0.003541533388504, 0, 0, 0, 0, 0, 0, 0, 0, 110.9595386962, 108.0107175392, 110.9590722415, 108.0101539299, 110.9591399308, 108.0104356151, 110.959539807, 108.0107174196, 0, 110.9590733654, 108.0101538107, -0.0170696892969, 0, -0.2176485311706, -0.02050312655563, 0.1852538012078, -0.02050312655563, 0.7713947698297, 0.7729057410531, -0.803066283019, -0.8020947223063, -0.01582603368241, -0.01492808156791, 0.7716871789817, 0.7725715859096, 0, -0.8034138877371, -0.8024277490454, 5.551115123126e-17, -5.551115123126e-17, -5.551115123126e-17, -0, 0.002695312602461, 0.3941142145541, 0.3912464993306, 0.3947807796748, 0, 0.3912264174815, 0.3934476494334
8.025, 0.1963412008337, -0.2055903769932, -0.206748884116, -0.2054111408719, -0.02480771491771, 0.008060101450616, -0.003041953924885, 0.02140240314383, 0, 0, 1000, 0, -1000, 7519.137550778, 3552.104139615, 7527.823594607, 3609.908295488, 25.2974610224, 34.74617727751, 24.66686333017, 42.82533809013, -240.1808407238, 83.58675571888, 245.234829743, 63.04505250879, 5399.339779905, 4294.287363751, 5407.041627089, 3625.359724038, 3, 0.37231442651, -92.40654600415, 0.003119269820071, 66.56316980807, -1.508464797902, 9.313647740671, -1.409529883861, 10.76046405648, 0, 0, 0.02679814053558, -0, -0, -0, -0, -0, 0.02680170298824, 0.004155758004482, 0, 0, 0, 0, 0, -0.04847495807724, 0.004155758459035, -0.0436599093364, -0.04847495277369, 0.05007545703203, -0.04847495277369, 45.08728477944, 45.09852591867, 45.08704401607, 45.0984568934, 111.3063498944, -0.2023461940651, 0.2006005458091, 0, 1, 49.99825710358, 50, 49.99894299127, 0.003358321412779, 0, 0, 0, 0, 0, 0, 0, 0, 111.3067540638, 108.3578257371, 111.3062764069, 108.3574645184, 111.3063498944, 108.3576452042, 111.3067552069, 108.3578258134, 0, 111.3062775002, 108.357464595, -0.01737379496736, 0, -0.2196995791662, -0.01314050560907, 0.183203364002, -0.01314050560907, 0.7712737674645, 0.7720058000655, -0.803187254637, -0.8029947222024, -0.01595223148632, -0.01516102371273, 0.7715718970207, 0.7723386737315, 0, -0.8035291797934, -0.802660721157, 5.551115123126e-17, -0, -0, 5.551115123126e-17, 0.00269551623769, 0.3941117642391, 0.3912442294783, 0.3934455018882, 0, 0.3912288513239, 0.39477802659
8.05, 0.2073749069324, 0.2137675713739, -0.1957133192793, 0.2139633362572, 0.02160930361322, -0.00808577053441, 0.003086583269377, 0.02198083092427, 0, 0, -1000, 0, 1000, 7517.109508787, 3604.02982464, 7529.825577437, 3558.270604211, 24.77998141386, 42.15613682071, 25.27170424594, 35.6374198174, -245.8402772896, -62.89246995632, 239.56781846, -82.98076491639, 5398.406964546, 3641.31982191, 5407.976391677, 4277.36819874, 3, -0.0355050624482, 70.74390829756, 0.4048312894104, -94.58956210609, -1.529810186816, 10.59296074365, -1.388598464332, 9.486267911083, 0, 0, 0.02676306769085, -0, -0, -0, -0, -0, 0.0267656587186, 0.005834235272256, 0, 0, 0, 0, 0, 0.04609230844686, 0.005834235908729, -0.0428594581135, 0.04609230341754, 0.05088416757296, 0.04609230341754, 45.22792954748, 45.23920652103, 45.22769046553, 45.23913596314, 111.653560332, -0.2005896717594, 0.2023581928043, 0, 1, 49.99830782123, 50, 49.99894635281, 0.003188233826693, 0, 0, 0, 0, 0, 0, 0, 0, 111.6539601831, 108.705136577, 111.65349068, 108.7045751574, 111.653560332, 108.7048557542, 111.6539612953, 108.7051364638, 0, 111.6534918028, 108.7045750446, -0.01718117110968, 0, -0.2177508287746, -0.02042346855596, 0.1851532929467, -0.02042346855596, 0.7711885750988, 0.7726855511009, -0.8032724039679, -0.8023148584767, -0.01603219232902, -0.0151317026327, 0.771481240242, 0.7723679925177, 0, -0.8036198494673, -0.8026313977831, -0, -0, -0, -0, 0.002695721620789, 0.3941127330102, 0.3912460918026, 0.3947462471248, 0, 0.3912269843787, 0.3934792188956
8.075, 0.1961307330744, -0.2168618036942, -0.2069576916367, -0.2166618320249, -0.02585580134865, 0.0078616592903, -0.003266968614125, 0.02191749150759, 0, 0, 1000, 0, -1000, 7519.078544513, 3553.475405784, 7527.852058292, 3608.96789517, 25.3160236119, 36.02847667262, 24.73923261892, 41.8224017459, -240.2247436724, 81.37346806726, 245.1888488072, 61.61145095766, 5399.091046726, 4277.476671155, 5407.371413587, 3639.438187413, 3, 0.4384796154886, -95.68914324551, -0.06947722827283, 72.33013326946, -1.509222404254, 9.347153817052, -1.409371004824, 10.73450506453, 0, 0, 0.02677369940958, -0, -0, -0, -0, -0, 0.02677695770092, 0.004231036578934, 0, 0, 0, 0, 0, -0.04623652481136, 0.004231037040877, -0.04360436221983, -0.04623651976204, 0.05014454068795, -0.04623651976204, 45.36857673657, 45.3798872495, 45.36833470553, 45.37981523454, 112.0007706731, -0.2023488453152, 0.2005993813209, 0, 1, 49.99836651517, 50, 49.99899602103, 0.00319002143417, 0, 0, 0, 0, 0, 0, 0, 0, 112.0011759689, 109.0522505127, 112.0006957228, 109.0518819109, 112.0007706731, 109.0520662862, 112.0011771112, 109.052250587, 0, 112.0006968171, 109.0518819855, -0.01746825380636, 0, -0.2197967335887, -0.01340909032405, 0.1831077299422, -0.01340909032405, 0.7710681591654, 0.7718231183749, -0.8033927913654, -0.8031773513254, -0.01615773376899, -0.01535907409234, 0.771365909796, 0.7721406479252, 0, -0.8037351876655, -0.8028587961099, -0, -0, -0, -5.551115123126e-17, 0.002695734742202, 0.394114498308, 0.3912447252515, 0.3934790020172, 0, 0.3912281939664, 0.3947499945989
8.1, 0.2076236032365, 0.2260565146232, -0.1954645691584, 0.2262760060126, 0.02266582178205, -0.007818951660317, 0.003229030081544, 0.02215566031798, 0, 0, -1000, 0, 1000, 7517.062691097, 3603.049695595, 7529.863381826, 3560.378987982, 24.87193002407, 40.92592293057, 25.27182916477, 37.45564453726, -245.8447948895, -60.8971081574, 239.5666845941, -79.94664423908, 5398.650259098, 3655.495519775, 5407.861117195, 4252.154462431, 3, -0.1013888863382, 76.87954855884, 0.4702745005058, -98.32884636482, -1.530439982255, 10.56405598111, -1.388340947206, 9.536004295953, 0, 0, 0.02677348133684, -0, -0, -0, -0, -0, 0.02677573919089, 0.005840538629825, 0, 0, 0, 0, 0, 0.04323788840372, 0.005840539267483, -0.04286778406619, 0.04323788368231, 0.05088473084458, 0.04323788368231, 45.50922188871, 45.52056575921, 45.50898127044, 45.52049749345, 112.3479814848, -0.2005859182114, 0.2023620603865, 0, 1, 49.99841276408, 50, 49.9989907131, 0.002922999146174, 0, 0, 0, 0, 0, 0, 0, 0, 112.3483830033, 109.3995575208, 112.3479103038, 109.3989992176, 112.3479814848, 109.3992782638, 112.3483841164, 109.3995574152, 0, 112.347911426, 109.3989991124, -0.01729799396363, 0, -0.2178638863955, -0.02031009936065, 0.185040328199, -0.02031009936065, 0.7709813571625, 0.7724606161481, -0.803479573599, -0.8025397333696, -0.01623933291157, -0.01533698154204, 0.7712740787944, 0.772162744746, 0, -0.8038270231506, -0.8028367078301, -0, -0, -0, -0, 0.002695780256698, 0.3941237423753, 0.3912456071097, 0.3947180240214, 0, 0.3912272140056, 0.3935294607291
8.125, 0.1959081034729, -0.2301395856309, -0.2071694363173, -0.2299136525142, -0.0271479177831, 0.00753097016149, -0.003394852697438, 0.02182077787393, 0, 0, 1000, 0, -1000, 7518.995725959, 3555.619613832, 7527.933568948, 3607.655219716, 25.28665800071, 37.99164349204, 24.81537957099, 40.26475407358, -240.2847001543, 77.69577518855, 245.1260569514, 59.18567187499, 5398.578648611, 4250.726096323, 5407.877188992, 3658.350183392, 3, 0.4733103591248, -99.88280380131, -0.1262106375139, 78.87738646462, -1.51022813142, 9.398769054909, -1.408653726819, 10.69890868585, 0, 0, 0.02676719357215, -0, -0, -0, -0, -0, 0.02677002851358, 0.004367559676907, 0, 0, 0, 0, 0, -0.04292751160438, 0.004367560153524, -0.04349465842966, -0.04292750691885, 0.050260783444, -0.04292750691885, 45.64986930377, 45.66124987106, 45.64962600476, 45.66117405724, 112.6951929069, -0.2023408470875, 0.2006073921952, 0, 1, 49.99847114598, 50, 49.99902717005, 0.002692141686767, 0, 0, 0, 0, 0, 0, 0, 0, 112.695599428, 109.7466784841, 112.6951166405, 109.746300294, 112.6951929069, 109.74648946, 112.6956005678, 109.7466785549, 0, 112.6951177367, 109.746300365, -0.01756170255885, 0, -0.2198822399313, -0.01375789923029, 0.1830222438558, -0.01375789923029, 0.7708618203532, 0.7716480540728, -0.8035990951152, -0.803352342577, -0.01636392945236, -0.01555685738132, 0.7711588226491, 0.7719428988882, 0, -0.8039422842602, -0.8030566136509, 5.551115123126e-17, -0, -0, -0, 0.002695885543415, 0.394122323366, 0.3912457465339, 0.3935323076821, 0, 0.3912271857506, 0.3947123390499
8.15, 0.2076603598527, 0.2386477830651, -0.1954116978854, 0.2388932094517, 0.02397122141314, -0.007506202277817, 0.003367614635261, 0.02207428482588, 0, 0, -1000, 0, 1000, 7517.0092106, 3601.395420177, 7529.899603218, 3561.903356451, 24.9408708126, 39.3313715803, 25.23965137814, 39.04041601749, -245.7143546492, -58.64765883058, 239.687065706, -76.5588694259, 5399.03473809, 3677.477153908, 5407.369672758, 4233.261845695, 3, -0.1626806581513, 83.35360347728, 0.4963833416403, -102.209829444, -1.531137532271, 10.52271176965, -1.388096622091, 9.575281673977, 0, 0, 0.02672760442739, -0, -0, -0, -0, -0, 0.02672954267137, 0.005811281563248, 0, 0, 0, 0, 0, 0.04027586843432, 0.005811282195538, -0.04290529052185, 0.04027586405151, 0.05085685346852, 0.04027586405151, 45.79051503948, 45.80192544001, 45.7902728632, 45.80185934376, 113.0424051397, -0.200598663995, 0.2023505838964, 0, 1, 49.99851934755, 50, 49.99902021926, 0.002438747415867, 0, 0, 0, 0, 0, 0, 0, 0, 113.0428079406, 110.0939790714, 113.0423320501, 110.0934240705, 113.0424051397, 110.0937014733, 113.0428090553, 110.0939789736, 0, 113.0423331708, 110.093423973, -0.0174139093624, 0, -0.2179925644048, -0.02018996822316, 0.1849129898889, -0.02018996822316, 0.7707722743801, 0.7722331404234, -0.8036886057216, -0.8027671509209, -0.01644838539841, -0.01554405100521, 0.7710652515479, 0.7719557055367, 0, -0.8040358657932, -0.8030438075471, -0, -0, -0, -0, 0.002696113217618, 0.3941206805147, 0.3912448410238, 0.394674250788, 0, 0.3912281931472, 0.3935671102413
8.175, 0.1958030191618, -0.242227391644, -0.2072670510767, -0.2419764391938, -0.02847782299476, 0.007267247878649, -0.003509406721845, 0.02194572714217, 0, 0, 1000, 0, -1000, 7518.937242048, 3557.105440773, 7527.960190122, 3606.318714723, 25.28011442001, 39.54103858939, 24.91457635917, 38.88749219173, -240.2957283431, 74.72828720794, 245.1064356403, 57.21848211794, 5398.368302295, 4232.768893734, 5408.067170722, 3677.462488887, 3, 0.5307799774077, -103.399305945, -0.2020078245623, 85.20042353232, -1.510977923921, 9.43610262865, -1.408510567844, 10.6640851812, 0, 0, 0.02671442670323, -0, -0, -0, -0, -0, 0.02671693674901, 0.004429013373454, 0, 0, 0, 0, 0, -0.04024120857746, 0.004429013854873, -0.04344964378062, -0.04024120420255, 0.05031897599587, -0.04024120420255, 45.93116268514, 45.94261253492, 45.9309180752, 45.94253356321, 113.3896174571, -0.2023620359805, 0.200587765011, 0, 1, 49.9985747551, 50, 49.99906277262, 0.00242787385973, 0, 0, 0, 0, 0, 0, 0, 0, 113.3900249498, 110.4411070605, 113.3895394989, 110.4407204161, 113.3896174571, 110.4409138063, 113.3900260891, 110.4411071283, 0, 113.3895405958, 110.4407204842, -0.01765796462336, 0, -0.2199997516786, -0.01406544959516, 0.1829063738604, -0.01406544959516, 0.7706532095209, 0.7714662609127, -0.8038076370322, -0.8035340800898, -0.01657245635503, -0.01575710188294, 0.7709499047508, 0.7717426801575, 0, -0.8041512231955, -0.8032568839234, -0, -0, -0, -0, 0.002696208930851, 0.3941211862767, 0.3912461657836, 0.3935680923844, 0, 0.3912268069523, 0.394674280169
8.2, 0.2078935514224, 0.2517580273722, -0.1951777169567, 0.2520318401014, 0.0252402949351, -0.007174220336413, 0.003388421101658, 0.02195617216981, 0, 0, -1000, 0, 1000, 7516.983389299, 3600.212609438, 7529.899398581, 3564.254233832, 25.05784693703, 37.81194038024, 25.24210047055, 41.13151692385, -245.7070869427, -56.13458396563, 239.6931306535, -72.83477208999, 5399.274182033, 3695.503314555, 5407.243403904, 4205.720105364, 3, -0.2114936532522, 90.09350794991, 0.5408056681146, -106.1130658024, -1.531544605266, 10.48825367494, -1.388234492718, 9.631135996679, 0, 0, 0.02670110744498, -0, -0, -0, -0, -0, 0.02670271716295, 0.005794414788131, 0, 0, 0, 0, 0, 0.0369737151293, 0.005794415417337, -0.04292758167929, 0.0369737111139, 0.05084688831779, 0.0369737111139, 46.07180883537, 46.08328595792, 46.07156501915, 46.08322220093, 113.7368300986, -0.2006532316002, 0.20229728208, 0, 1, 49.99861636202, 50, 49.99904837681, 0.002168473953887, 0, 0, 0, 0, 0, 0, 0, 0, 113.7372344387, 110.7884032024, 113.7367551071, 110.7878520983, 113.7368300986, 110.7881275614, 113.7372355548, 110.7884031133, 0, 113.7367562266, 110.7878520095, -0.0175365428211, 0, -0.2181697749229, -0.02004821116343, 0.1847370826726, -0.02004821116343, 0.7705620015399, 0.7720018800614, -0.8038988130405, -0.8029983514587, -0.01665863384264, -0.01575257304133, 0.7708551305612, 0.771747214781, 0, -0.8042460052949, -0.8032523608637, -0, -5.551115123126e-17, -0, -0, 0.002696272826357, 0.3941301734942, 0.39124436393, 0.394638357443, 0, 0.3912284447391, 0.3936219895455
8.225, 0.1956101497576, -0.2560624199937, -0.2074521126536, -0.2557811224766, -0.02994664714543, 0.006860465372474, -0.00350528456132, 0.02139103714252, 0, 0, 1000, 0, -1000, 7518.870299471, 3559.570941379, 7528.016840961, 3604.782619552, 25.24639389145, 41.76346964172, 24.99950886843, 37.02555927616, -240.371050964, 70.27117754155, 245.0315729054, 54.16754005673, 5397.897314913, 4202.647182386, 5408.608168542, 3699.705783952, 3, 0.5498471777803, -107.8000904012, -0.2386031868863, 92.10908198882, -1.511814924331, 9.495363786885, -1.408050705163, 10.62234936112, 0, 0, 0.02669467226529, -0, -0, -0, -0, -0, 0.02669675864154, 0.004549771701147, 0, 0, 0, 0, 0, -0.03644649176504, 0.004549772194961, -0.04335650616515, -0.03644648780867, 0.05042071941423, -0.03644648780867, 46.21245659455, 46.22397659081, 46.21221072828, 46.22389359532, 114.0840431837, -0.2022869274493, 0.200663797217, 0, 1, 49.99867276266, 50, 49.99908673739, 0.001965495411145, 0, 0, 0, 0, 0, 0, 0, 0, 114.0844517996, 111.1355390982, 114.0839638312, 111.1351416927, 114.0840431837, 111.1353404587, 114.0844529365, 111.1355391613, 0, 114.0839649302, 111.135141756, -0.01775372877796, 0, -0.22002046531, -0.01445692360477, 0.1828866122046, -0.01445692360477, 0.7704439266054, 0.7712925350685, -0.8040168740445, -0.8037077334467, -0.01678158482346, -0.01595688925467, 0.7707399865562, 0.7715429263509, 0, -0.8043611539804, -0.8034567048602, -0, -0, 5.551115123126e-17, -0, 0.002696327685094, 0.3941290507719, 0.391247104487, 0.3936281132254, 0, 0.3912257286571, 0.3946299883184
8.25, 0.2078568245182, 0.2644355867907, -0.1952004259845, 0.2647386112045, 0.02672763778842, -0.006776756357735, 0.003388064121977, 0.02131070643323, 0, 0, -1000, 0, 1000, 7516.971209038, 3598.281011863, 7529.903471762, 3566.034907638, 25.12588754817, 35.87970328369, 25.1923923338, 42.94468994859, -245.5597353804, -53.19725233251, 239.8364759001, -68.58032222529, 5399.776339441, 3721.061065481, 5406.694217645, 4183.369064691, 3, -0.2472235136436, 96.60070108207, 0.546181758223, -110.1749152919, -1.531806021657, 10.44034246365, -1.388323443892, 9.676737629853, 0, 0, 0.02665746789794, -0, -0, -0, -0, -0, 0.02665876733292, 0.005724332403297, 0, 0, 0, 0, 0, 0.03350192504691, 0.005724333022863, -0.04299287439228, 0.03350192142052, 0.05078919723835, 0.03350192142052, 46.35310333083, 46.36464691435, 46.35285787821, 46.36458535836, 114.4312570441, -0.20070625367, 0.2022452104836, 0, 1, 49.99871811907, 50, 49.99907740523, 0.001710223296659, 0, 0, 0, 0, 0, 0, 0, 0, 114.4316627789, 111.4828275705, 114.4311800628, 111.4822806746, 114.4312570441, 111.4825540425, 114.4316638977, 111.4828274903, 0, 114.43118118, 111.4822805946, -0.01765724682398, 0, -0.218343503429, -0.01989512465033, 0.1845643723457, -0.01989512465033, 0.7703497874269, 0.7717675706555, -0.8041109866184, -0.8032326036369, -0.01687088878649, -0.01596296997979, 0.7706433615424, 0.7715368479232, 0, -0.8044577859203, -0.8034627878828, -0, 5.551115123126e-17, 5.551115123126e-17, -5.551115123126e-17, 0.002696494669705, 0.3941269942481, 0.3912433632824, 0.394587460304, 0, 0.3912295390846, 0.3936665281921
8.275, 0.195595550918, -0.2680199278198, -0.2074586661335, -0.2677109398135, -0.03137796982352, 0.006517389430552, -0.003482452721412, 0.02103845100013, 0, 0, 1000, 0, -1000, 7518.856495633, 3561.266858589, 7528.015313497, 3603.123538997, 25.22735504462, 43.49501135688, 25.10020111683, 35.33820271268, -240.3975675399, 66.4779586484, 244.9993735453, 51.56085838353, 5397.745133487, 4182.084711954, 5408.74773222, 3722.3946923, 3, 0.5910907947067, -111.3831567589, -0.2982289535599, 98.40373501975, -1.512093344891, 9.538463799589, -1.408198953441, 10.58000127329, 0, 0, 0.02664207666955, -0, -0, -0, -0, -0, 0.02664383903899, 0.00457571826348, 0, 0, 0, 0, 0, -0.03331220880346, 0.004575718758155, -0.04333938561951, -0.03331220520164, 0.05044703339909, -0.03331220520164, 46.49375126311, 46.50534053689, 46.49350409497, 46.50525426862, 114.7784710257, -0.202265498212, 0.2006862722532, 0, 1, 49.99877094693, 50, 49.99911860888, 0.001701422786729, 0, 0, 0, 0, 0, 0, 0, 0, 114.778880602, 111.8299713879, 114.7783899969, 111.829564436, 114.7784710257, 111.8297679711, 114.7788817389, 111.829971447, 0, 114.7783910959, 111.8295644953, -0.01785084177386, 0, -0.2200961966699, -0.0148042040581, 0.1828120082916, -0.0148042040581, 0.7702323090443, 0.7711117444032, -0.8042284434411, -0.8038884692248, -0.01699315238087, -0.0161592139665, 0.7705282523152, 0.771340626645, 0, -0.8045729028092, -0.803659054578, -0, 5.551115123126e-17, -0, -0, 0.002696553391762, 0.3941269459312, 0.3912474077256, 0.3936690874233, 0, 0.3912254504837, 0.3945848044392
8.3, 0.2079992639761, 0.2764506818284, -0.1950556568753, 0.2767825810641, 0.02807391304429, -0.006403810243867, 0.003286899900602, 0.02083264437535, 0, 0, -1000, 0, 1000, 7517.014005558, 3596.811718088, 7529.85487256, 3568.181074806, 25.22338121449, 34.2128004607, 25.19465598594, 44.88872736343, -245.5338010273, -50.33139071915, 239.8639392509, -64.47841209961, 5400.061304593, 3741.947615948, 5406.536875654, 4157.017158897, 3, -0.2788811367503, 102.8586319342, 0.5715615684092, -113.8005842186, -1.531489961591, 10.40027103409, -1.388964742369, 9.728924487987, 0, 0, 0.02664511604034, -0, -0, -0, -0, -0, 0.02664614174416, 0.005657191215559, 0, 0, 0, 0, 0, 0.03007871169602, 0.005657191827291, -0.04304621082479, 0.03007870844325, 0.05074338956375, 0.03007870844325, 46.63439840961, 46.64600861908, 46.63415128535, 46.64594913405, 115.1256851474, -0.2007935602808, 0.2021585819189, 0, 1, 49.99881188102, 50, 49.99910983703, 0.001507124112086, 0, 0, 0, 0, 0, 0, 0, 0, 115.1260925567, 112.1772542829, 115.1256063228, 112.1767114203, 115.1256851474, 112.1769827803, 115.1260936779, 112.1772542115, 0, 115.1256074376, 112.1767113491, -0.01778061517089, 0, -0.2185541630151, -0.01974839788587, 0.1843544074467, -0.01974839788587, 0.7701364465846, 0.7715326086522, -0.8043242868783, -0.8034675148243, -0.017084307941, -0.01617436178972, 0.7704303844739, 0.7713254829166, 0, -0.8046707736776, -0.803674206496, -0, -0, -0, -5.551115123126e-17, 0.002696530088642, 0.3941324508936, 0.3912427953494, 0.3945458667161, 0, 0.3912298527918, 0.3937190350712
8.325, 0.1954446079893, -0.280553091677, -0.2076040526326, -0.2802136356365, -0.03274393567923, 0.006069477873161, -0.003322130223942, 0.02032198486448, 0, 0, 1000, 0, -1000, 7518.866097053, 3563.782566052, 7528.018162032, 3601.400331711, 25.22371489793, 45.64131698868, 25.17444972801, 33.39555297736, -240.4565224264, 61.609234091, 244.943327302, 48.11267430421, 5397.453492035, 4150.961055416, 5409.154980439, 3745.772360249, 3, 0.6004592495138, -115.318015653, -0.318980804554, 104.8051250161, -1.512124215763, 9.599281158427, -1.408299832763, 10.53357960481, 0, 0, 0.02665337377136, -0, -0, -0, -0, -0, 0.02665476724932, 0.004624220704521, 0, 0, 0, 0, 0, -0.0293626795919, 0.004624221204863, -0.04330298986683, -0.02936267641451, 0.05048673713997, -0.02936267641451, 46.77504635572, 46.78670555114, 46.774797986, 46.78661547815, 115.4728996287, -0.2021275383605, 0.2008244361946, 0, 1, 49.99886237131, 50, 49.99914261297, 0.001344760666503, 0, 0, 0, 0, 0, 0, 0, 0, 115.4733104753, 112.524406518, 115.4728174825, 112.5239883628, 115.4728996287, 112.524197494, 115.4733116109, 112.5244065716, 0, 115.4728185827, 112.5239884164, -0.0179444772373, 0, -0.2200518805471, -0.01521176412967, 0.182856508543, -0.01521176412967, 0.7700197630652, 0.7709364502469, -0.8044409710197, -0.8040637010659, -0.01720561912628, -0.01636164108087, 0.7703154582475, 0.7711382277536, 0, -0.8047857007748, -0.8038615099153, -5.551115123126e-17, -0, -0, -5.551115123126e-17, 0.002696504146101, 0.3941346759176, 0.3912479888724, 0.3937311015731, 0, 0.3912246389938, 0.3945382502622
8.35, 0.2080012937509, 0.2883487958843, -0.1950400064579, 0.2887108267283, 0.02957110192906, -0.005924311931544, 0.003103229455829, 0.01994027373392, 0, 0, -1000, 0, 1000, 7517.079688535, 3594.728123705, 7529.804207761, 3570.355004356, 25.27395869927, 32.05454170802, 25.17251770981, 46.82562053494, -245.4151462776, -46.66552816061, 239.9794034588, -59.35214984658, 5400.587549577, 3769.320154281, 5405.988502484, 4129.094405015, 3, -0.2952791732129, 108.9843041101, 0.5598331173611, -117.6647332876, -1.530931292502, 10.34782997704, -1.389625075844, 9.783266425531, 0, 0, 0.02663615510059, -0, -0, -0, -0, -0, 0.02663690274841, 0.005534562002346, 0, 0, 0, 0, 0, 0.02607164605001, 0.005534562600415, -0.04314208443474, 0.02607164323253, 0.05064970646388, 0.02607164323253, 46.91569409473, 46.92737074899, 46.91544528866, 46.92731352891, 115.8201148403, -0.2009278564582, 0.2020245403597, 0, 1, 49.99890543365, 50, 49.99913467761, 0.001063781658879, 0, 0, 0, 0, 0, 0, 0, 0, 115.8205239511, 112.8716813295, 115.8200341923, 112.8711437264, 115.8201148403, 112.8714124667, 115.8205250761, 112.8716812682, 0, 115.8200353036, 112.8711436652, -0.01790192095373, 0, -0.2188097274587, -0.0195570694958, 0.1840991111804, -0.0195570694958, 0.7699213099871, 0.7712912960878, -0.8045394110965, -0.8037087752188, -0.01729960132938, -0.01638808428312, 0.7702159017479, 0.7711117883122, 0, -0.8048852591781, -0.8038879568784, -0, 5.551115123126e-17, -0, -0, 0.002696602896245, 0.3941330124236, 0.3912417465606, 0.3944913532737, 0, 0.3912309457343, 0.3937746715736
8.375, 0.1955090719003, -0.2916850067609, -0.207526406561, -0.291317104083, -0.03414898615072, 0.005636018259431, -0.003160159891472, 0.01960028271709, 0, 0, 1000, 0, -1000, 7518.899688874, 3565.630949778, 7527.982574971, 3599.345562591, 25.20746230388, 47.30844395912, 25.24073826303, 31.40416133509, -240.5374712688, 56.9560390116, 244.8537492502, 44.77697846236, 5397.186671741, 4127.905500402, 5409.360761211, 3772.429815755, 3, 0.6065965089747, -118.8126416974, -0.3530784800619, 110.6701071054, -1.511901044231, 9.646831149044, -1.408801972329, 10.48231969042, 0, 0, 0.02661604042062, -0, -0, -0, -0, -0, 0.02661713364102, 0.004632358144389, 0, 0, 0, 0, 0, -0.02576014326846, 0.004632358644209, -0.04329947074544, -0.02576014048878, 0.05049601337674, -0.02576014048878, 47.0563421729, 47.06807061103, 47.05609258785, 47.06797727881, 116.1673304544, -0.2020314565479, 0.2009212630047, 0, 1, 49.99895521834, 50, 49.99917125334, 0.001010427019665, 0, 0, 0, 0, 0, 0, 0, 0, 116.167742268, 113.2188420662, 116.1672468328, 113.2184133936, 116.1673304544, 113.2186277781, 116.1677434035, 113.2188421144, 0, 116.1672479332, 113.2184134418, -0.01803782538923, 0, -0.2200491766483, -0.01559436781082, 0.1828600157704, -0.01559436781082, 0.7698056226921, 0.7707569571743, -0.8046550815104, -0.804243143674, -0.01741971936693, -0.0165658921906, 0.7701012942458, 0.7709339990487, 0, -0.8049998742434, -0.8040657834299, -0, -0, 5.551115123126e-17, -0, 0.002696704288291, 0.3941311002886, 0.391248520405, 0.3937770408775, 0, 0.3912242290163, 0.3944851596997
8.4, 0.2080132217622, 0.2989320591923, -0.1950222229965, 0.2993218874088, 0.03095557393658, -0.005536320592904, 0.002932507014742, 0.01926140109868, 0, 0, -1000, 0, 1000, 7517.152711948, 3592.952271919, 7529.725609768, 3572.094068212, 25.34615297787, 30.30000000933, 25.16963469993, 48.34058906293, -245.3808789095, -43.61752673617, 240.011281775, -55.1625180654, 5400.816754565, 3793.041540392, 5405.824420207, 4106.668065865, 3, -0.3247432526343, 114.5643466034, 0.5757708044786, -120.9285859071, -1.530293783369, 10.30231486776, -1.390577698307, 9.827301580873, 0, 0, 0.02662386779292, -0, -0, -0, -0, -0, 0.02662441616141, 0.005447952548098, 0, 0, 0, 0, 0, 0.0227274739146, 0.005447953136264, -0.04320731544836, 0.02272747146081, 0.0505915716817, 0.02272747146081, 47.19699036875, 47.20873354311, 47.19673994774, 47.20867810224, 116.5145461185, -0.2010144245123, 0.2019387337608, 0, 1, 49.99899652942, 50, 49.99917267192, 0.0009011317442792, 0, 0, 0, 0, 0, 0, 0, 0, 116.5149568383, 113.5661103902, 116.5144636929, 113.5655767388, 116.5145461185, 113.5658435116, 116.5149579661, 113.5661103372, 0, 116.5144648017, 113.5655766859, -0.01802034109336, 0, -0.2190146948117, -0.01941331527375, 0.1838949220215, -0.01941331527375, 0.7697054525681, 0.7710543584209, -0.8047552306094, -0.8039456750819, -0.01751557636943, -0.01660199825171, 0.7700004894044, 0.7708978945893, 0, -0.8051006820258, -0.8041018910928, -0, -0, -0, -0, 0.002696695498936, 0.3941317323328, 0.3912412896414, 0.3944441093256, 0, 0.391231272942, 0.3938193553399
8.425, 0.1953673926814, -0.302125693333, -0.2076666316035, -0.3017301617211, -0.03530406094573, 0.005191288709663, -0.002877413111788, 0.0190812680355, 0, 0, 1000, 0, -1000, 7518.938378931, 3567.997621143, 7527.952540262, 3597.59655563, 25.24842526022, 48.99954304681, 25.29867846215, 29.56758404086, -240.5686175485, 52.17848721091, 244.8252360319, 41.24255350345, 5397.083385742, 4098.434474571, 5409.613884653, 3795.377958484, 3, 0.6148991605405, -121.9055397004, -0.3645609236826, 116.2454233793, -1.51162355705, 9.704215329219, -1.409244892725, 10.43528383536, 0, 0, 0.02664324158943, -0, -0, -0, -0, -0, 0.02664405711823, 0.004632520102503, 0, 0, 0, 0, 0, -0.0219615004779, 0.004632520603363, -0.04330624353693, -0.02196149810332, 0.05049341445159, -0.02196149810332, 47.33763838436, 47.34943634049, 47.33738769149, 47.3493397103, 116.8617619478, -0.2018396580149, 0.2011133308127, 0, 1, 49.99903969836, 50, 49.99919661933, 0.0008016552451866, 0, 0, 0, 0, 0, 0, 0, 0, 116.8621750299, 113.9132797176, 116.8616774264, 113.9128402223, 116.8617619478, 113.9130600121, 116.8621761651, 113.9132797597, 0, 116.8616785274, 113.9128402645, -0.01812589320571, 0, -0.2199454222595, -0.01598807961508, 0.1829639930756, -0.01598807961508, 0.7695902142137, 0.7705776461086, -0.8048704670225, -0.8044224082709, -0.01763507233524, -0.01677130795691, 0.7698859321731, 0.7707286035339, 0, -0.8052152415634, -0.8042712194478, -5.551115123126e-17, -0, -0, -5.551115123126e-17, 0.002696637825387, 0.3941376080657, 0.391248726119, 0.3938357589682, 0, 0.3912237248022, 0.3944394571631
8.45, 0.2081524504278, 0.3088245926609, -0.1948742022243, 0.3092415245224, 0.03218739536944, -0.004990659065427, 0.002533522293694, 0.0185858623983, 0, 0, -1000, 0, 1000, 7517.244539093, 3590.861190659, 7529.65347684, 3574.72690569, 25.35221970933, 28.07861613527, 25.22035054979, 50.02984757847, -245.30420131, -39.28018571383, 240.0876527718, -49.38195087194, 5401.328230977, 3820.500045987, 5405.368853475, 4072.920816753, 3, -0.3246559756391, 119.8242811894, 0.5576861767114, -124.0194764206, -1.52945784667, 10.24805158575, -1.391461348556, 9.891298323502, 0, 0, 0.02665185629613, -0, -0, -0, -0, -0, 0.02665218776794, 0.005314511054513, 0, 0, 0, 0, 0, 0.01829209624959, 0.00531451162948, -0.04330145820916, 0.01829209427055, 0.05049880928496, 0.01829209427055, 47.47828715425, 47.49009680936, 47.4780350089, 47.49004364552, 117.2089783355, -0.2012895362704, 0.2016636792976, 0, 1, 49.99907986781, 50, 49.99919199222, 0.0005094800639586, 0, 0, 0, 0, 0, 0, 0, 0, 117.209391067, 114.2605401284, 117.2088942784, 114.2600127369, 117.2089783355, 114.2602763905, 117.2093921993, 114.2605400863, 0, 117.2088953827, 114.2600126948, -0.01813883921247, 0, -0.2194082402122, -0.01918559358364, 0.183501387469, -0.01918559358364, 0.7694879574904, 0.7708070084502, -0.804972716992, -0.8041929835169, -0.01773330002675, -0.01681881895552, 0.7697836363932, 0.7706810967619, 0, -0.8053175358121, -0.804318734673, -0, -0, 5.551115123126e-17, -0, 0.002696663715737, 0.3941380069428, 0.3912402702791, 0.3943894220404, 0, 0.3912321810039, 0.3938865918453
8.475, 0.195439730987, -0.3116909865577, -0.207578114155, -0.3112689225963, -0.03659062896724, 0.004663400630466, -0.002558662076701, 0.01819296156517, 0, 0, 1000, 0, -1000, 7518.97421119, 3570.082470948, 7527.923082606, 3595.205506736, 25.25530640537, 50.30994954323, 25.29850052192, 27.29198508037, -240.7019993871, 46.67847058128, 244.6838186883, 37.08111364439, 5396.634750543, 4071.64422584, 5409.979603466, 3825.41627517, 3, 0.5865107986583, -125.0863582518, -0.3696901266217, 121.2779557715, -1.511372107994, 9.757625576659, -1.409679998273, 10.37643787996, 0, 0, 0.02662998122743, -0, -0, -0, -0, -0, 0.02663054208722, 0.004667162636169, 0, 0, 0, 0, 0, -0.01784332313838, 0.004667163140272, -0.04328517431933, -0.01784332121103, 0.05051825487095, -0.01784332121103, 47.6189352164, 47.63080243862, 47.61868345376, 47.63070265417, 117.5561954531, -0.2016288111893, 0.2013247669673, 0, 1, 49.99912687721, 50, 49.99922451711, 0.0003857988103922, 0, 0, 0, 0, 0, 0, 0, 0, 117.5566095035, 114.6077183894, 117.5561097812, 114.6072674634, 117.5561954531, 114.6074929615, 117.5566106375, 114.6077184245, 0, 117.5561108835, 114.6072674985, -0.01821311003021, 0, -0.2198218119465, -0.01640391064833, 0.1830882126665, -0.01640391064833, 0.7693740466398, 0.7703999298803, -0.8050866149234, -0.8046000819451, -0.0178511395232, -0.01697733284974, 0.7696696214051, 0.770522596687, 0, -0.8054315584326, -0.8044772623865, -0, -5.551115123126e-17, -0, -0, 0.002696812184071, 0.3941343827788, 0.391249619923, 0.3938891358279, 0, 0.3912229961294, 0.3943796297297
8.5, 0.2081474477329, 0.3182165144517, -0.1948687567424, 0.3186600132898, 0.03348866609726, -0.00453009269945, 0.002211921257259, 0.01797514581488, 0, 0, -1000, 0, 1000, 7517.272836968, 3588.653819437, 7529.607730183, 3576.569113503, 25.38091068773, 26.02948389461, 25.25378473452, 51.12219522222, -245.2787304701, -35.53275220389, 240.1033781334, -44.50144786261, 5401.411847196, 3849.315859961, 5405.235193753, 4049.595189943, 3, -0.3570601451856, 124.948035913, 0.5663510389423, -126.8686276405, -1.529285544635, 10.19305398865, -1.392067201486, 9.938947322372, 0, 0, 0.02661196839035, -0, -0, -0, -0, -0, 0.02661215571941, 0.005269960381024, 0, 0, 0, 0, 0, 0.01451357911087, 0.005269960949466, -0.04333046480549, 0.01451357754535, 0.05047906102359, 0.01451357754535, 47.759584605, 47.77146060095, 47.75933081846, 47.77140921834, 117.9034128675, -0.2014635512417, 0.2014908394655, 0, 1, 49.99916348124, 50, 49.99921797146, 0.000252841019942, 0, 0, 0, 0, 0, 0, 0, 0, 117.9038270479, 114.9549712703, 117.9033268173, 114.9544489398, 117.9034128675, 114.9547100719, 117.9038281825, 114.9549712372, 0, 117.9033279195, 114.9544489067, -0.01825522477365, 0, -0.2196986574815, -0.01900148287936, 0.1832122061766, -0.01900148287936, 0.7692702025351, 0.7705641422317, -0.8051904233749, -0.8044358216864, -0.01795114958013, -0.0170356773267, 0.7695660793743, 0.7704642541018, 0, -0.8055351075889, -0.8045356087552, -0, 5.551115123126e-17, 5.551115123126e-17, -0, 0.002696930160709, 0.3941325460703, 0.3912401035632, 0.3943320274683, 0, 0.391232447377, 0.3939330646724
8.525, 0.1954187345178, -0.3205273357167, -0.2075971362937, -0.3200801789766, -0.03778751960765, 0.004224943600854, -0.002256915984799, 0.01760790402357, 0, 0, 1000, 0, -1000, 7518.925217819, 3571.982882016, 7527.961141332, 3593.314940697, 25.29885415202, 51.27051805528, 25.32163897223, 25.47696692372, -240.779295794, 42.15173917385, 244.6064400707, 33.50935808942, 5396.443312969, 4047.203904311, 5410.291867123, 3850.197824027, 3, 0.5772126743918, -127.7916493058, -0.3659691234056, 126.0636087068, -1.512009479757, 9.805125118069, -1.409405415178, 10.32781324437, 0, 0, 0.02663324761122, -0, -0, -0, -0, -0, 0.02663362664756, 0.004737406376968, 0, 0, 0, 0, 0, -0.01427637756859, 0.004737406888783, -0.04324517610978, -0.01427637602617, 0.05056663014231, -0.01427637602617, 47.90023258358, 47.91216883578, 47.89997972782, 47.9120662156, 118.2506301376, -0.2014336560308, 0.201520833418, 0, 1, 49.99920908425, 50, 49.9992627614, 0.0003011910091372, 0, 0, 0, 0, 0, 0, 0, 0, 118.2510452852, 115.3021579909, 118.2505434097, 115.301696901, 118.2506301376, 115.3019274747, 118.2510464176, 115.3021580196, 0, 118.2505445137, 115.3016969298, -0.0183014482081, 0, -0.2197150108926, -0.01677365247143, 0.1831959158242, -0.01677365247143, 0.7691568979986, 0.7702165181635, -0.805303718877, -0.8047834632356, -0.01806810877331, -0.01718526624887, 0.7694521999244, 0.7703146755583, 0, -0.805648992146, -0.804685208056, 5.551115123126e-17, -0, 5.551115123126e-17, -5.551115123126e-17, 0.002696873214074, 0.3941340497885, 0.3912500014789, 0.3939378285991, 0, 0.3912223737991, 0.394330270978
8.55, 0.2084077814148, 0.3252740770329, -0.1946085277404, 0.3257382282105, 0.03428391281542, -0.004016124713314, 0.001685898069333, 0.01787080205161, 0, 0, -1000, 0, 1000, 7517.25019146, 3586.66172527, 7529.642599621, 3579.138575038, 25.34279906275, 24.03446561083, 25.37934085262, 51.98036938835, -245.2642943805, -31.22256028801, 240.123513707, -39.17246217446, 5401.676034207, 3874.537263305, 5405.149982351, 4017.238353439, 3, -0.3619612636957, 129.0886084536, 0.5708775111032, -128.7321386938, -1.529646443223, 10.14060785785, -1.391825799601, 10.00107951, 0, 0, 0.02665839512752, -0, -0, -0, -0, -0, 0.02665846841698, 0.005265463123039, 0, 0, 0, 0, 0, 0.01034107505574, 0.005265463692979, -0.04331920387495, 0.01034107393641, 0.05049379100497, 0.01034107393641, 48.04088248315, 48.052824999, 48.04062688195, 48.05277545741, 118.597847666, -0.2018501644472, 0.2011044181302, 0, 1, 49.99923950395, 50, 49.9992387111, 4.323522737554e-05, 0, 0, 0, 0, 0, 0, 0, 0, 118.5982640704, 115.6494038336, 118.5977600214, 115.6488874222, 118.597847666, 115.6491456046, 118.5982652073, 115.6494038102, 0, 118.5977611209, 115.6488873989, -0.01837527836393, 0, -0.2202052945131, -0.01878615389997, 0.1827056834909, -0.01878615389997, 0.769051549395, 0.7703169350454, -0.8054090559256, -0.8046830059469, -0.01816991616492, -0.01725417205485, 0.7693473489324, 0.7702457727884, 0, -0.8057538408791, -0.8047541168981, -0, 5.551115123126e-17, -0, -0, 0.002696811767783, 0.3941396593008, 0.3912395773526, 0.3942817918584, 0, 0.3912326170321, 0.3939975267432
8.575, 0.195201444522, -0.3274925053697, -0.2078035966409, -0.3270248012365, -0.03870330473897, 0.00363330345753, -0.001675942295854, 0.01726873544488, 0, 0, 1000, 0, -1000, 7518.856085581, 3574.613053131, 7528.054483734, 3590.962597428, 25.38666577564, 51.92159538077, 25.26062063251, 23.07643042623, -240.8716741844, 36.13481611456, 244.5151844822, 28.5740989277, 5395.980107363, 4012.924251075, 5410.785097043, 3880.186040798, 3, 0.5459836312067, -129.8534442522, -0.3561398471477, 130.0335452376, -1.51285661055, 9.869819831832, -1.408549519911, 10.26812133628, 0, 0, 0.02666848365618, -0, -0, -0, -0, -0, 0.02666867826742, 0.004869882654212, 0, 0, 0, 0, 0, -0.009619098186787, 0.004869883181734, -0.04316233721036, -0.0096190971448, 0.05064964429297, -0.0096190971448, 48.18153028734, 48.1935359621, 48.1812764948, 48.19343022615, 118.9450657572, -0.2010135939814, 0.2019409010844, 0, 1, 49.99928596209, 50, 49.99927977325, -0.0001033597836469, 0, 0, 0, 0, 0, 0, 0, 0, 118.9454820437, 115.9966001446, 118.9449783674, 115.9961266577, 118.9450657572, 115.996363421, 118.9454831722, 115.9966001645, 0, 118.9449794752, 115.9961266776, -0.0183882746907, 0, -0.2193817869631, -0.01722463563983, 0.1835290878014, -0.01722463563983, 0.7689389596745, 0.7700408975638, -0.8055216550642, -0.8049590534607, -0.01828574882391, -0.01739290807016, 0.7692336966323, 0.7701070452462, 0, -0.8058674942858, -0.8048928613865, -0, -0, -0, -0, 0.002696839052153, 0.3941383308082, 0.3912509246255, 0.3940061214373, 0, 0.3912213907691, 0.3942705401791
8.6, 0.2083574678068, 0.3325669485331, -0.194642287075, 0.3330532075178, 0.03534498330387, -0.003463883550282, 0.001219989391175, 0.0172222497151, 0, 0, -1000, 0, 1000, 7517.207477248, 3584.015989124, 7529.692305149, 3581.15447403, 25.31885923101, 21.63444756886, 25.3921049252, 52.27216531367, -245.1389383489, -26.57907435677, 240.2415934802, -33.66521504694, 5401.91722581, 3907.146120183, 5404.810215852, 3990.982749773, 3, -0.3660555287707, 133.1222965987, 0.540131452666, -131.1301178643, -1.53021588231, 10.07610042244, -1.391426049763, 10.05362587554, 0, 0, 0.02664817323111, -0, -0, -0, -0, -0, 0.02664818016655, 0.005257807389636, 0, 0, 0, 0, 0, 0.006075362733986, 0.005257807958311, -0.0433163233691, 0.006075362076885, 0.05050020575498, 0.006075362076885, 48.32218095782, 48.33418977695, 48.32192359941, 48.33414191394, 119.2922845647, -0.2021386117637, 0.2008165926506, 0, 1, 49.9993201546, 50, 49.99926703451, -0.000324131906662, 0, 0, 0, 0, 0, 0, 0, 0, 119.2927027381, 116.3438366457, 119.2921950101, 116.343326351, 119.2922845647, 116.3435814848, 119.292703877, 116.3438366321, 0, 119.2921961073, 116.3433263375, -0.01849540409768, 0, -0.220613876649, -0.01856363656199, 0.1822977382131, -0.01856363656199, 0.7688313304874, 0.7700674535945, -0.8056292553719, -0.8049324725928, -0.01839022409058, -0.01747430145351, 0.7691271099843, 0.770025652786, 0, -0.8059740847313, -0.804974255693, 5.551115123126e-17, -0, -0, -5.551115123126e-17, 0.002696994741802, 0.3941333355632, 0.3912390969062, 0.3942168381819, 0, 0.391233293819, 0.3940498329446
8.625, 0.1951341359826, -0.3346306564747, -0.2078624872674, -0.3341415582863, -0.03979178472095, 0.003146784438107, -0.001199605868613, 0.01700940004501, 0, 0, 1000, 0, -1000, 7518.783704699, 3576.538119995, 7528.110369834, 3588.648274521, 25.44188339848, 52.10327520033, 25.26750051628, 20.97670767152, -240.8874761624, 31.25495947398, 244.491419651, 24.33614983495, 5395.845171799, 3988.350209637, 5410.899673612, 3910.216571196, 3, 0.5433890256951, -131.8415270146, -0.3726605221037, 134.2083692327, -1.513737028049, 9.919103559671, -1.408084543403, 10.21049046522, 0, 0, 0.02663960602451, -0, -0, -0, -0, -0, 0.02663968982973, 0.004937671692284, 0, 0, 0, 0, 0, -0.005662085866081, 0.00493767222599, -0.04313126214009, -0.00566208525407, 0.05068969470177, -0.00566208525407, 48.46282870104, 48.47490314215, 48.46257383725, 48.47479467713, 119.6395034871, -0.2007474877133, 0.2022081593708, 0, 1, 49.99936111771, 50, 49.99930307561, -0.0002900257310097, 0, 0, 0, 0, 0, 0, 0, 0, 119.63992062, 116.6910425064, 119.6394148552, 116.6905579531, 119.6395034871, 116.6908002417, 119.6399217468, 116.6910425184, 0, 119.639415965, 116.6905579651, -0.01847785760908, 0, -0.2192052995679, -0.01762721274312, 0.1837067702797, -0.01762721274312, 0.7687188503268, 0.7698579020597, -0.8057417173916, -0.8051420310938, -0.01850564590885, -0.01760311550545, 0.7690133752922, 0.7698968433807, 0, -0.8060878298747, -0.8051030743916, -0, -0, 5.551115123126e-17, -0, 0.002697066932726, 0.3941328996882, 0.3912511935812, 0.3940550773395, 0, 0.3912211622872, 0.3942107220369
8.65, 0.2088575639733, 0.3377922433286, -0.1941397297822, 0.3382946679893, 0.03588607941068, -0.002907790175018, 0.0004953021191473, 0.01775381832385, 0, 0, -1000, 0, 1000, 7517.179940243, 3581.834601813, 7529.704402204, 3583.917529484, 25.32313810697, 19.49513118687, 25.4898667075, 52.18126157692, -245.0971816548, -21.62678567599, 240.2832348658, -28.23388340171, 5402.15590226, 3936.101005654, 5404.714022216, 3957.280371379, 3, -0.3678692538779, 136.8098091719, 0.5347656728169, -131.9817638516, -1.530625854274, 10.01852997787, -1.391420376755, 10.12057976999, 0, 0, 0.0266477742903, -0, -0, -0, -0, -0, 0.02664776633506, 0.005247054930932, 0, 0, 0, 0, 0, 0.001534798456682, 0.005247055498427, -0.04329813979619, 0.001534798290686, 0.05052780375071, 0.001534798290686, 48.60347999414, 48.61555512309, 48.60322062326, 48.61550896318, 119.9867224773, -0.2027102662168, 0.2002459226785, 0, 1, 49.99938671186, 50, 49.99926754822, -0.0005443235319856, 0, 0, 0, 0, 0, 0, 0, 0, 119.9871427645, 117.0382715678, 119.9866308011, 117.0377678331, 119.9867224773, 117.038019697, 119.9871439065, 117.0382715644, 0, 119.9866318946, 117.0377678297, -0.01862127488016, 0, -0.2213114107011, -0.01832499705587, 0.181601184847, -0.01832499705587, 0.7686097957247, 0.7698145532244, -0.8058507390918, -0.8051853667856, -0.01861196174154, -0.01769596466816, 0.7689054506844, 0.7698039947717, 0, -0.8061957570802, -0.8051959241081, -5.551115123126e-17, -0, -0, 5.551115123126e-17, 0.002697054927601, 0.3941380662161, 0.3912386215491, 0.3941591612019, 0, 0.3912334852735, 0.3941169712304
8.675, 0.1946498465766, -0.3392638307298, -0.2083387097613, -0.3387602106464, -0.04040993982567, 0.00251381899255, -0.0004083374167015, 0.01719842984018, 0, 0, 1000, 0, -1000, 7518.71931257, 3579.485241944, 7528.17978913, 3586.151476262, 25.51731015484, 51.66696603308, 25.19165024164, 18.41113507007, -240.990277833, 25.22476253739, 244.3934131035, 18.65372844115, 5395.435714191, 3951.112141381, 5411.426343805, 3942.713348055, 3, 0.5167683405095, -132.8899826094, -0.3632554986696, 137.323510101, -1.514532786846, 9.990808935306, -1.407476447298, 10.14659538414, 0, 0, 0.02665595820637, -0, -0, -0, -0, -0, 0.0266559630233, 0.00505839773061, 0, 0, 0, 0, 0, -0.0006086327232757, 0.005058398278038, -0.04307418621023, -0.0006086326574085, 0.05075153361216, -0.0006086326574085, 48.74412733027, 48.75627122291, 48.74387165152, 48.75615959487, 120.3339418155, -0.200110878146, 0.2028453397578, 0, 1, 49.99943141817, 50, 49.99931358121, -0.0006483531675735, 0, 0, 0, 0, 0, 0, 0, 0, 120.3343598472, 117.3854877692, 120.3338525025, 117.3849898379, 120.3339418155, 117.3852388049, 120.3343609697, 117.3854877705, 0, 120.3338536169, 117.3849898393, -0.0185675407421, 0, -0.2186583870422, -0.01811387818192, 0.1842542247997, -0.01811387818192, 0.7684978553657, 0.7696828995297, -0.8059626860698, -0.8053170218495, -0.01872624747168, -0.01781287437655, 0.7687919912079, 0.7696870862242, 0, -0.8063092198529, -0.8053128349773, -0, 5.551115123126e-17, -5.551115123126e-17, -0, 0.00269704406711, 0.3941376239923, 0.3912520095268, 0.3941292586603, 0, 0.39122011277, 0.3941459893243
8.7, 0.208970524732, 0.342270287298, -0.1940136279556, 0.3427872115873, 0.03664359867274, -0.002309565222558, -0.0001699254652432, 0.01747413064599, 0, 0, -1000, 0, 1000, 7517.165083479, 3579.003399115, 7529.729810496, 3586.171540988, 25.17225991654, 16.85929276237, 25.57686695412, 51.45266812629, -244.9499494561, -16.19947973624, 240.4311210991, -22.69732302049, 5402.518480206, 3971.040709804, 5404.324604292, 3928.11817813, 3, -0.3600668677941, 139.5920006256, 0.4990231383869, -133.4105111004, -1.53090083411, 9.949931000475, -1.39127176387, 10.17856424653, 0, 0, 0.02663733135112, -0, -0, -0, -0, -0, 0.02663736747498, 0.005206519054501, 0, 0, 0, 0, 0, -0.003110453644815, 0.005206519617171, -0.04330627904946, -0.003110453308666, 0.05052270689871, -0.003110453308666, 48.8847795125, 48.89692091747, 48.88451815413, 48.89687622795, 120.6811618174, -0.2032232881945, 0.1997334687788, 0, 1, 49.99946376882, 50, 49.9992997296, -0.0008768298345423, 0, 0, 0, 0, 0, 0, 0, 0, 120.6815841023, 117.7327064454, 120.6810679983, 117.7322094513, 120.6811618174, 117.7324579551, 120.6815852478, 117.7327064521, 0, 120.6810690879, 117.732209458, -0.01874661537687, 0, -0.2219497774034, -0.01807978661734, 0.1809634018042, -0.01807978661734, 0.7683865263153, 0.7695592492259, -0.8060739906247, -0.8054406746813, -0.01883545417827, -0.01791931621117, 0.768682236294, 0.7695806434215, 0, -0.8064189745066, -0.8054192758439, -5.551115123126e-17, -0, -0, -0, 0.00269714478652, 0.3941323112838, 0.3912378992405, 0.3940895597583, 0, 0.3912342610368, 0.3941750628093
8.725, 0.1944190890047, -0.3434782829444, -0.2085606454601, -0.3429612689651, -0.04114181337849, 0.001995775484042, 0.0002656336894476, 0.01739712386566, 0, 0, 1000, 0, -1000, 7518.695415107, 3581.55442381, 7528.201329731, 3583.597925828, 25.65282988321, 50.91669455796, 25.07711528166, 16.04750263027, -241.0102520727, 20.41880361758, 244.3697651186, 13.75356237788, 5395.397651605, 3924.971670297, 5411.447601688, 3975.149230608, 3, 0.5176354200404, -133.7858140379, -0.3833951272716, 140.2760093536, -1.514902525339, 10.04406689531, -1.407368191436, 10.08379727915, 0, 0, 0.02662391022543, -0, -0, -0, -0, -0, 0.02662390288744, 0.005081469989918, 0, 0, 0, 0, 0, 0.00363620152863, 0.005081470538521, -0.04309057423125, 0.003636201136061, 0.05074084819749, 0.003636201136061, 49.02542658165, 49.03763917758, 49.02516997368, 49.0375249146, 121.028381981, -0.199619341477, 0.2033376734683, 0, 1, 49.99950248883, 50, 49.99933462112, -0.0008440431926724, 0, 0, 0, 0, 0, 0, 0, 0, 121.0288007118, 118.0799327478, 121.0282915301, 118.0794229602, 121.028381981, 118.0796778459, 121.0288018327, 118.0799327397, 0, 121.0282926467, 118.0794229521, -0.01865912699794, 0, -0.2182584529633, -0.01854519081766, 0.1846550057063, -0.01854519081766, 0.7682744885396, 0.7694996009593, -0.8061860226835, -0.8055003197098, -0.01894936648866, -0.01802537240088, 0.7685687363537, 0.7694745847619, 0, -0.8065324834607, -0.8055253295637, -0, -0, -0, -0, 0.002697191431222, 0.3941313528906, 0.3912520852645, 0.3941813305403, 0, 0.3912200704883, 0.394081375241
8.75, 0.2097297368194, 0.3446098110141, -0.1932488837515, 0.3451345113026, 0.03688571901413, -0.001766504817438, -0.001042767435948, 0.01844577693382, 0, 0, -1000, 0, 1000, 7517.200146283, 3576.663680926, 7529.695334007, 3588.757565637, 25.14828514873, 14.44511814056, 25.65732822867, 50.43664238528, -244.8827927913, -10.96412634573, 240.5007231189, -17.84773402148, 5402.754289256, 4001.628889152, 5404.222930558, 3895.866922182, 3, -0.3658077423823, 142.0401253208, 0.4922623525516, -133.1710089116, -1.530651606209, 9.889713640608, -1.391750933355, 10.24207118897, 0, 0, 0.02663787286346, -0, -0, -0, -0, -0, 0.0266380100383, 0.005153462521752, 0, 0, 0, 0, 0, -0.007664219261543, 0.005153463078711, -0.04330393003108, -0.007664218433227, 0.05053078776241, -0.007664218433227, 49.16607953554, 49.17828715684, 49.16581596978, 49.17824383588, 121.3756020909, -0.2039688780697, 0.1989885614329, 0, 1, 49.99952908659, 50, 49.99930343742, -0.001065395594567, 0, 0, 0, 0, 0, 0, 0, 0, 121.376026663, 118.427143379, 121.375505989, 118.4266528201, 121.3756020909, 118.426898116, 121.376027813, 118.4271433954, 0, 121.3755070736, 118.4266528365, -0.01887470247204, 0, -0.2228234552453, -0.01784568638667, 0.1800904028487, -0.01784568638667, 0.7681620137605, 0.7693035114456, -0.8062984708688, -0.8056964262491, -0.01906032198104, -0.01814373574065, 0.7684577073269, 0.7693562190158, 0, -0.8066435101243, -0.8056436904971, -0, -5.551115123126e-17, 5.551115123126e-17, -5.551115123126e-17, 0.002697126117847, 0.3941339647892, 0.3912374295136, 0.3940286241856, 0, 0.3912344635254, 0.3942393053928
8.775, 0.193471497498, -0.3445002092563, -0.2094987827672, -0.3439793015197, -0.04117538182944, 0.00139260990177, 0.001272318110789, 0.01845659431606, 0, 0, 1000, 0, -1000, 7518.698177706, 3584.474255353, 7528.218656725, 3581.015267062, 25.63540783976, 49.5568914089, 25.07004763168, 12.84399719371, -241.1454514019, 15.16808728672, 244.2422335705, 7.913951145722, 5395.125353389, 3888.124982455, 5411.8703121, 4007.908050645, 3, 0.5003160844898, -133.1885049357, -0.3857842215492, 142.0695398093, -1.514991145226, 10.11523768357, -1.407303178311, 10.01791340598, 0, 0, 0.02665425614093, -0, -0, -0, -0, -0, 0.02665429905184, 0.005139924083322, 0, 0, 0, 0, 0, 0.008680281988955, 0.005139924639501, -0.04309742219044, 0.008680281049679, 0.05073532846977, 0.008680281049679, 49.30672593791, 49.31900783161, 49.30646873443, 49.31889071026, 121.7228224409, -0.1987333271612, 0.2042239055425, 0, 1, 49.99957273671, 50, 49.9993404545, -0.001171096348424, 0, 0, 0, 0, 0, 0, 0, 0, 121.7232419909, 118.774380286, 121.7227315782, 118.7738569927, 121.7228224409, 118.7741186195, 121.7232431079, 118.7743802662, 0, 121.7227326994, 118.7738569728, -0.01874923126743, 0, -0.2174625167512, -0.01903650853681, 0.1854511095816, -0.01903650853681, 0.7680501758578, 0.7693218816414, -0.8064103267424, -0.8056780495013, -0.01917324948956, -0.0182377952401, 0.7683444708574, 0.7692621522565, 0, -0.8067567490696, -0.8057377427367, -5.551115123126e-17, -5.551115123126e-17, -0, -0, 0.002697053522405, 0.3941354207427, 0.3912526276559, 0.3942547265862, 0, 0.3912192284694, 0.3940161148993
8.8, 0.2104227781879, 0.3450311868561, -0.1925394370237, 0.3455581265523, 0.03701545448327, -0.001179241792629, -0.001999674587959, 0.0191397963422, 0, 0, -1000, 0, 1000, 7517.251018263, 3573.792455296, 7529.672970742, 3591.225261768, 25.12545168491, 10.65796641251, 25.56281759759, 48.91808304905, -244.7243141681, -5.247265850604, 240.6611583808, -12.82959718036, 5403.168615292, 4036.938599171, 5403.815617481, 3863.676215362, 3, -0.3690105649253, 143.2841461948, 0.462666465946, -132.7728294563, -1.530234274544, 9.819956748197, -1.392100690564, 10.30431566587, 0, 0, 0.02665117755901, -0, -0, -0, -0, -0, 0.02665148646815, 0.005063734189285, 0, 0, 0, 0, 0, -0.01255575065541, 0.005063734737093, -0.04332313819282, -0.01255574929707, 0.05051029872688, -0.01255574929707, 49.44737995485, 49.45965394574, 49.44711416693, 49.4596117822, 122.0700433537, -0.204774625579, 0.1981828521627, 0, 1, 49.99960906054, 50, 49.99933103637, -0.001425604790738, 0, 0, 0, 0, 0, 0, 0, 0, 122.0704703131, 119.1215806138, 122.0699450441, 119.1210972088, 122.0700433537, 119.1213389378, 122.0704714683, 119.1215806403, 0, 122.0699461225, 119.1210972353, -0.0190008903376, 0, -0.2237553719467, -0.01758543854768, 0.1791585031306, -0.01758543854768, 0.7679359191679, 0.7690435217668, -0.8065245701505, -0.8059564418663, -0.01928686952182, -0.01837009054647, 0.7682317432511, 0.7691298534528, 0, -0.8068694702338, -0.8058700345457, -0, -0, -0, -0, 0.002697085369309, 0.394130852275, 0.391236604064, 0.3939582801838, 0, 0.3912352750291, 0.3943034243663
8.825, 0.1928860809089, -0.3451402379248, -0.210069441341, -0.3446165096902, -0.04131379039805, 0.0008878241826911, 0.00217248356914, 0.01922321807957, 0, 0, 1000, 0, -1000, 7518.728315165, 3586.621071026, 7528.201320982, 3578.252718456, 25.57413143196, 48.20867944947, 25.05496652215, 9.162972510894, -241.2252656764, 10.79751587235, 244.1592619904, 2.946075066796, 5395.041269028, 3860.757968693, 5411.91009175, 4041.94372423, 3, 0.4915116467085, -132.7502923978, -0.4077144211714, 143.4882764905, -1.514790615848, 10.17068531339, -1.407599751611, 9.950844671583, 0, 0, 0.02663617792497, -0, -0, -0, -0, -0, 0.02663632454212, 0.005132805153553, 0, 0, 0, 0, 0, 0.01312993112028, 0.005132805708208, -0.04315124020507, 0.01312992970143, 0.05068335793845, 0.01312992970143, 49.588025884, 49.60037645181, 49.58776792917, 49.60025698735, 122.4172646136, -0.1980231582992, 0.2049344687949, 0, 1, 49.999649861, 50, 49.99936726916, -0.00142960801098, 0, 0, 0, 0, 0, 0, 0, 0, 122.4176847886, 119.468827758, 122.4171728778, 119.468292129, 122.4172646136, 119.4685599127, 122.4176859038, 119.4688277272, 0, 122.4171740017, 119.4682920983, -0.01883935948179, 0, -0.2168424646304, -0.01948525735591, 0.1860715848527, -0.01948525735591, 0.7678239912863, 0.7691377031481, -0.8066365016521, -0.8058622471282, -0.01939911574403, -0.01845259073457, 0.7681186539257, 0.7690473430484, 0, -0.8069825690408, -0.8059525245175, -0, -0, -0, -0, 0.002697145617654, 0.3941287728256, 0.391252794878, 0.3943092367208, 0, 0.3912191495411, 0.3939483089304
8.85, 0.2110871163988, 0.3453172190697, -0.1918651450867, 0.3458457038999, 0.03706942819178, -0.0007387602473172, -0.002928631607048, 0.02015187830831, 0, 0, -1000, 0, 1000, 7517.327554968, 3571.33091932, 7529.604212153, 3593.343603874, 25.2234706226, 7.445223969872, 25.41281418108, 47.70094404219, -244.6624791061, -0.9719031336771, 240.7279798441, -8.941616949939, 5403.324207264, 4068.096708976, 5403.735626666, 3836.19272433, 3, -0.3837958390167, 144.620379417, 0.4569576891643, -132.0114415122, -1.529546101668, 9.758746214485, -1.39293630336, 10.35788342994, 0, 0, 0.02665420293636, -0, -0, -0, -0, -0, 0.02665471437415, 0.004989452969395, 0, 0, 0, 0, 0, -0.01680531288086, 0.00498945350929, -0.043336585992, -0.01680531106233, 0.05050051313187, -0.01680531106233, 49.7286807026, 49.74102103418, 49.72841286694, 49.74097989181, 122.7644857635, -0.2054029358763, 0.1975549384371, 0, 1, 49.99968079377, 50, 49.99935511945, -0.001561701954342, 0, 0, 0, 0, 0, 0, 0, 0, 122.7649148867, 119.8160195567, 122.7643853299, 119.8155419823, 122.7644857635, 119.8157808046, 122.7649160463, 119.8160195917, 0, 122.7643864036, 119.8155420174, -0.01912479297462, 0, -0.2245075765872, -0.01737332861506, 0.1784066883371, -0.01737332861506, 0.7677088113358, 0.7687877351153, -0.8067516569883, -0.8062122602275, -0.01951435578677, -0.01859666189791, 0.7680047269952, 0.7689032680252, 0, -0.8070964904071, -0.806096591821, -0, -0, -5.551115123126e-17, -0, 0.002697083764472, 0.3941271848064, 0.3912362940505, 0.3938962047519, 0, 0.3912354344322, 0.3943581648608
8.875, 0.1920686502331, -0.3421406614894, -0.2108742621812, -0.3416254091716, -0.04056050313664, 0.0004427551603951, 0.003435362508534, 0.02155700721173, 0, 0, 1000, 0, -1000, 7518.772511483, 3589.256482144, 7528.177611516, 3575.773707474, 24.77815266724, 46.66541034689, 25.75704353291, 7.033382842419, -241.366115017, 6.756079428324, 244.029561481, -1.124246126182, 5394.952023551, 3827.39226222, 5412.168184958, 4072.596134774, 3, 0.5005029674658, -130.0292601068, -0.4425112384074, 143.9711147996, -1.5144414241, 10.23503710054, -1.407962505209, 9.887668085801, 0, 0, 0.02668022609301, -0, -0, -0, -0, -0, 0.02668053961786, 0.005132896948382, 0, 0, 0, 0, 0, 0.01776911160488, 0.005132897504884, -0.043170723914, 0.01776910967833, 0.05066478080115, 0.01776910967833, 49.86932622069, 49.88174550922, 49.8690672127, 49.88162359063, 123.1117069867, -0.1977303329271, 0.2052271754349, 0, 1, 49.99971575224, 50, 49.99935367566, -0.001748130267948, 0, 0, 0, 0, 0, 0, 0, 0, 123.1121284554, 120.1632767135, 123.1116145553, 120.1627284465, 123.1117069867, 120.1630025375, 123.1121295701, 120.163276671, 0, 123.11161568, 120.162728404, -0.01892579688501, 0, -0.2166360344683, -0.01994500615664, 0.1862778238972, -0.01994500615664, 0.767596916581, 0.7689537835311, -0.8068635702351, -0.8060461967833, -0.01962604451368, -0.01866843840512, 0.7678917124047, 0.7688314760101, 0, -0.80720951032, -0.8061683528204, -5.551115123126e-17, -0, -5.551115123126e-17, -5.551115123126e-17, 0.002696984357349, 0.3941314667065, 0.3912529725575, 0.3943756936595, 0, 0.3912186355236, 0.3938872397536
8.9, 0.2123226902293, 0.3397053113268, -0.1906070730568, 0.3402174155606, 0.03611274782832, -0.0002189465305479, -0.004324944870878, 0.02268573062024, 0, 0, -1000, 0, 1000, 7517.429599259, 3568.616338856, 7529.535948444, 3596.026384712, 26.00379910165, 7.217570112381, 24.48048121667, 45.99835818899, -244.4036588447, 3.974431327003, 240.9951724347, -4.624229369944, 5403.828636931, 4101.547905299, 5403.300295933, 3801.091448703, 3, -0.4197948900436, 143.8203759258, 0.4500186622093, -128.532987522, -1.528588897431, 9.691714520805, -1.393765708391, 10.42371435949, 0, 0, 0.02670016296417, -0, -0, -0, -0, -0, 0.02670097252642, 0.004854814631397, 0, 0, 0, 0, 0, -0.02177308281927, 0.004854815158536, -0.04340145016401, -0.02177308045499, 0.05043335956274, -0.02177308045499, 50.00998167794, 50.02238861543, 50.00971183881, 50.02234850974, 123.4589285962, -0.2059423631586, 0.1970154551812, 0, 1, 49.99974932022, 50, 49.99934488779, -0.002034583637308, 0, 0, 0, 0, 0, 0, 0, 0, 123.459360092, 120.5104587776, 123.4588264121, 120.5099885722, 123.4589285962, 120.5102237196, 123.4593612566, 120.5104588223, 0, 123.4588274805, 120.5099886169, -0.01924571756062, 0, -0.2251678639518, -0.01710525953506, 0.1777462708681, -0.01710525953506, 0.7674798671373, 0.7685244435688, -0.8069806108808, -0.8064755999651, -0.01974373223995, -0.01882580454045, 0.7677762249347, 0.7686741035043, 0, -0.8073249865296, -0.8063257125852, -0, -0, -0, -0, 0.002696951154315, 0.394128816807, 0.3912352888755, 0.3938295574097, 0, 0.3912363020284, 0.3944280762044
8.925, 0.1907672225907, -0.3384800753738, -0.2121558503742, -0.3379748697809, -0.04007591269473, -0.0001045904540543, 0.004539272533605, 0.02293455758645, 0, 0, 1000, 0, -1000, 7518.837528213, 3591.460546185, 7528.132634066, 3572.855525282, 24.47206803374, 45.54405509156, 25.95307631811, 7.39554515911, -241.6014027229, 2.778696884517, 243.7917774259, -6.977617403198, 5394.727699796, 3798.907352162, 5412.320130416, 4107.506063629, 3, 0.4789957336155, -128.0623566079, -0.4631581084037, 143.4606818976, -1.513870791675, 10.29179963168, -1.40854677997, 9.817815894984, 0, 0, 0.02668128307098, -0, -0, -0, -0, -0, 0.02668182147909, 0.005121056875496, 0, 0, 0, 0, 0, 0.02236312495994, 0.005121057430758, -0.04324778942517, 0.02236312253508, 0.05058786825633, 0.02236312253508, 50.15062662541, 50.1631147308, 50.15036729231, 50.16299078628, 123.8061508668, -0.1966921576171, 0.2062660854903, 0, 1, 49.99978702678, 50, 49.9993762473, -0.002106395547058, 0, 0, 0, 0, 0, 0, 0, 0, 123.8065727577, 120.8577259414, 123.8060580194, 120.8571651477, 123.8061508668, 120.8574454898, 123.8065738694, 120.8577258866, 0, 123.8060591482, 120.857165093, -0.0190108735659, 0, -0.2156828991277, -0.02040070458839, 0.1872316922884, -0.02040070458839, 0.7673682905508, 0.7687682904494, -0.8070921953517, -0.806231729682, -0.01985421476911, -0.01888555061207, 0.7676636129803, 0.7686143394843, 0, -0.8074376099904, -0.8063854407084, 5.551115123126e-17, -0, -0, 5.551115123126e-17, 0.002697063272489, 0.3941250562184, 0.3912534190206, 0.3944324254295, 0, 0.3912183333076, 0.3938176870072
8.95, 0.2137399180985, 0.3364467142483, -0.1891745448833, 0.3369496419524, 0.03566476665949, 0.000303188571313, -0.005388122203918, 0.02441902273522, 0, 0, -1000, 0, 1000, 7517.489117118, 3565.925100158, 7529.472725943, 3598.001893602, 26.24640813875, 6.626432023135, 24.20107967994, 45.27452965922, -244.2832182037, 10.06889566226, 241.1107583633, -1.125141378501, 5403.786885038, 4135.11133672, 5403.313558039, 3775.605424225, 3, -0.4616231745167, 143.7130564684, 0.4596955578627, -126.3073280327, -1.528075280805, 9.626439855783, -1.394541377614, 10.47481581235, 0, 0, 0.02667820231957, -0, -0, -0, -0, -0, 0.0266793249887, 0.004809102781449, 0, 0, 0, 0, 0, -0.02605220047997, 0.004809103302766, -0.04336546515985, -0.02605219765561, 0.05047466178997, -0.02605219765561, 50.29128332867, 50.30375644157, 50.29101110287, 50.3037171593, 124.1533731981, -0.2069386703537, 0.1960205188407, 0, 1, 49.99981509873, 50, 49.99935754908, -0.002259694947802, 0, 0, 0, 0, 0, 0, 0, 0, 124.1538069131, 121.204899199, 124.1532684899, 121.2044350796, 124.1533731981, 121.2046671921, 124.1538080826, 121.2048992517, 0, 124.1532695524, 121.2044351324, -0.01936498793048, 0, -0.226283475062, -0.01688386064312, 0.1766320639297, -0.01688386064312, 0.767250963754, 0.7682659906423, -0.8072094859839, -0.8067341037895, -0.0199731585394, -0.01905485118934, 0.7675470758755, 0.7684450332117, 0, -0.8075541436553, -0.8065547355904, -0, -0, 5.551115123126e-17, -0, 0.002697110442814, 0.3941207592969, 0.3912353722327, 0.3937626857158, 0, 0.3912362753616, 0.3944788328779
8.975, 0.1894134413906, -0.3344270009522, -0.2135023252499, -0.333933174381, -0.03936741859725, -0.0006273218799618, 0.005638752730733, 0.0250176565089, 0, 0, 1000, 0, -1000, 7518.825391689, 3593.666189469, 7528.145892136, 3570.445379314, 24.35750623719, 45.13435883464, 26.0697647206, 6.235156420009, -241.8009367501, -0.5948759240622, 243.5963960962, -13.0491646016, 5394.628895573, 3770.685053139, 5412.557896161, 4137.510693604, 3, 0.4686052954762, -125.3801273167, -0.4706294226101, 143.1480472408, -1.514108423854, 10.34653577348, -1.40851937975, 9.757576321537, 0, 0, 0.02670064750502, -0, -0, -0, -0, -0, 0.02670144274719, 0.00515810695295, 0, 0, 0, 0, 0, 0.02658263680533, 0.005158107513041, -0.04329442718444, 0.0265826339187, 0.05054613573721, 0.0265826339187, 50.43192731399, 50.44448416434, 50.43166766719, 50.44435820352, 124.5005953677, -0.1956182426612, 0.2073413795965, 0, 1, 49.99984878744, 50, 49.99938569933, -0.00223492215939, 0, 0, 0, 0, 0, 0, 0, 0, 124.5010177722, 121.5521759068, 124.500502258, 121.5516035305, 124.5005953677, 121.5518896522, 124.50101888, 121.5521758403, 0, 124.5005033918, 121.5516034641, -0.01909564443924, 0, -0.2146937185635, -0.02082205894199, 0.1882222181955, -0.02082205894199, 0.7671389084713, 0.768578624771, -0.8073215512894, -0.8064214407367, -0.02008304804034, -0.01910426324231, 0.7674345495398, 0.7683955999992, 0, -0.8076666805406, -0.8066041264838, -0, -0, -0, -5.551115123126e-17, 0.002697030022363, 0.394123268591, 0.3912536156012, 0.3944886327354, 0, 0.3912178599223, 0.3937579044465
9, 0.2144290727107, 0.3273083586069, -0.1884719204422, 0.3277848166189, 0.03404091999517, 0.0008639787519157, -0.006854971635761, 0.02808983589095, 0, 0, -1000, 0, 1000, 7517.495138259, 3563.481244909, 7529.490904261, 3600.552747887, 26.72042028167, 5.157946445265, 23.69771547649, 44.7650325543, -244.0709358463, 16.52645172045, 241.332359397, 2.541470401825, 5404.104107055, 4164.446542522, 5403.185720043, 3742.765661094, 3, -0.5112763077022, 141.6243521972, 0.4812485839202, -121.0955374484, -1.528121944057, 9.56526615384, -1.394461948316, 10.53670625151, 0, 0, 0.0267427551541, -0, -0, -0, -0, -0, 0.02674426300053, 0.004780181569991, 0, 0, 0, 0, 0, -0.03055781337948, 0.004780182090683, -0.04335916946792, -0.03055781005052, 0.05048220877335, -0.03055781005052, 50.57258482657, 50.58512471512, 50.5723107582, 50.58508614159, 124.8478175534, -0.2073849334832, 0.1955751873662, 0, 1, 49.99987395047, 50, 49.99933611168, -0.002616660716521, 0, 0, 0, 0, 0, 0, 0, 0, 124.8482536469, 121.8993405052, 124.8477113301, 121.8988830096, 124.8478175534, 121.8991118185, 124.8482548191, 121.8993405662, 0, 124.8477123894, 121.8988830708, -0.01948430369168, 0, -0.2268490082512, -0.01664289494204, 0.1760673562501, -0.01664289494204, 0.7670206491417, 0.7680043692122, -0.8074397890687, -0.8069957883436, -0.02020370944362, -0.01928550954338, 0.7673167177846, 0.7682143452336, 0, -0.8077844985082, -0.8067853643204, -5.551115123126e-17, -0, -0, -0, 0.002696905589159, 0.3941242345804, 0.391234740349, 0.3937042337622, 0, 0.3912365299734, 0.3945442353986
9.025, 0.1891150604171, -0.3239930372819, -0.213775151509, -0.3235289933902, -0.03769319740766, -0.001220841093508, 0.007135324152642, 0.02863391590235, 0, 0, 1000, 0, -1000, 7518.797994385, 3596.028869979, 7528.211983277, 3567.759047248, 22.90304678674, 44.75174880769, 27.31677656362, 4.504682669725, -242.1123391904, -4.47382191373, 243.2891005458, -19.73093363047, 5394.255006659, 3739.164417011, 5412.958555059, 4169.384192022, 3, 0.4676719739689, -119.9450865113, -0.52181522079, 140.3422039896, -1.514504229089, 10.40536831843, -1.407936214624, 9.692618081413, 0, 0, 0.02675534171641, -0, -0, -0, -0, -0, 0.02675647042614, 0.005248943208712, 0, 0, 0, 0, 0, 0.03117659852805, 0.005248943781004, -0.0432061760105, 0.03117659512858, 0.05063144438254, 0.03117659512858, 50.71322882581, 50.72585389941, 50.71296765397, 50.72572616299, 125.1950402708, -0.1959488124041, 0.2070107808551, 0, 1, 49.99991257439, 50, 49.99936890876, -0.002752989055685, 0, 0, 0, 0, 0, 0, 0, 0, 125.1954644581, 122.246626875, 125.1949461158, 122.2460421804, 125.1950402708, 122.2463344481, 125.1954655658, 122.2466267953, 0, 125.1949472489, 122.2460421009, -0.01918132756518, 0, -0.2151099711793, -0.02127017646999, 0.1878058485595, -0.02127017646999, 0.7669093569539, 0.7683909248478, -0.8075511149372, -0.8066091997874, -0.02031258811172, -0.01932359323937, 0.7672043959426, 0.7681762359136, 0, -0.807896825979, -0.8068234223924, -0, -0, -0, -5.551115123126e-17, 0.002696909861377, 0.3941229012064, 0.3912543608545, 0.394551406895, 0, 0.391217061283, 0.3936943955178
9.05, 0.214406190713, 0.3182160943708, -0.1884640514558, 0.3186670053159, 0.03262849183296, 0.001413193548643, -0.008198128864164, 0.03125989474888, 0, 0, -1000, 0, 1000, 7517.480822374, 3560.626410674, 7529.527583444, 3602.381884887, 28.7192413, 3.269291281446, 21.34701051989, 44.58072998855, -243.7866876877, 22.66730480021, 241.609228387, 6.189939031781, 5404.158254671, 4197.999242951, 5403.031220953, 3718.266169198, 3, -0.5870463723185, 139.2077455939, 0.4925416438947, -116.3635631735, -1.52837954869, 9.497699327233, -1.394186289284, 10.58498940928, 0, 0, 0.02675280640659, -0, -0, -0, -0, -0, 0.02675472641046, 0.004787598213619, 0, 0, 0, 0, 0, -0.03476466204072, 0.004787598735512, -0.04341476175606, -0.0347646582505, 0.05042575491448, -0.0347646582505, 50.85388614411, 50.86649328131, 50.85361145268, 50.86645538096, 125.5422634331, -0.2062689044418, 0.1966940211482, 0, 1, 49.99994113029, 50, 49.999331916, -0.003082995765213, 0, 0, 0, 0, 0, 0, 0, 0, 125.5427004348, 122.5937822717, 125.5421564433, 122.5933308387, 125.5422634331, 122.5935566238, 125.5427016034, 122.5937823402, 0, 125.5421575074, 122.5933309074, -0.01960288144041, 0, -0.2258515233238, -0.01642234897174, 0.1770676300087, -0.01642234897174, 0.7667887152142, 0.7677440376379, -0.8076717275901, -0.8072561875884, -0.02043524535212, -0.01951694250323, 0.7670851633956, 0.7679828801879, 0, -0.8080160517962, -0.8070167651943, -0, -0, -5.551115123126e-17, -5.551115123126e-17, 0.002696996480849, 0.3941152009461, 0.3912346321978, 0.3936373792475, 0, 0.3912368380799, 0.3945930226448
9.075, 0.1889697219544, -0.3153065981394, -0.2138963201677, -0.3148667498872, -0.03631663866745, -0.001726521395462, 0.00846525538984, 0.03216623478484, 0, 0, 1000, 0, -1000, 7518.72189863, 3597.752606716, 7528.287126429, 3565.188411153, 20.61372756301, 44.83126009834, 29.33546577518, 2.73191562305, -242.3394606358, -7.911179340747, 243.0505008583, -25.35917242133, 5394.1511501, 3716.234378309, 5413.05207292, 4200.910835067, 3, 0.4894691308551, -114.9912165933, -0.5949032964594, 138.3854530934, -1.515409804657, 10.45011388621, -1.407255959771, 9.630776839438, 0, 0, 0.02675234674241, -0, -0, -0, -0, -0, 0.02675380847918, 0.005317937404119, 0, 0, 0, 0, 0, 0.03512289249418, 0.005317937983804, -0.04310060974003, 0.03512288866517, 0.05074197172578, 0.03512288866517, 50.99453105334, 51.00722378246, 50.994267766, 51.00709419622, 125.8894866621, -0.1970229462765, 0.2059368260775, 0, 1, 49.99997322957, 50, 49.99935393545, -0.003076980294581, 0, 0, 0, 0, 0, 0, 0, 0, 125.8899127946, 122.9410777523, 125.8893905251, 122.9404820551, 125.8894866621, 122.9407798123, 125.8899139056, 122.9410776608, 0, 125.8893916537, 122.9404819639, -0.01926954352213, 0, -0.2162723724261, -0.02167042912245, 0.1866436288917, -0.02167042912245, 0.7666783514766, 0.7681963620503, -0.8077820934645, -0.8068038212252, -0.02054385683974, -0.01954532564139, 0.7669726697256, 0.7679544700685, 0, -0.8081285590438, -0.8070451213513, -0, -0, -0, -0, 0.002697032794997, 0.3941143231474, 0.391254568283, 0.3945970685316, 0, 0.3912168743249, 0.3936315777633
9.1, 0.2142889959539, 0.2921930509484, -0.1885087128466, 0.2925729197028, 0.02730546000005, 0.001895468886778, -0.0108433609976, 0.04282940049928, 0, 0, -1000, 0, 1000, 7517.483898301, 3558.386534565, 7529.536476845, 3604.147170731, 29.44731773197, 2.32860578652, 19.84049598892, 41.98939243941, -243.5520612252, 27.89010179282, 241.8663137357, 9.558445767899, 5404.409007399, 4224.440808806, 5402.939579499, 3694.635225037, 3, -0.9342112162005, 132.8518353772, 0.701231580089, -100.7472296795, -1.528453553541, 9.442781992539, -1.394200380586, 10.62931092903, 0, 0, 0.02680326592563, -0, -0, -0, -0, -0, 0.02680557986396, 0.00476901194593, 0, 0, 0, 0, 0, -0.03839324946702, 0.004769012467759, -0.04351239522483, -0.03839324526527, 0.05033133197428, -0.03839324526527, 51.13518751385, 51.14786211988, 51.13491247375, 51.14782479956, 126.2367095202, -0.2048236394207, 0.1981363085499, 0, 1, 49.99999869851, 50, 49.99914558946, -0.004251844610675, 0, 0, 0, 0, 0, 0, 0, 0, 126.2371474607, 123.2882256407, 126.2366022704, 123.287778973, 126.2367095202, 123.2880023817, 126.237148625, 123.2882257155, 0, 126.2366033404, 123.287779048, -0.01972006754797, 0, -0.2245233605504, -0.01624899563851, 0.1783927313284, -0.01624899563851, 0.7665549698483, 0.7674869235521, -0.8079054538891, -0.807513366713, -0.02066848117505, -0.01974913135831, 0.766852084346, 0.767750660172, 0, -0.8082491334791, -0.8072489228887, -0, -0, -0, -0, 0.002696882230365, 0.394112385588, 0.3912341321848, 0.3935846909019, 0, 0.3912370211994, 0.394640080274
9.125, 0.1892928343214, -0.2899090359738, -0.213513458506, -0.2895372694095, -0.03147761808954, -0.002314918130052, 0.01102506268744, 0.04221682889039, 0, 0, 1000, 0, -1000, 7518.648173783, 3599.926345335, 7528.390136273, 3562.721594137, 20.24723046977, 43.42635837016, 29.09504230768, 1.482603511051, -242.6179868826, -12.18677619143, 242.7990886569, -31.62696199916, 5393.774502601, 3686.875957481, 5413.554161893, 4230.244082888, 3, 0.6410293614295, -100.8898443648, -0.8682619630792, 131.3688717223, -1.516289824323, 10.50376756736, -1.406281813371, 9.571065533685, 0, 0, 0.0268146392246, -0, -0, -0, -0, -0, 0.02681650470996, 0.00544726031651, 0, 0, 0, 0, 0, 0.03937608147264, 0.00544726091306, -0.04296467016009, 0.03937607715982, 0.05087824137715, 0.03937607715982, 51.27583327251, 51.28859403355, 51.27556808414, 51.28846278105, 126.5839329193, -0.1976789575955, 0.2052817331384, 0, 1, 50.00003105144, 50, 49.99921308428, -0.0041740932184, 0, 0, 0, 0, 0, 0, 0, 0, 126.5843612056, 123.6355297388, 126.5838354591, 123.6349223622, 126.5839329193, 123.635225946, 126.5843623169, 123.6355296342, 0, 126.5838365862, 123.6349222579, -0.01936246946831, 0, -0.2170213262442, -0.02209530583882, 0.1858954914588, -0.02209530583882, 0.7664464720103, 0.7680034912344, -0.8080139655165, -0.8069967635903, -0.02077580150067, -0.01976748819634, 0.7667398625261, 0.7677322672783, 0, -0.8083613606697, -0.807267243671, -0, -0, -0, -5.551115123126e-17, 0.002696860967994, 0.3941143292001, 0.3912553192738, 0.3946555323844, 0, 0.3912158733229, 0.3935731260157
9.15, 0.2137559201995, 0.2825228483657, -0.1890380346163, 0.2828788752616, 0.02608876678719, 0.002571348213961, -0.012175236967, 0.04491272505782, 0, 0, -1000, 0, 1000, 7517.425112573, 3555.413980208, 7529.609750027, 3606.559814859, 28.36977244011, 0.1918699485363, 21.12151874039, 44.30510770674, -243.3280892611, 35.06316671499, 242.0921925098, 14.6480224957, 5404.600383678, 4259.825113063, 5402.713785611, 3664.104951721, 3, -0.895602771826, 129.2432662842, 0.6463865723848, -97.0639766494, -1.529176921569, 9.371852688012, -1.393537884393, 10.69015355962, 0, 0, 0.02680561173659, -0, -0, -0, -0, -0, 0.02680850250719, 0.004785860682233, 0, 0, 0, 0, 0, -0.0431698580827, 0.004785861205998, -0.0434327731085, -0.04316985335717, 0.05041555512436, -0.04316985335717, 51.41649016959, 51.42923153067, 51.41621275231, 51.42919429291, 126.931156826, -0.2060152603008, 0.196947684036, 0, 1, 50.00005117236, 50, 49.99918591347, -0.004436149031625, 0, 0, 0, 0, 0, 0, 0, 0, 126.9315972848, 123.982668346, 126.9310470555, 123.9822288171, 126.931156826, 123.9824486644, 126.9315984537, 123.9826684288, 0, 126.9310481195, 123.9822289001, -0.01984609854496, 0, -0.2258410479264, -0.01598929903368, 0.1770780342132, -0.01598929903368, 0.7663211101431, 0.7672192725729, -0.8081392808652, -0.8077811131591, -0.02090277795271, -0.01998397753621, 0.7666176806436, 0.7675157682691, 0, -0.80848353598, -0.8074837233415, -0, -0, 5.551115123126e-17, -0, 0.002696946884914, 0.394107527511, 0.3912337513698, 0.3935141809052, 0, 0.3912374704822, 0.3947008741169
9.175, 0.1896921500453, -0.2801890567874, -0.2131087969682, -0.2798412282411, -0.03018732729404, -0.002925426157942, 0.01239631218807, 0.04515372690803, 0, 0, 1000, 0, -1000, 7518.627442488, 3602.054967531, 7528.405087911, 3559.96582307, 21.59175690379, 45.56286270779, 28.02942835267, -0.4808086277143, -242.7183927699, -16.97861000909, 242.6947683738, -38.11246115263, 5393.813190073, 3660.291304915, 5413.480922382, 4264.252791714, 3, 0.6252796468792, -96.4492269087, -0.8675000352224, 128.2939755066, -1.516613586354, 10.55787196093, -1.406230511911, 9.504701297129, 0, 0, 0.02678630683928, -0, -0, -0, -0, -0, 0.02678864817045, 0.005455979139759, 0, 0, 0, 0, 0, 0.04376707928115, 0.005455979736002, -0.0430361033482, 0.04376707449734, 0.05081558768321, 0.04376707449734, 51.55713517763, 51.56996408272, 51.55686946066, 51.56983148417, 127.2783809146, -0.1965451707021, 0.2064189969987, 0, 1, 50.00007482776, 50, 49.9992233388, -0.004310823614185, 0, 0, 0, 0, 0, 0, 0, 0, 127.2788094431, 124.32998242, 127.2782827905, 124.3293629223, 127.2783809146, 124.3296725527, 127.2788105508, 124.3299823014, 0, 127.2782839226, 124.3293628041, -0.01945078462191, 0, -0.2159758422205, -0.02253624997068, 0.1869444947876, -0.02253624997068, 0.7662111978394, 0.7678097958315, -0.8082491877581, -0.8071905418502, -0.02101055764194, -0.01999142325735, 0.7665050761094, 0.7675082860678, 0, -0.8085961552225, -0.8074911325825, -0, -0, -5.551115123126e-17, -0, 0.002697031450109, 0.3941069128091, 0.391255241841, 0.3947084678994, 0, 0.391216019598, 0.3935053577189
9.2, 0.2133723440874, 0.2737634960606, -0.1894249550025, 0.2740984265253, 0.02486253781733, 0.00315323748472, -0.01057246443851, 0.03097928808241, 0, 0, -1000, 0, 735.5268248281, 7517.438414984, 3553.032305862, 7529.597699269, 3608.69540308, 27.3710798047, -1.636378970495, 22.37878734541, 46.41341298227, -243.1603459552, 41.10740906302, 242.263278407, 19.20932220901, 5404.797057353, 4289.279547987, 5402.640770928, 3637.048357235, 3, -0.8583822420108, 126.487709999, 0.6065877999326, -93.06672393901, -1.529142916506, 9.312932476496, -1.393769335266, 10.74292288479, 0, 0, 0.02681900841243, -0, -0, -0, -0, -0, 0.02682244155141, 0.00475361710132, 0, 0, 0, 0, 0, -0.0472650225952, 0.004753617622077, -0.04339380061273, -0.04726501741601, 0.05046217380283, -0.04726501741601, 51.69779299408, 51.71060099865, 51.69751328476, 51.71056384917, 127.6256045986, -0.2070992224878, 0.1958667812131, 0, 1, 50.00009223819, 50, 49.999205293, -0.004408285902477, 0, 0, 0, 0, 0, 0, 0, 0, 127.6260475659, 124.6771125831, 127.6254924693, 124.6766786216, 127.6256045986, 124.6768956919, 127.6260487401, 124.6771126725, 0, 127.625493527, 124.6766787113, -0.01997053642464, 0, -0.2270494562601, -0.0157867636707, 0.1758726596533, -0.0157867636707, 0.7660854379881, 0.7669557782654, -0.8083749049926, -0.8080446978513, -0.02113891619679, -0.02021935052842, 0.7663817420527, 0.7672803516284, 0, -0.8087194785864, -0.8077190526853, 5.551115123126e-17, 5.551115123126e-17, -0, -5.551115123126e-17, 0.00269692239289, 0.3941051169942, 0.3912333597913, 0.3934554845551, 0, 0.3912376156495, 0.3947547494333
9.225, 0.1903280241457, -0.2584871400238, -0.2124308299183, -0.2581908933333, -0.02630013408982, -0.003523409683833, 0.0115963850835, 0.0360027855797, 0, 0, 727.9829128671, 0, -1000, 7518.592926231, 3603.920991166, 7528.473653394, 3557.620435667, 22.47006127955, 45.36772999658, 26.72858417404, -1.802703058412, -242.9569801325, -21.81925903199, 242.4872708179, -44.07191796016, 5393.525063817, 3634.79290495, 5413.917875884, 4291.658847735, 3, 0.7208817395409, -85.259484708, -1.048963984924, 121.6808173252, -1.517080113688, 10.60442636927, -1.40561450167, 9.448401735491, 0, 0, 0.02684796703646, -0, -0, -0, -0, -0, 0.02685076214546, 0.005548280218074, 0, 0, 0, 0, 0, 0.04760088749927, 0.005548280827198, -0.04297421488507, 0.04760088227227, 0.05087704554825, 0.04760088227227, 51.83843757913, 51.85133463677, 51.83817049375, 51.85120058121, 127.9728284187, -0.1964197469475, 0.2065459445631, 0, 1, 50.00012542174, 50, 49.99914783771, -0.004979807364418, 0, 0, 0, 0, 0, 0, 0, 0, 127.9732586282, 125.0244349248, 127.9727294266, 125.0238044439, 127.9728284187, 125.0241195533, 127.9732597342, 125.0244347935, 0, 127.9727305602, 125.0238043131, -0.01954915635965, 0, -0.2159487727371, -0.02293579763494, 0.1869729875423, -0.02293579763494, 0.7659759720624, 0.7676109431578, -0.808484409366, -0.8073894741947, -0.02124559295608, -0.02021668489009, 0.7662694281492, 0.7672829802414, 0, -0.8088317956895, -0.8077163500216, -5.551115123126e-17, -0, -0, -0, 0.00269680864357, 0.3941049917276, 0.3912558161148, 0.3947592404488, 0, 0.3912151488006, 0.3934507430064
9.25, 0.2122312186052, 0.2248057329465, -0.1904270913066, 0.2250310468365, 0.01504417294247, 0.00367119871241, -0.01443341990681, 0.05010956303013, 0, 0, -1000, 0, 709.5781523771, 7517.541860578, 3550.702289846, 7529.555469618, 3609.299484489, 25.48833709809, -1.615205275092, 22.51615778648, 40.54439653985, -242.9915911281, 45.77010941686, 242.5012508777, 23.87841677609, 5405.084683848, 4313.981846109, 5402.349002449, 3624.890106543, 3, -1.566606229552, 112.6750535991, 1.036801255674, -65.39111063754, -1.528159265201, 9.261797100764, -1.3943138051, 10.76268819823, 0, 0, 0.0268848763578, -0, -0, -0, -0, -0, 0.02688868335778, 0.004661601282519, 0, 0, 0, 0, 0, -0.04993618254016, 0.004661601795706, -0.04357142313685, -0.04993617704121, 0.05027563475786, -0.04993617704121, 51.97909482901, 51.99197104245, 51.97881519889, 51.99193374807, 128.3200524376, -0.205109121975, 0.1978561648902, 0, 1, 50.00015799719, 50, 49.99887779391, -0.006632504020062, 0, 0, 0, 0, 0, 0, 0, 0, 128.3204960383, 125.3715576428, 128.3199405637, 125.371126293, 128.3200524376, 125.371342062, 128.3204972075, 125.3715577367, 0, 128.3199416287, 125.3711263872, -0.02008317466875, 0, -0.225171861006, -0.01569175426273, 0.1777494347636, -0.01569175426273, 0.7658467743936, 0.7667021934571, -0.8086136135426, -0.8082983456611, -0.02137699435599, -0.02045460433811, 0.7661442909132, 0.7670450670354, 0, -0.8089569138574, -0.8079542757117, -0, -0, -0, -0, 0.002696707120619, 0.3940926073427, 0.3912327859099, 0.3934062612493, 0, 0.3912381979812, 0.3947789534362
9.275, 0.1912506559226, -0.2075290979365, -0.2113616594015, -0.2073390123288, -0.01595540926002, -0.003982285184889, 0.01601795870447, 0.0590026403152, 0, 0, 736.3280145728, 0, -1000, 7518.55127834, 3604.156039071, 7528.561731818, 3555.427779929, 22.59869103354, 38.54889791496, 24.82466203275, -1.512080377413, -243.0904010752, -26.30483066329, 242.4179868621, -48.00981568634, 5393.557261928, 3627.69457658, 5413.834050675, 4315.175122059, 3, 1.207923984867, -55.80730715077, -1.829338988861, 107.8364721412, -1.517618970822, 10.61638907779, -1.404790312175, 9.400340720727, 0, 0, 0.02688242667495, -0, -0, -0, -0, -0, 0.02688550394925, 0.005583341434226, 0, 0, 0, 0, 0, 0.04981942473022, 0.005583342048774, -0.04282782293627, 0.04981941924543, 0.05101759447599, 0.04981941924543, 52.11974117371, 52.13270510043, 52.11947096431, 52.13256987843, 128.6672769166, -0.1986010690939, 0.2043641335027, 0, 1, 50.00018551605, 50, 49.99877638748, -0.007298414884549, 0, 0, 0, 0, 0, 0, 0, 0, 128.6677102897, 125.7188853415, 128.6671752298, 125.7182471472, 128.6672769166, 125.7185661055, 128.6677114037, 125.7188852024, 0, 128.6671763526, 125.7182470086, -0.01965400160628, 0, -0.2182349830458, -0.023216397417, 0.1846862344786, -0.023216397417, 0.7657396887577, 0.7673973955112, -0.8087207202174, -0.8076030705815, -0.02148261596797, -0.02044550273658, 0.7660321450924, 0.7670541349183, 0, -0.8090690663966, -0.8079451403914, -0, -5.551115123126e-17, -0, -0, 0.002696717506, 0.3940886262246, 0.3912557527236, 0.3947733675449, 0, 0.3912153149297, 0.3934038849043
9.3, 0.2112782372386, 0.1773173145714, -0.1912467187765, 0.1774568239375, 0.005366407249415, 0.004117169649715, -0.0185877737142, 0.07163098871521, 0, 0, -1000, 0, 719.1928038629, 7517.696628496, 3548.809950118, 7529.445189637, 3609.576970361, 23.69809953293, -1.298758532936, 22.64385589498, 33.60047787777, -242.8989809244, 49.402153646, 242.6576317475, 28.38180294579, 5405.236139077, 4334.749973761, 5402.267243483, 3616.874597385, 3, -2.274623132027, 99.80957967296, 1.477888669129, -37.78412794092, -1.526636002619, 9.219160843609, -1.395571261178, 10.77430307413, 0, 0, 0.02694311830215, -0, -0, -0, -0, -0, 0.02694722767723, 0.004549232886751, 0, 0, 0, 0, 0, -0.0520220357037, 0.004549233389741, -0.04376367733791, -0.0520220299501, 0.05007823744322, -0.0520220299501, 52.26039684013, 52.27334103201, 52.26011734026, 52.27330361889, 129.0145008777, -0.2030724730298, 0.1998923025044, 0, 1, 50.00021509635, 50, 49.99853682728, -0.00866078393487, 0, 0, 0, 0, 0, 0, 0, 0, 129.014945009, 126.0660039372, 129.0143892601, 126.065573915, 129.0145008777, 126.0657890238, 129.0149461734, 126.0660040347, 0, 129.0143903325, 126.0655740128, -0.02019379650389, 0, -0.2232456994815, -0.01564345916905, 0.1796749923559, -0.01564345916905, 0.7656067336141, 0.7664521182533, -0.8088536800881, -0.8085484722445, -0.02161646746744, -0.02069036982331, 0.7659055627018, 0.7668092762235, 0, -0.809195632609, -0.8081900158701, -0, -0, -0, -5.551115123126e-17, 0.002696504955688, 0.3940798927715, 0.3912324832058, 0.3933648777511, 0, 0.391238362028, 0.3947949077919
9.325, 0.1920957827028, -0.1659517351953, -0.2104049969536, -0.1658308034871, -0.007607631207689, -0.004443286161035, 0.01882079750283, 0.0724246272259, 0, 0, 672.5926114482, 0, -1000, 7518.531225488, 3604.603554113, 7528.646105864, 3553.57620589, 22.68905220294, 32.38141915994, 23.23983083329, -1.405487870479, -243.288779835, -30.86122202688, 242.2835876761, -51.78881417327, 5393.444381063, 3617.300051419, 5414.104768434, 4334.088886566, 3, 1.573093205585, -32.23771128077, -2.416006106826, 96.20373923038, -1.517929700766, 10.63104358113, -1.404004214032, 9.358337369516, 0, 0, 0.02699064843132, -0, -0, -0, -0, -0, 0.02699400638263, 0.005646183271535, 0, 0, 0, 0, 0, 0.05194329774562, 0.005646183898014, -0.04267850738294, 0.05194329198076, 0.05115789457163, 0.05194329198076, 52.40104463061, 52.4140758004, 52.40077163289, 52.4139393264, 129.3617249882, -0.2003365594837, 0.2026275828092, 0, 1, 50.00024239382, 50, 49.99850941746, -0.008960099283036, 0, 0, 0, 0, 0, 0, 0, 0, 129.3621617345, 126.4133362424, 129.3616213985, 126.4126905811, 129.3617249882, 126.4130132653, 129.3621628539, 126.4133360957, 0, 129.3616225132, 126.4126904349, -0.01975965310309, 0, -0.2200761144803, -0.0234880329686, 0.1828438699028, -0.0234880329686, 0.7655024057915, 0.7671820520573, -0.8089580457759, -0.8078184628389, -0.02172046808622, -0.02067547120012, 0.765793842634, 0.7668241390096, 0, -0.809307349473, -0.8081750814099, -0, -0, -0, -0, 0.002696322972642, 0.3940801279571, 0.3912559783467, 0.3947940607664, 0, 0.3912147747973, 0.3933661951478
9.35, 0.2104704865791, 0.1640373476062, -0.1920309414248, 0.1641570243765, 0.00370481558283, 0.004579104219714, -0.01308669628632, 0.03603702182661, 0, 0, -1000, 0, 114.8652496578, 7517.875582193, 3546.859055227, 7529.342751638, 3610.121738051, 23.16991395676, -2.368055865723, 22.6047770349, 33.02546294489, -242.6964812703, 53.68487363494, 242.8891255826, 32.35637157814, 5405.577395501, 4354.927323916, 5401.963199113, 3604.867013018, 3, -2.333378465743, 94.32770550102, 1.492209779169, -32.82644275987, -1.524857292004, 9.176219739794, -1.396745366362, 10.79126427446, 0, 0, 0.02704369370624, -0, -0, -0, -0, -0, 0.02704815270415, 0.004395952529415, 0, 0, 0, 0, 0, -0.05435436930554, 0.004395953019092, -0.04388674902613, -0.05435436324887, 0.04994286766594, -0.05435436324887, 52.541699551, 52.55471151625, 52.54141891221, 52.55467379788, 129.7089492405, -0.2027384233585, 0.2002250261552, 0, 1, 50.00027375123, 50, 49.99860246232, -0.008695073632784, 0, 0, 0, 0, 0, 0, 0, 0, 129.7093953032, 126.7604504765, 129.7088370567, 126.7600223443, 129.7089492405, 126.760236512, 129.7093964696, 126.760450578, 0, 129.7088381275, 126.7600224461, -0.02030056489437, 0, -0.2230182838639, -0.01557470362452, 0.1799009233681, -0.01557470362452, 0.7653657473148, 0.7661985010841, -0.8090947277573, -0.8088021494457, -0.021857598117, -0.02092798295975, 0.7656654162498, 0.766571633586, 0, -0.8094357564478, -0.8084275995055, -0, -5.551115123126e-17, -0, -0, 0.002696165911054, 0.3940717406665, 0.3912318027695, 0.3933246689799, 0, 0.3912389685007, 0.3948188123531
9.375, 0.1928326853644, -0.1613994051313, -0.2096694273249, -0.1612845107839, -0.007878996560999, -0.004881282288687, 0.01030189855412, 0.01918433931685, 0, 0, -142.723107194, 0, -1000, 7518.554072431, 3605.048633397, 7528.680066718, 3551.442566091, 22.63405830685, 33.57048584731, 23.05569113682, -2.855151306917, -243.4572176043, -34.50951561287, 242.1237523541, -56.05457371001, 5393.433354269, 3608.033634157, 5414.017326657, 4356.340462176, 3, 1.494071900909, -32.85147536104, -2.332297871625, 92.76910856755, -1.517788709931, 10.64716127966, -1.403746082386, 9.311641032992, 0, 0, 0.02703808807456, -0, -0, -0, -0, -0, 0.02704176669706, 0.005645208299659, 0, 0, 0, 0, 0, 0.05422730032222, 0.005645208928233, -0.04269023025852, 0.05422729428255, 0.05113763793971, 0.05422729428255, 52.68234759235, 52.69544659063, 52.68207328731, 52.69530926707, 130.0561742034, -0.2002274318966, 0.2027359807744, 0, 1, 50.00029845812, 50, 49.99866744768, -0.008515953337916, 0, 0, 0, 0, 0, 0, 0, 0, 130.0566125758, 127.1077878577, 130.0560696306, 127.107134388, 130.0561742034, 127.1074609681, 130.0566136955, 127.1077877027, 0, 130.0560707449, 127.1071342336, -0.01985978209495, 0, -0.2200670750896, -0.02377208839058, 0.1828521061683, -0.02377208839058, 0.7652626113599, 0.7669664074894, -0.8091978829137, -0.8080341623575, -0.02196018211524, -0.02090684035836, 0.7655541282704, 0.7665927391557, 0, -0.8095470484548, -0.8084064198725, -0, 5.551115123126e-17, -0, -0, 0.002696221669955, 0.3940671799833, 0.3912560002528, 0.3948125051754, 0, 0.3912149491075, 0.3933218547912
9.4, 0.209909907378, 0.1603617683763, -0.1925967709443, 0.1604765359527, 0.004062570093795, 0.004960038905885, -0.004757645411528, -0.01575393988677, 0, 0, -1000, 0, -682.4420873907, 7518.026581664, 3544.887526359, 7529.225360323, 3610.366895728, 23.00898655708, -3.738767381951, 22.58425272975, 34.08995540247, -242.6154230848, 57.46987881846, 242.9770319194, 35.57104011257, 5405.463625468, 4376.808112953, 5402.025557251, 3597.861746759, 3, -2.259742521748, 91.53302393061, 1.429359060082, -33.34570955858, -1.523370255743, 9.132416607872, -1.398075693672, 10.8025301434, 0, 0, 0.02707215274037, -0, -0, -0, -0, -0, 0.02707694135727, 0.004305915922831, 0, 0, 0, 0, 0, -0.05644764408285, 0.004305916403489, -0.04393355247262, -0.05644763777953, 0.04989293156012, -0.05644763777953, 52.82300270718, 52.83608194632, 52.82272059156, 52.83604390938, 130.4033988899, -0.2028428563305, 0.2001204270401, 0, 1, 50.00032486569, 50, 49.99874752098, -0.008155565415601, 0, 0, 0, 0, 0, 0, 0, 0, 130.4038467035, 127.4548976175, 130.4032853397, 127.4544709656, 130.4033988899, 127.4546843967, 130.4038478723, 127.4548977224, 0, 130.4032864082, 127.454471071, -0.02040799408914, 0, -0.2232301024259, -0.01552085118966, 0.1796888936117, -0.01552085118966, 0.7651245071037, 0.7659460199588, -0.8093359827806, -0.8090546866118, -0.02209907415557, -0.0211661094762, 0.7654244957929, 0.7663334794509, 0, -0.8096766703845, -0.8086656984033, -0, -5.551115123126e-17, -0, -0, 0.002696138839052, 0.3940569104948, 0.3912320291581, 0.3932810678771, 0, 0.3912388445784, 0.3948327531125
9.425, 0.193424853175, -0.1583073780456, -0.209088283643, -0.158196418168, -0.008224442794672, -0.005247558520808, 0.002426715179311, -0.0296539976678, 0, 0, -893.7083810279, 0, -1000, 7518.523782224, 3605.427916879, 7528.74970439, 3549.705674005, 22.61514795475, 34.57753397262, 22.90108471243, -4.111904391523, -243.6246445627, -37.49373324631, 241.9725829332, -59.64460319994, 5393.416141406, 3599.451217565, 5414.139258026, 4374.808763508, 3, 1.413935698006, -33.49608644988, -2.228619683125, 90.34810214815, -1.51820395114, 10.6601166127, -1.403113158496, 9.272042847073, 0, 0, 0.02710947270283, -0, -0, -0, -0, -0, 0.02711343429382, 0.00569375265667, 0, 0, 0, 0, 0, 0.05618757443795, 0.005693753294002, -0.04266578487064, 0.05618756814674, 0.05115826991741, 0.05618756814674, 52.96365064007, 52.97681741592, 52.96337504189, 52.97667910141, 130.7506235064, -0.200112420018, 0.2028505943202, 0, 1, 50.00034658455, 50, 49.99881035429, -0.007878942948969, 0, 0, 0, 0, 0, 0, 0, 0, 130.751063656, 127.8022395446, 130.7505181234, 127.8015790945, 130.7506235064, 127.8019091575, 130.751064775, 127.8022393822, 0, 130.7505192382, 127.8015789327, -0.01995977665816, 0, -0.2200520161327, -0.02402602279799, 0.1828666519622, -0.02402602279799, 0.7650221507249, 0.766747075194, -0.8094383606725, -0.8082535436631, -0.02220049348634, -0.02113966981303, 0.7653135007321, 0.7663598822844, 0, -0.8097876668707, -0.8086392219104, -0, -0, -5.551115123126e-17, -0, 0.002696008770559, 0.3940573204984, 0.3912560346657, 0.3948295885991, 0, 0.3912147060907, 0.3932850523977
9.45, 0.2093371093215, 0.1559533431382, -0.193182350263, 0.1560623344008, 0.004319721715019, 0.005338222902052, -0.001586633318183, -0.03760675543106, 0, 0, -1000, 0, -1000, 7518.159965825, 3543.286907923, 7529.155895765, 3610.882179228, 22.7734907766, -4.884052267122, 22.60820942113, 35.14163453365, -242.4702316515, 61.18586447877, 243.1444768286, 38.658287785, 5405.684321184, 4392.797581674, 5401.933350384, 3586.855906014, 3, -2.159913537686, 88.20174499534, 1.357578179024, -33.86163137445, -1.522066836096, 9.096520808253, -1.39890223805, 10.81764465627, 0, 0, 0.02718444007238, -0, -0, -0, -0, -0, 0.02718954597198, 0.004205245379641, 0, 0, 0, 0, 0, -0.05840390280778, 0.004205245852963, -0.04398787307816, -0.05840389623165, 0.04982948107556, -0.05840389623165, 53.1043058215, 53.11745268144, 53.10402222001, 53.11741425902, 131.0978478498, -0.2030168920589, 0.1999452948025, 0, 1, 50.00037373666, 50, 49.9989041061, -0.007543178595885, 0, 0, 0, 0, 0, 0, 0, 0, 131.0982979677, 128.1493454653, 131.0977335195, 128.1489200912, 131.0978478498, 128.1491328867, 131.0982991394, 128.1493455735, 0, 131.0977345849, 128.1489201999, -0.020511000405, 0, -0.2235070330807, -0.01547436499979, 0.1794106872431, -0.01547436499979, 0.7648819357552, 0.7656931755284, -0.8095785982408, -0.8093075852853, -0.0223419092, -0.02140553174395, 0.7651822950152, 0.7660940304073, 0, -0.8099188527461, -0.8089050938951, -0, -0, -0, -0, 0.002695772782493, 0.3940519332396, 0.3912315892407, 0.393249202904, 0, 0.3912390286344, 0.3948546635753
9.475, 0.1940301400571, -0.1520831697865, -0.2084905996258, -0.1519802734261, -0.008290421747465, -0.005672233065271, 0.001604655333713, -0.03849395333729, 0, 0, -1000, 0, -1000, 7518.495232191, 3605.972258826, 7528.846846543, 3547.91275064, 22.69002186857, 35.72561385791, 22.58232524411, -5.328207985277, -243.8131464105, -40.98671391903, 241.7987233243, -63.7794433733, 5393.266403482, 3588.391689746, 5414.257483512, 4392.799590013, 3, 1.323690905862, -33.75450202916, -2.120125866739, 85.90511280325, -1.518598982186, 10.67693147237, -1.402190718995, 9.232859458357, 0, 0, 0.02719685584671, -0, -0, -0, -0, -0, 0.02720113167526, 0.005761896659909, 0, 0, 0, 0, 0, 0.05829275530756, 0.005761897309033, -0.04263239386265, 0.05829274873834, 0.05118071988286, 0.05829274873834, 53.24495368143, 53.25818837779, 53.24467692005, 53.25804955414, 131.4450729193, -0.1998319694881, 0.2031299182805, 0, 1, 50.00039691106, 50, 49.99897874236, -0.007365243583367, 0, 0, 0, 0, 0, 0, 0, 0, 131.445514832, 128.4966918604, 131.4449669592, 128.4960241687, 131.4450729193, 128.4963578446, 131.4455159491, 128.4966916901, 0, 131.4449680756, 128.4960239991, -0.02005915935022, 0, -0.2198708990207, -0.02428946034521, 0.1830465049527, -0.02428946034521, 0.7647806015439, 0.7665277189776, -0.8096799644044, -0.8084729546392, -0.02244182304249, -0.02137352496833, 0.7650717237608, 0.7661259966959, 0, -0.810029423676, -0.8088730466326, -0, -0, 5.551115123126e-17, 5.551115123126e-17, 0.002695776785188, 0.3940504023535, 0.391256333118, 0.3948516050267, 0, 0.391214470445, 0.3932491996802
9.5, 0.2088787521903, 0.1497213856784, -0.1936465209283, 0.1498222996323, 0.004331334976562, 0.005746961678071, -0.001955110809468, -0.03961810706658, 0, 0, -1000, 0, -1000, 7518.22944891, 3541.322068304, 7529.129072307, 3611.249892691, 22.4621074399, -6.165507788795, 22.71442275803, 36.2650026015, -242.3811491624, 65.24756724018, 243.2379094241, 42.10408519792, 5405.472813762, 4413.785175447, 5402.008068238, 3578.844922025, 3, -2.077950964333, 83.84806248934, 1.287891345416, -33.92916952709, -1.521432153088, 9.053230243748, -1.399280522916, 10.83165478886, 0, 0, 0.02721730731408, -0, -0, -0, -0, -0, 0.02722277303376, 0.004188236355821, 0, 0, 0, 0, 0, -0.06050533141539, 0.004188236828369, -0.04396697752099, -0.06050532458598, 0.04984482240535, -0.06050532458598, 53.38560924734, 53.39882362179, 53.38532402164, 53.39878458076, 131.7922980876, -0.2033381447538, 0.1996236497171, 0, 1, 50.00042131673, 50, 49.99906453887, -0.00703484468876, 0, 0, 0, 0, 0, 0, 0, 0, 131.7927501154, 128.843793338, 131.7921822928, 128.8433696493, 131.7922980876, 128.8435816056, 131.7927512888, 128.8437934497, 0, 131.792183356, 128.8433697615, -0.02061748169506, 0, -0.2239347518877, -0.01541305410135, 0.1789825249509, -0.01541305410135, 0.7646390010396, 0.7654382943191, -0.8098215603223, -0.8095625268914, -0.02258507395497, -0.02164600422008, 0.7649392179345, 0.765853528187, 0, -0.8101619194624, -0.8091455366271, -0, -0, 5.551115123126e-17, -5.551115123126e-17, 0.002695780942903, 0.3940389933396, 0.3912320106796, 0.393207380005, 0, 0.391238879703, 0.3948706066741
9.525, 0.1944348764354, -0.1469812741255, -0.2080966771448, -0.1468847794558, -0.008423317871957, -0.006043442648442, 0.001938937412927, -0.04022621345602, 0, 0, -1000, 0, -1000, 7518.403814501, 3606.283700659, 7528.9603538, 3546.153702154, 22.80125654989, 36.76797777385, 22.31906821907, -6.519398541433, -243.918237898, -44.06624771284, 241.6996630857, -67.47999323997, 5393.277814848, 3581.31174056, 5414.206696828, 4412.498666855, 3, 1.24705648937, -33.87183900438, -2.02151334284, 82.36458238993, -1.519652614743, 10.68865178551, -1.40109549959, 9.193281977428, 0, 0, 0.02722262707241, -0, -0, -0, -0, -0, 0.02722720219176, 0.005836428749157, 0, 0, 0, 0, 0, 0.06023334053795, 0.005836429407924, -0.04260536943534, 0.06023333373703, 0.05120708857325, 0.06023333373703, 53.52625692594, 53.53955928846, 53.52597903009, 53.53941979689, 132.1395233731, -0.1995272331826, 0.2034347472345, 0, 1, 50.00043935565, 50, 49.99912671101, -0.006739922006208, 0, 0, 0, 0, 0, 0, 0, 0, 132.1399665949, 129.1911442597, 132.1394164508, 129.1904697289, 132.1395233731, 129.1908068169, 132.1399677103, 129.191144082, 0, 132.1394175691, 129.1904695518, -0.02015771499095, 0, -0.219664711843, -0.02453825455118, 0.1832527430396, -0.02453825455118, 0.764537682484, 0.7663056022861, -0.8099228852953, -0.8086951235928, -0.02268446161105, -0.02160900090401, 0.7648286201475, 0.7658904917151, 0, -0.8102725246972, -0.8091084935231, -0, 5.551115123126e-17, -0, -0, 0.002695795310403, 0.3940378197036, 0.3912563105235, 0.3948656946707, 0, 0.3912145714527, 0.3932099447365
9.55, 0.2085032618541, 0.1448769111852, -0.1940388836527, 0.1449718215594, 0.004429889758033, 0.006090485600851, -0.002251041728745, -0.04134397472256, 0, 0, -1000, 0, -1000, 7518.280884755, 3539.838739743, 7529.112544836, 3611.693801986, 22.2209670903, -7.184142096649, 22.80246282243, 37.24907407177, -242.272661264, 68.67225865922, 243.3635205359, 44.90842559575, 5405.514124695, 4429.112540278, 5402.08568963, 3570.085870167, 3, -1.975245687131, 80.45335523058, 1.219831518101, -34.09440261691, -1.520985976279, 9.019282854296, -1.399549150707, 10.84502407094, 0, 0, 0.0272938760282, -0, -0, -0, -0, -0, 0.02729964903908, 0.004164002896896, 0, 0, 0, 0, 0, -0.06225079226819, 0.004164003369357, -0.04395697615657, -0.06225078520202, 0.04985205814045, -0.06225078520202, 53.66691267222, 53.68019453023, 53.66662583548, 53.68015499097, 132.486748035, -0.2036443090262, 0.1993171277592, 0, 1, 50.00046128001, 50, 49.99921166185, -0.006345682150222, 0, 0, 0, 0, 0, 0, 0, 0, 132.4872022433, 129.5382421312, 132.4866310978, 129.5378193542, 132.486748035, 129.5380308576, 132.4872034185, 129.5382422459, 0, 132.4866321587, 129.5378194693, -0.02072293358049, 0, -0.2243463142752, -0.01537988938283, 0.1785704810575, -0.01537988938283, 0.764394579132, 0.7651848864798, -0.8100659934883, -0.8098159863752, -0.02282970850219, -0.02188744097251, 0.7646947276637, 0.7656120658573, 0, -0.8104064019098, -0.8093869478023, -5.551115123126e-17, -0, -0, -0, 0.002695573945264, 0.3940324383397, 0.3912319284393, 0.3931768345916, 0, 0.3912387250358, 0.3948880420878
9.575, 0.1947146821609, -0.1396235307649, -0.2078335841908, -0.1395360066394, -0.008350857015967, -0.006447930433557, 0.002326710558879, -0.04256612566327, 0, 0, -1000, 0, -1000, 7518.303208669, 3606.941762392, 7529.119727264, 3544.713044618, 22.84974698399, 37.90130900788, 22.05221841403, -7.488046075161, -244.0999617377, -47.35327916453, 241.5396831099, -71.46172497797, 5393.091896961, 3569.145030125, 5414.459032917, 4427.330173491, 3, 1.160592547475, -33.81544724659, -1.899026668895, 77.27071929412, -1.520801902701, 10.7065060195, -1.399517683695, 9.160990236869, 0, 0, 0.02731646808639, -0, -0, -0, -0, -0, 0.02732135021904, 0.00596874980717, 0, 0, 0, 0, 0, 0.06218980969614, 0.005968750485525, -0.04253956818272, 0.06218980262566, 0.051264627602, 0.06218980262566, 53.80756006922, 53.82093045084, 53.8072811036, 53.82079055595, 132.8339731874, -0.1990533395936, 0.2039076733116, 0, 1, 50.00048321671, 50, 49.99930368499, -0.006078831563747, 0, 0, 0, 0, 0, 0, 0, 0, 132.8344181332, 129.8855973328, 132.8338658134, 129.8849159109, 132.8339731874, 129.8852564368, 132.834419245, 129.8855971473, 0, 132.8338669352, 129.8849157263, -0.02026142667299, 0, -0.219294491302, -0.02478893590629, 0.1836218467804, -0.02478893590629, 0.7642939148805, 0.7660826694966, -0.8101666926405, -0.8089181108729, -0.02292782493689, -0.02184541319564, 0.7645844034917, 0.7656540492119, 0, -0.8105167244589, -0.8093448756032, 5.551115123126e-17, -0, -0, -0, 0.002695515253729, 0.394035151151, 0.3912566812116, 0.3948899167265, 0, 0.3912140684401, 0.3931803855754
9.6, 0.2084342274583, 0.1356185082627, -0.1941212998505, 0.1357022212286, 0.004027222868495, 0.006526238714512, -0.002741929901491, -0.04389947277976, 0, 0, -1000, 0, -1000, 7518.296428772, 3538.082195, 7529.147813155, 3612.293667704, 21.99726802875, -8.174013761184, 22.8108007336, 38.4418666416, -242.1278723956, 72.96931132414, 243.5180832556, 48.51096764405, 5405.393367533, 4447.322001367, 5402.096596929, 3559.995477859, 3, -1.868943034878, 74.27421314038, 1.14197203361, -33.60585637511, -1.520915806783, 8.980647279332, -1.399273167206, 10.86318437686, 0, 0, 0.02733659489605, -0, -0, -0, -0, -0, 0.02734274359886, 0.004179263408459, 0, 0, 0, 0, 0, -0.06430158640591, 0.004179263884137, -0.04389046271272, -0.06430157908389, 0.04991133229902, -0.06430157908389, 53.94821635174, 53.96156607105, 53.9479276169, 53.96152546244, 133.1811985784, -0.2042776629285, 0.1986830806893, 0, 1, 50.00050591077, 50, 49.99939775528, -0.005755945622233, 0, 0, 0, 0, 0, 0, 0, 0, 133.1816550205, 130.2326909916, 133.1810799875, 130.2322697726, 133.1811985784, 130.2324805003, 133.1816561979, 130.2326911096, 0, 133.1810810453, 130.2322698911, -0.02083257148094, 0, -0.2250893051189, -0.01532321107205, 0.1778267306546, -0.01532321107205, 0.7641492767083, 0.7649278538207, -0.8103113311034, -0.8100730817102, -0.02307535156634, -0.02213041040111, 0.7644489712397, 0.7653690655083, 0, -0.8106521442657, -0.8096298863105, 5.551115123126e-17, -0, -5.551115123126e-17, -0, 0.002695510442258, 0.3940243360472, 0.3912321693396, 0.3931405452457, 0, 0.3912387029557, 0.3949081268487
9.625, 0.1946768594655, -0.1319856433309, -0.2078851992664, -0.1319070682596, -0.008167858424495, -0.006812001365003, 0.002789890767509, -0.04456155883607, 0, 0, -1000, 0, -1000, 7518.214589445, 3607.201838929, 7529.23350202, 3543.012669948, 22.86879509092, 38.95338331345, 21.90352978713, -8.446416962758, -244.1456044863, -50.42395301773, 241.4948636143, -75.15096683051, 5393.267348308, 3563.275359375, 5414.16371952, 4446.286305452, 3, 1.103431242621, -33.25645850319, -1.814115281344, 72.32018960514, -1.521824696167, 10.71718547867, -1.398416537834, 9.123443103426, 0, 0, 0.02732238672711, -0, -0, -0, -0, -0, 0.02732756684155, 0.006013457682575, 0, 0, 0, 0, 0, 0.06398885119108, 0.006013458366308, -0.04255745211272, 0.06398884391276, 0.05124483521128, 0.06398884391276, 54.08886339458, 54.10230139815, 54.08858344892, 54.10216116702, 133.5284243011, -0.1984988280918, 0.2044621440884, 0, 1, 50.00052066258, 50, 49.99946015312, -0.005459485465951, 0, 0, 0, 0, 0, 0, 0, 0, 133.5288702872, 130.5800502539, 133.5283159653, 130.5793621524, 133.5284243011, 130.5797060109, 133.5288713972, 130.5800500613, 0, 133.5283170894, 130.5793619606, -0.02036320555372, 0, -0.2188417456128, -0.02503193145453, 0.18407454306, -0.02503193145453, 0.7640476817777, 0.7658565723001, -0.81041293477, -0.8091442596196, -0.02317367628657, -0.02208389399419, 0.7643382922614, 0.7654155397341, 0, -0.8107628319644, -0.8095833277225, -0, -0, -5.551115123126e-17, -0, 0.002695595510217, 0.3940221032117, 0.3912563316164, 0.3949015956374, 0, 0.3912146568344, 0.393142610786
9.65, 0.2084757716729, 0.128965110296, -0.1940984948949, 0.1290412380939, 0.003880788266842, 0.006876610511252, -0.003152548377329, -0.04587643622052, 0, 0, -1000, 0, -1000, 7518.364792004, 3536.672902487, 7529.103846937, 3612.727575596, 21.85542871353, -9.072856663039, 22.82966988869, 39.47019594332, -242.0044998538, 76.45990264259, 243.6515108251, 51.35632143497, 5405.37558899, 4463.053367075, 5402.150569134, 3552.199925636, 3, -1.75063745042, 69.9007199602, 1.061761283207, -33.27533408352, -1.520290997917, 8.948102140558, -1.399827316604, 10.87642791213, 0, 0, 0.02737164986819, -0, -0, -0, -0, -0, 0.02737811511916, 0.004139994879381, 0, 0, 0, 0, 0, -0.06600650201724, 0.0041399953518, -0.04387197144086, -0.06600649448162, 0.04992888255316, -0.06600649448162, 54.2295200905, 54.24293729821, 54.22922949304, 54.24289588899, 133.8756493935, -0.2048396707841, 0.1981209610552, 0, 1, 50.00054068937, 50, 49.99955254593, -0.005006008491219, 0, 0, 0, 0, 0, 0, 0, 0, 133.876107978, 130.9271405809, 133.8755291353, 130.9267200329, 133.8756493935, 130.9269304281, 133.8761091584, 130.9271407018, 0, 133.8755301894, 130.9267201543, -0.02094227198382, 0, -0.225760995672, -0.01529880033134, 0.1771548714517, -0.01529880033134, 0.7639020184289, 0.7646721450929, -0.8105585918684, -0.8103288439115, -0.02332297305026, -0.02237443023144, 0.7642015867108, 0.7651250191205, 0, -0.810899524789, -0.8098738795834, -0, -0, 5.551115123126e-17, -0, 0.002695439163487, 0.3940164185229, 0.3912322048517, 0.3931091945817, 0, 0.391238595337, 0.3949236424641
9.675, 0.1942483914272, -0.1224808894045, -0.2083377788098, -0.1224127550308, -0.007777695070366, -0.007233028053419, 0.003321840348586, -0.04742140722543, 0, 0, -1000, 0, -1000, 7518.142829205, 3608.018549729, 7529.348485216, 3541.735165443, 22.81969733972, 40.17988349201, 21.75594912414, -9.31603074366, -244.3736596052, -53.7805226877, 241.2848155128, -79.27868485005, 5393.130381317, 3550.749720191, 5414.372222042, 4460.343030305, 3, 1.016844043217, -32.69520022523, -1.677930275736, 66.0018477721, -1.522670166823, 10.73794779108, -1.397302165143, 9.093967471061, 0, 0, 0.02738109804377, -0, -0, -0, -0, -0, 0.02738660230496, 0.006112295081666, 0, 0, 0, 0, 0, 0.06591518460061, 0.006112295779627, -0.0425467964687, 0.06591517707075, 0.05125018480478, 0.06591517707075, 54.37016652703, 54.38367271708, 54.36988585726, 54.38353226852, 134.2228748365, -0.1976106675382, 0.2053496043062, 0, 1, 50.00056087636, 50, 49.99965574693, -0.004654093810063, 0, 0, 0, 0, 0, 0, 0, 0, 134.2233220511, 131.2745042738, 134.2227660684, 131.2738091716, 134.2228748365, 131.2741565227, 134.2233231569, 131.2745040733, 0, 134.2227671974, 131.273808972, -0.02047068476232, 0, -0.2180610255351, -0.02528660275377, 0.1848544695636, -0.02528660275377, 0.7638006239342, 0.7656307286279, -0.8106600182616, -0.8093701602466, -0.02342017520343, -0.02232301174742, 0.7640911618719, 0.7651763904295, 0, -0.8110099515959, -0.8098224139243, -0, -5.551115123126e-17, 5.551115123126e-17, 5.551115123126e-17, 0.002695390054906, 0.3940205632095, 0.391256604513, 0.3949265320423, 0, 0.3912142414583, 0.3931145943766
9.7, 0.2093906394137, 0.1169350199389, -0.1932067346632, 0.116998176162, 0.00307593132379, 0.007314512679385, -0.003818378524806, -0.04909576040524, 0, 0, -1000, 0, -1000, 7518.401725549, 3535.223245833, 7529.111337092, 3613.44626684, 21.88515934046, -9.848350168198, 22.61422327176, 40.72019801397, -241.7728547666, 80.71208035797, 243.8942218859, 54.87094717272, 5405.267099516, 4478.529878309, 5402.191737875, 3541.778237057, 3, -1.631734688507, 62.15820290416, 0.9923080573618, -32.08123810992, -1.519995126788, 8.91623938791, -1.399839960907, 10.89606341069, 0, 0, 0.02739376654314, -0, -0, -0, -0, -0, 0.02740059319119, 0.004136585736559, 0, 0, 0, 0, 0, -0.06788325620664, 0.004136586209351, -0.04378777587761, -0.06788324844404, 0.0500065411024, -0.06788324844404, 54.5108241487, 54.52430939398, 54.51053112747, 54.52426639769, 134.5701004324, -0.2059232077302, 0.1970366618018, 0, 1, 50.00058191419, 50, 49.99975974971, -0.004275827994695, 0, 0, 0, 0, 0, 0, 0, 0, 134.5705615119, 131.6215906618, 134.5699779836, 131.6211711671, 134.5701004324, 131.6213810388, 134.5705626963, 131.6215907858, 0, 134.5699790323, 131.6211712917, -0.02105475166684, 0, -0.2269570357536, -0.01526048338665, 0.175958035969, -0.01526048338665, 0.7636540517654, 0.7644139505605, -0.8108065912026, -0.810587099003, -0.02357151335408, -0.02261975479007, 0.7639530452805, 0.7648796645633, 0, -0.8111480543549, -0.8101191741434, -0, -0, 5.551115123126e-17, -0, 0.002695364701964, 0.3940113687628, 0.3912324214059, 0.3930783498546, 0, 0.3912385128651, 0.3949443876709
9.725, 0.1934336360784, -0.1121687527628, -0.2091742508952, -0.1121112236196, -0.007148165828592, -0.007589538057614, 0.003947819172258, -0.0499876962227, 0, 0, -1000, 0, -1000, 7518.100478665, 3608.32890567, 7529.420667428, 3540.28631002, 22.5404419301, 41.24631294278, 21.93545393806, -10.01251306585, -244.4949884439, -56.71275096278, 241.1674793554, -82.81787162682, 5393.437708836, 3545.327924458, 5413.953992182, 4476.464639555, 3, 0.9697290922222, -31.40159671759, -1.587413590809, 59.58295366123, -1.523205919758, 10.7492229427, -1.396634819276, 9.062148011379, 0, 0, 0.02737249111999, -0, -0, -0, -0, -0, 0.02737827345157, 0.006105822948195, 0, 0, 0, 0, 0, 0.06747636166571, 0.006105823644978, -0.04262421966753, 0.0674763539622, 0.05116881315228, 0.0674763539622, 54.65146979055, 54.6650436926, 54.65118844121, 54.6649033052, 134.9173263514, -0.1967714060059, 0.2061885224595, 0, 1, 50.00059441962, 50, 49.99982700374, -0.003951200177481, 0, 0, 0, 0, 0, 0, 0, 0, 134.9177743191, 131.9689578006, 134.917216715, 131.9682563543, 134.9173263514, 131.9686068708, 134.9177754231, 131.9689575935, 0, 134.9172178467, 131.9682561481, -0.02057531815449, 0, -0.2173263667487, -0.02551738900801, 0.1855888010055, -0.02551738900801, 0.7635510865931, 0.7654000003195, -0.8109095770678, -0.8096009356982, -0.02366925794673, -0.02256448721959, 0.7638421527868, 0.7649348885731, 0, -0.8112589555309, -0.8100638630123, -0, -0, -0, -5.551115123126e-17, 0.002695434731459, 0.3940098935345, 0.3912559919139, 0.3949373198985, 0, 0.3912150750817, 0.3930824671706
9.75, 0.2101657513329, 0.1076931923242, -0.1924551977269, 0.1077471827169, 0.002531948797791, 0.007657779991491, -0.004411263426722, -0.05169491557728, 0, 0, -1000, 0, -1000, 7518.505085048, 3534.030257683, 7529.038768892, 3613.87427298, 22.15602415096, -10.47735901462, 22.25634513374, 41.76247168018, -241.5931549688, 84.07199619656, 244.0833696068, 57.60391698243, 5405.195298371, 4492.40824069, 5402.272371763, 3534.606076329, 3, -1.508367235079, 56.3348422258, 0.9185220622621, -31.03089522955, -1.519001670463, 8.888594226383, -1.400691540687, 10.90875457654, 0, 0, 0.02741055979707, -0, -0, -0, -0, -0, 0.02741768206154, 0.004078435506215, 0, 0, 0, 0, 0, -0.06940871569577, 0.004078435972933, -0.04376686858466, -0.06940870774883, 0.05002369828731, -0.06940870774883, 54.79212809895, 54.80568100445, 54.79183295894, 54.80563676083, 135.2645516698, -0.2066621248902, 0.1962974248391, 0, 1, 50.00061293002, 50, 49.99992922014, -0.003444878845256, 0, 0, 0, 0, 0, 0, 0, 0, 135.2650149494, 132.3160411265, 135.2644272515, 132.3156218189, 135.2645516698, 132.3158315998, 135.2650161377, 132.3160412533, 0, 135.2644282954, 132.3156219463, -0.0211660839113, 0, -0.2278072825784, -0.01525367629292, 0.1751074436395, -0.01525367629292, 0.7634041438667, 0.7641571887117, -0.8110565184747, -0.8108439111419, -0.02382191343104, -0.02286605960407, 0.7637029947134, 0.7646333346541, 0, -0.8113980986578, -0.8103654538623, -0, -0, -0, -0, 0.002695285022882, 0.3940046767156, 0.3912325645451, 0.3930506911961, 0, 0.3912383521377, 0.3949586622351
9.775, 0.1929520829878, -0.1014728000007, -0.2096857597396, -0.1014253128485, -0.006409733763872, -0.007951877027269, 0.004621894805828, -0.05315089496046, 0, 0, -1000, 0, -1000, 7518.100829813, 3608.962840768, 7529.470675827, 3539.227072433, 21.6680143711, 42.29637987638, 22.71668289029, -10.22431365727, -244.7407053056, -59.53775920305, 240.9373554578, -86.34052037134, 5393.483554788, 3535.495185681, 5414.006268787, 4487.575987284, 3, 0.9066339211813, -30.16604747949, -1.463656756655, 52.80963777393, -1.523292583427, 10.76548552393, -1.396199620114, 9.037244931295, 0, 0, 0.0274367214563, -0, -0, -0, -0, -0, 0.02744277811638, 0.006126095728197, 0, 0, 0, 0, 0, 0.06899410811089, 0.006126096430579, -0.04263659270283, 0.06899410019695, 0.05114893966344, 0.06899410019695, 54.93277316946, 54.94641483778, 54.9324906663, 54.9462743885, 135.6117770376, -0.1964770652139, 0.2064821310755, 0, 1, 50.00062524665, 50, 50.00001269782, -0.003081421634174, 0, 0, 0, 0, 0, 0, 0, 0, 135.6122266794, 132.6634115986, 135.6116665992, 132.6627038994, 135.6117770376, 132.6630575358, 135.6122277828, 132.6634113849, 0, 135.6116677316, 132.6627036868, -0.02068217906924, 0, -0.2171388331966, -0.02574485553882, 0.1857755010822, -0.02574485553882, 0.7633009327128, 0.765167934048, -0.8111597687831, -0.8098330488596, -0.02391919207538, -0.02280701259212, 0.7635920833333, 0.7646923369585, 0, -0.8115090114542, -0.8103063621428, -0, -0, 5.551115123126e-17, -0, 0.002695162975384, 0.3940086075906, 0.3912559005245, 0.3949568945541, 0, 0.3912149710663, 0.3930603206271
9.8, 0.2099436831116, 0.09307527344874, -0.1927083818289, 0.09311609597883, 0.001322453506454, 0.008031895980199, -0.005327514516817, -0.0557146782787, 0, 0, -1000, 0, -1000, 7518.628155581, 3533.127138585, 7528.975042668, 3614.47526682, 24.34266295449, -9.544980383908, 20.05643785764, 42.71242121763, -241.2809705584, 87.62294751415, 244.3971020902, 60.48048017442, 5405.253959486, 4501.739023851, 5402.192652545, 3525.236915639, 3, -1.400313568769, 47.309160583, 0.8778939350542, -28.81801760989, -1.517799884411, 8.868608962241, -1.401449131048, 10.92386456808, 0, 0, 0.02746234615252, -0, -0, -0, -0, -0, 0.02746973361785, 0.003999966114762, 0, 0, 0, 0, 0, -0.07076383667672, 0.003999966574231, -0.04386787428466, -0.07076382854383, 0.04991408104672, -0.07076382854383, 55.07343122314, 55.08705310229, 55.0731354462, 55.08700719724, 135.9590025037, -0.2056453546574, 0.1973134864597, 0, 1, 50.0006408832, 50, 50.00013445772, -0.002601960203037, 0, 0, 0, 0, 0, 0, 0, 0, 135.9594669067, 133.0104920073, 135.9588776607, 133.0100725778, 135.9590025037, 133.0102824221, 135.9594680929, 133.0104921366, 0, 135.9588787077, 133.0100727077, -0.02127336634691, 0, -0.2268977070486, -0.01525810974023, 0.176016230172, -0.01525810974023, 0.7631521480269, 0.7639004633559, -0.8113085563286, -0.8111006820318, -0.02407372981195, -0.02311348894965, 0.7634516884945, 0.764385882509, 0, -0.8116493881269, -0.8106128604084, -0, -0, -5.551115123126e-17, -5.551115123126e-17, 0.002695084065157, 0.3940047035412, 0.3912324471629, 0.3930320926214, 0, 0.3912385115936, 0.3949773144609
9.825, 0.193434103416, -0.08631433487196, -0.2092344127732, -0.08627957738025, -0.005010854577506, -0.008295876661837, 0.005623129894701, -0.05719419651022, 0, 0, -1000, 0, -1000, 7518.131435334, 3609.354390177, 7529.48080531, 3538.204735884, 19.25898072586, 43.16655718931, 25.17129111884, -9.147343037778, -244.9827325629, -62.2423546975, 240.679900921, -89.6244077878, 5393.679011453, 3529.826937542, 5413.663018542, 4498.327679703, 3, 0.8815155737142, -27.5584519948, -1.379118691932, 43.66307915907, -1.523060202659, 10.77720392453, -1.39618151058, 9.014862334475, 0, 0, 0.02744131753204, -0, -0, -0, -0, -0, 0.02744760021655, 0.006075504464798, 0, 0, 0, 0, 0, 0.07018400505152, 0.006075505161612, -0.04260962125816, 0.07018399699826, 0.05117131742029, 0.07018399699826, 55.21407729533, 55.22778579069, 55.21379232452, 55.22764575815, 136.3062284809, -0.1978105574145, 0.2051484011274, 0, 1, 50.00064971071, 50, 50.00020601766, -0.002298704850651, 0, 0, 0, 0, 0, 0, 0, 0, 136.3066805153, 133.3578651653, 136.3061157102, 133.3571518771, 136.3062284809, 133.3575083026, 136.3066816253, 133.3578649462, 0, 136.3061168344, 133.3571516591, -0.02078568081083, 0, -0.2185758368433, -0.02594817581224, 0.1843382541721, -0.02594817581224, 0.763049501483, 0.7649315072618, -0.8114112201212, -0.8100695128515, -0.0241711153868, -0.02305163439725, 0.7633404676075, 0.7644476940293, 0, -0.8117606162256, -0.8105509628238, -0, -5.551115123126e-17, -0, -0, 0.002695184940833, 0.3940035344646, 0.3912555113057, 0.3949681759144, 0, 0.391215654695, 0.3930388930149
9.85, 0.2096070494657, 0.0798865682413, -0.1930729192224, 0.07991703888218, 0.0001922936187736, 0.008346467716936, -0.006300458556441, -0.05962455908156, 0, 0, -1000, 0, -1000, 7518.745164427, 3532.124203249, 7528.878097697, 3614.749653924, 26.36053258094, -8.927368843998, 18.0675020203, 43.58853387799, -241.082899971, 90.6791921168, 244.5756566033, 62.97937988277, 5405.013519844, 4513.767409254, 5402.329981898, 3520.572998793, 3, -1.306112994165, 39.33866356232, 0.8416758787833, -26.53811494896, -1.516660130866, 8.845733843777, -1.402554521575, 10.93282965973, 0, 0, 0.02745309042796, -0, -0, -0, -0, -0, 0.02746072057767, 0.003948581575835, 0, 0, 0, 0, 0, -0.07197347063725, 0.003948582029096, -0.04395118074567, -0.07197346237076, 0.04983042091622, -0.07197346237076, 55.35473444122, 55.36842488344, 55.35443808643, 55.36837744562, 136.6534541479, -0.2046041151595, 0.1983547628652, 0, 1, 50.00066372684, 50, 50.00031388012, -0.001759007684692, 0, 0, 0, 0, 0, 0, 0, 0, 136.6539192398, 133.7049429692, 136.6533284873, 133.7045231444, 136.6534541479, 133.7047331887, 136.6539204234, 133.7049431008, 0, 136.6533295382, 133.7045232766, -0.02138097889875, 0, -0.2259640473268, -0.01527249046037, 0.1769499421782, -0.01527249046037, 0.7628993121697, 0.7636439275442, -0.8115613927849, -0.8113572591569, -0.02432632306479, -0.02336173636873, 0.7631994218606, 0.764137614328, 0, -0.8119016530661, -0.8108610870654, -0, -0, -0, -5.551115123126e-17, 0.002695169535351, 0.3939973580575, 0.3912329256902, 0.3930081213774, 0, 0.3912382385265, 0.3949865947376
9.875, 0.1938276763924, -0.07439377203162, -0.2088750865781, -0.07436761109622, -0.003977496583469, -0.008607151124982, 0.006535708060853, -0.06108305289627, 0, 0, -1000, 0, -1000, 7518.140070698, 3609.780078329, 7529.497316166, 3537.303682162, 17.39620455093, 44.04744389329, 27.06000412447, -8.614807278359, -245.2184452926, -64.62721879024, 240.4315205969, -92.62443714452, 5393.775848129, 3523.324248283, 5413.61606914, 4508.237238499, 3, 0.8311850256768, -25.61315913297, -1.261927356304, 36.44294469964, -1.523057358553, 10.78860061903, -1.396096243137, 8.993287275444, 0, 0, 0.02747588455322, -0, -0, -0, -0, -0, 0.02748239323956, 0.006065436816981, 0, 0, 0, 0, 0, 0.07137334450032, 0.006065437514394, -0.04257158893373, 0.07137333628981, 0.05120854150157, 0.07137333628981, 55.49538121817, 55.50915672234, 55.49509409909, 55.50901679002, 137.0006796058, -0.198751895062, 0.2042069015151, 0, 1, 50.00067051749, 50, 50.0003794634, -0.001386934651839, 0, 0, 0, 0, 0, 0, 0, 0, 137.0011339412, 134.0523186747, 137.0005650026, 134.0515999307, 137.0006796058, 134.0519590787, 137.0011350555, 134.0523184501, 0, 137.0005661211, 134.0515997072, -0.02088758133034, 0, -0.2196190676729, -0.02614664573277, 0.1832948051698, -0.02614664573277, 0.7627972247067, 0.7646940372949, -0.8116634975331, -0.8103070207254, -0.02442369958406, -0.02329729776956, 0.7630879309583, 0.7642020092233, 0, -0.8120131479062, -0.8107966047624, -0, -5.551115123126e-17, 5.551115123126e-17, -0, 0.002695091295939, 0.3940001310676, 0.3912553185971, 0.3949811193405, 0, 0.3912157479926, 0.3930191427947
9.9, 0.2089319325628, 0.06887196029939, -0.1937741424411, 0.06889504140474, -0.0003502230601128, 0.00870265336473, -0.007195342261636, -0.06421940630651, 0, 0, -1000, 0, -1000, 7518.839415707, 3531.228582009, 7528.836668297, 3615.438456459, 26.35880844995, -10.59578161205, 17.81158126303, 44.88684239291, -240.8830425476, 94.16017441263, 244.793596693, 65.78334535785, 5405.09172142, 4522.79166133, 5402.305475558, 3509.995347331, 3, -1.13507229412, 32.44338303607, 0.7278982313368, -25.26087054775, -1.515758577865, 8.824977489146, -1.403077495084, 10.94946774981, 0, 0, 0.02752763872735, -0, -0, -0, -0, -0, 0.02753555887469, 0.00388838514645, 0, 0, 0, 0, 0, -0.07339395340596, 0.003888385595228, -0.04396400453505, -0.07339394493031, 0.04980895202415, -0.07339394493031, 55.63603798755, 55.64979714526, 55.63574008672, 55.64974777668, 137.3479047572, -0.2049309540021, 0.198025330925, 0, 1, 50.00069728786, 50, 50.0005004045, -0.0009435611780591, 0, 0, 0, 0, 0, 0, 0, 0, 137.3483720136, 134.3993944367, 137.3477779644, 134.3989747478, 137.3479047572, 134.3991847267, 137.3483731997, 134.3993945708, 0, 137.3477790123, 134.3989748826, -0.02148563786329, 0, -0.226395482112, -0.01526754528974, 0.1765157966483, -0.01526754528974, 0.7626457033007, 0.7633841402007, -0.8118150463049, -0.8116170960713, -0.02458021647517, -0.02361177849524, 0.7629459004271, 0.7638875474523, 0, -0.8121551600391, -0.8111111044428, -0, -0, -0, -0, 0.002694927056374, 0.3939988928754, 0.3912327698431, 0.3929901324341, 0, 0.3912382874714, 0.3950076533167
9.925, 0.1947802751868, -0.06181090279364, -0.2079393125559, -0.06179241207956, -0.003270922276295, -0.009000219475617, 0.007598604686309, -0.06665407178825, 0, 0, -1000, 0, -1000, 7518.210248998, 3610.513123083, 7529.483954396, 3536.187580767, 18.35578672036, 45.61419432197, 25.68696836825, -11.5791502404, -245.4080379126, -67.81651465569, 240.2705914338, -96.47296967348, 5393.840770532, 3512.951640923, 5413.445358723, 4519.110510007, 3, 0.6795526241818, -24.17114015907, -1.065030872457, 28.57883806301, -1.522407921619, 10.80748482939, -1.396324273858, 8.968594910244, 0, 0, 0.0275244094232, -0, -0, -0, -0, -0, 0.02753121990026, 0.00601987660768, 0, 0, 0, 0, 0, 0.0729129605438, 0.006019877302302, -0.04268112956266, 0.07291295212635, 0.0510873768349, 0.07291295212635, 55.7766842921, 55.79052751418, 55.77639664855, 55.7903889816, 137.6951305078, -0.1975198649832, 0.2054350245387, 0, 1, 50.00071355818, 50, 50.00058450922, -0.0006746426648561, 0, 0, 0, 0, 0, 0, 0, 0, 137.6955856993, 134.746773812, 137.6950157417, 134.7460489066, 137.6951305078, 134.7464111285, 137.6955868107, 134.7467735806, 0, 137.6950168645, 134.7460486765, -0.02098409916004, 0, -0.2184834668811, -0.02637078325584, 0.1844264253619, -0.02637078325584, 0.7625426092743, 0.7644581227999, -0.811918177574, -0.8105429856863, -0.02467787133219, -0.02354382418229, 0.7628340634655, 0.7639554547539, 0, -0.8122670009198, -0.8110431031184, -0, -0, 5.551115123126e-17, 5.551115123126e-17, 0.002694986230044, 0.3939996190677, 0.3912551887131, 0.3950017685242, 0, 0.3912160887916, 0.3929974696111
9.95, 0.2080930465117, 0.05342514745161, -0.1946410271425, 0.05343949529548, -0.001814185123479, 0.009048122948974, -0.008606976247127, -0.07073847005649, 0, 0, -1000, 0, -1000, 7518.871235996, 3530.078879248, 7528.831966299, 3615.856144047, 24.95063381648, -12.1740754774, 19.00687707459, 46.22268786345, -240.8214399298, 97.62931954276, 244.8682615016, 68.66927867355, 5404.675390595, 4535.637637529, 5402.527644376, 3503.92127018, 3, -1.009715870194, 22.95335552151, 0.6617256147998, -22.76540911835, -1.515509946819, 8.799172770482, -1.403214613934, 10.96216104368, 0, 0, 0.02752105711634, -0, -0, -0, -0, -0, 0.02752927142228, 0.00391775324507, 0, 0, 0, 0, 0, -0.07476502469537, 0.003917753697022, -0.04386483328754, -0.07476501606533, 0.04990279564643, -0.07476501606533, 55.91734191902, 55.93116965229, 55.91704195638, 55.93111784508, 138.0423563354, -0.2059566952016, 0.1969966668541, 0, 1, 50.00073443254, 50, 50.0007191913, -8.842349523169e-05, 0, 0, 0, 0, 0, 0, 0, 0, 138.0428257254, 135.0938462107, 138.0422273541, 135.0934266711, 138.0423563354, 135.0936365778, 138.0428269148, 135.0938463473, 0, 138.0422283971, 135.0934268084, -0.02159289622842, 0, -0.227528534351, -0.01526211381279, 0.1753798347716, -0.01526211381279, 0.7623921089431, 0.7631238905746, -0.8120686723055, -0.8118773944669, -0.02483426149961, -0.02386263303048, 0.7626916295153, 0.7636366685721, 0, -0.8124094264734, -0.8113619346331, -0, -5.551115123126e-17, -0, -0, 0.002695064755842, 0.3939921357716, 0.3912335997061, 0.3929645307029, 0, 0.3912378443466, 0.3950197408403
9.975, 0.1955894203401, -0.04718781210979, -0.2071625451327, -0.04717666494007, -0.001808821171348, -0.009328298502284, 0.008993504526655, -0.07294576618982, 0, 0, -1000, 0, -1000, 7518.187002282, 3610.951356883, 7529.514574591, 3535.183857324, 19.46761889917, 46.87324114146, 24.4625065575, -12.59299044471, -245.5358054254, -70.46202274206, 240.1541008045, -99.74843073285, 5393.911089427, 3507.042002115, 5413.28382752, 4531.259275157, 3, 0.6112153776381, -21.69706333467, -0.9250537865389, 19.69126506846, -1.522737066171, 10.81963133882, -1.396090036444, 8.944936915707, 0, 0, 0.02751258605962, -0, -0, -0, -0, -0, 0.02751965375504, 0.006026049168727, 0, 0, 0, 0, 0, 0.07422159108756, 0.006026049863464, -0.04273846324946, 0.07422158252623, 0.0510296356463, 0.07422158252623, 56.05798757686, 56.07189818661, 56.05769916073, 56.07176061687, 138.3895821222, -0.1966341477923, 0.2063186193422, 0, 1, 50.00074395244, 50, 50.00079431031, 0.0003244776020404, 0, 0, 0, 0, 0, 0, 0, 0, 138.3900379877, 135.44122841, 138.3894665485, 135.4404979564, 138.3895821222, 135.4408629465, 138.3900390966, 135.4412281727, 0, 138.3894676748, 135.4404977203, -0.02108111906334, 0, -0.2176947507827, -0.02657261730954, 0.1852130386866, -0.02657261730954, 0.7622873304233, 0.7642191950342, -0.8121734628003, -0.8107819570775, -0.02493274225202, -0.02379176462429, 0.7625791760366, 0.7637074899358, 0, -0.812521892162, -0.8112910191844, -0, -0, 5.551115123126e-17, 5.551115123126e-17, 0.002695124563788, 0.3939933932491, 0.3912550483438, 0.3950135291193, 0, 0.3912164109181, 0.3929732573789
10, 0.2072572121167, 0.03224251930618, -0.1955394556918, 0.03224816583694, -0.00487363813665, 0.00930082188456, -0.01065475430718, -0.07963131604902, 0, 0, -1000, 0, -1000, 7518.876825972, 3529.631724749, 7528.840788997, 3616.304823205, 24.05589264828, -9.46602666753, 20.15303595734, 46.98436876335, -240.7279069543, 100.184733112, 244.9697481891, 70.66525437893, 5404.572959714, 4540.444591223, 5402.705667936, 3498.073392115, 3, -0.9840786406886, 10.15093067005, 0.7632869249744, -18.40079278649, -1.515535447044, 8.787688637147, -1.403207869705, 10.97248239033, 0, 0, 0.02755365045548, -0, -0, -0, -0, -0, 0.02756203325812, 0.0039388465451, 0, 0, 0, 0, 0, -0.07553714374658, 0.003938847000562, -0.04383132869276, -0.07553713500665, 0.04993567817583, -0.07553713500665, 56.19864539151, 56.2125417713, 56.19834403296, 56.21248797196, 138.7368073518, -0.2061025959094, 0.1968490708788, 0, 1, 50.00075310521, 50, 50.0009779574, 0.00129325342891, 0, 0, 0, 0, 0, 0, 0, 0, 138.7372784773, 135.7882986049, 138.7366770975, 135.7878779896, 138.7368073518, 135.788088436, 138.7372796671, 135.7882987432, 0, 138.7366781397, 135.7878781287, -0.02169590026521, 0, -0.2277774302656, -0.01530124411162, 0.1751291906526, -0.01530124411162, 0.7621367076432, 0.7628670625989, -0.8123240780959, -0.8121342499948, -0.02508974756298, -0.02411416397075, 0.7624359995882, 0.7633851235689, 0, -0.8126650564929, -0.8116134515104, -0, -0, -0, -0, 0.002694998980844, 0.3939931655839, 0.3912338039267, 0.3929549481604, 0, 0.3912374895225, 0.3950313830075
10.025, 0.1969119866011, -0.002000518758498, -0.205968260869, -0.00200045261188, 0.006236793500673, -0.009484422595312, 0.01325945137748, -0.0904858523859, 0, 0, -1000, 0, -1000, 7518.073074167, 3611.283348071, 7529.64928722, 3535.901316998, 21.17737948662, 46.60527245698, 23.90994086499, -0.3901843249971, -245.6803602219, -71.66836298763, 239.9867766546, -101.1558440502, 5393.82880507, 3503.378670988, 5413.394833988, 4523.86670119, 3, 1.105642398114, -10.98174962409, -1.158944208856, -7.412768884942, -1.524015434455, 10.82427624529, -1.394761748673, 8.959893049069, 0, 0, 0.02753722180137, -0, -0, -0, -0, -0, 0.02754422503043, 0.006130896560217, 0, 0, 0, 0, 0, 0.0739513456809, 0.006130897268308, -0.04258522112106, 0.0739513371355, 0.051181403103, 0.0739513371355, 56.33929158452, 56.35326890118, 56.33900054597, 56.35313265259, 139.0840330706, -0.1980620051385, 0.2048897922029, 0, 1, 50.00074520877, 50, 50.00124244591, 0.00266636567418, 0, 0, 0, 0, 0, 0, 0, 0, 139.0844916201, 136.1356821711, 139.0839151587, 136.1349494637, 139.0840330706, 136.1353155808, 139.0844927329, 136.1356819339, 0, 139.083916279, 136.1349492278, -0.0211932142958, 0, -0.2192347584716, -0.02665460611913, 0.1836720215337, -0.02665460611913, 0.762032519196, 0.7639666573156, -0.8124282807065, -0.8110344841435, -0.02518790578545, -0.02404245289184, 0.762323318466, 0.7634568059477, 0, -0.8127777461659, -0.8115417117313, -0, -0, -0, -0, 0.002695071107758, 0.3940044075005, 0.391255213036, 0.3950208289947, 0, 0.3912161888655, 0.3929879860063
10.05, 0.2058277855838, -0.02906861604257, -0.1971364552738, -0.02906565208255, -0.01644366377976, 0.009343599830205, -0.01577937587043, -0.09873072660641, 0, 0, -949.0539919554, 0, -1000, 7518.897425058, 3530.848368593, 7528.818297957, 3616.30975931, 23.84264205785, 9.380561787092, 22.20750416119, 45.8928817653, -240.5879810282, 100.2260633623, 245.0498363678, 71.19395319266, 5404.296331833, 4527.648469667, 5402.835847788, 3500.89451034, 3, -1.431852037707, -26.3139481278, 1.546821354478, -3.095790761321, -1.515401817369, 8.815033278074, -1.40352661631, 10.9692747465, 0, 0, 0.02750778090369, -0, -0, -0, -0, -0, 0.02751592264242, 0.003959181640478, 0, 0, 0, 0, 0, -0.07440541602726, 0.003959182096768, -0.04395646228821, -0.07440540744706, 0.04981377964309, -0.07440540744706, 56.47994777557, 56.49391455366, 56.47964715285, 56.49385792093, 139.4312590543, -0.2034996936099, 0.1994524373684, 0, 1, 50.00073852189, 50, 50.00153157853, 0.004156094286575, 0, 0, 0, 0, 0, 0, 0, 0, 139.4317293605, 136.4827539843, 139.4311289937, 136.4823283611, 139.4312590543, 136.482541311, 139.4317305406, 136.4827541223, 0, 139.4311300483, 136.4823284998, -0.02178856173837, 0, -0.2252671641217, -0.01548342488857, 0.1776399945742, -0.01548342488857, 0.7618788619373, 0.7626242450356, -0.8125819090288, -0.8123770255054, -0.02534664355256, -0.02436472990546, 0.7621790088023, 0.7631345773151, 0, -0.8129220547885, -0.811864037126, -0, -0, -5.551115123126e-17, 5.551115123126e-17, 0.002695237232844, 0.3940031110209, 0.3912343543235, 0.3929804485772, 0, 0.3912372309247, 0.3950257734647
10.075, 0.1981921772955, 0.04931928042189, -0.2048290308621, 0.04932911146295, 0.01577010540497, -0.009496278729604, 0.01718134216401, -0.1035635179053, 0, 0, -1000, 0, -923.0721447164, 7517.92100959, 3611.003577325, 7529.77547109, 3536.669616212, 22.91599357554, 45.74207744482, 23.77131319347, 15.19955022231, -245.6677048155, -72.12949790033, 239.9399909835, -100.8715480267, 5394.032752773, 3508.985583413, 5413.018686184, 4516.865064977, 3, 1.753293615282, 2.119123039873, -1.525726439669, -37.67084023621, -1.525692306746, 10.81602027218, -1.393520667437, 8.978349500826, 0, 0, 0.0274577165321, -0, -0, -0, -0, -0, 0.02746453413209, 0.006188906026477, 0, 0, 0, 0, 0, 0.07303764738688, 0.006188906737147, -0.0424360946443, 0.07303763899583, 0.05133922640082, 0.07303763899583, 56.62059599668, 56.63463931149, 56.62030176878, 56.63450428108, 139.7784852117, -0.2002408158179, 0.2027120833304, 0, 1, 50.00072911398, 50, 50.00169542022, 0.00512255637191, 0, 0, 0, 0, 0, 0, 0, 0, 139.7789462674, 136.8301349038, 139.778363716, 136.8294012084, 139.7784852117, 136.8297678221, 139.7789473878, 136.8301346693, 0, 139.7783648257, 136.829400975, -0.02130744188705, 0, -0.2215279271195, -0.02669055283167, 0.181380080094, -0.02669055283167, 0.7617759453708, 0.7637071429393, -0.8126848084161, -0.8112939658422, -0.025445125902, -0.02429566949625, 0.762065725964, 0.763203605222, 0, -0.8130353522052, -0.8117949442145, -0, -0, -0, -0, 0.002695460231331, 0.3940058047261, 0.3912548075214, 0.3950096679359, 0, 0.3912169371995, 0.3930019415163
10.1, 0.2046883855813, -0.07566356417605, -0.1984125386777, -0.07563993566849, -0.02513215342337, 0.009357600671228, -0.01920964520222, -0.1097719327255, 0, 0, -861.9963937332, 0, -1000, 7518.945808094, 3531.65589761, 7528.740598336, 3616.288271926, 23.72554482406, 23.43737414042, 23.79780073095, 45.21588950561, -240.4580548316, 99.76409136059, 245.1304732745, 71.69746333275, 5404.190201113, 4519.899833829, 5402.91718434, 3503.641638896, 3, -1.723621986475, -53.75104515261, 2.109456428301, 8.731536064294, -1.514976704262, 8.833488421872, -1.404423438488, 10.96602632616, 0, 0, 0.02745191685386, -0, -0, -0, -0, -0, 0.02745989417731, 0.003930271153665, 0, 0, 0, 0, 0, -0.07364482398853, 0.003930271604785, -0.04408851381414, -0.07364481553058, 0.0496915884843, -0.07364481553058, 56.76125041974, 56.77528666009, 56.76095002623, 56.7752278179, 140.125710839, -0.2015054572862, 0.2014485088385, 0, 1, 50.00072250486, 50, 50.00195459682, 0.006596770862687, 0, 0, 0, 0, 0, 0, 0, 0, 140.1261807325, 137.1772085409, 140.1255804298, 137.1767785144, 140.125710839, 137.1769936659, 140.1261819061, 137.1772086788, 0, 140.1255814931, 137.176778653, -0.02188514442619, 0, -0.223369489911, -0.01564360782631, 0.1795395906126, -0.01564360782631, 0.7616192923743, 0.7623769540567, -0.8128414285777, -0.8126242882756, -0.02560552882864, -0.02461723070279, 0.7619203411251, 0.762882089426, 0, -0.8131807397984, -0.8121165508316, -0, -0, -0, -0, 0.002695497540041, 0.3940080993553, 0.3912345650464, 0.3929958908339, 0, 0.3912370696243, 0.3950203078766
10.125, 0.1994345267699, 0.08121870218718, -0.2036772610903, 0.08124647853489, 0.02067871342009, -0.009512918709662, 0.01428552575095, -0.08139255270745, 0, 0, -1000, 0, -403.5471796286, 7517.789742213, 3611.269919094, 7529.889388688, 3538.117354391, 23.8992511167, 45.51671540569, 23.71105255012, 24.10814366328, -245.805494637, -72.51153088328, 239.775098936, -100.4921673081, 5394.003236692, 3508.762589435, 5413.092412999, 4502.41892829, 3, 2.0248937871, 10.28245490821, -1.61837924012, -55.79137776457, -1.527150835115, 10.8168760747, -1.392408059427, 9.010225400423, 0, 0, 0.02742130473154, -0, -0, -0, -0, -0, 0.02742791266368, 0.006286615316473, 0, 0, 0, 0, 0, 0.07200694498499, 0.006286616036449, -0.04230817646044, 0.0720069367344, 0.05147477486864, 0.0720069367344, 56.90189990315, 56.91600997033, 56.90160318817, 56.91587633292, 140.4729365955, -0.2014268733586, 0.2015275499728, 0, 1, 50.00071152368, 50, 50.0019521336, 0.006576009457814, 0, 0, 0, 0, 0, 0, 0, 0, 140.4733998621, 137.5245884627, 140.4728123952, 137.5238539439, 140.4729365955, 137.5242209723, 140.4734009857, 137.5245882311, 0, 140.4728134998, 137.5238537136, -0.02142820876689, 0, -0.2228348394616, -0.02672050313821, 0.1800747476266, -0.02672050313821, 0.7615181072562, 0.763445795493, -0.8129426049148, -0.8115552770423, -0.02570320268595, -0.02454992935334, 0.7618070143609, 0.7629493631043, 0, -0.8132940741206, -0.812049221811, -5.551115123126e-17, -0, -5.551115123126e-17, -0, 0.002695589017587, 0.3940204243739, 0.3912548669643, 0.395010121141, 0, 0.391216789503, 0.3930307276068
10.15, 0.2036750386563, -0.08333720757886, -0.1994332849145, -0.08330856654914, -0.02445275567649, 0.0093720741171, -0.008769061382747, -0.04863237928373, 0, 0, 114.6209389838, 0, -1000, 7518.97278152, 3533.079905891, 7528.700416306, 3616.340448013, 23.78654109217, 24.0939271598, 23.84179786464, 45.54779806556, -240.3393012397, 99.63872250471, 245.2417045407, 71.8632821676, 5403.882275436, 4505.293196548, 5403.162194006, 3506.698010219, 3, -1.547278433254, -56.49650000942, 1.94632396615, 11.16954335047, -1.514775477548, 8.865309148065, -1.404925833819, 10.96305670465, 0, 0, 0.02739124659184, -0, -0, -0, -0, -0, 0.02739895738532, 0.003944689906254, 0, 0, 0, 0, 0, -0.07236484631346, 0.00394469035703, -0.04406337779264, -0.07236483803937, 0.04972294463855, -0.07236483803937, 57.04255375888, 57.05665956435, 57.04225201385, 57.05659759521, 140.8201624627, -0.2015287394873, 0.2014259195086, 0, 1, 50.00070337035, 50, 50.00193067805, 0.006404007523258, 0, 0, 0, 0, 0, 0, 0, 0, 140.8206332988, 137.871664261, 140.8200302867, 137.8712287647, 140.8201624627, 137.8714466505, 140.8206344724, 137.8716643983, 0, 140.8200313499, 137.8712289026, -0.02198219026846, 0, -0.2234898765187, -0.01584259295314, 0.1794199930102, -0.01584259295314, 0.7613596466196, 0.7621328249362, -0.8131010417838, -0.812868371061, -0.02586524148732, -0.02487012419677, 0.7616605242039, 0.7626292175966, 0, -0.8134405666937, -0.8123694659902, -0, -0, -0, -0, 0.002695710575757, 0.3940196148104, 0.391235178576, 0.3930249988843, 0, 0.3912365813717, 0.3950142307366
10.175, 0.2002978111271, 0.08696829736627, -0.2028149757593, 0.08700010153236, 0.01987183887142, -0.009507517389365, 0.005491423803889, -0.02925894877756, 0, 0, -1000, 0, 414.1114144219, 7517.689166608, 3610.942323081, 7529.970011841, 3539.013020356, 23.92087086624, 45.81212397916, 23.80217014204, 24.25988683907, -245.7971354054, -72.59373189666, 239.7713008537, -100.3113527811, 5394.422413163, 3515.481323487, 5412.544909866, 4493.690388805, 3, 1.870640136807, 12.51701847931, -1.46253384907, -57.36813323854, -1.528286498233, 10.8075053762, -1.391642598406, 9.031599359567, 0, 0, 0.02733770696402, -0, -0, -0, -0, -0, 0.02734410146729, 0.006285592175498, 0, 0, 0, 0, 0, 0.07088753393966, 0.006285592890974, -0.04233064972294, 0.0708875258669, 0.0514596499032, 0.0708875258669, 57.18320338951, 57.19738020339, 57.18290510488, 57.19724795614, 141.1673885326, -0.2014703871625, 0.2014841405803, 0, 1, 50.00069166922, 50, 50.00190894221, 0.006379231189485, 0, 0, 0, 0, 0, 0, 0, 0, 141.1678528509, 138.2190409419, 141.167262145, 138.2183056944, 141.1673885326, 138.2186730906, 141.167853976, 138.2190407138, 0, 141.1672632483, 138.2183054674, -0.02154483564835, 0, -0.222995031009, -0.02674701557604, 0.1799147935153, -0.02674701557604, 0.7612573967799, 0.763181800527, -0.8132032769976, -0.8118192332965, -0.02596380726192, -0.02480620930402, 0.7615464567262, 0.7626931021694, 0, -0.813554643913, -0.8123055207774, 5.551115123126e-17, -0, -0, -0, 0.002695901669292, 0.3940224357701, 0.3912540318383, 0.3949967468425, 0, 0.391217880239, 0.3930481246978
10.2, 0.2028654923929, -0.08855623180711, -0.2002493732519, -0.08852392429074, -0.02372472629868, 0.0093871486901, -0.0008603808667882, -0.001687840091683, 0, 0, 850.1844782164, 0, -1000, 7519.055313942, 3533.994133605, 7528.598416216, 3616.213717007, 23.88072299587, 24.28424546237, 23.87716331496, 45.91489382539, -240.2487346031, 99.60319801041, 245.3244866497, 72.00793152402, 5403.712462103, 4496.475441521, 5403.301162847, 3510.790761428, 3, -1.361530457474, -57.88960166026, 1.773347185129, 13.17622026441, -1.513991151152, 8.886686731532, -1.406075508688, 10.95739731498, 0, 0, 0.02732600268196, -0, -0, -0, -0, -0, 0.02733351568862, 0.003896755328732, 0, 0, 0, 0, 0, -0.07142926613345, 0.003896755771912, -0.04409070420818, -0.07142925800529, 0.04970323850102, -0.07142925800529, 57.3238570729, 57.33803166445, 57.32355399231, 57.33796721755, 141.5146140956, -0.2015108645935, 0.2014438389805, 0, 1, 50.00068345881, 50, 50.00190087751, 0.00642271864787, 0, 0, 0, 0, 0, 0, 0, 0, 141.5150858567, 138.56611889, 141.5144801085, 138.5656784774, 141.5146140956, 138.5658988211, 141.5150870315, 138.5661190271, 0, 141.5144811708, 138.5656786151, -0.02208182106737, 0, -0.2235716695904, -0.01602143730049, 0.1793383474563, -0.01602143730049, 0.7610980373186, 0.7618844610384, -0.81336261147, -0.8131167013196, -0.02612696184122, -0.02512489933554, 0.7613991017542, 0.7623744579104, 0, -0.8137020015813, -0.8126242565815, 5.551115123126e-17, -0, -5.551115123126e-17, -0, 0.002695923744673, 0.3940243290594, 0.391235516706, 0.3930425721729, 0, 0.3912363046582, 0.395006085946
10.225, 0.2011740196924, 0.09273518896978, -0.2019487216164, 0.09277126083574, 0.01911503680805, -0.009523318313368, -0.0007703609924746, 0.008040182530971, 0, 0, -1000, 0, 1000, 7517.64397167, 3611.036424533, 7530.011936536, 3540.229799926, 23.94190208917, 46.20267780079, 23.88213073182, 24.54753871426, -245.9063292898, -72.719332639, 239.6638136852, -100.2646748355, 5394.578780414, 3516.992766538, 5412.467563343, 4480.628882634, 3, 1.702472595265, 14.57086771604, -1.274948353127, -59.06805256037, -1.52884058491, 10.8053185157, -1.39128297109, 9.058893575044, 0, 0, 0.02731714395505, -0, -0, -0, -0, -0, 0.02732333862444, 0.006301968936599, 0, 0, 0, 0, 0, 0.06983148217102, 0.006301969652861, -0.04233286064643, 0.0698314742306, 0.05146185100966, 0.0698314742306, 57.46450667641, 57.47875055398, 57.46420685328, 57.47861959048, 141.8618395123, -0.2014440031259, 0.2015108156725, 0, 1, 50.00067135175, 50, 50.00188305212, 0.006390846956727, 0, 0, 0, 0, 0, 0, 0, 0, 141.8623053008, 138.9134937796, 141.8617113758, 138.9127576365, 141.8618395123, 138.9131254836, 141.8623064263, 138.9134935546, 0, 141.8617124786, 138.9127574126, -0.02166374087258, 0, -0.2230875662497, -0.02677959396465, 0.1798225808194, -0.02677959396465, 0.7609957121551, 0.7629173355112, -0.8134649372282, -0.8120836622453, -0.02622538367993, -0.02506340785256, 0.761284786967, 0.762435921236, 0, -0.813816319313, -0.8125627369411, 5.551115123126e-17, -0, 5.551115123126e-17, -0, 0.002695920123374, 0.3940339487268, 0.3912537203387, 0.3949937449424, 0, 0.3912180343021, 0.3930741525113
10.25, 0.2019207949322, -0.0952941369413, -0.2011991071044, -0.09525674824999, -0.02290906299523, 0.009383599763575, 0.0006030204420222, 0.008180384508547, 0, 0, 1000, 0, -1000, 7519.151058264, 3535.445318323, 7528.511571381, 3616.200184534, 23.95460198688, 24.6461186209, 23.88614294522, 46.24087540406, -240.1471050237, 99.3317928277, 245.4236317139, 72.00956221562, 5403.540581326, 4480.924556763, 5403.468089876, 3513.497023833, 3, -1.172579207508, -59.96749652663, 1.594361645873, 15.56801540008, -1.513066937123, 8.919337754754, -1.407065641985, 10.95243684201, 0, 0, 0.02730505926987, -0, -0, -0, -0, -0, 0.02731229918303, 0.003851600235811, 0, 0, 0, 0, 0, -0.07010623317154, 0.003851600673184, -0.04410947580594, -0.07010622520631, 0.04968576271434, -0.07010622520631, 57.60516020436, 57.61940428734, 57.60485578646, 57.61933674289, 142.2090649823, -0.2015330128876, 0.2014216935371, 0, 1, 50.00066147515, 50, 50.0018624216, 0.006238205052593, 0, 0, 0, 0, 0, 0, 0, 0, 142.2095379532, 139.2605741831, 142.2089295026, 139.2601280933, 142.2090649823, 139.2603512748, 142.2095391291, 139.2605743193, 0, 142.2089305638, 139.2601282302, -0.02217822993052, 0, -0.2236902340128, -0.01622796244626, 0.1792198194762, -0.01622796244626, 0.7608353192436, 0.761637989203, -0.8136253222767, -0.813363126637, -0.02638982484024, -0.0253804307838, 0.7611365121185, 0.7621189481233, 0, -0.8139645927714, -0.8128798096909, -0, -0, -0, 5.551115123126e-17, 0.002695961562408, 0.3940371337363, 0.3912358589992, 0.3930735612176, 0, 0.3912359722378, 0.395000706255
10.275, 0.2019937990759, 0.09962081640196, -0.20112770838, 0.09966241548378, 0.01850454183804, -0.009494522875749, -0.0005597920188498, 0.008850650014767, 0, 0, -1000, 0, 1000, 7517.63393214, 3610.748802551, 7530.01947302, 3541.393326835, 23.95587716552, 46.42429868545, 23.97312916031, 24.86987861077, -245.9180010932, -72.60586365729, 239.6384282834, -99.79687563252, 5394.994076969, 3523.483893014, 5411.921634837, 4467.99417948, 3, 1.536599134039, 17.26876150352, -1.112499644436, -61.09206348434, -1.529024582867, 10.79596123934, -1.391282779503, 9.085908237197, 0, 0, 0.02726042303757, -0, -0, -0, -0, -0, 0.02726636830492, 0.006239079123229, 0, 0, 0, 0, 0, 0.0684454986485, 0.006239079829401, -0.04240113969049, 0.0684454908981, 0.05139671813416, 0.0684454908981, 57.74580992274, 57.76012055446, 57.74550860173, 57.75999130942, 142.5562907985, -0.2014125575899, 0.2015426517301, 0, 1, 50.00064805397, 50, 50.00183148958, 0.006120438406794, 0, 0, 0, 0, 0, 0, 0, 0, 142.5567577569, 139.6079458863, 142.5561607231, 139.6072095118, 142.5562907985, 139.607577479, 142.5567588847, 139.6079456657, 0, 142.556161824, 139.6072092922, -0.02177874397537, 0, -0.2231711333036, -0.0267880163396, 0.1797394954211, -0.0267880163396, 0.7607319898194, 0.7626484687592, -0.813728643398, -0.8123524829149, -0.02648907344158, -0.02532272720376, 0.7610215302686, 0.7621766248178, 0, -0.814079581732, -0.8128220792253, -5.551115123126e-17, -0, -5.551115123126e-17, -0, 0.00269614194444, 0.3940400793246, 0.3912528927102, 0.3949808259506, 0, 0.3912191222079, 0.3930993326985
10.3, 0.2012658367249, -0.1014569783668, -0.2018553282729, -0.1014145491392, -0.02232458620177, 0.00935958521563, 0.0003905576751224, 0.009183118441312, 0, 0, 1000, 0, -1000, 7519.253438193, 3536.399383297, 7528.388761077, 3615.857459095, 24.05899749459, 24.91528219059, 23.91534112648, 46.47914960809, -240.1349204827, 98.95086017042, 245.4205114153, 71.92767903027, 5403.182567571, 4471.4071229, 5403.718899769, 3520.101522552, 3, -1.007966279128, -61.66351648711, 1.430247245804, 18.13326133731, -1.512071714972, 8.94225183944, -1.408432242685, 10.94208161723, 0, 0, 0.02723393478636, -0, -0, -0, -0, -0, 0.02724093754953, 0.003809673965941, 0, 0, 0, 0, 0, -0.06893793180965, 0.003809674396302, -0.0441262033763, -0.06893792401804, 0.04967634323861, -0.06893792401804, 57.88646338438, 57.90077629807, 57.88615761352, 57.9007060532, 142.9035163862, -0.2015774888726, 0.2013780793426, 0, 1, 50.00063797069, 50, 50.00181550223, 0.006110627629245, 0, 0, 0, 0, 0, 0, 0, 0, 142.9039902617, 139.9550285736, 142.9033790364, 139.9545771179, 142.9035163862, 139.9548029817, 142.9039914388, 139.9550287092, 0, 142.9033800966, 139.9545772542, -0.0222759683899, 0, -0.2238324952643, -0.01642316596524, 0.1790785327308, -0.01642316596524, 0.7605715076297, 0.7613891795932, -0.8138890966683, -0.8136118957495, -0.02665376860429, -0.02563725134828, 0.7608728152718, 0.7618621462786, 0, -0.8142283024132, -0.8131366489752, -0, -5.551115123126e-17, -0, -0, 0.002696253770912, 0.3940400448132, 0.3912365720858, 0.3930925299609, 0, 0.3912354726725, 0.3949875596656
10.325, 0.20265876297, 0.1054380640615, -0.2004705630241, 0.1054846201345, 0.01802918890996, -0.009493407286869, -0.000358577357655, 0.009785434398291, 0, 0, -1000, 0, 1000, 7517.622566701, 3610.609825452, 7530.014893778, 3542.289892635, 23.98398495722, 46.71602174121, 24.07578410092, 25.13870465512, -245.9787540691, -72.62445376322, 239.5721242175, -99.62847941956, 5395.222267065, 3527.545393478, 5411.73473095, 4458.0339094, 3, 1.377217869821, 19.65367453836, -0.9388436084245, -62.67784334601, -1.529221324678, 10.7896015049, -1.39140967917, 9.106728954921, 0, 0, 0.0272319198583, -0, -0, -0, -0, -0, 0.02723768377054, 0.006211707686331, 0, 0, 0, 0, 0, 0.0674293888052, 0.006211708387936, -0.04243896991854, 0.06742938118591, 0.05136585125277, 0.06742938118591, 58.02711304169, 58.04149054023, 58.02681027713, 58.04136249243, 143.2507416106, -0.2013491136756, 0.2016067718768, 0, 1, 50.00062499705, 50, 50.00179495795, 0.006141388591496, 0, 0, 0, 0, 0, 0, 0, 0, 143.25120987, 140.3023978527, 143.2506098467, 140.3016605846, 143.2507416106, 140.3020290016, 143.2512109991, 140.3023976351, 0, 143.2506109467, 140.301660368, -0.02189087146801, 0, -0.2232198200128, -0.02682052438984, 0.1796915281922, -0.02682052438984, 0.7604675382947, 0.762381555422, -0.8139930579702, -0.8126193627144, -0.02675345903708, -0.025582642599, 0.7607573367338, 0.7619167257733, 0, -0.8143437858789, -0.8130820109713, 5.551115123126e-17, 5.551115123126e-17, -0, -0, 0.002696262524055, 0.394045962875, 0.3912524379571, 0.3949727436236, 0, 0.3912194947152, 0.3931191821265
10.35, 0.2005247159649, -0.1080762549079, -0.2026050902109, -0.1080280865475, -0.02173162624498, 0.009344279295418, 0.000176214534633, 0.009890512149638, 0, 0, 1000, 0, -1000, 7519.353393274, 3537.733142209, 7528.29268462, 3615.819741446, 24.14735027097, 25.34710282581, 23.9328438004, 46.75723460634, -240.0579822189, 98.60792289646, 245.4971021874, 71.82695320954, 5403.111824464, 4456.565767097, 5403.861264572, 3522.351557839, 3, -0.8318369222928, -63.65514427297, 1.27121915701, 20.68157018411, -1.51110127573, 8.972284771293, -1.409518094426, 10.93643046228, 0, 0, 0.02724121158342, -0, -0, -0, -0, -0, 0.0272479658241, 0.003750150860624, 0, 0, 0, 0, 0, -0.06769937708796, 0.003750151284487, -0.04415746573867, -0.06769936943239, 0.049647816832, -0.06769936943239, 58.1677663115, 58.18214842726, 58.16745922898, 58.18207540182, 143.5979666271, -0.2016320169204, 0.2013236599504, 0, 1, 50.00061377679, 50, 50.00177794526, 0.006058967210955, 0, 0, 0, 0, 0, 0, 0, 0, 143.5984418777, 140.6494830883, 143.5978280021, 140.6490262092, 143.5979666271, 140.6492547838, 143.5984430564, 140.649483223, 0, 143.5978290608, 140.6490263446, -0.02236883421664, 0, -0.2239798688542, -0.01662046225977, 0.1789312545947, -0.01662046225977, 0.7603063415209, 0.7611394720707, -0.8141542475382, -0.8138615611114, -0.02691908924304, -0.02589544087904, 0.7606078627377, 0.7616039762642, 0, -0.8144932582528, -0.8133948580223, -0, -5.551115123126e-17, -0, -0, 0.002696240141412, 0.394052596117, 0.3912367128439, 0.3931221045263, 0, 0.3912351892462, 0.3949830877078
10.375, 0.2034355253529, 0.1133446193851, -0.1996940349914, 0.1133984260451, 0.01761815115891, -0.00943895228909, -0.0001015300949346, 0.01059721949348, 0, 0, -1000, 0, 1000, 7517.635897628, 3610.398006974, 7530.005094807, 3543.788195751, 23.99106733186, 46.83053844052, 24.16140702968, 25.69599704623, -246.027236551, -72.27895839314, 239.515777955, -98.84206766871, 5395.543134035, 3532.914749085, 5411.351537503, 4440.919062899, 3, 1.210336441314, 22.77358739396, -0.7719881162446, -65.13564416199, -1.529158214157, 10.78049890097, -1.39159071002, 9.140775084923, 0, 0, 0.02721482099231, -0, -0, -0, -0, -0, 0.02722030141084, 0.006151970427278, 0, 0, 0, 0, 0, 0.06580003536423, 0.006151971121263, -0.0425026397647, 0.06580002793854, 0.05130441009031, 0.06580002793854, 58.30841601023, 58.32286030518, 58.3081118157, 58.32273428904, 143.9451920334, -0.2012832464102, 0.2016728466023, 0, 1, 50.00059887459, 50, 50.00173986836, 0.005857232485636, 0, 0, 0, 0, 0, 0, 0, 0, 143.9456616632, 140.99684949, 143.9450586679, 140.9961126299, 143.9451920334, 140.9964808482, 143.9456627942, 140.9968492778, 0, 143.9450597662, 140.9961124186, -0.02200239907496, 0, -0.2232654629004, -0.02680568350537, 0.1796461196198, -0.02680568350537, 0.7602015640809, 0.7621082119026, -0.8142590200279, -0.8128926543508, -0.02701940147426, -0.02584476789995, 0.7604917968204, 0.7616546266048, 0, -0.8146093290987, -0.8133441624047, -0, -0, -0, -0, 0.002696383492425, 0.3940576745917, 0.3912517984578, 0.3949620607621, 0, 0.3912202584244, 0.3931532884214
10.4, 0.1999402056535, -0.11554376272, -0.203185385292, -0.1154885737189, -0.02137688041636, 0.009276474844965, -0.0001045797590125, 0.01105874820046, 0, 0, 1000, 0, -1000, 7519.413370792, 3538.839362543, 7528.212304599, 3615.302307252, 24.24944917745, 25.76911654959, 23.94679640414, 46.79770455487, -240.0931896323, 97.78516824063, 245.4444268478, 71.45953554919, 5402.556112855, 4444.581276601, 5404.256408671, 3531.131337822, 3, -0.6906876247755, -65.83041627468, 1.119458637943, 23.90147143678, -1.510547824213, 8.998907033593, -1.410438580949, 10.92210377397, 0, 0, 0.02717734805186, -0, -0, -0, -0, -0, 0.02718381448558, 0.003765276400133, 0, 0, 0, 0, 0, -0.06619466121988, 0.003765276823713, -0.04412857955282, -0.06619465376967, 0.04968387263114, -0.06619465376967, 58.44906927992, 58.46352042463, 58.44876088382, 58.4634444316, 144.2924175767, -0.2016936712177, 0.2012629340703, 0, 1, 50.00058723308, 50, 50.00171380894, 0.005747009632961, 0, 0, 0, 0, 0, 0, 0, 0, 144.2928937359, 141.3439373097, 144.2922771756, 141.343474552, 144.2924175767, 141.3437060646, 144.2928949146, 141.3439374431, 0, 144.2922782341, 141.3434746861, -0.02246272385, 0, -0.2241354755647, -0.01683431362328, 0.1787766772514, -0.01683431362328, 0.7600408187146, 0.7608911254834, -0.8144197338205, -0.814109857652, -0.02718468314913, -0.02615410746042, 0.7603421435368, 0.7613453329899, 0, -0.8147589900556, -0.8136535479107, -0, -5.551115123126e-17, -0, -0, 0.002696583358131, 0.3940558001495, 0.3912378199907, 0.3931459900607, 0, 0.3912344018934, 0.3949656102383
10.425, 0.2039830005286, 0.1203571481554, -0.1991487528377, 0.1204178584467, 0.01734489108027, -0.00940631216672, 0.0001774343736325, 0.01199796578241, 0, 0, -1000, 0, 1000, 7517.574840711, 3610.021172131, 7530.0275796, 3544.726903539, 24.02434049726, 46.95464465975, 24.28227430406, 26.07386229858, -246.0592957572, -72.09077583798, 239.4686508092, -98.33518073029, 5395.722687521, 3540.358006088, 5411.094591806, 4431.216440119, 3, 1.042847485834, 25.93000557403, -0.6030989192783, -67.00766809062, -1.529873957753, 10.76897796991, -1.391432800969, 9.163422074387, 0, 0, 0.02714374017473, -0, -0, -0, -0, -0, 0.02714900506359, 0.006152384460387, 0, 0, 0, 0, 0, 0.06455753183264, 0.006152385150798, -0.0425249809407, 0.06455752458528, 0.05129364421782, 0.06455752458528, 58.58971900097, 58.60422993835, 58.58941342093, 58.60410540285, 144.6396429753, -0.2011883400744, 0.2017691189169, 0, 1, 50.00057147081, 50, 50.00168193309, 0.005739021619899, 0, 0, 0, 0, 0, 0, 0, 0, 144.6401135446, 141.6913007598, 144.6395077033, 141.6905636609, 144.6396429753, 141.6909320026, 144.6401146762, 141.6913005515, 0, 144.6395088014, 141.6905634536, -0.02211119161014, 0, -0.2232793911131, -0.02681436793246, 0.1796336680451, -0.02681436793246, 0.7599349644234, 0.7618369307333, -0.8145255595935, -0.813163896554, -0.02728587234612, -0.02610748667671, 0.7602253494556, 0.7613919271993, 0, -0.8148757956128, -0.8136069005527, -0, -0, -0, -0, 0.002696739229148, 0.3940599346758, 0.3912514406684, 0.3949472433098, 0, 0.391220770334, 0.3931726260418
10.45, 0.1994147337214, -0.122160195938, -0.203719872891, -0.1220984296847, -0.0211295715686, 0.009244500997369, -0.0003716524444671, 0.01220123551961, 0, 0, 1000, 0, -1000, 7519.406087386, 3539.824575776, 7528.196648682, 3615.112162388, 24.3558495648, 26.16304113188, 23.97085484283, 46.9559620488, -240.0879536146, 97.35791211314, 245.447853441, 71.27462068566, 5402.322417242, 4433.196984649, 5404.58373334, 3535.677112035, 3, -0.5406058372805, -67.68402780407, 0.9856682262053, 26.79052316804, -1.510699537422, 9.021642862492, -1.410679269056, 10.91412835888, 0, 0, 0.02716447888927, -0, -0, -0, -0, -0, 0.02717073109146, 0.003802494808635, 0, 0, 0, 0, 0, -0.06504026361057, 0.003802495235998, -0.04409080421883, -0.06504025629733, 0.04973052956129, -0.06504025629733, 58.7303721041, 58.74489201529, 58.73006237012, 58.74481351418, 144.9868677187, -0.2017701035854, 0.2011873599213, 0, 1, 50.00056130592, 50, 50.00166983918, 0.005764954697175, 0, 0, 0, 0, 0, 0, 0, 0, 144.9873451521, 142.0383908295, 144.9867258672, 142.037922983, 144.9868677187, 142.0381570391, 144.9873463308, 142.0383909621, 0, 144.9867269257, 142.0379231162, -0.02255790647943, 0, -0.2243071182656, -0.01701943645725, 0.1786059095933, -0.01701943645725, 0.7597741464163, 0.7606386625651, -0.8146863587384, -0.8143622827247, -0.02745136377104, -0.02641448317492, 0.7600752136506, 0.7610849746948, 0, -0.8150259329979, -0.8139139410446, -0, -0, -0, 5.551115123126e-17, 0.002696686225918, 0.3940626205104, 0.3912382857183, 0.3931686769901, 0, 0.3912337495761, 0.3949565640306
10.475, 0.2046084032143, 0.1284809614882, -0.1985304864577, 0.1285502187487, 0.01710997920756, -0.009341555417055, 0.0004687912301577, 0.01297164086201, 0, 0, -1000, 0, 1000, 7517.490925722, 3609.833797453, 7530.111971314, 3546.307198522, 24.04266306974, 46.97863928064, 24.36895055366, 26.78107690545, -246.1284074771, -71.6273084475, 239.4005849426, -97.44080892335, 5395.876639626, 3544.448755361, 5411.017465493, 4413.242819748, 3, 0.8909690700263, 29.31515301274, -0.4373196673353, -69.51200203138, -1.530829056115, 10.75953516404, -1.390624502518, 9.199243581384, 0, 0, 0.02715645798347, -0, -0, -0, -0, -0, 0.02716144772075, 0.006200031624326, 0, 0, 0, 0, 0, 0.06295860205404, 0.006200032320736, -0.04250694386194, 0.06295859497971, 0.05131521704985, 0.06295859497971, 58.8710217533, 58.88559952355, 58.8707147343, 58.88547687224, 145.334092639, -0.201104092, 0.2018535794781, 0, 1, 50.00054346098, 50, 50.00162931774, 0.005598970355021, 0, 0, 0, 0, 0, 0, 0, 0, 145.334564787, 142.3857518744, 145.3339559607, 142.3850152952, 145.334092639, 142.3853833823, 145.3345659183, 142.3857516714, 0, 145.3339570591, 142.3850150932, -0.02222475969331, 0, -0.2233087101155, -0.02679546119217, 0.1796045390914, -0.02679546119217, 0.7596674868246, 0.7615616980378, -0.8147930170228, -0.8134390805823, -0.02755318400606, -0.0263717133664, 0.7599577484611, 0.7611277250863, 0, -0.8151434004808, -0.8138711518191, -0, -0, 5.551115123126e-17, -0, 0.002696736149843, 0.3940737744655, 0.3912511340824, 0.3949391066765, 0, 0.3912209238401, 0.3932084422544
10.5, 0.1987805441585, -0.1313549866981, -0.2043505732679, -0.1312834027576, -0.02106006660603, 0.009144560754512, -0.0007029902338694, 0.01334347710421, 0, 0, 1000, 0, -1000, 7519.359766595, 3541.373384883, 7528.239372513, 3614.688814537, 24.44210656606, 26.91480019949, 23.97816529407, 46.80188026745, -240.0737795445, 96.10977793067, 245.4522559831, 70.62097369029, 5401.824628678, 4415.051380899, 5404.990380814, 3543.903836557, 3, -0.3974026055137, -70.52298891976, 0.8344329789895, 30.72009957693, -1.511260091581, 9.057597103859, -1.410306637944, 10.90027564987, 0, 0, 0.02713842831362, -0, -0, -0, -0, -0, 0.02714433709208, 0.003901786738486, 0, 0, 0, 0, 0, -0.06312915073344, 0.003901787176167, -0.04399956881347, -0.06312914364887, 0.04982547266925, -0.06312914364887, 59.01167481887, 59.0262641972, 59.01136374246, 59.02618229113, 145.6813177493, -0.2018511159428, 0.2011067804826, 0, 1, 50.000531889, 50, 50.00159766577, 0.005382034187927, 0, 0, 0, 0, 0, 0, 0, 0, 145.6817963637, 142.7328453585, 145.6811743631, 142.7323708914, 145.6813177493, 142.7326082557, 145.6817975409, 142.732845489, 0, 145.6811754226, 142.7323710225, -0.02265286771568, 0, -0.2244831548108, -0.01726028415505, 0.1784303468033, -0.01726028415505, 0.7595067296042, 0.7603912514616, -0.8149537559427, -0.8146096330884, -0.02771874744506, -0.0266749970642, 0.7598071746097, 0.7608244891948, 0, -0.8152939777996, -0.8141744833232, -5.551115123126e-17, -5.551115123126e-17, -0, -0, 0.002696870880559, 0.3940725145676, 0.3912392778076, 0.3932048382573, 0, 0.3912329389585, 0.3949401908779
10.525, 0.2050226290392, 0.1370577935805, -0.1981099492212, 0.137136811043, 0.01710388971472, -0.009248191431061, 0.0008297682686979, 0.01456835889075, 0, 0, -1000, 0, 1000, 7517.39432719, 3609.113134455, 7530.180208031, 3547.325210915, 24.06026236481, 46.78117501976, 24.47804680481, 27.3124332154, -246.053048856, -71.07083400097, 239.4587696567, -96.37204530148, 5396.242231155, 3555.536789561, 5410.501829805, 4402.061292645, 3, 0.7491610744948, 33.36664687385, -0.3107955176218, -71.92257483485, -1.53191642315, 10.74053474571, -1.389983677809, 9.224585257001, 0, 0, 0.02708966456551, -0, -0, -0, -0, -0, 0.02709438823282, 0.00619925541475, 0, 0, 0, 0, 0, 0.06134480259406, 0.006199256107651, -0.04253252017555, 0.06134479573505, 0.05129859634598, 0.06134479573505, 59.15232457106, 59.16696875741, 59.15201611447, 59.16684788278, 146.0285431351, -0.2010256931815, 0.2019331308946, 0, 1, 50.00051395918, 50, 50.00154967941, 0.005264029489648, 0, 0, 0, 0, 0, 0, 0, 0, 146.0290162963, 143.0802020548, 146.0284045354, 143.0794659795, 146.0285431351, 143.07983382, 146.0290174284, 143.0802018572, 0, 146.0284056332, 143.0794657827, -0.02233631767477, 0, -0.2233419066181, -0.02677713537196, 0.1795726001024, -0.02677713537196, 0.7593979840198, 0.7612845854799, -0.8150624733258, -0.8137161452544, -0.0278225594993, -0.02663770255681, 0.7596884197647, 0.7608617600743, 0, -0.8154127442169, -0.8141371651879, -0, -0, -5.551115123126e-17, -0, 0.002697108627504, 0.3940738796261, 0.391250405683, 0.3949170310383, 0, 0.3912219511041, 0.3932307282138
10.55, 0.1983470264115, -0.1394817183846, -0.2047867252077, -0.1394008404788, -0.02113995870739, 0.009084711829154, -0.001040944275263, 0.01495003211897, 0, 0, 1000, 0, -1000, 7519.334818184, 3542.409310547, 7528.225533221, 3614.266098448, 24.56107673433, 27.47522869461, 24.01467863462, 46.72657173289, -240.0360081252, 95.31775413035, 245.4783239506, 70.22115255448, 5401.579820588, 4403.761202195, 5405.209831424, 3552.065131567, 3, -0.2438768162476, -72.71751072195, 0.683255520007, 34.57511729561, -1.511596547392, 9.082285327592, -1.410526207385, 10.88724792114, 0, 0, 0.02708001886301, -0, -0, -0, -0, -0, 0.02708567746653, 0.003939384166921, 0, 0, 0, 0, 0, -0.06171956852285, 0.003939384606919, -0.04396154659845, -0.06171956162637, 0.04987533166108, -0.06171956162637, 59.2929775634, 59.30763566423, 59.29266509249, 59.30755101108, 146.3757680032, -0.2019626243791, 0.2009966141835, 0, 1, 50.00050189747, 50, 50.00153110225, 0.005281843543992, 0, 0, 0, 0, 0, 0, 0, 0, 146.3762476467, 143.4272988125, 146.3756227931, 143.426818608, 146.3757680032, 143.4270588397, 146.3762488239, 143.4272989416, 0, 146.3756238525, 143.4268187377, -0.02275108722215, 0, -0.2246929453865, -0.01746899783073, 0.1782219882282, -0.01746899783073, 0.7592371946865, 0.7601381870101, -0.8152232290917, -0.8148626535848, -0.02798829664419, -0.02693773109315, 0.7595373804323, 0.7605617754046, 0, -0.8155637910225, -0.8144372375909, -0, -0, -0, -0, 0.002697173920828, 0.3940756415466, 0.3912397656723, 0.3932273391795, 0, 0.3912325015098, 0.3949239439136
10.575, 0.2055912785107, 0.1468187954826, -0.1975480162585, 0.146909631323, 0.01715467341495, -0.009156120332249, 0.001190182210428, 0.01592867809851, 0, 0, -1000, 0, 1000, 7517.323954085, 3608.925282847, 7530.221602613, 3549.115153613, 24.09799666211, 46.62442985581, 24.5792782789, 28.25186686059, -246.1049839226, -70.41331397841, 239.4035658098, -95.18743196506, 5396.417975844, 3561.426885065, 5410.405280331, 4382.586280657, 3, 0.6042452457724, 37.76094663648, -0.1546183176316, -74.81664233262, -1.532728738266, 10.73007946838, -1.389624418612, 9.265296267367, 0, 0, 0.02705604738773, -0, -0, -0, -0, -0, 0.02706047485977, 0.006222401235803, 0, 0, 0, 0, 0, 0.05950667932174, 0.006222401929567, -0.04253520141849, 0.0595066726849, 0.05130596878944, 0.0595066726849, 59.43362723982, 59.44833815063, 59.43331729163, 59.44821928173, 146.7229928642, -0.2009347181578, 0.2020251182461, 0, 1, 50.00048132525, 50, 50.00148046603, 0.005111165106274, 0, 0, 0, 0, 0, 0, 0, 0, 146.7234673482, 143.7746529759, 146.7228524834, 143.7739177745, 146.7229928642, 143.7742851841, 146.7234684805, 143.7746527844, 0, 146.7228535812, 143.7739175839, -0.02245433466457, 0, -0.2233689721449, -0.02674534076596, 0.1795465971107, -0.02674534076596, 0.7591274009356, 0.7610046719559, -0.8153330028185, -0.8139960058983, -0.02809299671874, -0.02690496129288, 0.7594178547291, 0.7605945281865, 0, -0.815683324222, -0.8144044507722, -0, 5.551115123126e-17, -0, -0, 0.002697256138896, 0.3940874237451, 0.3912500555805, 0.3949053111482, 0, 0.3912221433885, 0.393269536342
10.6, 0.1977766808585, -0.1503822782492, -0.2053560260787, -0.1502879745689, -0.02139063527182, 0.008947444867486, -0.001429642709576, 0.01624015625236, 0, 0, 1000, 0, -1000, 7519.290194841, 3544.227612799, 7528.251036561, 3613.791053788, 24.64144124897, 28.47987985509, 24.03056143095, 46.32524310646, -240.0413544219, 93.68533361758, 245.4679451127, 69.28361686737, 5401.121773439, 4383.032902153, 5405.669938905, 3561.782220788, 3, -0.1076472429895, -76.06607772292, 0.5430811342784, 39.47001912783, -1.512138810277, 9.124329101106, -1.410332359906, 10.87120103774, 0, 0, 0.02703753675094, -0, -0, -0, -0, -0, 0.02704281747235, 0.00403250276684, 0, 0, 0, 0, 0, -0.05951329448341, 0.004032503215827, -0.04387708550609, -0.05951328785449, 0.04996734297326, -0.05951328785449, 59.57428013501, 59.58900789919, 59.57396628115, 59.58891950282, 147.0702177431, -0.202042667935, 0.200917390875, 0, 1, 50.00046959198, 50, 50.00144735596, 0.00489209787853, 0, 0, 0, 0, 0, 0, 0, 0, 147.0706985062, 144.1217535577, 147.0700708353, 144.1212659637, 147.0702177431, 144.1215098874, 147.0706996821, 144.1217536841, 0, 147.0700718955, 144.1212660907, -0.02284975901486, 0, -0.2248717328673, -0.01773781597042, 0.1780440868874, -0.01773781597042, 0.7589669307199, 0.7598906201752, -0.8154934529968, -0.8151101539862, -0.02825852210418, -0.02720042788859, 0.7592665404293, 0.7602991095555, 0, -0.8158346424089, -0.8146999653327, 5.551115123126e-17, -0, -0, -0, 0.002697345924305, 0.3940866249361, 0.3912406785586, 0.3932686466111, 0, 0.391231584414, 0.3949046032612
10.625, 0.2059118497332, 0.1570498994191, -0.1972208268402, 0.1571541804965, 0.01754049611456, -0.009010582153348, 0.001584706794834, 0.01745107190309, 0, 0, -1000, 0, 1000, 7517.275094808, 3608.038723045, 7530.247538795, 3550.328966872, 24.11633027452, 46.086966908, 24.6647527502, 29.0337958808, -245.9967159707, -69.48480273787, 239.5011784006, -93.58088431934, 5396.940008274, 3574.941470079, 5409.791138186, 4368.732208971, 3, 0.4827726632212, 42.73084173013, -0.04869751773581, -77.7931067103, -1.533314472012, 10.70713746698, -1.389425021846, 9.295402548586, 0, 0, 0.02698776372219, -0, -0, -0, -0, -0, 0.02699188862922, 0.006168815304756, 0, 0, 0, 0, 0, 0.05752336548532, 0.006168815989078, -0.04260023033648, 0.05752335910216, 0.05124887202043, 0.05752335910216, 59.71492989406, 59.729707122, 59.71461845375, 59.72959021889, 147.4174429099, -0.2008615035914, 0.2020992984674, 0, 1, 50.00045054403, 50, 50.00138984755, 0.004724090436991, 0, 0, 0, 0, 0, 0, 0, 0, 147.4179184556, 144.4691024375, 147.4173005388, 144.4683683405, 147.4174429099, 144.4687352046, 147.4179195899, 144.4691022527, 0, 147.4173016351, 144.4683681565, -0.02256955151385, 0, -0.2234109945098, -0.02670516779966, 0.1795056482529, -0.02670516779966, 0.7588546215266, 0.7607217748305, -0.8156057405159, -0.8142788478594, -0.0283657202344, -0.027174189702, 0.7591455185993, 0.7603253278746, 0, -0.815955673153, -0.8146737072786, -0, -0, -0, 5.551115123126e-17, 0.002697540799386, 0.3940877758109, 0.3912490153456, 0.3948784036384, 0, 0.3912233671277, 0.3932971479833
10.65, 0.1974612461571, -0.1599908252382, -0.2056707585612, -0.159883768343, -0.02180903602757, 0.008837936531478, -0.001793763078389, 0.01780271732919, 0, 0, 1000, 0, -1000, 7519.302186442, 3545.419919907, 7528.212175399, 3613.144132132, 24.73996225753, 29.27967702247, 24.07365352275, 45.92025880226, -240.030692474, 92.36178610501, 245.4694072163, 68.53248399433, 5400.899442832, 4369.913318762, 5405.866294354, 3572.571879082, 3, 0.03016786714952, -78.73555836298, 0.4016069421947, 44.20586672324, -1.512086964585, 9.153412105844, -1.410812469242, 10.85294833935, 0, 0, 0.02697298912774, -0, -0, -0, -0, -0, 0.02697797718252, 0.004043202942815, 0, 0, 0, 0, 0, -0.05778067273991, 0.004043203390846, -0.04385865560701, -0.0577806663348, 0.04999478470773, -0.0577806663348, 59.85558270572, 59.87037928431, 59.85526743715, 59.87028786242, 147.7646676081, -0.2021484405093, 0.200812605176, 0, 1, 50.00043806286, 50, 50.0013672879, 0.004720692297849, 0, 0, 0, 0, 0, 0, 0, 0, 147.76514939, 144.8162069451, 147.7645188041, 144.8157127757, 147.7646676081, 144.8159599851, 147.7651505665, 144.8162070696, 0, 147.7645198637, 144.8157129007, -0.02295032048222, 0, -0.225078124887, -0.01797701976514, 0.177838783006, -0.01797701976514, 0.7586944810063, 0.7596376197027, -0.8157658556017, -0.8153631036582, -0.02853102037129, -0.02746531778061, 0.758993965204, 0.7600342430143, 0, -0.8161072320552, -0.8149648785755, -5.551115123126e-17, -0, -5.551115123126e-17, 5.551115123126e-17, 0.00269758569305, 0.3940889577757, 0.3912411215445, 0.393294793399, 0, 0.3912311931044, 0.3948831221524
10.675, 0.2063330768458, 0.1674202314144, -0.1968027921874, 0.1675389945725, 0.01798602015968, -0.008887665688746, 0.001934369283585, 0.01870846774767, 0, 0, -1000, 0, 1000, 7517.283755175, 3607.597780123, 7530.22527126, 3551.90328636, 24.16097859013, 45.64534039175, 24.7455509171, 30.06219250541, -246.0122231222, -68.61531235866, 239.4851205724, -92.10336958922, 5397.212551318, 3583.475494548, 5409.621860366, 4350.50928623, 3, 0.3618120527085, 47.67700035704, 0.07736145955812, -80.82318711911, -1.533296373132, 10.69177840869, -1.389731298593, 9.33214742547, 0, 0, 0.02696697951527, -0, -0, -0, -0, -0, 0.02697081827129, 0.006125208914218, 0, 0, 0, 0, 0, 0.05558438005344, 0.006125209592657, -0.04264843950302, 0.05558437389507, 0.05120717754241, 0.05558437389507, 59.99623237174, 60.01107617526, 59.99591942222, 60.01096113782, 148.1118920817, -0.2007817525216, 0.2021796170593, 0, 1, 50.00041807631, 50, 50.00131295679, 0.004576728541717, 0, 0, 0, 0, 0, 0, 0, 0, 148.1123690533, 145.1635523057, 148.1117480019, 145.1628191591, 148.1118920817, 145.1631855544, 148.112370189, 145.1635521274, 0, 148.1117490971, 145.1628189815, -0.02268755031901, 0, -0.2234492350835, -0.02667059675037, 0.1794680060993, -0.02667059675037, 0.7585807918904, 0.760438233518, -0.8158795349149, -0.8145623370041, -0.02863951648247, -0.02744437770321, 0.758872017756, 0.7600551663999, 0, -0.8162291831599, -0.8149439218063, -0, -0, -0, -0, 0.002697581936173, 0.3940974392673, 0.3912484721864, 0.394861416788, 0, 0.3912237045889, 0.3933334617466
10.7, 0.1970112064763, -0.171620789892, -0.2061193492841, -0.1714971899602, -0.02233092101562, 0.008670535739912, -0.002154568852237, 0.01889515474059, 0, 0, 1000, 0, -1000, 7519.330294082, 3547.294834906, 7528.186104188, 3612.521177664, 24.79926905161, 30.52469641196, 24.11099111795, 45.27328515739, -240.0306132324, 90.4006789032, 245.4682161279, 67.34196854499, 5400.613590783, 4347.999697238, 5406.208066301, 3582.988961347, 3, 0.1459949983153, -82.27901605951, 0.2824316443927, 49.65591115511, -1.511864690315, 9.197166678622, -1.411157878449, 10.83297472118, 0, 0, 0.02696465016648, -0, -0, -0, -0, -0, 0.02696925651036, 0.004067864833725, 0, 0, 0, 0, 0, -0.05543777604004, 0.00406786528421, -0.04382576764806, -0.05543776989862, 0.05003047400409, -0.05543776989862, 60.13688501984, 60.15175116671, 60.13656839167, 60.15165604934, 148.4591165009, -0.2022125299397, 0.2007486941881, 0, 1, 50.00040458473, 50, 50.00127818698, 0.004382731108488, 0, 0, 0, 0, 0, 0, 0, 0, 148.4595996133, 145.5106611547, 148.4589662538, 145.5101591774, 148.4591165009, 145.5104102876, 148.4596007898, 145.510661276, 0, 148.4589673132, 145.5101592992, -0.02304778122831, 0, -0.2252396968498, -0.01826105767465, 0.1776774018056, -0.01826105767465, 0.7584210236171, 0.7593884008934, -0.8160392973749, -0.8156122563663, -0.0288045244513, -0.02773060725282, 0.7587202836752, 0.7597689841235, 0, -0.8163809169321, -0.8152301986292, -0, -0, -0, -0, 0.002697591528242, 0.3941004244283, 0.3912416911426, 0.3933384619006, 0, 0.3912305120713, 0.394862386956
10.725, 0.2066457081463, 0.1792720537247, -0.1964799061105, 0.1794086653876, 0.01876510068295, -0.008688377662676, 0.002293061216084, 0.0198070424321, 0, 0, -1000, 0, 1000, 7517.324400263, 3606.627079689, 7530.181863468, 3553.469087098, 24.19549005172, 44.76342751711, 24.79293021322, 31.2590661219, -245.9308661676, -67.25041026578, 239.5571998943, -89.86885663719, 5397.743075835, 3598.163064361, 5409.014316974, 4331.559000796, 3, 0.2555469486299, 53.45027487798, 0.1619676191462, -84.39885370115, -1.532941522575, 10.66583303081, -1.390257740756, 9.370067145388, 0, 0, 0.02693031090116, -0, -0, -0, -0, -0, 0.02693380890257, 0.006010800064648, 0, 0, 0, 0, 0, 0.05314675831391, 0.006010800728605, -0.04275327583147, 0.05314675244176, 0.05110565177854, 0.05314675244176, 60.27753477, 60.29244485079, 60.27722031794, 60.29233207933, 148.8063412603, -0.2007263260016, 0.2022354508179, 0, 1, 50.00038543151, 50, 50.00121219575, 0.004120277406017, 0, 0, 0, 0, 0, 0, 0, 0, 148.8068195302, 145.8580009747, 148.8061953843, 145.8572698031, 148.8063412603, 145.8576352192, 148.8068206691, 145.8580008047, 0, 148.806196477, 145.8572696337, -0.02280274936426, 0, -0.2235089858676, -0.02659874999972, 0.1794087208989, -0.02659874999972, 0.7583050134011, 0.760148967988, -0.8161552957058, -0.8148515398714, -0.0289153449364, -0.02771684915528, 0.7585969543541, 0.7597827271972, 0, -0.8165042518026, -0.8152164255078, -0, -0, -0, 5.551115123126e-17, 0.002697744294518, 0.3941017009074, 0.3912474148314, 0.3948321746334, 0, 0.3912249154532, 0.3933712271814
10.75, 0.1968038972327, -0.1826224301808, -0.2063175330395, -0.1824819527063, -0.02307030003508, 0.008493849529861, -0.002498466656495, 0.02010160314662, 0, 0, 1000, 0, -1000, 7519.376220432, 3548.59401867, 7528.119311434, 3611.525266865, 24.85754567117, 31.5791990439, 24.1586907054, 44.45875762444, -240.0905624462, 88.41414632722, 245.3949899759, 66.13465509939, 5400.243585285, 4333.055120786, 5406.49148315, 3597.530081398, 3, 0.2397455187789, -85.45578319176, 0.1682741311977, 55.2019862004, -1.511453905741, 9.22967049967, -1.411929652792, 10.80685385698, 0, 0, 0.02690553707474, -0, -0, -0, -0, -0, 0.02690980715609, 0.004072012800531, 0, 0, 0, 0, 0, -0.05330104720695, 0.004072013249501, -0.04381156037821, -0.05330104132824, 0.05005198291162, -0.05330104132824, 60.41818735308, 60.43312239652, 60.41786937281, 60.43302405021, 149.1535658593, -0.2022805646044, 0.2006815729514, 0, 1, 50.0003724335, 50, 50.00118209348, 0.004049995560805, 0, 0, 0, 0, 0, 0, 0, 0, 149.1540499673, 146.2051142142, 149.1534138131, 146.2046048285, 149.1535658593, 146.20485964, 149.1540511443, 146.2051143326, 0, 149.1534148719, 146.2046049473, -0.02314561297859, 0, -0.2254056150489, -0.01853056354577, 0.1775124902436, -0.01853056354577, 0.7581461991065, 0.759136277043, -0.816314084135, -0.8158643221017, -0.02907939920466, -0.02799739883889, 0.7584453627118, 0.7595022192164, 0, -0.8166558500697, -0.8154970168942, -0, -0, -0, -0, 0.002697858053573, 0.3941008402237, 0.3912424282793, 0.3933682458799, 0, 0.3912299473678, 0.3948334345674
10.775, 0.2068592451757, 0.1898504997626, -0.1962656366449, 0.1900040603396, 0.01956243738819, -0.008543759654446, 0.002600168198842, 0.02084153919837, 0, 0, -1000, 0, 1000, 7517.365237553, 3605.860924721, 7530.120278915, 3554.694351271, 24.24860116504, 44.04760377876, 24.84988742373, 32.28490457326, -245.9238988094, -66.21976313622, 239.5590982781, -88.1848454772, 5398.01669544, 3610.074451983, 5408.792968723, 4316.610866577, 3, 0.1482800194981, 58.77830921739, 0.2627307695289, -87.41675340489, -1.532583531975, 10.64432231646, -1.390974823854, 9.400010713693, 0, 0, 0.02690492736682, -0, -0, -0, -0, -0, 0.02690816344213, 0.005936127669228, 0, 0, 0, 0, 0, 0.05120033936296, 0.005936128323701, -0.04282576745702, 0.05120033371664, 0.05104095318528, 0.05120033371664, 60.55883704287, 60.57381353039, 60.55852116316, 60.57370247736, 149.5007900975, -0.2006114674803, 0.2023527206651, 0, 1, 50.00035383794, 50, 50.0011272502, 0.003949735105443, 0, 0, 0, 0, 0, 0, 0, 0, 149.5012696691, 146.5524496351, 149.5006425747, 146.551719507, 149.5007900975, 146.5520844078, 149.5012708099, 146.5524494716, 0, 149.500643666, 146.5517193441, -0.0229154724675, 0, -0.2235068355005, -0.02656078988076, 0.1794133204152, -0.02656078988076, 0.7580285507205, 0.7598627024933, -0.816431717091, -0.8151377571285, -0.02919180797346, -0.02798970504286, 0.7583209862755, 0.7595098959125, 0, -0.8167802318102, -0.8154893059982, -0, -0, -5.551115123126e-17, -5.551115123126e-17, 0.002697871618047, 0.3941047377455, 0.3912468694029, 0.394808458993, 0, 0.3912253567796, 0.393401016498
10.8, 0.1964837447416, -0.1940336958379, -0.2066399344935, -0.1938746382765, -0.02380046061717, 0.008315016545198, -0.002785226415343, 0.02090443028195, 0, 0, 1000, 0, -1000, 7519.420968499, 3550.3368598, 7528.071885252, 3610.824397217, 24.89913529794, 32.93039171687, 24.22230309279, 43.6657182807, -240.0920204475, 86.35225495833, 245.394151718, 64.83100642878, 5400.11012487, 4312.208617839, 5406.736377649, 3608.09479973, 3, 0.3329810136494, -88.85087945184, 0.07586681104178, 60.78120135743, -1.511054804375, 9.270616070542, -1.412497953468, 10.78500751411, 0, 0, 0.02691976356748, -0, -0, -0, -0, -0, 0.02692368854847, 0.004064100294996, 0, 0, 0, 0, 0, -0.05102478196872, 0.004064100743567, -0.04380816651158, -0.05102477633526, 0.05005938239705, -0.05102477633526, 60.69948941915, 60.71449371145, 60.69917014404, 60.71439205456, 149.8480140515, -0.2023313596783, 0.2006326184962, 0, 1, 50.0003387288, 50, 50.00109457646, 0.003834420247885, 0, 0, 0, 0, 0, 0, 0, 0, 149.8484995705, 146.8995674923, 149.8478607884, 146.8990505039, 149.8480140515, 146.8993091133, 149.8485007481, 146.8995676073, 0, 149.8478618465, 146.8990506193, -0.0232383907235, 0, -0.2255491786345, -0.01880713879077, 0.1773707421338, -0.01880713879077, 0.7578700856015, 0.7588838532119, -0.8165901755422, -0.8161166864889, -0.02935557293838, -0.02826544079189, 0.7581692262323, 0.759234204508, 0, -0.8169319915786, -0.8157650860918, -0, -0, -0, -0, 0.002697831654266, 0.3941110952953, 0.3912426941543, 0.3934097869896, 0, 0.3912294594862, 0.394812403601
10.825, 0.207203734277, 0.2025297860476, -0.1959123028155, 0.2027050528726, 0.0205830673121, -0.008291172300671, 0.00285585713009, 0.02134262017657, 0, 0, -1000, 0, 1000, 7517.429059324, 3604.87240243, 7530.059838088, 3556.683036698, 24.31347367627, 42.89414255931, 24.857715429, 33.93816247467, -245.8874216012, -64.39363930964, 239.5914220676, -85.32359939306, 5398.467974689, 3624.796866083, 5408.341294036, 4292.067721261, 3, 0.06429081052217, 64.93768428163, 0.3300172720318, -91.35539819052, -1.531983623985, 10.61627447121, -1.391679229149, 9.447079753889, 0, 0, 0.02690952015345, -0, -0, -0, -0, -0, 0.02691239188539, 0.005823205801971, 0, 0, 0, 0, 0, 0.04835489652097, 0.005823206444213, -0.04292268944205, 0.04835489118677, 0.05094639156138, 0.04835489118677, 60.84013916553, 60.85518195264, 60.83982178068, 60.85507341105, 150.1952382805, -0.2006139091159, 0.2023496884478, 0, 1, 50.0003192708, 50, 50.00102485892, 0.003508171309102, 0, 0, 0, 0, 0, 0, 0, 0, 150.1957194411, 147.2468975412, 150.1950892306, 147.2461703573, 150.1952382805, 147.2465337957, 150.1957205851, 147.2468973874, 0, 150.1950903193, 147.246170204, -0.02302831163874, 0, -0.2236220676629, -0.02645368663832, 0.1792974890063, -0.02645368663832, 0.75775053496, 0.7595676550577, -0.8167097193406, -0.8154327379715, -0.02946990662519, -0.02826515527546, 0.7580436316705, 0.7592344803383, 0, -0.8170575891822, -0.8157647908892, -0, -0, -5.551115123126e-17, -0, 0.002697924254073, 0.3941145363508, 0.3912459699453, 0.3947791485196, 0, 0.3912262571043, 0.3934499241819
10.85, 0.1963378586932, -0.2062144276834, -0.2067698471374, -0.2060340710907, -0.02485051342539, 0.008057850047536, -0.003050246254633, 0.0214518174128, 0, 0, 1000, 0, -1000, 7519.442575491, 3551.874920658, 7528.03443718, 3609.509763231, 24.90464363569, 34.34175210455, 24.27706265865, 42.42274486959, -240.2002431827, 83.53489219366, 245.2725323496, 63.03617167015, 5399.55471766, 4293.436052941, 5407.170805707, 3626.164670556, 3, 0.3807847244902, -92.57044266883, -0.004265298489014, 66.90008532802, -1.51089593793, 9.309126535686, -1.412960920704, 10.75147234356, 0, 0, 0.02688004153625, -0, -0, -0, -0, -0, 0.02688358418815, 0.004113152028461, 0, 0, 0, 0, 0, -0.04835493471455, 0.004113152481108, -0.04375960117836, -0.04835492939175, 0.05011410923803, -0.04835492939175, 60.98079147053, 60.99586485342, 60.9804709332, 60.99575977098, 150.5424627184, -0.2023579178671, 0.2006061005219, 0, 1, 50.0003062502, 50, 50.00098788801, 0.00333838695281, 0, 0, 0, 0, 0, 0, 0, 0, 150.542949261, 147.5940203735, 150.5423078903, 147.5934950414, 150.5424627184, 147.5937578184, 150.5429504379, 147.5940204843, 0, 150.5423089489, 147.5934951525, -0.02333096173274, 0, -0.2256683607911, -0.01911066975555, 0.177251662262, -0.01911066975555, 0.7575934358157, 0.7586337307961, -0.8168667933387, -0.8163667424951, -0.02963221168104, -0.02853389405116, 0.7578922456646, 0.7589657816926, 0, -0.8172089823067, -0.816033569795, -0, -0, -0, -0, 0.002698104071643, 0.3941118111163, 0.3912438007963, 0.3934471984223, 0, 0.3912285937653, 0.3947764238103
10.875, 0.2073982507121, 0.2143411252736, -0.1957080031352, 0.2145379566736, 0.02168292524688, -0.008082855845274, 0.00309418041284, 0.02201156981228, 0, 0, -1000, 0, 1000, 7517.42096431, 3603.699917357, 7530.029989495, 3558.001609917, 24.39174438517, 41.76841437342, 24.88128553249, 35.23381664023, -245.8636307215, -62.8867494518, 239.6019673201, -82.94237110745, 5398.647221867, 3641.77512643, 5408.093351717, 4276.390010843, 3, -0.0367371617974, 71.05171503994, 0.4083932965223, -94.74541575046, -1.532136775478, 10.58569719053, -1.392062337365, 9.480476553208, 0, 0, 0.02685069126707, -0, -0, -0, -0, -0, 0.02685327301649, 0.005783913778712, 0, 0, 0, 0, 0, 0.04598842810105, 0.005783914413834, -0.04296476035865, 0.04598842305016, 0.05091562359743, 0.04598842305016, 61.121441328, 61.13655025673, 61.12112246586, 61.13644366974, 150.8896870643, -0.2005995965525, 0.2023653415053, 0, 1, 50.00028593955, 50, 50.00092155191, 0.00318433258685, 0, 0, 0, 0, 0, 0, 0, 0, 150.8901693349, 147.9413450386, 150.8895361028, 147.940619964, 150.8896870643, 147.9409823557, 150.8901704804, 147.9413448928, 0, 150.8895371902, 147.9406198186, -0.02313892209776, 0, -0.2237183899185, -0.02637695687323, 0.1792025981184, -0.02637695687323, 0.7574720777118, 0.759275528956, -0.8169881175593, -0.8157248114885, -0.02974834884844, -0.02854097606782, 0.7577654614329, 0.7589586868107, 0, -0.8173357777532, -0.8160406389463, -0, -0, -0, -0, 0.002698260567434, 0.3941132543844, 0.391245612664, 0.394745340719, 0, 0.3912267511998, 0.3934811680497
10.9, 0.1961322017292, -0.2173408729803, -0.2069742480241, -0.2171399813802, -0.02587715513084, 0.007859864663175, -0.003272736288614, 0.0219213098605, 0, 0, 1000, 0, -1000, 7519.391856093, 3553.239015917, 7528.057045806, 3608.58599545, 24.92567036167, 35.61796228003, 24.35137639985, 41.44221674339, -240.2561565544, 81.34640271043, 245.2154119554, 61.60952729717, 5399.306342286, 4276.468388005, 5407.521408388, 3639.734142849, 3, 0.4433179590577, -95.83112913536, -0.07143388395241, 72.57802356069, -1.51149539208, 9.342353976659, -1.412793045324, 10.72582795259, 0, 0, 0.02687016878424, -0, -0, -0, -0, -0, 0.02687341132795, 0.004184500328855, 0, 0, 0, 0, 0, -0.04614201106033, 0.004184500789015, -0.04370534304977, -0.04614200598497, 0.05017820169294, -0.04614200598497, 61.26209339031, 61.27723560115, 61.26177160213, 61.2771275451, 151.2369107861, -0.202355310139, 0.2006097285133, 0, 1, 50.00027428422, 50, 50.00090181291, 0.003188286737688, 0, 0, 0, 0, 0, 0, 0, 0, 151.2373985403, 148.2884725076, 151.2367546096, 148.2879398643, 151.2369107861, 148.2882062933, 151.2373997162, 148.2884726147, 0, 151.236755669, 148.2879399718, -0.02342454765249, 0, -0.2257593717557, -0.01937663453266, 0.1771616831122, -0.01937663453266, 0.7573156318178, 0.7583786165451, -0.8171445448158, -0.8166218041269, -0.02990992151648, -0.02880420096815, 0.7576140715439, 0.7586954986297, 0, -0.8174871708096, -0.816303900566, -0, -0, -0, -5.551115123126e-17, 0.002698217973622, 0.3941152083217, 0.3912442958506, 0.393481011072, 0, 0.3912278949709, 0.3947494055713
10.925, 0.2076399907044, 0.2264254531602, -0.1954655638546, 0.2266456667819, 0.02272998410799, -0.007817225538911, 0.003228958041026, 0.02214113636783, 0, 0, -1000, 0, 1000, 7517.378602665, 3602.695377289, 7530.067821176, 3560.067050628, 24.48499600325, 40.54434598437, 24.88268280617, 37.03814782085, -245.8722583025, -60.8936032084, 239.596726783, -79.92024176534, 5398.887720223, 3655.803359511, 5407.980604335, 4251.30393755, 3, -0.1024326119175, 77.06686220427, 0.473449943526, -98.44283032896, -1.532648678309, 10.55642026336, -1.3917344996, 9.529255874682, 0, 0, 0.02687622071078, -0, -0, -0, -0, -0, 0.02687847223665, 0.005788878342619, 0, 0, 0, 0, 0, 0.04315394564204, 0.005788878979496, -0.04297213872644, 0.04315394089356, 0.05091290958531, 0.04315394089356, 61.40274323831, 61.41791852408, 61.40242286093, 61.41781420416, 151.5841345273, -0.2005932872753, 0.2023712413947, 0, 1, 50.00025062815, 50, 50.00082692665, 0.002917451429867, 0, 0, 0, 0, 0, 0, 0, 0, 151.5846185491, 148.6357923192, 151.5839821601, 148.6350703505, 151.5841345273, 148.6354311988, 151.5846196954, 148.6357921829, 0, 151.5839832467, 148.6350702147, -0.02325440539487, 0, -0.223827541358, -0.0262639666803, 0.1790929933535, -0.0262639666803, 0.7571926993733, 0.7589785313528, -0.8172674693727, -0.8160217499059, -0.03002766089469, -0.02881845518042, 0.7574861331159, 0.7586812387178, 0, -0.8176151112366, -0.8163181490786, 5.551115123126e-17, -0, -0, -0, 0.002698225431004, 0.3941242833335, 0.3912451335459, 0.394717411231, 0, 0.3912269758126, 0.3935311554359
10.95, 0.1959178116192, -0.2304455921462, -0.2071764056027, -0.2302190219995, -0.02715442228084, 0.007530193290873, -0.003395101820484, 0.02181459723939, 0, 0, 1000, 0, -1000, 7519.310084285, 3555.334125475, 7528.138943591, 3607.249286694, 24.90067344185, 37.56927691373, 24.43218396434, 39.89192009166, -240.3177417178, 77.68454701139, 245.1491906958, 59.19212232152, 5398.784934959, 4250.031243638, 5408.016602725, 3658.623804527, 3, 0.4750046643439, -99.9715457842, -0.1268385702163, 79.04511697998, -1.512419890205, 9.392932268225, -1.412002149552, 10.68985279144, 0, 0, 0.0268729042015, -0, -0, -0, -0, -0, 0.02687572750053, 0.004320633485241, 0, 0, 0, 0, 0, -0.04285732959198, 0.004320633960469, -0.04359429113979, -0.04285732487711, 0.05029219982977, -0.04285732487711, 61.54339515096, 61.5586068263, 61.54307211279, 61.55849501881, 151.9313584244, -0.2023467431144, 0.2006178776576, 0, 1, 50.00023930135, 50, 50.00079337613, 0.002683937631831, 0, 0, 0, 0, 0, 0, 0, 0, 151.9318474498, 148.9829258208, 151.9312010128, 148.9823836769, 151.9313584244, 148.9826548503, 151.9318486232, 148.9829259221, 0, 151.9312020741, 148.9823837785, -0.02351673469652, 0, -0.2258430414059, -0.01972225353697, 0.177077589767, -0.01972225353697, 0.7570371405231, 0.7581311264307, -0.8174230197763, -0.8168692208725, -0.03018827843692, -0.02907424280873, 0.7573348227256, 0.7584254902318, 0, -0.8177664233058, -0.8165739758493, -0, -0, 5.551115123126e-17, -0, 0.00269831090909, 0.3941227432806, 0.391245335088, 0.3935336922112, 0, 0.3912269078459, 0.39471179435
10.975, 0.2076775679966, 0.2389124079274, -0.1954107772312, 0.2391583742147, 0.02402511604503, -0.007508685719881, 0.003365521116502, 0.02206886538208, 0, 0, -1000, 0, 1000, 7517.320308819, 3601.03836285, 7530.105352891, 3561.554165811, 24.56043591471, 38.97054745221, 24.85764295272, 38.61037157376, -245.7448502296, -58.67148027428, 239.711766737, -76.57603357575, 5399.242938529, 3677.646472107, 5407.502800379, 4232.744218956, 3, -0.1652558969128, 83.49833465921, 0.4994689123999, -102.278351454, -1.533326905497, 10.51503363413, -1.391407832366, 9.567700247655, 0, 0, 0.02683576747846, -0, -0, -0, -0, -0, 0.02683770312935, 0.005765024187041, 0, 0, 0, 0, 0, 0.04022608787086, 0.005765024819385, -0.04300396321157, 0.04022608345796, 0.05088828956586, 0.04022608345796, 61.68404520459, 61.69928647375, 61.68372328941, 61.6991843034, 152.2785826591, -0.2006058695107, 0.2023596480906, 0, 1, 50.00021840902, 50, 50.00071747349, 0.002432217690254, 0, 0, 0, 0, 0, 0, 0, 0, 152.279067981, 149.3302383427, 152.2784284403, 149.3295196515, 152.2785826591, 149.3298788708, 152.2790691288, 149.3302382162, 0, 152.2784295256, 149.3295195254, -0.02336890774643, 0, -0.223954641373, -0.0261447378757, 0.1789669450314, -0.0261447378757, 0.7569115216021, 0.7586791257788, -0.8175486090942, -0.8163210984166, -0.03030880959845, -0.0290976898814, 0.7572051721235, 0.7584020340474, 0, -0.8178960836962, -0.8165974138102, -0, -5.551115123126e-17, -0, -0, 0.002698523146441, 0.394121027676, 0.3912444257769, 0.3946739137418, 0, 0.3912279277622, 0.3935681416102
11, 0.1958090466573, -0.2424640161228, -0.2072772523408, -0.2422125447011, -0.02847673207946, 0.007269861821188, -0.003508374183422, 0.02194132963496, 0, 0, 1000, 0, -1000, 7519.242877067, 3556.794389069, 7528.168017684, 3605.91995911, 24.90153274111, 39.11123349776, 24.53789802309, 38.53592808551, -240.3271604528, 74.75675306441, 245.1295089063, 57.24748308578, 5398.564906384, 4232.253902781, 5408.210877753, 3677.574771206, 3, 0.5308146646149, -103.4595808862, -0.2014477151553, 85.33618766356, -1.513191600677, 9.429606009352, -1.411764285761, 10.65519368195, 0, 0, 0.02682519190206, -0, -0, -0, -0, -0, 0.02682769422297, 0.00438734446278, 0, 0, 0, 0, 0, -0.04019575222059, 0.004387344943632, -0.04354446223697, -0.04019574781431, 0.05035347700176, -0.04019574781431, 61.8246969702, 61.83997737253, 61.82437263893, 61.83986243536, 152.6258064928, -0.2023675697404, 0.200598405447, 0, 1, 50.00020530449, 50, 50.00069160537, 0.002422738298246, 0, 0, 0, 0, 0, 0, 0, 0, 152.6262965069, 149.677377874, 152.6256474418, 149.676827376, 152.6258064928, 149.6771027217, 152.6262976796, 149.6773779706, 0, 152.6256485038, 149.6768274728, -0.02361176407552, 0, -0.2259589567812, -0.0200261622655, 0.1769631014899, -0.0200261622655, 0.7567564199786, 0.7578769136478, -0.817703680355, -0.8171233777303, -0.0304689129842, -0.02934673674426, 0.7570537622568, 0.7581530213611, 0, -0.8180475019572, -0.8168464948496, -0, -0, 5.551115123126e-17, -0, 0.002698603294425, 0.3941215876003, 0.3912457736506, 0.3935691184817, 0, 0.3912265204765, 0.3946740567189
11.025, 0.2079053434669, 0.2518993643039, -0.1951820631, 0.2521734786706, 0.02528150065022, -0.007179270508689, 0.003385951830147, 0.02194785830736, 0, 0, -1000, 0, 1000, 7517.284903912, 3599.858918708, 7530.108119663, 3563.880565868, 24.68336847395, 37.47187934222, 24.86713139819, 40.69225837476, -245.7351093577, -56.17566421747, 239.7192403579, -72.88691039385, 5399.479059846, 3695.454058987, 5407.376971792, 4205.412690347, 3, -0.2131942775944, 90.17771790676, 0.543138232997, -106.1451162212, -1.533765052679, 10.48068227231, -1.391445750012, 9.622945650068, 0, 0, 0.02681492076746, -0, -0, -0, -0, -0, 0.02681653083291, 0.005753196551012, 0, 0, 0, 0, 0, 0.0369550072115, 0.00575319718108, -0.04302178772893, 0.03695500316384, 0.05088118768346, 0.03695500316384, 61.96534706104, 61.9806545272, 61.96502352595, 61.98055468446, 152.9730301772, -0.2006607624182, 0.2023058206797, 0, 1, 50.00017928976, 50, 50.00061016203, 0.002165807344471, 0, 0, 0, 0, 0, 0, 0, 0, 152.9735170564, 150.0246850489, 152.9728741161, 150.0239702376, 152.9730301772, 150.0243275279, 152.9735182056, 150.0246849334, 0, 152.9728752002, 150.0239701224, -0.02349005925376, 0, -0.2241306930888, -0.02600359357753, 0.1787919878719, -0.02600359357753, 0.7566291295035, 0.7583758891739, -0.8178309438056, -0.8166242762242, -0.03059117462318, -0.02937840239681, 0.7569229013819, 0.7581213526963, 0, -0.8181783701406, -0.8168781574899, -0, -0, -0, -0, 0.00269865121257, 0.3941305288268, 0.3912439553245, 0.3946384556448, 0, 0.3912281784598, 0.3936226020088
11.05, 0.1956162249031, -0.2561619418105, -0.2074620353031, -0.2558804073466, -0.02993536602788, 0.006866382478014, -0.003501855585337, 0.02138112906684, 0, 0, 1000, 0, -1000, 7519.167758744, 3559.233217736, 7528.226145298, 3604.389287302, 24.87480845748, 41.32808462081, 24.62912460166, 36.6914558273, -240.399217515, 70.33536393505, 245.0568531778, 54.21751568996, 5398.092129588, 4202.323046987, 5408.746978768, 3699.624266092, 3, 0.5497917847788, -107.8209110097, -0.2380122245642, 92.17110919426, -1.514045805441, 9.488212268405, -1.411220723526, 10.6136638977, 0, 0, 0.02681036880045, -0, -0, -0, -0, -0, 0.02681245133198, 0.004511546533101, 0, 0, 0, 0, 0, -0.03642891011739, 0.004511547027021, -0.04344805741772, -0.03642890612857, 0.05045693652371, -0.03642890612857, 62.10599857235, 62.12134857818, 62.10567300078, 62.12122964852, 153.3202538443, -0.2022932708493, 0.2006734326634, 0, 1, 50.00016862951, 50, 50.00058163038, 0.001962356837731, 0, 0, 0, 0, 0, 0, 0, 0, 153.3207449996, 150.3718314977, 153.3200934489, 150.3712703397, 153.3202538443, 150.371551008, 153.3207461698, 150.3718315868, 0, 153.3200945129, 150.3712704291, -0.02370635961231, 0, -0.2259793094346, -0.0204139532517, 0.1769434981502, -0.0204139532517, 0.7564749947276, 0.7576307258341, -0.8179850676586, -0.817369492543, -0.03075018329641, -0.02961879411281, 0.7567716794218, 0.7578809967311, 0, -0.8183295947587, -0.8171185849567, -0, 5.551115123126e-17, 5.551115123126e-17, -0, 0.002698695483451, 0.3941294548859, 0.3912467159365, 0.3936287589901, 0, 0.3912254519251, 0.3946301507816
11.075, 0.2078675592547, 0.2644824214991, -0.1952054488325, 0.2647855458705, 0.02675000653716, -0.006783892263767, 0.003384817296777, 0.02130079960239, 0, 0, -1000, 0, 1000, 7517.264069592, 3597.927775155, 7530.113184558, 3565.643495143, 24.75889625952, 35.55606669305, 24.82528428665, 42.50591529724, -245.5869845067, -53.25286514857, 239.8620132512, -68.65739952813, 5399.967752288, 3720.885647515, 5406.8314425, 4183.22556606, 3, -0.2487247656107, 96.63479837585, 0.5478903814278, -110.1789531469, -1.534049364485, 10.43281161065, -1.391457376106, 9.66814429427, 0, 0, 0.02677440838483, -0, -0, -0, -0, -0, 0.02677570971781, 0.005688000216115, 0, 0, 0, 0, 0, 0.03350423816646, 0.005688000837161, -0.04308264222152, 0.03350423450793, 0.05082663379737, 0.03350423450793, 62.24664888575, 62.26202229524, 62.24632373084, 62.26192464305, 153.6674778352, -0.2007143173132, 0.2022530520938, 0, 1, 50.00014769724, 50, 50.00050618327, 0.001706510177398, 0, 0, 0, 0, 0, 0, 0, 0, 153.6679661147, 150.7191301303, 153.667319822, 150.7184195237, 153.6674778352, 150.718774723, 153.6679672664, 150.7191300262, 0, 153.6673209039, 150.7184194198, -0.02360959948579, 0, -0.224303790306, -0.02585063887629, 0.1786197402463, -0.02585063887629, 0.7563447860717, 0.7580695267825, -0.8181152532941, -0.8169305821926, -0.03087555672478, -0.02966099728163, 0.7566389727561, 0.7578387879256, 0, -0.8184623080923, -0.8171607824888, -5.551115123126e-17, -0, 5.551115123126e-17, -5.551115123126e-17, 0.002698855626767, 0.3941273118847, 0.3912429815216, 0.3945878097328, 0, 0.3912292655017, 0.3936668140366
11.1, 0.1955990647221, -0.2680620059723, -0.2074708094267, -0.2677529115819, -0.031365306103, 0.006526038819847, -0.00347881760948, 0.0210332958083, 0, 0, 1000, 0, -1000, 7519.145062546, 3560.907832473, 7528.224490041, 3602.734596246, 24.86477854549, 43.0606666599, 24.7382538415, 35.02258473676, -240.4227923174, 66.57138923934, 245.0262146469, 51.62850919995, 5397.934265998, 4181.951114501, 5408.882953889, 3722.229645473, 3, 0.5906679253727, -111.3811883526, -0.2976916498202, 98.43872535906, -1.51434971566, 9.530802513366, -1.41130306851, 10.571447534, 0, 0, 0.02675958642863, -0, -0, -0, -0, -0, 0.02676134740857, 0.004540968288182, 0, 0, 0, 0, 0, -0.03331448786649, 0.00454096878344, -0.04342785113378, -0.03331448423259, 0.05048534806588, -0.03331448423259, 62.38730021353, 62.40271896887, 62.38697335281, 62.40259678294, 154.0147014921, -0.2022725008968, 0.2006951184831, 0, 1, 50.00013492181, 50, 50.00048163121, 0.001697348198437, 0, 0, 0, 0, 0, 0, 0, 0, 154.0151936086, 151.0662835503, 154.0145394448, 151.0657129212, 154.0147014921, 151.0659983188, 154.0151947786, 151.0662836333, 0, 154.014540509, 151.0657130044, -0.02380260792253, 0, -0.2260548355721, -0.02075849809167, 0.1768689671221, -0.02075849809167, 0.7561912283294, 0.7573775499221, -0.8182687909275, -0.8176226129462, -0.03103389805594, -0.02989336722518, 0.756487775282, 0.7576064479701, 0, -0.8186135117883, -0.8173931824204, -0, -0, -0, -0, 0.00269891022761, 0.3941272433765, 0.3912470305103, 0.3936693535445, 0, 0.3912251808875, 0.3945851332085
11.125, 0.2080032819189, 0.2763859126776, -0.1950672241016, 0.2767176477655, 0.02808380739182, -0.006415782354548, 0.003288443687183, 0.02082320154745, 0, 0, -1000, 0, 1000, 7517.299328242, 3596.468117718, 7530.062838918, 3567.749568519, 24.86477033385, 33.9190426365, 24.83557687907, 44.43741991793, -245.5562300515, -50.42580196148, 239.8932446077, -64.61631739571, 5400.251183546, 3741.542105015, 5406.669204616, 4157.304237167, 3, -0.2796609428175, 102.8352245638, 0.5724574463979, -113.773159923, -1.533744879427, 10.39306038457, -1.392050178956, 9.719388792722, 0, 0, 0.0267644512028, -0, -0, -0, -0, -0, 0.02676548217642, 0.005622806948245, 0, 0, 0, 0, 0, 0.03012890135614, 0.005622807561717, -0.04313417487208, 0.0301288980687, 0.05078174271325, 0.0301288980687, 62.52795057928, 62.54339011514, 62.52762376947, 62.54329450923, 154.3619248277, -0.2007994828575, 0.202168443607, 0, 1, 50.00011148214, 50, 50.00040947042, 0.001509408787449, 0, 0, 0, 0, 0, 0, 0, 0, 154.3624147811, 151.4135757463, 154.3617650049, 151.4128691026, 154.3619248277, 151.4132223314, 154.3624159352, 151.4135756532, 0, 154.3617660847, 151.4128690097, -0.02373183993531, 0, -0.2245111798773, -0.02570647523992, 0.1784129208833, -0.02570647523992, 0.7560592813117, 0.7577627249351, -0.8184007218542, -0.8172373342995, -0.03116113928612, -0.02994455868917, 0.7563538194538, 0.7575552531713, 0, -0.8187474704171, -0.8174443705496, -0, -0, -5.551115123126e-17, 5.551115123126e-17, 0.002698879001822, 0.394132568673, 0.3912424166529, 0.3945466743251, 0, 0.3912295889564, 0.393718463021
11.15, 0.1954472076005, -0.2804654973656, -0.2076172009618, -0.2801262578614, -0.0327172015441, 0.006084215687311, -0.003320104952121, 0.02032502143195, 0, 0, 1000, 0, -1000, 7519.149918532, 3563.396575513, 7528.222845945, 3601.032656264, 24.87057352904, 45.20616908792, 24.82184854802, 33.11314947672, -240.4765936049, 61.76533190489, 244.9743877678, 48.22289030747, 5397.652610149, 4151.110283286, 5409.275383615, 3745.253561147, 3, 0.6012553322229, -115.2727356987, -0.319223921209, 104.7724638999, -1.514363543889, 9.590937802293, -1.411384680989, 10.52556450006, 0, 0, 0.02677390566419, -0, -0, -0, -0, -0, 0.02677530193003, 0.004587746040579, 0, 0, 0, 0, 0, -0.02941108930919, 0.004587746541475, -0.04339237017668, -0.02941108609771, 0.0505232762448, -0.02941108609771, 62.66860157202, 62.68408973371, 62.66827351926, 62.68396377153, 154.7091480749, -0.2021371910425, 0.2008305070876, 0, 1, 50.00009797369, 50, 50.00037813347, 0.001348051894983, 0, 0, 0, 0, 0, 0, 0, 0, 154.7096414743, 151.7607366203, 154.7089849394, 151.7601549059, 154.7091480749, 151.7604458378, 154.7096426431, 151.760736695, 0, 154.7089860046, 151.7601549807, -0.0238955144314, 0, -0.2260124378425, -0.02116176163092, 0.1769114190664, -0.02116176163092, 0.7559064828435, 0.757129645614, -0.8185535223531, -0.8178704544646, -0.03131856908613, -0.03016808690674, 0.7562027879402, 0.7573317556281, 0, -0.8188985015025, -0.8176679294416, -5.551115123126e-17, -0, -0, -0, 0.002698847654453, 0.3941350438456, 0.3912475917612, 0.3937308041358, 0, 0.391224398927, 0.3945392835555
11.175, 0.2080114560998, 0.2882168951528, -0.1950453066446, 0.2885785787884, 0.02956334296456, -0.00593826120523, 0.003103429339518, 0.01993641690277, 0, 0, -1000, 0, 1000, 7517.360544208, 3594.400650406, 7530.007066419, 3569.926266114, 24.92494574136, 31.7800067083, 24.82385528779, 46.3954245903, -245.4388850289, -46.77372823774, 240.0062048385, -59.50965094308, 5400.770868641, 3768.689779751, 5406.1195362, 4129.328789178, 3, -0.2956200094819, 108.9226905369, 0.5602756528214, -117.6140559761, -1.53316677156, 10.34095882124, -1.392698732234, 9.773729992761, 0, 0, 0.02675772171221, -0, -0, -0, -0, -0, 0.02675847469526, 0.005500277140346, 0, 0, 0, 0, 0, 0.02613431226002, 0.005500277740147, -0.04322949808615, 0.02613430940993, 0.05068784832249, 0.02613430940993, 62.80925218417, 62.82475768112, 62.80892370398, 62.82466433751, 155.0563716193, -0.200934973937, 0.2020330953544, 0, 1, 50.00007823529, 50, 50.00030768962, 0.001064657597247, 0, 0, 0, 0, 0, 0, 0, 0, 155.0568632802, 152.1080199312, 155.0562099981, 152.1073185405, 155.0563716193, 152.1076691558, 155.0568644382, 152.1080198511, 0, 155.0562110743, 152.1073184605, -0.02385239196527, 0, -0.224767183862, -0.02551538174872, 0.1781570700053, -0.02551538174872, 0.7557719739613, 0.757449302976, -0.8186880205599, -0.8175507046926, -0.03144860558189, -0.03023047682395, 0.7560671622236, 0.7572693631675, 0, -0.8190341289656, -0.8177303168154, -5.551115123126e-17, -0, -0, -0, 0.002698944034779, 0.3941334066399, 0.3912413809333, 0.3944926088032, 0, 0.3912306844807, 0.3937742044767
11.2, 0.1955133159016, -0.2915509951356, -0.207537403115, -0.2911834354479, -0.03411760299472, 0.005651876854996, -0.003159558603392, 0.01959996022745, 0, 0, 1000, 0, -1000, 7519.177956934, 3565.231655405, 7528.182064337, 3598.979911045, 24.86361128609, 46.88689641505, 24.89755481787, 31.13509541634, -240.5577967322, 57.12597309372, 244.8830592503, 44.89646696029, 5397.371974593, 4128.193884836, 5409.482006271, 3771.865598328, 3, 0.6061585954215, -118.7575015955, -0.3529660525437, 110.610151406, -1.514132821543, 9.638180615704, -1.41187604774, 10.47439746301, 0, 0, 0.02673676667916, -0, -0, -0, -0, -0, 0.02673786347696, 0.004597061301949, 0, 0, 0, 0, 0, -0.02582192851305, 0.00459706180247, -0.04338746879357, -0.02582192570136, 0.0505334402483, -0.02582192570136, 62.94990297512, 62.96545989048, 62.94957371599, 62.96533067275, 155.4035951519, -0.2020417482284, 0.20092662349, 0, 1, 50.00006601234, 50, 50.00028190051, 0.001007245907335, 0, 0, 0, 0, 0, 0, 0, 0, 155.4040895129, 152.455188391, 155.4034305496, 152.4545962062, 155.4035951519, 152.4548923654, 155.4040906815, 152.4551884577, 0, 155.403431615, 152.4545962731, -0.0239883177116, 0, -0.2260098286308, -0.02154265745775, 0.1769147601798, -0.02154265745775, 0.7556201903112, 0.7568778501334, -0.8188397874813, -0.8181221984882, -0.03160482253484, -0.03044454798689, 0.7559164623623, 0.7570553163745, 0, -0.8191848356687, -0.8179444123483, -0, -0, 5.551115123126e-17, -0, 0.002699051559572, 0.3941313748313, 0.3912481508213, 0.3937764662155, 0, 0.3912239872671, 0.3944862834472
11.225, 0.2080235904649, 0.2987731471615, -0.1950269692829, 0.2991625414092, 0.03094285252631, -0.00555195951767, 0.002933307636917, 0.01926655561579, 0, 0, -1000, 0, 1000, 7517.425041633, 3592.627510738, 7529.924360014, 3571.656669122, 25.00829514703, 30.04088002311, 24.83198548303, 47.92800832551, -245.4051934865, -43.73881524161, 240.0357245244, -55.33578936793, 5400.987867896, 3792.410093033, 5405.952989972, 4107.08006309, 3, -0.3258620369551, 114.4939210801, 0.5763255642971, -120.8623870776, -1.532553133233, 10.29553501609, -1.393629717038, 9.817565510606, 0, 0, 0.02674276447972, -0, -0, -0, -0, -0, 0.02674331809679, 0.005416032281045, 0, 0, 0, 0, 0, 0.0228030888962, 0.005416032871, -0.04329298613713, 0.02280308641222, 0.05063139946752, 0.02280308641222, 63.09055371488, 63.10612525275, 63.09022363045, 63.10603368344, 155.7508183196, -0.2010206170653, 0.201948193453, 0, 1, 50.0000462704, 50, 50.0002222741, 0.000898154395829, 0, 0, 0, 0, 0, 0, 0, 0, 155.7513115623, 152.8024643935, 155.7506549123, 152.8017669482, 155.7508183196, 152.8021156014, 155.7513127231, 152.802464324, 0, 155.7506559861, 152.8017668788, -0.02397019509463, 0, -0.2249706119799, -0.0253718551051, 0.1779544042606, -0.0253718551051, 0.7554839804921, 0.7571402886947, -0.8189759762538, -0.8178596816193, -0.03173671322895, -0.03051655661147, 0.7557796019454, 0.7569833038093, 0, -0.8193216995107, -0.8180164170323, -0, -5.551115123126e-17, 5.551115123126e-17, -0, 0.002699052358677, 0.3941319507019, 0.3912409483367, 0.3944453669819, 0, 0.3912310165868, 0.3938185344219
11.25, 0.1953882038905, -0.3018823389128, -0.2076610066545, -0.301487453981, -0.03527683367863, 0.005216806052689, -0.002893522931928, 0.01906027248745, 0, 0, 1000, 0, -1000, 7519.204553931, 3567.51573, 7528.151701998, 3597.255171555, 24.91049139724, 48.56392282471, 24.96639514254, 29.34689834904, -240.5966510847, 52.46235980255, 244.845899082, 41.44626738888, 5397.256416419, 4099.63292956, 5409.740317266, 3794.453459986, 3, 0.6138076498113, -121.8398603841, -0.3638683496328, 116.112051371, -1.513916585174, 9.693671743896, -1.412257835809, 10.42815563869, 0, 0, 0.02676386238521, -0, -0, -0, -0, -0, 0.0267646874636, 0.004602913528766, 0, 0, 0, 0, 0, -0.02211534388166, 0.004602914030941, -0.04338974302095, -0.02211534146874, 0.05053529389349, -0.02211534146874, 63.23120412161, 63.24683004337, 63.23087375113, 63.24669757143, 156.0980411959, -0.2018599983541, 0.201108620585, 0, 1, 50.00003022812, 50, 50.00018907534, 0.0008138094362953, 0, 0, 0, 0, 0, 0, 0, 0, 156.0985368333, 153.1496404289, 156.0978756848, 153.1490376328, 156.0980411959, 153.149339089, 156.0985380016, 153.149640487, 0, 156.0978767508, 153.149037691, -0.0240765513072, 0, -0.2259162907898, -0.0219286799372, 0.1770084990094, -0.0219286799372, 0.7553326833366, 0.7566256431375, -0.8191272715743, -0.8183743588346, -0.03189226785036, -0.0307222265465, 0.7556289710935, 0.756777657114, 0, -0.819472331963, -0.8182221102071, -0, -0, -0, -0, 0.002698992214048, 0.3941373347936, 0.3912483810051, 0.3938333712011, 0, 0.3912234726924, 0.3944412983861
11.275, 0.2081647700938, 0.3085207543091, -0.1948777271088, 0.3089368248217, 0.03214498992014, -0.005018852972215, 0.002541928249081, 0.01861436538899, 0, 0, -1000, 0, 1000, 7517.500571857, 3590.58271968, 7529.857034735, 3574.250650036, 25.02807289724, 27.88068267857, 24.8937732864, 49.62984368989, -245.3374125452, -39.49804566295, 240.1026722202, -49.67662900022, 5401.46369591, 3819.156389628, 5405.533126772, 4073.845936679, 3, -0.3274428294726, 119.6805794996, 0.5615184484781, -123.8943066914, -1.531822970526, 10.24235314387, -1.394398986693, 9.880565685999, 0, 0, 0.02677386304855, -0, -0, -0, -0, -0, 0.02677420221917, 0.005295795463423, 0, 0, 0, 0, 0, 0.0184565069508, 0.005295796041623, -0.04337727272072, 0.01845650493565, 0.05054828860049, 0.01845650493565, 63.37185509875, 63.38749267915, 63.3715233011, 63.38740334109, 156.4452642093, -0.2012878830847, 0.2016809206996, 0, 1, 50.00001078898, 50, 50.0001240732, 0.0005247187983593, 0, 0, 0, 0, 0, 0, 0, 0, 156.4457594757, 153.4969079156, 156.4450992012, 153.4962165692, 156.4452642093, 153.4965621867, 156.4457606407, 153.4969078598, 0, 156.4451002709, 153.4962165135, -0.02408846613425, 0, -0.2253560865455, -0.02514998711683, 0.177568871463, -0.02514998711683, 0.755194463601, 0.7568215509766, -0.8192654851607, -0.8181783790056, -0.03202643994894, -0.03080537654773, 0.7554906598705, 0.7566945067279, 0, -0.8196106416621, -0.8183052598234, -0, 5.551115123126e-17, -5.551115123126e-17, -5.551115123126e-17, 0.002699016231769, 0.3941384234491, 0.3912400000371, 0.3943920982836, 0, 0.3912318534684, 0.3938847486146
11.3, 0.1954411620933, -0.3113808987447, -0.2075920346814, -0.310959703556, -0.0365405799748, 0.004689590503516, -0.002568293939726, 0.0181952843529, 0, 0, 1000, 0, -1000, 7519.223753584, 3569.637361522, 7528.127988917, 3594.902518316, 24.9320735684, 49.92764636443, 24.97789115226, 27.09416686436, -240.7233130419, 46.9577656269, 244.7100561237, 37.28974999235, 5396.798803452, 4072.360720718, 5410.109619337, 3824.078361609, 3, 0.5851117838664, -124.9835258805, -0.3681975142028, 121.1117843318, -1.513775869588, 9.747732221019, -1.412569263954, 10.3700832482, 0, 0, 0.02675412168322, -0, -0, -0, -0, -0, 0.02675469045665, 0.004647010419197, 0, 0, 0, 0, 0, -0.01799219931426, 0.004647010925814, -0.04336173048559, -0.01799219735267, 0.05056674663762, -0.01799219735267, 63.51250523475, 63.52819999931, 63.5121737999, 63.52806435594, 156.7924875416, -0.2016439687529, 0.2013251667031, 0, 1, 50.00000008381, 50, 50.000099285, 0.0003939659582062, 0, 0, 0, 0, 0, 0, 0, 0, 156.7929841659, 153.8440920544, 156.7923209098, 153.8434778392, 156.7924875416, 153.843784995, 156.7929853328, 153.8440921026, 0, 156.7923219773, 153.8434778875, -0.02416369266624, 0, -0.2257874228567, -0.02234408648788, 0.1771378978285, -0.02234408648788, 0.755044442548, 0.7563758251912, -0.819415494265, -0.8186241326994, -0.03218039564216, -0.03100038627097, 0.7553405397132, 0.7564995150186, 0, -0.8197607687646, -0.8185002875605, 5.551115123126e-17, -0, -0, 5.551115123126e-17, 0.002699165487786, 0.3941350014014, 0.3912492927292, 0.3938877082272, 0, 0.3912227368417, 0.3943822945756
11.325, 0.2081527155549, 0.3178879718824, -0.1948783226872, 0.3183305282908, 0.03344053288027, -0.00455593193727, 0.002224011894932, 0.01797780115502, 0, 0, -1000, 0, 1000, 7517.514225968, 3588.36351705, 7529.813440321, 3576.086007678, 25.06602871489, 25.83471568615, 24.93571444301, 50.75180277203, -245.3019176532, -35.74304922095, 240.1264914172, -44.77748782862, 5401.557555682, 3848.040831684, 5405.368798456, 4050.579524822, 3, -0.3583431811511, 124.7741976276, 0.5666568803709, -126.7603953668, -1.531740409085, 10.1871636981, -1.39491892602, 9.928135711099, 0, 0, 0.02673370096481, -0, -0, -0, -0, -0, 0.02673389407612, 0.005254668047268, 0, 0, 0, 0, 0, 0.01467730767631, 0.005254668619257, -0.04340433586304, 0.01467730607861, 0.05053047110842, 0.01467730607861, 63.65315653166, 63.66886000888, 63.65282309589, 63.66877245198, 157.1397108308, -0.2014627913656, 0.2015071841361, 0, 1, 49.99997987738, 50, 50.00003535024, 0.0002504622270872, 0, 0, 0, 0, 0, 0, 0, 0, 157.1402075419, 154.1913511222, 157.1395438303, 154.1906648502, 157.1397108308, 154.1910079422, 157.1402087092, 154.1913510782, 0, 157.1395448979, 154.1906648062, -0.02420470221425, 0, -0.2256472487388, -0.02496538988556, 0.1772789423468, -0.02496538988556, 0.75490456381, 0.7565065056783, -0.8195553362236, -0.8184933964848, -0.03231642767645, -0.03109440934661, 0.7552009447292, 0.7564054900578, 0, -0.8199003713567, -0.818594308751, -0, -0, 5.551115123126e-17, -0, 0.002699304933588, 0.3941328353187, 0.3912398129255, 0.3943345670781, 0, 0.3912321809228, 0.3939311035592
11.35, 0.1954270654838, -0.3202354886931, -0.2076034575111, -0.3197891807426, -0.03774723463189, 0.004254424689039, -0.002272890650736, 0.01760715017271, 0, 0, 1000, 0, -1000, 7519.163797475, 3571.501350878, 7528.16062395, 3593.008158923, 24.98556259168, 50.91571605984, 25.01527356595, 25.29708310435, -240.7973880282, 42.45657961917, 244.6345656507, 33.74928792146, 5396.602958221, 4048.447358751, 5410.400115901, 3848.997063194, 3, 0.5769307284456, -127.6929908444, -0.3672015739642, 125.90716573, -1.51446503806, 9.794464845815, -1.412288925079, 10.32149060753, 0, 0, 0.02675072190775, -0, -0, -0, -0, -0, 0.02675110883126, 0.0047180688701, 0, 0, 0, 0, 0, -0.01445350175325, 0.004718069384333, -0.04332145213038, -0.01445350017788, 0.05061635289395, -0.01445350017788, 63.79380629792, 63.8095696319, 63.79347376622, 63.80943115581, 157.4869336027, -0.2014563547544, 0.2015137807063, 0, 1, 49.99996972791, 50, 50.00002439094, 0.0003011422056079, 0, 0, 0, 0, 0, 0, 0, 0, 157.4874312853, 154.5385429198, 157.4867658632, 154.5379186016, 157.4869336027, 154.5382308002, 157.4874324506, 154.5385429592, 0, 157.4867669323, 154.5379186411, -0.02425214847635, 0, -0.225688285835, -0.0227116171116, 0.1772380361037, -0.0227116171116, 0.7547551245799, 0.7561200100093, -0.8197047624509, -0.8188799163663, -0.03246953230245, -0.03128052847979, 0.7550509469999, 0.7562193845949, 0, -0.8200503751535, -0.8187804415545, -5.551115123126e-17, 5.551115123126e-17, -0, -0, 0.002699275585109, 0.3941340069596, 0.3912496830671, 0.393935351293, 0, 0.3912221578644, 0.3943326626261
11.375, 0.2084132129861, 0.3250497711851, -0.1946181305785, 0.3255132503355, 0.03424398173477, -0.004045959987457, 0.001704638000369, 0.01787982906157, 0, 0, -1000, 0, 1000, 7517.480707166, 3586.40011522, 7529.840472056, 3578.657066866, 25.04408370962, 23.87301929888, 25.07522179637, 51.6608138292, -245.28936226, -31.47160142444, 240.1432674823, -39.47969300518, 5401.805259967, 3873.129037705, 5405.287785959, 4018.429499256, 3, -0.3634879717061, 128.9754186788, 0.5715138926616, -128.6419890271, -1.532152316973, 10.13528560101, -1.394697191814, 9.990231533779, 0, 0, 0.02677261507842, -0, -0, -0, -0, -0, 0.02677269265824, 0.005252823153099, 0, 0, 0, 0, 0, 0.01052944289291, 0.005252823726554, -0.04339193631237, 0.0105294417434, 0.05054784058148, 0.0105294417434, 63.93445780645, 63.95022737425, 63.9341225602, 63.95014165498, 157.8341562326, -0.2018449564332, 0.2011253570289, 0, 1, 49.9999450766, 50, 49.99994484062, 4.658937262973e-05, 0, 0, 0, 0, 0, 0, 0, 0, 157.834655115, 154.8857942985, 157.8339875886, 154.8851138945, 157.8341562326, 154.8854540652, 157.8346562845, 154.8857942672, 0, 157.8339886535, 154.8851138632, -0.02432485652499, 0, -0.2261495445195, -0.02475192198764, 0.1767769184866, -0.02475192198764, 0.7546137625279, 0.7561873464079, -0.8198461088191, -0.81881253322, -0.03260733382187, -0.03138502583566, 0.7549100583945, 0.7561148873823, 0, -0.8201912627071, -0.8188849390536, 5.551115123126e-17, -5.551115123126e-17, -0, -0, 0.002699234086358, 0.3941398752797, 0.391239319555, 0.3942845968525, 0, 0.3912323421976, 0.3939951537069
11.4, 0.1952018505174, -0.3273016767832, -0.207818411604, -0.3268345577008, -0.03866569038848, 0.003662369651824, -0.001693546475902, 0.01726150198493, 0, 0, 1000, 0, -1000, 7519.084593607, 3574.166176663, 7528.246448073, 3590.682983881, 25.08768801807, 51.62670227465, 24.96704406477, 22.91397027849, -240.8867475556, 36.42503127577, 244.5444725904, 28.81665800075, 5396.137817603, 4013.916141974, 5410.894810234, 3878.861142814, 3, 0.5464994082496, -129.7845582092, -0.3573018838722, 129.9211853819, -1.515355686892, 9.859835066514, -1.411449742935, 10.26225397563, 0, 0, 0.02678165193435, -0, -0, -0, -0, -0, 0.02678185198917, 0.004851768817798, 0, 0, 0, 0, 0, -0.00978698820476, 0.004851769347827, -0.04323826970514, -0.00978698713557, 0.05070097170878, -0.00978698713557, 64.07510710328, 64.090939477, 64.0747736366, 64.09079784163, 158.1813790252, -0.2010356782227, 0.2019345933613, 0, 1, 49.99993813194, 50, 49.99993291793, -9.950748003749e-05, 0, 0, 0, 0, 0, 0, 0, 0, 158.1818778177, 155.2329949344, 158.1812105944, 155.2323581994, 158.1813790252, 155.2326765941, 158.181878979, 155.2329949616, 0, 158.1812116673, 155.2323582266, -0.02433903894255, 0, -0.2253545149283, -0.02316331968684, 0.1775718919434, -0.02316331968684, 0.7544650284213, 0.7558723052426, -0.8199948498728, -0.8191275890265, -0.03275932575316, -0.03156031704234, 0.7547602835327, 0.7559396071147, 0, -0.8203410394814, -0.8190602411994, -0, 5.551115123126e-17, -0, -0, 0.002699271989434, 0.394138662293, 0.3912506100709, 0.3940041453635, 0, 0.3912211719071, 0.3942731792225
11.425, 0.2083595455169, 0.3323470081411, -0.1946554580317, 0.3328326006712, 0.03530719774803, -0.003490366464955, 0.001240677697627, 0.01721490254771, 0, 0, -1000, 0, 1000, 7517.431518286, 3583.760172191, 7529.881069354, 3580.68886339, 25.03161422502, 21.47567704522, 25.09908537786, 51.99489490225, -245.1562547224, -26.81468602148, 240.2679863086, -33.93715893834, 5402.064042451, 3905.759463594, 5404.923934851, 3992.058122767, 3, -0.3660073053742, 132.9997628731, 0.539461415869, -131.0574174689, -1.532727945407, 10.07093862785, -1.394331519364, 10.04310096346, 0, 0, 0.02675900430299, -0, -0, -0, -0, -0, 0.02675901314571, 0.005241128982026, 0, 0, 0, 0, 0, 0.006253777863584, 0.005241129553622, -0.0433927702243, 0.006253777181548, 0.05055139141049, 0.006253777181548, 64.21575909868, 64.23159456923, 64.21542209696, 64.23151052815, 158.5286021838, -0.2021344399632, 0.200836572537, 0, 1, 49.99991996661, 50, 49.99986773038, -0.0003238469629753, 0, 0, 0, 0, 0, 0, 0, 0, 158.5291028121, 155.5802361615, 158.5284316069, 155.5795618892, 158.5286021838, 155.5798990069, 158.5291039838, 155.580236143, 0, 158.5284326694, 155.5795618708, -0.02444492359719, 0, -0.2265591050631, -0.02452885921709, 0.1763680771644, -0.02452885921709, 0.7543213360039, 0.7558656040014, -0.8201385111468, -0.8191342610493, -0.03289985159405, -0.03167734781444, 0.7546176371659, 0.7558225753291, 0, -0.8204836899279, -0.8191772709579, -0, -0, -0, -0, 0.002699443646868, 0.3941336454746, 0.3912388040479, 0.3942196003139, 0, 0.391233066979, 0.3940476906353
11.45, 0.1951396914532, -0.3344191030648, -0.2078720543347, -0.3339306584237, -0.03974942972569, 0.003174526342176, -0.001217651554632, 0.01700486278164, 0, 0, 1000, 0, -1000, 7519.009154146, 3576.098322285, 7528.289585743, 3588.371055013, 25.15630725293, 51.84613884404, 24.9866645065, 20.82449972923, -240.9004074208, 31.51933892761, 244.5212840541, 24.57692861326, 5396.004939371, 3989.411031585, 5410.991225451, 3908.944154621, 3, 0.544886304185, -131.765773328, -0.3751829186425, 134.0880893995, -1.516206762138, 9.909322486248, -1.411057149999, 10.2047174107, 0, 0, 0.02674680163709, -0, -0, -0, -0, -0, 0.02674688913204, 0.004914387397649, 0, 0, 0, 0, 0, -0.005831167934096, 0.004914387933122, -0.04321149173474, -0.005831167298726, 0.05073760005058, -0.005831167298726, 64.35640806273, 64.37230880656, 64.35607352699, 64.37216443101, 158.8758251116, -0.2007708243586, 0.2022006793378, 0, 1, 49.99990966241, 50, 49.99985227637, -0.0002919208955185, 0, 0, 0, 0, 0, 0, 0, 0, 158.8763247101, 155.9274456408, 158.8756553981, 155.9267978328, 158.8758251116, 155.9271217533, 158.8763258698, 155.9274456573, 0, 158.8756564729, 155.9267978493, -0.02442853525573, 0, -0.2251791959331, -0.02356613647877, 0.1777484955251, -0.02356613647877, 0.7541727129332, 0.7556171260476, -0.8202871137013, -0.8193827488853, -0.03305143359029, -0.03184269928604, 0.7544677853928, 0.7556572300237, 0, -0.8206335532372, -0.8193426285957, 5.551115123126e-17, -0, -0, -0, 0.002699537407845, 0.3941331103232, 0.3912508749064, 0.3940529640318, 0, 0.3912209796236, 0.3942132566146
11.475, 0.2088550402479, 0.3377072494019, -0.1941574257568, 0.3382093921638, 0.03586816134328, -0.002933717445644, 0.0005202053005271, 0.01772701342575, 0, 0, -1000, 0, 1000, 7517.400515379, 3581.589818674, 7529.879487291, 3583.465622845, 25.05336130948, 19.35446175314, 25.20844194687, 51.95673890448, -245.1179745057, -21.86642514289, 240.3043633636, -28.4825579252, 5402.290496582, 3934.810946376, 5404.824424787, 3958.347424029, 3, -0.3682501799275, 136.7449870752, 0.5341186854548, -131.9575230703, -1.533112963334, 10.01357255933, -1.394408083327, 10.11037943906, 0, 0, 0.02675090336635, -0, -0, -0, -0, -0, 0.02675089497988, 0.005227145513544, 0, 0, 0, 0, 0, 0.001705610549114, 0.00522714608327, -0.04337795121713, 0.001705610363213, 0.05057680083513, 0.001705610363213, 64.49706041087, 64.51296179971, 64.49672140628, 64.51287946929, 159.22304776, -0.2026977311475, 0.2002743790934, 0, 1, 49.99988499362, 50, 49.99976646452, -0.0005455345739955, 0, 0, 0, 0, 0, 0, 0, 0, 159.2235504438, 156.2746787239, 159.2228750153, 156.2740110231, 159.22304776, 156.2743448685, 159.2235516186, 156.2746787189, 0, 159.2228760742, 156.2740110181, -0.02457074072554, 0, -0.227248226484, -0.02428980366364, 0.1756800617276, -0.02428980366364, 0.7540276246106, 0.7555404906678, -0.8204321651124, -0.8194593684985, -0.03319376375023, -0.03197117182645, 0.7543238242276, 0.7555287570588, 0, -0.8207775175837, -0.8194711007117, -0, -0, -0, -0, 0.002699547922373, 0.3941382883011, 0.3912383530208, 0.3941617310079, 0, 0.391233265053, 0.3941148455942
11.5, 0.1946629212594, -0.3392283850507, -0.2083408835179, -0.3387248967394, -0.0403847495976, 0.002539234724773, -0.0004325023662615, 0.01716715835811, 0, 0, 1000, 0, -1000, 7518.939152533, 3579.067373121, 7528.346991202, 3585.882099834, 25.24242162983, 51.46102078172, 24.92881557587, 18.27773600781, -241.0048526112, 25.45648716789, 244.4201657719, 18.88810818837, 5395.587808275, 3952.104479611, 5411.516016805, 3941.551520948, 3, 0.5174293201531, -132.8802362605, -0.3649677844122, 137.2806159503, -1.517000570405, 9.981520979448, -1.410514290317, 10.1409025162, 0, 0, 0.0267559722348, -0, -0, -0, -0, -0, 0.02675597842666, 0.005033069916893, 0, 0, 0, 0, 0, -0.000764737948057, 0.005033070465674, -0.04315604435712, -0.0007647378646737, 0.05079914518777, -0.0007647378646737, 64.6377087097, 64.65367854482, 64.63737335882, 64.65353096782, 159.5702704024, -0.2001409913459, 0.2028312116861, 0, 1, 49.99988081539, 50, 49.99976350275, -0.0006490671562903, 0, 0, 0, 0, 0, 0, 0, 0, 159.5707708525, 156.6218978755, 159.5700999575, 156.6212366634, 159.5702704024, 156.6215672716, 159.5707720079, 156.6218978777, 0, 159.5701010368, 156.6212366656, -0.0245179556648, 0, -0.2246388019634, -0.02405375649553, 0.1782895710875, -0.02405375649553, 0.7538795705957, 0.7553700830115, -0.8205802227685, -0.8196297783346, -0.03334418496808, -0.03212458702855, 0.7541742650661, 0.7553753435042, 0, -0.8209270816014, -0.8196245175613, -0, -0, -0, -5.551115123126e-17, 0.002699555671941, 0.394137792793, 0.39125170613, 0.394127281878, 0, 0.3912199338505, 0.394148303708
11.525, 0.2089656903879, 0.3422091714166, -0.1940338682462, 0.3427258827789, 0.03663344491775, -0.00233337581287, -0.0001439415053498, 0.01744704337861, 0, 0, -1000, 0, 1000, 7517.380623829, 3578.772483629, 7529.892915474, 3585.737011801, 24.91569865548, 16.73607264258, 25.30941670053, 51.26100626562, -244.9694487031, -16.43221294901, 240.4523686665, -22.91448390628, 5402.660262236, 3969.765497924, 5404.419944384, 3929.12788003, 3, -0.3602640276952, 139.5410303929, 0.4984099123355, -133.393504345, -1.533380639595, 9.945288532337, -1.394325370441, 10.1687052325, 0, 0, 0.02673418795597, -0, -0, -0, -0, -0, 0.02673422137656, 0.005182336208759, 0, 0, 0, 0, 0, -0.002944873517011, 0.005182336772895, -0.04339019119763, -0.002944873196438, 0.05056885336995, -0.002944873196438, 64.77836168576, 64.79432898556, 64.77802070126, 64.79424813082, 159.9174933727, -0.2032097440081, 0.1997630519045, 0, 1, 49.99986548697, 50, 49.99970202034, -0.0008769450018028, 0, 0, 0, 0, 0, 0, 0, 0, 159.9179980053, 156.9691198639, 159.9173184491, 156.968458918, 159.9174933727, 156.9687893995, 159.9179991838, 156.9691198724, 0, 159.917319504, 156.9684589265, -0.02469564646524, 0, -0.2278851521501, -0.02404407122294, 0.1750438470139, -0.02404407122294, 0.753732187215, 0.7552129896813, -0.8207275777911, -0.8197868737167, -0.03348942474532, -0.03226668449842, 0.7540284698399, 0.7552332451202, 0, -0.8210728767177, -0.819766614117, -0, -0, -0, -0, 0.002699674897919, 0.3941325757962, 0.3912376163727, 0.3940921000812, 0, 0.3912340708384, 0.3941730515112
11.55, 0.1944367622072, -0.3434111321184, -0.2085583958757, -0.3428943416042, -0.04110949904847, 0.002019636509827, 0.0002401502266119, 0.01736715978692, 0, 0, 1000, 0, -1000, 7518.910971197, 3581.152282601, 7528.356159898, 3583.344430304, 25.39169198479, 50.73771970122, 24.8274124968, 15.94139565727, -241.0255452429, 20.62541763866, 244.3945992736, 13.98644103319, 5395.548697323, 3925.955743482, 5411.52763928, 3973.916725063, 3, 0.5186630670195, -133.7691036623, -0.3853613197973, 140.216206604, -1.517355253989, 10.03513122394, -1.410476134256, 10.0784786694, 0, 0, 0.02671765431997, -0, -0, -0, -0, -0, 0.02671764666761, 0.005052419232748, 0, 0, 0, 0, 0, 0.003475573415982, 0.005052419782062, -0.04317578959459, 0.003475573038107, 0.05078627083323, 0.003475573038107, 64.9190094688, 64.93504765551, 64.91867319574, 64.93489744053, 160.2647161787, -0.1996501987253, 0.203322910111, 0, 1, 49.99985776301, 50, 49.99969060598, -0.0008446131259614, 0, 0, 0, 0, 0, 0, 0, 0, 160.2652172798, 157.3163484643, 160.2645445589, 157.3156754103, 160.2647161787, 157.3160119271, 160.2652184337, 157.3163484541, 0, 160.2645456404, 157.3156754, -0.02460907511792, 0, -0.224239148305, -0.02448454338677, 0.1786901901134, -0.02448454338677, 0.7535840514201, 0.7551145966089, -0.8208757055545, -0.8198852624787, -0.03363945802837, -0.03240924103164, 0.7538788807893, 0.7550906856145, 0, -0.8212224764526, -0.8199091676777, -0, -0, -0, -0, 0.002699741175061, 0.3941316004018, 0.3912517839386, 0.3941793703037, 0, 0.3912199107761, 0.3940838304999
11.575, 0.2096111819463, 0.3448982767636, -0.1933835156131, 0.3454238357184, 0.03697152595644, -0.001803403667939, -0.0009592643997492, 0.01821788337515, 0, 0, -1000, 0, 1000, 7517.416903017, 3576.47193673, 7529.842550124, 3588.205017949, 24.88627628236, 14.42814934375, 25.41304977611, 50.32516309678, -244.899887571, -11.33901449866, 240.5238527297, -18.17353481822, 5402.893574786, 3999.812410854, 5404.310093597, 3898.192595021, 3, -0.3626250811797, 142.0279262793, 0.4894509512977, -133.4177624341, -1.533058762232, 9.886330081861, -1.394911654184, 10.22958471433, 0, 0, 0.02673249398324, -0, -0, -0, -0, -0, 0.02673262238069, 0.005122492780158, 0, 0, 0, 0, 0, -0.007364051304339, 0.005122493337709, -0.04339663329923, -0.0073640505028, 0.05056887016625, -0.0073640505028, 65.05966294347, 65.07569614465, 65.05931981886, 65.07561662582, 160.6119385778, -0.2038962707959, 0.1990772526871, 0, 1, 49.9998401931, 50, 49.99962135655, -0.001030831821101, 0, 0, 0, 0, 0, 0, 0, 0, 160.6124454194, 157.6635617679, 160.6117614196, 157.662906987, 160.6119385778, 157.6632343985, 160.6124466022, 157.663561789, 0, 160.6117624696, 157.6629070081, -0.02482219518859, 0, -0.2286982261396, -0.02381979836775, 0.1742315002659, -0.02381979836775, 0.7534354799362, 0.7548861757488, -0.8210242486393, -0.8201137011527, -0.03378647141859, -0.03256310594364, 0.7537318061811, 0.7549368194983, 0, -0.8213695478887, -0.8200630313856, -0, -0, -0, 5.551115123126e-17, 0.002699684081614, 0.3941334578941, 0.3912371515735, 0.394032242939, 0, 0.3912342896645, 0.3942346728493
11.6, 0.1935116921758, -0.3445524727243, -0.2094753050205, -0.3440314597452, -0.04114319745924, 0.001433374340664, 0.001218862059878, 0.01842342693723, 0, 0, 1000, 0, -1000, 7518.920311066, 3584.007078788, 7528.352607645, 3580.834792139, 25.40098400914, 49.45701183047, 24.83358179834, 12.92475312493, -241.1440185425, 15.5033661618, 244.2828453756, 8.303853612504, 5395.327786347, 3889.979791491, 5411.897714114, 4005.642859349, 3, 0.5058312495975, -133.1947487767, -0.3896729515889, 142.060851631, -1.517315513877, 10.1046906703, -1.410571095907, 10.01427752637, 0, 0, 0.02675011440319, -0, -0, -0, -0, -0, 0.02675015289579, 0.005092767514023, 0, 0, 0, 0, 0, 0.008381719229418, 0.00509276806907, -0.04319511682558, 0.008381718315914, 0.05076898320953, 0.008381718315914, 65.20030984949, 65.21641694969, 65.19997297574, 65.21626391644, 160.9591608856, -0.1987905838323, 0.2041827711713, 0, 1, 49.99983770185, 50, 49.99960696551, -0.00114713306064, 0, 0, 0, 0, 0, 0, 0, 0, 160.9596628254, 158.0108001172, 160.9589888635, 158.0101138518, 160.9591608856, 158.0104569594, 160.9596639759, 158.0108000921, 0, 160.9589899492, 158.0101138267, -0.02469811186374, 0, -0.2234685365686, -0.02496515105248, 0.1794609940484, -0.02496515105248, 0.753287467409, 0.7548635205404, -0.8211722771153, -0.8201363468012, -0.03393564528476, -0.03269407069681, 0.7535824291029, 0.7548058461212, 0, -0.821518929305, -0.8201939875148, -0, -0, 5.551115123126e-17, -0, 0.002699620316993, 0.3941358297958, 0.3912522239007, 0.3942510320534, 0, 0.3912191736801, 0.3940206275382
11.625, 0.2103921207219, 0.3450643130307, -0.1925860927839, 0.3455912860406, 0.03703797017597, -0.001212978773683, -0.001939605547241, 0.01905189354423, 0, 0, -1000, 0, 1000, 7517.475998166, 3573.670885954, 7529.797988697, 3590.74271, 24.88996771167, 10.74584637415, 25.3317017313, 48.81436114058, -244.7441063445, -5.591483996462, 240.6826037964, -13.12208109674, 5403.325322419, 4034.467544515, 5403.8818734, 3865.148670119, 3, -0.3668951995971, 143.221558362, 0.4607823780311, -132.8294676935, -1.532496384259, 9.817838291832, -1.395436167671, 10.29309126134, 0, 0, 0.02675007482657, -0, -0, -0, -0, -0, 0.02675037102958, 0.005018258485694, 0, 0, 0, 0, 0, -0.0122699776182, 0.005018259032619, -0.04342530663016, -0.0122699762809, 0.05053973687758, -0.0122699762809, 65.34096415073, 65.35706339381, 65.34061879385, 65.35698505908, 161.3063834367, -0.2047345700623, 0.1982390156856, 0, 1, 49.99983172093, 50, 49.99955681328, -0.001407555431374, 0, 0, 0, 0, 0, 0, 0, 0, 161.3068927005, 158.3580027464, 161.3062040939, 158.3573551597, 161.3063834367, 158.3576789877, 161.3068938891, 158.3580027811, 0, 161.3062051376, 158.3573551944, -0.02494692466364, 0, -0.2296612285455, -0.02355808532068, 0.173268531453, -0.02355808532068, 0.7531371834998, 0.754553875098, -0.821322544734, -0.8204460278846, -0.03408524844924, -0.03286167247867, 0.7534337048637, 0.7546382428972, 0, -0.8216676458228, -0.8203615878545, -0, -0, -5.551115123126e-17, -0, 0.002699661666675, 0.3941318473223, 0.3912362913704, 0.393963203029, 0, 0.391235142868, 0.3943004916157
11.65, 0.1929507207559, -0.345182507337, -0.2100201212126, -0.3446586677132, -0.04128525274038, 0.0009189590522909, 0.002109089892919, 0.01911887923106, 0, 0, 1000, 0, -1000, 7518.95343679, 3586.166803573, 7528.316465446, 3578.060436578, 25.34755432006, 48.10050893914, 24.82565792496, 9.247849537721, -241.2371942439, 11.06852862104, 244.1855100484, 3.246762239971, 5395.188603161, 3862.478852105, 5411.964439224, 4039.748014937, 3, 0.490746630683, -132.8231311285, -0.4083652518808, 143.4244235899, -1.517025011291, 10.1604457021, -1.411007135931, 9.947044738858, 0, 0, 0.02673086795356, -0, -0, -0, -0, -0, 0.02673100719942, 0.005083239382529, 0, 0, 0, 0, 0, 0.01284610864894, 0.005083239935741, -0.04324992196504, 0.01284610725087, 0.05071711563565, 0.01284610725087, 65.48161036265, 65.49778583762, 65.48127275418, 65.49763047104, 161.6536061363, -0.1980832804532, 0.2048905863205, 0, 1, 49.99983110038, 50, 49.99955081184, -0.001431010374009, 0, 0, 0, 0, 0, 0, 0, 0, 161.6541086772, 158.7052506755, 161.6534332487, 158.7045520745, 161.6536061363, 158.7049013358, 161.6541098259, 158.7052506363, 0, 161.6534343371, 158.7045520353, -0.0247868511978, 0, -0.2228499614165, -0.02541389720258, 0.180080111171, -0.02541389720258, 0.7529892254144, 0.7546073510753, -0.8214705036395, -0.8203925335769, -0.03423357481612, -0.03298095772728, 0.7532845615717, 0.7545189450122, 0, -0.8218168015465, -0.8204808604668, -0, -5.551115123126e-17, 5.551115123126e-17, -0, 0.002699765190512, 0.3941292462023, 0.3912525008757, 0.3943058091091, 0, 0.3912190410753, 0.3939526832956
11.675, 0.2110260837585, 0.3458889864848, -0.1919424118345, 0.3464191701837, 0.0372180415404, -0.0007746867281473, -0.002809933110323, 0.01983231549217, 0, 0, -1000, 0, 1000, 7517.54396738, 3571.200224129, 7529.716261974, 3592.766586675, 24.90351656082, 7.5154188502, 25.29813085676, 47.66771553067, -244.6949386859, -1.29132011909, 240.7310443618, -9.269759811497, 5403.434298177, 4065.772192607, 5403.80692109, 3838.91094015, 3, -0.3811789049646, 144.6868437382, 0.4541892592989, -132.4013431237, -1.531839789559, 9.756802224343, -1.396350355857, 10.34469585871, 0, 0, 0.02674166317012, -0, -0, -0, -0, -0, 0.02674215409773, 0.004945873543157, 0, 0, 0, 0, 0, -0.01643988283046, 0.004945874081854, -0.04343506650014, -0.01643988103979, 0.05053584249278, -0.01643988103979, 65.62226529081, 65.6384305289, 65.62191786995, 65.63835320845, 162.0008284779, -0.2054122720288, 0.1975620386073, 0, 1, 49.9998221589, 50, 49.99950415474, -0.001532304900684, 0, 0, 0, 0, 0, 0, 0, 0, 162.0013398351, 159.0524441943, 162.0006469257, 159.0518023221, 162.0008284779, 159.0521233043, 162.0013410281, 159.0524442404, 0, 162.0006479644, 159.0518023682, -0.02506879920982, 0, -0.2304608071073, -0.02335020152868, 0.1724696887288, -0.02335020152868, 0.7528380838785, 0.7542266252477, -0.8216216118575, -0.8207733087927, -0.03438473865897, -0.03316025495715, 0.7531346717045, 0.7543396472291, 0, -0.8219666865004, -0.8206601571434, -0, -5.551115123126e-17, -0, -0, 0.00269975650553, 0.3941267934047, 0.3912360742367, 0.3939008359913, 0, 0.3912352921988, 0.3943527508182
11.7, 0.1922082482993, -0.3432264760815, -0.2107529145065, -0.3427079474766, -0.04075375088587, 0.0004956049134341, 0.003242532528138, 0.02105416537319, 0, 0, 1000, 0, -1000, 7518.98061018, 3588.602405752, 7528.287398821, 3575.689081353, 24.76145491301, 46.71906814733, 25.36371556588, 6.898902349045, -241.3650822151, 7.234854710297, 244.0658513404, -0.6444117523376, 5395.118866855, 3831.540114327, 5412.190966643, 4069.101790902, 3, 0.495125316836, -130.7015896266, -0.4331398512082, 144.1859923763, -1.516796283343, 10.2202044575, -1.411368814326, 9.886722581921, 0, 0, 0.02676859148873, -0, -0, -0, -0, -0, 0.02676888309856, 0.005084265217887, 0, 0, 0, 0, 0, 0.01721530704834, 0.005084265772773, -0.04327533729656, 0.01721530516946, 0.05069521611903, 0.01721530516946, 65.76291083487, 65.77915468326, 65.76257224635, 65.77899694684, 162.3480505212, -0.1977143013265, 0.2052597710338, 0, 1, 49.99981803312, 50, 49.99946926032, -0.001665966773655, 0, 0, 0, 0, 0, 0, 0, 0, 162.3485542515, 159.3997011991, 162.3478769555, 159.3989905725, 162.3480505212, 159.3993458324, 162.3485553994, 159.3997011456, 0, 162.3478780452, 159.3989905191, -0.02487280506081, 0, -0.2225668958387, -0.02585136777933, 0.1803633189879, -0.02585136777933, 0.7526900835319, 0.7543491289455, -0.8217696257051, -0.8206507818344, -0.03453252968189, -0.03326924846197, 0.7529855933507, 0.7542306358337, 0, -0.8221157736769, -0.8207691327577, -0, -0, -0, 5.551115123126e-17, 0.002699675602544, 0.394130816965, 0.3912526396615, 0.39436743217, 0, 0.391218589958, 0.39389420176
11.725, 0.2121922998626, 0.3401941697705, -0.190755928944, 0.3407076056787, 0.03617990994629, -0.0002884212936771, -0.004197886417695, 0.02252923539247, 0, 0, -1000, 0, 1000, 7517.620490188, 3568.643950224, 7529.655297493, 3595.415035911, 25.77502614436, 7.01460410776, 24.3109471996, 45.96650347685, -244.4678097655, 3.25051571835, 240.966943145, -5.115853347353, 5403.881967036, 4097.16512001, 5403.455398473, 3804.37358241, 3, -0.4240629697917, 143.9300117828, 0.4585255824749, -128.7417968774, -1.531092754268, 9.693106707247, -1.397046531986, 10.40927277835, 0, 0, 0.02679610537399, -0, -0, -0, -0, -0, 0.02679687721892, 0.004834278624989, 0, 0, 0, 0, 0, -0.02121763163159, 0.004834279153677, -0.04349135954852, -0.02121762931105, 0.05047906551227, -0.02121762931105, 65.90356613839, 65.91979775585, 65.90321684345, 65.91972146331, 162.6952725869, -0.2058236245488, 0.1971506870266, 0, 1, 49.99981196875, 50, 49.99941235424, -0.00198081303612, 0, 0, 0, 0, 0, 0, 0, 0, 162.6957862634, 159.7468850494, 162.6950894532, 159.7462502082, 162.6952725869, 159.7465676876, 162.6957874607, 159.7468851082, 0, 162.6950904875, 159.7462502671, -0.02518857750109, 0, -0.2309918707488, -0.02309442321831, 0.1719385370822, -0.02309442321831, 0.7525372879794, 0.7538928975167, -0.8219224075972, -0.8211070825332, -0.03468587775724, -0.03346113931239, 0.7528342595034, 0.7540387427188, 0, -0.8222670951757, -0.8209610213435, -0, -0, -0, -0, 0.002699635449254, 0.3941299145069, 0.3912351821748, 0.3938382894895, 0, 0.3912359927845, 0.3944215395244
11.75, 0.1909527648705, -0.3389588587759, -0.2119875381476, -0.3384522785809, -0.0401324023939, -4.289513606731e-05, 0.004405532620473, 0.02267340574804, 0, 0, 1000, 0, -1000, 7519.013255583, 3590.900993933, 7528.262280902, 3572.844372078, 24.30685100138, 45.46988946357, 25.71778892231, 7.320128409291, -241.6124645872, 3.207777239019, 243.8162339886, -6.25869520484, 5394.809739336, 3801.636005119, 5412.432935838, 4103.128306618, 3, 0.4722715090177, -128.3721042714, -0.4543803227159, 143.5005681174, -1.516508400716, 10.27866594889, -1.41168861456, 9.818386725463, 0, 0, 0.02678290251696, -0, -0, -0, -0, -0, 0.02678341331783, 0.005104609329817, 0, 0, 0, 0, 0, 0.021848147071, 0.005104609887519, -0.04331828043041, 0.0218481446839, 0.05065293569773, 0.0218481446839, 66.04421102773, 66.06052340299, 66.04387199407, 66.06036364015, 163.0424950883, -0.196818829198, 0.2061559024804, 0, 1, 49.99981373199, 50, 49.99940967079, -0.002074142922168, 0, 0, 0, 0, 0, 0, 0, 0, 163.0429994287, 160.0941514085, 163.0423210996, 160.0934282481, 163.0424950883, 160.0937897593, 163.0430005736, 160.0941513395, 0, 163.0423221932, 160.0934281792, -0.02495757827395, 0, -0.2217561659562, -0.02630732449882, 0.1811746845571, -0.02630732449882, 0.7523897838922, 0.7540919773987, -0.8220699214451, -0.8209079710896, -0.03483239573152, -0.03355828604219, 0.7526855874341, 0.7539415736943, 0, -0.8224157802839, -0.8210581457787, -0, -5.551115123126e-17, -0, -0, 0.002699758498567, 0.3941267001189, 0.3912532552316, 0.394426991234, 0, 0.3912181082031, 0.3938264090038
11.775, 0.213569247303, 0.3369294204618, -0.1893612125438, 0.337433709225, 0.0357403916276, 0.0002418379268193, -0.00525898084566, 0.02415005701728, 0, 0, -1000, 0, 1000, 7517.641094514, 3565.882130335, 7529.614260461, 3597.402858055, 26.01563834043, 6.622045934546, 24.04278481238, 45.16263714332, -244.3283120854, 9.373115058279, 241.0984511158, -1.52709947896, 5403.839071603, 4131.337101617, 5403.41643059, 3778.760971008, 3, -0.4649937846379, 143.7513014196, 0.4619543590559, -126.6162470065, -1.530930848589, 9.626455623832, -1.397533308521, 10.4610011578, 0, 0, 0.02677045827696, -0, -0, -0, -0, -0, 0.02677154135662, 0.004808168862295, 0, 0, 0, 0, 0, -0.02555002226916, 0.004808169387122, -0.04344281569387, -0.02555001948007, 0.05053425810999, -0.02555001948007, 66.18486736282, 66.20116489361, 66.18451568513, 66.20108943135, 163.3897175844, -0.2068214694882, 0.1961543867436, 0, 1, 49.99980632652, 50, 49.99935359411, -0.002260795306105, 0, 0, 0, 0, 0, 0, 0, 0, 163.3902334494, 160.4413257049, 163.3895319071, 160.4406971171, 163.3897175844, 160.4410114812, 163.3902346511, 160.441325775, 0, 163.3895329359, 160.4406971873, -0.02530762296237, 0, -0.2321088033924, -0.02286693853358, 0.170823187869, -0.02286693853358, 0.7522364616387, 0.75356193983, -0.8222231981948, -0.8214380913328, -0.03498719259956, -0.03376232443404, 0.7525331017328, 0.7537375345488, 0, -0.8225682627348, -0.8212621834169, -0, -0, 5.551115123126e-17, -0, 0.002699879293851, 0.3941213770758, 0.3912352678753, 0.3937702056658, 0, 0.3912360700775, 0.3944725484857
11.8, 0.1895878870949, -0.3359660056012, -0.2133442035774, -0.3354676757513, -0.03967522441044, -0.0005476616863579, 0.005401752564989, 0.02433871324508, 0, 0, 1000, 0, -1000, 7518.960616482, 3592.907124175, 7528.290314123, 3570.431143048, 24.05837461792, 45.03282206892, 25.96157519034, 6.263604261253, -241.7994740969, -0.0529793238948, 243.629660075, -12.12710280719, 5394.700185677, 3775.848051082, 5412.615476576, 4133.425729464, 3, 0.4600341115524, -126.2917789355, -0.4624722262382, 143.4838204535, -1.517114630237, 10.32920232667, -1.411450327101, 9.758697393946, 0, 0, 0.0267821497808, -0, -0, -0, -0, -0, 0.02678290068426, 0.005159258848832, 0, 0, 0, 0, 0, 0.02591246779344, 0.005159259412474, -0.04334941916214, 0.02591246496238, 0.05062967959865, 0.02591246496238, 66.32551118656, 66.34189196184, 66.32517177397, 66.34173018274, 163.7369396983, -0.1958382268576, 0.2071380675942, 0, 1, 49.99980739147, 50, 49.9993581476, -0.002181618646156, 0, 0, 0, 0, 0, 0, 0, 0, 163.7374444909, 160.7886009942, 163.7367652375, 160.7878666013, 163.7369396983, 160.7882337146, 163.737445632, 160.788600911, 0, 163.7367663361, 160.7878665183, -0.02504350866152, 0, -0.22086147981, -0.02671594021024, 0.1820709311493, -0.02671594021024, 0.7520884585157, 0.7538289757055, -0.8223712059341, -0.8211710141507, -0.03513317066873, -0.0338492640653, 0.7523844748748, 0.7536505697898, 0, -0.8227169056416, -0.8213490979204, -5.551115123126e-17, -0, -0, -5.551115123126e-17, 0.002699869747396, 0.3941221969641, 0.3912534733051, 0.3944783499937, 0, 0.3912177447167, 0.3937660439344
11.825, 0.2144417460929, 0.3287182399318, -0.188479328258, 0.329198722263, 0.0342185100237, 0.0007812175287769, -0.006669008348601, 0.02768685508173, 0, 0, -1000, 0, 1000, 7517.60287743, 3563.530010572, 7529.64485327, 3599.937024181, 26.26653841298, 5.240205140008, 23.84941033238, 44.69524301316, -244.1483861385, 15.62284230892, 241.2848418864, 2.010389904613, 5404.065521968, 4159.962633222, 5403.381298434, 3746.830798548, 3, -0.5107877344843, 142.0866906706, 0.4861743113005, -121.7227927415, -1.53138583916, 9.566990244594, -1.397267994636, 10.52231325387, 0, 0, 0.02681805624336, -0, -0, -0, -0, -0, 0.02681950901094, 0.004813408756434, 0, 0, 0, 0, 0, -0.02993829247868, 0.004813409283703, -0.04339585093193, -0.02993828919883, 0.05058726682514, -0.02993828919883, 66.46616822836, 66.48253211137, 66.46581446785, 66.4824573458, 164.0841615106, -0.2075391488958, 0.195438323946, 0, 1, 49.99979539366, 50, 49.99926384115, -0.002561902621877, 0, 0, 0, 0, 0, 0, 0, 0, 164.0846798501, 161.1357666315, 164.0839739899, 161.1351444421, 164.0841615106, 161.1354556181, 164.0846810549, 161.1357667128, 0, 164.0839750147, 161.1351445235, -0.0254284300654, 0, -0.2329472759061, -0.02263417611205, 0.1699862511522, -0.02263417611205, 0.7519344409969, 0.7532293103899, -0.8225251819779, -0.8217707817253, -0.03528950494048, -0.03406479697338, 0.7522307600429, 0.7534350340739, 0, -0.8228706085556, -0.8215646280207, 5.551115123126e-17, -0, -0, -0, 0.002699783667784, 0.3941246539336, 0.3912348170221, 0.3937131680986, 0, 0.3912361397425, 0.3945361397685
11.85, 0.1891144117456, -0.3253845975516, -0.2137958398612, -0.3249166497181, -0.0379227078986, -0.001151369458206, 0.006952288830081, 0.02811039052889, 0, 0, 1000, 0, -1000, 7518.895038647, 3595.484597688, 7528.370581972, 3567.825318101, 23.04336919646, 44.64905112951, 26.86549196456, 4.573948624477, -242.0955279933, -4.002895960335, 243.3385026851, -18.95878524507, 5394.299149134, 3741.972495483, 5413.086681442, 4165.019707205, 3, 0.4605389942038, -120.6795458321, -0.508648691986, 140.6956198356, -1.517856314199, 10.39233354543, -1.410663281871, 9.694675779738, 0, 0, 0.02683642536556, -0, -0, -0, -0, -0, 0.02683751175564, 0.005278191932947, 0, 0, 0, 0, 0, 0.03065682680364, 0.005278192511921, -0.04326292299471, 0.03065682344056, 0.05071677162555, 0.03065682344056, 66.60681160449, 66.62326055915, 66.60647093265, 66.62309692888, 164.431383496, -0.1958086012283, 0.2071683561847, 0, 1, 49.99980339912, 50, 49.99927058026, -0.002689626378026, 0, 0, 0, 0, 0, 0, 0, 0, 164.4318898246, 161.4830512709, 164.4312082257, 161.4823042598, 164.431383496, 161.4826776653, 164.4318909637, 161.4830511707, 0, 164.4312093257, 161.4823041599, -0.02513024344342, 0, -0.2209185881807, -0.02717496994842, 0.1820143966716, -0.02717496994842, 0.7517868516449, 0.7535705049888, -0.8226728056412, -0.8214295433151, -0.03543458193375, -0.03414040037775, 0.7520822779574, 0.7533593983194, 0, -0.8230190991835, -0.8216401990749, -0, -0, -0, 5.551115123126e-17, 0.002699777346214, 0.394124453341, 0.3912542726289, 0.3945458150453, 0, 0.391216805536, 0.3937030916366
11.875, 0.2144243806206, 0.3194996068022, -0.1884625552031, 0.3199541594768, 0.03280525902942, 0.001349375211299, -0.008013613031317, 0.03072453087962, 0, 0, -1000, 0, 1000, 7517.56392688, 3560.632764542, 7529.692882862, 3601.85090191, 28.27624994697, 3.334454171504, 21.48849370642, 44.44490422331, -243.8271218692, 21.95533072397, 241.6016240571, 5.746909798214, 5404.213923273, 4193.866462064, 5403.129213291, 3721.29113113, 3, -0.5769703535316, 139.5246538596, 0.4875160752451, -117.0851779839, -1.531847771308, 9.498572082361, -1.396818292186, 10.57250904583, 0, 0, 0.02683077082929, -0, -0, -0, -0, -0, 0.02683263895849, 0.004820546291488, 0, 0, 0, 0, 0, -0.034245964345, 0.00482054682004, -0.04345158522328, -0.03424596058956, 0.05053167071552, -0.03424596058956, 66.74746845674, 66.7638993914, 66.74711401665, 66.76382527781, 164.7786058269, -0.20647157903, 0.1965055674124, 0, 1, 49.99980148561, 50, 49.99920176044, -0.003050351449141, 0, 0, 0, 0, 0, 0, 0, 0, 164.7791251444, 161.8302068248, 164.7784175035, 161.8295908787, 164.7786058269, 161.8298989439, 164.7791263458, 161.8302069168, 0, 164.7784185329, 161.8295909709, -0.02554852910351, 0, -0.2319997692851, -0.02240705333479, 0.1709334106068, -0.02240705333479, 0.7516302757928, 0.7528959841664, -0.8228293457545, -0.8221041767277, -0.03559328032634, -0.03436853107516, 0.7519269752038, 0.7531312680367, 0, -0.8231743931295, -0.821868330187, 5.551115123126e-17, -0, -0, -0, 0.002699893087412, 0.3941163065, 0.3912345211136, 0.3936456140234, 0, 0.3912366422389, 0.3945869989766
11.9, 0.1889735670721, -0.3164790329479, -0.2139108960998, -0.316036007816, -0.03653366115175, -0.001660730334862, 0.008305605373386, 0.03171088094599, 0, 0, 1000, 0, -1000, 7518.815886491, 3597.211835943, 7528.430204597, 3565.190542418, 20.73606230345, 44.66023507802, 28.92563859936, 2.787549028667, -242.3036784149, -7.469583894726, 243.1171930623, -24.66333679738, 5394.236101555, 3719.299942875, 5413.088055885, 4197.412320088, 3, 0.4905372857289, -115.6064550987, -0.5936133685975, 138.6814917048, -1.518740163672, 10.43750137006, -1.410091353286, 9.631647924164, 0, 0, 0.02681728065888, -0, -0, -0, -0, -0, 0.02681869886942, 0.005332755009601, 0, 0, 0, 0, 0, 0.03464721559362, 0.005332755593726, -0.04316887940462, 0.03464721179812, 0.05081754375606, 0.03464721179812, 66.88811261098, 66.90462896115, 66.88776979235, 66.90446346875, 165.1258281282, -0.1969048786916, 0.2060724574281, 0, 1, 49.99980380856, 50, 49.99919132248, -0.003063293095642, 0, 0, 0, 0, 0, 0, 0, 0, 165.1263363248, 162.1775003178, 165.125650734, 162.1767421419, 165.1258281282, 162.1771211151, 165.1263374675, 162.1775002029, 0, 165.1256518291, 162.1767420273, -0.0252196619799, 0, -0.2221043425347, -0.02758112390845, 0.1808290491092, -0.02758112390845, 0.7514834719221, 0.7533040971755, -0.8229761489791, -0.8216960083051, -0.03573824322219, -0.03443427988179, 0.7517782561172, 0.7530654848921, 0, -0.8233231306125, -0.8219340446557, -0, -0, -0, -0, 0.002699994650566, 0.394114756365, 0.3912543987061, 0.394590963825, 0, 0.3912168021884, 0.3936385489051
11.925, 0.2143381452265, 0.2933556520137, -0.1884755887543, 0.2937385108459, 0.02743268864183, 0.001834980918569, -0.01069500394034, 0.04249803964084, 0, 0, -1000, 0, 1000, 7517.575927277, 3558.375329004, 7529.668254177, 3603.633936904, 29.41020103829, 2.361134429341, 19.54791547499, 41.69890272364, -243.572488795, 27.2201437366, 241.8733201953, 9.104283534778, 5404.449402327, 4221.275178761, 5403.013347268, 3697.80939438, 3, -0.9332783203328, 133.2648670394, 0.698059409131, -101.2429762346, -1.531774959068, 9.443088851621, -1.397130157714, 10.61745497216, 0, 0, 0.02685682756745, -0, -0, -0, -0, -0, 0.02685909038097, 0.004785986981155, 0, 0, 0, 0, 0, -0.03793382543193, 0.004785987506937, -0.04357911536662, -0.03793382126387, 0.05040993765664, -0.03793382126387, 67.02876836073, 67.04526659726, 67.02841377764, 67.04519311361, 165.4730498336, -0.2047239597917, 0.1982534269225, 0, 1, 49.99980149587, 50, 49.99894945774, -0.004261098251447, 0, 0, 0, 0, 0, 0, 0, 0, 165.4735697451, 162.524647972, 165.4728612688, 162.5240368357, 165.4730498336, 162.5243425051, 165.4735709416, 162.5246480732, 0, 165.4728623055, 162.524036937, -0.02566757683229, 0, -0.2303711182695, -0.02223208139987, 0.1725622566975, -0.02223208139987, 0.7513240529224, 0.7525662440624, -0.8231355375359, -0.8224339825604, -0.03589889809447, -0.03467293921649, 0.7516216228216, 0.7528268289047, 0, -0.8234797538503, -0.8221727073377, -0, 5.551115123126e-17, -0, -0, 0.002699893510738, 0.3941123791876, 0.3912340513706, 0.3935909990386, 0, 0.3912368737799, 0.3946337593367
11.95, 0.1892411664009, -0.2910955707675, -0.2135824583287, -0.2907208457684, -0.03166191291705, -0.002256665071654, 0.01088924909432, 0.04186985948506, 0, 0, 1000, 0, -1000, 7518.741763936, 3599.465328179, 7528.508453869, 3562.711513343, 19.96853607943, 43.14646429191, 29.05728841739, 1.499881711174, -242.6046366351, -11.75185694875, 242.8405326314, -31.02113853064, 5393.850452684, 3689.560969033, 5413.602909382, 4227.462743778, 3, 0.6448178712495, -101.4031008034, -0.8726641856344, 131.7682947531, -1.519571085437, 10.49295965735, -1.409323427839, 9.571324292141, 0, 0, 0.02686002093256, -0, -0, -0, -0, -0, 0.02686184573928, 0.005453705597537, 0, 0, 0, 0, 0, 0.03897995335179, 0.005453706196816, -0.04302670221669, 0.03897994906791, 0.05096319738376, 0.03897994906791, 67.16941341298, 67.18599758309, 67.16906850331, 67.18583025889, 165.8202718464, -0.1977962026549, 0.2051821107975, 0, 1, 49.99980691888, 50, 49.99899138232, -0.004171211300604, 0, 0, 0, 0, 0, 0, 0, 0, 165.8207822496, 162.8719498712, 165.8200928139, 162.8711797809, 165.8202718464, 162.871564695, 165.8207833936, 162.8719497399, 0, 165.8200939061, 162.87117965, -0.02531407522276, 0, -0.2230901139858, -0.02801455014704, 0.1798441833425, -0.02801455014704, 0.7511794284611, 0.753039757522, -0.8232801688711, -0.8219604187036, -0.03604244490221, -0.03472845785876, 0.7514732423386, 0.7527712657622, 0, -0.8236281441322, -0.8222281814797, -0, -0, -0, -5.551115123126e-17, 0.002699897566384, 0.394114427007, 0.391255167661, 0.3946501856228, 0, 0.3912157757009, 0.3935786683912
11.975, 0.2137937184296, 0.2835764916699, -0.1890179979648, 0.2839351455474, 0.02621956733867, 0.002517660041629, -0.01204312533038, 0.04460195106888, 0, 0, -1000, 0, 1000, 7517.523457878, 3555.420834583, 7529.715053732, 3606.126400111, 28.33247002713, 0.2241996137845, 20.854885921, 44.01817991584, -243.3436717195, 34.48434659003, 242.1054535305, 14.2195350563, 5404.687511613, 4256.925364733, 5402.756400116, 3666.670719953, 3, -0.8929647644507, 129.6128844358, 0.6444699732246, -97.525872468, -1.53237886198, 9.372568844139, -1.396691763878, 10.67994902399, 0, 0, 0.02684506703797, -0, -0, -0, -0, -0, 0.02684790755975, 0.004784664527986, 0, 0, 0, 0, 0, -0.04277379044324, 0.004784665053162, -0.04351420110724, -0.04277378574729, 0.0504818662887, -0.04277378574729, 67.31006936463, 67.32663418689, 67.30971238388, 67.32656077092, 166.1674941537, -0.2059243856435, 0.1970562489129, 0, 1, 49.99980103177, 50, 49.99893772361, -0.004434730330892, 0, 0, 0, 0, 0, 0, 0, 0, 166.1680165125, 163.2190876839, 166.1673029472, 163.2184837509, 166.1674941537, 163.2187858302, 166.1680177141, 163.2190877966, 0, 166.1673039774, 163.2184838639, -0.02579489701468, 0, -0.2316989037201, -0.02197003546163, 0.1712377349332, -0.02197003546163, 0.7510178609752, 0.7522259309306, -0.8234416835066, -0.8227743921757, -0.03620554535619, -0.03498001196815, 0.7513149872345, 0.7525197106899, 0, -0.8237863914491, -0.8224797346262, -0, -0, -0, -0, 0.00269999490968, 0.3941078622037, 0.3912335773863, 0.3935199593349, 0, 0.3912373851941, 0.3946957650725
12, 0.1896581087863, -0.2811671941582, -0.2131608827368, -0.2808170038426, -0.03033492734413, -0.002869620831718, 0.012272507796, 0.04484800206103, 0, 0, 1000, 0, -1000, 7518.73268618, 3601.643787941, 7528.497309183, 3559.968371346, 21.33372019865, 45.27777441436, 27.9948500718, -0.4448672040799, -242.7081040018, -16.54969730618, 242.7341197554, -37.54142001919, 5393.917365145, 3662.77293535, 5413.500640353, 4261.461759019, 3, 0.6319670149945, -96.88642820768, -0.8734776531637, 128.6096043566, -1.519719633717, 10.54830174812, -1.409492619521, 9.505302302447, 0, 0, 0.02682001134584, -0, -0, -0, -0, -0, 0.02682230982241, 0.005443886321296, 0, 0, 0, 0, 0, 0.04338498708742, 0.005443886917716, -0.04311300023076, 0.04338498233345, 0.05088670798664, 0.04338498233345, 67.45071352572, 67.46736567401, 67.45036808183, 67.46719699619, 166.5147164696, -0.1966586501454, 0.2063232209043, 0, 1, 49.99980006552, 50, 49.99895103003, -0.004309909986259, 0, 0, 0, 0, 0, 0, 0, 0, 166.5152270451, 163.5663992498, 166.5145366846, 163.5656169468, 166.5147164696, 163.5660079501, 166.515228186, 163.5663991013, 0, 166.5145377816, 163.5656167988, -0.02540311239035, 0, -0.2220415881893, -0.02845882368795, 0.1808963277698, -0.02845882368795, 0.7508718484793, 0.7527740473769, -0.8235876914184, -0.8222262098656, -0.03634952480857, -0.03502450350529, 0.7511662515755, 0.7524751735886, 0, -0.8239351445731, -0.8225241805991, 5.551115123126e-17, -0, -0, -0, 0.002700091447058, 0.3941072229775, 0.3912550339263, 0.3947035264158, 0, 0.3912159798882, 0.3935109195392
12.025, 0.213420279909, 0.2746977434968, -0.1893948181523, 0.2750349104091, 0.02499146990833, 0.003102039239195, -0.01149630775992, 0.03674949433686, 0, 0, -1000, 0, 832.1839782942, 7517.549301698, 3553.038745069, 7529.67744394, 3608.28538239, 27.3385744699, -1.600834677885, 22.13298493215, 46.13907171552, -243.180341273, 40.56612045852, 242.2717961401, 18.79920771955, 5404.874015662, 4286.740218222, 5402.680212544, 3639.475038443, 3, -0.8570381205876, 126.7870140751, 0.605916977371, -93.49512219955, -1.532160669997, 9.31371135374, -1.397138375388, 10.73339004036, 0, 0, 0.02684648653725, -0, -0, -0, -0, -0, 0.02684986896881, 0.004738376498246, 0, 0, 0, 0, 0, -0.0469051524877, 0.004738377018396, -0.04348498897588, -0.04690514733744, 0.05051936606817, -0.04690514733744, 67.59137027889, 67.60800156708, 67.59101099548, 67.60792821457, 166.8619382183, -0.2070158492416, 0.1959678972161, 0, 1, 49.99979393791, 50, 49.9989097032, -0.004405061867684, 0, 0, 0, 0, 0, 0, 0, 0, 166.8624630204, 163.9135281615, 166.8617445558, 163.912929827, 166.8619382183, 163.9132291168, 166.8624642274, 163.9135282838, 0, 166.8617455795, 163.9129299498, -0.0259199834884, 0, -0.2329154666016, -0.02176636654387, 0.1700242776309, -0.02176636654387, 0.7507099650184, 0.7518900386442, -0.8237495276749, -0.8231103754759, -0.03651392883085, -0.03528753441227, 0.7510068915021, 0.7522121448758, 0, -0.8240944918346, -0.8227872137003, 5.551115123126e-17, -0, -0, -5.551115123126e-17, 0.0026999991532, 0.3941052312281, 0.3912332060159, 0.3934605450101, 0, 0.3912375367365, 0.3947499174461
12.05, 0.1902035286038, -0.2648151457032, -0.2125915720311, -0.264504120404, -0.02753308481426, -0.003455093792621, 0.01104795582078, 0.03322414372165, 0, 0, 724.9154574729, 0, -1000, 7518.735719334, 3603.613505644, 7528.514485207, 3557.639808069, 22.33900889208, 46.01546449727, 26.84536873339, -1.933166273826, -242.9178684912, -21.23722306686, 242.5469991099, -43.46825495388, 5393.737006231, 3636.530906403, 5413.84399522, 4288.727872119, 3, 0.6752464266404, -88.74916215471, -0.9663345713017, 123.5201585497, -1.519740083027, 10.59711320382, -1.409363885589, 9.448749979608, 0, 0, 0.02687917295809, -0, -0, -0, -0, -0, 0.02688192980709, 0.005488635462014, 0, 0, 0, 0, 0, 0.04726254244492, 0.005488636065991, -0.04310845922209, 0.04726253724301, 0.05089194529692, 0.04726253724301, 67.73201372344, 67.74873392218, 67.73166720573, 67.74856379203, 167.2091598262, -0.1961749250689, 0.2068087227481, 0, 1, 49.99980043522, 50, 49.99887122457, -0.004687850626865, 0, 0, 0, 0, 0, 0, 0, 0, 167.2096717882, 164.2608477356, 167.208979431, 164.2600543213, 167.2091598262, 164.2604508647, 167.209672927, 164.2608475716, 0, 167.2089805305, 164.2600541578, -0.02549882356057, 0, -0.2216535318464, -0.02886303529413, 0.1812860637651, -0.02886303529413, 0.7505639425007, 0.752503232891, -0.8238955869281, -0.8224971031112, -0.03665716200073, -0.03532202816438, 0.750858314866, 0.7521776039915, 0, -0.824243075228, -0.8228216603202, -0, 5.551115123126e-17, -0, -0, 0.002699875106872, 0.3941061818751, 0.3912553932302, 0.3947557802255, 0, 0.3912152958828, 0.3934565835247
12.075, 0.2123824759808, 0.2312205608075, -0.1903116655907, 0.2314590128284, 0.01637613989504, 0.00361424624759, -0.01388298053737, 0.0472451296711, 0, 0, -1000, 0, 709.0787523642, 7517.685157554, 3550.807529955, 7529.595252132, 3609.03932323, 25.60883340937, -1.752611106496, 22.38282902285, 41.30582660526, -243.002887408, 45.26688022603, 242.5109248629, 23.31270694292, 5405.236143636, 4310.606218404, 5402.33119408, 3625.363250067, 3, -1.464140773363, 114.4389882591, 0.9708101837037, -69.0825708869, -1.530786187308, 9.264153886942, -1.398051272998, 10.755908609, 0, 0, 0.02692481268365, -0, -0, -0, -0, -0, 0.02692857537564, 0.004608152502889, 0, 0, 0, 0, 0, -0.04965727506831, 0.004608153011701, -0.04366999203702, -0.04965726958384, 0.0503252883798, -0.04965726958384, 67.87267004499, 67.88936924723, 67.87231058657, 67.88929577903, 167.5563814068, -0.2053931590021, 0.1975899696029, 0, 1, 49.99981232276, 50, 49.99858618356, -0.006330185682107, 0, 0, 0, 0, 0, 0, 0, 0, 167.5569071584, 164.6079688023, 167.5561878512, 164.6073732179, 167.5563814068, 164.6076711393, 167.5569083627, 164.6079689313, 0, 167.55618888, 164.6073733473, -0.02603105834619, 0, -0.2314037052336, -0.02166632348645, 0.1715352973066, -0.02166632348645, 0.7503990490938, 0.7515635627474, -0.8240604885507, -0.8234369161651, -0.03682444750991, -0.03559512083601, 0.750697238307, 0.7519045270981, 0, -0.824404128063, -0.8230947687702, -0, -0, -0, -0, 0.00269975552677, 0.3940954999294, 0.3912324836848, 0.3934129872691, 0, 0.3912382331583, 0.3947780125898
12.1, 0.1911616788112, -0.2141810406378, -0.2114860037535, -0.2139783869676, -0.01727484838172, -0.003927538833977, 0.01545449455154, 0.05601538766649, 0, 0, 736.8793606286, 0, -1000, 7518.72269154, 3603.938274495, 7528.565903191, 3555.418509877, 22.46551191705, 39.43862606599, 24.96101198098, -1.684824283308, -243.085693307, -25.74883696552, 242.4410062053, -47.56442621013, 5393.678603986, 3628.382449688, 5413.81497128, 4312.285786753, 3, 1.144656287406, -59.71005642837, -1.730756752694, 109.6052230198, -1.519927394363, 10.61107214482, -1.408874362716, 9.4001163533, 0, 0, 0.02691878341831, -0, -0, -0, -0, -0, 0.02692183186063, 0.005509367284379, 0, 0, 0, 0, 0, 0.04956019649861, 0.005509367892426, -0.04297224038602, 0.04956019102761, 0.0510218748678, 0.04956019102761, 68.0133150128, 68.03010200913, 68.01296542369, 68.02993074065, 167.9036034708, -0.1983209042157, 0.2046622302418, 0, 1, 49.9998197347, 50, 49.99846738562, -0.007015875827788, 0, 0, 0, 0, 0, 0, 0, 0, 167.9041185817, 164.9552934988, 167.9034204658, 164.9544922233, 167.9036034708, 164.9548926876, 167.9041197284, 164.9552933251, 0, 167.9034215544, 164.9544920501, -0.02560152695334, 0, -0.2239022487059, -0.02914901186214, 0.1790367713976, -0.02914901186214, 0.750255569601, 0.7522182440334, -0.8242039893198, -0.8227821413553, -0.03696628912911, -0.03562283273395, 0.7505490118189, 0.7518767707489, 0, -0.8245523648682, -0.8231224362168, -0, -0, -0, -0, 0.002699811199677, 0.3940908204616, 0.3912555102681, 0.3947719988293, 0, 0.3912153529104, 0.3934096420938
12.125, 0.2114281690631, 0.1831566017158, -0.1911287823127, 0.1833055206696, 0.006593552447572, 0.00405992898757, -0.01809407658123, 0.0690569288383, 0, 0, -1000, 0, 718.1681889163, 7517.835526496, 3548.82972386, 7529.467468116, 3609.279267792, 23.81224765895, -1.449293580589, 22.52342283083, 34.42625537926, -242.9363933665, 48.95125369486, 242.636015363, 27.81558178143, 5405.288926463, 4332.54776339, 5402.276794917, 3618.026754645, 3, -2.193192862168, 101.4032452639, 1.424438822217, -41.14313268929, -1.529258395634, 9.219974401012, -1.399442193252, 10.76708044475, 0, 0, 0.02696386595732, -0, -0, -0, -0, -0, 0.02696793499489, 0.004499979222481, 0, 0, 0, 0, 0, -0.05177895600377, 0.004499979720791, -0.04386093686996, -0.05177895026824, 0.0501317285662, -0.05177895026824, 68.15396970314, 68.17073671809, 68.1536104226, 68.17066314302, 168.2508250134, -0.2033278966415, 0.1996550810906, 0, 1, 49.99982959786, 50, 49.99819781931, -0.008436016250576, 0, 0, 0, 0, 0, 0, 0, 0, 168.2513511198, 165.3024099413, 168.2506316289, 165.3018158255, 168.2508250134, 165.3021130177, 168.2513523191, 165.3024100754, 0, 168.2506326654, 165.3018159601, -0.02613975180125, 0, -0.2294470169392, -0.02161289747171, 0.1734917722077, -0.02161289747171, 0.7500871133063, 0.7512411827612, -0.8243724375318, -0.8237593483333, -0.03713579581159, -0.03590294658059, 0.7503866062971, 0.7515966758173, 0, -0.8247147554068, -0.8234025689785, -0, -0, -0, -0, 0.002699688787615, 0.3940809401551, 0.3912323775438, 0.3933692661343, 0, 0.3912383426818, 0.394792614176
12.15, 0.1919755692635, -0.1697153668583, -0.2105502415151, -0.1695888572245, -0.008168698190555, -0.004362608751444, 0.0193576030549, 0.07618048414599, 0, 0, 749.011971784, 0, -1000, 7518.696336739, 3604.286178233, 7528.627704607, 3553.626062894, 22.59078118028, 32.66900856852, 23.2836262007, -1.386461850384, -243.2639841812, -30.13898091537, 242.3261333651, -51.06076701693, 5393.620844214, 3619.579103241, 5414.011754783, 4330.855272842, 3, 1.554638848522, -33.93605331799, -2.384093269135, 97.58174763595, -1.520253784541, 10.62351052095, -1.408275829264, 9.359310449143, 0, 0, 0.02701045141995, -0, -0, -0, -0, -0, 0.02701376127582, 0.005556127390973, 0, 0, 0, 0, 0, 0.0515438134726, 0.005556128008365, -0.04282842661493, 0.05154380774369, 0.0511610263929, 0.05154380774369, 68.29461608823, 68.31147002734, 68.29426362579, 68.31129753676, 168.598046407, -0.2002248930624, 0.2027576756886, 0, 1, 49.99983641344, 50, 49.99811441749, -0.008875988136143, 0, 0, 0, 0, 0, 0, 0, 0, 168.5985648458, 165.649738905, 168.5978613191, 165.6489305338, 168.598046407, 165.6493345375, 168.5985659989, 165.6497387228, 0, 168.5978623985, 165.6489303522, -0.02570368534517, 0, -0.2259083951181, -0.02940713970062, 0.1770299111888, -0.02940713970062, 0.7499462357981, 0.751929573588, -0.8245133427584, -0.8230708562844, -0.03727626131766, -0.03592516034525, 0.7502386960086, 0.7515744172699, 0, -0.8248626681162, -0.8234247379604, -5.551115123126e-17, -0, -0, -0, 0.0026995369412, 0.394081081197, 0.3912556260627, 0.3947895233103, 0, 0.3912149600643, 0.3933726390836
12.175, 0.2106423185343, 0.1650010956713, -0.1918763504913, 0.165122046175, 0.003697551061551, 0.004490958085842, -0.01466855113737, 0.04592365776541, 0, 0, -1000, 0, 266.1126080421, 7518.005896316, 3547.069270474, 7529.354148378, 3609.785446219, 23.11242701106, -2.173490656229, 22.52134918689, 32.71642554864, -242.7583628457, 52.84222378864, 242.8501297114, 31.64111536426, 5405.648765659, 4350.439089903, 5402.009213651, 3606.443426325, 3, -2.354595000055, 95.03728065899, 1.511418783437, -32.70895782601, -1.527520040112, 9.18085900475, -1.400681167804, 10.7825004143, 0, 0, 0.02707834763877, -0, -0, -0, -0, -0, 0.0270827338777, 0.004347869820091, 0, 0, 0, 0, 0, -0.05391488481555, 0.004347870305654, -0.04400089877883, -0.05391487879247, 0.04998205424354, -0.05391487879247, 68.43526971973, 68.45210441821, 68.43490955197, 68.45203064804, 168.9452676134, -0.2027205341593, 0.200261322978, 0, 1, 49.99985015161, 50, 49.9981592458, -0.008761306345996, 0, 0, 0, 0, 0, 0, 0, 0, 168.9457955076, 165.9968511152, 168.9450739939, 165.9962585597, 168.9452676134, 165.996554977, 168.9457967081, 165.9968512544, 0, 168.9450750304, 165.9962586995, -0.02624281600002, 0, -0.2289425654484, -0.02155613623693, 0.1739949202996, -0.02155613623693, 0.749774104043, 0.7509170779607, -0.8246854943238, -0.8240835078769, -0.0374488319441, -0.03621239372835, 0.7500745521873, 0.7512872018858, 0, -0.8250267906236, -0.8237119893425, -0, -0, -0, 5.551115123126e-17, 0.002699347557854, 0.394074643741, 0.3912316600001, 0.3933336125316, 0, 0.391238876605, 0.3948156749503
12.2, 0.1927472724501, -0.1621083774525, -0.2097710388351, -0.1619925196598, -0.007774882406985, -0.004812733892937, 0.01194473596288, 0.02935411918354, 0, 0, 14.56776030722, 0, -1000, 7518.694001096, 3604.805514623, 7528.678180241, 3551.575942306, 22.54635130897, 33.29527477747, 22.9937395113, -2.681305811771, -243.4687766876, -33.92237079344, 242.1348335842, -55.351363711, 5393.457420654, 3608.93624579, 5414.094387967, 4351.832533382, 3, 1.498261154799, -32.76837399387, -2.340660040138, 93.30355916191, -1.520326809959, 10.64077559766, -1.407795963805, 9.314626033335, 0, 0, 0.0270789167659, -0, -0, -0, -0, -0, 0.02708254316625, 0.005594003971798, 0, 0, 0, 0, 0, 0.05383521675059, 0.005594004596554, -0.04280006825966, 0.05383521073649, 0.05118093223612, 0.05383521073649, 68.57591642549, 68.59283809569, 68.57556256954, 68.59266481133, 169.2924895251, -0.2002509402483, 0.2027308737054, 0, 1, 49.99985944797, 50, 49.99821056231, -0.008618851427997, 0, 0, 0, 0, 0, 0, 0, 0, 169.2930098066, 166.3441847109, 169.292303523, 166.3433686341, 169.2924895251, 166.3437764807, 169.2930109596, 166.3441845187, 0, 169.292304602, 166.3433684426, -0.0258025631376, 0, -0.2260332823337, -0.02968745158231, 0.1769041610934, -0.02968745158231, 0.7496349594938, 0.7516421065083, -0.8248246606062, -0.8233583773149, -0.03758747157533, -0.03622840502369, 0.7499272262958, 0.7512711416424, 0, -0.8251741217356, -0.8237279516898, -0, -0, -0, -0, 0.002699414240122, 0.3940707734781, 0.3912559517522, 0.3948107096929, 0, 0.3912147953351, 0.3933308372633
12.225, 0.2100425791956, 0.1609790085765, -0.1924785459356, 0.1610945555901, 0.004017017678763, 0.004889261087343, -0.006322481741128, -0.006117116793128, 0, 0, -1000, 0, -533.6934169325, 7518.108468774, 3544.993106986, 7529.269314985, 3610.054677865, 22.95245599833, -3.5851593423, 22.50217974238, 33.82551952674, -242.6717980696, 56.78828286373, 242.9398256041, 35.01417479708, 5405.460825951, 4373.208332801, 5402.073788132, 3599.320679926, 3, -2.287654065389, 91.9987252173, 1.449180939979, -33.22449877258, -1.526491691669, 9.135103024593, -1.401621154096, 10.79481872098, 0, 0, 0.0270985712764, -0, -0, -0, -0, -0, 0.02710329917522, 0.004294260182693, 0, 0, 0, 0, 0, -0.05608105625489, 0.004294260662985, -0.0440214267843, -0.0560810499803, 0.04995971396119, -0.0560810499803, 68.71657017615, 68.73347207293, 68.71620855119, 68.73339798466, 169.6397113004, -0.2028261868781, 0.2001557214121, 0, 1, 49.9998704764, 50, 49.99827361241, -0.008297747270952, 0, 0, 0, 0, 0, 0, 0, 0, 169.6402408667, 166.691292043, 169.6395162812, 166.6907012474, 169.6397113004, 166.6909967899, 169.6402420689, 166.6912921874, 0, 169.6395173159, 166.6907013923, -0.02634884999576, 0, -0.229154227117, -0.02149211494889, 0.1737832775219, -0.02149211494889, 0.7494612294086, 0.7505920396239, -0.8249983767685, -0.8244086040326, -0.03776189111777, -0.03652257752062, 0.7497618180059, 0.7509769898452, 0, -0.8253395204122, -0.8240221448865, -0, 5.551115123126e-17, -0, -0, 0.002699426300531, 0.3940590452874, 0.3912320342742, 0.3932882412215, 0, 0.3912387481036, 0.3948298493533
12.25, 0.1933271424512, -0.1588927764337, -0.2092002785162, -0.1587810575623, -0.00813920491328, -0.005185433931471, 0.003818016603487, -0.0210073515813, 0, 0, -761.0638342492, 0, -1000, 7518.606311879, 3605.142453287, 7528.772890968, 3549.780030415, 22.54189255094, 34.32871978167, 22.85357089281, -3.967727902167, -243.6246277893, -36.98076663868, 241.9885133899, -59.00460772149, 5393.40803688, 3601.305519865, 5414.16166184, 4371.910367176, 3, 1.418080278041, -33.36097979551, -2.242215073053, 90.83228579674, -1.521294673819, 10.65316872302, -1.406851816958, 9.273974664058, 0, 0, 0.02711239849721, -0, -0, -0, -0, -0, 0.02711631061736, 0.005672357159033, 0, 0, 0, 0, 0, 0.05584316244523, 0.005672357794107, -0.04275787511894, 0.05584315619125, 0.05122424728214, 0.05584315619125, 68.85721676017, 68.87420603575, 68.85686163059, 68.87403180317, 169.9869329999, -0.2001338305904, 0.2028482390079, 0, 1, 49.99987758339, 50, 49.99832178787, -0.008014658977341, 0, 0, 0, 0, 0, 0, 0, 0, 169.9874547747, 167.0386302163, 169.9867459553, 167.0378071596, 169.9869329999, 167.0382184873, 169.9874559265, 167.0386300152, 0, 169.9867470353, 167.0378069593, -0.02590112415579, 0, -0.2260147284838, -0.02994136786848, 0.1769229152871, -0.02994136786848, 0.749322726023, 0.7513511346233, -0.8251368858448, -0.8236493983975, -0.03789949487256, -0.03653319973379, 0.7496147047766, 0.7509663187015, 0, -0.8254866426071, -0.8240327181691, -0, 5.551115123126e-17, -0, -0, 0.002699408391605, 0.394058362748, 0.3912560503414, 0.3948258970919, 0, 0.3912146610591, 0.3932908284041
12.275, 0.2094974875937, 0.1575959015829, -0.1930380189985, 0.1577070542001, 0.004306730076538, 0.005229176871591, -0.001512037258477, -0.03704372444575, 0, 0, -1000, 0, -1000, 7518.167879815, 3543.443619081, 7529.23945398, 3610.48573103, 22.78622287699, -4.680001890595, 22.51450482928, 34.7919467727, -242.5585084855, 60.15386331005, 243.0738826499, 37.79738989416, 5405.55583606, 4388.823657434, 5402.133562242, 3590.10913598, 3, -2.198253285739, 89.39376006332, 1.389736440893, -33.77318249606, -1.525915788586, 9.099927432973, -1.401983692343, 10.80808289333, 0, 0, 0.02719232841557, -0, -0, -0, -0, -0, 0.0271973504019, 0.004257222151131, 0, 0, 0, 0, 0, -0.05788017543003, 0.004257222630581, -0.04403348842407, -0.05788016890912, 0.04994437778983, -0.05788016890912, 68.99787047776, 69.01483972561, 68.99750739311, 69.01476534818, 170.3341540098, -0.202947063643, 0.2000343832936, 0, 1, 49.99988849936, 50, 49.99838750518, -0.007668490464389, 0, 0, 0, 0, 0, 0, 0, 0, 170.3346857294, 167.3857335617, 170.3339581084, 167.3851438002, 170.3341540098, 167.38543883, 170.3346869331, 167.3857337104, 0, 170.3339591415, 167.3851439495, -0.02645314738818, 0, -0.229379323786, -0.02145449399691, 0.1735575675641, -0.02145449399691, 0.7491471709615, 0.750268657416, -0.8253124484768, -0.8247320358119, -0.03807609637985, -0.03683361728816, 0.7494478417683, 0.7506659256796, 0, -0.8256534872997, -0.8243331602559, -0, -0, -0, -0, 0.002699165736126, 0.3940526547174, 0.3912318449478, 0.3932571227314, 0, 0.391238629123, 0.3948481867034
12.3, 0.1939174408258, -0.1534193736781, -0.2086206599186, -0.1533147648084, -0.008310534250944, -0.005592650813048, 0.001530029806432, -0.03813254586483, 0, 0, -1000, 0, -1000, 7518.495583706, 3605.716230487, 7528.937893083, 3548.164856023, 22.5999911376, 35.44506454581, 22.57375372202, -5.129279905215, -243.8258890738, -40.29873822752, 241.8073027842, -62.96620447517, 5393.162100269, 3589.353013074, 5414.459616448, 4388.294792217, 3, 1.32820354448, -33.77614675282, -2.12800103268, 86.79922974626, -1.522503878123, 10.66985251433, -1.405169421842, 9.238202512998, 0, 0, 0.02721738347861, -0, -0, -0, -0, -0, 0.02722159372089, 0.005817661267492, 0, 0, 0, 0, 0, 0.05789664403664, 0.005817661923888, -0.04266402646993, 0.05789663750225, 0.05130880169245, 0.05789663750225, 69.13851690574, 69.15557406859, 69.13816054584, 69.15539919398, 170.6813755268, -0.19989556971, 0.2030854513198, 0, 1, 49.99990101059, 50, 49.9984609928, -0.007457667014813, 0, 0, 0, 0, 0, 0, 0, 0, 170.6818992527, 167.7330758692, 170.6811879553, 167.7322457601, 170.6813755268, 167.7326606048, 170.6819004012, 167.7330756589, 0, 170.681189038, 167.7322455506, -0.02600394044898, 0, -0.2258792499018, -0.03019792278687, 0.1770571779419, -0.03019792278687, 0.7490097843324, 0.7510595801545, -0.8254498724176, -0.8239410051935, -0.03821213444556, -0.03683889895818, 0.7493011225936, 0.7506605896123, 0, -0.8258002059793, -0.8243383875286, -0, -0, -0, -0, 0.002699120379317, 0.394053934471, 0.3912565407325, 0.3948496928089, 0, 0.3912140670077, 0.3932581761331
12.325, 0.2089487748796, 0.1507753650796, -0.1935927057325, 0.1508776427586, 0.004253419291913, 0.005674139990678, -0.001884400167651, -0.03929046746389, 0, 0, -1000, 0, -1000, 7518.181299593, 3541.451185257, 7529.266004194, 3611.025463295, 22.45040895994, -5.986299931731, 22.62629733887, 35.99668793373, -242.4089659392, 64.5161155812, 243.2311299959, 41.49990320191, 5405.464824819, 4409.577181203, 5402.090305407, 3580.099423912, 3, -2.101246823462, 84.58092739703, 1.305706097969, -33.91555854934, -1.525822267598, 9.056120717109, -1.401753584849, 10.82576543727, 0, 0, 0.02723843225378, -0, -0, -0, -0, -0, 0.02724383540801, 0.004264700064184, 0, 0, 0, 0, 0, -0.06010948286781, 0.004264700546106, -0.04399640619335, -0.06010947607258, 0.04997461415858, -0.06010947607258, 69.27917094015, 69.29620777573, 69.27880619231, 69.29613270555, 171.028597232, -0.2032877605439, 0.1996931179129, 0, 1, 49.99991439649, 50, 49.99853514446, -0.007178080750071, 0, 0, 0, 0, 0, 0, 0, 0, 171.0291309882, 168.0801745632, 171.0283999193, 168.0795867642, 171.028597232, 168.079880818, 171.0291321932, 168.0801747172, 0, 171.0284009503, 168.0795869188, -0.02656181126203, 0, -0.2298286668413, -0.02138310120625, 0.1731075837918, -0.02138310120625, 0.7488321876139, 0.7499406189394, -0.8256274649935, -0.8250601381208, -0.03839127446541, -0.03714636681238, 0.7491326053446, 0.7503531449729, 0, -0.8259687103648, -0.8246458785977, -0, -0, -0, -0, 0.002699137821122, 0.3940419379289, 0.3912320264396, 0.3932157653185, 0, 0.391238715112, 0.3948681105392
12.35, 0.1943290459768, -0.1479926146629, -0.2082172868811, -0.1478949070729, -0.008446505909438, -0.005966956977238, 0.001882590459768, -0.03986637354567, 0, 0, -1000, 0, -1000, 7518.383427035, 3605.962364381, 7529.059344044, 3546.293799121, 22.72184458635, 36.50509497772, 22.31528154997, -6.350552794277, -243.8840983141, -43.46085062622, 241.7511796372, -66.73212365724, 5393.253667103, 3583.157141618, 5414.249310988, 4409.254174288, 3, 1.264988094052, -33.81181643619, -2.048253795627, 83.07231241013, -1.523728053462, 10.68069798224, -1.40394282187, 9.196824115903, 0, 0, 0.02722573091523, -0, -0, -0, -0, -0, 0.02723024306136, 0.00588576845148, 0, 0, 0, 0, 0, 0.05986449321699, 0.005885769115968, -0.0426439455428, 0.05986448645621, 0.05132880778973, 0.05986448645621, 69.41981719387, 69.43694188129, 69.4194596629, 69.43676636396, 171.3758191982, -0.1996041918158, 0.2033770266156, 0, 1, 49.99992152716, 50, 49.99858494616, -0.006902405004906, 0, 0, 0, 0, 0, 0, 0, 0, 171.3763441515, 168.4275212754, 171.3756305099, 168.4266841946, 171.3758191982, 168.4271025162, 171.3763452985, 168.4275210561, 0, 171.3756315942, 168.4266839763, -0.02610462544843, 0, -0.2256885601439, -0.03045153673621, 0.1772480515277, -0.03045153673621, 0.7486944756173, 0.750765457341, -0.8257651800218, -0.8242351799076, -0.03852716574144, -0.03714656631208, 0.7489856766207, 0.7503528926183, 0, -0.8261156505556, -0.8246460252425, -0, -0, -0, -5.551115123126e-17, 0.002699237476529, 0.3940392158788, 0.3912563584306, 0.3948620212391, 0, 0.3912144858203, 0.3932164105185
12.375, 0.2085330265131, 0.1461099855445, -0.1940232893424, 0.1462064644198, 0.004396070770848, 0.006031930287695, -0.002184114618994, -0.04099508044389, 0, 0, -1000, 0, -1000, 7518.23778374, 3539.896239647, 7529.218565657, 3611.456037622, 22.20224394054, -7.104274065071, 22.74409592602, 37.01950380509, -242.2782974383, 68.05958690461, 243.3736941287, 44.41482852872, 5405.496525088, 4426.770784282, 5402.112671998, 3571.952250032, 3, -1.990626331334, 81.30777652682, 1.224524954814, -34.12596777609, -1.525276977229, 9.020364457256, -1.402298960807, 10.83935802706, 0, 0, 0.0272794539317, -0, -0, -0, -0, -0, 0.02728517743069, 0.004223494989912, 0, 0, 0, 0, 0, -0.06194584295498, 0.004223495468617, -0.04400065256623, -0.06194583593088, 0.04997117366273, -0.06194583593088, 69.56047139779, 69.57757555601, 69.56010500741, 69.57749999634, 171.7230404505, -0.2035895119556, 0.1993914817208, 0, 1, 49.99993394551, 50, 49.99866045049, -0.006491748740746, 0, 0, 0, 0, 0, 0, 0, 0, 171.7235761857, 168.774616247, 171.7228417135, 168.7740294383, 171.7230404505, 168.7743230014, 171.723577393, 168.7746164053, 0, 171.7228427419, 168.7740295974, -0.02667031986406, 0, -0.2302388935414, -0.02134707400458, 0.1726974047556, -0.02134707400458, 0.7485152890957, 0.749614267906, -0.8259443564232, -0.825386543291, -0.03870840002342, -0.0374601254055, 0.7488157357644, 0.7500393596807, 0, -0.82628557827, -0.8249596104917, -0, 5.551115123126e-17, -0, -0, 0.002699084119811, 0.3940329140946, 0.3912319632694, 0.3931815017095, 0, 0.3912386705775, 0.3948843264797
12.4, 0.1946740084515, -0.1408112380474, -0.2078905619928, -0.1407223131903, -0.008427105083253, -0.006393850280054, 0.002272678084241, -0.0422784086013, 0, 0, -1000, 0, -1000, 7518.283063331, 3606.750608879, 7529.189906914, 3544.816886884, 22.80069559017, 37.71259757816, 22.02996083778, -7.419079803674, -244.0747030115, -46.92133069974, 241.5800480018, -70.94176469341, 5393.059660075, 3570.296089151, 5414.523818588, 4425.397793126, 3, 1.174564137805, -33.88793255253, -1.919873952203, 78.02887456566, -1.524828488005, 10.70145113701, -1.402620248642, 9.163189789983, 0, 0, 0.02729074641726, -0, -0, -0, -0, -0, 0.02729558817465, 0.006009195304005, 0, 0, 0, 0, 0, 0.06196636330816, 0.006009195985671, -0.04258524966298, 0.06196635627637, 0.05138366367746, 0.06196635627637, 69.70111732169, 69.71831003586, 69.70075868012, 69.71813394869, 172.0702620463, -0.1991388355944, 0.203841963959, 0, 1, 49.99994756129, 50, 49.9987488982, -0.006189979097379, 0, 0, 0, 0, 0, 0, 0, 0, 172.0707885728, 169.1219674898, 172.0700726644, 169.1211231019, 172.0702620463, 169.1215450674, 172.0707897164, 169.1219672609, 0, 172.0700737519, 169.1211228739, -0.02621109406034, 0, -0.2253296518534, -0.03071735659229, 0.1776064364573, -0.03071735659229, 0.7483783741405, 0.7504716015985, -0.8260812982971, -0.8245290931779, -0.03884287272087, -0.03745490242999, 0.7486691746242, 0.750044523836, 0, -0.8264321428869, -0.824954328696, -0, -0, -5.551115123126e-17, -0, 0.002699046477023, 0.394035931024, 0.3912567451968, 0.3948876254501, 0, 0.391213938657, 0.3931842365978
12.425, 0.2084145758646, 0.1367269601437, -0.1941587157185, 0.136812008692, 0.004024360164561, 0.00648081387264, -0.002676241985248, -0.04359977175201, 0, 0, -1000, 0, -1000, 7518.267437055, 3538.174980413, 7529.220938161, 3612.158157168, 21.97677545277, -8.095070858142, 22.7677172067, 38.26164337203, -242.1260399376, 72.49020167796, 243.5378935074, 48.11379817855, 5405.447331771, 4445.137178605, 5402.092746261, 3561.101424162, 3, -1.877531174531, 75.02166152897, 1.146565940861, -33.67909425032, -1.525013072765, 8.98262748761, -1.402320720483, 10.85954938097, 0, 0, 0.02730516117267, -0, -0, -0, -0, -0, 0.02731126879992, 0.004213473474482, 0, 0, 0, 0, 0, -0.0640631155567, 0.004213473952952, -0.04395510164661, -0.06406310827862, 0.05001188219841, -0.06406310827862, 69.84177199104, 69.8589440325, 69.84140367989, 69.85886735205, 172.4174837559, -0.2042145897035, 0.1987659393019, 0, 1, 49.99996221226, 50, 49.99883545377, -0.005862207814353, 0, 0, 0, 0, 0, 0, 0, 0, 172.4180216394, 169.4690579193, 172.4172832192, 169.4684726903, 172.4174837559, 169.4687654685, 172.4180228493, 169.4690580826, 0, 172.4172842441, 169.4684728544, -0.0267824766062, 0, -0.2309761301177, -0.02128960688676, 0.1719596636886, -0.02128960688676, 0.7481975072188, 0.7492845268455, -0.8262621604987, -0.8257163489398, -0.03902654406537, -0.0377753462856, 0.748497642915, 0.7497241070943, 0, -0.8266036603664, -0.8252747996655, -0, 5.551115123126e-17, -0, -0, 0.002699031986126, 0.3940254124617, 0.3912320615028, 0.3931448993125, 0, 0.3912387100277, 0.394905925611
12.45, 0.1946788352929, -0.1329744754807, -0.2079011543738, -0.1328947947668, -0.008225073975045, -0.006760889812822, 0.002734496973227, -0.04427928847509, 0, 0, -1000, 0, -1000, 7518.217504229, 3607.055785686, 7529.272809252, 3543.135796406, 22.82845238741, 38.78007710086, 21.88633066069, -8.359719048736, -244.1207935717, -50.02378650468, 241.538977408, -74.65824034695, 5393.306039786, 3564.33890537, 5414.170426862, 4444.129181871, 3, 1.121496949467, -33.30392203363, -1.835605871277, 72.96360001163, -1.525563511411, 10.71332796589, -1.401796482342, 9.126290358886, 0, 0, 0.02728513688221, -0, -0, -0, -0, -0, 0.02729027638977, 0.006023962403956, 0, 0, 0, 0, 0, 0.0637554602075, 0.006023963087017, -0.04262595977085, 0.06375545297551, 0.05134096997654, 0.06375545297551, 69.98241752275, 69.99967783159, 69.9820578671, 69.99950140829, 172.7647057539, -0.1985933384326, 0.2043873137103, 0, 1, 49.99997008489, 50, 49.99889260822, -0.005562419346877, 0, 0, 0, 0, 0, 0, 0, 0, 172.7652332807, 169.8164130905, 172.7645152941, 169.8155619224, 172.7647057539, 169.8159872695, 172.7652344232, 169.816412853, 0, 172.7645163834, 169.8155616859, -0.02631494846317, 0, -0.2248879937923, -0.03096400894026, 0.1780479572946, -0.03096400894026, 0.7480596735664, 0.7501732696897, -0.8264000077588, -0.8248274753944, -0.03916122818929, -0.03776554935125, 0.7483507516895, 0.7497338481113, 0, -0.826750561461, -0.8252649468139, -0, -0, -0, -0, 0.002699108700956, 0.394023194221, 0.391256254194, 0.3948994788145, 0, 0.3912146428856, 0.3931469096276
12.475, 0.2084777407151, 0.129837475146, -0.1941143662375, 0.1299145876023, 0.003867768931478, 0.006833360592079, -0.003098309782038, -0.0456016779149, 0, 0, -1000, 0, -1000, 7518.36660269, 3536.772422212, 7529.141446306, 3612.5939032, 21.84180880992, -8.985423089241, 22.79434255543, 39.30549344746, -242.0132944911, 76.00596894755, 243.6618610913, 50.99504154784, 5405.426546481, 4461.193092117, 5402.136580659, 3553.330646867, 3, -1.759090685469, 70.48603142716, 1.066690732315, -33.30965436163, -1.524019710972, 8.950440127393, -1.403200787829, 10.8730385987, 0, 0, 0.02732775012851, -0, -0, -0, -0, -0, 0.02733417500988, 0.00414840500503, 0, 0, 0, 0, 0, -0.06578975469527, 0.004148405476891, -0.04395415663658, -0.06578974720849, 0.05001090009036, -0.06578974720849, 70.12307257513, 70.14031208607, 70.12270237847, 70.14023453465, 173.1119270837, -0.2047814555699, 0.1981987883679, 0, 1, 49.99998398048, 50, 49.99898006159, -0.005102448155938, 0, 0, 0, 0, 0, 0, 0, 0, 173.1124670555, 170.1635000015, 173.1117247656, 170.1629153884, 173.1119270837, 170.1632078629, 173.112468269, 170.163500169, 0, 173.1117257865, 170.1629155568, -0.02689384850492, 0, -0.2316543512697, -0.0212671988014, 0.1712811213645, -0.0212671988014, 0.7478778857436, 0.748956534466, -0.8265817892706, -0.8260443953328, -0.03934657015273, -0.03809150098192, 0.7481780150044, 0.74940792562, 0, -0.826923282368, -0.8255909275838, -0, -5.551115123126e-17, -0, -0, 0.00269895244657, 0.3940171468839, 0.3912321029127, 0.3931129020166, 0, 0.391238622714, 0.3949213917512
12.5, 0.1944357217278, -0.1247459916447, -0.2081669447717, -0.1246754307223, -0.007921074413776, -0.007147316474534, 0.003206883218748, -0.04678818355371, 0, 0, -1000, 0, -1000, 7518.195054653, 3607.739485993, 7529.336510188, 3541.819873031, 22.81371427016, 39.91604470682, 21.74319780188, -9.217087734307, -244.3009022538, -53.1280902844, 241.3779809095, -78.48397956143, 5393.296337848, 3553.312408074, 5414.279877414, 4458.08338043, 3, 1.043228916652, -32.87920720442, -1.709984471957, 67.48150759995, -1.525845745073, 10.73146802492, -1.401173998364, 9.09586531114, 0, 0, 0.02735277551882, -0, -0, -0, -0, -0, 0.02735822269771, 0.006067585696992, 0, 0, 0, 0, 0, 0.06556572620437, 0.006067586388415, -0.04264613073173, 0.06556571872994, 0.05131414018781, 0.06556571872994, 70.26371749891, 70.28104581045, 70.26335698743, 70.28086901867, 173.4591485001, -0.1978539574958, 0.2051257661395, 0, 1, 49.99999573647, 50, 49.99905919694, -0.004775105718922, 0, 0, 0, 0, 0, 0, 0, 0, 173.4596774216, 170.5108590628, 173.4589575638, 170.5100010523, 173.4591485001, 170.5104298119, 173.4596785614, 170.5108588166, 0, 173.4589586565, 170.5100008072, -0.02642158266984, 0, -0.2242551870656, -0.03121292015335, 0.1786797280955, -0.03121292015335, 0.7477400590054, 0.7498741815647, -0.82671965443, -0.8251266159655, -0.03948042596812, -0.03807710956062, 0.748031274896, 0.7494222579663, 0, -0.8270700247324, -0.8255764770876, -0, -0, -0, -0, 0.002698839489208, 0.3940202641364, 0.391256273418, 0.3949214298535, 0, 0.3912144250208, 0.3931190984193
12.525, 0.2092531401372, 0.1189378158535, -0.1933605131781, 0.1190030573731, 0.003252360310116, 0.007251092558193, -0.003697378486614, -0.04861308573157, 0, 0, -1000, 0, -1000, 7518.474428593, 3535.429676019, 7529.084854371, 3613.278018699, 21.80715290018, -9.752643677629, 22.65907069258, 40.51272916428, -241.7869341565, 80.06518735547, 243.9016195887, 54.33086296996, 5405.466399123, 4475.284776143, 5402.065867699, 3542.381250287, 3, -1.636846079553, 63.41085827458, 0.9915511793247, -32.34400709961, -1.522934739798, 8.920874596353, -1.403840143331, 10.89133439781, 0, 0, 0.02737986718049, -0, -0, -0, -0, -0, 0.02738663362876, 0.004074805491421, 0, 0, 0, 0, 0, -0.0676043964147, 0.00407480595668, -0.04392664071856, -0.06760438869186, 0.05002864398784, -0.06760438869186, 70.40437329869, 70.42168077735, 70.40400077908, 70.42160177568, 173.8063699819, -0.2057972315122, 0.1971817685222, 0, 1, 50.00001313477, 50, 49.99916635807, -0.004375444757342, 0, 0, 0, 0, 0, 0, 0, 0, 173.806912567, 170.8579422938, 173.8061657632, 170.8573585219, 173.8063699819, 170.8576505801, 173.8069137856, 170.8579424657, 0, 173.8061667777, 170.8573586946, -0.02700346524166, 0, -0.2327797174924, -0.02123659910133, 0.1701544305215, -0.02123659910133, 0.747557195079, 0.7486264993183, -0.8269025285501, -0.82637448886, -0.03966789598559, -0.03840908991155, 0.7478571363699, 0.7490903078126, 0, -0.8272441429524, -0.8259084876357, -5.551115123126e-17, -5.551115123126e-17, -0, 5.551115123126e-17, 0.002698760571869, 0.394014002591, 0.391232023669, 0.393084816459, 0, 0.3912387634707, 0.3949431887229
12.55, 0.1935890201984, -0.1137829292918, -0.2090330132591, -0.1137237882374, -0.007193306516291, -0.007529422952613, 0.003840820972089, -0.04957741594702, 0, 0, -1000, 0, -1000, 7518.209684286, 3608.191909477, 7529.354980102, 3540.382585709, 22.57486643474, 41.0407443641, 21.86379366368, -9.920615146377, -244.4735269091, -56.23477178769, 241.2081799724, -82.22629008256, 5393.507943463, 3546.192703263, 5413.92455405, 4473.466421926, 3, 0.9842111064796, -31.60348488045, -1.611573207377, 60.5859182629, -1.525738142602, 10.74577762548, -1.401025482845, 9.064330838417, 0, 0, 0.02735963919188, -0, -0, -0, -0, -0, 0.02736537832438, 0.006030618144098, 0, 0, 0, 0, 0, 0.06719642349175, 0.006030618831653, -0.0427486891004, 0.06719641582742, 0.05120487374175, 0.06719641582742, 70.54501742558, 70.56241356281, 70.54465634682, 70.56223693555, 174.1535919528, -0.1969096712178, 0.2060693643662, 0, 1, 50.00002231108, 50, 49.99923097226, -0.004098627181369, 0, 0, 0, 0, 0, 0, 0, 0, 174.1541216359, 171.2053049327, 174.1534003506, 171.2044404118, 174.1535919528, 171.2048724186, 174.1541227742, 171.2053046784, 0, 174.1534014461, 171.2044401588, -0.02652421310972, 0, -0.2234134771984, -0.03144975572791, 0.1795207419698, -0.03144975572791, 0.7474182974417, 0.7495719419292, -0.8270414518289, -0.8254289039751, -0.03980174534215, -0.0383905779516, 0.7477102133707, 0.7491087618283, 0, -0.8273910766825, -0.8258899177314, -0, -0, -0, -5.551115123126e-17, 0.002698854642735, 0.3940120207346, 0.3912558513711, 0.3949355995005, 0, 0.3912151335034, 0.3930884419687
12.575, 0.2100729603913, 0.1092366930673, -0.192561133766, 0.1092921367736, 0.002665857471131, 0.007596064929974, -0.004315854950491, -0.05122634370208, 0, 0, -1000, 0, -1000, 7518.590063786, 3534.134910956, 7528.984437536, 3613.633723313, 22.09159635757, -10.38537109847, 22.30080115749, 41.55957974479, -241.6449374083, 83.47423172436, 244.0460099482, 57.12922425569, 5405.251458279, 4490.432077225, 5402.200890413, 3536.140613884, 3, -1.53295569461, 57.30849602703, 0.9304616815557, -31.17580283511, -1.521766929903, 8.891475180188, -1.404939026203, 10.90291490384, 0, 0, 0.02737947816465, -0, -0, -0, -0, -0, 0.02738654369045, 0.004015617760209, 0, 0, 0, 0, 0, -0.06915430717778, 0.004015618218696, -0.04390437102605, -0.06915429927794, 0.05004842413548, -0.06915429927794, 70.6856740103, 70.70304911806, 70.68529939214, 70.70296883916, 174.5008135184, -0.206541070313, 0.1964378252611, 0, 1, 50.00003702551, 50, 49.99932780817, -0.003611637189118, 0, 0, 0, 0, 0, 0, 0, 0, 174.5013581651, 171.5523847164, 174.5006072356, 171.5518012407, 174.5008135184, 171.5520931547, 174.5013593876, 171.5523848922, 0, 174.5006082454, 171.5518014173, -0.02711269321016, 0, -0.2336327954286, -0.02122582419873, 0.1693012498908, -0.02122582419873, 0.7472354356688, 0.748297576357, -0.8272243009763, -0.8267034627783, -0.03999015641803, -0.03872739056983, 0.7475352252071, 0.7487719817857, 0, -0.8275660502251, -0.8262267629253, -0, -0, -0, -5.551115123126e-17, 0.002698805705304, 0.3940051186972, 0.3912324519545, 0.3930546298842, 0, 0.3912384943833, 0.3949556075101
12.6, 0.192889535663, -0.105112370536, -0.2097580961535, -0.1050615199335, -0.006665699001831, -0.007865664528184, 0.004406225980977, -0.05217730211073, 0, 0, -1000, 0, -1000, 7518.2136911, 3608.676033648, 7529.375374841, 3539.204406672, 22.23345482424, 42.0676306205, 22.12269498274, -10.5507393251, -244.668170101, -58.88082769482, 241.0256617008, -85.53240196844, 5393.630387407, 3538.262459249, 5413.871826606, 4486.116747788, 3, 0.9149049933073, -30.69992613956, -1.490673396346, 55.09070353416, -1.525741275444, 10.75924970113, -1.400856822805, 9.036682571013, 0, 0, 0.02740872331919, -0, -0, -0, -0, -0, 0.02741473329784, 0.006026195301664, 0, 0, 0, 0, 0, 0.06868782713759, 0.006026195991182, -0.04280835738012, 0.06868781927487, 0.05114107035664, 0.06868781927487, 70.82631737119, 70.84378131182, 70.8259555467, 70.84360453921, 174.8480348894, -0.1961853803021, 0.2067932749577, 0, 1, 50.00004532682, 50, 49.99938796174, -0.003282349031109, 0, 0, 0, 0, 0, 0, 0, 0, 174.8485657694, 171.8997505208, 174.8478427573, 171.898879891, 174.8480348894, 171.8993149448, 174.8485669061, 171.899750259, 0, 174.8478438552, 171.8988796305, -0.02662600270949, 0, -0.2227909107661, -0.03167198762914, 0.1801428498125, -0.03167198762914, 0.7470958525355, 0.7492674858494, -0.8273639184459, -0.8257334053048, -0.04012382003951, -0.03870530711137, 0.7473881757484, 0.7487940066785, 0, -0.8277131077345, -0.8262046209012, 5.551115123126e-17, -0, -0, 5.551115123126e-17, 0.002698702622947, 0.3940073072994, 0.3912556071547, 0.3949513845976, 0, 0.3912152389272, 0.3930632300012
12.625, 0.2100877226059, 0.09709211099935, -0.1925761648352, 0.09713635939127, 0.001772271609918, 0.007941186539001, -0.005070944035312, -0.054653006538, 0, 0, -1000, 0, -1000, 7518.722304892, 3533.303578557, 7528.895419294, 3614.229567481, 23.69005585405, -9.847023972202, 20.68087855067, 42.49608602217, -241.3736845295, 86.78160986835, 244.3256038275, 59.77521830041, 5405.391287785, 4498.904115892, 5402.110964626, 3526.405877135, 3, -1.422023086083, 49.73659803749, 0.8835877061695, -29.50062266701, -1.520424247757, 8.872468909832, -1.405918184236, 10.91744014695, 0, 0, 0.02745172366486, -0, -0, -0, -0, -0, 0.02745904402499, 0.003916000406534, 0, 0, 0, 0, 0, -0.07047368995647, 0.00391600085601, -0.0439947364892, -0.07047368186322, 0.04995110943556, -0.07047368186322, 70.96697399984, 70.98441769384, 70.96659841064, 70.98433604879, 175.1952561148, -0.2060005720032, 0.1969777083372, 0, 1, 50.00005872523, 50, 49.9995090696, -0.002775115592145, 0, 0, 0, 0, 0, 0, 0, 0, 175.1958022994, 172.246827559, 175.195049272, 172.2462439699, 175.1952561148, 172.246535944, 175.195803522, 172.2468277381, 0, 175.1950502824, 172.24624415, -0.02721511935514, 0, -0.2331946249768, -0.02122994517945, 0.1697386902556, -0.02122994517945, 0.7469115591541, 0.7479689611769, -0.8275482108735, -0.827032122109, -0.04031405611501, -0.03904695329847, 0.7472119655247, 0.7484523969398, 0, -0.8278892957699, -0.8265463035367, -0, -0, -0, -0, 0.002698574459815, 0.3940063653083, 0.3912321729364, 0.3930377422973, 0, 0.3912386740981, 0.3949749883194
12.65, 0.1933191068427, -0.08960327077964, -0.2093559676614, -0.08956589243777, -0.005237313033865, -0.008221442542535, 0.005379675499321, -0.05629114586196, 0, 0, -1000, 0, -1000, 7518.236777484, 3609.213384403, 7529.388698613, 3538.320927724, 19.73805688257, 42.94368551445, 24.65824877298, -9.314700948908, -244.9683904283, -61.63170566118, 240.7162026696, -88.88209425114, 5393.663044026, 3530.506501761, 5413.724570433, 4494.826711399, 3, 0.8822285734004, -28.15281909164, -1.395960413107, 45.64401375448, -1.525542883364, 10.77341726295, -1.400762164773, 9.017484500894, 0, 0, 0.02743955972192, -0, -0, -0, -0, -0, 0.0274457925387, 0.006005688730409, 0, 0, 0, 0, 0, 0.06988105616117, 0.006005689419128, -0.04275641144834, 0.06988104814372, 0.05118817705593, 0.06988104814372, 71.10761813946, 71.12514904313, 71.10725390336, 71.12497278726, 175.5424779592, -0.1974972699051, 0.2054766986299, 0, 1, 50.00006686754, 50, 49.99958470071, -0.002505057519798, 0, 0, 0, 0, 0, 0, 0, 0, 175.5430113586, 172.5941961403, 175.5422837197, 172.5933200488, 175.5424779592, 172.5937578272, 175.5430125011, 172.5941958723, 0, 175.54228481, 172.5933197821, -0.0267269766027, 0, -0.2242037762721, -0.03187067293673, 0.1787252492522, -0.03187067293673, 0.7467728959452, 0.7489592059707, -0.8276868949093, -0.8260417218188, -0.04044723511579, -0.03902180965301, 0.747064864361, 0.7484774827907, 0, -0.8280364061296, -0.8265211020967, 5.551115123126e-17, -0, 5.551115123126e-17, 5.551115123126e-17, 0.0026986704186, 0.3940063471723, 0.3912555423666, 0.3949668247544, 0, 0.3912155319789, 0.3930458695903
12.675, 0.2097288324631, 0.08286861686165, -0.1929611818514, 0.08290126677073, 0.0004914776369873, 0.008265520454021, -0.006079006076092, -0.05868248178085, 0, 0, -1000, 0, -1000, 7518.798096543, 3532.234360157, 7528.827824948, 3614.493610912, 25.88712065606, -9.065203693746, 18.52282698077, 43.36156643785, -241.1764933023, 89.92538687271, 244.5006914874, 62.37555762624, 5405.014957636, 4511.245661077, 5402.306622706, 3522.063137309, 3, -1.345260932319, 41.12704593394, 0.8611240839779, -27.02046154765, -1.519672351764, 8.848725734909, -1.406672453404, 10.92665664825, 0, 0, 0.02743432716187, -0, -0, -0, -0, -0, 0.02744189312005, 0.003905920415004, 0, 0, 0, 0, 0, -0.07168274294551, 0.003905920862756, -0.04405319255211, -0.0716827347237, 0.04989305099836, -0.0716827347237, 71.24827388931, 71.26578628333, 71.24789785229, 71.26570305794, 175.889699801, -0.204839212796, 0.1981393196015, 0, 1, 50.00007989663, 50, 49.99969052218, -0.002010707973681, 0, 0, 0, 0, 0, 0, 0, 0, 175.8902464899, 172.9412703569, 175.8894922133, 172.9406865447, 175.889699801, 172.9409786336, 175.8902477087, 172.9412705392, 0, 175.8894932289, 172.9406867279, -0.02731971712629, 0, -0.2321378488236, -0.0212380638175, 0.1707957468453, -0.0212380638175, 0.7465872147631, 0.7476405300319, -0.827872551854, -0.8273605944016, -0.04063806317599, -0.03936710068154, 0.7468880208843, 0.7481322289002, 0, -0.8282132399476, -0.8268664302633, -0, -0, -0, -0, 0.002698755524714, 0.3939983880627, 0.3912329222911, 0.3930131472762, 0, 0.3912382846866, 0.3949836288491
12.7, 0.1937623883704, -0.07717988195204, -0.2089497379499, -0.07715180514255, -0.004170497012231, -0.008538884222746, 0.006310730448632, -0.06007439513791, 0, 0, -1000, 0, -1000, 7518.178310345, 3609.572267207, 7529.441114284, 3537.375917643, 17.84525059759, 43.83529727731, 26.61094223028, -8.73682865139, -245.2025615829, -64.08304800532, 240.4626316705, -91.92838656368, 5393.698792559, 3525.356466776, 5413.631139043, 4506.407708733, 3, 0.8294564198689, -26.03949765078, -1.281105583691, 38.17702991593, -1.526199468979, 10.78373732264, -1.400257348635, 8.995299573855, 0, 0, 0.02742757336342, -0, -0, -0, -0, -0, 0.02743403170079, 0.006035697564049, 0, 0, 0, 0, 0, 0.07109349680155, 0.006035698255605, -0.04268772892943, 0.071093488652, 0.05126060242671, 0.071093488652, 71.38891889808, 71.40651668914, 71.38855247662, 71.40634062914, 176.2369215652, -0.198527536543, 0.2044513773902, 0, 1, 50.00008612271, 50, 49.99975643459, -0.001626851761475, 0, 0, 0, 0, 0, 0, 0, 0, 176.2374569706, 173.2886416574, 176.236725158, 173.2877602174, 176.2369215652, 173.2882006638, 176.237458117, 173.2886413832, 0, 176.236726243, 173.2877599444, -0.02682638368115, 0, -0.2253334917617, -0.03206524409286, 0.1776004968546, -0.03206524409286, 0.7464490815941, 0.7486499645628, -0.8280106867949, -0.8263510012448, -0.04077131648629, -0.0393393997192, 0.7467405809257, 0.7481598707313, 0, -0.8283606927211, -0.8268386701697, -0, -0, -5.551115123126e-17, -5.551115123126e-17, 0.002698803613157, 0.3939999315791, 0.3912554715041, 0.3949770734981, 0, 0.391215717655, 0.39302278966
12.725, 0.2092642066896, 0.07246720215483, -0.1934561546256, 0.07249255029364, -0.0002256209588054, 0.008565485820614, -0.006904321032259, -0.06247534976651, 0, 0, -1000, 0, -1000, 7518.812972695, 3531.385884018, 7528.82867094, 3615.003288949, 26.87617256856, -9.460332299597, 17.46086296744, 44.35902674282, -241.0014412477, 92.87650377262, 244.6788632531, 64.72177744196, 5404.943759059, 4519.992375671, 5402.475648496, 3514.45731812, 3, -1.219785411469, 34.75173529571, 0.799178183825, -25.52306603738, -1.519559264689, 8.828613746018, -1.406708256726, 10.93947911628, 0, 0, 0.02748550976362, -0, -0, -0, -0, -0, 0.02749332269756, 0.003918956652614, 0, 0, 0, 0, 0, -0.0728677550387, 0.003918957103537, -0.04405493015556, -0.07286774664961, 0.04989030400466, -0.07286774664961, 71.52957396592, 71.54715482322, 71.52919688589, 71.54707013925, 176.5841426418, -0.2044687495913, 0.198508941476, 0, 1, 50.0001033915, 50, 49.99985582412, -0.001154966751325, 0, 0, 0, 0, 0, 0, 0, 0, 176.5846908446, 173.6357134921, 176.5839342403, 173.635129459, 176.5841426418, 173.6354216614, 176.584692062, 173.6357136775, 0, 176.5839352574, 173.6351296453, -0.02742423507143, 0, -0.2318718634032, -0.02124610103419, 0.1710608077074, -0.02124610103419, 0.7462620416571, 0.7473109593549, -0.8281977280411, -0.8276902060879, -0.04096313920362, -0.03968854449262, 0.7465628597578, 0.7478107645026, 0, -0.8285383970794, -0.8271878534879, -0, -0, -5.551115123126e-17, -0, 0.002698619615506, 0.3939972414343, 0.3912330641118, 0.3929957133025, 0, 0.3912379479983, 0.3949987695661
12.75, 0.1945400614485, -0.06581096048489, -0.2081946502123, -0.06579014761368, -0.003634794204945, -0.008909350809308, 0.0072439507044, -0.06503733947694, 0, 0, -1000, 0, -1000, 7518.130200668, 3610.312309626, 7529.53650751, 3536.491879003, 18.0410085087, 45.24717966045, 26.08828094666, -10.97504022882, -245.43334765, -67.01649729278, 240.257201401, -95.52719210611, 5393.605341222, 3514.011839769, 5413.740435411, 4515.245146537, 3, 0.6899497373456, -24.80674628508, -1.087751103629, 31.0199090979, -1.526747493436, 10.8017444255, -1.39930119817, 8.975064106573, 0, 0, 0.02750176646955, -0, -0, -0, -0, -0, 0.02750849860837, 0.006107083273394, 0, 0, 0, 0, 0, 0.07255602192228, 0.00610708397692, -0.04267829132089, 0.07255601355986, 0.0512601243319, 0.07255601355986, 71.67021888688, 71.68788435329, 71.66985151716, 71.68770930691, 176.9313640886, -0.1978271388609, 0.205148617503, 0, 1, 50.00012445837, 50, 49.99995054739, -0.0008612294556759, 0, 0, 0, 0, 0, 0, 0, 0, 176.9319009324, 173.9830883517, 176.9311672752, 173.9822010567, 176.9313640886, 173.9826444231, 176.9319020755, 173.9830880699, 0, 176.9311683638, 173.9822007764, -0.02692728387549, 0, -0.2247339434218, -0.03227823459326, 0.1781967710956, -0.03227823459326, 0.7461237075158, 0.7483417954608, -0.8283361133767, -0.8266592174572, -0.04109629866777, -0.03965765272893, 0.7464151425521, 0.7478415908789, 0, -0.8286861158323, -0.8271568963367, -0, -0, -5.551115123126e-17, 5.551115123126e-17, 0.002698584115611, 0.39400241617, 0.3912556577101, 0.3949996596998, 0, 0.3912154999362, 0.3930051726401
12.775, 0.2082879538147, 0.05740740447229, -0.1944569277464, 0.05742381782995, -0.001470582609799, 0.008961017367414, -0.0082235354684, -0.06905963744251, 0, 0, -1000, 0, -1000, 7518.756308922, 3530.22224194, 7528.923950496, 3615.698977503, 25.28848674077, -11.88675343637, 18.70859150734, 45.88931833849, -240.8630587407, 96.76736678233, 244.8414106135, 67.96269230602, 5404.642850908, 4531.938500594, 5402.600140692, 3505.176448688, 3, -1.052617528757, 25.36822160805, 0.6860474236423, -23.46092938253, -1.520196771308, 8.802499300028, -1.405753058131, 10.95799480428, 0, 0, 0.02750717191887, -0, -0, -0, -0, -0, 0.0275153184614, 0.004004213208956, 0, 0, 0, 0, 0, -0.0744060024683, 0.004004213670416, -0.04390241976446, -0.0744059938884, 0.05003302548459, -0.0744059938884, 71.8108747099, 71.82852443207, 71.81049536985, 71.82843706695, 177.2785857968, -0.2057269077658, 0.1972469776184, 0, 1, 50.00014902735, 50, 50.000085236, -0.0003637265120905, 0, 0, 0, 0, 0, 0, 0, 0, 177.2791365138, 174.3301572923, 177.2783752149, 174.3295738229, 177.2785857968, 174.3298657472, 177.2791377341, 174.3301574814, 0, 177.2783762267, 174.3295740129, -0.02753437846082, 0, -0.2332402214267, -0.0212255925407, 0.1696886131652, -0.0212255925407, 0.7459367961164, 0.746977338642, -0.828523027426, -0.8280238813545, -0.04128884981195, -0.04001161809794, 0.7462365732684, 0.7474876638295, 0, -0.8288646708257, -0.8275109000254, -5.551115123126e-17, -0, -0, -0, 0.002698636675634, 0.3939945732049, 0.3912336643296, 0.3929719027008, 0, 0.3912376991561, 0.395017243709
12.8, 0.1953527554453, -0.05101689109768, -0.2074085696869, -0.0510040139396, -0.002253473881995, -0.009237921788334, 0.008624992809881, -0.07119160464333, 0, 0, -1000, 0, -1000, 7518.070670722, 3610.637982904, 7529.600975845, 3535.340408116, 19.1906712089, 46.53659197475, 24.7925404335, -12.34273524403, -245.492619017, -69.7528463554, 240.2075374342, -98.85595234782, 5393.798508686, 3509.231833469, 5413.360512985, 4528.800337631, 3, 0.6284306206246, -22.30288853577, -0.9653570282715, 22.03029078955, -1.527415260294, 10.81213397247, -1.398668215198, 8.949159858215, 0, 0, 0.0274784859641, -0, -0, -0, -0, -0, 0.02748547759435, 0.006115514108738, 0, 0, 0, 0, 0, 0.0738847107496, 0.006115514812043, -0.04274075716254, 0.07388470224829, 0.05119548343393, 0.07388470224829, 71.95151897102, 71.96925177146, 71.95115083807, 71.9690778108, 177.6258078251, -0.1968828113528, 0.2060905393265, 0, 1, 50.00016051498, 50, 50.00015996269, 1.266376809842e-05, 0, 0, 0, 0, 0, 0, 0, 0, 177.6263452543, 174.6775348642, 177.6256101395, 174.6766419191, 177.6258078251, 174.6770881036, 177.6263463948, 174.6775345754, 0, 177.6256112318, 174.6766416318, -0.02702659373604, 0, -0.2238889130415, -0.03248377697674, 0.1790394350404, -0.03248377697674, 0.7457960452718, 0.7480307869817, -0.8286637916037, -0.8269702694188, -0.04142351747618, -0.03997780858894, 0.7460879065951, 0.7475214100845, 0, -0.8290133533538, -0.8274770272623, -0, -0, -0, -0, 0.00269878752801, 0.393993664277, 0.3912552725965, 0.3950091699109, 0, 0.3912162571481, 0.3929781586431
12.825, 0.2075201333112, 0.04338304970668, -0.1952619786646, 0.04339284159611, -0.002878868476503, 0.009282895338761, -0.009593977396301, -0.07539971985614, 0, 0, -1000, 0, -1000, 7518.745180624, 3529.323757924, 7528.934139336, 3616.230434103, 24.11931858756, -12.82127832403, 19.7841291491, 47.14536953886, -240.7303209796, 99.97632052117, 244.9879423424, 70.52321268879, 5404.522076114, 4542.72630255, 5402.69346388, 3498.398024696, 3, -0.9079405812029, 16.8187161717, 0.6174821383011, -21.14292036864, -1.520356647197, 8.780686634075, -1.405689348844, 10.97175958653, 0, 0, 0.02750608396416, -0, -0, -0, -0, -0, 0.02751450664338, 0.00402544695114, 0, 0, 0, 0, 0, -0.07567896648251, 0.00402544741501, -0.04382684028177, -0.07567895775634, 0.05010866033852, -0.07567895775634, 72.09217536899, 72.10989344491, 72.09179404086, 72.10980400678, 177.9730292324, -0.2065897928143, 0.1963820080565, 0, 1, 50.00018190452, 50, 50.00029674761, 0.0006805710801875, 0, 0, 0, 0, 0, 0, 0, 0, 177.9735820377, 175.0246012477, 177.9728165757, 175.0240176262, 177.9730292324, 175.0243096298, 177.973583261, 175.02460144, 0, 177.9728175832, 175.0240178196, -0.02764405913189, 0, -0.2342128242691, -0.02123112343532, 0.1687139274956, -0.02123112343532, 0.7456092991844, 0.7466442825523, -0.828850526244, -0.8283569832188, -0.04161671067595, -0.04033594881111, 0.7459085604234, 0.7471633101727, 0, -0.82919268596, -0.8278352077949, 5.551115123126e-17, -0, -0, -0, 0.002698712151429, 0.3939905683392, 0.3912339053119, 0.3929504016391, 0, 0.3912375128021, 0.3950307350393
12.85, 0.196634219347, -0.01211075904475, -0.2062372030339, -0.01210980830658, 0.004287143935538, -0.009474536583979, 0.01233553006605, -0.08686490395162, 0, 0, -1000, 0, -1000, 7517.977488455, 3611.263302109, 7529.691975478, 3535.715188124, 20.86085030298, 46.79703127547, 23.96031005022, -3.435128508422, -245.6590347087, -71.57543741518, 240.0295222565, -101.1292069804, 5393.712159216, 3502.834284104, 5413.480187393, 4526.197800186, 3, 0.9836774935715, -13.51043764582, -1.095719831691, -1.432797644186, -1.528435544986, 10.82396931005, -1.397756363318, 8.9557185808, 0, 0, 0.02747351950543, -0, -0, -0, -0, -0, 0.02748055703611, 0.006198578198416, 0, 0, 0, 0, 0, 0.07415972222857, 0.006198578911015, -0.04264227860673, 0.07415971369867, 0.05129527724349, 0.07415971369867, 72.23281965501, 72.25061951086, 72.23244935477, 72.25044679984, 178.3202511402, -0.1976559745584, 0.2053162001218, 0, 1, 50.00017720368, 50, 50.00057909313, 0.002148035322353, 0, 0, 0, 0, 0, 0, 0, 0, 178.3207906259, 175.371981606, 178.3200513476, 175.3710851317, 178.3202511402, 175.3715330786, 178.3207917682, 175.371981315, 0, 178.3200524366, 175.3710848422, -0.02713949494157, 0, -0.2247750281866, -0.03261216003715, 0.1781521513208, -0.03261216003715, 0.7454684622485, 0.7477105069719, -0.8289913680917, -0.8272905571905, -0.04175122862806, -0.04029999519399, 0.7457596512074, 0.7471992175937, 0, -0.8293416110353, -0.8277992079817, -0, 5.551115123126e-17, -5.551115123126e-17, -0, 0.00269880857577, 0.3940026260562, 0.3912554451084, 0.395021911573, 0, 0.3912160181435, 0.3929833405394
12.875, 0.2060120412038, -0.0201075008465, -0.1969484581741, -0.02010627095788, -0.01483442103656, 0.009348456858497, -0.01513979805331, -0.09666621039016, 0, 0, -966.7593130041, 0, -1000, 7518.782081007, 3530.658786867, 7528.876737248, 3616.369019032, 23.89035288561, 6.664135845323, 21.92711909059, 46.06584840172, -240.5794804873, 100.3296123445, 245.0820814962, 71.14328194278, 5404.324216689, 4529.531367434, 5402.808241023, 3500.351870245, 3, -1.364369564358, -20.99309772477, 1.430865184904, -5.36542903204, -1.520011957297, 8.810288921263, -1.406332914761, 10.97102602732, 0, 0, 0.02743886550032, -0, -0, -0, -0, -0, 0.02744705107985, 0.004019710069746, 0, 0, 0, 0, 0, -0.07458118638028, 0.004019710530693, -0.04397798483624, -0.07458117782281, 0.04996339270899, -0.07458117782281, 72.37347462718, 72.39126331402, 72.37309406223, 72.39117091056, 178.6674732146, -0.2038967768824, 0.1990756988069, 0, 1, 50.00017419142, 50, 50.0008832961, 0.003702404960158, 0, 0, 0, 0, 0, 0, 0, 0, 178.6680250421, 175.7190490971, 178.6672606197, 175.7184603925, 178.6674732146, 175.7187549365, 178.6680262561, 175.7190492883, 0, 178.6672616397, 175.7184605847, -0.02774007451925, 0, -0.2316158024601, -0.02141603892425, 0.1713117315223, -0.02141603892425, 0.7452788779209, 0.7463290075523, -0.8291809190121, -0.8286722167571, -0.04194617588661, -0.04065873731614, 0.7455791715724, 0.7468405405067, 0, -0.8295220865441, -0.828158015139, -0, -0, -0, -5.551115123126e-17, 0.002698944088432, 0.3940017745326, 0.3912342986632, 0.3929766962205, 0, 0.3912372850287, 0.3950268528446
12.9, 0.197967365119, 0.04084928262526, -0.2050515514378, 0.04085586971456, 0.01414028335509, -0.009490096733013, 0.01656654598664, -0.1015441543637, 0, 0, -1000, 0, -939.0447247143, 7517.855516193, 3611.021759925, 7529.786078057, 3536.563021936, 22.65295599789, 45.89831879728, 23.81843967176, 12.66701962355, -245.6384591944, -72.03144017112, 239.9941677037, -100.9385971013, 5394.029711951, 3508.51435908, 5413.020334891, 4518.425100394, 3, 1.659922904358, -0.0165001183469, -1.47755882747, -32.6800347562, -1.529756890606, 10.81670914219, -1.396810368432, 8.975803103066, 0, 0, 0.02738320870245, -0, -0, -0, -0, -0, 0.02739005206887, 0.006218408418488, 0, 0, 0, 0, 0, 0.07318484576629, 0.006218409128675, -0.04251849190178, 0.07318483740387, 0.05142653556277, 0.07318483740387, 72.51412100981, 72.53198689737, 72.51374742485, 72.53181543811, 179.0146955024, -0.1999071189642, 0.2030659277573, 0, 1, 50.0001688649, 50, 50.00105595965, 0.004687307775539, 0, 0, 0, 0, 0, 0, 0, 0, 179.0152375183, 176.0664266622, 179.0144919563, 176.0655291628, 179.0146955024, 176.0659776257, 179.0152386694, 176.0664263747, 0, 179.0144930337, 176.0655288768, -0.02725695011108, 0, -0.2271437540409, -0.03264945193296, 0.175784441394, -0.03264945193296, 0.7451393090651, 0.7473783115965, -0.8293204806482, -0.8276227175242, -0.04208109996644, -0.0406254718353, 0.7454296522121, 0.7468737578894, 0, -0.8296716206872, -0.82812470156, 5.551115123126e-17, 5.551115123126e-17, -0, 5.551115123126e-17, 0.002699137663447, 0.3940047189621, 0.3912548131616, 0.3950106053341, 0, 0.3912169333806, 0.3929988325902
12.925, 0.2049245619561, -0.06775108573356, -0.1981741779989, -0.06773235961472, -0.0236977267618, 0.00936116533593, -0.01861967888748, -0.1078643043624, 0, 0, -876.8107447744, 0, -1000, 7518.875410726, 3531.528360702, 7528.75720793, 3616.32333347, 23.77307082078, 21.09920410278, 23.55485671918, 45.35534542491, -240.4604709556, 99.89035138585, 245.1525342129, 71.62076764112, 5404.225398353, 4521.518059314, 5402.871155746, 3503.425696891, 3, -1.662450403377, -49.06841691916, 2.005056474931, 6.730979017658, -1.519075287231, 8.830451151485, -1.407627523766, 10.96734523372, 0, 0, 0.02737031390295, -0, -0, -0, -0, -0, 0.02737832194846, 0.003955828540315, 0, 0, 0, 0, 0, -0.07377773975973, 0.003955828991673, -0.04413348586678, -0.07377773133678, 0.0498151641881, -0.07377773133678, 72.6547742159, 72.67263246638, 72.65439384707, 72.67253772433, 179.3619173077, -0.201908350505, 0.2010648773352, 0, 1, 50.00016673647, 50, 50.0013241621, 0.006184213266382, 0, 0, 0, 0, 0, 0, 0, 0, 179.3624686767, 176.4134960704, 179.3617042386, 176.4129027284, 179.3619173077, 176.4131995905, 179.362469885, 176.413496261, 0, 179.3617052668, 176.41290292, -0.02783891357812, 0, -0.2297261933915, -0.0215847407155, 0.1732022015958, -0.0215847407155, 0.7449468253341, 0.7460099375836, -0.8295129352138, -0.8289912563915, -0.04227760257147, -0.04098331078563, 0.7452481809805, 0.7465159804641, 0, -0.8298530904472, -0.8284826020354, -0, -0, 5.551115123126e-17, -5.551115123126e-17, 0.002699158560281, 0.3940067014838, 0.391234494696, 0.392992666107, 0, 0.391237160582, 0.3950207368607
12.95, 0.1992093432384, 0.07988686180818, -0.2039233403547, 0.07991376794917, 0.02087475075528, -0.009503125055817, 0.0166010215448, -0.0947891942023, 0, 0, -1000, 0, -616.7570587525, 7517.786340793, 3611.203272988, 7529.845855073, 3537.746522213, 23.92499038939, 45.45314569881, 23.72756194864, 24.05128782342, -245.7448778955, -72.46430638957, 239.8552087746, -100.4960029821, 5394.096432441, 3508.939380676, 5413.020467798, 4506.140298765, 3, 2.076728980356, 9.881783527029, -1.66785374503, -55.36475969036, -1.530524018226, 10.81661747711, -1.396224452703, 9.002132234564, 0, 0, 0.0273575369819, -0, -0, -0, -0, -0, 0.02736419724332, 0.006258475577612, 0, 0, 0, 0, 0, 0.07226380845337, 0.006258476291035, -0.04240997320902, 0.07226380021177, 0.0515391092853, 0.07226380021177, 72.79542199057, 72.81335449072, 72.79504564128, 72.81318418845, 179.7091390399, -0.2014529450038, 0.2015211499155, 0, 1, 50.00016178639, 50, 50.00140520907, 0.006631792586903, 0, 0, 0, 0, 0, 0, 0, 0, 179.7096835837, 176.7608722286, 179.7089326207, 176.7599735556, 179.7091390399, 176.7604226085, 179.7096847402, 176.7608719443, 0, 179.7089336901, 176.7599732728, -0.0273770068827, 0, -0.2288097076421, -0.03269214446829, 0.1741195758626, -0.03269214446829, 0.7448089582919, 0.747045585895, -0.8296508076808, -0.8279554104204, -0.04241191690077, -0.04095186235567, 0.7450985602729, 0.7465473831024, 0, -0.8300027164032, -0.8284511078138, -0, -0, -0, 5.551115123126e-17, 0.0026991615769, 0.3940165395219, 0.3912546808016, 0.3950097667379, 0, 0.3912169324251, 0.3930233123058
12.975, 0.2038559757714, -0.08216159946383, -0.1992737548033, -0.08213376035297, -0.02459279736774, 0.009377281763522, -0.01057814354943, -0.05931876829409, 0, 0, -53.41937261131, 0, -1000, 7518.980892025, 3532.915643879, 7528.653581079, 3616.401399953, 23.79988041446, 24.09848407891, 23.87059909136, 45.53048815998, -240.3245702556, 99.69679500339, 245.2767325949, 71.85393474687, 5404.097351323, 4507.140809682, 5402.973965942, 3505.083624476, 3, -1.564953653579, -56.15781497561, 1.968188934206, 10.72070675847, -1.518010410668, 8.861451378675, -1.408755093474, 10.96469697021, 0, 0, 0.02734013905533, -0, -0, -0, -0, -0, 0.02734789686013, 0.003893817760044, 0, 0, 0, 0, 0, -0.07261572546989, 0.003893818203348, -0.04418727476021, -0.07261571719802, 0.04976241913428, -0.07261571719802, 72.93607432604, 72.95400223991, 72.93569291866, 72.95390453796, 180.0563608865, -0.2015430287307, 0.2014309457494, 0, 1, 50.00015863962, 50, 50.00139245581, 0.006481582320857, 0, 0, 0, 0, 0, 0, 0, 0, 180.0569131301, 177.1079438638, 180.056146535, 177.1073451796, 180.0563608865, 177.1076447115, 180.0569143385, 177.1079440531, 0, 180.0561475637, 177.1073453699, -0.02793473375521, 0, -0.2294566894676, -0.02177908049387, 0.1734725010623, -0.02177908049387, 0.744614256733, 0.7456925183112, -0.8298454981486, -0.829308632835, -0.04261019374595, -0.0413086834269, 0.7449159798672, 0.7461906272157, 0, -0.8301852930378, -0.8288079940695, -0, -5.551115123126e-17, -0, -0, 0.002699214922527, 0.3940193803296, 0.3912347494866, 0.3930213162057, 0, 0.3912369560938, 0.3950174444535
13, 0.2001701763492, 0.0859519151261, -0.2029611401134, 0.08598298291396, 0.02005974242547, -0.009503492911164, 0.007072225759424, -0.03870803898817, 0, 0, -1000, 0, 266.9076685401, 7517.752623663, 3611.011286633, 7529.869794485, 3538.834582212, 23.94170023617, 45.76703856732, 23.81148302418, 24.26265153366, -245.7870991346, -72.5571388092, 239.8001066117, -100.3111008828, 5394.460656082, 3514.290792474, 5412.511834348, 4494.846328029, 3, 1.909474242694, 12.09620893451, -1.502697398105, -57.12182630723, -1.530918393602, 10.80968864713, -1.396013901393, 9.027226031075, 0, 0, 0.02729170534655, -0, -0, -0, -0, -0, 0.02729813885349, 0.006217119847135, 0, 0, 0, 0, 0, 0.07105757457571, 0.006217120552437, -0.04245907341316, 0.07105756651077, 0.05149317442133, 0.07105756651077, 73.07672243362, 73.09472182165, 73.07634453365, 73.09455307745, 180.4035831073, -0.2014853292946, 0.2014883728603, 0, 1, 50.00015287525, 50, 50.00137376241, 0.006388606388495, 0, 0, 0, 0, 0, 0, 0, 0, 180.4041288154, 177.4553172745, 180.4033746308, 177.4544179917, 180.4035831073, 177.4548673541, 180.404129974, 177.4553169948, 0, 180.4033756984, 177.4544177134, -0.02749304501706, 0, -0.2289581554024, -0.03271433049338, 0.1739708415207, -0.03271433049338, 0.7444759538857, 0.7467088092316, -0.8299837953724, -0.8282921452644, -0.04274487937591, -0.04128033031947, 0.744765890613, 0.7462189357002, 0, -0.8303353913653, -0.8287795963392, -5.551115123126e-17, -0, -0, -0, 0.002699397123472, 0.3940224687756, 0.3912539550083, 0.3949991169643, 0, 0.3912179459208, 0.3930458205868
13.025, 0.2030487977152, -0.08753843972838, -0.2000826704903, -0.08750684679517, -0.02381472266809, 0.009379663578826, -0.002375878047318, -0.01065052450379, 0, 0, 709.4953381936, 0, -1000, 7519.094363743, 3533.821523719, 7528.514406392, 3616.16672858, 23.89545419388, 24.27765893532, 23.90390930544, 45.86068225842, -240.2818483202, 99.56892105199, 245.3052972782, 71.95404870647, 5403.776608897, 4498.535632548, 5403.185929838, 3510.395885707, 3, -1.396807458214, -57.61458946552, 1.80310768445, 12.8060241622, -1.516860867638, 8.883001104394, -1.410255327419, 10.95693507786, 0, 0, 0.02726457942143, -0, -0, -0, -0, -0, 0.02727212286471, 0.00383610855654, 0, 0, 0, 0, 0, -0.07160717637317, 0.003836108990863, -0.04421935295699, -0.07160716826133, 0.04973723625972, -0.07160716826133, 73.21737468368, 73.23537148049, 73.21699197659, 73.23527121958, 180.7508051062, -0.2015115967607, 0.2014624282294, 0, 1, 50.00015014776, 50, 50.00136734256, 0.006391921181828, 0, 0, 0, 0, 0, 0, 0, 0, 180.7513581692, 177.8023909528, 180.7505889095, 177.8017872302, 180.7508051062, 177.8020892802, 180.7513593788, 177.802391141, 0, 180.7505899374, 177.8017874194, -0.02803213950295, 0, -0.2295227062869, -0.02196236670527, 0.1734066551131, -0.02196236670527, 0.7442807223804, 0.7453727821795, -0.8301789971471, -0.8296283321505, -0.04294385880693, -0.04163533277764, 0.7445826650452, 0.7458639943498, 0, -0.8305186197137, -0.8291346599051, -0, -0, -0, -0, 0.002699498356374, 0.394022668853, 0.3912353882466, 0.3930384666865, 0, 0.3912365340045, 0.3950068710194
13.05, 0.2009410196976, 0.09097980657535, -0.2021990687557, 0.09101453023987, 0.01939638283166, -0.009525188797686, -0.0005985692360637, 0.006774444984476, 0, 0, -1000, 0, 980.5011555415, 7517.724127037, 3610.967099007, 7529.87986602, 3539.686175198, 23.97308998935, 46.14365630063, 23.90258375121, 24.44439280688, -245.8721115929, -72.73427661077, 239.7107345996, -100.36661913, 5394.661629061, 3517.106497209, 5412.351972267, 4485.641371192, 3, 1.749986797984, 13.99160306631, -1.326679997123, -58.48300228509, -1.531257216993, 10.80561782226, -1.39594903034, 9.04678849112, 0, 0, 0.02726314309932, -0, -0, -0, -0, -0, 0.02726941348278, 0.006205726950766, 0, 0, 0, 0, 0, 0.07018647836367, 0.006205727653303, -0.04248308757535, 0.07018647041435, 0.05147502901631, 0.07018647041435, 73.35802280834, 73.37608922019, 73.35764343389, 73.37592153403, 181.0980267838, -0.2014581083563, 0.2015161262704, 0, 1, 50.0001455579, 50, 50.00135969881, 0.006439226853776, 0, 0, 0, 0, 0, 0, 0, 0, 181.0985738288, 178.1497623244, 181.0978165826, 178.148861837, 181.0980267838, 178.1493118047, 181.0985749886, 178.1497620478, 0, 181.0978176493, 178.1488615617, -0.0276060994493, 0, -0.2290439986117, -0.03275815575849, 0.1738855747216, -0.03275815575849, 0.7441421516755, 0.7463736715692, -0.8303175659374, -0.8286272527235, -0.04307860550334, -0.04160947015781, 0.7444322520877, 0.7458898102752, 0, -0.8306690383209, -0.8291087505908, -0, -0, -0, -5.551115123126e-17, 0.002699493043233, 0.3940288399515, 0.3912535545423, 0.394993515397, 0, 0.3912182644823, 0.393064164506
13.075, 0.2021869285455, -0.09336690524456, -0.2009532612169, -0.09333099915679, -0.02300672831457, 0.009391291067372, 0.0006522706648552, 0.008005275003818, 0, 0, 1000, 0, -1000, 7519.21233669, 3535.107147054, 7528.398035548, 3616.22611173, 23.97130035206, 24.5941318503, 23.92242526541, 46.23600673532, -240.1746013114, 99.48453435466, 245.4123730203, 72.04100105618, 5403.748094592, 4484.596710881, 5403.269803922, 3511.400117302, 3, -1.213996315682, -59.38031515666, 1.637823223537, 14.84618147169, -1.515663574032, 8.911715901136, -1.411516407679, 10.95364506657, 0, 0, 0.0272685371752, -0, -0, -0, -0, -0, 0.02727585189328, 0.003754750988635, 0, 0, 0, 0, 0, -0.0705242972325, 0.00375475141387, -0.04426791797368, -0.07052428924115, 0.04969019769483, -0.07052428924115, 73.49867488869, 73.51674095034, 73.49829089499, 73.5166380336, 181.4452483499, -0.2015316748544, 0.2014423208088, 0, 1, 50.00014231254, 50, 50.00135222939, 0.006353375090697, 0, 0, 0, 0, 0, 0, 0, 0, 181.4458027353, 178.496838355, 181.4450308859, 178.4962295223, 181.4452483499, 178.4965341262, 181.4458039468, 178.4968385421, 0, 181.4450319121, 178.4962297103, -0.02812438613161, 0, -0.2296350050775, -0.02214826643266, 0.1732943197785, -0.02214826643266, 0.7439457918492, 0.7450521518998, -0.8305139186181, -0.8299489235419, -0.04327896673962, -0.04196337470702, 0.7442480661715, 0.7455359698974, 0, -0.8308532198467, -0.8294627193115, -0, 5.551115123126e-17, -0, -0, 0.002699475103891, 0.3940355612373, 0.3912354447919, 0.3930662426553, 0, 0.3912363672034, 0.3950048798194
13.1, 0.2018526446901, 0.09797993339247, -0.2012877972904, 0.09802014619657, 0.01873298107127, -0.009503629904662, -0.0006222631715916, 0.008513857058543, 0, 0, -1000, 0, 1000, 7517.723004158, 3610.867740736, 7529.879444341, 3541.104036259, 23.98266318321, 46.39606893028, 23.97902228234, 24.84760213088, -245.9484210536, -72.62609904794, 239.6255920463, -99.90526811334, 5394.936719494, 3521.196744441, 5411.989110084, 4469.901739269, 3, 1.575053602481, 16.5444819885, -1.151387001603, -60.66037829017, -1.53130824478, 10.79934268036, -1.395994125281, 9.078753693551, 0, 0, 0.02723663057645, -0, -0, -0, -0, -0, 0.02724263904034, 0.006159786660422, 0, 0, 0, 0, 0, 0.06874947481678, 0.006159787356402, -0.04253477164551, 0.06874946704549, 0.05142493928629, 0.06874946704549, 73.63932313872, 73.65745650626, 73.63894230752, 73.6572907127, 181.7924703868, -0.2014256851189, 0.201548697908, 0, 1, 50.00013620234, 50, 50.00132775981, 0.006171163904754, 0, 0, 0, 0, 0, 0, 0, 0, 181.7930187701, 178.844207331, 181.7922584887, 178.8433068371, 181.7924703868, 178.8437568137, 181.7930199316, 178.84420706, 0, 181.7922595538, 178.8433065674, -0.02771834042819, 0, -0.2291238115146, -0.03275839141953, 0.1738059528262, -0.03275839141953, 0.7438068153212, 0.7460324876667, -0.8306528933234, -0.8289683887286, -0.04341390120436, -0.04194076161878, 0.7440972682553, 0.7455585427592, 0, -0.8310040243437, -0.8294400659967, -0, -0, -0, 5.551115123126e-17, 0.002699628435756, 0.3940404548979, 0.3912530062917, 0.3949853795113, 0, 0.3912189876222, 0.3930955302845
13.125, 0.2014802358251, -0.09985414368959, -0.2016570895272, -0.09981301924182, -0.0224001093302, 0.009354729332466, 0.0004401565343157, 0.008903428463279, 0, 0, 1000, 0, -1000, 7519.288381438, 3536.132583039, 7528.295175093, 3615.822950498, 24.06779591919, 24.87924866887, 23.94338843441, 46.42707552504, -240.1864113777, 98.97715443646, 245.3824976084, 71.89991254052, 5403.211668416, 4474.024756672, 5403.631875394, 3518.860461345, 3, -1.065131231326, -61.24423321593, 1.481100853021, 17.48229938417, -1.514904626851, 8.936237021799, -1.412635610116, 10.94215350952, 0, 0, 0.02719551845093, -0, -0, -0, -0, -0, 0.02720257101857, 0.00375146722846, 0, 0, 0, 0, 0, -0.069217558222, 0.003751467651052, -0.04425366046124, -0.06921755042081, 0.04971135777644, -0.06921755042081, 73.77997524391, 73.79811036089, 73.77958995746, 73.79800462832, 182.1396925856, -0.2015600262579, 0.2014148578132, 0, 1, 50.00013277897, 50, 50.00131263448, 0.00608129330866, 0, 0, 0, 0, 0, 0, 0, 0, 182.1402477931, 179.1912856466, 182.1394733081, 179.1906713399, 182.1396925856, 179.1909786789, 182.1402490048, 179.1912858318, 0, 182.1394743341, 179.1906715261, -0.02821800082065, 0, -0.2297570342453, -0.02234739791165, 0.173173295245, -0.02234739791165, 0.7436105505948, 0.7447325726271, -0.8308491247144, -0.8302684568843, -0.04361429762914, -0.04229191399824, 0.7439127283854, 0.7452074514458, 0, -0.8311885698075, -0.8297912794423, -0, -0, -0, -0, 0.002699828634591, 0.3940386714075, 0.3912365134448, 0.3930873132418, 0, 0.3912356458204, 0.3949900295732
13.15, 0.2025207383303, 0.1039703783587, -0.2006239686938, 0.1040156290675, 0.01820665725753, -0.00949977043123, -0.0004153902682931, 0.009603121911161, 0, 0, -1000, 0, 1000, 7517.646103228, 3610.620870494, 7529.913416012, 3541.991108608, 24.02195979365, 46.67600845351, 24.09339367738, 25.10781216713, -246.0063140011, -72.63916375144, 239.5530984973, -99.68749595154, 5395.088993715, 3527.093286323, 5411.759792588, 4461.167234852, 3, 1.402382007703, 19.06835597905, -0.9729049687945, -62.23436082365, -1.53215329392, 10.79091453267, -1.395678484589, 9.099877897305, 0, 0, 0.02716175748803, -0, -0, -0, -0, -0, 0.02716757168015, 0.006174541487097, 0, 0, 0, 0, 0, 0.0676892128268, 0.006174542180914, -0.0425451026588, 0.06768920521748, 0.0514255028979, 0.06768920521748, 73.92062357663, 73.93882376436, 73.92024133756, 73.9386593019, 182.4869146591, -0.201360360821, 0.2016152845802, 0, 1, 50.00012642936, 50, 50.00129692493, 0.006106160107787, 0, 0, 0, 0, 0, 0, 0, 0, 182.4874639835, 179.5386521995, 182.486700802, 179.5377510791, 182.4869146591, 179.5382013729, 182.4874651455, 179.5386519325, 0, 182.4867018669, 179.5377508134, -0.02782772915358, 0, -0.2291679264531, -0.03278118235907, 0.1737632176364, -0.03278118235907, 0.7434708642989, 0.7456932868664, -0.8309887875458, -0.8293075544684, -0.04374971173776, -0.04227265648708, 0.7437613875531, 0.7452266650628, 0, -0.8313399228253, -0.8297719780369, -0, -0, 5.551115123126e-17, -0, 0.002699969608625, 0.3940432902337, 0.3912527029043, 0.3949736421229, 0, 0.3912194444263, 0.3931129383446
13.175, 0.2008468532238, -0.1054890744358, -0.2023011127506, -0.1054431696564, -0.02191015520486, 0.009348499473012, 0.0002409582800477, 0.009736357338521, 0, 0, 1000, 0, -1000, 7519.295021439, 3537.064147408, 7528.264125414, 3615.744771647, 24.16753070018, 25.15541395501, 23.96945883848, 46.72682631383, -240.1609092442, 98.81148462832, 245.4069575329, 71.89654379072, 5402.999420743, 4463.495198981, 5403.938150301, 3521.950021995, 3, -0.9070704386745, -62.82250219812, 1.342947812425, 19.75940872582, -1.51487354966, 8.957471422089, -1.413001145202, 10.93689012961, 0, 0, 0.02718308088423, -0, -0, -0, -0, -0, 0.02718994105895, 0.003774491804864, 0, 0, 0, 0, 0, -0.06823062725056, 0.00377449222966, -0.04422670269556, -0.06823061956774, 0.04974588889851, -0.06823061956774, 74.06127553699, 74.07947947734, 74.06088893013, 74.07937137403, 182.8341361262, -0.2016077946345, 0.2013677707313, 0, 1, 50.0001250007, 50, 50.00129544093, 0.006138088155276, 0, 0, 0, 0, 0, 0, 0, 0, 182.8346925898, 179.8857324728, 182.833915423, 179.8851134233, 182.8341361262, 179.8854231325, 182.8346938016, 179.8857326568, 0, 182.8339164489, 179.8851136082, -0.02831293794324, 0, -0.2298997620612, -0.0225199340197, 0.173031265493, -0.0225199340197, 0.7432742113074, 0.7444091480801, -0.8311854232359, -0.8305918470333, -0.04395066182357, -0.04262209991386, 0.7435762053454, 0.7448772808722, 0, -0.8315251035913, -0.8301214806999, -0, -0, -0, -0, 0.00269990214042, 0.3940460898991, 0.3912369363909, 0.3931082965631, 0, 0.3912350355066, 0.3949838832351
13.2, 0.2032639448465, 0.1110083427354, -0.1998887545989, 0.1110599215776, 0.01768780118834, -0.009468140357692, -0.0001917169365001, 0.01025678497912, 0, 0, -1000, 0, 1000, 7517.545791899, 3610.551853969, 7530.013101612, 3543.482319254, 24.03731247817, 46.88329716672, 24.17645516069, 25.6350069724, -246.0992574293, -72.41343261528, 239.4610589177, -99.13098084894, 5395.201596268, 3529.640828162, 5411.70810354, 4444.524603334, 3, 1.239357457154, 21.76576497244, -0.7938707008075, -64.42959302581, -1.533243862985, 10.78444820709, -1.394672898955, 9.133414559676, 0, 0, 0.02717213448293, -0, -0, -0, -0, -0, 0.02717769451043, 0.006239081206355, 0, 0, 0, 0, 0, 0.06629856645051, 0.006239081907961, -0.04251311908692, 0.06629855899197, 0.05145955508131, 0.06629855899197, 74.20192386975, 74.22019106822, 74.20154017652, 74.22002834828, 183.181357874, -0.201296045066, 0.2016796387538, 0, 1, 50.00011720557, 50, 50.00127196513, 0.005995629813866, 0, 0, 0, 0, 0, 0, 0, 0, 183.1819087801, 180.2330971116, 183.1811425767, 180.2321960743, 183.181357874, 180.2326463321, 183.1819099415, 180.2330968501, 0, 183.181143642, 180.232195814, -0.02794177310783, 0, -0.22921766195, -0.03277815960178, 0.1737135026154, -0.03277815960178, 0.7431340612911, 0.7453503520387, -0.8313255778288, -0.8296504446457, -0.04408633336803, -0.04260602127116, 0.7434243659751, 0.7448933226514, 0, -0.8316769457112, -0.8301053651937, -0, -0, -0, -0, 0.002699951475405, 0.3940573403411, 0.3912524787586, 0.3949685785509, 0, 0.3912195471838, 0.3931461021312
13.225, 0.2000833577017, -0.1134811100794, -0.2030624243775, -0.1134279176975, -0.02151565786567, 0.009287206294328, -1.990358959097e-05, 0.01059194385693, 0, 0, 1000, 0, -1000, 7519.261381855, 3538.512445727, 7528.290577679, 3615.46310888, 24.25524275198, 25.70549486621, 23.97733473469, 46.80146547608, -240.1207020548, 97.95873522661, 245.4362620153, 71.52385761358, 5402.523630775, 4446.958818495, 5404.30001481, 3528.483132925, 3, -0.7477257731924, -65.29635847852, 1.178385024689, 22.94459908296, -1.515264857483, 8.990811370035, -1.412762769936, 10.92656737127, 0, 0, 0.02714964451676, -0, -0, -0, -0, -0, 0.02715618898918, 0.003857947622557, 0, 0, 0, 0, 0, -0.06655885993478, 0.003857948055678, -0.04414724120981, -0.0665588524588, 0.0498281250963, -0.0665588524588, 74.34257584081, 74.3608492878, 74.34218790017, 74.36073793029, 183.5285798848, -0.2016717623397, 0.2013041242495, 0, 1, 50.00011440753, 50, 50.00125147876, 0.00579266451964, 0, 0, 0, 0, 0, 0, 0, 0, 183.5291374672, 180.5801804896, 183.5283576098, 180.579555319, 183.5285798848, 180.579868086, 183.5291386776, 180.5801806708, 0, 183.5283586364, 180.5795555011, -0.02840771313925, 0, -0.2300585681456, -0.02274261150881, 0.1728728340657, -0.02274261150881, 0.7429371062431, 0.744090173265, -0.831522513557, -0.8309107653754, -0.04428775536371, -0.04295253233218, 0.7432385584198, 0.7445468742725, 0, -0.8318627548225, -0.8304519389369, -0, -0, -0, -0, 0.002700091974206, 0.3940560668322, 0.3912378845979, 0.3931412510296, 0, 0.3912343141733, 0.3949708826348
13.25, 0.203802199397, 0.1183035848784, -0.1993468319089, 0.1183622612583, 0.01734776357387, -0.009410497809004, 9.972944366429e-05, 0.01161990559009, 0, 0, -1000, 0, 1000, 7517.432000107, 3609.986525436, 7530.093700381, 3544.423960951, 24.06046732204, 46.93782024342, 24.29264179403, 25.9981451052, -246.0448898921, -72.11406742666, 239.4956904235, -98.43279772101, 5395.541431843, 3538.930504874, 5411.206608222, 4434.687244743, 3, 1.086720074305, 25.03547437963, -0.6510369655049, -66.44894843897, -1.534475710205, 10.76918322435, -1.393866244293, 9.156620336711, 0, 0, 0.02709855224262, -0, -0, -0, -0, -0, 0.02710386918317, 0.006252451526001, 0, 0, 0, 0, 0, 0.06491249535048, 0.006252452225307, -0.04252797108153, 0.06491248808748, 0.05145295973153, 0.06491248808748, 74.48322433487, 74.50155813282, 74.48283919769, 74.50139704434, 183.8758022097, -0.2012304718696, 0.2017462887023, 0, 1, 50.00010643582, 50, 50.00122187072, 0.005718407204142, 0, 0, 0, 0, 0, 0, 0, 0, 183.8763540937, 180.9275414284, 183.8755849348, 180.9266404158, 183.8758022097, 180.9270906667, 183.8763552557, 180.9275411724, 0, 183.8755859997, 180.926640161, -0.02805357694261, 0, -0.2292639399914, -0.03277726247198, 0.1736684178608, -0.03277726247198, 0.742795195766, 0.7450056741787, -0.8316644005688, -0.8299950788922, -0.04442505335895, -0.04294114510534, 0.7430856013648, 0.744558220638, 0, -0.8320157243159, -0.8304405108487, -0, -5.551115123126e-17, -0, -0, 0.002700324835288, 0.394057896756, 0.3912518017202, 0.3949500841714, 0, 0.3912205462184, 0.3931657093407
13.275, 0.1995384197171, -0.1203353401165, -0.2036126613728, -0.1202754644074, -0.0212713224052, 0.009259783673625, -0.0002918454525426, 0.01194627711511, 0, 0, 1000, 0, -1000, 7519.248510767, 3539.480681559, 7528.261408611, 3615.190004249, 24.37895866249, 26.10175418417, 24.01578678817, 46.96405059137, -240.0641598401, 97.50841085195, 245.4803539873, 71.35577083253, 5402.288323716, 4436.797194664, 5404.507744397, 3534.835232806, 3, -0.5783890301644, -67.12708116662, 1.016987309624, 26.00854138646, -1.515438614597, 9.013565503243, -1.413107060156, 10.91712894865, 0, 0, 0.0270886325899, -0, -0, -0, -0, -0, 0.02709495251514, 0.003883580761637, 0, 0, 0, 0, 0, -0.06536216664299, 0.003883581195678, -0.04411729407123, -0.06536215933449, 0.04986896028124, -0.06536215933449, 74.62387627357, 74.64221849631, 74.62348694118, 74.642104537, 184.2230240537, -0.2017718799875, 0.2012052228464, 0, 1, 50.00010376697, 50, 50.00121579598, 0.005750815560744, 0, 0, 0, 0, 0, 0, 0, 0, 184.2235826411, 181.2746277243, 184.2227999441, 181.273997262, 184.2230240537, 181.2743126731, 184.2235838518, 181.2746279039, 0, 184.2228009703, 181.2739974424, -0.02850589059995, 0, -0.2302569242588, -0.02293511467237, 0.1726757889189, -0.02293511467237, 0.7425979266877, 0.7437657828753, -0.8318616362174, -0.8312351157851, -0.04462696979387, -0.04328512875101, 0.7428991747319, 0.7442142957343, 0, -0.832202155961, -0.8307845532363, -0, 5.551115123126e-17, -0, -5.551115123126e-17, 0.002700378232268, 0.3940598706513, 0.3912383534944, 0.393161502748, 0, 0.3912339001269, 0.3949582385547
13.3, 0.2044886615842, 0.1266738086527, -0.1986692899963, 0.1267411345248, 0.01703116528728, -0.00935830384998, 0.0004049302216142, 0.01275175327411, 0, 0, -1000, 0, 1000, 7517.343757204, 3609.963681053, 7530.15088562, 3546.116082674, 24.09162710205, 47.05982078686, 24.40128553342, 26.70555691175, -246.1185931098, -71.7440555695, 239.4198264353, -97.66874594564, 5395.684914487, 3542.767493491, 5411.132521006, 4416.729879046, 3, 0.9251162309597, 28.54394045224, -0.4733829690903, -68.95471082696, -1.535439778562, 10.76276197464, -1.393305054345, 9.194714737222, 0, 0, 0.02706180210202, -0, -0, -0, -0, -0, 0.02706684647181, 0.006292427922586, 0, 0, 0, 0, 0, 0.06333313266122, 0.006292428624456, -0.0425181114382, 0.06333312559429, 0.05147173607714, 0.06333312559429, 74.76452474677, 74.78292547867, 74.76413811896, 74.78276624576, 184.5702459871, -0.2011412592134, 0.201836349634, 0, 1, 50.00009392631, 50, 50.0011851812, 0.005616156957153, 0, 0, 0, 0, 0, 0, 0, 0, 184.5707991744, 181.6219867351, 184.5700269087, 181.6210860566, 184.5702459871, 181.6215361467, 184.5708003363, 181.6219864854, 0, 184.5700279738, 181.6210858081, -0.02817176274006, 0, -0.2292929448885, -0.032765108168, 0.1736403172044, -0.032765108168, 0.7424552721208, 0.7446584537984, -0.8320042762067, -0.8303422508755, -0.04476480751623, -0.0432774945991, 0.7427456101796, 0.7442218955338, 0, -0.8323557282928, -0.830776884732, -0, -0, 5.551115123126e-17, -0, 0.002700457020868, 0.3940719730246, 0.3912515159483, 0.3949424529565, 0, 0.3912206936873, 0.3932014930927
13.325, 0.1988405592281, -0.1297823381836, -0.2043119454695, -0.1297125363626, -0.02112540810203, 0.00916897466822, -0.0006339257423478, 0.01311191766353, 0, 0, 1000, 0, -1000, 7519.215590812, 3541.183897369, 7528.272101516, 3614.900196024, 24.474542168, 26.84768546407, 24.02566216804, 46.8825453717, -240.0441134853, 96.36071747784, 245.4949001256, 70.75754337497, 5401.851480373, 4417.888136894, 5404.928367326, 3542.351293516, 3, -0.4177153289796, -70.03805980746, 0.8575662278782, 29.99816803075, -1.51582259558, 9.052545738483, -1.413032729463, 10.90562836345, 0, 0, 0.0270391336007, -0, -0, -0, -0, -0, 0.02704510568036, 0.003962186903328, 0, 0, 0, 0, 0, -0.06344722825206, 0.003962187344538, -0.0440423954346, -0.06344722118376, 0.04995043463011, -0.06344722118376, 74.90517665283, 74.9235885855, 74.90478592946, 74.92347103503, 184.9174680145, -0.2018538690589, 0.2011239182986, 0, 1, 50.00009142685, 50, 50.00116381255, 0.005410768813993, 0, 0, 0, 0, 0, 0, 0, 0, 184.9180276793, 181.9690764325, 184.9172421551, 181.9684391896, 184.9174680145, 181.9687579876, 184.9180288888, 181.9690766086, 0, 184.917243182, 181.9684393665, -0.02860468502727, 0, -0.2304377809261, -0.02318178209742, 0.1724956947217, -0.02318178209742, 0.7422579845558, 0.7434462315123, -0.832201543261, -0.8315546052484, -0.04496690122026, -0.04361780685762, 0.7425587218316, 0.7438816458487, 0, -0.8325426186077, -0.8311172595639, -5.551115123126e-17, -0, -0, -0, 0.002700549043715, 0.3940712330553, 0.3912392240935, 0.3931991849412, 0, 0.3912330617483, 0.3949432811694
13.35, 0.2049288222366, 0.1354956047989, -0.1982256786072, 0.1355728387338, 0.01702970283719, -0.009256307060903, 0.0007722270414142, 0.01431371592444, 0, 0, -1000, 0, 1000, 7517.279906777, 3609.269953605, 7530.187884937, 3547.234470044, 24.10691145343, 46.85343593806, 24.51025080363, 27.26199318778, -246.0287805715, -71.13693425916, 239.4979637874, -96.52235995449, 5396.191637717, 3554.058371125, 5410.521554295, 4404.476407337, 3, 0.7874952448251, 32.65479604555, -0.3447039862136, -71.48725143998, -1.536147741109, 10.74446084521, -1.392954284473, 9.222154298251, 0, 0, 0.02698642494506, -0, -0, -0, -0, -0, 0.02699119023777, 0.006250148341007, 0, 0, 0, 0, 0, 0.06162695366247, 0.006250149034283, -0.04257566492819, 0.0616269468243, 0.05142132795952, 0.0616269468243, 75.04582525403, 75.06429249734, 75.04543714271, 75.06413509281, 185.2646903819, -0.2010638755806, 0.2019145766811, 0, 1, 50.00008267907, 50, 50.00112549194, 0.005288666519818, 0, 0, 0, 0, 0, 0, 0, 0, 185.2652445774, 182.3164309158, 185.2644692714, 182.3155307561, 185.2646903819, 182.3159805937, 185.265245741, 182.316430673, 0, 185.2644703352, 182.3155305144, -0.02828689437897, 0, -0.2293307216997, -0.03274623517955, 0.1736035038238, -0.03274623517955, 0.7421130863756, 0.7443083657973, -0.8323464242395, -0.8306922880284, -0.04510691577368, -0.04361582336171, 0.7424038166917, 0.7438835924919, 0, -0.832697533229, -0.8311152392153, -0, -5.551115123126e-17, -5.551115123126e-17, -0, 0.0027007391823, 0.3940729445797, 0.3912505062479, 0.3949199740063, 0, 0.3912219110611, 0.3932259151531
13.375, 0.1984221343164, -0.1380235832511, -0.2047327173535, -0.1379444452158, -0.02117666571526, 0.00909931264723, -0.0009772784673264, 0.01470680342424, 0, 0, 1000, 0, -1000, 7519.239470823, 3542.290652198, 7528.218631283, 3614.438623969, 24.59365600883, 27.43039441602, 24.06243354639, 46.78711266654, -240.0178207609, 95.46389968949, 245.5115839351, 70.29878496443, 5401.627661657, 4406.157903292, 5405.122555542, 3550.938896387, 3, -0.2579396455573, -72.30068958746, 0.7005420427803, 33.88747831565, -1.515610757302, 9.079198400583, -1.413630744061, 10.89182001229, 0, 0, 0.02697106566106, -0, -0, -0, -0, -0, 0.02697677178076, 0.003962710532867, 0, 0, 0, 0, 0, -0.06197486368959, 0.003962710971916, -0.04402948328521, -0.06197485682016, 0.04997133717985, -0.06197485682016, 75.18647713588, 75.20495793872, 75.18608498482, 75.20483749785, 185.6119123177, -0.2019652848459, 0.201013339549, 0, 1, 50.00007992878, 50, 50.00111569356, 0.005300113188818, 0, 0, 0, 0, 0, 0, 0, 0, 185.6124729887, 182.6635240903, 185.611684528, 182.6628808152, 185.6119123177, 182.6632026269, 185.612474199, 182.663524264, 0, 185.611685554, 182.6628809897, -0.02870560475207, 0, -0.2306501747334, -0.02340122275074, 0.1722842456243, -0.02340122275074, 0.7419159072884, 0.7431215315839, -0.8325435786093, -0.8318792584255, -0.04530905268176, -0.04395260671189, 0.7422165567336, 0.7435468669178, 0, -0.8328847963508, -0.8314520803416, -0, -0, -0, -0, 0.002700771403492, 0.3940743742476, 0.3912396700152, 0.3932225629861, 0, 0.3912326747949, 0.3949261855092
13.4, 0.2054564569712, 0.1445616776305, -0.1977039039867, 0.1446497260499, 0.01710133382156, -0.009176610869201, 0.001119422839711, 0.01566724459233, 0, 0, -1000, 0, 1000, 7517.272710188, 3609.02516962, 7530.179442628, 3548.726582017, 24.13915673362, 46.72944038922, 24.61342021139, 28.04829063143, -246.0642835209, -70.5838247243, 239.4613026346, -95.50133447566, 5396.441587944, 3560.262462715, 5410.365849884, 4387.656013973, 3, 0.6464782286378, 36.76611341056, -0.1929074977399, -74.13584004182, -1.536261173074, 10.73378794154, -1.393080230986, 9.256534893555, 0, 0, 0.02696131216284, -0, -0, -0, -0, -0, 0.02696581122522, 0.006220547646411, 0, 0, 0, 0, 0, 0.05995844738996, 0.006220548335119, -0.04261444107868, 0.05995844074944, 0.05138787567042, 0.05995844074944, 75.32712568634, 75.34565971599, 75.32673607822, 75.34550405806, 185.9591341311, -0.2009708623049, 0.2020080011885, 0, 1, 50.00007058005, 50, 50.00108039292, 0.005189148377159, 0, 0, 0, 0, 0, 0, 0, 0, 185.9596897125, 183.0108757595, 185.9589112937, 183.0099759823, 185.9591341311, 183.0104256353, 185.9596908774, 183.0108755234, 0, 185.9589123567, 183.0099757472, -0.02840491138693, 0, -0.2293557258759, -0.03273232227457, 0.1735789494849, -0.03273232227457, 0.7417698763683, 0.7439575915364, -0.83268960505, -0.831043013843, -0.04545006631271, -0.04395510869811, 0.7420608710986, 0.7435443315971, 0, -0.8330404859033, -0.8314545489934, -0, -0, -0, -0, 0.002700764900955, 0.3940835307558, 0.3912500081423, 0.3949076274672, 0, 0.391222221434, 0.3932594340445
13.425, 0.197862897334, -0.148323096561, -0.2052928749792, -0.148231437931, -0.02130650498055, 0.008981708463839, -0.001350269450892, 0.01597454004269, 0, 0, 1000, 0, -1000, 7519.275781029, 3544.050054924, 7528.18141964, 3614.025997446, 24.68052173967, 28.38535287741, 24.08331107394, 46.48969356334, -239.99911112, 94.03109762867, 245.527735582, 69.48125015171, 5401.345625481, 4386.090994258, 5405.442404755, 3558.934891877, 3, -0.1142722340453, -75.44041550184, 0.5585050954425, 38.49208878721, -1.51526781453, 9.119823971309, -1.414058040277, 10.87696399801, 0, 0, 0.02695453066108, -0, -0, -0, -0, -0, 0.02695988061763, 0.003978085905447, 0, 0, 0, 0, 0, -0.05994124027252, 0.003978086345659, -0.04400118495206, -0.05994123363683, 0.05000142646081, -0.05994123363683, 75.46777748428, 75.48632792486, 75.46738395066, 75.48620390427, 186.3063559676, -0.2020474463358, 0.2009312308712, 0, 1, 50.00006698719, 50, 50.00105798646, 0.005003839469106, 0, 0, 0, 0, 0, 0, 0, 0, 186.3069179362, 183.357972801, 186.306126657, 183.3573223647, 186.3063559676, 183.3576477531, 186.3069191467, 183.3579729709, 0, 186.3061276826, 183.3573225353, -0.02880367792214, 0, -0.2308304353513, -0.02366173686599, 0.1721040640516, -0.02366173686599, 0.7415728266269, 0.7428002172314, -0.8328866488719, -0.8322005103615, -0.04565220723575, -0.04428786432553, 0.7418732832684, 0.7432116375713, 0, -0.8332280715182, -0.8317873662223, -5.551115123126e-17, -0, -0, -0, 0.002700775862582, 0.3940864119444, 0.3912402319885, 0.3932625517355, 0, 0.391232037466, 0.3949102721533
13.45, 0.2058731670734, 0.1550961072455, -0.1972798462929, 0.155197743804, 0.01748892762307, -0.009030599792988, 0.0015084272055, 0.01708742651457, 0, 0, -1000, 0, 1000, 7517.298162913, 3608.277778833, 7530.147095928, 3550.161781304, 24.15902922391, 46.22313722649, 24.69580265072, 28.94812911419, -245.9980474357, -69.62251667084, 239.5167637263, -93.83427644615, 5396.959100881, 3572.389858098, 5409.757632288, 4370.787490617, 3, 0.5181956256005, 41.73262772772, -0.08026233752382, -77.27684578756, -1.536031373463, 10.71327694715, -1.393456305467, 9.29094356632, 0, 0, 0.02691517792363, -0, -0, -0, -0, -0, 0.02691935791721, 0.006117116630064, 0, 0, 0, 0, 0, 0.05785721142974, 0.006117117305005, -0.0427131374938, 0.057857205044, 0.05129175423293, 0.057857205044, 75.60842615429, 75.6270266572, 75.6080350655, 75.62687314016, 186.6535782164, -0.2008931133963, 0.2020860586055, 0, 1, 50.00005812618, 50, 50.00100987508, 0.004782904043887, 0, 0, 0, 0, 0, 0, 0, 0, 186.65413501, 183.7053197448, 186.6533535412, 183.704421233, 186.6535782164, 183.7048702619, 186.6541361778, 183.7053195173, 0, 186.653354602, 183.7044210065, -0.02851974537165, 0, -0.2293927990947, -0.03268628996451, 0.1735422590637, -0.03268628996451, 0.7414246758251, 0.7436016039626, -0.8330347916949, -0.8313989427533, -0.04579528880374, -0.04429661929586, 0.7417163437392, 0.7432028510535, 0, -0.8333850173082, -0.8317960896452, -0, -0, -0, -0, 0.002700928212135, 0.3940882678515, 0.3912489767385, 0.3948834842115, 0, 0.3912234336105, 0.3932930514915
13.475, 0.1975605150013, -0.1580652385837, -0.2055894737367, -0.1579607736981, -0.02167754190071, 0.008854302513843, -0.001725544141901, 0.01750973656865, 0, 0, 1000, 0, -1000, 7519.329835936, 3545.247528552, 7528.103506033, 3613.258989435, 24.77297515337, 29.17814947591, 24.11783859192, 46.03252914831, -240.0429924689, 92.56972954356, 245.4697982712, 68.64498068266, 5400.974226548, 4372.814550739, 5405.72524964, 3570.847884674, 3, 0.006407274817748, -78.20685116849, 0.4243843960404, 43.26713850927, -1.514737847512, 9.149421390374, -1.41491203804, 10.85629389972, 0, 0, 0.02688958067072, -0, -0, -0, -0, -0, 0.02689461931629, 0.003974906883224, 0, 0, 0, 0, 0, -0.05811584718882, 0.003974907320968, -0.04398963552645, -0.05811584078631, 0.0500193460693, -0.05811584078631, 75.74907796038, 75.7676973578, 75.74868304705, 75.76757022319, 187.0008003217, -0.2021362639065, 0.2008431888006, 0, 1, 50.00005497864, 50, 50.00099231824, 0.00472911491215, 0, 0, 0, 0, 0, 0, 0, 0, 187.0013632745, 184.0524206509, 187.0005691452, 184.051763455, 187.0008003217, 184.0520922198, 187.0013644857, 184.0524208174, 0, 187.0005701701, 184.0517636222, -0.02890236402895, 0, -0.2310179942377, -0.02390763958942, 0.1719173840188, -0.02390763958942, 0.7412283964344, 0.7424759941772, -0.8332310460689, -0.832524678914, -0.04599671473815, -0.04462461399569, 0.7415287747761, 0.7428749123459, 0, -0.8335725905863, -0.8321241403373, 5.551115123126e-17, -0, -0, 5.551115123126e-17, 0.002701025853196, 0.3940877828973, 0.3912409718873, 0.3932890117284, 0, 0.3912314739234, 0.3948865540661
13.5, 0.2062141006569, 0.1644746607824, -0.1969395623501, 0.1645891860653, 0.01794058573355, -0.008931499200711, 0.001853105183778, 0.01845329837026, 0, 0, -1000, 0, 1000, 7517.328063318, 3607.728882432, 7530.095921751, 3551.290300388, 24.19557534231, 45.83688686734, 24.78451652183, 29.72339749864, -245.9995089252, -68.93818051363, 239.5100829796, -92.6436735678, 5397.237279298, 3581.699239234, 5409.533403311, 4357.332199037, 3, 0.3925927668315, 46.32045810101, 0.04517247745661, -79.91324965145, -1.535754130278, 10.69695237336, -1.394030110974, 9.318123360446, 0, 0, 0.02688834876711, -0, -0, -0, -0, -0, 0.02689228537017, 0.006049990885834, 0, 0, 0, 0, 0, 0.05620753264649, 0.006049991552039, -0.04277917804463, 0.05620752645529, 0.05123213827637, 0.05620752645529, 75.88972660981, 75.90839370875, 75.88933407995, 75.90824179433, 187.3480221346, -0.2008005653802, 0.2021792479492, 0, 1, 50.00004693516, 50, 50.00095497505, 0.004660666485901, 0, 0, 0, 0, 0, 0, 0, 0, 187.348580229, 184.3997639405, 187.3477957939, 184.398865843, 187.3480221346, 184.3993146713, 187.3485813987, 184.3997637197, 0, 187.3477968534, 184.398865623, -0.02863208879094, 0, -0.2294125836353, -0.03267122276663, 0.1735231567483, -0.03267122276663, 0.7410787680256, 0.7432482709305, -0.8333806649979, -0.8317522308822, -0.04614119199448, -0.04463858721241, 0.7413708864853, 0.7428609058248, 0, -0.8337304839469, -0.8321380802496, -0, -0, -0, -5.551115123126e-17, 0.002701022635725, 0.3940924085369, 0.391248422262, 0.3948649509538, 0, 0.3912238806458, 0.39331986612
13.525, 0.1971412037061, -0.1684222292739, -0.2060115529798, -0.1683032843593, -0.02206352890266, 0.008725738091396, -0.002065644448857, 0.01865249163954, 0, 0, 1000, 0, -1000, 7519.387150874, 3546.89508544, 7528.043604895, 3612.78127496, 24.84487814612, 30.25591414831, 24.16035734533, 45.57237959135, -240.0263038858, 91.03838018698, 245.4863700986, 67.72139597723, 5400.851913789, 4353.522481958, 5405.946575186, 3578.765810464, 3, 0.1278578365373, -81.27999063208, 0.3083149560613, 48.15338649974, -1.514173111807, 9.187652240531, -1.415577174252, 10.83976893502, 0, 0, 0.02690003815916, -0, -0, -0, -0, -0, 0.02690474969483, 0.003954873881186, 0, 0, 0, 0, 0, -0.0561440310029, 0.003954874317063, -0.04399243530741, -0.05614402481297, 0.05001900083996, -0.05614402481297, 76.03037827154, 76.04906701734, 76.02998204154, 76.04893665536, 187.6952437556, -0.2022054423171, 0.2007740927591, 0, 1, 50.00004195672, 50, 50.00093437055, 0.004544973939091, 0, 0, 0, 0, 0, 0, 0, 0, 187.6958081176, 184.7468689909, 187.6950113128, 184.7462048215, 187.6952437556, 184.7465370691, 187.6958093296, 184.7468691535, 0, 187.6950123367, 184.7462049846, -0.0289957825296, 0, -0.2311805818852, -0.02416132735379, 0.1717548604584, -0.02416132735379, 0.7408826274665, 0.7421515000538, -0.8335768008134, -0.8328491160658, -0.0463425778454, -0.04496263093732, 0.7411830251098, 0.7425369209647, 0, -0.8339183425915, -0.8324621828394, 5.551115123126e-17, -5.551115123126e-17, -0, -0, 0.002700977451976, 0.3940991252427, 0.3912412155235, 0.3933274556216, 0, 0.3912310330381, 0.3948707948637
13.55, 0.2066295406468, 0.1762749731798, -0.1965175472863, 0.1764068898025, 0.01863166308712, -0.008738012387789, 0.002193898400785, 0.01942431486, 0, 0, -1000, 0, 1000, 7517.386647907, 3606.983272535, 7530.03818777, 3553.143650445, 24.2352161931, 45.04521494984, 24.82845963265, 31.05535291769, -245.9775779866, -67.57026753602, 239.5260092218, -90.40568599922, 5397.679286887, 3593.690531895, 5409.069105036, 4334.886157921, 3, 0.282794697215, 51.88967144689, 0.141448574518, -83.55532218193, -1.535175361077, 10.6747949258, -1.394672566347, 9.361545369815, 0, 0, 0.02688338032547, -0, -0, -0, -0, -0, 0.0268869632285, 0.005940012056228, 0, 0, 0, 0, 0, 0.05371197546374, 0.005940012710081, -0.04287748389097, 0.05371196954977, 0.05113504712871, 0.05371196954977, 76.17102700774, 76.18976060334, 76.17063302251, 76.18961113557, 188.0424657644, -0.2007452414951, 0.2022346564238, 0, 1, 50.00003295228, 50, 50.00087991706, 0.004238492642287, 0, 0, 0, 0, 0, 0, 0, 0, 188.0430253315, 185.0942077369, 188.0422378843, 185.0933118387, 188.0424657644, 185.0937595777, 188.0430265041, 185.0942075263, 0, 188.0422389414, 185.093311629, -0.02874410916982, 0, -0.2294692379956, -0.03259121361305, 0.1734665945035, -0.03259121361305, 0.7407312404742, 0.7428865644909, -0.833728185105, -0.8321138727711, -0.04648877450484, -0.04498310617649, 0.7410240295572, 0.7425164203886, 0, -0.8340773419312, -0.8324826327416, -0, -0, -0, 5.551115123126e-17, 0.002701076637662, 0.3941028380935, 0.3912475412672, 0.3948410804246, 0, 0.3912248061346, 0.3933645957625
13.575, 0.1969090166583, -0.179681096259, -0.2062308001662, -0.1795451672762, -0.02279019646605, 0.008527248274265, -0.00241568246359, 0.01975296729973, 0, 0, 1000, 0, -1000, 7519.418438394, 3548.289500241, 7527.992056512, 3611.709674196, 24.89143032305, 31.35851920601, 24.19408893235, 44.69361622373, -240.1239254773, 88.84615000976, 245.3736273992, 66.3863972211, 5400.283079112, 4337.003037367, 5406.382419891, 3594.09926035, 3, 0.2030574136263, -84.64961160354, 0.2053581694435, 53.71614386576, -1.513879780317, 9.222313711883, -1.416154568546, 10.81210309576, 0, 0, 0.0268499926906, -0, -0, -0, -0, -0, 0.0268543400808, 0.003995873596262, 0, 0, 0, 0, 0, -0.05383575938299, 0.00399587403502, -0.04394701141218, -0.05383575346976, 0.05006992879464, -0.05383575346976, 76.31167869516, 76.33043659157, 76.31128117386, 76.33030289115, 188.3896880164, -0.2022580471095, 0.2007222635796, 0, 1, 50.00002956452, 50, 50.00085360122, 0.004080618312539, 0, 0, 0, 0, 0, 0, 0, 0, 188.3902533664, 185.4413171445, 188.3894539052, 185.4406453841, 188.3896880164, 185.4409814222, 188.390254578, 185.4413173022, 0, 188.3894549292, 185.4406455423, -0.02908940984606, 0, -0.2313268735161, -0.0244374745927, 0.1716094238226, -0.0244374745927, 0.7405363735584, 0.7418288798914, -0.8339230262235, -0.8331716721105, -0.04668884856477, -0.04530109497644, 0.7408364618956, 0.7421984857651, 0, -0.8342649149938, -0.8328006757179, -0, -0, -0, 5.551115123126e-17, 0.002701251769548, 0.3941003217498, 0.391242348898, 0.3933603780755, 0, 0.3912301645182, 0.3948402654242
13.6, 0.2068700915906, 0.1871855429736, -0.1962700951542, 0.1873346827415, 0.01942455146401, -0.008586434315, 0.002518985955031, 0.02065111534437, 0, 0, -1000, 0, 1000, 7517.370559287, 3606.074136891, 7530.01348732, 3554.351057511, 24.29214036055, 44.26911426407, 24.89202151807, 32.0769964378, -245.9693603477, -66.50054352559, 239.5203007714, -88.62346867315, 5397.863908545, 3607.665266649, 5408.818164417, 4321.013713328, 3, 0.1601520892105, 57.45108433189, 0.2473439847781, -86.61178348061, -1.5353790259, 10.65044862889, -1.394968518897, 9.391719488949, 0, 0, 0.02681890575734, -0, -0, -0, -0, -0, 0.02682221089013, 0.005905301575814, 0, 0, 0, 0, 0, 0.05169398432348, 0.005905302222732, -0.04292050158809, 0.05169397865908, 0.05110241373296, 0.05169397865908, 76.45232754517, 76.47112749441, 76.45193213953, 76.47097989029, 188.7369102173, -0.2006668966233, 0.202314276947, 0, 1, 50.00001969299, 50, 50.0008033478, 0.003956637030618, 0, 0, 0, 0, 0, 0, 0, 0, 188.7374707988, 185.7886514178, 188.7366804453, 185.7877568935, 188.7369102173, 185.7882039537, 188.7374719727, 185.7886512155, 0, 188.7366815015, 185.7877566919, -0.02885380658042, 0, -0.2295006186279, -0.03254123705672, 0.1734365902333, -0.03254123705672, 0.74038329012, 0.7425277766078, -0.8340760811316, -0.8324726104092, -0.04683667494057, -0.0453279883147, 0.7406763726732, 0.7421715641537, 0, -0.834425015579, -0.8328275407831, -0, -0, 5.551115123126e-17, -0, 0.002701392252708, 0.3941027489788, 0.3912471732752, 0.3948132551106, 0, 0.3912253062149, 0.393392242847
13.625, 0.1967149151997, -0.1899566390191, -0.2064275172253, -0.1898042954715, -0.02353011978436, 0.008381465790532, -0.002719590609643, 0.02070752338365, 0, 0, 1000, 0, -1000, 7519.375825514, 3549.545045959, 7528.006928876, 3611.024689519, 24.94665624087, 32.3750917516, 24.24438013048, 44.02527435106, -240.1680249398, 87.21213482271, 245.3282562841, 65.3643913062, 5400.028104235, 4321.643681979, 5406.744333134, 3604.80501297, 3, 0.2899473973172, -87.61330295294, 0.1188036622538, 58.86238731041, -1.514361465102, 9.252468473046, -1.416034851952, 10.79215619378, 0, 0, 0.02683967455732, -0, -0, -0, -0, -0, 0.02684373721819, 0.00406218026957, 0, 0, 0, 0, 0, -0.0519469089736, 0.004062180715266, -0.04388823390462, -0.05194690327234, 0.05013685427779, -0.05194690327234, 76.5929791104, 76.61180588784, 76.59258024547, 76.61166929963, 189.0841318313, -0.2023640178336, 0.2006187047231, 0, 1, 50.00001796433, 50, 50.00079409615, 0.003960280728379, 0, 0, 0, 0, 0, 0, 0, 0, 189.08469848, 186.1357648454, 189.0838962806, 186.1350864521, 189.0841318313, 186.1354258027, 189.084699691, 186.1357649991, 0, 189.0838973048, 186.1350866062, -0.0291840015137, 0, -0.2315274711635, -0.02467877001816, 0.1714112511332, -0.02467877001816, 0.740189034121, 0.7415015865489, -0.8342703217947, -0.8334989146789, -0.04703615274192, -0.04564135089849, 0.7404887214861, 0.741858252387, 0, -0.8346126669199, -0.833140954184, -0, -0, -5.551115123126e-17, -5.551115123126e-17, 0.002701326149028, 0.3941049688039, 0.3912428571236, 0.3933909863593, 0, 0.3912294431761, 0.3948189512485
13.65, 0.2071660368634, 0.1987515585745, -0.1959759792592, 0.1989201383311, 0.02022636997916, -0.008381060800489, 0.002768980726627, 0.02125614953499, 0, 0, -1000, 0, 1000, 7517.321574598, 3605.313603559, 7530.059342946, 3556.275706577, 24.36217730028, 43.3576748284, 24.916365675, 33.59399373569, -245.9888525138, -64.9836619571, 239.5036168637, -86.23690867547, 5398.092639524, 3618.753590338, 5408.705411298, 4297.931499966, 3, 0.07078226024604, 63.06751762977, 0.3384823828307, -90.13960598651, -1.53592763743, 10.62708634321, -1.394523718381, 9.436746654666, 0, 0, 0.02684209088156, -0, -0, -0, -0, -0, 0.02684506671995, 0.005916877006443, 0, 0, 0, 0, 0, 0.04921776065251, 0.00591687765575, -0.04292604712249, 0.04921775525024, 0.05109955479837, 0.04921775525024, 76.73362793783, 76.7524944394, 76.73323106612, 76.75234905471, 189.4313535871, -0.2006017398775, 0.2023803588994, 0, 1, 50.00000524874, 50, 50.0007345856, 0.003700946330625, 0, 0, 0, 0, 0, 0, 0, 0, 189.4319158498, 186.4830950983, 189.431122449, 186.4822029284, 189.4313535871, 186.4826488216, 189.4319170242, 186.4830949062, 0, 189.4311235049, 186.4822027369, -0.02896833088865, 0, -0.2295499662241, -0.03245559070964, 0.1733881286206, -0.03245559070964, 0.7400344448508, 0.7421641995358, -0.8344249101803, -0.8328361288738, -0.047185423609, -0.04567451391579, 0.7403275649294, 0.7418250691917, 0, -0.8347738253078, -0.8331740970233, -0, -0, -0, -0, 0.002701328690547, 0.3941147100788, 0.3912467176075, 0.3947911818508, 0, 0.39122553084, 0.3934382383068
13.675, 0.1963766683844, -0.2026714741151, -0.2067542074098, -0.2024974588658, -0.02456520826999, 0.00811974498143, -0.002973654731517, 0.02117433528319, 0, 0, 1000, 0, -1000, 7519.298267394, 3551.480410346, 7528.083341887, 3609.954281908, 24.94864690052, 34.02210273065, 24.30443412609, 42.81588269417, -240.2168761712, 84.26191067646, 245.273097384, 63.49042137464, 5399.500841051, 4297.561544381, 5407.225655492, 3620.629683895, 3, 0.3489602815575, -91.58135377522, 0.03778432892046, 65.0282292405, -1.515209529163, 9.298809640809, -1.415268941261, 10.76262371509, 0, 0, 0.026834843092, -0, -0, -0, -0, -0, 0.02683849052602, 0.004194042537611, 0, 0, 0, 0, 0, -0.04905499703021, 0.004194042997609, -0.04377914874894, -0.04905499164845, 0.05024758335405, -0.04905499164845, 76.87427944314, 76.89317580065, 76.87387932281, 76.89303549667, 189.7785755717, -0.2023552749677, 0.2006268212973, 0, 1, 50.00000330891, 50, 50.00070864271, 0.003459043334117, 0, 0, 0, 0, 0, 0, 0, 0, 189.7791434581, 186.8302139363, 189.7783387173, 186.8295268676, 189.7785755717, 186.8298705492, 189.7791446665, 186.8302140833, 0, 189.7783397433, 186.8295270151, -0.02927742448823, 0, -0.2316122056936, -0.02499436440263, 0.171325897492, -0.02499436440263, 0.7398409620442, 0.7411813560343, -0.8346183843122, -0.8338190713648, -0.04738410331727, -0.04598142926619, 0.7401399053308, 0.741518207173, 0, -0.8349614846796, -0.8334810657054, -0, -0, -0, -0, 0.002701412993762, 0.3941132109021, 0.3912439080182, 0.3934389762284, 0, 0.3912284837047, 0.3947874455758
13.7, 0.2073152190528, 0.2108658820542, -0.1958107729248, 0.2110562899291, 0.02129272356241, -0.00813801091665, 0.003030614288323, 0.02183221566763, 0, 0, -1000, 0, 1000, 7517.255308212, 3603.930549729, 7530.101527251, 3557.622362333, 24.4190333107, 42.11248470219, 24.92567801238, 34.8999790898, -245.8719324576, -63.28740866065, 239.606489904, -83.5767692836, 5398.453611765, 3637.508878782, 5408.213237749, 4281.539169658, 3, -0.01399524220923, 69.26590540889, 0.3891776043195, -93.75582655543, -1.536657434158, 10.59221056256, -1.394116084724, 9.471325461621, 0, 0, 0.02679387120096, -0, -0, -0, -0, -0, 0.02679652838855, 0.005896388468998, 0, 0, 0, 0, 0, 0.04667073094321, 0.005896389113734, -0.04295609453027, 0.04667072583902, 0.05107591083031, 0.04667072583902, 77.01492852357, 77.03386115972, 77.01453012091, 77.03371788268, 190.1257979555, -0.2006134680664, 0.2023694412844, 0, 1, 49.99999248203, 50, 50.00064528852, 0.003222364572896, 0, 0, 0, 0, 0, 0, 0, 0, 190.1263614479, 187.1775378725, 190.1255649315, 187.1766481786, 190.1257979555, 187.1770928442, 190.1263626237, 187.1775376908, 0, 190.1255659862, 187.1766479975, -0.02908162188113, 0, -0.2296750074516, -0.03236551787469, 0.1732639739273, -0.03236551787469, 0.7396837795915, 0.7417983720395, -0.8347755415017, -0.8332018991831, -0.04753605073809, -0.04602279090956, 0.7399771043067, 0.741476822192, 0, -0.8351242960611, -0.8335224040111, -0, -0, -0, -0, 0.002701620273557, 0.3941123711961, 0.3912459983857, 0.3947538354164, 0, 0.391226511409, 0.3934709069758
13.725, 0.196165254197, -0.2143105777282, -0.2069591235589, -0.2141154596715, -0.02567233056034, 0.007920702437695, -0.003209067869657, 0.02187949261308, 0, 0, 1000, 0, -1000, 7519.235631589, 3552.815808422, 7528.105977619, 3608.894850129, 24.97874757501, 35.32150546249, 24.38922439757, 41.76218110319, -240.2184561952, 81.98058936998, 245.2606393945, 62.03777280972, 5399.265919543, 4281.67222686, 5407.436014829, 3636.463646434, 3, 0.4285138128213, -94.88678421342, -0.05741618131696, 71.05837591028, -1.515901341671, 9.331963826498, -1.415066360563, 10.73436213145, 0, 0, 0.02678341341511, -0, -0, -0, -0, -0, 0.02678674405839, 0.00425880878464, 0, 0, 0, 0, 0, -0.04675611762225, 0.004258809249953, -0.0437291888007, -0.04675611251246, 0.05030792240153, -0.04675611251246, 77.15557993557, 77.17454513236, 77.15517851448, 77.17440174951, 190.4730199616, -0.2023758238731, 0.2006074567599, 0, 1, 49.99998912152, 50, 50.00062898695, 0.003211148755732, 0, 0, 0, 0, 0, 0, 0, 0, 190.4735888305, 187.5246620868, 190.4727814242, 187.5239674257, 190.4730199616, 187.5243148981, 190.4735900382, 187.5246622284, 0, 190.4727824507, 187.5239675677, -0.02937377098321, 0, -0.2317291634826, -0.02527056582984, 0.1712102034666, -0.02527056582984, 0.739490684506, 0.7408546610848, -0.8349686073175, -0.834145710147, -0.04773430604432, -0.04632390909482, 0.7397892869988, 0.7411757520977, 0, -0.8353121193258, -0.8338235702873, 5.551115123126e-17, -0, -0, -0, 0.002701681880031, 0.3941132792579, 0.3912443762497, 0.3934706414436, 0, 0.3912280643008, 0.3947559170722
13.75, 0.2076603276498, 0.2238220761947, -0.1954654516463, 0.224037172855, 0.02238003556662, -0.007877976360153, 0.003204655418745, 0.02220052467278, 0, 0, -1000, 0, 1000, 7517.213037219, 3603.036165047, 7530.110934998, 3559.801073668, 24.52697938448, 40.90807078763, 24.94447338109, 36.74676443461, -245.8708760986, -61.35403378827, 239.6051569528, -80.61341162045, 5398.683466306, 3651.95729294, 5408.088221299, 4256.357766797, 3, -0.08544276777332, 75.79877902272, 0.4581920229424, -97.60302771001, -1.537135722805, 10.56467372404, -1.394052099588, 9.522566379855, 0, 0, 0.02676962677141, -0, -0, -0, -0, -0, 0.02677194519089, 0.005890239618273, 0, 0, 0, 0, 0, 0.04379889119419, 0.005890240261171, -0.0429693863934, 0.04379888641287, 0.05107189933675, 0.04379888641287, 77.29622910171, 77.31522810459, 77.2958290793, 77.31508714055, 190.8202419233, -0.2006692218407, 0.2023145741823, 0, 1, 49.99997392456, 50, 50.00056108766, 0.002957860673665, 0, 0, 0, 0, 0, 0, 0, 0, 190.8208069339, 187.8719816044, 190.8200070504, 187.8710949529, 190.8202419233, 187.871538109, 190.820808111, 187.8719814345, 0, 190.8200081039, 187.8710947835, -0.02920157271035, 0, -0.2298507239969, -0.03225484300472, 0.1730891794133, -0.03225484300472, 0.7393319244826, 0.7414288689305, -0.8351273465012, -0.8335713416818, -0.04788787238085, -0.04637251777293, 0.7396253396141, 0.7411271273494, 0, -0.8354760738947, -0.8338721628952, -0, -0, -5.551115123126e-17, -0, 0.002701722891372, 0.3941230770166, 0.3912455404402, 0.3947250693445, 0, 0.3912267604701, 0.3935210846886
13.775, 0.1959058995567, -0.2281823385728, -0.2072100298143, -0.2279604072541, -0.02698116230394, 0.007593918843105, -0.003366104757209, 0.0218474271368, 0, 0, 1000, 0, -1000, 7519.16260971, 3555.084303075, 7528.160832999, 3607.658259832, 24.96004474742, 37.31052715449, 24.47107156694, 40.22648990466, -240.2779634643, 78.35047080996, 245.1996477468, 59.63568220107, 5398.788504767, 4254.208319703, 5407.963220967, 3655.131324415, 3, 0.4732794273218, -99.24788991743, -0.1189584199363, 77.88516457962, -1.516702018222, 9.386049572984, -1.414525148122, 10.69989388524, 0, 0, 0.0267618621372, -0, -0, -0, -0, -0, 0.02676475936899, 0.004380489247388, 0, 0, 0, 0, 0, -0.04341311656196, 0.004380489725225, -0.04362978094494, -0.0434131118253, 0.05041317274611, -0.0434131118253, 77.43688034406, 77.45591527117, 77.43647762844, 77.4557678852, 191.1674639353, -0.2023652629983, 0.2006178862662, 0, 1, 49.99997242564, 50, 50.00053836713, 0.002736849809279, 0, 0, 0, 0, 0, 0, 0, 0, 191.1680339649, 188.2191120131, 191.1672239428, 188.2184075813, 191.1674639353, 188.2187599308, 191.1680351703, 188.2191121464, 0, 191.167224971, 188.2184077151, -0.02946991422847, 0, -0.2318148083638, -0.02562600381206, 0.171124459826, -0.02562600381206, 0.7391397075655, 0.7405354832332, -0.8353195524356, -0.8344648113486, -0.04808516266999, -0.04666603706094, 0.7394376319794, 0.7408336581168, 0, -0.8356637821904, -0.8341657322387, -0, 5.551115123126e-17, -0, -0, 0.002701761958274, 0.3941220585341, 0.3912453277924, 0.393525368471, 0, 0.3912270134581, 0.3947187485972
13.8, 0.2076438223642, 0.2366766514876, -0.1954670584777, 0.2369179803097, 0.02372390398147, -0.007554226390696, 0.003351673949861, 0.02210289342616, 0, 0, -1000, 0, 1000, 7517.187301018, 3601.38671612, 7530.118587315, 3561.41090257, 24.59773120409, 39.2788015464, 24.91521595232, 38.38287134041, -245.7281641207, -59.02859307625, 239.7413578011, -77.12258432151, 5399.188411634, 3674.219303531, 5407.518523537, 4236.43333152, 3, -0.1416965975302, 82.36835850517, 0.4843094785479, -101.607436383, -1.537440232204, 10.52348684538, -1.394005194408, 9.563632751662, 0, 0, 0.02672211483307, -0, -0, -0, -0, -0, 0.02672410120968, 0.005825246945987, 0, 0, 0, 0, 0, 0.04074178089111, 0.005825247579537, -0.0430363137464, 0.0407417764594, 0.05101032567958, 0.0407417764594, 77.57752971876, 77.59659482388, 77.57712815405, 77.59645606658, 191.5146863384, -0.2006263864907, 0.2023573795813, 0, 1, 49.9999612252, 50, 50.00047232006, 0.00248083329485, 0, 0, 0, 0, 0, 0, 0, 0, 191.5152526176, 188.5664239839, 191.5144495501, 188.5655407035, 191.5146863384, 188.5659821865, 191.5152537969, 188.5664238265, 0, 191.5144506019, 188.5655405465, -0.02931978141785, 0, -0.229926101863, -0.0321322108389, 0.1730138468997, -0.0321322108389, 0.7389780147336, 0.7410561613415, -0.8354812271445, -0.8339439891664, -0.04824178026017, -0.04672416457653, 0.7392718861193, 0.7407755124921, 0, -0.8358295351147, -0.8342238416452, -0, -5.551115123126e-17, -5.551115123126e-17, -0, 0.002701916021812, 0.3941207642692, 0.3912445342303, 0.3946807382591, 0, 0.3912278957002, 0.3935607902793
13.825, 0.1958244130244, -0.2403466300731, -0.2072835029916, -0.2400996990067, -0.02830159299779, 0.007320151152943, -0.003486321260898, 0.02197415226487, 0, 0, 1000, 0, -1000, 7519.143874264, 3556.623709211, 7528.154043019, 3606.277810223, 24.95683609715, 38.90078522838, 24.57509280328, 38.81602187983, -240.297373411, 75.27653379841, 245.1727526233, 57.60162712515, 5398.607534548, 4235.8186773, 5408.122302684, 3674.592096207, 3, 0.5347217033118, -102.8177966565, -0.1982580435248, 84.23647775709, -1.516933177279, 9.424912762882, -1.414629865189, 10.66415751035, 0, 0, 0.02670733663152, -0, -0, -0, -0, -0, 0.02670989670284, 0.004409682523669, 0, 0, 0, 0, 0, -0.04067022391774, 0.004409683002733, -0.04360557809858, -0.04067021949852, 0.05044438406319, -0.04067021949852, 77.71818088189, 77.737284684, 77.71777683848, 77.73713403271, 191.8619084307, -0.202386264689, 0.2005976635399, 0, 1, 49.99995785954, 50, 50.00045565286, 0.002463490853913, 0, 0, 0, 0, 0, 0, 0, 0, 191.8624794468, 188.9135606858, 191.8616667106, 188.9128475608, 191.8619084307, 188.91320425, 191.8624806521, 188.9135608123, 0, 191.8616677387, 188.9128476876, -0.02956773851388, 0, -0.2319336869729, -0.02594225251131, 0.171006446239, -0.02594225251131, 0.7387864100279, 0.7402097610777, -0.8356728129073, -0.8347904742666, -0.04843843393889, -0.04701059796324, 0.7390841694455, 0.7404891229211, 0, -0.8360172555014, -0.8345103188476, -0, -5.551115123126e-17, -0, -0, 0.002701951507885, 0.3941210055168, 0.3912456884165, 0.393562015039, 0, 0.3912266963748, 0.3946799959946
13.85, 0.2078362297822, 0.249180150651, -0.1952721675759, 0.2494482829578, 0.0249980740872, -0.007252428683495, 0.003406845006896, 0.02197639089964, 0, 0, -1000, 0, 1000, 7517.217007099, 3600.198489672, 7530.073471227, 3563.405223327, 24.70825276888, 37.86150175891, 24.91540037842, 40.24974238095, -245.70654969, -56.75913998588, 239.7632176223, -73.7531975583, 5399.473013837, 3691.770565923, 5407.351393405, 4212.238648765, 3, -0.192987892388, 88.77921705545, 0.5296030765901, -105.3585179474, -1.537162955114, 10.49009806234, -1.394511830761, 9.611719742731, 0, 0, 0.02670822861356, -0, -0, -0, -0, -0, 0.02670991140515, 0.005763895270717, 0, 0, 0, 0, 0, 0.03771659198257, 0.005763895896943, -0.04308824856245, 0.03771658788429, 0.05096363306092, 0.03771658788429, 77.85883031921, 77.87796170947, 77.85842714025, 77.87782504792, 192.2091303051, -0.2006558666311, 0.2023283030573, 0, 1, 49.99994424735, 50, 50.00039270915, 0.002263970027246, 0, 0, 0, 0, 0, 0, 0, 0, 192.20969818, 189.2608671349, 192.2088917326, 189.2599870787, 192.2091303051, 189.2604269618, 192.2096993615, 189.2608669898, 0, 192.2088927826, 189.2599869339, -0.02944102843159, 0, -0.2300768153809, -0.03201492174254, 0.1728635572746, -0.03201492174254, 0.7386229985708, 0.7406826832566, -0.8358362142308, -0.8343174121188, -0.04859684712263, -0.0470768100744, 0.7389172241613, 0.7404228963653, 0, -0.8361842036741, -0.8345765165141, -0, -0, -5.551115123126e-17, -0, 0.00270191362081, 0.3941273954681, 0.3912439670273, 0.3946457898606, 0, 0.3912282289124, 0.3936090010756
13.875, 0.1956234876602, -0.2536605205995, -0.2074783550074, -0.2533846617533, -0.02963931361063, 0.006950054085594, -0.003498380132726, 0.02155449444074, 0, 0, 1000, 0, -1000, 7519.147178425, 3558.96714197, 7528.153021324, 3604.847563264, 24.93948321993, 41.03053862957, 24.67256779148, 37.12906395752, -240.3463128439, 71.19430845186, 245.1250991277, 54.81274985872, 5398.306408209, 4207.093337928, 5408.520816561, 3694.584869818, 3, 0.5648219973556, -106.9816984685, -0.2403788314305, 90.91834072102, -1.516932478014, 9.48119340892, -1.414673787047, 10.62474113997, 0, 0, 0.02671428629273, -0, -0, -0, -0, -0, 0.02671644360094, 0.004458957368326, 0, 0, 0, 0, 0, -0.0371397853247, 0.004458957852995, -0.04356290403239, -0.03713978128711, 0.05048821900375, -0.03713978128711, 77.99948125344, 78.01865463634, 77.99907595986, 78.01850011888, 192.5563521579, -0.202321539537, 0.2006623379523, 0, 1, 49.99994015587, 50, 50.00036819401, 0.002083171638175, 0, 0, 0, 0, 0, 0, 0, 0, 192.5569244781, 189.6080106521, 192.556109229, 189.6072872255, 192.5563521579, 189.6076490561, 192.5569256824, 189.6080107693, 0, 192.5561102577, 189.607287343, -0.02966234489635, 0, -0.2319635826855, -0.02631700372992, 0.1709764878852, -0.02631700372992, 0.7384321642907, 0.7398893056761, -0.8360270511729, -0.8351108590726, -0.04879263553628, -0.0473552972856, 0.7387296327652, 0.7401444541985, 0, -0.8363717923801, -0.8348550487697, -0, -0, -0, -0, 0.002701876143156, 0.3941297197796, 0.3912462884913, 0.3936192532851, 0, 0.3912259022591, 0.394640186274
13.9, 0.207888042841, 0.2620741289776, -0.1952059084812, 0.2623715888628, 0.02649080679124, -0.006849371431955, 0.003388767280545, 0.02136249536606, 0, 0, -1000, 0, 1000, 7517.272857154, 3598.395488424, 7530.020811486, 3565.41078987, 24.78925474109, 35.95114874729, 24.88005494233, 42.24081906242, -245.5909433932, -53.75792167606, 239.8735651747, -69.39244118277, 5400.003608957, 3715.967470933, 5406.78108094, 4186.714359088, 3, -0.2280632012531, 95.34216122527, 0.5353593329635, -109.4747410255, -1.53661058299, 10.44431940447, -1.395097010924, 9.661654308935, 0, 0, 0.02669276937901, -0, -0, -0, -0, -0, 0.02669412556094, 0.005642518256007, 0, 0, 0, 0, 0, 0.03411346316372, 0.005642518868336, -0.04318718577856, 0.03411345946133, 0.05086514266507, 0.03411345946133, 78.14013093564, 78.15932839811, 78.13972613731, 78.15919408605, 192.9035743876, -0.2007207738773, 0.2022634358853, 0, 1, 49.99992946831, 50, 50.00030388996, 0.001789010436684, 0, 0, 0, 0, 0, 0, 0, 0, 192.9041438458, 189.9553091215, 192.9033340229, 189.9544334895, 192.9035743876, 189.9548711751, 192.904145031, 189.9553089909, 0, 192.9033350697, 189.9544333592, -0.02956032323985, 0, -0.2302609832727, -0.03185397699835, 0.1726794545191, -0.03185397699835, 0.7382661378921, 0.740302897531, -0.836193071321, -0.8346971382246, -0.0489538363131, -0.0474317815066, 0.738561038269, 0.7400679572089, 0, -0.8365403892651, -0.8349315202221, -0, -0, -5.551115123126e-17, -0, 0.002701969509979, 0.3941287331004, 0.3912429095565, 0.3945976044199, 0, 0.3912293655902, 0.393659861781
13.925, 0.1956398805272, -0.2657025195527, -0.2074482605118, -0.265398947711, -0.03104449057647, 0.006586888028792, -0.003487094416811, 0.02110478628284, 0, 0, 1000, 0, -1000, 7519.174942435, 3560.665552631, 7528.111120082, 3603.066511802, 24.91565510149, 42.78746390025, 24.76687019037, 35.36891181879, -240.4242307442, 67.24242105561, 245.0367811646, 52.09412918038, 5398.008231343, 4186.173437613, 5408.747942212, 3718.176272427, 3, 0.5876358257884, -110.6912647772, -0.2918755437395, 97.19959882659, -1.516674327384, 9.524730180398, -1.415146256097, 10.57992539789, 0, 0, 0.02667181472946, -0, -0, -0, -0, -0, 0.02667363247455, 0.004470552323726, 0, 0, 0, 0, 0, -0.03391419991579, 0.004470552808112, -0.04355140296779, -0.03391419624068, 0.05050386434729, -0.03391419624068, 78.28078176127, 78.30002404597, 78.28037521017, 78.29986619347, 193.2507966068, -0.2022858285988, 0.2006985825095, 0, 1, 49.99992606739, 50, 50.00028465071, 0.001723888221427, 0, 0, 0, 0, 0, 0, 0, 0, 193.2513699174, 190.3024595821, 193.2505521108, 190.3017264456, 193.2507966068, 190.3020931225, 193.2513711217, 190.3024596906, 0, 193.2505531395, 190.3017265543, -0.02975692011366, 0, -0.2320224845074, -0.02667023722447, 0.1709181873411, -0.02667023722447, 0.7380763593151, 0.7395650310577, -0.8363828344218, -0.8354350742215, -0.04914842891546, -0.04770173209506, 0.738373749705, 0.739798044634, 0, -0.83672768206, -0.8352015088241, -0, -5.551115123126e-17, -0, -0, 0.00270205392599, 0.3941270726794, 0.3912468825287, 0.3936609401264, 0, 0.3912254497236, 0.3945932052323
13.95, 0.2079407374441, 0.2735261415922, -0.1951468333416, 0.2738508386403, 0.02787866486665, -0.006526686546464, 0.003356393471578, 0.02088184984848, 0, 0, -1000, 0, 1000, 7517.335744945, 3596.879886776, 7529.941258304, 3567.01480584, 24.88947183807, 34.39636905904, 24.86669862287, 43.88864104584, -245.5572619892, -51.29150633384, 239.9036085814, -65.84761098094, 5400.248620798, 3736.687207847, 5406.595285236, 4166.20472172, 3, -0.2737101355657, 101.3099321073, 0.5669423700084, -112.9585659146, -1.535983605326, 10.40493182722, -1.395964464348, 9.70204451833, 0, 0, 0.02667800923721, -0, -0, -0, -0, -0, 0.02667912051083, 0.005556832797087, 0, 0, 0, 0, 0, 0.03112570798574, 0.005556833399451, -0.04325513413228, 0.03112570461141, 0.05080248366952, 0.03112570461141, 78.42143156318, 78.44069520128, 78.42102520162, 78.44056272597, 193.5980185188, -0.2007495697128, 0.2022351637982, 0, 1, 49.9999155009, 50, 50.00023226617, 0.001602734538697, 0, 0, 0, 0, 0, 0, 0, 0, 193.5985895066, 190.6497515801, 193.5977764237, 190.6488791618, 193.5980185188, 190.6493152523, 193.5985906943, 190.6497514614, 0, 193.5977774683, 190.6488790433, -0.02967698920607, 0, -0.230406424771, -0.03173706862028, 0.1725345584547, -0.03173706862028, 0.737908563598, 0.7399271153726, -0.8365506167393, -0.8350728754081, -0.04931150454679, -0.04778698876718, 0.7382039275834, 0.7397127742191, 0, -0.8368975071655, -0.8352867517535, -0, -0, -0, 5.551115123126e-17, 0.002702030679834, 0.3941285355388, 0.3912424211353, 0.3945563417644, 0, 0.3912297360806, 0.3937007293132
13.975, 0.1954916844617, -0.277374993167, -0.2075944192665, -0.2770433849128, -0.03227302471989, 0.006213315354845, -0.003374279833689, 0.0206123361192, 0, 0, 1000, 0, -1000, 7519.207574108, 3562.854056279, 7528.07736467, 3601.585554137, 24.92837767817, 44.72922300115, 24.86249633496, 33.73439409835, -240.4537341095, 63.15324164644, 245.0088562649, 49.20794114751, 5397.89077135, 4159.037578447, 5409.002125287, 3737.96263389, 3, 0.6107852276388, -114.2235610184, -0.3189316965196, 103.2463966865, -1.516364566565, 9.577555589091, -1.415533328738, 10.53932839597, 0, 0, 0.02669739698089, -0, -0, -0, -0, -0, 0.02669888767651, 0.004472427781721, 0, 0, 0, 0, 0, -0.03051390314328, 0.00447242826724, -0.04355034686051, -0.03051389983038, 0.0505069978988, -0.03051389983038, 78.56208210364, 78.58139359658, 78.56167438191, 78.58123236066, 193.9452402195, -0.2021824599133, 0.2008019546841, 0, 1, 49.99990807776, 50, 50.00020602973, 0.001499900719882, 0, 0, 0, 0, 0, 0, 0, 0, 193.9458148669, 190.9969090971, 193.9449947347, 190.996165984, 193.9452402195, 190.9965376396, 193.9458160711, 190.9969091961, 0, 193.9449957636, 190.9961660831, -0.0298464006912, 0, -0.2320085774781, -0.02703317095483, 0.1709320549945, -0.02703317095483, 0.7377192847777, 0.7392407665713, -0.836739896622, -0.8357592814793, -0.04950548680988, -0.04804935407738, 0.7380166681341, 0.7394504465903, 0, -0.83708476521, -0.8355491547451, -0, -0, -0, -0, 0.002701956470895, 0.394134406046, 0.3912471165181, 0.3937150087503, 0, 0.3912249433641, 0.3945538033416
14, 0.2080691660997, 0.2852234804951, -0.1950089462385, 0.2855773691535, 0.02925382629534, -0.006055569998883, 0.003141598711253, 0.02012158097899, 0, 0, -1000, 0, 1000, 7517.417842214, 3595.061273403, 7529.867731474, 3569.483509121, 24.95422639449, 32.37786219757, 24.87650541116, 46.02201377362, -245.4889649572, -47.65842734518, 239.9699099356, -60.7467660667, 5400.740146391, 3761.013059547, 5406.141057595, 4134.724069567, 3, -0.2883856120299, 107.311453062, 0.5628125725671, -116.6795983759, -1.535154432804, 10.35706688671, -1.396768688756, 9.761821156306, 0, 0, 0.02670200615382, -0, -0, -0, -0, -0, 0.02670282497007, 0.005428391330368, 0, 0, 0, 0, 0, 0.0270815966136, 0.005428391919868, -0.04335166671796, 0.02708159367247, 0.05070552525083, 0.02708159367247, 78.70273213182, 78.72206190675, 78.70232413496, 78.72193185877, 194.2924621663, -0.2009102345944, 0.2020743172158, 0, 1, 49.99989732239, 50, 50.00014663375, 0.001188625731713, 0, 0, 0, 0, 0, 0, 0, 0, 194.2930350415, 191.3441933332, 194.292218511, 191.3433263611, 194.2924621663, 191.3437597446, 194.2930362333, 191.3441932305, 0, 194.2922195519, 191.3433262587, -0.02979400195441, 0, -0.2306840396918, -0.03153894435027, 0.1722567226516, -0.03153894435027, 0.7375493856614, 0.7395412510814, -0.8369097950665, -0.8354586862382, -0.04967086252913, -0.04814501090568, 0.7378454080646, 0.7393547818185, 0, -0.8372560242455, -0.8356448036299, 5.551115123126e-17, -0, -0, -5.551115123126e-17, 0.002701981102701, 0.3941356759639, 0.3912414415027, 0.3945078980439, 0, 0.3912306415026, 0.393763453884
14.025, 0.1955527905286, -0.2885997262987, -0.2075162077794, -0.2882396989504, -0.03367107542682, 0.005750169397648, -0.00321039153767, 0.01973224206584, 0, 0, 1000, 0, -1000, 7519.231433816, 3564.816135139, 7528.046704811, 3599.455419023, 24.90678264959, 46.51854054304, 24.91935301765, 31.65335078812, -240.5830477467, 58.22601531361, 244.8691422226, 45.6859154395, 5397.405381249, 4134.011237713, 5409.389244353, 3765.175451395, 3, 0.5944135386157, -117.8976192713, -0.3376513405074, 109.036469585, -1.516145401708, 9.62762526078, -1.415887810401, 10.48650622357, 0, 0, 0.02667885128846, -0, -0, -0, -0, -0, 0.02668001735489, 0.004515137688224, 0, 0, 0, 0, 0, -0.02672830537864, 0.004515138177699, -0.04351628378406, -0.02672830248084, 0.05054355762798, -0.02672830248084, 78.84338252871, 78.86276302225, 78.84297366747, 78.8625984576, 194.6396844671, -0.202062989363, 0.2009218318502, 0, 1, 49.99989435093, 50, 50.00012578271, 0.001045793689386, 0, 0, 0, 0, 0, 0, 0, 0, 194.6402601284, 191.6913583629, 194.6394377159, 191.6906045341, 194.6396844671, 191.6909815365, 194.6402613315, 191.6913584508, 0, 194.6394387457, 191.6906046222, -0.02993500122568, 0, -0.2319777372668, -0.02742298648275, 0.1709633310718, -0.02742298648275, 0.7373615237831, 0.7389186621395, -0.8370976444163, -0.8360813288365, -0.04986318081729, -0.04839747189466, 0.737658675275, 0.7391023522181, 0, -0.8374427619581, -0.8358972960074, -0, -0, -0, -0, 0.002702121945328, 0.3941322412888, 0.3912480836071, 0.3937648750077, 0, 0.3912241719908, 0.3944996075699
14.05, 0.2080553753998, 0.2961753149876, -0.1950111791139, 0.2965576964138, 0.03066959066791, -0.005653843777693, 0.002968929363928, 0.01947375153686, 0, 0, -1000, 0, 1000, 7517.433604548, 3593.094977505, 7529.820679999, 3571.198610681, 25.03796004459, 30.49458793319, 24.87837985666, 47.60594790207, -245.4583026185, -44.51593601691, 239.9886598397, -56.37647548161, 5400.853893882, 3787.137449365, 5405.963995047, 4113.208155942, 3, -0.3331894920202, 113.1361546982, 0.5820018864132, -120.0187895617, -1.535020159297, 10.30770097123, -1.397295220981, 9.806112971147, 0, 0, 0.02665729019732, -0, -0, -0, -0, -0, 0.02665789222016, 0.005383035562648, 0, 0, 0, 0, 0, 0.02362926234452, 0.005383036145266, -0.04338747371473, 0.02362925978696, 0.05067786350921, 0.02362925978696, 78.98403283944, 79.00342861649, 78.98362327647, 79.00330048091, 194.9869067483, -0.200993105585, 0.2019924661991, 0, 1, 49.99988222299, 50, 50.00006784983, 0.0008967262203434, 0, 0, 0, 0, 0, 0, 0, 0, 194.9874809562, 192.0386350382, 194.9866611516, 192.0377724465, 194.9869067483, 192.0382036533, 194.9874821501, 192.0386349491, 0, 194.9866621908, 192.0377723575, -0.02990884836972, 0, -0.2308817743246, -0.03137959477263, 0.1720600774377, -0.03137959477263, 0.7371898836788, 0.7391593059462, -0.8372692539811, -0.8358405917814, -0.05003042101239, -0.04850318587059, 0.7374861504107, 0.7389966290547, 0, -0.8376152945947, -0.8360030007959, -0, -5.551115123126e-17, -0, -0, 0.002702240112314, 0.3941310963581, 0.3912412147291, 0.3944558679506, 0, 0.3912309943838, 0.3938063247657
14.075, 0.1955472751008, -0.2989043621722, -0.2075189739089, -0.2985173719438, -0.0349820979457, 0.005369332452255, -0.003053640464348, 0.01907590574922, 0, 0, 1000, 0, -1000, 7519.174226701, 3566.568135884, 7528.078998047, 3597.795100482, 24.91735753607, 47.99484469984, 24.99802764512, 29.99977998281, -240.658498912, 54.18003135838, 244.7928764852, 42.71445122021, 5397.192685021, 4111.575312989, 5409.709363872, 3787.355057308, 3, 0.597829976358, -121.0797657828, -0.3479555497532, 114.4619339043, -1.516776373594, 9.671341114536, -1.415581631258, 10.44335002852, 0, 0, 0.02667748274179, -0, -0, -0, -0, -0, 0.02667840408182, 0.004588139001617, 0, 0, 0, 0, 0, -0.02349516632604, 0.004588139498954, -0.0434675122655, -0.02349516377907, 0.05059975958514, -0.02349516377907, 79.12468297006, 79.14413220448, 79.12427294178, 79.14396468863, 195.3341285274, -0.2019639046221, 0.2010216660171, 0, 1, 49.99987996625, 50, 50.0000627881, 0.0009343444891884, 0, 0, 0, 0, 0, 0, 0, 0, 195.3347053404, 192.3858071342, 195.3338806039, 192.3850438461, 195.3341285274, 192.3854255685, 195.3347065421, 192.3858072125, 0, 195.3338816349, 192.3850439245, -0.03002479115009, 0, -0.2319684659895, -0.02776710297905, 0.1709733505898, -0.02776710297905, 0.7370027260418, 0.7385908334261, -0.8374564020356, -0.8364091140414, -0.05022183823405, -0.0487475192023, 0.7372995448185, 0.7387523221088, 0, -0.8378019027678, -0.8362473605134, -5.551115123126e-17, -0, -5.551115123126e-17, -0, 0.002702177318445, 0.394132506334, 0.3912485075575, 0.3938095778196, 0, 0.391223533964, 0.3944554348484
14.1, 0.208215552513, 0.3055847515095, -0.1948512166956, 0.3059925737162, 0.03172149345414, -0.005192465442515, 0.002625575568355, 0.01901607091519, 0, 0, -1000, 0, 1000, 7517.401856922, 3591.336323472, 7529.850248365, 3573.664198136, 25.08270829591, 28.64772152366, 24.9471979506, 49.2772207738, -245.4500788531, -40.81891275377, 240.0010979443, -51.40954055052, 5401.106512995, 3809.838860429, 5405.872634712, 4082.40988217, 3, -0.3452193121755, 118.21516524, 0.594260245671, -122.7979686473, -1.535384153308, 10.26058111866, -1.397017500663, 9.865509134981, 0, 0, 0.02669721550052, -0, -0, -0, -0, -0, 0.02669761187858, 0.005380816659064, 0, 0, 0, 0, 0, 0.01975231801685, 0.005380817243187, -0.04338424876688, 0.01975231587254, 0.05068362393894, 0.01975231587254, 79.26533344245, 79.28479542819, 79.26492218987, 79.28466933205, 195.6813502747, -0.2012186583451, 0.2017669332518, 0, 1, 49.99986303473, 50, 49.99999248024, 0.0006786558286101, 0, 0, 0, 0, 0, 0, 0, 0, 195.6819265387, 192.7330768347, 195.6811031645, 192.7322195405, 195.6813502747, 192.7326481136, 195.6819277343, 192.7330767606, 0, 195.6811042017, 192.7322194666, -0.0300279140228, 0, -0.2312263640878, -0.03118688081488, 0.1717154408584, -0.03118688081488, 0.7368294944912, 0.7387728157632, -0.8376296271343, -0.8362270445109, -0.05039085558056, -0.04886299105839, 0.7371257388136, 0.7386368454861, 0, -0.8379757072488, -0.8363628276029, -0, -0, -0, -5.551115123126e-17, 0.002702122742225, 0.3941391710582, 0.3912407115206, 0.3944106561235, 0, 0.3912311763417, 0.3938676859929
14.125, 0.1954200978801, -0.3085803476089, -0.2076352834283, -0.308166987505, -0.03618897621165, 0.004825735983062, -0.002662788011024, 0.01834872925354, 0, 0, 1000, 0, -1000, 7519.093684042, 3569.111168166, 7528.167910008, 3595.670054907, 24.96541561821, 49.63696132624, 25.00961968005, 27.76561544335, -240.7427750454, 48.42733338474, 244.7064267385, 38.40567238796, 5396.706936003, 4078.660457133, 5410.208309956, 3815.030870335, 3, 0.5738941518147, -124.1567790089, -0.3452585530529, 119.5525617678, -1.517652054355, 9.73368482594, -1.414680831027, 10.38875060915, 0, 0, 0.02670434949762, -0, -0, -0, -0, -0, 0.02670498517533, 0.004724911411322, 0, 0, 0, 0, 0, -0.01910436192902, 0.004724911924517, -0.04337119194409, -0.01910435985391, 0.05069561502849, -0.01910435985391, 79.40598327314, 79.42550174814, 79.40557219442, 79.42533082631, 196.0285722472, -0.2016954019369, 0.2012900448817, 0, 1, 49.9998624349, 50, 49.99998215276, 0.0005077207400663, 0, 0, 0, 0, 0, 0, 0, 0, 196.0291502619, 193.0802573168, 196.028323487, 193.0794821993, 196.0285722472, 193.0798698227, 196.02915146, 193.0802573815, 0, 196.028324521, 193.079482264, -0.03011275584258, 0, -0.2317879521631, -0.02819743839877, 0.171153696863, -0.02819743839877, 0.7366431828221, 0.7382713344327, -0.8378159464733, -0.8367285623877, -0.0505811445033, -0.04909719507428, 0.7369393446099, 0.7384026657831, 0, -0.8381621008342, -0.8365970559316, -0, -0, -0, -0, 0.002702151717818, 0.3941377357322, 0.3912494756832, 0.3938751564771, 0, 0.3912225394693, 0.3944003149873
14.15, 0.2081269343211, 0.3151556881643, -0.194922721732, 0.3155905070361, 0.03300863432748, -0.004682935932513, 0.002321123175684, 0.0181180977382, 0, 0, -1000, 0, 1000, 7517.352178707, 3588.900296642, 7529.890351505, 3575.572618073, 25.09596464238, 26.41439998791, 24.96018998082, 50.48428375276, -245.3187838146, -36.7806020827, 240.1223451672, -46.10975786727, 5401.386871149, 3840.292004601, 5405.481400242, 4057.718503503, 3, -0.3574299902671, 123.2715039183, 0.570734226472, -125.9655687838, -1.535936135498, 10.20088263977, -1.396628092795, 9.915252449138, 0, 0, 0.02667886934527, -0, -0, -0, -0, -0, 0.02667909794185, 0.005365831003849, 0, 0, 0, 0, 0, 0.01575617754748, 0.005365831585546, -0.04339333448029, 0.01575617583937, 0.05067768148775, 0.01575617583937, 79.54663418387, 79.56616210512, 79.54622124254, 79.56603790595, 196.375794641, -0.201417385864, 0.201568722589, 0, 1, 49.99985064687, 50, 49.9999209743, 0.0002763361676147, 0, 0, 0, 0, 0, 0, 0, 0, 196.3763725412, 193.4275175478, 196.3755456446, 193.4266657957, 196.375794641, 193.4270916131, 196.3763737386, 193.4275174892, 0, 196.3755466797, 193.4266657371, -0.03014667754882, 0, -0.2315438648122, -0.03098527292608, 0.1713984855544, -0.03098527292608, 0.736467466344, 0.7383837909116, -0.8379916376125, -0.8366160383302, -0.05075294155111, -0.04922450926747, 0.7367637722776, 0.7382753458, 0, -0.8383376778456, -0.8367243643349, -0, -0, -0, 5.551115123126e-17, 0.002702314389192, 0.3941334407664, 0.3912401529914, 0.394350001016, 0, 0.3912319557288, 0.3939168805167
14.175, 0.1954041661102, -0.317883495145, -0.2076426168367, -0.3174440367427, -0.03749540484198, 0.00437798469115, -0.002345682537052, 0.01782335217101, 0, 0, 1000, 0, -1000, 7519.016966013, 3570.944168262, 7528.21218112, 3593.569566881, 25.01975872476, 50.71374019954, 25.05386911596, 25.81751536541, -240.7568674836, 43.69407460786, 244.6821375222, 34.74928137909, 5396.547218379, 4055.505480959, 5410.336415323, 3842.795637549, 3, 0.5804853730724, -126.9090399948, -0.3711066770111, 124.6663842879, -1.518487866361, 9.780526087767, -1.414247459452, 10.33601065171, 0, 0, 0.02666806088143, -0, -0, -0, -0, -0, 0.02666849581007, 0.004792439235135, 0, 0, 0, 0, 0, -0.01541437717626, 0.004792439754251, -0.04333353453336, -0.01541437550653, 0.05074176995333, -0.01541437550653, 79.68728378443, 79.70687081652, 79.68687156811, 79.70669697175, 196.7230168123, -0.2015238143697, 0.2014626627594, 0, 1, 49.99984685177, 50, 49.99991015129, 0.0002989351933188, 0, 0, 0, 0, 0, 0, 0, 0, 196.7235957026, 193.7747064197, 196.7227666815, 193.7739207944, 196.7230168123, 193.77431366, 196.7235968993, 193.7747064726, 0, 196.722767717, 193.7739208473, -0.0302034716518, 0, -0.2317071251466, -0.028579691316, 0.1712356097323, -0.028579691316, 0.7362814104057, 0.7379444509955, -0.8381776742023, -0.8370554100635, -0.05094274795856, -0.04944944527028, 0.7365773152909, 0.7380504282615, 0, -0.8385241434857, -0.8369493188021, -0, -0, -0, -0, 0.00270238428721, 0.3941331519533, 0.3912497940402, 0.3939212895672, 0, 0.3912222840005, 0.3943450143395
14.2, 0.2083986292837, 0.3235453219593, -0.1946498034422, 0.3240044034354, 0.03394406199863, -0.004157748158762, 0.001807822081319, 0.01804176059048, 0, 0, -1000, 0, 1000, 7517.320270165, 3586.931951206, 7529.891060042, 3578.279217673, 25.09463947069, 24.39200695938, 25.1116334726, 51.56545169768, -245.2900060771, -32.42247482233, 240.1484564188, -40.63749142728, 5401.622900704, 3867.123113273, 5405.372250423, 4025.004583715, 3, -0.3600289534657, 128.1927435789, 0.568756932818, -128.1269998271, -1.536302002276, 10.14803092347, -1.396651687581, 9.980645441377, 0, 0, 0.02666970458908, -0, -0, -0, -0, -0, 0.02666980186405, 0.00535217832169, 0, 0, 0, 0, 0, 0.01144114687837, 0.005352178901508, -0.04339036948399, 0.01144114563891, 0.05068950592557, 0.01144114563891, 79.82793498632, 79.84752893625, 79.82752017353, 79.8474066873, 197.0702387908, -0.2018044486038, 0.2011825160285, 0, 1, 49.99982818044, 50, 49.9998341235, 5.886102146486e-05, 0, 0, 0, 0, 0, 0, 0, 0, 197.070818606, 194.1219591783, 197.0699877538, 194.1211135073, 197.0702387908, 194.1215363005, 197.070819806, 194.121959136, 0, 197.0699887861, 194.121113465, -0.03027159116555, 0, -0.23205584953, -0.0307640523642, 0.1708873678579, -0.0307640523642, 0.7361041391749, 0.7379910445809, -0.8383549163321, -0.8370087597854, -0.05111638771209, -0.0495875615603, 0.7364004244956, 0.7379123092218, 0, -0.838701037507, -0.8370874323424, -5.551115123126e-17, 5.551115123126e-17, -5.551115123126e-17, -0, 0.002702382675549, 0.3941393071848, 0.3912396828284, 0.3942965596423, 0, 0.3912321730872, 0.3939820547273
14.225, 0.1951749879878, -0.3260749314792, -0.2078646198182, -0.3256115910707, -0.03854497591245, 0.003769403790025, -0.001780083381331, 0.01736503063671, 0, 0, 1000, 0, -1000, 7518.943911927, 3573.826052157, 7528.273473474, 3591.264426646, 25.12271435087, 51.59184529834, 25.01249797548, 23.38658890936, -240.8473702036, 37.47525135818, 244.5931906556, 29.69289210457, 5396.112754667, 4019.367088727, 5410.870751949, 3873.470396787, 3, 0.5554616276292, -129.3806264745, -0.3611046859057, 129.2137474576, -1.519285291851, 9.850551150298, -1.413635075814, 10.276309644, 0, 0, 0.02667377502343, -0, -0, -0, -0, -0, 0.02667400367198, 0.004915131681821, 0, 0, 0, 0, 0, -0.01057264972374, 0.004915132214455, -0.0432589392667, -0.01057264857801, 0.05082081572608, -0.01057264857801, 79.96858411273, 79.98824043427, 79.96817091582, 79.9880631242, 197.417460811, -0.2011079982467, 0.2018789244926, 0, 1, 49.99982906108, 50, 49.99983199452, -6.752572520214e-05, 0, 0, 0, 0, 0, 0, 0, 0, 197.4180406925, 194.4691573546, 197.4172097645, 194.4683588041, 197.417460811, 194.4687581162, 197.4180418854, 194.4691573915, 0, 197.4172108035, 194.468358841, -0.03029387964341, 0, -0.2313817470733, -0.02904988873919, 0.171561422068, -0.02904988873919, 0.7359188522417, 0.7376259965211, -0.8385402076979, -0.8373738278546, -0.05130501593139, -0.04980118625333, 0.7362142484102, 0.7376986991198, 0, -0.8388872157627, -0.8373010716265, -0, -0, -5.551115123126e-17, 5.551115123126e-17, 0.002702377350224, 0.3941386013719, 0.3912506598905, 0.3939932859441, 0, 0.3912212191069, 0.3942839167996
14.25, 0.2083336655153, 0.3310719401666, -0.1947018316516, 0.3315537436208, 0.03505731648263, -0.003577025290889, 0.001333114254612, 0.017309488909, 0, 0, -1000, 0, 1000, 7517.301307247, 3584.276227492, 7529.903383485, 3580.459329412, 25.0730978197, 21.89734351516, 25.13360090244, 51.98906932236, -245.1402229561, -27.58745529342, 240.2958619752, -34.83935288033, 5402.026219236, 3900.434882623, 5404.930368408, 3996.983428609, 3, -0.3541004526874, 132.2997482772, 0.5356111674173, -130.6747172412, -1.536531856511, 10.08330649679, -1.396552289112, 10.03672484079, 0, 0, 0.02664939058811, -0, -0, -0, -0, -0, 0.02664940714239, 0.005302055477823, 0, 0, 0, 0, 0, 0.006996553182798, 0.005302056051336, -0.04342036589724, 0.006996552425993, 0.05066234639261, 0.006996552425993, 80.10923581341, 80.1288957576, 80.10881919071, 80.12877521515, 197.7646832182, -0.2021026706298, 0.2008847256833, 0, 1, 49.99981856323, 50, 49.99977456597, -0.0002946860039733, 0, 0, 0, 0, 0, 0, 0, 0, 197.765264796, 194.8163995426, 197.7644301414, 194.815560186, 197.7646832182, 194.8159798387, 197.7652659991, 194.816399517, 0, 197.7644311706, 194.8155601604, -0.03039552565013, 0, -0.2324780075898, -0.03053434471461, 0.1704656733954, -0.03053434471461, 0.7357390107816, 0.737595668972, -0.8387200278249, -0.8374041191138, -0.05148165657504, -0.04995235390583, 0.736035500311, 0.7375475283942, 0, -0.8390659643335, -0.8374522362059, -5.551115123126e-17, -5.551115123126e-17, -0, -0, 0.002702486227771, 0.3941340425682, 0.3912388792501, 0.3942302064579, 0, 0.3912330534939, 0.3940378786785
14.275, 0.1951434382957, -0.3331844775545, -0.2078880172197, -0.3326998551267, -0.03961940494445, 0.003263375851703, -0.001295285180479, 0.01708656697288, 0, 0, 1000, 0, -1000, 7518.915417461, 3575.844767405, 7528.283503243, 3588.891836269, 25.18802699451, 51.87028629198, 25.02706357838, 21.20807422401, -240.8676833053, 32.35974377309, 244.5667654507, 25.33078246241, 5396.039429322, 3994.112034299, 5410.919587935, 3904.116315321, 3, 0.5592585437824, -131.3928945487, -0.3824950978821, 133.3744644943, -1.519615233987, 9.902420400949, -1.413559649008, 10.21748793963, 0, 0, 0.02663411123518, -0, -0, -0, -0, -0, 0.02663421560803, 0.004939494621354, 0, 0, 0, 0, 0, -0.006521691527906, 0.004939495155038, -0.04325909442968, -0.00652169082327, 0.05082598055999, -0.00652169082327, 80.24988463173, 80.26960944024, 80.24947033434, 80.26942929396, 198.11190547, -0.2008382327959, 0.2021493312367, 0, 1, 49.9998159432, 50, 49.99976682461, -0.0002688652937855, 0, 0, 0, 0, 0, 0, 0, 0, 198.1124861643, 195.1636068518, 198.1116530706, 195.1627968587, 198.11190547, 195.1632018783, 198.1124873563, 195.1636068749, 0, 198.1116541108, 195.1627968818, -0.0303861128882, 0, -0.2312042445939, -0.02946615212217, 0.171739628402, -0.02946615212217, 0.7355539240156, 0.7372993906384, -0.8389051076183, -0.8377004112824, -0.05166979321904, -0.05015564812092, 0.7358493213576, 0.7373442426365, 0, -0.8392521508594, -0.8376555388784, -0, -0, -0, -5.551115123126e-17, 0.002702528863899, 0.3941332361424, 0.391250805956, 0.3940435989727, 0, 0.3912211217929, 0.3942228733121
14.3, 0.2086581437017, 0.3370971445957, -0.1943741520305, 0.3375973995633, 0.03582491602539, -0.003048842765796, 0.0007185537093525, 0.01743995591729, 0, 0, -1000, 0, 1000, 7517.336587903, 3582.120599985, 7529.854998831, 3582.924001499, 25.09159151165, 19.83888232728, 25.22026440555, 52.06202337026, -245.0968240044, -22.93948043963, 240.3399814408, -29.63306726274, 5402.276408662, 3929.038663457, 5404.80521907, 3966.237895386, 3, -0.3529305484112, 136.12051302, 0.526958123341, -132.0706880159, -1.536192544889, 10.02735365104, -1.397089649751, 10.09734326232, 0, 0, 0.02664606859332, -0, -0, -0, -0, -0, 0.02664605901018, 0.005241710950029, 0, 0, 0, 0, 0, 0.002695705077578, 0.005241711516874, -0.04344322570423, 0.002695704786062, 0.0506441791619, 0.002695704786062, 80.39053667109, 80.41026264316, 80.39011812059, 80.41014367527, 198.4591273987, -0.2025442810429, 0.2004435031451, 0, 1, 49.99980174373, 50, 49.99970331473, -0.0004461137250278, 0, 0, 0, 0, 0, 0, 0, 0, 198.4597109932, 195.5108407796, 198.4588722601, 195.5100073337, 198.4591273987, 195.5104240468, 198.4597121998, 195.5108407698, 0, 198.4588732855, 195.5100073239, -0.03052175624796, 0, -0.2330458406708, -0.03031932180132, 0.1698982313851, -0.03031932180132, 0.735372643613, 0.7372003341358, -0.8390863681066, -0.8377994470893, -0.05184825729147, -0.0503181001573, 0.7356692888474, 0.737181788712, 0, -0.8394321807948, -0.8378179890266, -5.551115123126e-17, -0, -0, 5.551115123126e-17, 0.002702460666902, 0.39413617829, 0.3912383807466, 0.3941732293178, 0, 0.391233302905, 0.3940991272622
14.325, 0.1946878234205, -0.3383254644773, -0.2083374660542, -0.3378249036514, -0.04022562623575, 0.002663651424061, -0.0005565838595865, 0.01728956434576, 0, 0, 1000, 0, -1000, 7518.919898402, 3578.694236117, 7528.285296209, 3586.499704637, 25.26887899335, 51.63300722995, 25.00094454863, 18.84367749694, -240.9469441554, 26.58057813814, 244.4920772908, 19.97597844343, 5395.785029249, 3958.307177478, 5411.31446176, 3934.831980703, 3, 0.541537249044, -132.5350281715, -0.3768553461858, 136.7646568388, -1.519598733532, 9.971822597201, -1.413570513491, 10.1556855803, 0, 0, 0.02666157737466, -0, -0, -0, -0, -0, 0.02666159326317, 0.004987198495103, 0, 0, 0, 0, 0, -0.001701169725754, 0.004987199035052, -0.04325196735824, -0.001701169541573, 0.05083349414444, -0.001701169541573, 80.53118488877, 80.55097875896, 80.53076973421, 80.55079545106, 198.8063492891, -0.2002554204524, 0.2027320659297, 0, 1, 49.99980023106, 50, 49.99969148312, -0.0005615084159293, 0, 0, 0, 0, 0, 0, 0, 0, 198.8069310045, 195.8580575443, 198.8060962401, 195.8572345261, 198.8063492891, 195.8576460413, 198.8069321938, 195.8580575504, 0, 198.8060972835, 195.8572345322, -0.0304758606248, 0, -0.2307111624494, -0.029939979537, 0.1722325877859, -0.029939979537, 0.7351879895709, 0.7369779931112, -0.839271038485, -0.8380217925484, -0.05203545873118, -0.05051019735589, 0.7354833386381, 0.7369896947797, 0, -0.8396181323224, -0.8380100894915, -0, -5.551115123126e-17, -5.551115123126e-17, -0, 0.002702386224308, 0.3941383074376, 0.3912513127657, 0.3941149257676, 0, 0.3912203351464, 0.3941616891077
14.35, 0.2089487626422, 0.3413186859253, -0.1940699702686, 0.3418325213889, 0.03650917828737, -0.002434756524871, -1.509648218584e-05, 0.01743728958465, 0, 0, -1000, 0, 1000, 7517.393100065, 3579.412700508, 7529.811916329, 3585.423532205, 24.97367283156, 17.24188656641, 25.32362943275, 51.44284870084, -244.9688414358, -17.39791811961, 240.4677723465, -23.87263946519, 5402.732660278, 3962.950706823, 5404.345839345, 3933.774541716, 3, -0.3463821079967, 138.9354856871, 0.4930733312964, -133.1868622934, -1.535629781404, 9.960738340604, -1.397570946994, 10.16004078637, 0, 0, 0.02665683315378, -0, -0, -0, -0, -0, 0.02665685455883, 0.005135708321448, 0, 0, 0, 0, 0, -0.002114300010353, 0.005135708877278, -0.04349371557306, -0.002114299781525, 0.05059208227383, -0.002114299781525, 80.67183756092, 80.69162951333, 80.67141698571, 80.69151211571, 199.1535714922, -0.2031291649236, 0.199858526277, 0, 1, 49.99979301178, 50, 49.99964106531, -0.0008093833065393, 0, 0, 0, 0, 0, 0, 0, 0, 199.1541572769, 196.2052808386, 199.1533143095, 196.204454374, 199.1535714922, 196.2048676139, 199.1541584885, 196.2052808462, 0, 199.1533153296, 196.2044543816, -0.03064636356492, 0, -0.2337553005574, -0.03006535752532, 0.1691886615227, -0.03006535752532, 0.7350046324083, 0.7367993038416, -0.8394543850307, -0.8382004803914, -0.0522166144545, -0.05068604411686, 0.7353016216998, 0.7368138469273, 0, -0.8397998428075, -0.838185935161, -0, -0, -0, -0, 0.002702423065276, 0.3941347355399, 0.3912374716176, 0.3941056756145, 0, 0.3912342183179, 0.3941637954653
14.375, 0.1945185703627, -0.3425290428617, -0.20849321499, -0.3420150099483, -0.04092836307341, 0.002114045329149, 0.0001082603604681, 0.01731416435718, 0, 0, 1000, 0, -1000, 7518.949463011, 3580.832068965, 7528.252017417, 3583.842293042, 25.39670754706, 50.91066453087, 24.88280419132, 16.39885715841, -241.0232347584, 21.4806845722, 244.4088856901, 14.89161320651, 5395.619628473, 3931.178228232, 5411.414029171, 3967.933322358, 3, 0.5247537993533, -133.6025136235, -0.3879481530301, 139.6028610595, -1.519318308172, 10.02698958207, -1.413948991993, 10.0907748744, 0, 0, 0.02663840623426, -0, -0, -0, -0, -0, 0.0266383976049, 0.004983831798049, 0, 0, 0, 0, 0, 0.002663519882514, 0.004983832336696, -0.04328326680467, 0.002663519594643, 0.05080405185239, 0.002663519594643, 80.81248529636, 80.83234765293, 80.81206924507, 80.83216166935, 199.5007938266, -0.1997559295374, 0.2032319625774, 0, 1, 49.9997926201, 50, 49.99963474519, -0.0008297010969606, 0, 0, 0, 0, 0, 0, 0, 0, 199.5013762748, 196.5525070706, 199.5005397279, 196.5516719293, 199.5007938266, 196.5520894902, 199.5013774628, 196.5525070609, 0, 199.5005407732, 196.5516719196, -0.03056539476125, 0, -0.230301208553, -0.03038100118487, 0.1726429845779, -0.03038100118487, 0.7348203635915, 0.7366514775981, -0.8396386543886, -0.8383483026875, -0.05240288963712, -0.05086673464667, 0.7351159266465, 0.7366331537943, 0, -0.8399855470092, -0.8383666230876, 5.551115123126e-17, -0, -0, -0, 0.002702500745968, 0.3941323585875, 0.3912516420878, 0.3941689672469, 0, 0.3912201369833, 0.394095749928
14.4, 0.209199931629, 0.3454323637189, -0.1938120408468, 0.3459593836234, 0.03722732387977, -0.001944468982076, -0.0006579889524094, 0.01755397340821, 0, 0, -1000, 0, 1000, 7517.462494437, 3577.062689785, 7529.731150523, 3587.435023727, 24.87457091357, 15.05397364374, 25.46300613527, 50.70680513504, -244.9320988582, -12.70784517433, 240.5021741652, -19.40622787744, 5402.883519464, 3993.040282831, 5404.24351869, 3907.6916556, 3, -0.3519364726625, 141.7305361179, 0.4836383133852, -134.12887425, -1.53493109628, 9.902141191323, -1.398447652704, 10.2112278831, 0, 0, 0.02665045516911, -0, -0, -0, -0, -0, 0.02665055227361, 0.005058688894606, 0, 0, 0, 0, 0, -0.006184932191984, 0.005058689441839, -0.0435236714868, -0.006184931522913, 0.0505662298464, -0.006184931522913, 80.95313846242, 80.97299640833, 80.95271597028, 80.97288028454, 199.8480158346, -0.203608809156, 0.1993794073686, 0, 1, 49.99978482303, 50, 49.99959173083, -0.0009157738615821, 0, 0, 0, 0, 0, 0, 0, 0, 199.8486035836, 196.8997216291, 199.8477565993, 196.898900654, 199.8480158346, 196.8993111637, 199.8486047992, 196.8997216513, 0, 199.8477576153, 196.8989006762, -0.0307680562444, 0, -0.2343566286071, -0.02986565609081, 0.1685878672724, -0.02986565609081, 0.7346358068475, 0.7364032397752, -0.8398231870227, -0.838596555433, -0.05258572412197, -0.05105411243803, 0.7349330004467, 0.7364457759896, 0, -0.840168468462, -0.8385540008657, -0, -0, -5.551115123126e-17, -0, 0.002702463673852, 0.3941307427849, 0.391237170946, 0.3940457341925, 0, 0.3912344222997, 0.3942157513773
14.425, 0.1937586055666, -0.3446251424584, -0.2092485797163, -0.344104091371, -0.0410803251808, 0.001591960275066, 0.0009582604906116, 0.01825804194037, 0, 0, 1000, 0, -1000, 7518.982982256, 3583.363737769, 7528.218963249, 3581.548658607, 25.466501664, 49.89028373316, 24.87185919462, 13.91928932303, -241.1030138628, 16.86848890912, 244.3332293775, 9.832447226173, 5395.553127661, 3899.232650533, 5411.639942817, 3996.703287614, 3, 0.520118149497, -133.3283013432, -0.3930475808593, 141.8729760834, -1.518995850578, 10.08887440498, -1.41432527531, 10.03164845371, 0, 0, 0.02667556476502, -0, -0, -0, -0, -0, 0.02667558529635, 0.004981669806144, 0, 0, 0, 0, 0, 0.007063374069608, 0.004981670346061, -0.04332837817188, 0.007063373304073, 0.05076085237001, 0.007063373304073, 81.09378547081, 81.11371656542, 81.09336876345, 81.1135279502, 200.1952376195, -0.1990190888415, 0.2039689924647, 0, 1, 49.99978222678, 50, 49.9995649017, -0.001021573031376, 0, 0, 0, 0, 0, 0, 0, 0, 200.1958209834, 197.246957092, 200.1949831064, 197.2461098568, 200.1952376195, 197.2465334483, 200.1958221693, 197.2469570659, 0, 200.1949841547, 197.2461098306, -0.03065112599945, 0, -0.2296500500452, -0.03082095706013, 0.1732942705678, -0.03082095706013, 0.734451503376, 0.7363239866157, -0.8400075028931, -0.838675797477, -0.05277145430505, -0.05122449410399, 0.7347473745909, 0.7362753859742, 0, -0.840354100135, -0.8387243741822, -0, -0, -0, 5.551115123126e-17, 0.00270236898714, 0.394135518979, 0.3912517743267, 0.3942326012861, 0, 0.3912196872178, 0.3940384366719
14.45, 0.2102976907369, 0.3448179189108, -0.1927004982746, 0.3453437952172, 0.03705623365341, -0.001354469207306, -0.001715343005002, 0.01890799420482, 0, 0, -1000, 0, 1000, 7517.543656677, 3574.518053126, 7529.665616177, 3590.209539118, 24.92741647371, 11.76673447547, 25.38498321779, 49.218074916, -244.7929670183, -6.969203460784, 240.6456594723, -14.3217114421, 5403.348848221, 4024.862692005, 5403.860882268, 3871.767043589, 3, -0.3629762463159, 142.8270492741, 0.4677932064796, -132.8719375818, -1.534108369685, 9.838076936745, -1.399164676729, 10.27881992021, 0, 0, 0.02669810899131, -0, -0, -0, -0, -0, 0.02669835736625, 0.004938536201396, 0, 0, 0, 0, 0, -0.01109433422978, 0.004938536737543, -0.04355686892678, -0.01109433302531, 0.05053143918313, -0.01109433302531, 81.23443942138, 81.2543634466, 81.23401464742, 81.25424864857, 200.5424595094, -0.2045577432558, 0.1984303525236, 0, 1, 49.99978218426, 50, 49.9995216532, -0.001301166307736, 0, 0, 0, 0, 0, 0, 0, 0, 200.5430499134, 197.5941620318, 200.5421982653, 197.5933483377, 200.5424595094, 197.5937552241, 200.5430511355, 197.5941620712, 0, 200.5421992742, 197.5933483771, -0.03088863370054, 0, -0.2354260889634, -0.02960078641875, 0.1675182086882, -0.02960078641875, 0.7342655515707, 0.7359987760006, -0.8401934468545, -0.8390010433358, -0.05295652504191, -0.05142481631058, 0.7345629711252, 0.7360750638314, 0, -0.8405384914239, -0.8389246964525, -5.551115123126e-17, -0, -5.551115123126e-17, -0, 0.002702328581121, 0.3941348235519, 0.3912362438243, 0.3939823378491, 0, 0.391235184733, 0.3942873092546
14.475, 0.1931643335286, -0.3449061021754, -0.2098238141238, -0.344383199025, -0.04116985682909, 0.001034552342456, 0.001867823970254, 0.01886100624843, 0, 0, 1000, 0, -1000, 7519.02107874, 3585.677113634, 7528.186996142, 3578.721046452, 25.38584992774, 48.43968410326, 24.85253493087, 10.16609986009, -241.2579068668, 12.10318527255, 244.1753002641, 4.418839891151, 5395.211300507, 3869.258176507, 5411.90490042, 4030.94208561, 3, 0.4855395339317, -132.9771298685, -0.3973569545186, 142.9737866103, -1.518624107535, 10.14789523543, -1.414690110202, 9.963279891888, 0, 0, 0.02668231284582, -0, -0, -0, -0, -0, 0.02668242271783, 0.005000959335875, 0, 0, 0, 0, 0, 0.01171669699892, 0.005000959878157, -0.04335812415353, 0.0117166957284, 0.05073080444738, 0.0117166957284, 81.37508571203, 81.39508538648, 81.37466835845, 81.3948944655, 200.8896818539, -0.1982674159229, 0.2047208612974, 0, 1, 49.99978930702, 50, 49.99952225204, -0.001397645486286, 0, 0, 0, 0, 0, 0, 0, 0, 200.8902659071, 197.9414070674, 200.88942674, 197.9405472553, 200.8896818539, 197.9409771173, 200.8902670904, 197.9414070234, 0, 200.8894277918, 197.9405472113, -0.03073574506984, 0, -0.2289829771569, -0.0312784805235, 0.1739615285391, -0.0312784805235, 0.7340817327207, 0.7359974541402, -0.8403772746694, -0.8390023441006, -0.05314088448888, -0.05158304281027, 0.7343778075875, 0.7359168233783, 0, -0.8407236662633, -0.8390829089988, -0, -0, -0, -0, 0.002702442127244, 0.3941312663984, 0.3912524551034, 0.3942923061451, 0, 0.3912191595957, 0.3939702266517
14.5, 0.2109084027138, 0.3456675680374, -0.1920748475551, 0.3461967827471, 0.03723884904673, -0.0008812569238916, -0.002600312854727, 0.01966861977273, 0, 0, -1000, 0, 1000, 7517.56967817, 3571.822763103, 7529.61812803, 3592.223626068, 24.93403641469, 8.267313245282, 25.33949073056, 47.95758786352, -244.7528095449, -2.26327603284, 240.6785657471, -10.19352531569, 5403.336669053, 4058.674816225, 5403.799901201, 3845.93267491, 3, -0.3925638566566, 144.3225368912, 0.4656207850226, -132.4624016485, -1.533863055367, 9.772473564637, -1.399692433469, 10.33111571152, 0, 0, 0.02666871125121, -0, -0, -0, -0, -0, 0.02666914871863, 0.004904961825816, 0, 0, 0, 0, 0, -0.01541671769835, 0.004904962357146, -0.04353734722067, -0.01541671602828, 0.05055689978336, -0.01541671602828, 81.51574043956, 81.53573045309, 81.51531363607, 81.53561673549, 201.2369042007, -0.2052391393518, 0.1977498329272, 0, 1, 49.99978584663, 50, 49.99947498746, -0.001547781427397, 0, 0, 0, 0, 0, 0, 0, 0, 201.2374965146, 198.288602516, 201.2366406456, 198.2877950381, 201.2369042007, 198.2881988314, 201.2374977403, 198.2886025704, 0, 201.2366416501, 198.2877950925, -0.03100762563619, 0, -0.2362265085162, -0.02937465464101, 0.1667187109767, -0.02937465464101, 0.7338949510322, 0.7355983356275, -0.8405640147614, -0.8394015143968, -0.05332746719054, -0.05179554071151, 0.7341922372879, 0.7357043272857, 0, -0.840909233305, -0.8392954087087, -0, -0, -0, -0, 0.002702542545383, 0.3941268707016, 0.3912362681869, 0.3939149761462, 0, 0.3912353060558, 0.394338765257
14.525, 0.1925464425674, -0.3457833207969, -0.2104356973129, -0.3452570088196, -0.04131391339832, 0.0006216803598448, 0.002720991258881, 0.01964285705447, 0, 0, 1000, 0, -1000, 7518.970477774, 3587.718225348, 7528.215718151, 3576.378810799, 25.35623185469, 47.3737623497, 24.86560289669, 7.24986111122, -241.3567599009, 8.440621638232, 244.0784645864, 0.5054300721699, 5395.075704883, 3843.007999417, 5412.131022193, 4060.602965281, 3, 0.4661133430968, -132.5697176557, -0.3917600897073, 144.4725404625, -1.519182485081, 10.19919477016, -1.414418123585, 9.904802532292, 0, 0, 0.02668486527348, -0, -0, -0, -0, -0, 0.02668510106518, 0.005059303093201, 0, 0, 0, 0, 0, 0.01576838578978, 0.005059303641915, -0.04336294881222, 0.01576838407957, 0.05073260908651, 0.01576838407957, 81.6563860244, 81.67645408877, 81.65596795478, 81.67626092474, 201.5841261485, -0.1975860753506, 0.2054029913739, 0, 1, 49.99979104516, 50, 49.9994839229, -0.001468859409485, 0, 0, 0, 0, 0, 0, 0, 0, 201.584710922, 198.6358564636, 201.5838703447, 198.6349854551, 201.5841261485, 198.6354208994, 201.5847121024, 198.6358564036, 0, 201.5838714001, 198.6349853952, -0.0308216829505, 0, -0.2283875700925, -0.03168578551825, 0.1745577179307, -0.03168578551825, 0.7337110569035, 0.7356647952075, -0.8407479147701, -0.8393350235951, -0.05351115886408, -0.05194358219569, 0.7340071649326, 0.7355562675599, 0, -0.8410943182763, -0.8394434319513, -5.551115123126e-17, -5.551115123126e-17, -0, -0, 0.002702495152655, 0.3941278625994, 0.3912527251892, 0.3943445906449, 0, 0.3912187091432, 0.393911134554
14.55, 0.2118558601394, 0.3412250728629, -0.1911152530382, 0.3417412558059, 0.03627891035572, -0.0004627640114519, -0.003876245469986, 0.02231195889453, 0, 0, -1000, 0, 1000, 7517.543906478, 3569.517729807, 7529.644356111, 3594.725884761, 25.76873549701, 6.765727052284, 24.43035668292, 46.38889783668, -244.615391346, 1.548212721165, 240.8280342254, -6.409121638047, 5403.570753448, 4086.749935438, 5403.755055161, 3814.091295119, 3, -0.4416353539335, 144.1858447651, 0.4920377381255, -129.1246445911, -1.534160994797, 9.713910243469, -1.399446445223, 10.39188045696, 0, 0, 0.02672320041223, -0, -0, -0, -0, -0, 0.02672388084906, 0.004903797840581, 0, 0, 0, 0, 0, -0.01975866744837, 0.004903798373958, -0.04352053266462, -0.01975866529915, 0.05057568696075, -0.01975866529915, 81.7970411455, 81.81709758551, 81.79661260984, 81.81698489012, 201.9313478498, -0.2055026806839, 0.1974863274085, 0, 1, 49.99978403215, 50, 49.99939428804, -0.001857880733461, 0, 0, 0, 0, 0, 0, 0, 0, 201.9319423687, 198.9830433767, 201.9310828291, 198.9822421942, 201.9313478498, 198.9826428546, 201.9319435959, 198.9830434458, 0, 201.9310838317, 198.9822422634, -0.03112792277928, 0, -0.23661031354, -0.02914563596285, 0.1663348515144, -0.02914563596285, 0.7335231591572, 0.7351965521688, -0.8409357930654, -0.8398033377083, -0.05369939039603, -0.05216747535613, 0.7338203302356, 0.7353323759297, 0, -0.8412811399793, -0.8396673266419, -0, -0, -0, -0, 0.002702380187393, 0.3941306127887, 0.3912358019707, 0.393859040454, 0, 0.3912353952773, 0.3944021851235
14.575, 0.1913451033003, -0.3399550968684, -0.2116168079943, -0.3394457700807, -0.04029378112234, 0.0001122609493503, 0.004089192164186, 0.0221738343521, 0, 0, 1000, 0, -1000, 7518.90044637, 3590.329946056, 7528.304193121, 3573.764695291, 24.41669782523, 45.76584625488, 25.67496162232, 7.354039799557, -241.6074815096, 4.287314475629, 243.835456159, -4.441797612153, 5394.670358572, 3808.582152608, 5412.593626464, 4092.553713978, 3, 0.4593888565435, -129.0306568522, -0.4263806819673, 143.538119633, -1.51994466581, 10.26339257991, -1.413518653126, 9.840199384287, 0, 0, 0.02673892652289, -0, -0, -0, -0, -0, 0.02673936887429, 0.005184013794251, 0, 0, 0, 0, 0, 0.02057847725346, 0.00518401435877, -0.04329935709705, 0.02057847501247, 0.05079359741587, 0.02057847501247, 81.93768627577, 81.9578229015, 81.937267371, 81.9576275743, 202.2785698247, -0.1971091434896, 0.205879776596, 0, 1, 49.99979368396, 50, 49.99940844158, -0.001954762058764, 0, 0, 0, 0, 0, 0, 0, 0, 202.2791557978, 199.3303067352, 202.2783135526, 199.3294229848, 202.2785698247, 199.3298647806, 202.2791569744, 199.3303066557, 0, 202.2783146116, 199.3294229054, -0.03090810464741, 0, -0.2279970484161, -0.0321493114856, 0.1749480056796, -0.0321493114856, 0.7333397813539, 0.7353373034115, -0.8411192021874, -0.8396625502328, -0.05388205110775, -0.05230418008425, 0.7336354557592, 0.7351956451524, 0, -0.8414660212992, -0.8398040053209, 5.551115123126e-17, -0, -0, 5.551115123126e-17, 0.002702369678606, 0.3941303173415, 0.3912535329802, 0.3944131575238, 0, 0.3912177872522, 0.3938474771591
14.6, 0.2131237282464, 0.337837010126, -0.1898255726079, 0.338343897234, 0.03582804426232, 9.212899759331e-05, -0.004948084927303, 0.02358052354355, 0, 0, -1000, 0, 1000, 7517.494289511, 3566.569538661, 7529.697914476, 3596.847495249, 25.96217545009, 6.954080994012, 24.14656470193, 45.34421250806, -244.3833475176, 7.621764151619, 241.0558000319, -2.496745239257, 5403.706507865, 4121.920041448, 5403.516814257, 3786.336870428, 3, -0.4618028683456, 143.7214653316, 0.468213340169, -127.3101729114, -1.534709071895, 9.643377702546, -1.398912745464, 10.44695797442, 0, 0, 0.02672747740392, -0, -0, -0, -0, -0, 0.026728470033, 0.004913173063652, 0, 0, 0, 0, 0, -0.02431859901678, 0.00491317359822, -0.04344630343801, -0.02431859637064, 0.0506499940155, -0.02431859637064, 82.07834231486, 82.09846479398, 82.07791134401, 82.09835293668, 202.6257922001, -0.2065305043351, 0.1964592672539, 0, 1, 49.99979226437, 50, 49.99935542232, -0.002223478635461, 0, 0, 0, 0, 0, 0, 0, 0, 202.6263891561, 199.6774832797, 202.6255247949, 199.6766888652, 202.6257922001, 199.6770861568, 202.6263903872, 199.677483364, 0, 202.625525792, 199.6766889496, -0.03124940155479, 0, -0.2377596473889, -0.02889942780382, 0.1651862740137, -0.02889942780382, 0.7331503105976, 0.7347915552723, -0.8413086386257, -0.8402083862476, -0.0540726890039, -0.05254113400875, 0.7334469745873, 0.7349586948839, 0, -0.8416544933713, -0.8400409629014, -0, -0, 5.551115123126e-17, 5.551115123126e-17, 0.002702489455479, 0.3941232145873, 0.3912355319283, 0.3937889684312, 0, 0.3912358694123, 0.3944574607435
14.625, 0.1899182638095, -0.3367593212781, -0.213029338604, -0.3362589285039, -0.03986146859332, -0.0004067461325765, 0.005144860420127, 0.02395469494287, 0, 0, 1000, 0, -1000, 7518.82548846, 3592.289882311, 7528.354677135, 3571.105432399, 24.15390209442, 45.10663055797, 25.93164141048, 6.672627184514, -241.7319014311, 0.8371984999429, 243.7037672256, -10.50634149832, 5394.62380002, 3783.427035253, 5412.59050243, 4125.876600353, 3, 0.464539068239, -126.7753058295, -0.4640762648269, 143.5222924168, -1.520758763878, 10.31384593428, -1.413016820422, 9.775637736434, 0, 0, 0.02671368310294, -0, -0, -0, -0, -0, 0.02671436152681, 0.005237828494314, 0, 0, 0, 0, 0, 0.02481618375019, 0.005237829063617, -0.04333370719862, 0.02481618105277, 0.05076542722955, 0.02481618105277, 82.21898648711, 82.23919145704, 82.21856719128, 82.23899410095, 202.9730145226, -0.1961153477967, 0.2068750296385, 0, 1, 49.99979722229, 50, 49.99935620134, -0.002187618669971, 0, 0, 0, 0, 0, 0, 0, 0, 202.9736007951, 200.0247561495, 202.9727575994, 200.0238607285, 202.9730145226, 200.0243083419, 202.9736019679, 200.0247560523, 0, 202.9727586633, 200.0238606315, -0.03099597082853, 0, -0.2270911217212, -0.03257386828495, 0.1758554283413, -0.03257386828495, 0.7329660053618, 0.7350034064859, -0.8414929466384, -0.8399964867134, -0.05425526945114, -0.05266724389432, 0.7332619144192, 0.7348325549731, 0, -0.8418395733926, -0.8401670427618, -5.551115123126e-17, -0, -0, -0, 0.002702575205812, 0.3941221705663, 0.3912536255489, 0.3944632557585, 0, 0.3912177936458, 0.3937810853741
14.65, 0.2144182278731, 0.3306867885533, -0.188521394157, 0.3311730081672, 0.03444478639733, 0.0006681125254123, -0.006379175524082, 0.02703341311467, 0, 0, -1000, 0, 1000, 7517.453632222, 3564.092214433, 7529.707891939, 3599.571937798, 25.86583415136, 5.605027333905, 24.37803331782, 44.87097068316, -244.1906034783, 14.3119150396, 241.24616039, 1.270439203438, 5403.91043473, 4153.698216165, 5403.447290062, 3753.088389513, 3, -0.4937321052102, 142.6533750927, 0.4759329912757, -122.7288785283, -1.535163544256, 9.580077311472, -1.398835912286, 10.51308729944, 0, 0, 0.02672709940684, -0, -0, -0, -0, -0, 0.02672847523809, 0.004909162347546, 0, 0, 0, 0, 0, -0.02903086426599, 0.004909162881662, -0.04337309753411, -0.02903086110711, 0.05073268300746, -0.02903086110711, 82.35964354672, 82.37983201841, 82.35920998252, 82.37972095496, 203.3202365201, -0.2077885472711, 0.1952036450263, 0, 1, 49.99978831832, 50, 49.99926767219, -0.002525020660051, 0, 0, 0, 0, 0, 0, 0, 0, 203.3208360869, 200.3719240187, 203.3199664815, 200.3711365497, 203.3202365201, 200.371530384, 203.320837323, 200.3719241184, 0, 203.3199674719, 200.3711366496, -0.03137560604806, 0, -0.2391439293401, -0.02864675970102, 0.1638044088388, -0.02864675970102, 0.7327759924836, 0.7343840407011, -0.8416829022679, -0.8406159646133, -0.05444753215387, -0.05291626525901, 0.733072156265, 0.7345835352243, 0, -0.8420293217875, -0.8404160657423, -0, -0, -5.551115123126e-17, -0, 0.002702544335355, 0.3941246639446, 0.3912351260784, 0.3937256502243, 0, 0.3912360074071, 0.3945236776649
14.675, 0.1890999014578, -0.3273258390255, -0.2138304081007, -0.326852491611, -0.038281701101, -0.001044862507767, 0.006696040209604, 0.02745522022926, 0, 0, 1000, 0, -1000, 7518.766449465, 3595.17060911, 7528.407814866, 3568.433217592, 23.52289424237, 44.74333200904, 26.4979590739, 4.917604963809, -242.0194631502, -3.318403629815, 243.4224515369, -17.79607945128, 5394.251871166, 3747.010457821, 5413.093187226, 4159.456621054, 3, 0.4623990594247, -121.6734329537, -0.4997305791581, 141.2064462348, -1.521406030634, 10.38365623044, -1.412486833334, 9.708966352898, 0, 0, 0.0267391377942, -0, -0, -0, -0, -0, 0.02674016209122, 0.005345466797331, 0, 0, 0, 0, 0, 0.02988860413544, 0.005345467379441, -0.04328590207928, 0.02988860088039, 0.05081719767609, 0.02988860088039, 82.50028683085, 82.5205603617, 82.49986663271, 82.52036086314, 203.6674585369, -0.1956145365466, 0.2073771797659, 0, 1, 49.99980183994, 50, 49.99928230911, -0.002628655935587, 0, 0, 0, 0, 0, 0, 0, 0, 203.6680458477, 200.7192070794, 203.6672009064, 200.7182982157, 203.6674585369, 200.7187525289, 203.6680470171, 200.7192069607, 0, 203.6672019739, 200.7182980971, -0.03108541830919, 0, -0.226679760736, -0.03306289163368, 0.176268084737, -0.03306289163368, 0.7325917257932, 0.7346754228186, -0.8418672020585, -0.8403245292459, -0.05462917007359, -0.05303015026472, 0.7328873089763, 0.7344696114703, 0, -0.8422141814059, -0.8405299119998, -0, -0, -0, 5.551115123126e-17, 0.002702503677412, 0.3941249791646, 0.3912543666896, 0.3945357820602, 0, 0.3912167919687, 0.3937141762691
14.7, 0.2143866900672, 0.3211625812043, -0.1885219561094, 0.3216218792329, 0.03300632972766, 0.001259592493974, -0.007762257777249, 0.03011435791495, 0, 0, -1000, 0, 1000, 7517.44227954, 3561.179390172, 7529.72803586, 3601.640667221, 27.93203206985, 3.68570963218, 21.9391273969, 44.46790222231, -243.8454713833, 20.91733923269, 241.5952248692, 5.117356683142, 5404.193601804, 4188.257268926, 5403.13320208, 3725.907390007, 3, -0.554294804101, 139.9681852351, 0.4786381538715, -117.9925872089, -1.535310334133, 9.511329545255, -1.398651354941, 10.56655854944, 0, 0, 0.02673216995415, -0, -0, -0, -0, -0, 0.02673396582271, 0.004881018063992, 0, 0, 0, 0, 0, -0.03350495995007, 0.004881018595248, -0.04345786228292, -0.03350495630286, 0.05064720851088, -0.03350495630286, 82.64094387959, 82.66119952273, 82.64050961478, 82.66108907769, 204.0146808772, -0.2066866235767, 0.1963050418716, 0, 1, 49.99980484347, 50, 49.99921776868, -0.002994178134615, 0, 0, 0, 0, 0, 0, 0, 0, 204.015281402, 201.0663642798, 204.0144099526, 201.0655832377, 204.0146808772, 201.065973873, 204.0152826355, 201.066364394, 0, 204.0144109472, 201.0655833521, -0.03149958601828, 0, -0.2381659422514, -0.02841296002405, 0.16478186121, -0.02841296002405, 0.7323991249951, 0.7339770927118, -0.8420597721393, -0.8410229829209, -0.05482404064733, -0.05329247642327, 0.7326958671673, 0.7342072921011, 0, -0.8424056085472, -0.8407922449477, -0, 5.551115123126e-17, -5.551115123126e-17, -0, 0.002702556260068, 0.3941172984918, 0.3912345615621, 0.393656790723, 0, 0.3912366335965, 0.3945778062605
14.725, 0.1889851272415, -0.3179926674006, -0.2139198702196, -0.3175455475365, -0.03683265221792, -0.001566308017394, 0.008078678698791, 0.03112317169004, 0, 0, 1000, 0, -1000, 7518.731882036, 3596.974576263, 7528.436312289, 3565.748280417, 21.16124328857, 44.63043063203, 28.59768365185, 3.123611321916, -242.2359571094, -6.845324193927, 243.1988796835, -23.65734982716, 5394.269111973, 3723.693085684, 5413.034333596, 4192.21742106, 3, 0.5000106167038, -116.4451057239, -0.5901558687842, 139.0240628825, -1.52179647561, 10.43095483142, -1.41221436319, 9.644976237279, 0, 0, 0.02671626832882, -0, -0, -0, -0, -0, 0.02671762382241, 0.005360923372831, 0, 0, 0, 0, 0, 0.03395240219142, 0.005360923955627, -0.04321843150125, 0.03395239850002, 0.05088717417081, 0.03395239850002, 82.78158797443, 82.80192896029, 82.78116557373, 82.80172756519, 204.3619032422, -0.1967358884369, 0.2062556295223, 0, 1, 49.99981216324, 50, 49.99921250374, -0.003013474948513, 0, 0, 0, 0, 0, 0, 0, 0, 204.3624924571, 201.4136564099, 204.3616434032, 201.4127360556, 204.3619032422, 201.4131960963, 204.362493631, 201.4136562732, 0, 204.3616444647, 201.4127359193, -0.03117765647429, 0, -0.2278933995092, -0.03348089227232, 0.1750542838007, -0.03348089227232, 0.7322157101862, 0.7343373917094, -0.8422432026592, -0.8406626159179, -0.0550055325987, -0.05339615753933, 0.7325108325874, 0.7341035697418, 0, -0.842590659932, -0.8408958848205, -0, -5.551115123126e-17, 5.551115123126e-17, -5.551115123126e-17, 0.002702604033107, 0.394115557788, 0.3912543326932, 0.3945822154106, 0, 0.3912169087829, 0.3936489001654
14.75, 0.2144061697332, 0.3022200375393, -0.1884496002143, 0.3026266858892, 0.02928755065271, 0.001753023727383, -0.009874536150637, 0.0383967351001, 0, 0, -1000, 0, 1000, 7517.505950779, 3558.857075107, 7529.666852329, 3603.443302099, 29.49966883445, 2.392721980831, 19.77843733112, 42.87739218545, -243.5878539033, 26.31848953664, 241.8616174262, 8.490611442872, 5404.422273443, 4216.755878861, 5403.014026578, 3701.971252156, 3, -0.7860754529677, 135.4301903512, 0.6073774387637, -106.685603249, -1.534669841935, 9.454553892842, -1.399319722971, 10.61235225478, 0, 0, 0.02675209918225, -0, -0, -0, -0, -0, 0.02675429307523, 0.004812403630163, 0, 0, 0, 0, 0, -0.03730473093804, 0.004812404154732, -0.04359260360929, -0.03730472687103, 0.05051335828631, -0.03730472687103, 82.92224403699, 82.9425669027, 82.92180940184, 82.94245704807, 204.7091250593, -0.2051813941511, 0.1978098045588, 0, 1, 49.99981475978, 50, 49.99905260573, -0.00379361260026, 0, 0, 0, 0, 0, 0, 0, 0, 204.709726352, 201.7608055012, 204.70885364, 201.7600293543, 204.7091250593, 201.7604175542, 204.7097275822, 201.7608056275, 0, 204.7088546403, 201.7600294809, -0.03162179453072, 0, -0.2367828434464, -0.02823487873962, 0.166164460342, -0.02823487873962, 0.7320204828039, 0.7335742985917, -0.8424384089414, -0.8414258440049, -0.05520223440537, -0.05366916971654, 0.7323181447097, 0.7338305677459, 0, -0.8427833315598, -0.841168907179, -5.551115123126e-17, -0, -0, -0, 0.002702461175241, 0.3941127380468, 0.3912341053421, 0.3936000044635, 0, 0.3912368718047, 0.39462547163
14.775, 0.1891342819971, -0.2929090894406, -0.2137067771165, -0.292529904745, -0.03186776723289, -0.002115552780458, 0.01064191536442, 0.04159150188516, 0, 0, 1000, 0, -1000, 7518.723797519, 3599.019155417, 7528.468624476, 3563.329691933, 19.74914393611, 42.68471333848, 29.28782718471, 1.943373268508, -242.5272823667, -10.73055049149, 242.9311219664, -29.55590967485, 5394.031559782, 3696.278643093, 5413.430920672, 4220.747956068, 3, 0.6738590527511, -101.9983764355, -0.8932394867318, 132.5013681975, -1.52190859665, 10.48185759786, -1.41190170249, 9.586017988812, 0, 0, 0.02677759726177, -0, -0, -0, -0, -0, 0.02677932670005, 0.005418666284725, 0, 0, 0, 0, 0, 0.03800654776742, 0.005418666876505, -0.04309676908194, 0.03800654361613, 0.05100587796559, 0.03800654361613, 83.06288906567, 83.08329770878, 83.06246425849, 83.0830943789, 205.0563469322, -0.1980468992631, 0.2049442260092, 0, 1, 49.99982392903, 50, 49.99900856911, -0.004127766554096, 0, 0, 0, 0, 0, 0, 0, 0, 205.0569387932, 202.1081057331, 205.0560852787, 202.1071739133, 205.0563469322, 202.1076396685, 205.056939971, 202.1081055782, 0, 205.0560863342, 202.1071737588, -0.03127309627739, 0, -0.2292998607537, -0.03389798772409, 0.1736473305976, -0.03389798772409, 0.7318390739479, 0.7339984364852, -0.8426198494769, -0.8410016343829, -0.05538258275597, -0.05376303053984, 0.7321333658895, 0.7337366583792, 0, -0.8429681165809, -0.8412627194589, -0, -0, -0, -0, 0.002702345551668, 0.3941144286305, 0.3912548065304, 0.3946368083094, 0, 0.3912161180484, 0.3935920489517
14.8, 0.2138923317272, 0.2853600964707, -0.1889349178654, 0.2857231233962, 0.02647076921644, 0.002397028281883, -0.01178424624074, 0.04412886575153, 0, 0, -1000, 0, 1000, 7517.550435446, 3556.086683955, 7529.643908731, 3605.769991471, 28.55214234224, 0.6576549567431, 20.62542550797, 43.59237754986, -243.3540631741, 33.17836061213, 242.1096410453, 13.26306775016, 5404.797553425, 4249.807090113, 5402.661084715, 3671.584893006, 3, -0.8838738130342, 130.2143506837, 0.6421452435459, -98.29252609436, -1.53423026523, 9.38842953716, -1.399586756422, 10.67040330845, 0, 0, 0.02678064426858, -0, -0, -0, -0, -0, 0.02678337281096, 0.004732412963606, 0, 0, 0, 0, 0, -0.04190183928209, 0.004732413480557, -0.04362174365648, -0.04190183470395, 0.05048336851868, -0.04190183470395, 83.20354488516, 83.22393462928, 83.20310838085, 83.22382491386, 205.4035691382, -0.2057147209101, 0.1972783027815, 0, 1, 49.99982351959, 50, 49.99896617694, -0.004386560768824, 0, 0, 0, 0, 0, 0, 0, 0, 205.4041726633, 202.4552456282, 205.4032958473, 202.4544760645, 205.4035691382, 202.4548609872, 205.4041738977, 202.4552457688, 0, 205.4032968431, 202.4544762055, -0.03174585865963, 0, -0.2374401993002, -0.02799539215908, 0.1655088830092, -0.02799539215908, 0.7316412430068, 0.7331635907886, -0.8428176448163, -0.8418366423861, -0.05558179519654, -0.0540483032493, 0.7319391033053, 0.7334513921545, 0, -0.8431623632852, -0.8415479986531, -0, -0, -0, 5.551115123126e-17, 0.00270235268473, 0.3941100619553, 0.3912333576212, 0.3935341435863, 0, 0.3912375750563, 0.3946859803243
14.825, 0.1896113192889, -0.2829646028038, -0.2132216436831, -0.2826100052326, -0.0305532902445, -0.002752586257026, 0.01200429305786, 0.04424419575771, 0, 0, 1000, 0, -1000, 7518.779166726, 3601.290709403, 7528.411441076, 3560.498660388, 21.08413581755, 44.87493250705, 28.22119749891, -0.05267619143056, -242.6858371932, -15.63027809077, 242.7687733129, -36.31645978924, 5393.991676024, 3668.072364389, 5413.405966678, 4255.001379291, 3, 0.6421692668025, -97.76076529726, -0.8807210526971, 129.1374044269, -1.521354570988, 10.53950332224, -1.412528021764, 9.518175846434, 0, 0, 0.0267572254228, -0, -0, -0, -0, -0, 0.02675943193039, 0.005380048629918, 0, 0, 0, 0, 0, 0.04253279316775, 0.005380049216587, -0.04319979181391, 0.04253278852899, 0.05090712888853, 0.04253278852899, 83.34418931521, 83.36466607088, 83.34376400606, 83.36446139642, 205.7507916047, -0.1968900609112, 0.2061040158985, 0, 1, 49.99982751247, 50, 49.9989854008, -0.004302667643264, 0, 0, 0, 0, 0, 0, 0, 0, 205.7513837439, 202.8025554877, 205.750529361, 202.8016111662, 205.7507916047, 202.8020831515, 205.751384919, 202.802555312, 0, 205.7505304209, 202.8016109911, -0.03136058027975, 0, -0.2282304736213, -0.03435277487907, 0.1747197007782, -0.03435277487907, 0.7314593010655, 0.7336616441103, -0.8429995939296, -0.8413385067602, -0.05576191037522, -0.0541309926401, 0.731754296593, 0.7333686488319, 0, -0.8433471868015, -0.8416306341121, -0, -0, -0, -5.551115123126e-17, 0.002702446151806, 0.3941083836976, 0.3912548854503, 0.3946929741888, 0, 0.3912161683572, 0.3935237932064
14.85, 0.2135252891024, 0.2762208090421, -0.1893014807126, 0.2765615365469, 0.02524179118, 0.002990009874184, -0.01309227108487, 0.04687316999398, 0, 0, -1000, 0, 1000, 7517.594398294, 3553.541665832, 7529.586539467, 3607.896217816, 27.53641734906, -1.239314062856, 21.92768566709, 45.7343729574, -243.231644727, 39.42278435472, 242.2289371775, 17.9296010872, 5404.863081102, 4281.654969658, 5402.625229013, 3644.760056252, 3, -0.8657784147744, 127.2782617261, 0.6136271826733, -94.14883223628, -1.533795513539, 9.326247732281, -1.400215064754, 10.72375316833, 0, 0, 0.02676749588048, -0, -0, -0, -0, -0, 0.02677077213759, 0.004683285849163, 0, 0, 0, 0, 0, -0.04615365410974, 0.004683286360246, -0.04359159617868, -0.0461536490718, 0.05052064842581, -0.0461536490718, 83.48484603119, 83.50530221321, 83.48440723347, 83.50519257043, 206.0980137297, -0.2068206877926, 0.1961754623792, 0, 1, 49.99982453944, 50, 49.99894209965, -0.004427268580176, 0, 0, 0, 0, 0, 0, 0, 0, 206.0986195937, 203.1496861795, 206.0977378895, 203.1489225089, 206.0980137297, 203.1493044981, 206.0986208336, 203.1496863332, 0, 206.0977388786, 203.148922663, -0.0318696833369, 0, -0.2386700151398, -0.02778101220941, 0.1642822117553, -0.02778101220941, 0.7312614432837, 0.7327547326392, -0.8431973989225, -0.8422455932162, -0.05596209883862, -0.05442796559038, 0.7315590976018, 0.7330716863415, 0, -0.843542372036, -0.8419276175222, -0, -5.551115123126e-17, -0, -5.551115123126e-17, 0.002702419779642, 0.3941050364526, 0.3912332272447, 0.393470679175, 0, 0.3912376462576, 0.3947393937303
14.875, 0.1900017484673, -0.2747782737162, -0.212833524054, -0.2744432609995, -0.02939680625539, -0.003317867641471, 0.01071169795493, 0.03226985370856, 0, 0, 771.4261151645, 0, -1000, 7518.819231997, 3603.374840198, 7528.37601214, 3558.171887187, 22.28241127723, 46.96604625514, 27.2773592108, -1.816615599791, -242.8534532601, -20.07382428958, 242.6073501068, -42.17590870329, 5393.960425756, 3641.276521937, 5413.600461939, 4282.720831127, 3, 0.6048297704325, -94.1301340441, -0.8412381414889, 126.5052119032, -1.520960429992, 10.59077102934, -1.412926162174, 9.460580614594, 0, 0, 0.02680351562309, -0, -0, -0, -0, -0, 0.02680618411256, 0.005370493016612, 0, 0, 0, 0, 0, 0.04648333354622, 0.005370493604267, -0.0432710316144, 0.04648332845887, 0.05083920641023, 0.04648332845887, 83.62548950933, 83.64603439337, 83.62506361372, 83.64582832823, 206.4452355015, -0.1958540281599, 0.2071424487707, 0, 1, 49.99982826016, 50, 49.99896992079, -0.00425413313565, 0, 0, 0, 0, 0, 0, 0, 0, 206.4458284689, 203.4970044911, 206.4449730261, 203.4960489712, 206.4452355015, 203.4965265371, 206.4458296411, 203.4970042968, 0, 206.4449740904, 203.4960487775, -0.03144925709514, 0, -0.2272830494995, -0.03476015418826, 0.1756694477054, -0.03476015418826, 0.731078731293, 0.7333190461436, -0.8433801395576, -0.8416811823316, -0.05614205795461, -0.05450080240095, 0.7313742133574, 0.7329987935146, 0, -0.8437272682949, -0.8420003983165, -0, -0, 5.551115123126e-17, -0, 0.002702285644084, 0.3941074426593, 0.3912549473347, 0.3947463312032, 0, 0.3912157813284, 0.3934685541154
14.9, 0.2127011323316, 0.2441261972947, -0.1900438868364, 0.2443921491963, 0.01905297754214, 0.003482123933625, -0.01274000979841, 0.04138334641357, 0, 0, -1000, 0, 704.3513197191, 7517.746204883, 3551.500853509, 7529.484685984, 3608.94218045, 26.10796606961, -1.748914968727, 22.37237692265, 42.93291589826, -243.0518207782, 44.11864995678, 242.4589739596, 22.0777762275, 5405.304580774, 4303.708305459, 5402.283207671, 3627.22163273, 3, -1.270413410952, 118.0317168285, 0.8537375260686, -76.42908973627, -1.532228186715, 9.279371027951, -1.401309805357, 10.75159203631, 0, 0, 0.02687125834448, -0, -0, -0, -0, -0, 0.0268749243144, 0.004532119434809, 0, 0, 0, 0, 0, -0.04902273578676, 0.004532119933237, -0.04375051495348, -0.04902273039393, 0.05035328054353, -0.04902273039393, 83.76614622863, 83.78667003631, 83.76570675355, 83.78656040871, 206.7924570234, -0.2059331509798, 0.1970627044435, 0, 1, 49.99984309038, 50, 49.99872440171, -0.005708087691719, 0, 0, 0, 0, 0, 0, 0, 0, 206.7930644588, 203.8441273365, 206.7921810094, 203.8433667311, 206.7924570234, 203.8437471966, 206.7930656992, 203.844127499, 0, 206.7921819999, 203.8433668942, -0.03197704329693, 0, -0.2378896853577, -0.02766950076299, 0.1650620807255, -0.02766950076299, 0.7308787286559, 0.7323551373457, -0.8435801530692, -0.8426452554985, -0.05634471587467, -0.05480786345185, 0.7311774674562, 0.732691756469, 0, -0.8439239839204, -0.8423074833727, -5.551115123126e-17, -5.551115123126e-17, -0, -0, 0.002702084695052, 0.3941005231386, 0.3912323469364, 0.3934267318785, 0, 0.3912383285808, 0.3947743143986
14.925, 0.1909764618073, -0.227357929909, -0.2117216369097, -0.2271291943718, -0.01989999578267, -0.003813985909523, 0.01429458435609, 0.04996586406742, 0, 0, 735.186580946, 0, -1000, 7518.821056338, 3603.930313813, 7528.422120234, 3555.935926797, 22.43995999577, 41.29983923687, 25.46872376431, -1.756067180261, -243.0808515177, -24.58253612049, 242.4408097798, -46.60081741534, 5393.712056955, 3629.91026224, 5413.773591319, 4305.914481089, 3, 1.012691982484, -67.42963950557, -1.522868235233, 113.1299508641, -1.520966002538, 10.60941920217, -1.412468373408, 9.411538737731, 0, 0, 0.02687253315382, -0, -0, -0, -0, -0, 0.02687551385098, 0.005412582038219, 0, 0, 0, 0, 0, 0.04898777397844, 0.005412582633533, -0.04312730402294, 0.04898776858922, 0.05097366253914, 0.04898776858922, 83.90679087723, 83.92740281627, 83.90636214814, 83.92719569765, 207.1396792643, -0.1977502292962, 0.2052455142402, 0, 1, 49.99985488338, 50, 49.99861611482, -0.006430503459498, 0, 0, 0, 0, 0, 0, 0, 0, 207.1402753511, 204.191450956, 207.1394146064, 204.1904872842, 207.1396792643, 204.1909689139, 207.1402765295, 204.1914507495, 0, 207.1394156614, 204.1904870784, -0.03154757927235, 0, -0.2292775882028, -0.03505670301451, 0.1736740666179, -0.03505670301451, 0.7306986711873, 0.7329637859859, -0.843760243748, -0.84203649488, -0.05652277473848, -0.05487330539986, 0.7309931721202, 0.7326262593538, 0, -0.8441082902781, -0.8423728701535, -5.551115123126e-17, -0, -0, -0, 0.002702134700421, 0.3940956480421, 0.3912554428331, 0.394768958771, 0, 0.3912154356336, 0.3934223373133
14.95, 0.2117063929629, 0.1949743627728, -0.190894680679, 0.1951432792321, 0.009069233275403, 0.003939335552556, -0.01705806424334, 0.06367998173911, 0, 0, -1000, 0, 714.5927383355, 7517.86210571, 3549.3170028, 7529.387831071, 3609.146319414, 24.27328433462, -1.51582390869, 22.50552120696, 36.2271997159, -242.9995591085, 48.00626073149, 242.5646208015, 26.6276828757, 5405.217210887, 4327.643598631, 5402.269597745, 3620.395569989, 3, -2.028402863688, 104.5903343377, 1.322533621319, -47.99461832843, -1.531036436923, 9.231255570887, -1.40235211383, 10.7628310436, 0, 0, 0.02689762384338, -0, -0, -0, -0, -0, 0.02690161103167, 0.004462078407157, 0, 0, 0, 0, 0, -0.05125190763128, 0.004462078898845, -0.04391383736804, -0.05125190198202, 0.05018657879081, -0.05125190198202, 84.04744615133, 84.06803780844, 84.04700692411, 84.06792810413, 207.4869013298, -0.203830784644, 0.199164988125, 0, 1, 49.99986756213, 50, 49.99833272092, -0.007965368701324, 0, 0, 0, 0, 0, 0, 0, 0, 207.4875089621, 204.5385686484, 207.4866254722, 204.537809919, 207.4869013298, 204.5381894535, 207.4875101966, 204.5385688179, 0, 207.4866264714, 204.5378100891, -0.03208260399463, 0, -0.235892783023, -0.02760125506573, 0.1670588589734, -0.02760125506573, 0.7304952795588, 0.7319599382094, -0.8439636201347, -0.8430405091613, -0.05672751984187, -0.05518777207053, 0.7307951337394, 0.7323118214919, 0, -0.844306312674, -0.842687365633, -0, -0, -0, -0, 0.00270211060753, 0.3940834686619, 0.3912325201268, 0.3933790386363, 0, 0.391238356691, 0.3947878986875
14.975, 0.1918020620332, -0.1802891834796, -0.2107643087163, -0.1801461450777, -0.01027270306793, -0.004258284705674, 0.01841797529204, 0.07142216494157, 0, 0, 744.7074610384, 0, -1000, 7518.730481937, 3604.22342563, 7528.524082106, 3554.059291609, 22.58117533787, 34.38104730871, 23.70335544946, -1.430601187058, -243.2581333864, -29.04147304324, 242.3222350868, -50.19895971515, 5393.584448067, 3622.27442733, 5413.951651503, 4326.677438423, 3, 1.444811296573, -40.02913091673, -2.219496539246, 100.4962782703, -1.521940489322, 10.62111582017, -1.411424616297, 9.369134235529, 0, 0, 0.02691820223848, -0, -0, -0, -0, -0, 0.02692144842997, 0.005502517707275, 0, 0, 0, 0, 0, 0.05104573880855, 0.00550251831454, -0.04294829764769, 0.05104573317372, 0.05115189626158, 0.05104573317372, 84.18809235575, 84.20877113374, 84.18766070479, 84.20856285109, 207.8341233177, -0.1997658028342, 0.2032299690952, 0, 1, 49.9998772338, 50, 49.99824060103, -0.00845055044681, 0, 0, 0, 0, 0, 0, 0, 0, 207.8347224478, 204.8858970175, 207.8338562362, 204.8849262669, 207.8341233177, 204.8854114258, 207.8347236323, 204.8858968007, 0, 207.8338572819, 204.8849260509, -0.03164663699251, 0, -0.231392269126, -0.03531421530078, 0.1715593393925, -0.03531421530078, 0.7303178393159, 0.7326037446154, -0.8441410753724, -0.8423965812877, -0.05690421364259, -0.05524751286569, 0.7306111180256, 0.7322520250223, 0, -0.8444903385984, -0.8427470507537, -5.551115123126e-17, -0, -5.551115123126e-17, -0, 0.002702049946785, 0.3940825608673, 0.3912556979522, 0.3947841572134, 0, 0.3912150798476, 0.3933809645211
15, 0.2109143930721, 0.1666453073082, -0.1916176486647, 0.1667684563837, 0.003619744619917, 0.004328233274186, -0.01714659131262, 0.06161217000581, 0, 0, -1000, 0, 503.1449526413, 7517.93214228, 3547.671564524, 7529.354221871, 3609.527204423, 23.19864246514, -1.699953697012, 22.56133463653, 32.30690884694, -242.8954385729, 51.33506466542, 242.717658322, 30.35542761009, 5405.392379799, 4344.032421468, 5402.271256234, 3611.173649708, 3, -2.405611547085, 96.33678451738, 1.562784625099, -32.41331951193, -1.530325734204, 9.194069413128, -1.402730522572, 10.77531878152, 0, 0, 0.02700528161535, -0, -0, -0, -0, -0, 0.02700954718706, 0.004413129097559, 0, 0, 0, 0, 0, -0.05310783183625, 0.004413129587754, -0.044009923388, -0.05310782593535, 0.05008457204076, -0.05310782593535, 84.32874628493, 84.34940564342, 84.32830658797, 84.34929584899, 208.1813446336, -0.202670424468, 0.2003245921556, 0, 1, 49.99988970346, 50, 49.99816167865, -0.008887204568827, 0, 0, 0, 0, 0, 0, 0, 0, 208.1819536306, 205.2330106211, 208.1810688701, 205.2322530382, 208.1813446336, 205.2326320053, 208.1819548623, 205.2330107964, 0, 208.1810698735, 205.2322532142, -0.03218642998544, 0, -0.2348361212789, -0.02755954567222, 0.1681145910105, -0.02755954567222, 0.7301110570603, 0.7315664656013, -0.844347870458, -0.8434340287834, -0.05711141443769, -0.05556850965845, 0.7304115670938, 0.7319310609489, 0, -0.8446898664363, -0.8430680802658, -0, -5.551115123126e-17, -0, -0, 0.002701768666382, 0.3940763186904, 0.3912321706814, 0.3933463799883, 0, 0.3912383539967, 0.3948062573926
